date,open,high,low,close,volume,quality_status,sma_5,sma_10,sma_20,sma_50,sma_100,sma_200,ema_9,ema_20,ema_50,ema_200,return_1d,return_5d,return_20d,return_60d,return_120d,return_252d,volatility_20d,volatility_60d,rsi_14,stoch_rsi,macd,macd_signal,macd_histogram,roc_12,momentum_10,atr_14,bollinger_upper,bollinger_lower,bollinger_bandwidth,volume_sma_20,relative_volume,volume_change,obv,dist_sma_20_pct,dist_sma_50_pct,dist_sma_200_pct,dist_52w_high_pct,dist_52w_low_pct,gap_pct,intraday_range_pct,golden_cross,death_cross,new_52w_high,new_52w_low
2024-09-23,25872.55078125,25956.0,25847.349609375,25939.05078125,209200,valid,25939.05078125,25939.05078125,25939.05078125,25939.05078125,25939.05078125,25939.05078125,25939.05078125,25939.05078125,25939.05078125,25939.05078125,,,,,,,,,0.0,0.5,0.0,0.0,0.0,,,108.650390625,,,,209200.0,1.0,,0,0.0,0.0,0.0,0.0,0.0,,0.004199446414991274,False,False,True,True
2024-09-24,25921.44921875,26011.55078125,25886.849609375,25940.400390625,384100,valid,25939.7255859375,25939.7255859375,25939.7255859375,25939.7255859375,25939.7255859375,25939.7255859375,25939.320703125002,25939.17931547619,25939.103707107846,25939.064210199005,5.2030021699067674e-05,,,,,,,,99.99999985180898,1.0,0.10766114672151161,0.021532229344302323,0.08612891737720929,,,116.67578125,25941.63422181953,25937.81695005547,0.0001471592963239434,296650.0,1.294791842238328,0.8360420650095601,384100,2.6014334086318423e-05,2.6014334086318423e-05,2.6014334086318423e-05,0.0,5.203002169900384e-05,-0.0006785738864709444,0.004810733027411089,False,False,True,False
2024-09-25,25899.44921875,26032.80078125,25871.349609375,26004.150390625,278500,valid,25961.200520833332,25961.200520833332,25961.200520833332,25961.200520833332,25961.200520833332,25961.200520833332,25952.286640625003,25945.367036918935,25941.654557441856,25939.711833884838,0.0024575565157058943,,,,,,0.02700196792614319,0.02700196792614319,99.99999999539168,1.0,5.276254225816956,1.0724766286388332,4.203777597178123,,,131.60091145833334,26035.604118802978,25886.796922863687,0.005731907344572769,290600.0,0.9583620096352374,-0.27492840406144237,662600,0.0016543868900516171,0.0016543868900516171,0.0016543868900516171,0.0,0.0025097144041237294,-0.00157866383164232,0.006233768545090018,False,False,True,False
2024-09-26,26005.400390625,26250.900390625,25998.400390625,26216.05078125,370900,valid,26024.9130859375,26024.9130859375,26024.9130859375,26024.9130859375,26024.9130859375,26024.9130859375,26005.039468750005,25971.14644114094,25952.41519366963,25942.461475152155,0.008148714241454025,,,,,,0.06600567726900387,0.06600567726900387,99.99999999855595,1.0,26.169328349315037,6.091846972774074,20.077481376540963,,,161.82568359375,26286.904025020634,25762.922146854366,0.020133856986803974,310675.0,1.1938520962420536,0.33177737881508085,1033500,0.007344412435935504,0.007344412435935504,0.007344412435935504,0.0,0.01067887959108469,4.806924976293974e-05,0.00970952172268906,False,False,True,False
2024-09-27,26248.25,26277.349609375,26151.400390625,26178.94921875,490300,valid,26055.7203125,26055.7203125,26055.7203125,26055.7203125,26055.7203125,26055.7203125,26039.821418750005,25990.937181865615,25961.298880927687,25944.81458702875,-0.0014152231703233875,,,,,,0.06677872366226162,0.06677872366226162,88.1880363138913,0.8818803631516479,39.28065119992607,12.729607818204475,26.551043381721595,,,154.650390625,26321.16549194523,25790.275133054773,0.020375194104143332,346600.0,1.4145989613387189,0.3219196548935024,543200,0.004729437711644478,0.004729437711644478,0.004729437711644478,-0.0014152231703234049,0.009248543422930888,0.0012282253730233551,0.00479838536854838,False,False,False,False
2024-09-30,26061.30078125,26134.69921875,25794.099609375,25810.849609375,343100,valid,26030.080078125,26014.908528645832,26014.908528645832,26014.908528645832,26014.908528645832,26014.908528645832,25994.027056875006,25973.785984485556,25955.398909494248,25943.48160217648,-0.014060900852023384,-0.004942400281187975,,,,,0.12982041607843425,0.12982041607843425,40.60385871790247,0.4060385871848881,19.741340990862227,14.131954452736027,5.6093865381262,,,193.01692708333334,26325.3007892858,25704.516268005864,0.023862644782947105,346016.6666666667,0.9915707335870141,-0.3002243524372833,200100,-0.007843922228138393,-0.007843922228138393,-0.007843922228138393,-0.015456224709665432,0.0,-0.004494009156629454,0.013069171498148971,False,False,False,True
2024-10-01,25788.44921875,25907.599609375,25739.19921875,25796.900390625,247400,valid,26001.380078125,25983.764508928572,25983.764508928572,25983.764508928572,25983.764508928572,25983.764508928572,25954.601723625005,25956.939737451215,25949.183281303296,25942.023082658554,-0.0005404401234794243,-0.005531911529471301,,,,,0.1161472848925172,0.1161472848925172,39.790252757211114,0.39790252757785705,3.0950338784496125,11.924570337878745,-8.829536459429132,,,189.50027901785714,26311.552136136346,25655.9768817208,0.025230187650071952,331928.5714285714,0.7453410802668389,-0.27892742640629553,-47300,-0.007191572192680625,-0.007191572192680625,-0.007191572192680625,-0.015988311669154258,0.0,-0.0008678672327339332,0.006530070466686348,False,False,False,True
2024-10-03,25452.849609375,25639.44921875,25230.30078125,25250.099609375,423400,valid,25850.569921875,25892.056396484375,25892.056396484375,25892.056396484375,25892.056396484375,25892.056396484375,25813.701300775007,25889.621630015383,25921.768235345327,25935.138271979118,-0.021196375260987388,-0.028997324270276903,,,,,0.16149902790640472,0.16149902790640472,22.285670287606195,0.2228567028792801,-53.60165121108366,-1.1806739719137358,-52.42097723916993,,,236.6376953125,26493.07850425845,25291.0342887103,0.04642521231768073,343362.5,1.2330991299282827,0.7113985448666127,-470700,-0.024793580597813773,-0.024793580597813773,-0.024793580597813773,-0.036845792676212644,0.0,-0.013336903893113976,0.01607475955656058,False,False,False,True
2024-10-04,25181.900390625,25485.05078125,24966.80078125,25014.599609375,374900,valid,25610.2796875,25794.561197916668,25794.561197916668,25794.561197916668,25794.561197916668,25794.561197916668,25653.880962495008,25806.286199478203,25886.192995111196,25925.978683296493,-0.009326695880144675,-0.045828839053603354,,,,,0.15271002041907453,0.15271002041907453,18.73582335821773,0.18735823358488285,-116.19761074036433,-24.184061325603853,-92.01354941476048,,,267.9279513888889,26605.896777103415,24983.22561872992,0.06290749223927683,346866.6666666667,1.0808187584086104,-0.11454888993859236,-845600,-0.030237443566384938,-0.030237443566384938,-0.030237443566384938,-0.0458288390536034,0.0,-0.002700948503374561,0.020580257723239185,False,False,False,True
2024-10-07,25084.099609375,25143.0,24694.349609375,24795.75,374300,valid,25333.63984375,25694.680078125,25694.680078125,25694.680078125,25694.680078125,25694.680078125,25482.25476999601,25710.044656670754,25843.430524714677,25914.73262674628,-0.008748875168602677,-0.052836315437722714,,,,,0.14461785641679367,0.14461785641679367,16.32003019500172,0.1632003019523739,-181.37392837595326,-55.622034735673736,-125.75189364027952,,,286.0001953125,26686.735693117076,24702.62446313292,0.07721875594292048,349610.0,1.0706215497268385,-0.001600426780474784,-1219900,-0.034985065989994436,-0.034985065989994436,-0.034985065989994436,-0.05417676343020415,0.0,0.002778377470969102,0.0178858479120901,False,False,False,True
2024-10-08,24832.19921875,25044.0,24756.80078125,25013.150390625,333200,valid,25174.1,25602.0900390625,25632.72283380682,25632.72283380682,25632.72283380682,25632.72283380682,25388.43389412181,25643.673774190203,25810.870519456257,25905.761659222688,0.00876764730346924,-0.030905577724968047,,,,,0.15276994189207235,0.15276994189207235,25.821282082407194,0.25821282082780067,-213.02857424143076,-87.10334263682515,-125.92523160460561,,-925.900390625,286.1091974431818,26659.689101192318,24605.75656642132,0.08012931548817276,348118.1818181818,0.9571462147128718,-0.10980496927598182,-886700,-0.024171152132331022,-0.024171152132331022,-0.024171152132331022,-0.045884118880534334,0.008767647303469345,0.001469978474133672,0.01156559740118165,False,False,False,False
2024-10-09,25065.80078125,25234.05078125,24947.69921875,24981.94921875,290600,valid,25011.109765625,25506.244921875,25578.49169921875,25578.49169921875,25578.49169921875,25578.49169921875,25307.136959047446,25580.652387957805,25778.363801781503,25896.569495635897,-0.0012473907279866303,-0.031591050069378346,,,,,0.14536199312372905,0.14536199312372905,25.40725603280933,0.25407256033176223,-237.8905290235998,-117.26077991418009,-120.62974910941972,,-958.451171875,286.12939453125,26627.27686526371,24529.70653317379,0.08200523927507367,343325.0,0.8464283113667808,-0.1278511404561825,-1177300,-0.023322035070854875,-0.023322035070854875,-0.023322035070854875,-0.04707427418406752,0.007509319893530141,0.0021049084102869953,0.011423994190291335,False,False,False,False
2024-10-10,25067.05078125,25134.05078125,24979.400390625,24998.44921875,261400,valid,24960.7796875,25405.6748046875,25533.873046875,25533.873046875,25533.873046875,25533.873046875,25245.399410987957,25525.204467080872,25747.778916172425,25887.632975467877,0.0006604768849507447,-0.00996631278759652,,,,,0.13982469303449732,0.13982469303449732,26.03443642697188,0.2603443642734783,-253.34202602930236,-144.47702913720454,-108.86499689209782,-3.6261988552792834,-1005.701171875,276.015625,26588.29736971449,24479.44872403551,0.08259023775232084,337023.07692307694,0.7756145436286034,-0.10048176187198898,-915900,-0.020969158385884926,-0.020969158385884926,-0.020969158385884926,-0.0464448887690911,0.008174756510692356,0.00340652211542115,0.006169468916569856,False,False,False,False
2024-10-11,24985.30078125,25028.650390625,24920.05078125,24964.25,210500,valid,24950.709765625,25280.4947265625,25493.185686383928,25493.185686383928,25493.185686383928,25493.185686383928,25189.169528790364,25471.78023212079,25717.0522920088,25878.445085164716,-0.0013680536120755926,-0.0020128089260372795,,,,,0.13407357112802248,0.13407357112802248,25.588499990217755,0.25588499990587266,-265.28895394226856,-168.63941409821734,-96.64953984405122,-3.763050592610695,-1251.80078125,264.05733816964283,26551.01014689282,24435.361225875036,0.08298880128377852,327985.71428571426,0.6417962454810751,-0.1947207345065034,-1126400,-0.020748120415034495,-0.020748120415034495,-0.020748120415034495,-0.047749403283323714,0.006795519393444441,-0.0005259701265844147,0.004346540004693385,False,False,False,False
2024-10-14,25023.44921875,25159.75,25017.5,25127.94921875,206400,valid,25017.149609375,25175.3947265625,25468.836588541668,25468.836588541668,25468.836588541668,25468.836588541668,25176.925466782293,25439.03442132357,25693.950210704537,25870.977464603377,0.006557345754428789,0.013397425718117084,,,,,0.1349296080054445,0.1349296080054445,31.227115003155305,0.17814400319633503,-258.56721956988986,-186.62497519255186,-71.942244377338,-3.3694666378751847,-1051.0,270.26088169642856,26505.48371322079,24432.189463862545,0.08140514161887599,319880.0,0.6452419657371514,-0.019477434679334937,-920000,-0.013384489260299852,-0.013384489260299852,-0.013384489260299852,-0.0415051668757913,0.013397425718117017,0.002371359794506144,0.005684667959100238,False,False,False,False
2024-10-15,25186.30078125,25212.05078125,25008.150390625,25057.349609375,257200,valid,25025.989453125,25100.0447265625,25443.11865234375,25443.11865234375,25443.11865234375,25443.11865234375,25153.010295300835,25402.68348685228,25668.985481240634,25862.881665048866,-0.0028096049048969007,0.0017670392597393114,,,,,0.13004291088510422,0.13004291088510422,30.19666587825111,0.16582983617018457,-255.98614615626502,-200.4972093852945,-55.488936770970525,-4.419815866025544,-753.5,275.91796875,26465.530096204646,24420.707208482854,0.08036840591998058,315962.5,0.8140206511848717,0.24612403100775193,-1177200,-0.0151620187855082,-0.0151620187855082,-0.0151620187855082,-0.0441981586602554,0.010550179340209511,0.00232217766726698,0.008095686317571262,False,False,False,False
2024-10-16,25008.55078125,25093.400390625,24908.44921875,24971.30078125,226800,valid,25023.859765625,25017.484765625,25415.364659926472,25415.364659926472,25415.364659926472,25415.364659926472,25116.66839249067,25361.599419652062,25641.62529692728,25854.010213468777,-0.0034340754096676696,-0.00042624526239964933,,,,,0.12571810578644663,0.12571810578644663,27.066638796059152,0.12842510132694837,-257.9110105839791,-211.97996962503143,-45.93104095894765,-4.613051606498598,-825.599609375,277.59654017857144,26431.421575886794,24399.30774396615,0.0799561154880759,310717.64705882355,0.7299231380864033,-0.11819595645412129,-1404000,-0.017472260761091783,-0.017472260761091783,-0.017472260761091783,-0.047480454260115275,0.0070798738191020635,-0.0019474856234093618,0.007395517376947166,False,False,False,False
2024-10-17,25027.400390625,25029.5,24728.900390625,24749.849609375,252800,valid,24974.13984375,24967.459765625,25378.3916015625,25378.3916015625,25378.3916015625,25378.3916015625,25043.304635867535,25303.33753295901,25606.653701336993,25843.02354079123,-0.008868227322834543,-0.009944601251046348,,,,,0.12429078885991798,0.12429078885991798,17.582008521061255,0.017559667983161692,-274.145558982229,-224.41308749647095,-49.732471485758026,-4.1106744491457015,-500.25,281.0322265625,26412.832715979886,24343.950487145114,0.08152140850042662,307500.0,0.8221138211382114,0.11463844797178124,-1656800,-0.024766817458550125,-0.024766817458550125,-0.024766817458550125,-0.055927614121179636,0.0,0.002246563359531637,0.01201082032825117,False,False,False,True
2024-10-18,24664.94921875,24886.19921875,24567.650390625,24854.05078125,290900,valid,24952.1,24951.4048828125,25350.794716282893,25350.794716282893,25350.794716282893,25350.794716282893,25005.45386494403,25260.54831851053,25577.13986133358,25833.183015820672,0.004210173941240125,-0.0044142811720760955,,,,,0.1233425047672827,0.1233425047672827,21.550387856989474,0.21538439282979163,-275.4284243984366,-234.6161548768641,-40.81226952157252,-3.654894948998011,-160.548828125,294.78934151785717,26384.47787254909,24317.111560016696,0.08155035515334433,306626.3157894737,0.9487117870200311,0.15071202531645578,-1365900,-0.01959480720791104,-0.01959480720791104,-0.01959480720791104,-0.05195290516350834,0.004210173941240016,-0.003430339657209091,0.012915040906828342,False,False,False,False
2024-10-21,24956.150390625,24978.30078125,24679.599609375,24781.099609375,242000,valid,24882.730078125,24949.93984375,25322.3099609375,25322.3099609375,25322.3099609375,25322.3099609375,24960.583013830223,25214.8865366881,25545.92259655089,25822.71452421425,-0.00293518237799828,-0.013803339315736407,,,,,0.1198868122038341,0.1198868122038341,24.678505699872048,0.3561310713060189,-279.1141996245424,-243.5157638263998,-35.59843579814259,-1.8574184151965323,-14.650390625,288.63588169642856,26360.18012755262,24284.439794322378,0.08197278749183247,303395.0,0.7976400402116053,-0.16809900309384673,-1607900,-0.021372866551170735,-0.021372866551170735,-0.021372866551170735,-0.0547355962897849,0.0012626339348810753,0.004107966555376332,0.011969040384818715,False,False,False,False
2024-10-22,24798.650390625,24882.0,24445.80078125,24472.099609375,279500,valid,24765.680078125,24895.834765625,25248.96240234375,25281.823753720237,25281.823753720237,25281.823753720237,24862.88633293918,25144.144924563043,25503.811891171445,25809.27556983774,-0.012469180337869368,-0.02335642073577615,-0.05655377231210723,,,,0.12206801722215303,0.12206801722215303,21.551291708538074,0.3509245154810591,-303.470699307396,-255.50675092259905,-47.963948384796936,-2.1687334935262426,-541.05078125,307.76436941964283,26310.38844493601,24187.53635975149,0.08407680487446335,306910.0,0.9106904304193412,0.1549586776859504,-1887400,-0.030768107639014792,-0.03202791666586495,-0.03202791666586495,-0.06652226860661609,0.0,0.0007082325452321866,0.017589635398662776,False,False,False,True
2024-10-23,24378.150390625,24604.25,24378.099609375,24435.5,284600,valid,24658.519921875,24841.18984375,25173.7173828125,25243.3544921875,25243.3544921875,25243.3544921875,24777.40906635134,25076.654931747515,25461.917307203938,25795.60616118264,-0.001495564743491773,-0.021456662828406303,-0.05801376879166753,,,,0.1216983237598298,0.11907356857843503,27.59874919300175,0.756601249885626,-322.0146983901759,-268.80834041611445,-53.20635797406146,-1.4528699474708362,-546.44921875,283.44656808035717,26242.10211911161,24105.332646513394,0.084880966926923,301935.0,0.9425869806415288,0.018246869409660027,-2172000,-0.029324925341241957,-0.03200266004415225,-0.03200266004415225,-0.06791834499052271,0.0,-0.0038390338487347877,0.009276765751349605,False,False,False,True
2024-10-24,24412.69921875,24480.650390625,24341.19921875,24399.400390625,216700,valid,24588.430078125,24781.2849609375,25093.4798828125,25206.660835597828,25206.660835597828,25206.660835597828,24701.807331206073,25012.154499259657,25420.24997714202,25781.713566450726,-0.0014773427748562273,-0.014159650433481996,-0.061711302845662064,,,,0.12016882687934087,0.11629172712667352,30.998303624644976,0.9846508300278014,-335.75353034659565,-282.1973784022107,-53.556151944384965,-2.4537093105634344,-599.048828125,256.38950892857144,26140.08390820994,24046.875857415056,0.0834164117758974,298845.0,0.7251250648329401,-0.23858046380885456,-2388700,-0.027659754463265997,-0.03202567965022893,-0.03202567965022893,-0.06929534908912702,0.0,-0.0009331006629698594,0.005712238971424165,False,False,False,True
2024-10-25,24418.05078125,24440.25,24073.900390625,24180.80078125,372600,valid,24453.780078125,24702.9400390625,24991.7173828125,25163.916666666668,25163.916666666668,25163.916666666668,24597.60602121486,24932.97795468731,25371.644126322728,25765.784086000967,-0.008959220549493163,-0.027088139713140946,-0.07763373732307666,,,,0.11401645208068488,0.11546094222514872,31.003091596697473,0.9835821430377396,-360.1294668968185,-297.7837961011323,-62.3456707956862,-3.2069092386862397,-783.44921875,250.51088169642858,25972.45400453928,24010.980761085724,0.07848493216406625,298930.0,1.246445656173686,0.7194277803414859,-2761300,-0.032447414042869716,-0.039068476439478535,-0.039068476439478535,-0.07763373732307662,0.0,0.0007643790554855624,0.015003229072498717,False,False,False,True
2024-10-28,24251.099609375,24492.599609375,24134.900390625,24339.150390625,278600,valid,24365.390234375,24624.06015625,24899.72744140625,25130.926015625,25130.926015625,25130.926015625,24545.91489509689,24876.42294858614,25331.15417590321,25751.588725847974,0.0065485676346082045,-0.0178341246238648,-0.0702777950616632,,,,0.11977711599491514,0.11710379889193638,28.390509778775254,0.7921155669908169,-362.49150570372876,-310.7253380216516,-51.76616768207714,-2.6373589111699625,-788.798828125,255.54659598214286,25747.73957964011,24051.715303172386,0.06811417034418504,288345.0,0.9662036796198997,-0.2522812667740204,-2482700,-0.02251338100388416,-0.03150602665845727,-0.03150602665845727,-0.07159355946805608,0.0065485676346080995,0.0029072167113468926,0.014749814421269396,False,False,False,False
2024-10-29,24328.849609375,24484.5,24140.849609375,24466.849609375,332000,valid,24364.340234375,24565.01015625,24832.52744140625,25105.384615384617,25105.384615384617,25105.384615384617,24530.101837952512,24837.415963899366,25297.259879176618,25738.805252052225,0.0052466588480091225,-0.0002145300192382127,-0.052071125915662764,,,,0.1170081651093516,0.11732931338979734,34.44745721931757,1.0,-350.0243163136547,-318.58513368005225,-31.439182633602456,-1.9924507670969538,-590.5,259.63936941964283,25584.05425205128,24081.000630761224,0.06052761342302329,287790.0,1.1536189582681817,0.1916726489590812,-2150700,-0.014725759707467914,-0.025434185366685114,-0.025434185366685114,-0.0667225276022904,0.011829584582939234,-0.00042321860396440437,0.01412522154325686,False,False,False,False
2024-10-30,24371.44921875,24498.19921875,24307.30078125,24340.849609375,285200,valid,24345.41015625,24501.9650390625,24759.72490234375,25077.068504050927,25077.068504050927,25077.068504050927,24492.25139223701,24790.12393013514,25259.75359408636,25724.895245657426,-0.005149825253829232,-0.0038734787757566114,-0.05644285783183289,,,,0.11705289700552139,0.11529869405760168,31.376371088629156,0.8179066453769518,-346.3189762922193,-324.13190220248566,-22.187074089733642,-3.1323670806676196,-630.451171875,262.228515625,25390.262235477625,24129.187569209877,0.0509324990985007,289680.0,0.9845346589339962,-0.14096385542168677,-2435900,-0.01691760690479643,-0.029358251924741476,-0.029358251924741476,-0.07152874349847399,0.006618839035682525,-0.003899169371950743,0.007832871807768151,False,False,False,False
2024-10-31,24349.849609375,24372.44921875,24172.599609375,24205.349609375,287000,valid,24306.6,24447.5150390625,24707.48740234375,25045.935686383928,25045.935686383928,25045.935686383928,24434.871035664608,24734.431137681793,25218.404418215327,25709.77538857999,-0.005566773640794054,-0.007953096311520857,-0.04137607439822133,,,,0.09582949173075975,0.11346832633255392,29.673750079776013,0.7169534457725337,-350.2783939245164,-329.36120054689184,-20.917193377624585,-3.400199994341102,-544.5,268.74637276785717,25340.073039449147,24074.901765238355,0.05120598681720983,282860.0,1.0146362157958,0.006311360448807868,-2722900,-0.020323304623889787,-0.03356177575213958,-0.03356177575213958,-0.07669733281540159,0.001015219816212016,0.00036974880270956547,0.00820742684579273,False,False,False,False
2024-11-01,24302.75,24368.25,24280.19921875,24304.349609375,38800,valid,24331.309765625,24392.544921875,24671.97490234375,25020.363752693964,25020.363752693964,25020.363752693964,24408.76675040669,24693.470992128765,25182.55913159414,25695.7910524685,0.004090004961616156,0.00510937703191372,-0.028393418687133853,,,,0.09421805133562045,0.11310663909330947,27.14888774487224,0.5672472399029672,-341.4912892897082,-331.7872182954551,-9.70407099425313,-2.670870763671984,-549.701171875,266.41782924107144,25311.672398875762,24032.27740581174,0.0518562051934677,266055.0,0.14583450790250135,-0.864808362369338,-2684100,-0.014900521519816705,-0.028617255544171293,-0.028617255544171293,-0.07292102032554305,0.0051093770319137165,0.004023920009289011,0.003623078921109751,False,False,False,False
2024-11-04,24315.75,24316.75,23816.150390625,23995.349609375,285500,valid,24262.549609375,24313.969921875,24631.9548828125,24986.196614583332,24986.196614583332,24986.196614583332,24326.083322200353,24626.983241390313,25136.001895428682,25678.871237114337,-0.0127137736646451,-0.014125422446234048,-0.03227974110986764,,,,0.0992253594808879,0.11523468744431267,23.97696642979662,0.3791750829253968,-355.36473962666423,-336.50272256169694,-18.86201706496729,-3.048503372376865,-785.75,287.61063058035717,25335.963059589012,23927.94670603599,0.05716218466019917,261615.0,1.091298281826348,6.358247422680412,-2969600,-0.025844691437044907,-0.039655775566498935,-0.039655775566498935,-0.08470769264237424,0.0,0.0004690679161643761,0.02058746324398795,False,False,False,True
2024-11-05,23916.5,24229.05078125,23842.75,24213.30078125,289500,valid,24211.83984375,24288.0900390625,24591.96240234375,24961.26449092742,24961.26449092742,24961.26449092742,24303.52681401028,24587.58491185314,25099.81753800991,25664.288446508726,0.00908305881860727,-0.010362953636166017,-0.031977163887152216,,,,0.09966865823212276,0.11823212195929995,32.55387630701179,0.8877242493701604,-344.7980931071652,-338.1617966707906,-6.636296436374607,-2.5780505787144525,-258.798828125,301.9927455357143,25295.667477872994,23888.257326814506,0.05723049376996257,259430.0,1.1159079520487223,0.014010507880910739,-2680100,-0.015397779766354126,-0.029964976732219636,-0.029964976732219636,-0.07639403877842608,0.009083058818607348,-0.003286037113799476,0.0161520615997324,False,False,False,False
2024-11-06,24308.75,24537.599609375,24204.05078125,24484.05078125,351100,valid,24240.480078125,24292.9451171875,24567.06748046875,24946.3515625,24946.3515625,24946.3515625,24339.63160745823,24577.724518462368,25075.669822058542,25652.54478814794,0.011181870759630508,0.005883162427487543,-0.01993032781950843,,,,0.10953648880232168,0.12240436275950124,44.018123780781025,1.0,-310.9917678499223,-332.727790906617,21.73602305669465,-1.1986910702405762,48.55078125,304.3462611607143,25247.526151875474,23886.60880906203,0.055396002957837705,262455.0,1.3377531386332895,0.21278065630397247,-2329000,-0.0033791863552599913,-0.01853179933313144,-0.01853179933313144,-0.06606639628722207,0.020366495168049732,0.003942015985854882,0.013721348408494883,False,False,False,False
2024-11-07,24489.599609375,24503.349609375,24179.05078125,24199.349609375,322200,valid,24239.280078125,24272.9400390625,24527.1125,24923.715139678032,24923.715139678032,24923.715139678032,24311.575207841583,24541.688812835,25041.304323521934,25638.085134627814,-0.011628025706147627,-0.00024787908858281416,-0.03196596726390688,,,,0.11560740039173677,0.12351226366298337,36.372890423577985,0.6597102193749657,-303.67246954610164,-326.9167266345139,23.24425708841227,-1.1145345285188069,-200.05078125,304.75697544642856,25194.639315689055,23859.585684310943,0.05443174900339827,265495.0,1.2135821766888266,-0.08231273141555118,-2651200,-0.013363288916500028,-0.029063304818062904,-0.029063304818062904,-0.07692620023902938,0.008501647332543846,0.00022663031434526015,0.0132423082981256,False,False,False,False
2024-11-08,24207.69921875,24276.150390625,24066.650390625,24148.19921875,298700,valid,24208.05,24269.6798828125,24486.3099609375,24900.905847886028,24900.905847886028,24900.905847886028,24278.900010023266,24504.213613398333,25006.280593923035,25623.260399146446,-0.002113709312467793,-0.006424791987223899,-0.03268877619996591,,,,0.11561804024819218,0.12156708516598264,36.70600977218742,0.674537380923077,-298.5576946907313,-321.2449202457574,22.68722555502609,-1.1757515960385545,-32.6015625,298.38546316964283,25140.96959493404,23831.65032694096,0.053471481414790946,269905.0,1.1066856857042293,-0.0729360645561763,-2949900,-0.013808154137021036,-0.030228082212516348,-0.030228082212516348,-0.07887730992567918,0.0063699680089379295,0.0003450344538088454,0.008654271440952654,False,False,False,False
2024-11-11,24087.25,24336.80078125,24004.599609375,24141.30078125,273400,valid,24237.240234375,24249.894921875,24436.9775390625,24879.20284598214,24879.20284598214,24879.20284598214,24251.380164268616,24469.650486527065,24972.359816955464,25608.514532301706,-0.00028567088740283353,0.006082477407121312,-0.03926498055654226,,,,0.11167116667853061,0.11981704323667394,42.04159614468339,0.90137657214689,-291.69832826910715,-315.33560185042734,23.637273581320187,-1.057811279141796,-197.849609375,290.95703125,25034.235838604793,23839.719239520207,0.04888151970411034,273255.0,1.0005306398785017,-0.08470036826247074,-3223300,-0.01209956334983984,-0.029659393401798986,-0.029659393401798986,-0.07914044786195956,0.006082477407121286,-0.0025239653772060836,0.013791577364580847,False,False,False,False
2024-11-12,24225.80078125,24242.0,23839.150390625,23883.44921875,255800,valid,24171.269921875,24191.5548828125,24378.28251953125,24851.543023003473,24851.543023003473,24851.543023003473,24177.793975164896,24413.82179435782,24929.65744055525,25591.34970331114,-0.010680930776533315,-0.01362274253642548,-0.046848545792959495,,,,0.11586587948444728,0.12027551231217948,37.99655163627407,0.6995397002752848,-303.5693387277315,-312.9823492258882,9.413010498156666,-1.2297010557672183,-583.400390625,303.57840401785717,24948.97701835221,23807.588020710293,0.04681991016912141,273185.0,0.936361806102092,-0.06437454279444033,-3479100,-0.020298119868977768,-0.03895507829664221,-0.03895507829664221,-0.08897608499325542,0.0,0.0035002256409327054,0.016628949152706348,False,False,False,True
2024-11-13,23822.44921875,23873.599609375,23509.599609375,23559.05078125,304600,valid,23986.269921875,24113.375,24307.67001953125,24816.61080025338,24816.61080025338,24816.61080025338,24054.045336381918,24332.415031204695,24875.908159798182,25571.127823489638,-0.013582562322921432,-0.03777969618934007,-0.05655492328458933,,,,0.12251048385788298,0.1222272628677344,33.76355398840283,0.4883244708482619,-335.2884463380178,-317.4435686483141,-17.844877689703708,-3.2051225981802545,-781.798828125,320.32114955357144,24917.551022821288,23697.789016241215,0.050180128560244244,277075.0,1.0993413335739421,0.19077404222048466,-3783700,-0.030797655130242213,-0.05067412424385284,-0.05067412424385284,-0.10135012409650636,0.0,-0.00255406995201142,0.015279705149439694,False,False,False,True
2024-11-14,23542.150390625,23675.900390625,23484.150390625,23532.69921875,257700,valid,23852.93984375,24046.1099609375,24246.8125,24782.82365337171,24782.82365337171,24782.82365337171,23949.776112855536,24256.251620494724,24823.23329936492,25550.84495180069,-0.0011185324376894457,-0.027548277180422076,-0.04917809238582016,,,,0.12055782241026018,0.12058316909041153,36.473093592749734,0.6235232299266048,-358.4207670145879,-325.6390083215689,-32.781758693019015,-3.818024819456367,-672.650390625,307.84974888392856,24911.36928622293,23582.25571377707,0.054816012308663585,277320.0,0.9292514063176114,-0.15397242284963886,-4041400,-0.029451841608046418,-0.050443180006715264,-0.050443180006715264,-0.10235529313282997,0.0,-0.0007173629694134602,0.008144965384146005,False,False,False,True
2024-11-18,23605.30078125,23606.80078125,23350.400390625,23453.80078125,263300,valid,23714.06015625,23961.055078125,24176.8,24748.74614383013,24748.74614383013,24748.74614383013,23850.581046534433,24179.827731042846,24769.530063360417,25529.978840650932,-0.0033527151631265184,-0.02875570270104577,-0.0563389047654298,,,,0.11794301597171312,0.11895831250555361,30.887475766716236,0.3448158814331238,-378.75370538495554,-336.26194773424623,-42.4917576507093,-3.644280468268246,-850.548828125,300.61411830357144,24866.554179366656,23487.045820633342,0.05705917899528944,275940.0,0.9541929404943104,0.021730694606131085,-4304700,-0.029904669714354227,-0.05232367551286873,-0.05232367551286873,-0.10536484015264384,0.0,0.0030851353610194324,0.010861983628213803,False,False,False,True
2024-11-19,23529.55078125,23780.650390625,23464.80078125,23518.5,297500,valid,23589.5,23913.3701171875,24113.67001953125,24717.989990234375,24717.989990234375,24717.989990234375,23784.16483722755,24116.84413761019,24720.470060875694,25509.964125818587,0.002758581406631766,-0.025798145132830408,-0.050950104284207876,,,,0.11962035452439729,0.118176033219792,28.955030846566387,0.24839206287281856,-385.206597422879,-346.0508776719728,-39.1557197509062,-2.837594252755493,-476.849609375,299.4140625,24801.662815731288,23425.677223331215,0.0570624708427034,278715.0,1.0673985971332722,0.12988985947588305,-4007200,-0.024681851375140493,-0.0485270036401937,-0.0485270036401937,-0.10289691623496997,0.0027585814066316875,0.0032297537062972704,0.013423529089500985,False,False,False,False
2024-11-21,23488.44921875,23507.30078125,23263.150390625,23349.900390625,420300,valid,23482.790234375,23827.030078125,24057.56005859375,24684.621951219513,24684.621951219513,24684.621951219513,23697.31194790704,24043.801875992554,24666.722230669784,25488.470954324126,-0.007168807933116472,-0.02233968901385197,-0.04585627047382956,,,,0.11520936920696659,0.11724288453963237,28.417745426331265,0.22158296144092293,-399.32200478253435,-356.70510309408513,-42.61690168844922,-3.9270716315808585,-863.400390625,304.01771763392856,24803.107210132497,23312.012907055003,0.061980279772588624,285755.0,1.470840405242253,0.4127731092436975,-4427500,-0.02941527180001625,-0.054070974359344916,-0.054070974359344916,-0.10932807593868797,0.0,-0.0012777507600399685,0.010394487450031539,False,False,False,True
2024-11-22,23411.80078125,23956.099609375,23359.0,23907.25,367600,valid,23552.430078125,23769.35,24031.14755859375,24666.113095238095,24666.113095238095,24666.113095238095,23739.299558325634,24030.796935421837,24636.93900593764,25472.737412490056,0.023869464111237804,0.014779849238540699,-0.02161813754578379,,,,0.14810146922400783,0.13307206604063673,44.51538761731796,1.0,-361.3694690055381,-357.63797627637575,-3.731492729162369,-0.3671528475691743,-576.80078125,333.04268973214283,24757.500343450014,23304.79477373749,0.060450944598899305,289905.0,1.2680015867266863,-0.12538662859862004,-4059900,-0.005155707121004489,-0.030765410517176187,-0.030765410517176187,-0.0880682144124194,0.023869464111237762,0.0026509916354869353,0.025504215372155567,False,False,False,False
2024-11-25,24253.55078125,24351.55078125,24135.44921875,24221.900390625,687200,valid,23690.2703125,23771.605078125,24022.27255859375,24655.782567223836,24655.782567223836,24655.782567223836,23835.819724785506,24048.997264488804,24620.66298180773,25460.29127296901,0.013161295867362366,0.029286957924736123,-0.007274768935231712,,,,0.1564242212318989,0.13655386273083264,48.59457566266087,1.0,-302.41608965454725,-346.5935989520101,44.17750929746285,0.03551605562863713,22.55078125,353.14271763392856,24733.867643108893,23310.67747407861,0.05924460999927962,313430.0,2.192515075136394,0.869423286180631,-3372700,0.008310114355098076,-0.01759758285569963,-0.01759758285569963,-0.07606601037144915,0.03734491305796356,0.014485178397766368,0.008910099986970337,False,False,False,False
2024-11-26,24343.30078125,24343.30078125,24125.400390625,24194.5,230700,valid,23838.41015625,23776.23515625,24022.95751953125,24645.298872514206,24645.298872514206,24645.298872514206,23907.555779828406,24062.854667870823,24603.950708011347,25447.69633492952,-0.0011312238174179257,0.031581201940716896,0.0005665328817654469,,,,0.15312256850700406,0.13492306605687232,53.75521583329957,1.0,-254.9669935216698,-328.2682778659421,73.30128434427229,-1.1826097888660625,46.30078125,332.94991629464283,24735.22116693616,23310.69387212634,0.059298581103165396,306335.0,0.7530970995805246,-0.664289871944121,-3603400,0.007140772751618188,-0.01829147517529039,-0.01829147517529039,-0.07711118650623895,0.03617144378543505,0.0050120093249160415,0.008951143995757303,False,False,False,False
2024-11-27,24204.80078125,24354.55078125,24145.650390625,24274.900390625,295000,valid,23989.690234375,23789.5951171875,24019.74501953125,24637.06779513889,24637.06779513889,24637.06779513889,23981.024701987728,24083.049498609314,24591.046773996197,25436.026723543404,0.003323085437806128,0.032161931697387125,-0.002639779900647121,,,,0.15173497168445277,0.1338607864316987,51.225082911299474,0.9001426392863487,-208.47246261532564,-304.3091148158188,95.83665220049318,0.3122017015727119,133.599609375,320.27845982142856,24726.562723515068,23312.92731554743,0.058853056384160815,307155.0,0.9604271459035341,0.27871694841785866,-3308400,0.010622734374835211,-0.014700101794798349,-0.014700101794798349,-0.07404434812940366,0.03961473002134896,0.00042574887887743084,0.008630535426130114,False,False,False,False
2024-11-28,24274.150390625,24345.75,23873.349609375,23914.150390625,366700,valid,24102.540234375,23792.665234375,23992.11005859375,24621.352199388588,24621.352199388588,24621.352199388588,23967.649839715184,24066.963869277475,24564.501817785564,25420.883675454665,-0.014861029054492936,0.024164985313022802,-0.02258971741659055,,,,0.1589717350970439,0.1360716427068219,39.057630733991395,0.4199268962829829,-198.44714680419202,-283.1367212134935,84.68957440930149,-0.9692185574784906,30.701171875,330.19642857142856,24667.860309365005,23316.359807822493,0.05633103958934272,308890.0,1.1871540030431544,0.24305084745762717,-3675100,-0.0032493877269800554,-0.028723110048405446,-0.028723110048405446,-0.08780500197502454,0.024164985313022865,-3.0896110300401114e-05,0.01946104737026954,False,False,False,False
2024-11-29,23927.150390625,24188.44921875,23927.150390625,24131.099609375,282100,valid,24147.31015625,23849.8701171875,23981.62255859375,24610.921293218085,24610.921293218085,24610.921293218085,24000.33979364715,24073.07203500105,24547.505652749856,25408.050003155367,0.009072001940535257,0.009363252125401234,-0.008617201263147911,,,,0.16214357699788148,0.13692275462059472,48.65456141566752,0.7986912530846304,-171.02455831337647,-260.7142886334701,89.68973032009364,-0.04225609865613489,572.048828125,326.625,24640.8935235008,23322.3515936867,0.05498134776296038,308735.0,0.9137286021992971,-0.2307062994273248,-3393000,0.006232983211041544,-0.01949629102163305,-0.01949629102163305,-0.07952956718279548,0.03345621204721079,0.0005436112003835334,0.010920599564057599,False,False,False,False
2024-12-02,24140.849609375,24301.69921875,24008.650390625,24276.05078125,220400,valid,24158.140234375,23924.2052734375,23985.1576171875,24603.94482421875,24603.94482421875,24603.94482421875,24055.48199116772,24092.403344167615,24536.860363671432,25396.786329305567,0.006006820004948565,0.0022355962889666348,0.0029208903410185005,,,,0.16244047913688592,0.13654700550529897,52.43050089259457,0.9477171588391603,-136.02757004919113,-235.77694491661433,99.7493748674232,1.6438227113016124,743.3515625,332.5927734375,24650.2125380403,23320.102696334696,0.055455538918471124,305405.0,0.721664674776117,-0.2187167671038639,-3172600,0.012128048883616701,-0.013326889054229605,-0.013326889054229605,-0.07400046697298544,0.03966399749597433,0.0004040429221141708,0.012139126537253091,False,False,False,False
2024-12-03,24367.5,24481.349609375,24280.0,24457.150390625,339500,valid,24210.6703125,24024.540234375,23992.79765625,24600.94901945153,24600.94901945153,24600.94901945153,24135.81567105918,24127.141158115937,24533.734482375494,25387.43671797541,0.007460011144599932,0.010855789151460016,0.006286972649169664,,,,0.1639455857244126,0.13659413031434242,55.63142356286655,1.0,-92.61141302541,-207.14383853837347,114.53242551296347,3.8121213698888656,1003.349609375,323.5283203125,24676.5399858601,23309.0553266399,0.05699563172300494,320440.0,1.059480714018225,0.5403811252268602,-2833100,0.01935383864057378,-0.005845247218423649,-0.005845247218423649,-0.06709250013670955,0.04741990250393366,0.0037670550112966594,0.00826303926849287,False,False,False,False
2024-12-04,24488.75,24573.19921875,24366.30078125,24467.44921875,348000,valid,24249.180078125,24119.43515625,24016.40263671875,24598.2790234375,24598.2790234375,24598.2790234375,24202.142380597346,24159.551449604896,24531.135060272532,25378.282613505507,0.00042109681465385407,0.00793201310928393,0.019674629336950744,,,,0.156510150997422,0.1352130689699496,61.4205396156079,1.0,-56.718945728709514,-177.0588599764407,120.33991424773117,3.9721325263666563,948.94921875,309.5318080357143,24732.354070596248,23300.451202841254,0.05962187132746323,323565.0,1.0755180566501321,0.025036818851251752,-2485100,0.01878077199378906,-0.005318656828099349,-0.005318656828099349,-0.06669965576015052,0.04786096768848301,0.0012920397049655005,0.00844871369506406,False,False,False,False
2024-12-05,24539.150390625,24857.75,24295.55078125,24708.400390625,361500,valid,24408.030078125,24255.28515625,24041.1576171875,24573.666015625,24600.438265931374,24600.438265931374,24303.39398260288,24211.822777321097,24538.086641854985,25371.617118750477,0.009847825562885104,0.03321255353112473,0.020447423250876673,,,,0.1570552552963343,0.1360870737005385,73.23467747985359,1.0,-8.730520936667745,-143.3931921684861,134.66267123181836,5.349237938347207,1358.5,322.9853515625,24817.46757907124,23264.847655303758,0.06458174554196518,327165.0,1.104947045069002,0.0387931034482758,-2123600,0.027754186552168204,0.005482876462727623,0.004388626069444473,-0.05750867677229584,0.058180119712435203,0.0029304718785337727,0.02291029680329862,False,True,False,False
2024-12-06,24729.44921875,24751.05078125,24620.5,24677.80078125,226700,valid,24517.3703125,24332.340234375,24050.8451171875,24548.4140234375,24601.926006610578,24601.926006610578,24378.275342332305,24256.201634838133,24543.565627713615,25364.71347360122,-0.0012384293961259507,0.02265546041103761,0.007913314742361788,,,,0.15256123083255171,0.1347210110974099,73.10911054527682,0.9971982255629008,26.525746411076398,-109.40940445257361,135.93515086365,4.929314289814402,770.55078125,318.61397879464283,24854.77031740256,23246.919916972438,0.06685213731974433,320945.0,0.7063515555624795,-0.37289073305670817,-2350300,0.026067926553419073,0.00527067686282982,0.003084098969285343,-0.05867588573257467,0.05686963834578724,0.0008518895514169531,0.0052791625116751775,False,False,False,False
2024-12-09,24633.900390625,24705.0,24580.05078125,24619.0,248100,valid,24585.96015625,24372.0501953125,24071.82763671875,24520.711015625,24602.248157429247,24602.248157429247,24426.420273865842,24290.753860091645,24546.523838391513,25357.293439038025,-0.0023827399277279726,0.014127059703421097,0.017341391293525632,,,,0.14626285610326958,0.13343140066119996,73.70700343336725,1.0,49.15522977285582,-77.69647760748772,126.85170738034354,5.435139286009738,397.099609375,309.224609375,24913.110588051528,23230.544685385972,0.06989772143844196,317240.0,0.7820577480771655,0.09439788266431415,-2598400,0.022730819260545168,0.004008406783652007,0.0006809069831162744,-0.0609188162845728,0.05435139286009735,-0.0017789425813970901,0.0050722466506989815,False,False,False,False
2024-12-10,24652.650390625,24677.80078125,24510.650390625,24610.05078125,261000,valid,24616.540234375,24413.6052734375,24094.92021484375,24488.591015625,24602.392650462964,24602.392650462964,24463.146375342672,24321.163090678157,24549.01509105263,25349.858188711776,-0.0003635086213900074,0.006251766382546764,0.019125714440080932,,,,0.1459160543960539,0.1321487800186606,72.72407164047048,0.9782965798922106,65.61081062869562,-49.035019960251056,114.64583058894667,2.939697293707977,415.55078125,297.81752232142856,24969.717269376746,23220.123160310755,0.07261257117540268,315355.0,0.8276386929016505,0.051995163240628806,-2859400,0.02137921859931711,0.0049598511219981194,0.0003112758541756055,-0.06126018039103847,0.05396812703881817,0.001366846363580974,0.006780219894270053,False,False,False,False
2024-12-11,24620.5,24691.75,24583.849609375,24641.80078125,187300,valid,24651.410546875,24450.2953125,24119.94521484375,24457.848046875,24603.109161931818,24603.109161931818,24498.877256524138,24351.70001358976,24552.653745570176,25342.81284137385,0.0012901233029631864,0.00712585774435337,0.020732105719370564,,,,0.145840856233001,0.13098620690565194,78.52002666370021,1.0,80.28842171941142,-23.170331624318568,103.45875334372998,1.733556755883292,366.900390625,287.28543526785717,25028.319603914195,23211.570825773302,0.0753214305405155,311050.0,0.6021539945346407,-0.28237547892720305,-2672100,0.021635852061765642,0.007521215031774034,0.0015726312907658664,-0.06004909027434142,0.0553278758800915,0.00042459151518537666,0.00438254262200199,False,False,False,False
2024-12-12,24604.44921875,24675.25,24527.94921875,24548.69921875,266100,valid,24619.4703125,24513.7501953125,24153.20771484375,24432.6050390625,24602.137555803572,24602.137555803572,24508.84164896931,24370.461842652643,24552.498666087035,25334.91121328804,-0.003778196379659149,-0.006463436294953162,0.027854016976649243,,,,0.1404240563579772,0.12991222467987196,67.8115787030308,0.7286417180613286,83.44610152872337,-1.8470449937101776,85.29314652243355,1.4639658548430523,634.548828125,254.50697544642858,25073.75742561307,23232.65800407443,0.07622587621797168,311565.0,0.8540753935775841,0.4207154297917779,-2938200,0.016374284880728077,0.004751608741756829,-0.0021721013847825804,-0.0636004093985242,0.05134063992008799,-0.0015157805564445957,0.005986753856605267,False,False,False,False
2024-12-13,24498.349609375,24792.30078125,24180.80078125,24768.30078125,310100,valid,24637.5703125,24577.4703125,24213.67021484375,24412.033046875,24605.05270010965,24605.05270010965,24560.73347542545,24408.3512653762,24560.96149413264,25329.273298541393,0.008945547808588916,0.003667263578396307,0.0513284686733817,,,,0.13097049029582,0.13043237512828781,66.017802074733,0.6831863779574759,102.48718782913784,19.019801570859425,83.46738625827841,2.0325537188014664,637.201171875,266.4497767857143,25128.73807519378,23298.60235449372,0.0755827474505757,311840.0,0.9944202154951257,0.16535137166478764,-2628100,0.02290567937388703,0.014593939541655922,0.006634738121882732,-0.05522380209285551,0.060745457877605706,-0.00205100925822349,0.024960865109296664,False,False,False,False
2024-12-16,24753.400390625,24781.25,24601.75,24668.25,187600,valid,24647.4203125,24616.690234375,24270.44775390625,24400.3960546875,24606.14230872845,24606.14230872845,24582.236780340365,24433.10352581656,24565.168886519594,25322.69595228725,-0.004039468921733236,0.00200048742840897,0.04825416628557577,,,,0.13245409686824505,0.1294428629299626,63.320651183020566,0.6148390100856251,108.25621377300558,36.867084011288654,71.38912976171693,3.153361491239215,392.19921875,263.70689174107144,25147.7469770221,23393.1485307904,0.07229361666594314,308335.0,0.6084291436262507,-0.39503386004514673,-2815700,0.01639039584795979,0.010977442526431638,0.0025240726682101435,-0.05904019618229469,0.056460609566639446,-0.0006015911530063392,0.0072515289684395474,False,False,False,False
2024-12-17,24584.80078125,24624.099609375,24303.44921875,24336.0,264900,valid,24592.61015625,24604.5751953125,24314.55771484375,24386.8240625,24601.56362552966,24601.56362552966,24532.989424272295,24423.855570976888,24556.181871361965,25312.878082115236,-0.013468730047733413,-0.011135725955461862,0.037614339227067584,,,,0.14274112895481866,0.13097149361027546,51.50483975089786,0.31541949553893467,85.0381433441471,46.50129587786034,38.53684746628676,0.849113359697018,-121.150390625,274.84263392857144,25103.20441696202,23525.911012725483,0.06487033088303386,308415.0,0.8589076406789553,0.4120469083155651,-3080600,0.0008818702526987889,-0.0020840787783495273,-0.010794583205031629,-0.07171372976568356,0.04223142681032248,-0.003382859292815664,0.013042627169448096,False,False,False,False
2024-12-18,24297.94921875,24394.44921875,24149.849609375,24198.849609375,235300,valid,24504.019921875,24577.715234375,24348.5751953125,24374.8860546875,24594.851725260418,24594.851725260418,24466.16146129284,24402.42643177671,24542.168841480125,25301.79322168996,-0.005635699812006956,-0.017975600720384177,0.02892827388545194,,,,0.14515033594852012,0.1301805689770585,57.87983955542581,0.30889450618439573,54.93747987175084,48.188532676638445,6.748947195112393,-0.3180137188320109,-268.599609375,258.57114955357144,25046.069039749353,23651.081350875647,0.0572923745099575,305305.0,0.7707047051309346,-0.11174027935069841,-3315900,-0.0061492545143390824,-0.007222041773551059,-0.016101016599286894,-0.0769452725243317,0.03635772335417986,-0.0015635593873274162,0.010066677116365434,False,False,False,False
2024-12-19,23877.150390625,24004.900390625,23870.30078125,23951.69921875,271100,valid,24384.619921875,24502.0451171875,24378.66513671875,24353.65703125,24584.308241547133,24584.308241547133,24363.269012784272,24359.50003053607,24519.013170000515,25288.35945051643,-0.010213311567061067,-0.024319007483053046,0.02577307903063364,-0.0766162023144098,,,0.14792832735524447,0.13040421605095742,45.1162439533259,0.0,11.012570151247928,40.753340171560346,-29.740770020312418,-2.0666805568188784,-756.701171875,262.44614955357144,24931.72647017061,23825.60380326689,0.04537256903527898,297845.0,0.9102049723849653,0.1521461963450914,-3587000,-0.017513917007935857,-0.016505028874481503,-0.02573222791471644,-0.0863727180494893,0.02577307903063358,-0.013293988100383453,0.005637172240949175,False,False,False,False
2024-12-20,23960.69921875,24065.80078125,23537.349609375,23587.5,442700,valid,24148.459765625,24393.0150390625,24362.67763671875,24325.768046875,24568.230689264114,24568.230689264114,24208.115210227417,24285.976218104064,24482.4832417652,25271.435475884427,-0.01520556915080562,-0.047673871198458895,-0.013374603938135943,-0.09070408918882189,,,0.13320039340258105,0.1334447557918636,33.254706226582854,0.0,-52.57996141212061,22.086679854824155,-74.66664126694477,-3.59640766343422,-1090.30078125,279.26060267857144,24987.0110534567,23738.344219980798,0.05125326748131928,301600.0,1.4678381962864722,0.632976761342678,-4029700,-0.03181824462309604,-0.030349218386543062,-0.03991865355174623,-0.10026494086325037,0.010175615544398485,0.00037575622162767356,0.022054914468500584,False,False,False,False
2024-12-23,23738.19921875,23869.55078125,23647.19921875,23753.44921875,189800,valid,23965.499609375,24306.4599609375,24339.255078125,24300.868046875,24555.297650049604,24555.297650049604,24117.182011931938,24235.259361022727,24453.893672235194,25256.33113501742,0.0070354729729729115,-0.03708413775804931,-0.019339984242372377,-0.08655161341808038,,,0.1263827539609763,0.13435845494686005,32.759206462683665,0.0,-88.56585374624774,-0.04382686539022629,-88.52202688085751,-3.864884641570454,-865.55078125,284.74288504464283,25018.55529540528,23659.95486084472,0.05581931041848561,276730.0,0.6858670906659922,-0.5712672238536255,-3839900,-0.024068356138865342,-0.02252671908958392,-0.032654803974570615,-0.09393487917185753,0.01728267878551744,0.0063889440911499736,0.009366825193899798,False,False,False,False
2024-12-24,23769.099609375,23867.650390625,23685.150390625,23727.650390625,177700,valid,23843.8296875,24218.219921875,24315.91259765625,24276.1360546875,24542.365661621094,24542.365661621094,24039.275687670553,24186.91564955628,24425.413543544597,25241.120381341876,-0.0010861087115143775,-0.024997929379314554,-0.019295691556965422,-0.09491896439278835,,,0.12638197749730226,0.1328585435727306,32.011432077634794,0.0,-117.80865763342808,-23.5967930189978,-94.21186461443028,-3.8502231177217294,-882.400390625,283.00013950892856,25046.318478033547,23585.506717278953,0.06007636994448638,274080.0,0.6483508464681844,-0.06375131717597471,-4017600,-0.024192479088280285,-0.022593614685092883,-0.033196281166576,-0.09491896439278835,0.016177799206015753,0.0006588681281978292,0.007678035895310835,False,False,False,False
2024-12-26,23775.80078125,23854.5,23653.599609375,23750.19921875,177700,valid,23754.099609375,24129.059765625,24289.6775390625,24248.5810546875,24530.178485576922,24530.178485576922,23981.460393886446,24145.323608527113,24398.934550415397,25226.285344898177,0.0009503186263191132,-0.018540153679503235,-0.021614967041332922,-0.09277492307676238,,,0.1255977620889944,0.13296300641453201,23.93217889384222,0.0,-137.57837059906888,-46.39310853501202,-91.18526206405686,-3.5289848541776636,-891.6015625,257.19308035714283,25062.733623755732,23516.62145436927,0.06365305454961331,268215.0,0.6625281956639263,0.0,-3839900,-0.022210188646799252,-0.020553030909870814,-0.03179672203712372,-0.09405884902632258,0.01714349189625324,0.002029294507981483,0.008449784403620738,False,False,False,False
2024-12-27,23801.400390625,23938.849609375,23800.599609375,23813.400390625,176800,valid,23726.43984375,24055.5298828125,24284.6400390625,24223.7020703125,24519.318211410984,24519.318211410984,23947.848393234155,24113.711873488814,24375.97242650205,25212.22678813924,0.002661079652128029,-0.005774071679087278,-0.004212986802972329,-0.07738796858606656,,,0.11502017141431614,0.1306588436062382,26.893892327113903,0.05425591142113255,-146.4579283502244,-66.4060724980545,-80.0518558521699,-3.237093648063316,-735.298828125,261.34305245535717,25069.22660503829,23500.053473086708,0.06461586951371422,258720.0,0.6833642547928263,-0.005064715813168252,-3663100,-0.019404843871661134,-0.016938025347923567,-0.028790271193489335,-0.09164806746344119,0.019850191745832694,0.002155820732424777,0.005808481758680658,False,False,False,False
2024-12-30,23796.900390625,23915.349609375,23599.30078125,23644.900390625,364900,valid,23737.919921875,23943.18984375,24260.330078125,24197.1740625,24506.267199160447,24506.267199160447,23887.258792712328,24069.063160835118,24347.302934899028,25196.631500601787,-0.007075847935867907,0.0024335088765234936,-0.02014824134085913,-0.08342087488859984,,,0.11202453731578657,0.13118025217503632,25.40402401507896,0.026962871433254328,-165.1874060373084,-86.16233920590528,-79.02506683140311,-4.045566310168147,-1123.400390625,274.99302455357144,25093.56840858345,23427.09174766655,0.06869142569579162,262860.0,1.3881914327018186,1.0639140271493215,-4028000,-0.025367737599535766,-0.0228238913539451,-0.035148837704869096,-0.09807542761032162,0.012633886871673453,-0.0006928871865983414,0.013281092198440694,False,False,False,False
2024-12-31,23560.599609375,23689.849609375,23460.44921875,23644.80078125,193600,valid,23716.190234375,23840.844921875,24228.767578125,24175.0730859375,24493.598575367647,24493.598575367647,23838.76719041986,24028.65721992225,24319.75383083436,25181.190398916697,-4.212721278373799e-06,-0.004574006768424899,-0.026002993884308268,-0.0635759404105074,,,0.10903470647477838,0.12455460458248602,25.518065413560663,0.02905200671044094,-177.98696672761798,-104.52726471024783,-73.45970201737015,-3.682062456529722,-1023.44921875,279.439453125,25106.15177586032,23351.38338038968,0.07242499602228773,261520.0,0.7402875497093913,-0.4694436832008769,-4221600,-0.02410220804636534,-0.021934672247007857,-0.0346538623757496,-0.0980792271671592,0.012629620927351051,-0.0035652838395303426,0.009736610885476754,False,False,False,False
2025-01-01,23637.650390625,23822.80078125,23562.80078125,23742.900390625,154900,valid,23719.240234375,23781.5349609375,24193.055078125,24152.850078125,24482.718891530796,24482.718891530796,23819.59383046089,24001.4422837987,24297.13212729674,25166.879055550613,0.004148887118253564,0.0006427100765959981,-0.02920413820057255,-0.05083827998883461,,,0.10610289677473035,0.12379571296074868,27.943272472138958,0.09141176943484064,-178.16116120176594,-119.25404400855146,-58.907117193214475,-4.13997068140114,-593.099609375,290.3037109375,25089.24173117964,23296.868425070355,0.07408627394602692,252290.0,0.6139759800229894,-0.199896694214876,-4066700,-0.018606773144042552,-0.016973139243359435,-0.03021798780533801,-0.09433725969106772,0.01683090691717853,-0.0003024085798460252,0.010999401196961581,False,False,False,False
2025-01-02,23783.0,24226.69921875,23751.55078125,24188.650390625,283200,valid,23806.93046875,23780.5150390625,24179.11513671875,24141.00109375,24478.517912946427,24478.517912946427,23893.405142493713,24019.271627305967,24292.877941544906,25157.145436994142,0.018774033191665485,0.01846094712034496,-0.011394683018749241,-0.024484018808666796,,,0.1281306512720746,0.12902443752953646,42.46869941717142,0.4404478090690556,-140.70890717209113,-123.5450166412594,-17.163890530831736,-1.9441979442197943,-10.19921875,314.3392857142857,25065.955272294435,23292.27500114306,0.07335588011067608,249050.0,1.1371210600281068,0.828276307295029,-3783500,0.0003943590926440101,0.0019737912562099664,-0.01184171048885762,-0.07733431734405315,0.03592092411395291,0.001688909472527355,0.01997849041332044,False,False,False,False
2025-01-03,24196.400390625,24196.44921875,23976.0,24004.75,312300,valid,23845.200390625,23785.8201171875,24143.9326171875,24131.6541015625,24471.84512544014,24471.84512544014,23915.674113994974,24017.88861518159,24281.57880658236,25145.67881573052,-0.007602755327609123,0.008035375302820391,-0.0284781847266804,-0.04031480940533394,,,0.12427806866067216,0.12842721548098326,33.78631032366164,0.25017805609401,-124.4325694246545,-123.72252719793843,-0.7100422267160695,-1.3611522024983613,53.05078125,286.40708705357144,24997.57002340084,23290.29521097416,0.07071237480224374,246590.0,1.266474715114157,0.1027542372881356,-4095800,-0.005764703679152052,-0.005258823163484836,-0.019087041579654476,-0.0843491187784678,0.028045070789163733,0.00032039819811541584,0.009110827031751962,False,False,False,False
2025-01-06,24045.80078125,24089.94921875,23551.900390625,23616.05078125,278100,valid,23839.43046875,23788.6751953125,24090.8451171875,24115.2651171875,24459.959092881945,24459.959092881945,23855.749447445978,23979.618345283343,24255.479668334036,25130.458636282954,-0.016192595996625703,-0.0012201197255387042,-0.04302449839074429,-0.05467541485813432,,,0.1348811099768069,0.1323158438636306,30.09683988390445,0.1815931015546643,-141.26976306214056,-127.23197437077886,-14.037788691361698,-2.4083741067559505,28.55078125,312.01771763392856,24936.712876430203,23244.977357944794,0.07022317026472637,249160.0,1.1161502648900306,-0.10951008645533145,-4373900,-0.019708496469422684,-0.0207011755214625,-0.03450162399811738,-0.09917588357204235,0.011398352291552368,0.001710110759328883,0.022375999577628956,False,False,False,False
2025-01-07,23679.900390625,23795.19921875,23637.80078125,23707.900390625,262300,valid,23852.050390625,23784.1203125,24045.29013671875,24101.4351171875,24449.656918878423,24449.656918878423,23826.179636081783,23953.740444839692,24234.005971168976,25116.303827868447,0.0038892874268343647,0.002668646268529251,-0.037007986082903455,-0.05162515549792701,,,0.1365718811482528,0.13264380717124857,36.93036480224468,0.382889001925004,-145.5243503429374,-130.89044956521056,-14.633900777726836,-1.0178769610389438,-45.548828125,298.7568359375,24869.244941630688,23221.335331806815,0.06853357145844567,249870.0,1.0497458678512828,-0.05681409564904716,-4111600,-0.014031427534265221,-0.016328269443252223,-0.030338116019971124,-0.09567231966222983,0.015331971186641003,0.0027036531199235688,0.006646921435628795,False,False,False,False
2025-01-08,23746.650390625,23751.849609375,23496.150390625,23688.94921875,266400,valid,23841.26015625,23780.2501953125,23999.23505859375,24091.5980859375,24439.377085092907,24439.377085092907,23798.733552615427,23928.52223283115,24212.63119656431,25102.101294444383,-0.0007993610384197103,-0.0022723075524632153,-0.03742786110794105,-0.05108508291857361,,,0.13651777454955563,0.13263941761986495,38.84096378332401,0.7037735603444734,-148.711093685808,-134.45457838933007,-14.256515296477943,0.43009737678856297,-38.701171875,299.54966517857144,24792.679923834246,23205.790193353252,0.06612251293037584,250140.0,1.0650035979851282,0.015630956919557848,-4378000,-0.012928988740107398,-0.016713248567040116,-0.030705687126560983,-0.09639520397585627,0.014520354367812563,0.0016344762446919685,0.010767801544378997,False,False,False,False
2025-01-09,23674.75,23689.5,23503.05078125,23526.5,269200,valid,23708.830078125,23757.8802734375,23943.47001953125,24075.345078125,24427.205390625,24427.205390625,23744.28684209234,23890.234401132948,24185.724090816693,25086.42366962404,-0.006857594959147506,-0.027374424779054052,-0.04526052260347124,-0.06373179143306407,,,0.13707839647292985,0.13229297793397754,40.336364233601266,0.8849657258552651,-162.47202864177598,-140.05806843981927,-22.413960201956712,-0.9554368995423834,-223.69921875,289.39969308035717,24702.80186133574,23184.13817772676,0.06342705056410672,254235.0,1.0588628630991013,0.010510510510510551,-4647200,-0.017414769838754302,-0.02279697658928608,-0.03687304283160795,-0.10259175967013291,0.007563184699747364,-0.0005994026420876955,0.007875446150434534,False,False,False,False
2025-01-10,23551.900390625,23596.599609375,23344.349609375,23431.5,261000,valid,23594.180078125,23719.690234375,23887.61005859375,24054.6380859375,24414.10400390625,24414.10400390625,23681.729473673873,23846.545410548857,24156.14667549055,25069.956767438725,-0.004037999702463213,-0.02388069028004869,-0.04550950780710594,-0.06488513888023906,,,0.13711921027062768,0.13238617395079677,45.96021720306545,1.0,-178.98020242618077,-147.84249523709158,-31.137707189089184,-1.2481235425738202,-381.900390625,269.67103794642856,24623.485081019004,23151.735036168495,0.061611439622484776,253980.0,1.0276399716513112,-0.03046062407132244,-4908200,-0.019094001345256396,-0.025905111675813955,-0.04024739157943431,-0.10621549387757291,0.0034946448597169303,0.0010796502082757742,0.010710388368507616,False,False,False,False
2025-01-13,23195.400390625,23340.94921875,23047.25,23085.94921875,316500,valid,23488.159765625,23663.7951171875,23803.49248046875,24029.540078125,24396.85524046266,24396.85524046266,23562.5734226891,23774.107677996584,24114.178147775234,25050.21539879506,-0.014747275302477436,-0.022446664237395497,-0.06792357608050237,-0.07550073498436405,,,0.13716002402456526,0.13524360006484937,34.18545076277806,0.465464592216673,-217.43960087633968,-161.76191636494121,-55.67768451139847,-2.796818645106758,-558.951171875,276.97098214285717,24498.998482586463,23107.98647835104,0.05843730727231638,254300.0,1.2445930003932364,0.21264367816091956,-5224700,-0.030144453059042054,-0.03926795337352235,-0.053732581875490966,-0.11939638005044917,0.0,-0.010076162831018073,0.01266195943178053,False,False,False,True
2025-01-14,23165.900390625,23264.94921875,23134.150390625,23176.05078125,311200,valid,23381.78984375,23616.9201171875,23728.88251953125,24008.9541015625,24381.20390124199,24381.20390124199,23485.26889440128,23717.149878306434,24077.38883928405,25031.566994640383,0.003902874499386977,-0.02243343360702299,-0.0604906800745898,-0.06358821782613422,,,0.1396024572605944,0.1347112751692759,37.3178067748173,0.6076631833062712,-237.90607500821716,-176.9907480935964,-60.91532691462075,-2.6764325922387644,-468.75,276.72098214285717,24349.960603964253,23107.804435098245,0.05234785784132854,260480.0,1.1947174447174447,-0.016745655608214838,-4913500,-0.023297841262698037,-0.03469136209720584,-0.04942959850848863,-0.1159594946380803,0.003902874499386887,0.003463196211575527,0.00564617933771022,False,False,False,False
2025-01-15,23250.44921875,23293.650390625,23146.44921875,23213.19921875,228000,valid,23286.63984375,23563.95,23672.74248046875,23987.13109375,24366.419031843354,24366.419031843354,23430.854959271026,23669.154577396297,24043.4990502435,25013.473782939982,0.0016028803979861728,-0.020083204012419476,-0.046137441701594395,-0.06601948217382192,,,0.1348959856028386,0.1343812529298196,37.73581034184359,0.5999061311591296,-248.26647340204363,-191.24589315528584,-57.02058024675779,-1.8257686213225321,-529.701171875,272.8853236607143,24265.07222326751,23080.41273766999,0.05004318728913331,258635.0,0.8815512208324473,-0.26735218508997427,-4685500,-0.019412337294586714,-0.03226446180559089,-0.04732824349717798,-0.1145424834410098,0.005512010738404025,0.00321014301367471,0.006331110874033851,False,False,False,False
2025-01-16,23377.25,23391.650390625,23272.05078125,23311.80078125,299400,valid,23243.7,23476.2650390625,23628.3900390625,23973.4601171875,24353.23630371094,24353.23630371094,23407.044123666823,23635.12088252522,24014.80500047905,24996.54171327143,0.004247650725383689,-0.009125846120332404,-0.0366566527931701,-0.059291106984177055,,,0.13623382486296806,0.13476854302973845,38.726584592207345,0.6481044644450217,-245.68869538122453,-202.1344536004736,-43.55424178075094,-1.4083434370234293,-876.849609375,272.1568080357143,24186.715808511093,23070.064269613904,0.04725889225000683,261840.0,1.1434463794683776,0.3131578947368421,-4386100,-0.013398680878769675,-0.027599659486080234,-0.04276374234098181,-0.11078136917850154,0.00978307456019904,0.00706713364685602,0.005116068373097776,False,False,False,False
2025-01-17,23277.099609375,23292.099609375,23100.349609375,23203.19921875,272900,valid,23198.03984375,23396.1099609375,23590.9650390625,23953.2580859375,24339.038315007718,24339.038315007718,23366.27514268346,23593.9854859752,23982.977322764185,24978.697509345846,-0.004658651792672774,-0.009743327625205356,-0.03125039243203487,-0.05185090004042392,,,0.13309116086795383,0.13286233326583524,39.798119596275285,0.6985592480555864,-249.53257006142667,-211.6140768926642,-37.91849316876247,-2.273105488359395,-801.55078125,264.685546875,24158.31385100358,23023.61622712142,0.04809882181603418,261930.0,1.0418814186996526,-0.08851035404141616,-4659000,-0.016437047813450067,-0.0313134382177365,-0.04666737779681899,-0.11492392914705611,0.005078846829688581,-0.0014885667649884272,0.008237710162256275,False,False,False,False
2025-01-20,23290.400390625,23391.099609375,23170.650390625,23344.75,301500,valid,23249.8,23368.9798828125,23578.8275390625,23930.4720703125,24326.912847751526,24326.912847751526,23361.970114146767,23570.24877302518,23957.948800302845,24962.43932517325,0.006100485537167577,0.01121031579848597,-0.010291467938526755,-0.04463792433140312,,,0.12536680571260728,0.13361518565478722,43.49484502905653,0.8631636933548976,-238.40867656231057,-216.9729968265935,-21.435679735717088,-3.4888279296147795,-271.30078125,264.04617745535717,24156.77593673935,23000.87914138565,0.04902265786705263,254870.0,1.1829560167928748,0.10480029314767325,-4357500,-0.009927446081647091,-0.02447599314345034,-0.040373509532357486,-0.10952453537752471,0.011210315798486059,0.0037581529621369897,0.009465239543015182,False,False,False,False
2025-01-21,23421.650390625,23426.30078125,22976.849609375,23024.650390625,312900,valid,23219.519921875,23300.6548828125,23542.38759765625,23906.9780859375,24311.22293862952,24311.22293862952,23294.506169442415,23518.287022320405,23921.348862668423,24943.157843237448,-0.013711845677293555,-0.006532622492676166,-0.030681810519952446,-0.05634359771104136,,,0.1303850814288787,0.13623586958094916,35.79553267524987,0.3592357842022775,-252.51147896685143,-224.08069325464507,-28.430785712206358,-4.082940290463344,-683.25,277.57840401785717,24164.214762428528,22920.56043288397,0.05282617680070693,261025.0,1.198735753280337,0.037810945273631935,-4670400,-0.02199170347033075,-0.036906701137250766,-0.05292093084960397,-0.12173459752784442,0.0,0.0032941192612900116,0.019189560273468267,False,False,False,True
2025-01-22,23099.150390625,23169.55078125,22981.30078125,23155.349609375,276000,valid,23207.95,23247.294921875,23513.77255859375,23887.12109375,24297.462541852678,24297.462541852678,23266.674857428934,23483.721554420845,23891.30967626476,24925.368706582103,0.0056764909144164655,-0.002492099810536774,-0.024119572390366995,-0.04240765974426053,,,0.13287288794364602,0.1358529101037498,26.655988562956693,0.0,-250.25691093374553,-229.31593679046517,-20.940974143280357,-1.9507968378894902,-533.599609375,256.4677734375,24152.154980069634,22875.39013711787,0.05429859627034354,265940.0,1.037828081522148,-0.11792905081495686,-4394400,-0.015243106920661099,-0.03063456167459485,-0.04700544060970869,-0.11674913195026485,0.0056764909144165375,0.003235662593614639,0.00814965039044912,False,False,False,False
2025-01-23,23128.30078125,23270.80078125,23090.650390625,23205.349609375,275600,valid,23186.659765625,23215.1798828125,23486.530078125,23868.4020703125,24284.614154411764,24284.614154411764,23254.40980781815,23457.209940606954,23864.409281484768,24908.254088699447,0.0021593282262408753,-0.004566407068844702,-0.02294084375279093,-0.04658341655535847,,,0.13319969021837968,0.1351505551783638,30.777200515121606,0.2134875228115665,-241.64997688008225,-231.7827448083886,-9.86723207169365,-2.119760809560034,-321.150390625,253.58928571428572,24128.920621144636,22844.139535105365,0.05470289062563127,270835.0,1.01759373788469,-0.0014492753623188692,-4118800,-0.011971988531924006,-0.027779507777028905,-0.04444231801149266,-0.11484190342003325,0.007848076547714954,-0.0011681459611410329,0.0077891753626382725,False,False,False,False
2025-01-24,23183.900390625,23347.30078125,23050.0,23092.19921875,264300,valid,23164.459765625,23181.2498046875,23450.47001953125,23852.5770703125,24270.74886446221,24270.74886446221,23221.967690004523,23422.447014715817,23834.12653392654,24890.18389098851,-0.004876047658393667,-0.004783823082047389,-0.03028551823950887,-0.05618420076846642,,,0.13304409515260976,0.1348210360940691,35.47885161371359,0.45704302488551485,-241.17904857586836,-233.66200556188457,-7.517043013983795,-2.519107092887296,-339.30078125,236.39299665178572,24096.560727732,22804.3793113305,0.055102580687094074,275210.0,0.9603575451473421,-0.04100145137880984,-4383100,-0.015277766308430358,-0.03187822637868704,-0.04855843766064711,-0.11915797648417023,0.002933761294047879,-0.0009243221546351743,0.012823587758780276,False,False,False,False
2025-01-27,22940.150390625,23007.44921875,22786.900390625,22829.150390625,257400,valid,23061.33984375,23155.569921875,23409.68251953125,23837.9790625,24254.17876706178,24254.17876706178,23143.40423012862,23365.942574326215,23794.715704777464,24869.676094964994,-0.011391241935562957,-0.022086319595412296,-0.034500039607840205,-0.062105441798866456,,,0.13628387882087897,0.1362550030959213,27.752636534094947,0.05680869158686442,-259.0455605688512,-238.73871656327793,-20.306844005573282,-2.964102647546385,-256.798828125,245.40373883928572,24105.197508472073,22714.167530590425,0.059421138100488075,269835.0,0.9539162821724387,-0.026106696935300766,-4640500,-0.024798804017179512,-0.04232022644327292,-0.05875393226556206,-0.1291918610810499,0.0,-0.0065844238863807325,0.009614096872491828,False,False,False,True
2025-01-28,22960.44921875,23137.94921875,22857.650390625,22957.25,361900,valid,23047.859765625,23133.68984375,23375.30498046875,23826.470078125,24239.440940163353,24239.440940163353,23106.173384102898,23327.019472009433,23761.87391243325,24850.64697959221,0.005611229817278129,-0.0029273143991990214,-0.02907830721903215,-0.05156296560540474,,,0.13865794624494304,0.1365912965074482,32.44569190111147,0.29991891652823705,-259.87268163236877,-242.9655095770961,-16.907172055272667,-2.0239848067772015,-218.80078125,249.19656808035714,24089.602354505834,22661.007606431667,0.06111555546624226,278250.0,1.30062893081761,0.4059829059829059,-4278600,-0.017884471702852938,-0.036481277976758604,-0.05289688583695165,-0.12430555648681949,0.0056112298172780566,0.005751367259769731,0.012207898262552369,False,False,False,False
2025-01-29,23026.75,23183.349609375,22976.5,23163.099609375,226300,valid,23049.409765625,23128.6798828125,23346.31494140625,23820.6560546875,24227.347217345505,24227.347217345505,23117.55862915732,23311.40805652044,23738.39256721528,24833.855463470645,0.008966649288351114,0.0003346958750674034,-0.02441996435612126,-0.046956615517075306,,,0.14224094641952922,0.1377050159585056,41.45945811962203,0.7668511305293956,-241.13814745413038,-242.60003715250298,1.4618896983726017,0.33418764762047637,-50.099609375,252.02873883928572,24044.680671981412,22647.949210831088,0.05982663493813868,281820.0,0.802994819388262,-0.3746891406465874,-4052300,-0.007847719543365937,-0.027604464117314046,-0.04392753356044526,-0.11645351152807895,0.014628193035477103,0.0030273660826100686,0.008983013641742756,False,False,False,False
2025-01-30,23169.5,23322.05078125,23139.19921875,23249.5,361900,valid,23058.23984375,23122.4498046875,23299.357421875,23815.2760546875,24216.48224826389,24216.48224826389,23143.946903325857,23305.51205113754,23719.22030967743,24818.090732490837,0.003730087599762788,0.001902595365646409,-0.03882607650524372,-0.03108308991187181,,,0.12294057143736327,0.13571961212760492,45.705323547901244,1.0,-216.81974168110537,-237.44397805822348,20.62423637711811,0.3169186132842894,-62.30078125,247.07170758928572,23874.70880116775,22724.00604258225,0.04938774652665511,285755.0,1.2664695280922469,0.5992045956694654,-3690400,-0.0021398625280622764,-0.023756854776249357,-0.03993074792410085,-0.11315780572761588,0.018412845076688462,0.0002763184000818921,0.007891908004057058,False,False,False,False
2025-01-31,23296.75,23546.80078125,23277.400390625,23508.400390625,304900,valid,23141.480078125,23152.969921875,23274.53994140625,23818.4460546875,24208.701128949175,24208.701128949175,23216.837600785686,23324.834750136346,23710.952861871454,24805.058987795655,0.011135740150325812,0.018023453198734662,-0.020677141373061536,-0.02911211474194597,,,0.1293389820855738,0.1364015210899883,60.39367119872601,1.0,-174.642956804164,-224.8837738074116,50.2408170032476,1.2716953363177907,305.201171875,240.86104910714286,23757.118731838273,22791.961150974224,0.041468384908738755,285385.0,1.0683813094591517,-0.15750207239568936,-3385500,0.010047908564787794,-0.01301703995930852,-0.0289276460803898,-0.10328216149785385,0.029753625885216482,0.0020323017699305362,0.011563861509652634,False,False,False,False
2025-02-01,23528.599609375,23632.44921875,23318.30078125,23482.150390625,281000,valid,23272.080078125,23166.7099609375,23267.844921875,23809.9440625,24200.803838315216,24200.803838315216,23269.900158753553,23339.817192087645,23701.98021594022,24791.89571817207,-0.0011166221250199504,0.02860378020323351,-0.005669889172634668,-0.04092053229166881,,,0.11628279526138537,0.1342310764203925,57.775339073109215,0.9223914649419106,-141.70225119625684,-208.24746928518064,66.5452180889238,0.7307441024119177,137.400390625,250.51450892857142,23733.907228934793,22801.782614815205,0.040060633773747634,285530.0,0.9841347669246664,-0.0783863561823549,-3666500,0.009210370340251146,-0.01376709122098547,-0.029695437080996007,-0.10428345647622543,0.028603780203233512,0.0008592340786425995,0.013351769451456311,False,False,False,False
2025-02-03,23319.349609375,23381.599609375,23222.0,23361.05078125,329700,valid,23352.840234375,23200.35,23250.50244140625,23792.7270703125,24191.774235551075,24191.774235551075,23288.13028325284,23341.83943867454,23688.610434187663,24777.65845511812,-0.005157091976693451,0.017589248766729515,-0.014630127664622572,-0.034641378452594296,,,0.11643648317840526,0.13261833014871682,53.60200379899582,0.7986919412025786,-123.93953329181386,-191.3858820865073,67.44634879469345,0.6803008542565214,336.400390625,258.58231026785717,23671.226162695344,22829.778720117156,0.03619050576213248,288900.0,1.1412253374870198,0.17330960854092536,-3996200,0.00475466455498515,-0.018143203500246338,-0.03433908758458415,-0.10890274907622344,0.023299175901150916,-0.006932958802401525,0.006844084935835291,False,False,False,False
2025-02-04,23509.900390625,23762.75,23423.150390625,23739.25,376700,valid,23468.0703125,23258.7400390625,23253.01748046875,23783.6220703125,24186.96014793883,24186.96014793883,23378.354226602278,23379.68806356268,23690.59629951364,24767.32603267913,0.016189306820631133,0.024873630919059364,0.0021233859208151795,-0.016934977844330068,,,0.13097400133371032,0.13693292000009055,59.16506275765144,0.9635834964025662,-78.4407193832958,-168.796849545865,90.3561301625692,1.689887447927263,583.900390625,274.52859933035717,23685.22167852951,22820.813282407988,0.037174031148756385,294415.0,1.2794864392099587,0.1425538368213528,-3619500,0.02091051279429261,-0.0018656565506011248,-0.018510393418619927,-0.09447650227399752,0.0398656802291136,0.006371700090411574,0.014444961643071083,False,False,False,False
2025-02-05,23801.75,23807.30078125,23680.44921875,23696.30078125,267000,valid,23557.43046875,23307.83515625,23261.50751953125,23772.050078125,24181.7953125,24181.7953125,23441.94353753182,23409.841655723376,23690.820004679772,24756.66906500322,-0.001809207062143936,0.019217651186046902,0.007217426359636958,-0.018433140949290605,,,0.1286018796666258,0.13697029864101015,60.87901518859925,1.0,-45.32573768137445,-144.1026271729669,98.77688949159244,2.917092677761035,490.951171875,268.4857700892857,23722.071934798132,22800.943104264366,0.03959884499146716,294305.0,0.9072220995226041,-0.2912131669763738,-3886500,0.018691534130093748,-0.0031864856680873955,-0.02007686050501957,-0.09611478178102066,0.03798434789676199,0.002632770622492286,0.005329505708613862,False,False,False,False
2025-02-06,23761.94921875,23773.55078125,23556.25,23603.349609375,307000,valid,23576.4203125,23358.9501953125,23270.1,23765.8340625,24175.76983642578,24175.76983642578,23474.224751900456,23428.27098464258,23687.389793099195,24745.193249524335,-0.003922602634608197,0.0040389485108422996,0.007334127536649415,-0.011727770424177386,,,0.128549812565548,0.13546900967614078,55.83036317407643,0.8524779216710198,-26.279327122243558,-120.53796716282223,94.25864004057867,1.9347580907118633,511.150390625,268.26088169642856,23750.02323168098,22790.176768319016,0.04124805924177232,296605.0,1.03504661081236,0.14981273408239693,-4193500,0.014320935852231037,-0.0068368925196436395,-0.023677435338100884,-0.09966036431938985,0.03391274775902006,0.0027704086855592737,0.009144905548343359,False,False,False,False
2025-02-07,23649.5,23694.5,23443.19921875,23559.94921875,368100,valid,23591.980078125,23432.030078125,23293.8,23754.4110546875,24169.421170264177,24169.421170264177,23491.369645270366,23440.811768843287,23682.392123516875,24733.399776581307,-0.0018387386257991967,0.003313104925691146,0.020531969273112072,3.813555598397578e-05,,,0.11592708904383861,0.13260707390145257,63.789267562294285,1.0,-14.519585598740377,-99.33429085000586,84.81470525126548,1.5280942340629045,730.798828125,254.10728236607142,23782.173718813952,22805.426281186046,0.041931648663073695,299185.0,1.2303424302688972,0.1990228013029316,-4561600,0.011425753580351885,-0.008186346337520679,-0.0252166548474903,-0.10131585358385375,0.03201165245400938,0.0019552475131186277,0.010626050497896361,False,False,False,False
2025-02-10,23543.80078125,23568.599609375,23316.30078125,23381.599609375,234200,valid,23596.08984375,23474.4650390625,23304.07744140625,23736.52203125,24161.382174744896,24161.382174744896,23469.415638091294,23435.172515560593,23670.596338648567,24719.949028648905,-0.007570033692307909,0.0008796191711331058,0.008869018715272015,-0.006420836299756427,,,0.11927676613893824,0.13350286424682237,55.68853689102601,0.7752084354131411,-19.367966798574344,-83.34102603971957,63.97305924114522,1.2532387577447235,424.349609375,258.6821986607143,23790.66569286777,22817.489189944732,0.0417599240034242,295335.0,0.7929977821795589,-0.3637598478674273,-4795800,0.0033265495346753923,-0.014952587468700358,-0.032273922068290356,-0.10811892285096693,0.02419928947407821,-0.000685419028286716,0.010716146915664006,False,False,False,False
2025-02-11,23383.55078125,23390.05078125,22986.650390625,23071.80078125,268000,valid,23462.6,23465.33515625,23297.00751953125,23708.8150390625,24150.376302083332,24150.376302083332,23389.892666723037,23400.565683721492,23647.114159927056,24703.549543600162,-0.013249684936046169,-0.02811585112208681,-0.006091294705547923,-0.01628733882251565,,,0.12868379454038265,0.13605776459071528,47.03019879170087,0.5349435201787001,-47.659135317833716,-76.20464789534239,28.545512577508674,1.0628971576824187,-91.298828125,274.62862723214283,23793.17016694705,22800.84487211545,0.04259453897671947,297335.0,0.9013402391242201,0.14432109308283514,-5063800,-0.00966676677648171,-0.026868245281890326,-0.04466081635093565,-0.11993606612361314,0.010628971576824279,8.344903289754673e-05,0.01725145998564362,False,False,False,False
2025-02-12,23050.80078125,23144.69921875,22798.349609375,23045.25,279700,valid,23332.38984375,23444.91015625,23283.67998046875,23680.3710546875,24139.3250390625,24139.3250390625,23320.96413337843,23366.726094795635,23623.511643851485,24687.049050629015,-0.0011507892904301098,-0.027474785505978705,-0.01143415662098446,-0.020122456789336107,,,0.12758990831428899,0.13592588813794812,48.91414136851254,0.5872220635124942,-71.39946772958501,-75.24361186219092,3.844144132605905,0.38332117304991087,-204.25,278.13211495535717,23792.332082106965,22775.027878830537,0.04369172760189892,296350.0,0.9438164332714696,0.04365671641791047,-5343500,-0.010240218928827188,-0.026820570219138497,-0.045323348407300394,-0.1209488342736119,0.009465950579735254,-0.0009102020340374249,0.015025491420529214,False,False,False,False
2025-02-13,23055.75,23235.5,22992.19921875,23031.400390625,265700,valid,23218.0,23397.21015625,23275.0900390625,23646.8310546875,24110.24853515625,24128.355488087873,23263.051384827748,23334.79031344605,23600.29159470535,24670.574934609074,-0.0006009745771905495,-0.02423169711992179,-0.007404100895973542,-0.013640315147891546,,,0.12666402975667104,0.13517322124970918,55.28717133882583,0.7287451720450068,-90.29058626181723,-78.25300674211618,-12.03757951970104,-0.5685733816759853,-477.0,273.7036830357143,23795.139664013863,22755.040414111136,0.0446872277682764,295990.0,0.8976654616710024,-0.05005362888809439,-5609200,-0.010469976615708717,-0.026025925530537567,-0.045463317962321864,-0.12147712167626315,0.008859287206897363,0.0004556253457870928,0.010552715971070124,False,False,False,False
2025-02-14,23096.44921875,23133.69921875,22774.849609375,22929.25,254500,valid,23091.86015625,23341.9201171875,23254.3150390625,23611.8600390625,24080.13703125,24116.599551930147,23196.2911078622,23296.16742645119,23573.97623805024,24653.248318344307,-0.004435266153706374,-0.02676997360622757,-0.017798434337484847,-0.04090809273337581,,,0.1250683518354742,0.12577179635265096,49.25796333295376,0.3492419061323824,-112.21111671429026,-85.044628736551,-27.16648797773925,-1.3774489773973664,-552.900390625,277.2787388392857,23795.418389229293,22713.21168889571,0.04653788763572253,293640.0,0.8667075330336467,-0.04215280391418896,-5863700,-0.013978697653164953,-0.028909625837744993,-0.049233705165333666,-0.12537360446374918,0.004384727756496221,0.0028243540132921454,0.015537003371223018,False,False,False,False
2025-02-17,22809.900390625,22974.19921875,22725.44921875,22959.5,207400,valid,23007.440234375,23301.7650390625,23251.05751953125,23578.6700390625,24049.69052734375,24105.365575697815,23148.93288628976,23264.103862027267,23549.879130675723,24636.39510124636,0.0013192755977626813,-0.0180526403850384,-0.002829593045700629,-0.0521181397935897,,,0.11561917337340148,0.12251069416929404,44.050620774515664,0.0,-125.69345690680348,-93.1743943706015,-32.51906253620197,-2.334911697538966,-401.55078125,278.89662388392856,23798.726992799813,22703.388046262684,0.047109209790437596,288365.0,0.7192273680925216,-0.1850687622789784,-5656300,-0.012539538009672708,-0.026259752481235347,-0.047535706193688125,-0.12421973120295907,0.005709788018590883,-0.0052051248677998626,0.010905352313692596,False,False,False,False
2025-02-18,22963.650390625,22992.5,22801.5,22945.30078125,210600,valid,22982.140234375,23222.3701171875,23240.555078125,23545.3750390625,24016.98302734375,24094.211106520434,23108.20646528181,23233.741663858003,23526.170175796284,24619.568292092164,-0.0006184463402948426,-0.005482883681225403,-0.009071287269182826,-0.05163153686788324,,,0.11357711007612165,0.12251039513202977,40.71939993993679,0.0,-135.95684109573267,-101.73088371562774,-34.22595738010493,-2.2862029262419314,-793.94921875,279.47865513392856,23803.787282308906,22677.32287394109,0.04846977211091186,285095.0,0.7387011347094828,0.015429122468659573,-5866900,-0.012704270439431306,-0.025485865347948698,-0.047684081466336646,-0.12476135430509905,0.005087810480792059,0.00018077007883446938,0.00831749293997162,False,False,False,False
2025-02-19,22847.25,23049.94921875,22814.849609375,22932.900390625,207000,valid,22959.6703125,23146.030078125,23226.9326171875,23511.19703125,23984.5225390625,24083.151004464286,23073.14525035045,23205.09011402629,23502.90469402486,24602.78552690344,-0.0005404326900405598,-0.004875174249574177,-0.011740793538397298,-0.05528344003085106,,,0.11316392399064241,0.12220325651148284,29.334219843233626,0.0,-143.43779330391408,-110.07226563328501,-33.36552767062906,-1.8327531352683946,-763.400390625,275.0357142857143,23806.686739855082,22647.178494519918,0.04992085112767536,281665.0,0.7349155912165161,-0.017094017094017144,-6073900,-0.012659107055096961,-0.024596648135624753,-0.04776163275420496,-0.12523436188081938,0.004544628171646979,-0.004273240180408673,0.010290061577432733,False,False,False,False
2025-02-20,22821.099609375,22923.849609375,22812.75,22913.150390625,240800,valid,22936.0203125,23077.01015625,23217.98017578125,23478.4860546875,23955.545546875,24072.113262824292,23041.146278405362,23177.286330845214,23479.77707428369,24585.973236990223,-0.0008612081186238907,-0.005134294832029984,-0.007753649898344039,-0.04185806242953205,,,0.11202759924925139,0.11869865857125077,29.47180021984836,0.00399303979308163,-149.23981804474897,-117.90577611557781,-31.334041929171164,-3.479889252503765,-690.19921875,261.1787109375,23811.852176162003,22624.108175400495,0.051156215647063366,280490.0,0.8584976291489893,0.16328502415458934,-6314700,-0.01312903977212532,-0.02407888067167896,-0.048145456094589485,-0.12598771715026086,0.0036795061823455054,-0.0048751261003036625,0.004868284669743076,False,False,False,False
2025-02-21,22857.19921875,22921.0,22720.30078125,22795.900390625,242800,valid,22909.350390625,23000.6052734375,23216.31767578125,23439.038046875,23925.535546875,24060.186039719625,22992.097100849292,23140.963860348053,23452.95838080688,24568.161566877137,-0.005117148798882476,-0.005815698698169336,-0.0014564711971783995,-0.055331055789570094,,,0.1058828332269884,0.11727037940591771,29.553892050553344,0.006375617561492868,-161.43810161042347,-126.61224121454694,-34.82586039587653,-3.799750851143202,-764.048828125,256.9321986607143,23814.93999605375,22617.695355508753,0.05156910140809861,279760.0,0.8678867600800686,0.008305647840531671,-6557500,-0.01810869798679662,-0.027438739378459556,-0.05254679440165118,-0.1304601680536539,0.0,-0.002441880357835587,0.008780569169006687,False,False,False,True
2025-02-24,22609.349609375,22668.05078125,22518.80078125,22553.349609375,214300,valid,22828.1203125,22917.7802734375,23196.12265625,23396.7400390625,23898.568046875,24046.23385054977,22904.347602554433,23085.00059835062,23417.679605456608,24548.113686702985,-0.010640105330068539,-0.01768986217578783,-0.01759358767382857,-0.0709629909493168,,,0.10998929528743534,0.11802977013866198,2.4269889697989555,0.0,-188.5041912090528,-138.99063121344813,-49.51355999560468,-4.448521152196772,-828.25,248.0322265625,23855.693499374116,22536.551813125887,0.05686905979059382,272380.0,0.7867684852044937,-0.11738056013179576,-6771800,-0.027710365926255854,-0.036047347975803515,-0.06208391095475587,-0.1397121634542531,0.0,-0.00818352326748719,0.006601251366298183,False,False,False,True
2025-02-25,22516.44921875,22625.30078125,22513.900390625,22547.55078125,250300,valid,22748.5703125,22865.3552734375,23165.34521484375,23360.9710546875,23873.89755859375,24032.48446459289,22832.988238293547,23033.814901483896,23383.55690646811,24528.207588141264,-0.00025711604818956513,-0.01733470412055027,-0.026574544793472432,-0.07807939922988716,,,0.10375088951167637,0.11666336382431233,2.5015505478602478,0.001215104454586066,-208.0242056315219,-152.7973460970629,-55.22685953445901,-4.297116382128241,-524.25,246.92857142857142,23886.020336722093,22444.670092965407,0.062220106386893216,273580.0,0.914906060384531,0.16798880074661682,-7022100,-0.02666890684615757,-0.03481962592793344,-0.06178860473334106,-0.1399333572630913,0.0,-0.001636137924703708,0.0049475114634075675,False,False,False,True
2025-02-27,22568.94921875,22613.30078125,22508.400390625,22545.05078125,289200,valid,22671.000390625,22815.3353515625,23130.12275390625,23327.895078125,23851.39056640625,24018.962340198865,22775.400746884836,22987.265937652097,23350.674313322303,24508.47468459011,-0.00011087678764998277,-0.01691236619741099,-0.03029954273210178,-0.07856963021820929,,,0.10215200816533493,0.1166343992640439,2.703792606817103,0.004510973897439347,-221.1464482060328,-166.46716651885689,-54.679281687175916,-3.5778083711158093,-500.19921875,238.89997209821428,23900.616883811967,22359.628624000532,0.06662257162259072,269945.0,1.0713293448665469,0.15541350379544538,-7311300,-0.025294806209251158,-0.03355829123258902,-0.061364497686150314,-0.14002871868960287,0.0,0.0009490360042916247,0.004647996218532411,False,False,False,True
2025-02-28,22433.400390625,22450.349609375,22104.849609375,22124.69921875,551300,valid,22513.31015625,22724.665234375,23060.9376953125,23291.355078125,23822.5060546875,24001.896906672297,22645.260441257873,22905.116726328088,23302.59685863319,24484.755525726032,-0.018644959666695105,-0.034410421894564,-0.058859860683111886,-0.10456772316411556,,,0.10776854525507575,0.11954551773469893,2.022396790907564,0.0,-262.43953842018163,-185.66164089912183,-76.7778975210598,-4.105017945845346,-906.701171875,252.39285714285714,23930.534309356313,22191.341081268685,0.07541728142482024,282265.0,1.9531291516837015,0.9062932226832643,-7862600,-0.040598456529926996,-0.05008965152356947,-0.07821038875475103,-0.15606284854415137,0.0,-0.004952323758696346,0.015401142670479226,False,False,False,True
2025-03-03,22194.55078125,22261.55078125,22004.69921875,22119.30078125,282400,valid,22377.990234375,22643.6703125,22992.79521484375,23261.99109375,23793.8795703125,23985.088012695312,22540.0685092563,22830.27711251113,23256.193090892677,24461.21866259692,-0.00024400049223838316,-0.02968075828464567,-0.058037683376693794,-0.1036761753074823,,,0.10801575269183428,0.11958323322939993,2.2868178710800606,0.00496427671790138,-292.2315552441396,-206.9756237681254,-85.25593147601421,-4.0179612664215,-809.94921875,252.71805245535714,23934.052356099925,22051.538073587577,0.08187409425092557,282335.0,1.000230222962084,-0.4877562125884274,-8145000,-0.037989919252176776,-0.04912263562885705,-0.07778946779172755,-0.15626876962452482,0.0,0.0031571756890056593,0.01157273084873557,False,False,False,True
2025-03-04,21974.44921875,22105.05078125,21964.599609375,22082.650390625,253300,valid,22283.850390625,22555.9853515625,22928.8751953125,23228.5751171875,23764.72158203125,23968.252281526547,22448.584885530043,22759.07456756959,23210.171808529238,24437.551316607147,-0.0016569416451024388,-0.020870479414478615,-0.054723582538978355,-0.10302407122039892,,,0.10778707570641813,0.11957723781838667,2.8819119461279,0.01613665245963063,-315.1662827173968,-228.6137555579797,-86.55252715941714,-4.1193760861636175,-876.849609375,234.95382254464286,23936.15081632539,21921.59957429961,0.08786088392323876,278515.0,0.9094662765021633,-0.1030453257790368,-8398300,-0.03690651187549307,-0.049332544970207774,-0.0786708129050723,-0.15766678303740744,0.0,-0.006548650155469073,0.00639156733699419,False,False,False,True
2025-03-05,22073.05078125,22394.900390625,22067.80078125,22337.30078125,305900,valid,22241.800390625,22495.1853515625,22858.777734375,23200.768125,23738.45208984375,23953.94568941886,22426.328064674035,22718.905635539155,23175.941572165346,24416.653301329963,0.011531695069225467,-0.009324737841364117,-0.059056171477616215,-0.09235047989952017,,,0.09770751032354509,0.12262621817775553,22.297037027978874,0.3806388069629725,-309.22945646889275,-244.7368957401623,-64.49256072873044,-2.5816335848315997,-608.0,233.57882254464286,23822.798887447807,21894.75658130219,0.08434581798510729,274975.0,1.1124647695245022,0.20765890248716934,-8092400,-0.022812984980417488,-0.037217187771450076,-0.0674897125145849,-0.1479532532327151,0.01153169506922546,-0.00043471273625177853,0.014818957860272557,False,False,False,False
2025-03-06,22476.349609375,22556.44921875,22245.849609375,22544.69921875,372100,valid,22241.730078125,22456.365234375,22801.19765625,23176.658125,23712.61958984375,23941.69137228261,22450.002295489227,22702.314548225902,23151.186970070627,24398.026892548074,0.009284847776867,-1.559377725124378e-05,-0.04859836871294354,-0.0851034216661507,,,0.10702390821060914,0.12450678173645449,33.46015226236385,0.6655526285150477,-284.50950976173044,-252.69141854447597,-31.818091217254477,-1.8066629554215008,-388.201171875,238.38588169642858,23689.156981297456,21913.23833120254,0.0778870775504251,280230.0,1.327837847482425,0.2164105916966328,-7720300,-0.011249340555130454,-0.027267041816021166,-0.05834976868634743,-0.14004212889020606,0.02092361287941953,0.0062249610857959175,0.013818952577844193,False,False,False,False
2025-03-07,22508.650390625,22633.80078125,22464.75,22552.5,289800,valid,22327.290234375,22420.3001953125,22748.65517578125,23151.4401171875,23687.57109375,23929.715584590518,22470.50183639138,22688.04649601391,23127.7090496757,24379.66344088093,0.00034601398645017767,0.01933589139541625,-0.04452120681030858,-0.08131588565903836,,,0.10732562786681588,0.12446441061029781,36.31939381388316,0.8160467840932835,-261.2774719881818,-254.40862923321714,-6.868842754964646,-1.7119007721658641,-360.650390625,224.82882254464286,23557.608937676963,21939.701413885534,0.07112101842019618,279370.0,1.0373340015033825,-0.22117710292932002,-7430500,-0.008622715244727078,-0.025870533934640633,-0.05755252626058676,-0.13974457143904415,0.02127686672857306,-0.001598993527268657,0.007510480562637854,False,False,False,False
2025-03-10,22521.849609375,22676.75,22429.05078125,22460.30078125,293900,valid,22395.490234375,22386.740234375,22693.67275390625,23127.748125,23662.46109375,23917.156483707266,22468.461625363107,22666.35642794116,23101.536176404104,24360.565304964206,-0.004088203913091726,0.015416400517011652,-0.04667448249951467,-0.09318362290509619,,,0.1075074129472431,0.12269876589984621,32.65342411458418,0.7915607109344085,-247.45313537655602,-253.01753046188495,5.5643950853289255,-2.0607930149480813,-335.599609375,224.75376674107142,23415.20887775503,21972.136630057466,0.06358918908131206,275660.0,1.0661684684031052,0.014147688060731634,-7724400,-0.010283570014733661,-0.0288591582778662,-0.060912579781367326,-0.1432614710483454,0.017101678645663306,-0.0013590684236780845,0.010998173908722493,False,False,False,False
2025-03-11,22345.94921875,22522.099609375,22314.69921875,22497.900390625,347900,valid,22478.540234375,22381.1953125,22649.48779296875,23104.8101171875,23639.9416015625,23905.128889698095,22474.349378415485,22650.31299581581,23077.864184804926,24342.03132571705,0.0016740474556060647,0.018804355122892913,-0.037794643374000625,-0.08798149886493767,,,0.10657519328032462,0.12277217304725321,34.70215587881346,0.9528460776322104,-230.80272462954235,-248.57456929541644,17.771844665874085,-1.8122780714165843,-55.44921875,225.92522321428572,23298.20402155979,22000.77156437771,0.057283081588487626,281345.0,1.2365600952567133,0.18373596461381414,-7376500,-0.006692751894848961,-0.026267678612559686,-0.05886722073602956,-0.14182725009383415,0.018804355122892805,-0.0050912747613541046,0.009281341714093526,False,False,False,False
2025-03-12,22536.349609375,22577.400390625,22329.55078125,22470.5,369700,valid,22505.180078125,22373.490234375,22619.42275390625,23079.362109375,23616.10609375,23893.073184742647,22473.57950273239,22633.187948595256,23054.045981479245,24323.40912347111,-0.0012179087892316698,0.00596308479947627,-0.026062152102954372,-0.07665598290598286,,,0.09777987982344767,0.12021340296430284,34.34980175230078,0.9425724631149791,-217.3130866909487,-242.3222727745229,25.009186083574207,-1.4274513620827323,-77.05078125,226.8359375,23240.8922820345,21997.953225777997,0.054950078513469294,286430.0,1.2907167545299025,0.06266168439206665,-7746200,-0.006583844138132589,-0.02638123646960228,-0.059539146502554416,-0.14287242622862395,0.017563544344281166,0.001709013644936485,0.010997770875541258,False,False,False,False
2025-03-13,22541.5,22558.05078125,22377.349609375,22397.19921875,287500,valid,22475.680078125,22358.705078125,22587.02021484375,23043.5330859375,23592.26708984375,23880.607568359374,22458.30344593591,22610.712831467135,23028.287284901628,24304.24285576244,-0.003262089461738671,-0.0065425579010309765,-0.028120796313773955,-0.0744519024543635,,,0.0980236408250404,0.1199458863885471,33.14820839632813,0.9075375195259617,-210.11513539500083,-235.8808452986185,25.765709903617676,-0.6923600854397804,-147.8515625,231.16099330357142,23182.02074446216,21992.01968522534,0.05268517263090659,286820.0,1.0023708249076075,-0.22234243981606705,-8033700,-0.00840398575324259,-0.028048384107466986,-0.06211769718852616,-0.14566845305438925,0.014244161029626182,0.0031596982710665094,0.008016377431626111,False,False,False,False
2025-03-17,22353.150390625,22577.0,22353.150390625,22508.75,251100,valid,22466.930078125,22397.11015625,22560.8876953125,23013.6130859375,23572.63359375,23869.269902505166,22468.39275674873,22601.002085613123,23007.913273729017,24286.37725520759,0.004980568336268254,-0.0019399179691830248,-0.022692948833356485,-0.06024412738201146,-0.13224465344466607,,0.10060072875970849,0.11914112589112774,40.58616145692599,1.0,-193.1826025660339,-227.3411967521016,34.15859418606772,-0.17208423933239292,384.05078125,232.81459263392858,23118.441763124043,22003.333627500957,0.049426607263098665,286090.0,0.8776958299835717,-0.12660869565217392,-7782600,-0.00231097712185025,-0.02193758468312818,-0.056998806752877454,-0.1414133964029968,0.019295673383295374,-0.001966711448819197,0.010014230900933025,False,False,False,False
2025-03-18,22662.25,22857.80078125,22599.19921875,22834.30078125,272600,valid,22541.730078125,22468.61015625,22556.140234375,22997.9780859375,23556.6216015625,23860.786549052253,22541.574361648985,22623.221009007113,23001.104940690624,24271.92873307866,0.01446329899483545,0.016651602471513538,-0.004140964870198549,-0.03193213434022257,-0.11973984836785945,,0.11385368788112538,0.11955410226670611,58.73522692631408,1.0,-151.74499910954182,-212.22195722358967,60.47695811404785,1.2829866865527784,715.0,237.95396205357142,23101.98178037681,22010.298688373194,0.04839848842311759,286995.0,0.9498423317479399,0.08562325766626833,-7510000,0.012331921329833228,-0.0071170302048240465,-0.0430197791548923,-0.12899540164221315,0.034038051471580004,0.0068195701671572165,0.011411115952740792,False,False,False,False
2025-03-19,22874.94921875,22940.69921875,22807.94921875,22907.599609375,324000,valid,22623.669921875,22551.105078125,22553.54521484375,22981.9720703125,23541.70359375,23853.037061737807,22614.77941119419,22650.304685232626,22997.438064952756,24258.353318912454,0.0032100316461272094,0.01821055350217149,-0.002260519202290978,-0.035609548810592195,-0.11907909832602592,,0.11438117093883139,0.11877701700651136,60.74355456661534,1.0,-111.70315257257971,-192.11819629338768,80.41504372080797,3.538580944691505,824.94921875,239.47893415178572,23091.752595652495,22015.337834035006,0.047727075781817216,292825.0,1.1064629044651242,0.18855465884079248,-7186000,0.015698392033649162,-0.0032361218049503644,-0.03963593608293028,-0.12619944931756233,0.0373573463401035,0.0017801481153028244,0.0058032915715147595,False,False,False,False
2025-03-20,23036.599609375,23216.69921875,22973.94921875,23190.650390625,313700,valid,22767.7,22636.4400390625,22565.8126953125,22972.00609375,23531.80208984375,23847.69523374496,22729.95360708035,22701.76618098428,23005.015018900685,24247.729409178253,0.012356195589090069,0.032048703438953385,0.010692804235344244,-0.022631823680787755,-0.11540259880747561,,0.12256322202620581,0.12168974632549816,66.50136035743704,1.0,-56.47881558410154,-164.99032015153045,108.51150456742891,4.843505768876555,853.349609375,254.06459263392858,23150.771512981562,21980.853877643436,0.051844693170795854,297980.0,1.0527552184710383,-0.03179012345679011,-6872300,0.02768957199765713,0.009517858213283699,-0.02755171251057532,-0.11540259880747557,0.05017513660726123,0.005631318959634967,0.01053757950896582,False,False,False,False
2025-03-21,23168.25,23402.69921875,23132.80078125,23350.400390625,541000,valid,22958.340234375,22717.01015625,22586.6876953125,22968.4841015625,23521.91458984375,23843.716875,22854.04296378928,22763.540867616728,23018.55954328203,24238.800762227478,0.0068885519512889015,0.04255894509689506,0.018205285545594307,-0.016833493666418287,-0.10804669066316552,,0.12449989390447781,0.1225666672866862,86.14359088956132,1.0,0.17533807448853622,-131.95718850632664,132.13252658081518,5.740932259373244,805.701171875,241.90011160714286,23251.19369312119,21922.18169750381,0.05884049992390851,314680.0,1.7192068132706242,0.7245776219317819,-6331300,0.033812514062032964,0.016627840451887733,-0.02068957985708335,-0.10930900365338565,0.05740932259373233,-0.0009659233461626213,0.011649496077606207,False,False,False,False
2025-03-24,23515.400390625,23708.75,23433.5,23658.349609375,311900,valid,23188.26015625,22827.5951171875,22623.94765625,22973.02109375,23513.82958984375,23842.2457062252,23014.904292906427,22848.76074778418,23043.649349795483,24233.02512886576,0.013188177230298859,0.0510734540734159,0.03252277430409145,-0.0065110727030416315,-0.08339516259930357,,0.13160199993321303,0.12549954844771663,88.51183663016481,1.0,69.12624698848958,-91.74050140736341,160.866748395853,5.914093386045516,1105.849609375,249.14997209821428,23433.30924003106,21814.586072468937,0.07154910328458705,318235.0,0.9800933272581582,-0.42347504621072085,-6019400,0.045721549962976595,0.029831884662807704,-0.007713035890834079,-0.09756241293613512,0.07135462414506864,0.007066259988682943,0.011705095189862694,False,False,False,False
2025-03-25,23751.5,23869.599609375,23601.400390625,23668.650390625,338200,valid,23355.130078125,22948.430078125,22667.58515625,22984.6751171875,23507.10759765625,23840.87881397638,23145.653512450142,22926.84547567378,23068.159194533895,24227.409459828537,0.00043539728764163677,0.036539310634819744,0.03828539276996157,0.0010044449165629299,-0.08250022164575399,,0.12927937517059576,0.12465189745427818,90.21704461934978,1.0,123.1815656163999,-48.75608800261075,171.93765361901063,4.985434318592419,1208.349609375,257.25697544642856,23600.640776570373,21734.529535929625,0.08232510114233392,323005.0,1.0470426154393895,0.08432189804424506,-5681200,0.04416285314357727,0.029757883022067867,-0.00722408031579825,-0.09716949405846162,0.07182108904252375,0.003937315669225196,0.011291885512493948,False,False,False,False
2025-03-26,23700.94921875,23736.5,23451.69921875,23486.849609375,278600,valid,23470.980078125,23047.325,22714.26015625,22990.89109375,23499.92259765625,23838.11296081543,23213.892731835116,22980.179202692947,23084.57842648845,24220.040705097657,-0.007681079328545448,0.025286368274174853,0.041390747546074635,-0.0066801650534629164,-0.06983140768859897,,0.12585012131571363,0.12565421306375846,80.26799333102258,0.8271642540707889,149.62619377938972,-9.079631646210661,158.70582542560038,4.142997935373027,988.94921875,254.23563058035714,23714.248485328073,21714.271827171924,0.08804938590992761,326220.0,0.8540248911777328,-0.17622708456534597,-5959800,0.03401341042192905,0.021571957067806923,-0.01473536735134315,-0.10410420679482944,0.06358834623158009,0.0013646248346206237,0.012016429326159307,False,False,False,False
2025-03-27,23433.94921875,23646.44921875,23412.19921875,23591.94921875,510300,valid,23551.23984375,23159.469921875,22766.480078125,22998.46609375,23492.79859375,23836.20471475291,23289.504029218093,23038.443013746,23104.47532030263,24213.791038566837,0.004474827877002596,0.01730433693602773,0.04631981751066716,-0.006357739340666413,-0.05687280279680418,,0.12581559451546434,0.12570284197024986,79.14448094655208,0.8076465035433096,177.02379216174086,28.141053115379645,148.88273904636122,5.038438480951712,1121.44921875,248.78208705357142,23836.442871063475,21696.517285186528,0.09399457353677952,339220.0,1.5043334709038383,0.8316582914572865,-5449500,0.03625809250232513,0.02580533512890593,-0.010247247786545968,-0.10009522732450554,0.06834772101295232,-0.002252340841995442,0.009996181088101514,False,False,False,False
2025-03-28,23600.400390625,23649.19921875,23450.19921875,23519.349609375,295400,valid,23585.0296875,23271.6849609375,22815.19501953125,23002.6170703125,23488.03859375,23833.767367788463,23335.473145249474,23084.243641901143,23120.744900266254,24206.881173599755,-0.0030773044101545244,0.007235388512559782,0.043215641320945464,-0.027670034104482544,-0.051476579277698775,,0.1270033979902486,0.11953298382732801,75.97031885615117,0.7525046958778566,190.68036003638554,60.648914499580826,130.0314455368047,4.540197978544014,1122.150390625,250.92131696428572,23930.468456292605,21699.921582769894,0.09776584734924344,339530.0,0.8700262127057992,-0.421124828532236,-5744900,0.030863404377694335,0.02246407604330393,-0.013192113255179347,-0.10286450825017891,0.06506008985950067,0.0003582227054084757,0.008432060333986984,False,False,False,False
2025-04-01,23341.099609375,23565.150390625,23136.400390625,23165.69921875,314300,valid,23486.499609375,23337.3798828125,22867.24501953125,23001.8670703125,23477.562578125,23828.66761092557,23301.51835994958,23092.001315886748,23122.5078147166,24196.521154148515,-0.015036571865236992,-0.0208235315970553,0.04705148710531559,-0.03495353133234047,-0.07385919578396771,,0.11959795465866559,0.12237282132435787,66.61401052141545,0.5864111543173044,170.9955275232278,82.71823710431022,88.27729041891757,3.093830661311503,656.94921875,263.853515625,23943.309992800885,21791.180046261612,0.09411408959413814,327680.0,0.95916748046875,0.06398104265402837,-6059200,0.013051602804091064,0.0071225587008522445,-0.02782230223697429,-0.1163543505447298,0.04904523727753255,-0.007578866038410694,0.018368886092572593,False,False,False,False
2025-04-02,23192.599609375,23350.0,23158.44921875,23332.349609375,341000,valid,23419.239453125,23387.184765625,22927.8974609375,23001.6190625,23466.04556640625,23824.907626065342,23307.684609834665,23114.891629552298,23130.7369047032,24187.922432309973,0.0071938424586863725,-0.014208701201789076,0.054841192319843746,-0.012013065795922317,-0.06603166129794658,,0.12038760522692495,0.11895331656093655,68.52723330442325,0.6199359799424676,166.9183192220553,99.55825352785924,67.36006569419605,4.17530058777229,498.048828125,262.72140066964283,23962.3998838961,21893.3950379789,0.09023962399701885,330610.0,1.0314267566014337,0.08495068405981554,-5718200,0.017640176083592897,0.014378576828715283,-0.02067407875913294,-0.10999754295324504,0.056591903446542316,0.0011612164334425612,0.008259133709727418,False,False,False,False
2025-04-03,23150.30078125,23306.5,23145.80078125,23250.099609375,283200,valid,23371.889453125,23421.434765625,22986.269921875,23006.128046875,23456.55306640625,23820.585761278195,23296.167609742733,23127.7685800116,23135.41779508249,24178.59086193251,-0.0035251486188494496,-0.010080108824194967,0.052867259957420254,-0.019310051658181893,-0.06993832273658229,,0.12146228109569464,0.11884207969375557,66.89783867856875,0.5913845894867918,155.26046862459043,110.69869654720549,44.561772077384944,3.293606305881047,342.5,258.3427734375,23949.23160668168,22023.30823706832,0.08378581545240384,332105.0,0.8527423555803134,-0.16950146627565987,-6001400,0.011477707709719644,0.010604633774223405,-0.02394929149183873,-0.11313493388547599,0.05286725995742026,-0.00780242158088752,0.006941560728237028,False,False,False,False
2025-04-04,23190.400390625,23214.69921875,22857.44921875,22904.44921875,466800,valid,23234.389453125,23392.8146484375,23014.62734375,23001.1100390625,23444.11556640625,23813.748921408584,23217.823931544186,23106.50006941526,23126.360203853765,24165.91283563219,-0.014866619775066536,-0.02914129704270474,0.025390195666616266,-0.03311670740460959,-0.08251002057942858,,0.1314690618982792,0.12253527625628735,59.833657194178684,0.3878128800219544,116.7842243901141,111.91580211578722,4.868422274326889,0.3072064179762357,-286.201171875,273.4820033482143,23929.31487105623,22099.939816443766,0.07948749407447006,340150.0,1.3723357342348963,0.6483050847457628,-6468200,-0.004787308669150328,-0.004202441540792677,-0.03818381161485759,-0.1263196196151898,0.03721468273001721,-0.0025676973326139146,0.015405081153511375,False,False,False,False
2025-04-07,21758.400390625,22254.0,21743.650390625,22161.599609375,647100,valid,22962.839453125,23273.9345703125,22995.47236328125,22980.2350390625,23424.3185546875,23801.51077835648,23006.57906711035,23016.509549411425,23088.526455050676,24145.96942044555,-0.03243254628305536,-0.05772906234867947,-0.016992890686090112,-0.058015446013006566,-0.1180498091408736,,0.1742468660378846,0.13836192458587127,44.593432946960945,0.0,26.04948614355817,94.74253892134142,-68.69305277778325,-3.2565611968121577,-1188.80078125,340.40694754464283,23965.940362407368,22025.00436415513,0.08440513713262475,353900.0,1.8284826222096637,0.38624678663239065,-7115300,-0.03626247553139035,-0.03562345764940865,-0.06889945702407715,-0.15465529898861757,0.0035751695269113717,-0.05003607889365109,0.023455290839987177,False,False,False,False
2025-04-08,22446.75,22697.19921875,22270.849609375,22535.849609375,468300,valid,22836.86953125,23161.6845703125,22994.63984375,22969.108046875,23410.84255859375,23792.20444623162,22912.43317556328,22970.732412265097,23066.852853259472,24129.948327798087,0.016887318902814252,-0.027188888339930162,-0.0007382946735394746,-0.03822420206239463,-0.10062915828322883,,0.18523457870039545,0.14294238655109726,45.42133476360128,0.018146345418361003,-15.481143378885463,72.69780246129604,-88.1789458401815,-2.8235550543882493,-1122.5,353.7318638392857,23966.735068867732,22022.544618632266,0.08454972391158813,362825.0,1.2907048852752705,-0.27630968938340283,-6647000,-0.019952051325548358,-0.018862658341621864,-0.052805314433804366,-0.14037969343983417,0.020522863457658226,0.01286686862190097,0.018993823576909798,False,False,False,False
2025-04-09,22460.30078125,22468.69921875,22353.25,22399.150390625,383800,valid,22650.2296875,23034.7345703125,22991.58232421875,22960.508046875,23399.2435546875,23782.036168453466,22809.776618575626,22916.296029251756,23040.668442960083,24112.726457776465,-0.006065856008070525,-0.03999593844483784,-0.0027225989188910393,-0.029749646489181103,-0.10300426129808704,,0.18594912473379313,0.14035881260891475,42.34851094497474,0.0,-58.74774357876231,46.40869325328437,-105.15643683204668,-4.073805948021003,-1269.5,357.2925502232143,23971.110227517107,22012.054420920394,0.08520752416996949,367320.0,1.0448655123597952,-0.18043988896006835,-7030800,-0.02576734063969568,-0.024448834281190962,-0.05814833381099823,-0.14559402644104152,0.014332518714980307,-0.003352384287014917,0.005140145711956704,False,False,False,False
2025-04-11,22695.400390625,22923.900390625,22695.400390625,22828.55078125,402200,valid,22565.919921875,22968.9046875,23008.11484375,22957.9340625,23392.2020703125,23775.126854053444,22813.531451110503,22907.939338965876,23032.35010328518,24099.94859034834,0.019170387409190415,-0.01813105471406329,0.014696944376319854,-0.014993926414811676,-0.07762870718201176,,0.19810085189761054,0.14577110182652722,44.780772455248275,0.05081128088900645,-57.722424898278405,25.582469622971818,-83.30489452125022,-3.5074248281299347,-658.298828125,372.69614955357144,23963.420998784273,22052.80868871573,0.0830408020406569,370035.0,1.086924209872039,0.04794163626889003,-6628600,-0.007804379616471656,-0.005635667429733495,-0.03981371281903639,-0.1292147329231898,0.033777666060486364,0.01322594807542313,0.010068119357541214,False,False,False,False
2025-04-15,23368.349609375,23368.349609375,23207.0,23328.55078125,388300,valid,22650.740234375,22942.56484375,23051.0173828125,22961.2430859375,23390.9495703125,23771.91407655126,22916.5353171384,22947.997571564363,23043.965816146545,24092.27299025781,0.02190239778210845,0.01851612140722514,0.0381856559155338,0.004969222958584041,-0.06137832474176985,,0.21151624851244788,0.15262470432267028,49.71319576369607,0.1538523170318833,-16.375267243787675,17.19092224961992,-33.56618949340759,-1.4369201613189997,-263.3984375,391.97474888392856,23981.408777467823,22120.62598815718,0.08072454063125635,370965.0,1.0467294758265604,-0.03455992043759326,-6240300,0.012039963088329287,0.015996855829528412,-0.018650719242612277,-0.11014244762087395,0.05641987572080281,0.023645777311819476,0.006904621510381254,False,False,False,False
2025-04-16,23344.099609375,23452.19921875,23273.05078125,23437.19921875,348400,valid,22905.86015625,22934.3498046875,23103.0173828125,22964.9970703125,23390.1365625,23769.523256138393,23020.668097460722,22994.58820462966,23059.3867338957,24085.754843277635,0.004657316201027051,0.05755900439765127,0.04643437734524225,0.0053791827871512155,-0.054230861899146166,,0.21078970446379822,0.15267423295083635,46.93684758984614,0.09585287646543524,24.872954049544205,18.727328609604776,6.14562543993943,-0.21139655360666865,-82.150390625,379.17466517857144,23995.00651635278,22211.02824927222,0.0772184099384243,374010.0,0.9315258950295446,-0.10275560133917072,-5891900,0.014464856706817611,0.02056182053895966,-0.013981098140139234,-0.1059980996255723,0.06133995712308438,0.0006665149614650369,0.00767424918920642,False,False,False,False
2025-04-17,23401.849609375,23872.349609375,23298.55078125,23851.650390625,505300,valid,23169.0203125,23002.944921875,23170.16240234375,22971.8620703125,23395.1540625,23770.105718085106,23186.86455609358,23076.213174724457,23090.455896904692,24083.425445738805,0.017683476937954135,0.05838700577335332,0.05966126020436491,0.027946627780146782,-0.025353330063772384,,0.21760011246577485,0.156496154962969,52.279521674140504,0.2618973177972439,89.96811602096204,32.975486091876235,56.99262992908581,1.100804217010598,685.951171875,401.00320870535717,24075.86835013263,22264.45645455487,0.07817864476403187,386720.0,1.3066301199834505,0.4503444316877152,-5386600,0.029412309523230366,0.03829852005987297,0.0034305557369840502,-0.09018903763781402,0.08010813777819957,-0.0015082693561234036,0.024519379352610265,False,False,False,False
2025-04-21,23949.150390625,24189.55078125,23903.650390625,24125.55078125,406100,valid,23514.300390625,23082.2650390625,23234.72490234375,22984.730078125,23397.3370703125,23772.608852332745,23374.601801124867,23176.15008963165,23131.04785315353,24083.84460330608,0.011483498464016417,0.07707436936302603,0.05654869892316938,0.033446525717773845,-0.012684382097767566,,0.21576585612946886,0.15770206500070455,57.777468067466316,0.4193110582987805,161.79292518208968,58.738973909918926,103.05395127217075,2.5774572083973046,793.201171875,404.79603794642856,24220.202408961588,22249.247395725914,0.08482799006743819,393395.0,1.032295784135538,-0.19631901840490795,-4980500,0.0383402808791762,0.049633852529368576,0.014846579570193929,-0.07974122484898252,0.09251155791934722,0.00408776744599287,0.011937809315228025,False,False,False,False
2025-04-22,24185.400390625,24242.599609375,24072.0,24167.25,440900,valid,23782.040234375,23173.980078125,23297.707421875,23000.8540625,23396.79056640625,23775.36858063811,23533.131440899895,23270.540557285778,23171.683231461237,24084.674507750795,0.0017284255654137493,0.05864144559932072,0.054988318815799575,0.04962505792662264,-0.009514594084623407,,0.21579645918517343,0.15486746119377345,57.115305271559166,0.4392028639743583,219.54856319799,90.90089176753315,128.64767143045685,4.323421329926269,917.150390625,400.2495814732143,24353.647436754727,22241.76740699527,0.09064754705334406,399240.0,1.1043482616972247,0.08569317901994578,-4539600,0.037323096319278125,0.05071098378914821,0.01648266431844193,-0.07815062605521517,0.094399882826565,0.002480756187399219,0.0070538261355858976,False,False,False,False
2025-04-23,24357.599609375,24359.30078125,24119.94921875,24328.94921875,415000,valid,23982.119921875,23316.430078125,23354.62236328125,23012.648046875,23398.13505859375,23779.212890625,23692.29499646992,23371.341382187133,23217.06621135491,24087.10510189009,0.006690840652122221,0.04288300833089287,0.04908438568782736,0.05068373525657499,0.0061266969129853965,,0.2133814334934717,0.15501624078909526,59.79718087754038,0.66652106596287,275.1958119916708,127.75987581236068,147.4359361793101,4.271321260223893,1424.5,403.1318359375,24504.77168731122,22204.473039251283,0.09849436279802688,404305.0,1.0264528017214727,-0.058743479246994745,-4124600,0.04171880154228533,0.05719903112383216,0.02311835680405278,-0.071982678788892,0.10172233805225875,0.007876345441661752,0.009826566095941406,False,False,False,False
2025-04-24,24277.900390625,24347.849609375,24216.150390625,24246.69921875,358800,valid,24144.019921875,23524.9400390625,23399.4373046875,23023.656015625,23397.853046875,23782.43693426724,23803.175840925935,23454.70879519312,23257.443976350798,24088.693103052876,-0.0033807460922566923,0.03453910991857723,0.03838473058838243,0.044875411355763006,-0.003798455179873872,,0.2136839889665647,0.1552352671508295,64.00114544523618,0.8271081454227844,309.0966956677257,164.02723978343369,145.06945588429204,4.286431568547555,2085.099609375,381.91392299107144,24616.7788588418,22182.0957505332,0.10404878872112328,395195.0,0.9079062235099128,-0.13542168674698796,-4483400,0.03620864480757284,0.05312115514125907,0.019521224244846907,-0.07512006972112296,0.0979976945631367,-0.0020982750905516848,0.005424654382421642,False,False,False,False
2025-04-25,24289.0,24365.44921875,23847.849609375,24039.349609375,387700,valid,24181.559765625,23675.2900390625,23418.4873046875,23032.376015625,23399.1050390625,23784.196610124145,23850.41059461575,23510.388872734253,23288.106942351747,24088.202123016283,-0.00855166336268387,0.007869443651739028,0.016104250984989354,0.04101603236888529,-0.017472621396920407,,0.21247931417424834,0.15598811049282174,59.0615521873351,0.6807942532572798,315.5940380202701,194.34059943080098,121.25343858946911,4.954934212938644,1503.5,405.203125,24664.475925794468,22172.498683580532,0.1064106835677271,398985.0,0.9717157286614785,0.08054626532887399,-4871100,0.026511631456367667,0.04371991813032564,0.010727837624006385,-0.08302933153577044,0.08860798790622977,0.0017445995790341953,0.0213100419685866,False,False,False,False
2025-04-28,24070.25,24355.099609375,24054.05078125,24328.5,320500,valid,24222.149609375,23868.225,23451.47978515625,23047.74703125,23401.07904296875,23787.89935427296,23946.0284756926,23588.304218188132,23328.90667010266,24090.593146667863,0.012028211882747275,0.008412210796353348,0.02787863264211987,0.06567697806181694,-0.0005073614755930489,,0.21610808989239733,0.15560646993230634,63.12561956358951,0.9595649258460399,340.1541631837208,223.50331218138496,116.65085100233586,9.777725565027984,1929.349609375,414.43178013392856,24758.794249752136,22144.165320560365,0.11149099984925964,398100.0,0.805074101984426,-0.17332989424812995,-4550600,0.03739722281401041,0.05556955163615127,0.022725867369618524,-0.0719998140452183,0.10170199544201707,0.0012854087621800422,0.012507091871708852,False,False,False,False
2025-04-29,24370.69921875,24457.650390625,24290.75,24335.94921875,357600,valid,24255.889453125,24018.96484375,23493.934765625,23066.8340234375,23401.67802734375,23791.602393897803,24024.01262430408,23659.50850395593,23368.3985347555,24093.03450061893,0.0003061930965739812,0.006980488833028264,0.036152128680386086,0.060055068387981914,0.005395485356857632,,0.213468771097095,0.1553303029843677,68.98643411655966,1.0,356.11426544073765,250.0255028332555,106.08876260748215,7.987715753242131,1507.3984375,398.30678013392856,24859.91807572856,22127.951455521437,0.11628391103751524,402050.0,0.8894416117398334,0.11575663026521066,-4193000,0.03583965229855787,0.055019045700983156,0.02287978824796659,-0.07171566679465959,0.10203932898750318,0.0017345590048708304,0.006848403861001757,False,False,False,False
2025-04-30,24342.05078125,24396.150390625,24198.75,24334.19921875,424500,valid,24256.939453125,24119.5296875,23531.047265625,23092.0819921875,23400.448515625,23795.24398332634,24086.049943193266,23723.764762507748,23406.273071382737,24095.43414955556,-7.191007773188485e-05,0.0002157923037611198,0.031462003970832875,0.0505588470077214,0.0012281591507179446,,0.21334115393539232,0.15445721142132027,85.86689950880026,1.0,364.42073569406057,272.9045494054165,91.51618628864406,8.63893850605557,1005.6484375,329.4926060267857,24947.638071719248,22114.45645953075,0.1204018495312494,397760.0,1.0672264682220434,0.18708053691275173,-4617500,0.03413158556263132,0.053789746068922305,0.022649704108993876,-0.07178241979321769,0.10196008125369208,0.0002507221906634716,0.008109439603053166,False,False,False,False
2025-05-02,24311.900390625,24589.150390625,24238.5,24346.69921875,421100,valid,24276.939453125,24210.4796875,23572.41474609375,23118.1109765625,23399.241015625,23798.9203515625,24138.179798304613,23783.09185357844,23443.152528142236,24097.934299497796,0.0005136803511647248,0.00412427271431115,0.03517740171884731,0.04719237913718577,0.014642404261437703,,0.21266861928967715,0.15434335044097644,83.9498578152543,0.9559486976238939,367.7728621239403,291.87821194912124,75.89465017481905,6.650218194082269,909.5,316.28194754464283,25035.13687218493,22109.69262000257,0.12410456390205599,404045.0,1.0422106448539148,-0.008009422850412284,-4196400,0.03284705792751078,0.05314397198945282,0.023016962916619647,-0.0713056126606598,0.10252613649519998,-0.0009163575889449567,0.014422993883284236,False,False,False,False
2025-05-05,24419.5,24526.400390625,24400.650390625,24461.150390625,291500,valid,24361.299609375,24271.4296875,23637.1873046875,23146.7059765625,23396.768515625,23803.305980960264,24202.773916768692,23847.668857106684,23483.074012945483,24101.548389956773,0.004700890697612925,0.01754626427519912,0.055921090904369475,0.040528065890010456,0.010236093443605432,,0.2032566492800865,0.15306365524149737,88.98363914847359,1.0,375.3380362898097,308.5701768172589,66.76785947255075,4.85499343699185,609.5,316.07491629464283,25138.303726063103,22136.0708833119,0.1270131172567994,402905.0,0.7234956131097902,-0.30776537639515555,-3904900,0.034858761971823055,0.05678753665396087,0.02763668249237864,-0.06693992185429101,0.1077089913541253,0.002990170478383957,0.005149573087082045,False,False,False,False
2025-05-06,24500.75,24509.650390625,24331.80078125,24379.599609375,302400,valid,24371.51953125,24296.8345703125,23689.5498046875,23175.71296875,23393.78650390625,23807.09738641036,24238.139055289954,23898.328928751285,23518.231879472132,24104.315068756958,-0.0033338898599493128,0.0021004011498859665,0.04488403515003103,0.03821835751074554,-0.004266090313576276,,0.2036748783247097,0.15324390158023143,83.76470148054358,0.8758778619136006,370.4823350802835,320.95260846986383,49.52972661041969,4.020959935652502,254.048828125,291.2963169642857,25218.693239254677,22160.406370120323,0.1290985643183985,400975.0,0.7541617307812207,0.03739279588336197,-4207300,0.029128869496327803,0.05194604551101905,0.024047544044215812,-0.07005064138754452,0.1040160115800751,0.0016188776383214167,0.00725894551697397,False,False,False,False
2025-05-07,24233.30078125,24449.599609375,24220.0,24414.400390625,330100,valid,24387.209765625,24321.549609375,23747.76484375,23204.8109765625,23391.7405078125,23811.066687091505,24273.39132235696,23947.478591786876,23553.3757426546,24107.4004948452,0.0014274549954715887,0.003223674210108829,0.05007723841236911,0.045089992707880944,0.008886634753468181,,0.202559528173525,0.15276767432333943,79.64129003364239,0.7778106540708392,365.232120556233,329.8085108871377,35.4236096690953,2.359375518187168,247.150390625,269.1392299107143,25295.009620005847,22200.52006749415,0.1303065603382927,403320.0,0.8184568084895368,0.09160052910052907,-3877200,0.028071506992812745,0.052126665254210315,0.025338373600061165,-0.06872318053005755,0.10559194475088572,-0.006000870829262587,0.009474549564979106,False,False,False,False
2025-05-08,24431.5,24447.25,24150.19921875,24273.80078125,411400,valid,24375.130078125,24316.034765625,23816.232421875,23231.3809765625,23388.3780078125,23814.07145393669,24273.47321413557,23978.55689554527,23581.627704952458,24109.056219088034,-0.005758880297096702,-0.002482039246784029,0.0597853958164174,0.02251759348968485,0.005201280698499344,,0.1946126899569159,0.14990760197037012,72.44582692283507,0.5494289642789181,345.7405919555531,332.9949271008208,12.745664854732297,0.6144937429375386,-55.1484375,277.56082589285717,25327.113431361544,22305.351412388456,0.12687825536156702,400550.0,1.0270877543377857,0.2462890033323235,-4288600,0.019212457758630515,0.044871194086101365,0.019304944482196613,-0.07408629225684588,0.09922497308363104,0.0007003903065981566,0.01215851590160244,False,False,False,False
2025-05-09,23935.75,24164.25,23935.75,24008.0,335600,valid,24307.390234375,24292.16484375,23908.55244140625,23252.88296875,23382.04,23815.322605846774,24220.378571308458,23981.361000731435,23598.348187111184,24108.050684569745,-0.0109501096942064,-0.01391150462355728,0.08331530318975355,0.013153918901832817,-0.005521690088610809,,0.15332821016448267,0.15164732855018748,54.55842743336123,0.0,305.3259064626509,327.4611229731869,-22.135216510535997,-0.6589496115610993,-238.69921875,260.7216796875,25204.020014595,22613.0848682175,0.10836854940202766,384975.0,0.8717449185012014,-0.18424890617403988,-4624200,0.004159497269333694,0.032474125133851846,0.00809048012248733,-0.08422514892400275,0.08718833904975422,-0.013926569814774256,0.009546389814398964,False,False,False,False
2025-05-12,24420.099609375,24944.80078125,24378.849609375,24924.69921875,368700,valid,24400.1,24380.6998046875,24027.994921875,23293.1139453125,23385.8,23822.433994391027,24361.24270079677,24071.202735780822,23650.361953057807,24116.176540631244,0.038183073090219954,0.018950409965291737,0.10600219875363526,0.05598144463572985,0.043597136680850745,,0.19098072233985094,0.17011064603789888,66.94726831725163,0.3598769700071825,343.3094847777502,330.63079533409956,12.678689443650626,2.4487288564886356,885.349609375,303.50027901785717,25227.515281532033,22828.47456221797,0.099843566935749,379995.0,0.9702759246832195,0.09862932061978547,-4255500,0.037319147926847734,0.07004582029127282,0.04627005051702526,-0.049258050851182685,0.12870053086252578,0.01716509535883872,0.023175629130428626,False,False,False,False
2025-05-13,24864.05078125,24973.80078125,24547.5,24578.349609375,423000,valid,24439.85,24405.684765625,24136.9548828125,23328.7629296875,23383.90048828125,23827.24874353105,24404.664082512416,24119.502438027885,23686.753625854562,24120.775277633667,-0.01389583907654357,0.008152307797687275,0.09728936949600042,0.043225916200808845,0.04326570020114029,,0.19891970173708565,0.1727336938368376,57.72046929572629,0.0918525030007862,341.5273110884118,332.810098484962,8.71721260344981,1.3678166567453243,249.849609375,321.7646484375,25082.50885646425,23191.40090916075,0.07834906915495472,381955.0,1.107460302915265,0.14727420667209112,-4678500,0.018287092498018822,0.05356420670284725,0.03152276932719179,-0.06246940797987397,0.11301628992005089,-0.0024332665749633702,0.017145266674385727,False,False,False,False
2025-05-14,24613.80078125,24767.55078125,24535.55078125,24666.900390625,345500,valid,24490.35,24438.7798828125,24228.87236328125,23371.0339453125,23383.8869921875,23832.562994462027,24457.111344134933,24171.63557637047,23725.190753884774,24126.20935835995,0.0036027960647213586,0.010342256863165034,0.0805285288142299,0.05497060948450461,0.048196815899950396,,0.19146304859448257,0.17194720678088324,56.526038755462224,0.05715611390814568,343.30285201740844,334.90864919145133,8.394202825957109,2.6105148077935736,330.951171875,321.23953683035717,24975.34307552394,23482.401651038563,0.061618279303329124,379120.0,0.9113209537877189,-0.18321513002364065,-4333000,0.018078762427572934,0.05544754452647606,0.03500829501035403,-0.05909167645238805,0.11702626062934553,0.0014423739770337445,0.009425606474264232,False,False,False,False
2025-05-15,24694.44921875,25116.25,24494.44921875,25062.099609375,500800,valid,24648.009765625,24511.569921875,24315.5498046875,23421.324921875,23391.14798828125,23840.295929147014,24578.108997182946,24256.441674751855,23777.618552139294,24135.521699166067,0.01602143814146184,0.03247529446372943,0.0743101808758011,0.0862654305572228,0.06857305743855147,,0.1851837730688642,0.1720868572836458,64.04796467121199,0.2756566122637652,372.30752572796337,342.38842449875375,29.919101229209616,3.0153918629385323,727.900390625,356.24679129464283,25023.432802112853,23607.666807262147,0.058224716538294266,384745.0,1.301641346866106,0.4494934876989869,-3832200,0.030702567315322712,0.07005473400727873,0.05124951820477259,-0.044016971949883396,0.13492262776640704,0.0011168338011155353,0.02517977929946618,False,False,False,False
2025-05-16,25064.650390625,25070.0,24953.05078125,25019.80078125,432700,valid,24850.369921875,24578.880078125,24394.6798828125,23470.819921875,23399.3575,23847.667834472657,24666.44735399636,24329.142542037393,23826.331580731872,24144.320496002725,-0.0016877607536591732,0.04214431777949024,0.06752519990673211,0.08568146499821006,0.06383488663180059,,0.18609533037851658,0.17212486952830303,67.91007127765317,0.3878449304766568,387.41489889033255,351.39371937706954,36.02117951326301,2.8100468009405466,673.1015625,327.62890625,25040.22419114538,23749.13557447962,0.052925007537213346,388960.0,1.1124537227478404,-0.13598242811501593,-4264900,0.025625296230180727,0.06599602674857283,0.04915084170549302,-0.04563044258579064,0.13300714989682316,0.00010177843396033057,0.00466590265283504,False,False,False,False
2025-05-19,25005.349609375,25062.94921875,24916.650390625,24945.44921875,255300,valid,24854.519921875,24627.3099609375,24449.36982421875,23527.234921875,23409.295,23854.486352387423,24722.247726947087,24387.83841601002,23870.218546928663,24152.291926079815,-0.0029717088137536374,0.0008325075387225489,0.04585841273922586,0.08310605502321611,0.06833214709410984,,0.1792945940048153,0.1723127414129129,62.22964371664587,0.22283715629022674,388.9049965373124,358.8959748091181,30.009021728194284,2.511896917195533,484.298828125,315.52525111607144,25086.48527187538,23812.25437656212,0.052117126309368024,376460.0,0.678159698241513,-0.409983822509822,-4520200,0.0202900687460603,0.060279684441641855,0.04573407493443642,-0.048466551011136574,0.12964018256342894,-0.0005775894061406676,0.005850701166367603,False,False,False,False
2025-05-20,24996.19921875,25010.349609375,24669.69921875,24683.900390625,414800,valid,24875.630078125,24657.7400390625,24477.2873046875,23578.5269140625,23420.25900390625,23859.60619212963,24714.578259682672,24416.034794544783,23902.127638838323,24157.581562542953,-0.010484831354666824,0.004294461708272745,0.02314349688583861,0.076524543568804,0.03248597771073625,,0.181323666721895,0.17362714012715305,56.26611365255923,0.0496056853137184,364.7761922047466,360.07201828824384,4.704173916502782,1.3849974850607794,304.30078125,327.9359654017857,25103.497214756848,23851.07739461815,0.051166610276247956,376895.0,1.1005717772854509,0.6247551899725812,-4935000,0.008441012411450247,0.04688051465603833,0.034547686657429896,-0.05844321875210931,0.11779609575779629,0.0020344392099322975,0.013628087520180802,False,False,False,False
2025-05-21,24744.25,24946.19921875,24685.349609375,24813.44921875,332700,valid,24904.93984375,24697.644921875,24509.597265625,23633.142890625,23430.85900390625,23865.457989838957,24734.35245149614,24453.88378732623,23937.86574001133,24164.10760887337,0.00524831270888626,0.005941112413973881,0.026738632601971624,0.0807486756571354,0.02442206509749978,,0.18188782275301352,0.1738167363682218,58.250839287251445,0.10725894395209423,352.049244134163,358.4674634574277,-6.41821932326468,1.4402381838101164,399.048828125,332.57156808035717,25135.134941738947,23884.059589511056,0.05104430475414372,371485.0,0.8955947077270953,-0.1979267116682739,-4602300,0.012397264215808005,0.04994284228667757,0.03972231453989543,-0.053501634330947956,0.12366263921310539,0.002444897622335282,0.01054182726795114,False,False,False,False
2025-05-22,24733.94921875,24737.5,24462.400390625,24609.69921875,403300,valid,24814.459765625,24731.234765625,24523.634765625,23678.590859375,23439.6794921875,23869.996046112807,24709.421804946913,24468.723352223733,23964.212150942258,24168.54135623533,-0.008211272774042211,-0.018051176783918432,0.01153975033922272,0.0725376604720771,0.017160892713219855,,0.18380053532568927,0.17487800620968746,54.24810208366984,0.0,321.81247007163984,351.13646478027016,-29.323994708630323,0.9438202967308573,335.8984375,332.6000279017857,25144.687900259243,23902.581630990757,0.05064935443458642,370900.0,1.0873550822324076,0.21220318605350164,-5005600,0.0035094493107374653,0.039322794371707714,0.030988826776854574,-0.06127359059164166,0.11443593877652643,-0.0032039076590741253,0.011122348758056637,False,False,False,False
2025-05-23,24639.5,24909.05078125,24614.05078125,24853.150390625,270500,valid,24781.1296875,24815.7498046875,24553.95732421875,23724.7598828125,23450.70900390625,23875.954557291665,24738.16752208253,24505.335451119092,23999.072474067074,24175.353386428265,0.009892488718005854,-0.006660740110684182,0.025011700207260734,0.08373341214114371,0.023820901041609277,,0.18597848370788134,0.1757325388389798,56.07846177701969,0.062011198130896866,313.87591755032554,343.68435533428124,-29.808437783955696,1.7970951282034298,845.150390625,341.146484375,25177.294071932316,23930.620576505185,0.050772813480354,366485.0,0.7380929642413742,-0.3292834118522192,-4735100,0.012185126106378818,0.04756172510854224,0.04092803204950403,-0.0519872501772754,0.1254604837278134,0.001210936427345481,0.011972645548813896,False,False,False,False
2025-05-26,24919.349609375,25079.19921875,24900.5,25001.150390625,302800,valid,24792.269921875,24823.394921875,24602.04736328125,23773.732890625,23462.58650390625,23882.732845444276,24790.764095791026,24552.555921548228,24038.369647265423,24183.570272042165,0.005954979456279652,0.0022329191744172583,0.04000943440145788,0.09112670952722035,0.04545425960130012,,0.18288917149144177,0.17591284094126797,59.44333594861855,0.2045916359609476,315.88715511852206,338.1249152911294,-22.237760172607352,2.9964389010592507,76.451171875,344.5892857142857,25206.332731788643,23997.761994773857,0.0491248032803395,362240.0,0.8359098939929329,0.11940850277264325,-4432300,0.016222350174783195,0.05162914489057891,0.046829546368018206,-0.046341853727789914,0.13216257778726706,0.0026636147816081856,0.007171102839809708,False,False,False,False
2025-05-27,24956.650390625,25062.900390625,24704.099609375,24826.19921875,525700,valid,24820.7296875,24848.1798828125,24626.93232421875,23821.050859375,23474.3994921875,23888.38234468563,24797.851120382824,24578.617187948395,24069.264924578543,24189.964589919855,-0.0069977248703164685,0.005764843718906176,0.020457456018661224,0.08906420862235276,0.02880513613664548,,0.1815525020830325,0.17625754043953745,56.00097454180312,0.09632371483938121,299.9068385894061,330.4812999507848,-30.574461361378667,3.4080274023242207,247.849609375,353.8179408482143,25224.743155070482,24029.121493367016,0.048549354258291495,372500.0,1.4112751677852349,0.7361294583883751,-4958000,0.008091421696696126,0.042195802582715033,0.03925828298176932,-0.053015291055738906,0.12424001555944345,-0.0017799180959563658,0.014376960675170735,False,False,False,False
2025-05-28,24832.5,24864.25,24737.05078125,24752.44921875,684400,valid,24808.5296875,24856.734765625,24647.75732421875,23866.1418359375,23485.4759765625,23893.52559988839,24788.77074005626,24595.172619453308,24096.056465526442,24195.561451898266,-0.0029706520659956714,-0.002458344241553778,0.017114598500193257,0.09750656321404594,0.019624214901871717,,0.18210814940629008,0.17469827698771145,57.113746563127,0.209753399291749,278.08571494306307,320.0021829492404,-41.916468006177354,-0.6910815592527708,85.548828125,341.68568638392856,25231.746186890454,24063.768461547046,0.04738677478765012,388840.0,1.760106984878099,0.3018832033479171,-5642400,0.004247522123579995,0.037136600834153474,0.035947964869011244,-0.05582845313783049,0.12090028963454677,0.0002537956452569402,0.005122288080136917,False,False,False,False
2025-05-29,24825.099609375,24892.599609375,24677.30078125,24833.599609375,345400,valid,24853.309765625,24833.884765625,24672.72734375,23913.403828125,23496.38296875,23899.088167991864,24797.73651392001,24617.879951826802,24124.979726069523,24201.91009028112,0.003278479228775888,0.009098054739913763,0.020522573442244285,0.10138790018940869,0.01539219462355268,,0.1822566922358404,0.17468703437632516,62.98276057999146,0.6393411061246074,264.29386045584033,308.86051845056045,-44.56665799472012,1.0385156206852875,-228.5,332.91768973214283,25242.806348917555,24102.648338582447,0.04621126778770683,384885.0,0.897410914948621,-0.4953243717124488,-5297000,0.006520246561462968,0.03848033462169618,0.039102388962049636,-0.05273300633304174,0.12457513795164243,0.002935078867668872,0.008672626958712952,True,False,False,False
2025-05-30,24812.599609375,24863.94921875,24717.400390625,24750.69921875,853900,valid,24832.81953125,24806.974609375,24692.92734375,23960.473828125,23502.00345703125,23904.09764476103,24788.329054886006,24630.52940581949,24149.517745390327,24207.370678624095,-0.00333823496911434,-0.004122260971536451,0.01659362513045992,0.0978329327753995,0.011576605205864343,,0.18292653310301002,0.17495259235904084,46.29124516048458,0.0,243.86324403615436,295.86106356767925,-51.9978195315249,0.33972175992103004,-269.1015625,276.4711216517857,25242.631056792605,24143.223630707398,0.044523170978489776,406525.0,2.1004858249800136,1.4722061378112334,-6150900,0.0023396122377779206,0.03298037410668514,0.035416587840725974,-0.0558952061363886,0.12082104190073567,-0.0008456285166195654,0.005906226289551262,False,False,False,False
2025-06-02,24669.69921875,24754.400390625,24526.150390625,24716.599609375,311100,valid,24775.909375,24784.0896484375,24705.6998046875,24004.6308203125,23509.121953125,23908.849118238304,24773.983165783808,24638.72656806287,24171.756249860315,24212.43763315893,-0.0013777230725331435,-0.011381507522817857,0.01044305826466374,0.11714963286047508,0.0003318393186275692,,0.18251703174732065,0.1699177869612079,53.3992266452038,0.32878665317884276,222.35708576248726,281.1602680066409,-58.80318224415362,-1.378575639651347,-228.849609375,262.3246372767857,25244.490736237574,24166.90887313743,0.04361673102235672,407505.0,0.763426215629256,-0.6356716243119803,-6462000,0.0004411858305438685,0.029659643357649042,0.03378458273512306,-0.057195921093783644,0.11927686089112838,-0.0032726348166615873,0.009252240895848479,False,False,False,False
2025-06-03,24786.30078125,24845.099609375,24502.150390625,24542.5,349300,valid,24719.16953125,24769.949609375,24713.84482421875,24038.7948046875,23518.3864453125,23912.533134992733,24727.68653262705,24629.56213300926,24186.29522045403,24215.721835814064,-0.007043833380258491,-0.011427412478658305,0.006681832074155958,0.1095513480608794,-0.005482692013333734,,0.18404132458196493,0.17085383992047815,47.0647818990045,0.03578070031774844,189.08525974878285,262.74526635506925,-73.6600066062864,-1.9076921731834617,-141.400390625,270.2495814732143,25236.564520589614,24191.12512784789,0.04230177053297793,409850.0,0.852263023057216,0.12279009964641596,-6811300,-0.0069331512533751605,0.02095384562350355,0.026344631137610285,-0.06383687593582713,0.1113928611766325,0.0028200146046207086,0.013836240501423654,False,False,False,False
2025-06-04,24560.44921875,24644.25,24530.44921875,24620.19921875,280900,valid,24692.71953125,24750.624609375,24724.134765625,24073.046796875,23527.50943359375,23916.623690390174,24706.18906985164,24628.670426889334,24203.31106352446,24219.74648639054,0.003165904807986175,-0.00534290561839923,0.008429403337057773,0.11491142517939301,4.871110727489025e-05,,0.18427385364292287,0.17072399126021162,37.735887920782204,0.0,167.06100029646768,243.60841314334897,-76.54741284688129,-1.3038450306019356,-193.25,233.9638671875,25229.860988076627,24218.408543173373,0.04090951835085121,407390.0,0.6895112791182896,-0.19582021185227594,-6530400,-0.004203809268161163,0.022728839705742018,0.029417844987983267,-0.06087307260029303,0.11491142517939308,0.0007313525007639808,0.004633497548698007,False,False,False,False
2025-06-05,24691.19921875,24899.849609375,24613.099609375,24750.900390625,388400,valid,24676.1796875,24764.7447265625,24747.98974609375,24104.251796875,23538.1289453125,23921.418384069682,24715.131334006313,24640.311375816542,24224.785154783305,24225.031599865513,0.005308696762106768,-0.0033301341751028612,0.01965491987326229,0.10805242911896418,0.005723255535998728,,0.1834877521565115,0.16969321689928493,42.88624040360408,0.20399962214501008,158.32800161249543,226.55233083717826,-68.22432922468283,0.27143198173593674,141.201171875,246.09249441964286,25207.13994665136,24288.83954553614,0.037106060352242065,406240.0,0.956085072863332,0.38269846920612327,-6142000,0.00011761135191634785,0.026827158926120868,0.03467528527103167,-0.05588753252159899,0.12083015185227869,0.0028838109460108895,0.011613449693534846,False,False,False,False
2025-06-06,24748.69921875,25029.5,24671.44921875,25003.05078125,335600,valid,24726.65,24779.734765625,24797.74228515625,24137.3048046875,23552.894453125,23927.599140625,24772.715223455052,24674.857985857823,24255.30537542906,24232.7730842574,0.01018752395450262,0.01019573468489443,0.04144663367419188,0.10904344026268653,0.01466004871993265,,0.18048987169767897,0.16987400070331218,51.39282185746103,0.5409356683904852,169.79616199129669,215.20109706800196,-45.40493507670527,0.7641080481335383,149.900390625,261.21763392857144,25112.08531305988,24483.399257252622,0.02535255220325382,406240.0,0.8261126427727452,-0.1359423274974253,-5806400,0.008279322114604148,0.0358675495697585,0.04494607395854715,-0.04626936414341822,0.13224863587320257,-8.893300204277606e-05,0.014467458595914211,False,False,False,False
2025-06-09,25160.099609375,25160.099609375,25077.150390625,25103.19921875,279200,valid,24803.969921875,24789.9396484375,24806.66728515625,24166.201796875,23569.6114453125,23934.278686523438,24838.81202251404,24715.652388990413,24288.556114382824,24241.434040819517,0.004005448710087123,0.015641294331942168,0.007161570875275469,0.11310050853563913,0.022587754856537634,,0.12072892351481718,0.1699073657169941,60.99713444738478,0.921351600279,184.83523807734673,209.12792526987093,-24.2926871925242,2.005306914210503,102.048828125,248.10323660714286,25145.379264635532,24467.95530567697,0.02730814063701005,401765.0,0.6949336054658818,-0.16805721096543502,-5527200,0.01195371914272367,0.03877305295018124,0.04883876165797055,-0.042449244998255926,0.13678379971125876,0.006281186623944797,0.0032968557373712452,False,False,False,False
2025-06-10,25196.05078125,25199.30078125,25055.44921875,25104.25,307300,valid,24916.319921875,24817.7447265625,24832.9623046875,24194.9137890625,23589.794453125,23940.88869394421,24891.899618011237,24752.66168527704,24320.544109897226,24250.0192742442,4.18584595869298e-05,0.02288886625241937,0.021396896007387145,0.11771655439971607,0.01356367647974932,,0.1083676150937272,0.16950185250988165,58.178198939673905,0.8096967610534923,194.59542852280356,206.22142592045748,-11.625997397653919,1.0103331184513342,278.05078125,239.64271763392858,25178.62582346348,24487.298785911516,0.027839088589985437,395980.0,0.7760492954189605,0.10064469914040108,-5219900,0.010924499944225055,0.037583775617690926,0.048593071081361336,-0.04240916339867528,0.136831383729998,0.003698793993980162,0.005709290068864649,False,False,False,False
2025-06-11,25134.150390625,25222.400390625,25081.30078125,25141.400390625,301200,valid,25020.56015625,24856.63984375,24856.6873046875,24228.0048046875,23609.44794921875,23947.633141678372,24941.799772533992,24789.6844191197,24352.734552278707,24258.888738088786,0.0014798446727146697,0.021169656965166483,0.019236304216817546,0.11749985350195447,0.019180541409504093,,0.10797373007699736,0.1695034861741362,66.49910847080014,1.0,202.9882535823781,205.5747914528416,-2.586537870463502,0.5609741864222029,388.951171875,224.64634486607142,25219.090251423662,24494.28435795134,0.029159392182386203,393765.0,0.7649232410193897,-0.01985030914415875,-4918700,0.011454184640437093,0.037699991943239974,0.04984907033960695,-0.04099207770049032,0.13851371759698583,0.0011910489508748518,0.005613860312844708,False,False,False,False
2025-06-12,25164.44921875,25196.19921875,24825.900390625,24888.19921875,328300,valid,25048.019921875,24862.0998046875,24847.99228515625,24253.9298046875,23626.19794921875,23952.887700768155,24931.079661777196,24799.066780989255,24373.73316665013,24265.15053391626,-0.010071084662786611,0.005547225594144667,-0.0069387798043843985,0.10759436678089052,0.022690631934171535,,0.09910841921665399,0.17116399769425364,51.08105144828966,0.46396624829618155,187.05218823922405,201.87027081011811,-14.818082570894063,0.24973617368371226,54.599609375,229.71400669642858,25197.76882241589,24498.215747896615,0.0281533037555382,385140.0,0.8524173027989822,0.08997343957503312,-5247000,0.001618115988299282,0.026151201853479234,0.039047964891174694,-0.05065032767825174,0.1270476495573227,0.0009167678715937676,0.014715157280259121,False,False,False,False
2025-06-13,24473.0,24754.349609375,24473.0,24718.599609375,318700,valid,24991.1296875,24858.88984375,24832.9322265625,24277.9148046875,23640.2659375,23957.141655815973,24888.583651296758,24791.403240835516,24387.257340874636,24269.662465015354,-0.006814458847919758,-0.011376658567134212,-0.012038511997294665,0.10364690548814792,0.021478293736684195,,0.10167767390306114,0.17176310097262168,41.39955626261835,0.12737337028950532,158.9057045217778,193.27735755245007,-34.37165303067226,-0.13675256567886596,-32.099609375,243.22474888392858,25177.45949123909,24488.404961885914,0.0277476104338629,379440.0,0.839921990301497,-0.02924154736521478,-5565700,-0.004604072372299465,0.018151674401724664,0.031784173775763085,-0.05711963195257438,0.11936742972976964,-0.01668257374110063,0.01149632694704368,False,False,False,False
2025-06-16,24732.349609375,24967.099609375,24703.599609375,24946.5,305800,valid,24959.78984375,24881.8798828125,24832.984765625,24313.5308203125,23657.6989453125,23962.607724015885,24900.166921037406,24806.17436075594,24409.18842554622,24276.397166855997,0.00921979376770854,-0.006242201138767944,4.212316406038141e-05,0.10830232687288266,0.041533620314972985,,0.10695588549955445,0.17232745984898112,53.547436612190545,0.5497141275926587,153.2228130605654,185.26644865407314,-32.04363559350776,0.45462757071423887,229.900390625,236.41755022321428,25177.58458904397,24488.384942206027,0.027753395467465792,381965.0,0.8005969133297554,-0.04047693755883275,-5259900,0.004571147425344321,0.026033618250077176,0.041059482645456634,-0.04842646941155593,0.12968776658216818,0.0005562612857236885,0.010654062560239654,False,False,False,False
2025-06-17,24977.849609375,24982.05078125,24813.69921875,24853.400390625,242400,valid,24909.619921875,24912.969921875,24841.459765625,24343.9518359375,23672.78544921875,23967.502189217033,24890.813614954925,24810.672077886324,24426.608502608135,24282.13849246564,-0.0037319707924959866,-0.009992316415547209,0.0068668240155584925,0.08842397359646537,0.053668273052464244,,0.10065665595017821,0.17063055011557568,52.943266651861215,0.5287091793018821,139.59752683100305,176.13266428945914,-36.53513745845609,0.41494250714824155,310.900390625,239.35700334821428,25178.884085811053,24504.03544543895,0.02716622319055269,373345.0,0.6492654247411911,-0.2073250490516677,-5502300,0.00048067324193735246,0.020927109867816623,0.036962475038660125,-0.05197771403462424,0.12547180483264356,0.0012566736566251779,0.006740034275681289,False,False,False,False
2025-06-18,24788.349609375,24947.55078125,24750.44921875,24812.05078125,237600,valid,24843.75,24932.155078125,24841.38984375,24375.190859375,23690.659453125,23972.11720884563,24875.061048213942,24810.803382968577,24441.723886084288,24287.411251558024,-0.0016637405234334324,-0.013099891185767487,-5.6358045496640585e-05,0.08313621699130791,0.04456622500383589,,0.0991852272892541,0.17071056834414874,49.35680914843234,0.4040201690016555,124.033045682987,165.71274056816475,-41.67969488517775,0.3861824578765827,191.8515625,238.05719866071428,25178.839182215463,24503.940505284536,0.0271683138977318,368590.0,0.6446186820043951,-0.01980198019801982,-5739900,-0.0011810555965080542,0.017922317999285613,0.035037938663775504,-0.05355497712890287,0.12359931178296168,-0.002617379522624113,0.007951378998844514,False,False,False,False
2025-06-19,24803.25,24863.099609375,24733.400390625,24793.25,274600,valid,24824.76015625,24936.3900390625,24850.5673828125,24412.966875,23707.03845703125,23976.579887058422,24858.698838571156,24809.131632209665,24455.509223884903,24292.444472935556,-0.0007577278241026608,-0.0038150296819573493,0.007458473166147117,0.06910541888134647,0.044909613545049076,,0.09439865821183448,0.16922102770647676,51.32059093807661,0.47229422705538926,108.9253921974123,154.35527089401427,-45.429878696601975,1.0216970561271355,42.349609375,236.85365513392858,25171.042234613356,24530.092531011644,0.02579215571733849,362155.0,0.7582388756195552,0.1557239057239057,-6014500,-0.002306481857317377,0.015577095850215123,0.034061159547712765,-0.05427212485671573,0.12274792932128119,-0.0003546978574076829,0.005229121939665165,False,False,False,False
2025-06-20,24787.650390625,25136.19921875,24783.650390625,25112.400390625,574700,valid,24903.5203125,24947.325,24863.5298828125,24471.982890625,23726.10896484375,23982.719457347972,24909.439148981928,24838.01437110636,24481.26966179628,24300.6032382857,0.01287247095983779,0.015931354828881306,0.010431273135408814,0.07545909151551111,0.05735535770999278,,0.09886494642656866,0.17052407671675612,60.43722522774937,0.7892488001296856,121.30688695575373,147.74559410636215,-26.438707150608423,1.9991762353415599,109.349609375,245.73214285714286,25204.745648614262,24522.31411701074,0.027447089565318224,377365.0,1.5229287294794165,1.0928623452294248,-5439800,0.010009459999665458,0.026169415975087897,0.04710395479904217,-0.04209827024802464,0.13720046943668748,-0.00022585217246629628,0.014222761035000654,False,False,False,False
2025-06-23,24939.75,25057.0,24824.849609375,24971.900390625,248500,valid,24908.600390625,24934.1951171875,24862.0673828125,24520.70390625,23744.9059765625,23988.037634408603,24921.93139731054,24850.76542058433,24500.510082534664,24307.28281194082,-0.0055948454872697395,0.0010181945613612076,-0.0011699461641960784,0.0555216573826216,0.048649079131768413,,0.09897115107469326,0.16925689702103613,61.52751517668291,0.8271544980343264,118.41709638800603,141.87989456269094,-23.462798174684906,0.8928968098619539,-131.298828125,241.77511160714286,25201.042907194722,24523.091858430278,0.02726849052115115,374650.0,0.6632857333511277,-0.5676004872107187,-5688300,0.004417694076737525,0.01840063344429502,0.04101472455609029,-0.04745758241797539,0.13083800852213856,-0.006875105045292847,0.009308448987058812,False,False,False,False
2025-06-24,25179.900390625,25317.69921875,24999.69921875,25044.349609375,450200,valid,24946.790234375,24928.205078125,24872.97490234375,24573.607890625,23767.05796875,23993.68636154746,24946.415039723437,24869.202009992965,24521.837122802914,24314.61680992524,0.0029012296868362597,0.007683021870199536,0.008787103845531163,0.05812326415091684,0.059186090684690384,,0.0959322731606675,0.16929989363388595,61.41876281005729,0.7975921793900852,120.58295773649297,137.62050719745133,-17.03754946095836,0.16517515596925492,-59.900390625,258.34640066964283,25221.00900061252,24524.94080407498,0.027984919346014818,370875.0,1.213886080215706,0.8116700201207243,-5238100,0.006889996379769629,0.019156394162600388,0.043789154863311995,-0.04469403807811561,0.1341188293234658,0.008329362072823572,0.012629120650469214,False,False,False,False
2025-06-25,25150.349609375,25266.80078125,25125.05078125,25244.75,260600,valid,25033.330078125,24938.5400390625,24897.58994140625,24621.931875,23789.93296875,24000.340955369014,25006.08203177875,24904.96848523173,24550.186647398878,24323.8718665429,0.008001820520425307,0.017439075172173357,0.019888972476997724,0.07484615518308235,0.0676660054593794,,0.09860505130133343,0.1689164205281878,62.814274087040424,0.8531912301384184,136.89204884016,137.47481552599305,-0.5827666858330645,0.5638754647028232,103.349609375,253.75362723214286,25277.87488008138,24517.305002731122,0.030547931713076522,349685.0,0.7452421465032816,-0.4211461572634385,-4977500,0.01394352061427438,0.02529525823407801,0.051849640259073244,-0.03704985122872453,0.14319384464454693,0.0042324916259881785,0.005636104555268747,False,False,False,False
2025-06-26,25268.94921875,25565.30078125,25259.900390625,25549.0,428900,valid,25184.480078125,25004.6201171875,24933.3599609375,24666.340859375,23813.79197265625,24008.534918568123,25114.665625423,24966.304819971567,24589.355798481276,24336.062196229042,0.012052010814129765,0.030482086858318214,0.02880776052920364,0.08295417911863812,0.07606903872991633,,0.10593535962918432,0.17024110806888354,63.79320894447109,0.8921933146900128,172.38045869243433,144.4559441592813,27.92451453315303,1.7716123763904523,660.80078125,251.07505580357142,25410.54014982531,24456.179772049694,0.03827644486225635,353860.0,1.2120612671678064,0.6458173445894091,-4548600,0.024691419047693817,0.035783951322862155,0.06416322722968351,-0.025444365622265343,0.1569716292228495,0.0009585842105784371,0.0120859948698772,False,False,False,False
2025-06-27,25576.650390625,25654.19921875,25523.55078125,25637.80078125,564000,valid,25289.56015625,25096.540234375,24977.7150390625,24710.352890625,23837.67498046875,24017.11000205592,25219.292656588404,25030.2568162838,24630.471288001616,24349.01481896557,0.003475704773181043,0.02092195020995069,0.03584147480681965,0.09007269363565085,0.059910345026387146,,0.1046100725517319,0.17003697652814675,63.584405993663296,0.8838743236149558,205.30414173973986,156.62558367537304,48.678558064366825,1.9744341321977554,919.201171875,249.18931361607142,25540.621761006234,24414.808317118765,0.04507271550367264,339365.0,1.6619274232758239,0.3149918395896478,-3984600,0.026426986662118474,0.0375327659111202,0.06748067436320791,-0.022057097952128266,0.1609929210369743,0.0010822494275705508,0.005108113670267337,False,False,False,False
2025-06-30,25661.650390625,25669.349609375,25473.30078125,25517.05078125,271000,valid,25398.590234375,25153.5953125,25017.73759765625,24743.6608984375,23857.761484375,24024.963095140705,25278.844281520724,25076.61814628058,24665.23911126626,24360.63706734651,-0.004709842354665206,0.02183055282527313,0.03238516561846927,0.10150142848254062,0.06300006378945833,,0.10659514244327381,0.16703941713319623,59.88790643274854,0.7366007973681489,219.12692313874504,169.12585156804744,50.001071570697604,2.526705757105341,570.55078125,252.91768973214286,25615.235814327818,24420.239380984684,0.04776596719341584,337360.0,0.8032961821199905,-0.5195035460992907,-4255600,0.01995836680453978,0.031256081546984664,0.06210572229395369,-0.02666305485263754,0.15552482740400786,0.0009302517629531711,0.007639759140223606,False,False,False,False
2025-07-01,25551.349609375,25593.400390625,25501.80078125,25541.80078125,260700,valid,25498.08046875,25222.4353515625,25067.70263671875,24771.9858984375,23878.35798828125,24032.863291422527,25331.43558146658,25120.921254372905,24699.6140787166,24372.389940121673,0.0009699396772837598,0.01986281055942407,0.04071715518997654,0.09469475680182837,0.08154411666191663,,0.10164044821747324,0.16664634922360638,59.64819310222787,0.8149022001398533,229.43392368624336,181.18746599168662,48.24645769455674,3.3302904892831497,688.400390625,249.38197544642858,25665.00021899184,24470.40505444566,0.04765475248602797,332930.0,0.7830474874598264,-0.03800738007380078,-3994900,0.01891270817281832,0.03107602620026752,0.06278642172304211,-0.025718976730172906,0.15664561678219352,0.0013441533043545486,0.003584922549116206,False,False,False,False
2025-07-02,25588.30078125,25608.099609375,25378.75,25453.400390625,309800,valid,25539.810546875,25286.5703125,25109.3626953125,24797.70890625,23899.281484375,24040.223587273314,25355.828543298267,25152.585934015962,24729.17432624242,24383.146263012255,-0.0034610085397696055,0.008265100293130212,0.0338421783053835,0.09476521899981782,0.07362524606735055,,0.10335446941142919,0.16663803622942813,64.79428397900662,1.0,227.84269439369746,190.5185116720888,37.32418272160865,2.0319499353616655,641.349609375,239.31417410714286,25691.269388345347,24527.45600227965,0.04634977797676087,334375.0,0.9265046728971963,0.1883390870732642,-4304700,0.013701570186674932,0.02644161550786404,0.05878384609117401,-0.02909097167184524,0.15264245642502328,0.0018205450899192364,0.008963065243592003,False,False,False,False
2025-07-03,25505.099609375,25587.5,25384.349609375,25405.30078125,293400,valid,25511.070703125,25347.775390625,25142.08271484375,24819.2359375,23915.9419921875,24047.26006765464,25365.722990888615,25176.654014704916,24755.689089183896,24393.316954736016,-0.00188971251922454,-0.0056244557027672615,0.026439457971107583,0.10918627811633885,0.07245368068675218,,0.10316597348361876,0.16326086143343585,69.19552529713971,1.0,220.16250095915166,196.44730952950138,23.715191429650275,2.2206232626147404,612.05078125,224.16782924107142,25712.603304517314,24571.562125170185,0.04538371750218863,329625.0,0.8901023890784983,-0.05293737895416395,-4598100,0.010469222832158141,0.023613331418655743,0.05647382320375148,-0.03092571061770513,0.15046429354492713,0.002031132106382213,0.007965089089490451,False,False,False,False
2025-07-04,25428.849609375,25470.25,25331.650390625,25461.0,193500,valid,25475.710546875,25382.6353515625,25164.98017578125,24843.521953125,23933.588984375,24054.51001602564,25384.778392710894,25203.734584733018,24783.34834058845,24403.94066662919,0.0021924250859925998,-0.006896097787736255,0.018315733658126998,0.14887916255057942,0.08222642552015813,,0.0978222991169151,0.1468671312549089,65.91401175378905,0.8345904281933855,216.07952354224108,200.37375233204935,15.705771210191728,2.6154598201951096,348.599609375,215.24637276785714,25748.61448130266,24581.34587025984,0.046384642582241994,322520.0,0.5999627930050849,-0.3404907975460123,-4404600,0.011763165404900255,0.024854690411450647,0.05847094715449722,-0.02880108783547293,0.1529866003226338,0.0009269257753633784,0.005450486809434812,False,False,False,False
2025-07-07,25450.44921875,25489.80078125,25407.25,25461.30078125,196100,valid,25464.560546875,25431.575390625,25182.88525390625,24871.9609765625,23952.16849609375,24061.68751992985,25400.082870418715,25228.264698687017,24809.93471081047,24414.461662794572,1.1813410706551508e-05,-0.002184813616507908,0.014265176298028592,0.12981321860871842,0.08662700984785432,,0.09717986199532828,0.14377575169801116,69.94814999967954,1.0,210.44215884475125,202.38743363458974,8.054725210161507,2.6944865285914554,489.400390625,209.11774553571428,25780.347420139806,24585.423087672694,0.0474498581246468,318365.0,0.6159596689334569,0.013436692506459957,-4208500,0.011055743793319453,0.02369494730402847,0.05816770998130859,-0.028789614663845758,0.15300022102688257,-0.00041438990023958213,0.003243588376003309,False,False,False,False
2025-07-08,25427.849609375,25548.05078125,25424.150390625,25522.5,210400,valid,25460.700390625,25479.3904296875,25203.79775390625,24895.8409765625,23971.79400390625,24069.102811706853,25424.566296334975,25256.287108335873,24837.878447641433,24425.486919881194,0.0024036171315751087,-0.0007556546781998241,0.01666052560821374,0.13944053925733968,0.1055425860189918,,0.09732077060926518,0.14277137687462896,73.01347086795107,1.0,208.50920784136179,203.61178847594417,4.897419365417619,1.633056191347193,478.150390625,203.88909040178572,25818.69577024542,24588.899737567077,0.048794076380324125,313520.0,0.6710895636642,0.07292197858235605,-3998100,0.012645008867536913,0.02517123338100732,0.06038435248970878,-0.026455196743288084,0.15577159211085273,-0.0013138045130684697,0.004872625586841569,False,False,False,False
2025-07-09,25514.599609375,25548.69921875,25424.349609375,25476.099609375,239100,valid,25465.240234375,25502.525390625,25220.53271484375,24918.643984375,23992.73900390625,24076.20885613952,25434.872958942982,25277.221632244364,24862.90672849373,24435.9407774881,-0.00181801902732881,0.000891795139417173,0.013312672068768627,0.11597533516229763,0.09924248310612938,,0.09773828552000553,0.1385435121838107,71.73087991606468,0.904035593246274,200.91715856843803,203.07286249444294,-2.155703926004918,2.0190662739439924,231.349609375,203.50697544642858,25846.400811096835,24594.664618590665,0.049631631760476295,310415.0,0.7702591691767473,0.13640684410646386,-4237200,0.010133286930169957,0.022371025700657948,0.058144152245900686,-0.028225119719565886,0.15367037736514905,-0.00030954611127436576,0.0048736649321868795,False,False,False,False
2025-07-10,25511.650390625,25524.05078125,25340.44921875,25355.25,219600,valid,25455.230078125,25483.150390625,25243.88525390625,24939.065,24015.57349609375,24082.63619857098,25418.948367154386,25284.652905363946,24882.21430776849,24445.088132935984,-0.004743646446198069,-0.001970092056022388,0.01876595317905272,0.08687634468828342,0.09227727557345045,,0.09160321009148685,0.13272535513038994,58.844727336359846,0.0,183.0388929079527,199.0660685771449,-16.027175669192218,1.2413993394686518,-193.75,191.43931361607142,25852.148185928098,24635.622321884402,0.04819091244504248,304980.0,0.7200472162108991,-0.081555834378921,-4456800,0.004411553331574321,0.01668807551526095,0.0528436252134446,-0.03283487617691273,0.14819777297947687,0.0013954562038577365,0.0071967732266929214,False,False,False,False
2025-07-11,25255.5,25322.44921875,25129.0,25149.849609375,250000,valid,25393.0,25434.3552734375,25265.44775390625,24955.1280078125,24036.6194921875,24087.972265625,25365.12861559851,25271.81449622214,24892.709809792275,24452.100684940353,-0.008100901810276007,-0.012220666534111024,0.017446376688606602,0.07307402111660433,0.07884628242033398,,0.09314942675796908,0.13396724135170038,56.18846178925404,0.0,150.56057505677018,189.36496987306998,-38.804394816299805,-0.375921293041126,-487.951171875,187.06068638392858,25823.836769351652,24707.058738460848,0.044201790594355916,301545.0,0.8290636555074699,0.1384335154826959,-4706800,-0.0045753451772244,0.0078028692740643064,0.04408330149339145,-0.04066978587932697,0.13889633556179257,-0.003934096488892833,0.007659686751400685,False,False,False,False
2025-07-14,25149.5,25151.099609375,25001.94921875,25082.30078125,259500,valid,25317.2,25390.8802734375,25272.23779296875,24967.551015625,24057.12849609375,24083.688515625,25308.56304872881,25253.7655709867,24900.14474984944,24458.37133266483,-0.002685854157148504,-0.014885335327372573,0.005443680726755273,0.05159602670969532,0.08098458944323239,,0.08848415182643707,0.12970568282437883,51.32432502429736,0.0,118.01029899750574,175.09403569795714,-57.0837367004514,-1.8266829181181277,-434.75,173.01436941964286,25817.44368183717,24727.03190410033,0.04314662542626962,299230.0,0.8672258797580457,0.038000000000000034,-4966300,-0.00751563883161919,0.0045959559891632865,0.0414642576438041,-0.04324640692300116,0.13583742610436272,-1.3901052309659842e-05,0.005930550930435993,False,False,False,False
2025-07-15,25089.5,25245.19921875,25088.44921875,25195.80078125,241300,valid,25251.86015625,25356.2802734375,25289.3578125,24983.8750390625,24079.79400390625,24079.965517578126,25286.01059523305,25248.2451148213,24911.739104022014,24465.708939118413,0.004525103218794291,-0.012800439563130595,0.013776802580067082,0.04436168150953801,0.0792919513488044,,0.0883651944318011,0.12804736008898798,48.18160974916053,0.0,100.21723030152862,160.11867461867143,-59.90144431714282,-1.7240168287884217,-346.0,168.76060267857142,25799.56744676362,24779.148178236377,0.04034975012385925,299175.0,0.806551349544581,-0.07013487475915225,-4725000,-0.0036994625147719357,0.008482500887318448,0.04633874009733633,-0.038916998159375465,0.14097720769725455,0.0002870238584883607,0.006247633472169633,False,False,False,False
2025-07-16,25196.599609375,25255.30078125,25121.05078125,25212.05078125,228800,valid,25199.050390625,25332.1453125,25309.3578125,24999.828046875,24102.31951171875,24076.00501953125,25271.21863243644,25244.79803543356,24923.51603254076,24473.135226104798,0.0006449487413033861,-0.010364570408094687,0.016121198667796932,0.04323209224260105,0.0950025452510519,,0.08792534882270309,0.12803144505540393,34.07535953624901,0.0,86.43101146221306,145.38114198737978,-58.95013052516671,-1.1952791982689281,-241.349609375,155.45340401785714,25769.71128350227,24849.004341497726,0.03637812341290691,298735.0,0.765896195624885,-0.05180273518441769,-4496200,-0.0038447056606841176,0.008488967763181325,0.047185808475997223,-0.0382971488870502,0.14171307951121484,3.1704811922249566e-05,0.00532809990559397,False,False,False,False
2025-07-17,25230.75,25238.349609375,25101.0,25111.44921875,243400,valid,25150.290234375,25302.76015625,25325.2677734375,25016.581015625,24123.98099609375,24070.48201171875,25239.264749699156,25232.098148130364,24930.88596141171,24479.486609116193,-0.003990217351728331,-0.00961539646621512,0.012834106813346402,0.03216332908438724,0.08447722199724539,,0.089427817233864,0.12778106118004945,25.39838455246553,0.0,66.61967819537313,129.62884922897845,-63.00917103360533,-1.6848912345127864,-293.8515625,155.93205915178572,25729.035101426525,24921.500445448473,0.03188651994531081,297175.0,0.8190460166568521,0.06381118881118875,-4739600,-0.008442894132466534,0.0037922129752960966,0.04324662906727233,-0.042134552290767714,0.13715739617065398,0.0007416778155907277,0.005443738667102642,False,False,False,False
2025-07-18,25108.55078125,25144.599609375,24918.650390625,24968.400390625,317000,valid,25114.000390625,25253.5001953125,25318.0677734375,25035.7890234375,24144.33599609375,24064.429267578125,25185.091877884326,25206.984075986995,24932.357115498507,24484.35142286255,-0.0056965580472427835,-0.007214723808223522,-0.005734218862397444,0.029764924510504498,0.07597604909764955,,0.07951687483098961,0.12817358668377296,24.87976835399344,0.0,38.927477202032605,111.48857482358929,-72.56109762155668,-1.9054428585448813,-492.599609375,158.06780133928572,25742.428163527944,24893.707383347053,0.03352233621363981,284290.0,1.1150585669562771,0.3023829087921117,-5056600,-0.013810982178480175,-0.0026916919913893803,0.037564619255890275,-0.047591088415091604,0.13067951305451633,-0.00011542294810431808,0.008998895265541542,False,False,False,False
2025-07-21,24999.0,25111.400390625,24882.30078125,25090.69921875,305200,valid,25115.680078125,25216.4400390625,25324.00771484375,25039.1090234375,24166.111484375,24060.828515625,25166.213346057462,25195.90932767871,24938.566609743662,24490.38473426442,0.004898144302865282,0.00033483521201849165,0.0047573002561551725,0.043734528032530084,0.08654437721883568,,0.07892824773715118,0.1270664494008411,31.03974229732347,0.1279763164187044,26.5437222320179,94.49960430527501,-67.95588207325711,-1.238330398875609,-370.6015625,167.88922991071428,25730.933859152225,24917.081570535272,0.03213757860845659,287125.0,1.06295167609926,-0.037223974763406886,-4751400,-0.00921293733286118,0.0020603846272728454,0.042802794694131494,-0.042926052130813824,0.13621774446975085,0.001225533430106695,0.009164350949037961,False,False,False,False
2025-07-22,25166.650390625,25182.0,25035.55078125,25060.900390625,483700,valid,25088.7,25170.280078125,25324.83525390625,25048.7600390625,24188.761484375,24057.148515625,25145.15075497097,25183.051333673597,24943.36401291548,24496.061506964525,-0.0011876443882732346,-0.0053540822852270464,0.000660858896643246,0.030104625876030244,0.09775878479106637,,0.07843891612188934,0.12492245479280231,32.648039097173054,0.1613894285594797,14.161743049160577,78.43203205405213,-64.27028900489155,-1.5714214263972348,-461.599609375,161.9677734375,25729.427400606204,24920.243107206297,0.031952203648594066,288800.0,1.6748614958448753,0.584862385321101,-5235100,-0.010421977502915439,0.0004846687637857707,0.041723642947461954,-0.04406271563416317,0.13486832184167488,0.0030270647785790895,0.005819178018404658,False,False,False,False
2025-07-23,25139.349609375,25233.5,25085.5,25219.900390625,271500,valid,25090.269921875,25144.66015625,25323.5927734375,25059.8200390625,24215.4269921875,24056.99751953125,25160.10068210178,25186.56076766897,24954.208576747227,24503.26388391637,0.006344544590244583,0.0003113435492854144,-0.00098434761187971,0.036322855703279755,0.09855929567456911,,0.0764032707578693,0.12548901369281978,42.535594030677004,0.36680796935502297,16.983135506474355,66.14225274453658,-49.15911723806222,-0.9481070613751585,-256.19921875,159.78557477678572,25729.371330378646,24917.814216496354,0.03204747134986128,289345.0,0.9383262195648793,-0.4387016745916891,-4963600,-0.004094694767057909,0.006387929015969496,0.048339485014687246,-0.03799772890802674,0.1420685445136555,0.0031303431850895095,0.005887184923225207,False,False,False,False
2025-07-24,25243.30078125,25246.25,25018.69921875,25062.099609375,338700,valid,25080.4,25115.3451171875,25299.24775390625,25059.8200390625,24240.57248046875,24057.23501953125,25140.500467556427,25174.707324021925,24958.43959763459,24508.824438398544,-0.006256994627491075,-0.0019652234701831306,-0.019057512647266073,0.029912650261535445,0.0819838463774254,,0.06472512269734519,0.12627350953258729,35.159934140064266,0.21357521339834226,6.411991656717873,54.19620052697284,-47.784208870254965,-1.8039000514252113,-293.150390625,166.13922991071428,25706.506571029804,24891.988936782695,0.03219533016041343,284835.0,1.189109484438359,0.24751381215469603,-5302300,-0.009373723157228387,9.096515094473297e-05,0.04176974573461724,-0.044016971949883396,0.13492262776640704,0.0009278542049158383,0.009014303764071068,False,False,False,False
2025-07-25,25010.349609375,25010.349609375,24806.349609375,24837.0,278100,valid,25054.119921875,25084.06015625,25259.20771484375,25056.1640234375,24263.49197265625,24057.44126953125,25079.800374045146,25142.544721734124,24953.67726047245,24512.089866872193,-0.008981674037030651,-0.00526266755455973,-0.03123515890004336,0.020138285557510294,0.06828103830189902,,0.06841780867735284,0.12776684464534707,30.102561676443926,0.10850595424143819,-19.899978678924526,39.37696468579337,-59.276943364717894,-2.508624236732915,-312.849609375,178.51060267857142,25683.428244310107,24834.98718537739,0.03358937732770312,270540.0,1.0279441117764472,-0.1789193976970771,-5580400,-0.016715002291842907,-0.008746910470114066,0.03240405834248307,-0.0526032998927631,0.12472912266655888,-0.0020648708929654814,0.00815662328540708,False,False,False,False
2025-07-28,24782.44921875,24889.19921875,24646.599609375,24680.900390625,262100,valid,24972.16015625,25043.9201171875,25217.4001953125,25050.873046875,24289.053984375,24055.78001953125,25000.02037736112,25098.578594961826,24942.980128321567,24513.769573576203,-0.006284962329387578,-0.01633269860485842,-0.032768300607819656,0.008983633087191967,0.049875788250892006,,0.06959289968861175,0.12815714915331491,24.706948590829214,0.0,-52.74038036008278,20.95349567661814,-73.69387603670091,-2.6596054441387906,-401.400390625,186.98911830357142,25695.955799355066,24738.844591269935,0.03795439659410418,270095.0,0.9703993039486106,-0.05753326141675652,-5842500,-0.02127498475386956,-0.014768852788392246,0.02598628564886306,-0.05855765246392321,0.11766024249983438,-0.0021963514615291704,0.00978917003858735,False,False,False,False
2025-07-29,24609.650390625,24847.150390625,24598.599609375,24821.099609375,284700,valid,24924.2,25006.45,25181.36513671875,25053.61703125,24316.07197265625,24054.975771484376,24964.2362237639,25072.152024905936,24938.200500127587,24516.82758388266,0.005680474234370125,-0.009568721694441118,-0.028216537199055258,0.01810940323360466,0.05701987239143835,,0.07382947115560329,0.12843245535810693,31.365534685132218,0.19505036176891727,-66.68502655916018,3.425791229462476,-70.11081778862265,-1.307164874168687,-374.701171875,195.86063058035714,25665.572871512795,24697.157401924702,0.038457623894900664,271295.0,1.0494111575959748,0.08622663105684847,-5557800,-0.01430683068164639,-0.009280792533268753,0.0318488717331744,-0.05320981346559963,0.12400908271013453,-0.0028868476786634654,0.010099728249072768,False,False,False,False
2025-07-30,24890.400390625,24902.30078125,24771.94921875,24855.05078125,243900,valid,24851.230078125,24970.75,25151.44765625,25054.4490625,24343.7959765625,24054.258779296873,24942.39913526112,25051.475715986322,24934.93972683827,24520.19298883159,0.001367835124523431,-0.014466734750095411,-0.023507649280344656,0.01804879020474348,0.06395260273134262,,0.07404818487743955,0.1284303395766245,35.02933315874512,0.32788717946481627,-74.14202025150007,-12.087771066730035,-62.054249184770036,-0.9060173625295098,-357.0,192.05705915178572,25638.813969585688,24664.08134291431,0.03875453373472772,268000.0,0.9100746268656716,-0.1433087460484721,-5313900,-0.011784485690482533,-0.007958597722607569,0.033291069548247974,-0.05191476059290371,0.12554654181374889,0.0027920109237958538,0.005237021520517487,False,False,False,False
2025-07-31,24642.25,24956.5,24635.0,24768.349609375,346300,valid,24792.480078125,24936.4400390625,25119.60009765625,25057.6220703125,24368.10646484375,24053.27927734375,24907.589230083897,25024.51132488048,24928.406781055397,24522.6622089365,-0.0034882717656889994,-0.011720885503547995,-0.025071585546631026,0.020373769752078053,0.043350131506892486,,0.07446808419345077,0.12805429544398067,37.70860287047618,0.4884649060791337,-86.05580371841643,-26.881377597067313,-59.174426121349114,-1.6965175093505924,-343.099609375,198.86063058035714,25620.186175370854,24619.014019941646,0.03985621393401967,270645.0,1.2795359234421475,0.4198441984419845,-5660200,-0.01398312421040584,-0.011544290201432206,0.02972860056985195,-0.05522193956499395,0.12162032959097113,-0.008561671554118543,0.013046698251985919,False,False,False,False
2025-08-01,24734.900390625,24784.150390625,24535.05078125,24565.349609375,263400,valid,24738.15,24896.1349609375,25074.817578125,25051.8660546875,24388.31296875,24050.466279296874,24839.14130594212,24980.781637689484,24914.169244911067,24523.086959189623,-0.008195943742782208,-0.010937326997020547,-0.035177345376261715,0.023215162003290546,0.036674451263407626,,0.07716454896890139,0.12713568083615612,34.68156305596679,0.42490983779748914,-110.60300382817877,-43.62570284328961,-66.97730098488915,-2.5650478712979097,-403.05078125,205.99986049107142,25606.115042637244,24543.520113612754,0.04237697545411003,274140.0,0.9608229371853797,-0.2393878140340745,-5923600,-0.02031791326747093,-0.01942036749879025,0.02140845520826131,-0.06296528739773419,0.11242759246888266,-0.0013504823404680638,0.01007077471269759,False,False,False,False
2025-08-04,24596.05078125,24736.25,24554.0,24722.75,259300,valid,24746.519921875,24859.3400390625,25037.8900390625,25046.298046875,24410.01546875,24048.79328125,24815.863044753696,24956.207196004772,24906.66260785573,24525.07365611311,0.006407415043054421,0.0016956273358201823,-0.029006796926647094,-0.008102373351734582,0.047425488718787046,,0.08230036650885365,0.1007577120535723,36.337883574007215,0.6523734527347973,-116.01855105715731,-58.10427248606315,-57.91427857109416,-1.547896401215143,-367.94921875,207.38211495535714,25558.643578198204,24517.136499926793,0.04159723829150612,277300.0,0.9350883519653804,-0.015565679574791158,-5664300,-0.012586525404929785,-0.012917998750532638,0.028024554532449664,-0.05696131708434227,0.11955537775917657,0.0012497754912180591,0.0074097261231438165,False,False,False,False
2025-08-05,24720.25,24733.099609375,24590.30078125,24649.55078125,251800,valid,24712.21015625,24818.205078125,24994.242578125,25042.765078125,24431.90796875,24047.18453125,24782.600592052957,24927.001823170984,24896.579791126096,24526.312234472683,-0.0029608040671041946,-0.006911411292197744,-0.03420312346948773,0.002896906139208122,0.04624804376203184,,0.08115694033783383,0.09678389134239887,34.27188665272982,0.5364926962158638,-124.77860635271645,-71.43913925939381,-53.33946709332264,-1.2770125614243177,-411.349609375,207.99274553571428,25489.692130174542,24498.793026075455,0.0396450943052911,279370.0,0.9013136700433118,-0.02892402622445045,-5916100,-0.01379084786416666,-0.01570171247656978,0.025049346180930538,-0.059753469852155516,0.11624059364335884,-0.00010112143673337311,0.005776593202940909,False,False,False,False
2025-08-06,24641.349609375,24671.400390625,24539.19921875,24574.19921875,225100,valid,24656.03984375,24753.6349609375,24949.14755859375,25039.200078125,24452.67095703125,24046.306279296874,24740.920317392367,24893.401575130887,24883.937415738797,24526.788721878427,-0.003056914228121266,-0.011299577094884383,-0.03540182384485213,-0.0037581200072560605,0.05100590332993393,,0.08129457113320139,0.09670686419885392,34.76274885612045,0.5640249170481618,-136.23086997342398,-84.39748540219985,-51.83338457122413,-2.0585317112805868,-645.701171875,207.625,25423.669531449417,24474.625585738086,0.03803913314001916,278670.0,0.8077654573509886,-0.10603653693407467,-6141200,-0.015028503036553656,-0.018570915122054468,0.021953182053063406,-0.06262772284810608,0.11282834189064396,-0.00033271080466254694,0.005365013441662425,False,False,False,False
2025-08-07,24464.19921875,24634.19921875,24344.150390625,24596.150390625,616700,valid,24621.6,24707.0400390625,24911.192578125,25034.45109375,24473.9274609375,24045.01677734375,24711.966332038897,24865.09193851128,24872.65165004806,24527.478887736605,0.0008932609229541644,-0.006952389701606165,-0.029938557473304317,-0.018591787041485675,0.06606981500177511,,0.08103848509245982,0.09075914447911897,38.663713319090014,0.7828281052169466,-141.89986200561907,-95.89796072288371,-46.00190128273536,-1.8544824517712,-465.94921875,212.20354352678572,25370.124733359447,24452.26042289055,0.03684545842557898,298525.0,2.0658236328615693,1.7396712572190136,-5524500,-0.012646612020359231,-0.017507901470802615,0.022920907828209634,-0.06179040482266574,0.11382238796241075,-0.00447623945019826,0.011856052410769244,False,False,False,False
2025-08-08,24544.25,24585.5,24337.5,24363.30078125,312600,valid,24581.190234375,24659.6701171875,24871.86513671875,25026.703125,24493.5884765625,24042.927783203126,24642.23322188112,24817.302304486395,24852.67710617363,24525.84527473674,-0.009466912735407229,-0.0082249522737462,-0.03127449429486062,-0.02623921771959048,0.05719403266399792,,0.08264203672544145,0.09264894621965854,29.245678365636465,0.2545751324810686,-163.2991851490151,-109.37820560811,-53.92097954090511,-3.3965225718870173,-473.69921875,214.31431361607142,25377.149678615744,24366.580594821753,0.04063101332525606,301655.0,1.0362831711723657,-0.4931084806226691,-5837100,-0.02044737508317969,-0.02650778012735147,0.013325040982350465,-0.07067235318773134,0.10327792861282768,-0.0021101021826888085,0.010104199557941269,False,False,False,False
2025-08-11,24371.5,24600.849609375,24347.44921875,24585.05078125,241100,valid,24553.650390625,24650.08515625,24847.00263671875,25024.0721484375,24514.351484375,24043.4925390625,24630.796733754898,24795.183111797214,24842.181956176624,24526.434384254288,0.009101804471857822,-0.005569737134825226,-0.01982473634841797,-0.014447462314252868,0.06745792111092896,,0.09073575165515384,0.09451739729422835,37.763294957654836,0.7323240798565731,-160.51461855026355,-119.6054881965407,-40.909130353722844,-1.9034671298910233,-95.849609375,221.95368303571428,25357.595823268824,24336.409450168674,0.041098976324454015,300735.0,0.8017024955525629,-0.2287268074216251,-5596000,-0.010542593780774122,-0.01754396185334334,0.02252410881271315,-0.06221379465615426,0.11331974859717801,0.0003365397334137138,0.010397406422460662,False,False,False,False
2025-08-12,24563.349609375,24702.599609375,24465.650390625,24487.400390625,237000,valid,24521.2203125,24616.715234375,24811.5826171875,25022.97015625,24530.88248046875,24043.752041015625,24602.117465128922,24765.870471685575,24828.268953605973,24526.04598630773,-0.003971941790719136,-0.006578229034029381,-0.0281158117090754,-0.00796065438971838,0.06795470373540358,,0.08888590706226697,0.09241692127447129,30.549695155471753,0.41863187338908614,-164.29352638115597,-128.54309583346378,-35.75043054769219,-1.407575831924146,-333.69921875,226.55008370535714,25318.568080347584,24304.59715402742,0.040866837958888076,300520.0,0.7886330360708106,-0.017005391953546223,-5833000,-0.013065761727667208,-0.021403125299705148,0.018451710400796295,-0.06593862687591943,0.10889770736129192,-0.0008826978666056116,0.009646453863912946,False,False,False,False
2025-08-13,24586.19921875,24664.55078125,24535.25,24619.349609375,236000,valid,24530.250390625,24593.1451171875,24781.94755859375,25022.9531640625,24547.99998046875,24044.851787109375,24605.56389397814,24751.916103846474,24820.076038145933,24526.974380567106,0.005388453516712133,0.0018373087246135178,-0.02350864580662304,-0.007822355032702677,0.07229467581502202,,0.09188464018969898,0.09245210810260168,38.07986858240208,0.9581676163455188,-154.8560546517183,-133.80568759711468,-21.050367054603612,-0.2493862876792763,-235.701171875,222.95005580357142,25258.76304298164,24305.13207420586,0.03848087268044787,300880.0,0.7843658601435788,-0.00421940928270037,-5597000,-0.006561144915439299,-0.01612933341805343,0.023892757890635746,-0.06090548058508407,0.11487295111219684,0.004034680143622968,0.00525907970156657,False,False,False,False
2025-08-14,24607.25,24673.650390625,24596.900390625,24631.30078125,270200,valid,24537.28046875,24579.440234375,24757.94013671875,25020.561171875,24562.406484375,24047.104287109374,24610.711271432512,24740.428930265858,24812.673086895113,24528.012454205742,0.00048543816407109475,0.0014291013051537238,-0.019120698025723137,0.0008777662135561748,0.07347909779320627,,0.09143685269424949,0.09090387952687033,43.74395590034809,1.0,-144.7439128947335,-135.99333265663847,-8.75058023809504,-0.7646672835288637,-137.048828125,210.16434151785714,25212.744376989434,24303.135896448064,0.03674007108500601,302220.0,0.8940506915492026,0.14491525423728824,-5326800,-0.0051151006412253645,-0.015557620308794618,0.024293839589400734,-0.06044960826569005,0.11541415299075729,-0.0004914674663213886,0.003118999481860021,False,False,False,False
2025-08-18,24938.19921875,25022.0,24852.849609375,24876.94921875,363100,valid,24640.01015625,24610.6001953125,24753.367578125,25018.039140625,24577.67197265625,24049.79328125,24663.95886089601,24753.430862502446,24815.193719516876,24531.48446181315,0.009973019276634965,0.021082875514770283,-0.003662676440791879,0.000957577922756192,0.08477117133076328,,0.09737105084212808,0.09094133644179074,55.65453891991586,1.0,-115.57590467607952,-131.9098470605267,16.33394238444717,0.08810457758758883,311.599609375,220.74288504464286,25201.045619834887,24305.68953641511,0.036171081797008516,304525.0,1.1923487398407355,0.3438193930421909,-4963700,0.0049925183001852565,-0.005639527585752812,0.03439347389920716,-0.05107945409755384,0.12653819983996556,0.012459692657954111,0.006782782876232011,False,False,False,False
2025-08-19,24891.349609375,25012.650390625,24873.94921875,24980.650390625,252300,valid,24719.130078125,24636.390234375,24747.86513671875,25015.5881640625,24590.89498046875,24052.36228515625,24727.29716684181,24775.070817561736,24821.68221642308,24535.953774537647,0.004168564680625764,0.016091063341496348,-0.004386040706381045,-0.0008199622689236685,0.09023202679479314,,0.09690113374930809,0.09051709853940668,54.70081437048563,0.9638861908687809,-83.13391410247277,-122.1546604689159,39.020746366443134,0.8571454481151264,257.900390625,212.896484375,25180.539450055378,24315.19082338212,0.03496659699302015,301880.0,0.8357625546574798,-0.3051500963921785,-4711400,0.009406276162417937,-0.001396640095302373,0.03859446712398957,-0.047123817425184865,0.1312342471911941,0.0005788648157124622,0.005572264021504082,False,False,False,False
2025-08-20,24965.80078125,25088.69921875,24929.69921875,25050.55078125,287100,valid,24831.76015625,24676.490234375,24747.34765625,25014.5141796875,24604.713984375,24055.910791015624,24791.94788972345,24801.307004579667,24830.657454259428,24541.074142763642,0.0027981813736617234,0.02299755717804164,-0.00041297835327858134,0.009036887222372725,0.09890595905359567,,0.09739506483017889,0.08950202486824796,55.64049507606238,0.9994682146992062,-51.19290555076077,-107.96230948528489,56.76940393452412,1.9751445820654245,401.0,214.94280133928572,25178.467548049,24316.227764451,0.034841704879845586,292050.0,0.9830508474576272,0.13793103448275867,-4424300,0.012251944297692255,0.001440627681338828,0.041347010257697395,-0.044457497039698216,0.13439964579093264,-0.0005944444657282789,0.00636871219926634,False,False,False,False
2025-08-21,25142.0,25153.650390625,25054.900390625,25083.75,226500,valid,24924.640234375,24727.4453125,24740.54013671875,25013.361171875,24620.68298828125,24060.30279296875,24850.30831177876,24828.206337476844,24840.58265213161,24546.47390253714,0.0013252889742787488,0.018863227420441664,-0.005398530070150898,0.013384565637207357,0.11219621184664996,,0.09464741362436863,0.08929183967410662,59.38970002500276,1.0,-22.936133189155953,-90.9570742260591,68.02094103690315,1.4601935464298998,509.55078125,199.3427734375,25143.630649975763,24337.44962346174,0.03258542546197392,289800.0,0.7815734989648033,-0.21107628004179724,-4197800,0.013872367433557868,0.002814049165217559,0.04253675507900665,-0.04319112709607023,0.13590305313392503,0.0036505871487044713,0.003927690716728979,False,False,False,False
2025-08-22,25064.150390625,25084.849609375,24859.150390625,24870.099609375,210200,valid,24972.4,24754.840234375,24730.94013671875,25012.9991796875,24633.4644921875,24063.13154296875,24854.26657129801,24832.196172895718,24841.740179866643,24549.694058824083,-0.008517482060098724,0.00969493370430441,-0.007660970269553036,0.00146978289793398,0.1030067012890985,,0.09686323530801379,0.09083490715426448,59.015459497687665,0.9875849171174275,-17.579591893718316,-76.28157775959095,58.70198586587263,0.8947377178685212,273.94921875,197.67131696428572,25110.22791287422,24351.65236056328,0.030673138510600363,283375.0,0.7417732686369651,-0.07196467991169975,-4408000,0.005626938235543929,-0.0057130122335967495,0.03353545505767918,-0.05134072950597268,0.12622801925684554,-0.0007813667962326208,0.009004862133065583,False,False,False,False
2025-08-25,24949.150390625,25021.55078125,24894.349609375,24967.75,213000,valid,24990.56015625,24815.28515625,24737.47763671875,25017.9821875,24647.94849609375,24067.993544921876,24876.96325703841,24845.106061191364,24846.6817414405,24553.8538194328,0.003926417350905487,0.003649996647561604,0.005264323388493031,0.00876948078644868,0.10746035758610417,,0.0923693730137928,0.09090080804664111,57.51348282033528,0.9377582319350375,-5.3927595252862375,-62.10381411273001,56.71105458744377,1.601479575170539,604.44921875,195.47140066964286,25128.77957157149,24346.175701866014,0.03163636491959179,280120.0,0.7603884049692988,0.013320647002854402,-4195000,0.009308643616091511,-0.002007843283424338,0.03738394118308066,-0.047615897286207506,0.13065006049273162,0.003178547030032848,0.0050984169754653315,False,False,False,False
2025-08-26,24899.5,24919.650390625,24689.599609375,24712.05078125,750500,valid,24936.840234375,24827.98515625,24739.03515625,25013.293203125,24663.41201171875,24070.487294921873,24843.980761880728,24832.434129768375,24841.402095942834,24555.42791855536,-0.010241179872034878,-0.010752306492220143,0.001262125373547196,-0.00018403939849698236,0.11694403331401215,,0.0970470115572106,0.09332451568234647,51.723755287080664,0.7456893833029692,-16.180874014113215,-52.91922609300666,36.73835207889344,0.4712135386404803,127.0,205.13936941964286,25129.636243079618,24348.434069420382,0.03157771387304388,304540.0,2.464372496223813,2.523474178403756,-4945500,-0.0010907610110729297,-0.012043293117331832,0.026653531291968343,-0.05736943418936604,0.11907086985089839,-0.0027335262488610308,0.009239172724351895,False,False,False,False
2025-08-28,24695.80078125,24702.650390625,24481.599609375,24500.900390625,326600,valid,24826.91015625,24829.33515625,24723.0251953125,25006.243203125,24675.09751953125,24070.57154296875,24775.364687629582,24800.859487945196,24828.049087891155,24554.88535608839,-0.008544430103923584,-0.021941648925196677,-0.012900283379430166,-0.0016950029285932589,0.10767065527649167,,0.09927119478167644,0.09385836984945682,48.119290192285526,0.6261145921378638,-41.29260884566247,-50.593902643537824,9.301293797875353,0.5647822953484871,13.5,212.1572265625,25125.530758020697,24320.519632604304,0.03256119018836835,306635.0,1.0651099841831493,-0.5648234510326449,-5272100,-0.008984531744505754,-0.020208665827774044,0.01787779932387819,-0.0654236751727569,0.10950904702212047,-0.000657573915813151,0.008950946082211282,False,False,False,False
2025-08-29,24466.69921875,24572.44921875,24404.69921875,24426.849609375,325500,valid,24695.530078125,24810.08515625,24701.61513671875,24998.5391796875,24686.86501953125,24071.70904296875,24705.66167197867,24765.23949950994,24812.315775008166,24553.611368558908,-0.0030223697933294824,-0.026188284870683254,-0.01722793389736399,-0.007853291829895137,0.10615570039297495,,0.0993222718058346,0.09382050500632519,45.76917445163558,0.5481516790532481,-66.4036587553237,-53.755853865895006,-12.647804889428699,-0.6434852353270459,-192.5,203.42159598214286,25119.79977693505,24283.430496502446,0.0338588904330126,310715.0,1.0475837986579342,-0.003368034292712818,-5597600,-0.011123383059082313,-0.022868919107762342,0.014753442132933493,-0.06824831042647567,0.106155700392975,-0.0013959148982168306,0.006856257907950459,False,False,False,False
2025-09-01,24432.69921875,24635.599609375,24432.69921875,24625.05078125,229300,valid,24646.5203125,24809.46015625,24694.4501953125,24995.1751953125,24704.07103515625,24074.09330078125,24689.539493832934,24751.888193008992,24804.97204976275,24554.32220848618,0.008114070174605414,-0.009853150247642217,-0.005785562235069541,-0.005084647725489111,0.10241837285552169,,0.10367765339355915,0.09468526669242035,56.656401799994036,0.9052254589632054,-69.50990171155354,-56.906663435026715,-12.603238276526824,0.5621274142178834,-6.25,199.85728236607142,25112.73094998548,24276.16944063952,0.03387649867599614,304865.0,0.7521361914289931,-0.29554531490015357,-5368300,-0.0028103243244376177,-0.014807834358844994,0.022885907833998104,-0.060688011831968994,0.11513112537000333,0.00023947457279775144,0.0083044607068748,False,False,False,False
2025-09-02,24653.0,24756.099609375,24522.349609375,24579.599609375,271600,valid,24568.890234375,24779.7251953125,24695.1626953125,24984.5191796875,24728.25103515625,24076.284794921874,24667.55151694135,24735.47975647242,24796.133914845585,24554.573724912938,-0.0018457290617897026,-0.015546070055371453,0.000580085373365069,-0.016935980156171593,0.09026070256606533,,0.09960930044012871,0.09230015542719605,49.847720167393234,0.6691408375006735,-74.77716672185852,-60.48076409239308,-14.29640262946544,-0.16145836762829768,-297.349609375,198.45368303571428,25112.56513746416,24277.760253160843,0.033804388924385406,305275.0,0.8896896241094095,0.18447448757086793,-5639900,-0.00467958390731465,-0.016206818606367322,0.020905003356634335,-0.06242172726661818,0.11307289544420168,0.0011349913142628355,0.009481604672859287,False,False,False,False
2025-09-03,24616.5,24737.05078125,24533.19921875,24715.05078125,340300,valid,24569.490234375,24753.165234375,24694.777734375,24979.3821875,24750.043046875,24080.442802734375,24677.051369803077,24733.53413978457,24792.954184116345,24556.170511543158,0.0055107151470170646,0.00012139826138080068,-0.0003114224246898445,-0.01546211039149481,0.09588962559583192,,0.09889828664854397,0.09264872322281559,56.22793903131041,0.8516290003415212,-67.24655817042367,-61.8339229079992,-5.412635262424466,0.3400145235681329,-265.599609375,196.08956473214286,25112.087238744465,24277.468230005532,0.03379738897496324,309325.0,1.1001373959427787,0.25294550810014726,-5299600,0.0008209446990398088,-0.010581983343938514,0.02635366731892341,-0.057255000477552144,0.1192067231088603,0.0015012608509263788,0.008281094489468446,False,False,False,False
2025-09-04,24980.75,24980.75,24708.19921875,24734.30078125,314100,valid,24616.1703125,24721.540234375,24699.015234375,24973.1812109375,24773.39455078125,24086.319052734376,24688.501252092465,24733.607153257468,24790.654050670608,24557.942952037756,0.0007788776228048189,0.009526196462326997,0.0034381965315353202,-0.01473651747214122,0.10124530486690309,,0.09830100819860894,0.09267070965723029,53.35143390463261,0.6140633470507157,-59.04455365667309,-61.276049057733985,2.231495401060897,-0.5734161220720901,-316.25,202.90387834821428,25116.112161743586,24281.918307006417,0.03377437710861338,312440.0,1.0053130200998592,-0.07699089039083162,-4985500,0.0014286216086012076,-0.009565478569581527,0.026902480495128316,-0.05652071749341298,0.12007844818078248,0.010750502643173687,0.0109104322828578,False,False,False,False
2025-09-05,24818.849609375,24832.349609375,24621.599609375,24741.0,210100,valid,24679.000390625,24687.265234375,24707.3552734375,24963.1062109375,24792.51904296875,24092.360556640626,24699.001001673972,24734.311233899614,24788.70683299725,24559.76441520156,0.00027084730671167456,0.012860863993874538,0.0067876385214102886,-0.015925938269305995,0.09970261981912376,,0.09755007713454464,0.09260849782411582,53.20813646375011,0.5461582206974643,-51.411198725312715,-59.303078991249734,7.891880265937019,-0.9593440798280395,-342.75,212.47530691964286,25120.59646213034,24294.114084744662,0.0334508638516327,311690.0,0.6740671821360967,-0.33110474371219356,-4775400,0.0013617291770062578,-0.00889737875810449,0.02692303403954281,-0.056265178670807735,0.12038181841177813,0.0034182825248528065,0.00849152975730156,False,False,False,False
2025-09-08,24802.599609375,24885.5,24751.55078125,24773.150390625,213200,valid,24708.6203125,24677.5703125,24716.2052734375,24947.58921875,24806.9650390625,24098.9573046875,24713.830879464178,24738.010201206795,24788.096776433635,24561.887658738113,0.0012994782193525012,0.006014184932676914,0.007196248079027301,-0.004622625651369949,0.10247437264969617,,0.09759038526988884,0.09036311060690383,46.53126333941208,0.055951503755967094,-42.28006385771732,-55.89847596454325,13.618412106825929,-1.1073624410391392,-96.94921875,194.8896484375,25126.99279736983,24305.41774950517,0.033240339233935934,291515.0,0.7313517314717939,0.0147548786292242,-4562200,0.0023039587411381322,-0.00699221181635841,0.027976027236927846,-0.05503881582564594,0.12183773018216276,0.0024897784800533528,0.00540061206726771,False,False,False,False
2025-09-09,24864.099609375,24891.80078125,24814.0,24868.599609375,226900,valid,24766.4203125,24667.6552734375,24741.47021484375,24932.2051953125,24821.27904296875,24105.707802734374,24744.784625446344,24750.447287699004,24791.253750274474,24564.939518943454,0.003852930178235292,0.011757717969082426,0.020740162946798923,0.006068304935167523,0.11034417145140396,,0.0910021757902099,0.08959934641480828,46.23473416711296,0.03418074530014558,-27.03003403144976,-50.12478757792456,23.0947535464748,-0.8577281731200426,-99.150390625,193.45744977678572,25121.902506176746,24361.037923510754,0.03075260184859622,287230.0,0.7899592660933746,0.06425891181988752,-4335300,0.005138312049660581,-0.0025511416033692637,0.03164776628355584,-0.05139794636187963,0.1261600926278646,0.003671281904638914,0.0031290407644870132,False,False,False,False
2025-09-10,24991.0,25035.69921875,24915.05078125,24973.099609375,244100,valid,24818.030078125,24693.76015625,24760.87265625,24921.326171875,24832.49353515625,24113.823798828125,24790.447622232077,24771.652270715767,24798.38496043528,24569.000813375613,0.0042020862308871365,0.010440958847665716,0.015783934374500097,0.0010662661846350119,0.10948407216637968,,0.086812520582172,0.08799768057200141,47.4565356546815,0.12388370727377043,-6.437788053248369,-41.38738767298932,34.94959961974095,0.4141519399511129,261.048828125,194.03599330357142,25147.25057376404,24374.494738735964,0.031208748001578187,287380.0,0.8493980096040086,0.07580431908329666,-4091200,0.008571061128228427,0.0020774752171266466,0.035634158137484336,-0.047411838733695616,0.13089231444687072,0.004921885130148516,0.00482767546316674,False,False,False,False
2025-09-11,24945.5,25037.30078125,24940.150390625,25005.5,224600,valid,24872.269921875,24744.2201171875,24786.77763671875,24910.60015625,24841.29302734375,24119.315048828124,24833.45809778566,24793.923483028553,24806.507118849582,24573.344088864415,0.0012974116602184615,0.010964499103834902,0.021157803650458273,0.006119871204117944,0.09508498813035016,,0.08496823956588433,0.08768170592112239,47.42895353583062,0.12530147723868615,12.353749649653764,-30.6391602084607,42.992909858114466,0.15119504160365782,504.599609375,193.61104910714286,25165.348800552107,24408.206472885395,0.0305462185832939,286760.0,0.783233365880876,-0.07988529291274071,-3866600,0.008824154817011685,0.0038096169162825733,0.036741712995491234,-0.04617593974588266,0.13235954732208552,-0.0011051735590178401,0.003894505647311138,False,False,False,False
2025-09-12,25074.44921875,25139.44921875,25038.05078125,25114.0,225700,valid,24946.869921875,24812.93515625,24811.51015625,24903.8121484375,24850.76052734375,24123.775546875,24889.566478228528,24824.406960835357,24818.56566320842,24578.723749671735,0.004339045410009845,0.015076189321369338,0.02009193575270718,0.012169458357637053,0.09631739807963235,,0.08433869440182268,0.08802343634960343,58.608632829680374,1.0,35.59095155763134,-17.393137855242294,52.98408941287364,1.6265312106552354,687.150390625,187.05747767857142,25208.222959475133,24414.797353024864,0.03197812633949677,286245.0,0.7884853883910636,0.004897595725734671,-3640900,0.012191512803738168,0.008439987031290183,0.04104765654119485,-0.04203725383528012,0.1372729068183742,0.002757362130331327,0.004043894907337664,False,False,False,False
2025-09-15,25118.900390625,25138.44921875,25048.75,25069.19921875,185400,valid,25006.0796875,24857.35,24833.405078125,24897.0901171875,24858.16302734375,24128.14904296875,24925.493026332824,24847.72050920818,24828.394430092405,24583.60410259789,-0.0017838966811339896,0.01195039078425153,0.017778128787795833,0.011130013965494623,0.08100457712408171,,0.08490815170277526,0.08809704908671176,53.719484075721596,0.6192091122535885,49.817290142989805,-3.951052255595874,53.76834239858568,2.319501810400615,444.1484375,182.64662388392858,25236.524614052138,24430.285542197864,0.03246590909776064,282005.0,0.6574351518590096,-0.178555604785113,-3826300,0.009495038633775729,0.006912819962188462,0.03900217020814048,-0.043746160398813405,0.13524412945435724,0.00019512585111889784,0.0035709850891195057,False,False,False,False
2025-09-16,25073.599609375,25261.400390625,25070.44921875,25239.099609375,240100,valid,25080.1796875,24923.3,24851.51259765625,24892.652109375,24868.08703125,24132.9700390625,24988.21434294126,24884.994709224065,24844.500515554468,24590.126445948907,0.006777256391098607,0.014898305727690797,0.014557668926382883,0.005045285069494865,0.08088508921278703,,0.08104643372985719,0.08518968507458118,70.6207885217014,1.0,73.94887102020948,11.628932399565198,62.31993862064428,3.325234375243613,659.5,176.50739397321428,25293.525880714795,24409.499314597702,0.035572344445563654,275855.0,0.8703848036105926,0.2950377562028048,-3586200,0.015596113524104158,0.01391766126316128,0.04583478819731174,-0.03726538295286359,0.14293796998615907,0.00017552976409828107,0.007615626589315221,False,False,False,False
2025-09-17,25276.599609375,25346.5,25275.349609375,25330.25,268900,valid,25151.609765625,24984.819921875,24868.992578125,24890.03109375,24880.99603515625,24140.050537109375,25056.62147435301,24927.399975012253,24863.54951494449,24597.490859422054,0.003611475529465391,0.014301404159334785,0.013994816144026423,0.01435011367855421,0.07066851315623812,,0.08075704132589821,0.08464956453671207,85.81095782739305,1.0,99.28391430982083,29.159928781616323,70.12398552820451,2.863747267018635,615.19921875,167.71805245535714,25357.693695026173,24380.291461223824,0.039302043729028326,276685.0,0.971863310262573,0.11995002082465644,-3317300,0.018547491235359804,0.017686555094764068,0.04930393418443706,-0.03378849044202852,0.14706566249646105,0.001485789928340816,0.0028148719259931854,False,False,False,False
2025-09-18,25441.05078125,25448.94921875,25329.75,25423.599609375,272200,valid,25235.2296875,25053.7498046875,24887.64501953125,24888.0530859375,24891.94703125,24146.513037109376,25130.01710135741,24974.657083046797,24885.512263745688,24605.710846983777,0.0036853015416349333,0.01672030590770035,0.014891841356407198,0.015143136312792516,0.07414656897569127,,0.08112222173498312,0.0847695605486401,92.33368837037996,1.0,125.44855906737939,48.41765483876894,77.03090422861045,3.4337418567147227,689.298828125,164.25013950892858,25430.949532279294,24344.340506783206,0.043660580366014605,275940.0,0.9864463289120823,0.012272220156191782,-3045100,0.021534966021218366,0.021518216856428216,0.05288906809455027,-0.03022770967630905,0.15129294535081583,0.004374247441300421,0.004685310358243912,False,False,False,False
2025-09-19,25410.19921875,25428.75,25286.30078125,25327.05078125,380400,valid,25277.83984375,25112.3548828125,24899.81005859375,24885.072109375,24901.858046875,24151.768037109374,25169.42383733593,25008.21838763758,24902.82749972625,24612.888358767523,-0.0037976065391384095,0.008483347186827972,0.009699537798375513,0.0032601147268243036,0.07835027696266539,,0.0826653401917546,0.08361070676993015,82.63290164660764,0.7895660131247655,136.8164105903379,66.09740598908274,70.71900460125516,2.4762239228911076,586.05078125,159.51436941964286,25471.743900190646,24327.876216996854,0.04593881160145658,283635.0,1.3411602940398752,0.3975018368846437,-3425500,0.017158392841185352,0.01776079530460724,0.04866238953333749,-0.03391052326751756,0.14692078773308762,-0.0005270847099109672,0.005605985908401999,False,False,False,False
2025-09-22,25238.099609375,25331.69921875,25151.05078125,25202.349609375,254500,valid,25304.469921875,25155.2748046875,24916.42255859375,24882.0141015625,24910.53955078125,24155.494033203126,25176.008991743744,25026.707075422095,24914.573464810514,24618.753644843222,-0.004923635718664832,0.0053113140736227304,0.013359415732888902,-0.013568061005323151,0.06826059075038682,,0.07833939123093653,0.08039421686746388,76.96233958639165,0.6665575380254731,134.21601376399485,79.72112754406517,54.49488621992968,1.8923066888545614,429.19921875,155.72140066964286,25503.815098713952,24329.030018473546,0.047149027011312246,285850.0,0.8903270946300508,-0.3309674027339643,-3680000,0.011475445566427578,0.012874179176370725,0.043338197709097186,-0.03866719592258381,0.1412737675761258,-0.003512101454025271,0.007157767038564819,False,False,False,False
2025-09-23,25209.0,25261.900390625,25084.650390625,25169.5,299200,valid,25290.55,25185.36484375,24926.51005859375,24882.407109375,24918.76755859375,24159.004287109376,25174.707193395,25040.306401572372,24924.57058383755,24624.233708078613,-0.0013034343973540308,-0.0027576106300221115,0.008080423746633203,-0.018266027778501503,0.07016139553311618,,0.0776573971143124,0.0800530047205687,71.5941657757187,0.550108609769905,128.02865694119828,89.3826334234918,38.64602351770648,1.7319429287417698,300.900390625,153.8212890625,25524.44880107839,24328.57131610911,0.04797612991783353,290160.0,1.0311552247036118,0.17563850687622784,-3979200,0.009748253599684132,0.011537987034897135,0.041826877502141056,-0.03992023016672307,0.1397861920906693,0.0002638797861341518,0.007031219009084057,False,False,False,False
2025-09-24,25108.75,25149.849609375,25027.44921875,25056.900390625,244400,valid,25235.880078125,25193.744921875,24943.7525390625,24881.8991015625,24924.72505859375,24160.746787109376,25151.145832841,25041.886781482146,24929.759988025293,24628.538849198478,-0.00447365300760838,-0.010791429590114587,0.013954714338668017,-0.018033055409487964,0.08163799218908485,,0.06942387548706913,0.07999881108543701,64.07994585259152,0.38710664903139785,112.73969165193557,94.05404506918055,18.685646582755027,1.1453932807325984,83.80078125,144.49986049107142,25535.508855956476,24351.996222168527,0.047447256860592237,264855.0,0.9227690623171169,-0.1831550802139037,-4223600,0.004536119871511167,0.007033277015881428,0.037091303982116734,-0.044215293916581695,0.13468718416439235,-0.002413635550964461,0.004874810200627271,False,False,False,False
2025-09-25,25034.5,25092.69921875,24878.30078125,24890.849609375,342500,valid,25129.330078125,25182.2798828125,24963.25,24875.800078125,24929.83755859375,24161.81203125,25099.086588147802,25027.502288900516,24928.23409082332,24631.148906513667,-0.006626948212322681,-0.02095493982699237,0.01591570973037415,-0.025485719564176446,0.06679567322160262,,0.06629993507155502,0.0809962337658289,55.741579171873944,0.2062269127156737,86.2301586144531,92.48926777823506,-6.259109163781957,0.08947025706913525,-114.650390625,144.76046316964286,25518.11584119753,24408.38415880247,0.044454615580706056,265650.0,1.2892904197252024,0.4013911620294599,-4566100,-0.0029002790351817173,0.0006049868226442662,0.030173133421536845,-0.05054922966592657,0.12716767095774867,-0.0008939809104792974,0.008564119015758254,False,False,False,False
2025-09-26,24818.55078125,24868.599609375,24629.44921875,24654.69921875,291500,valid,24994.859765625,25136.3498046875,24974.64248046875,24864.653046875,24932.240546875,24161.99052734375,25010.20911426824,24991.997234600465,24917.507233094955,24631.383237978705,-0.009487437927231501,-0.02654677673713801,0.009327834453426664,-0.03137895760949794,0.060412627600469726,-0.04951420826194575,0.07468277012138343,0.08288311936957295,46.07504954160265,0.0,45.63969377893591,83.11935297837523,-37.479659199439325,-1.2749734538578084,-459.30078125,153.11049107142858,25491.16810352095,24458.116857416546,0.04136400538715604,263950.0,1.1043758287554462,-0.1489051094890511,-4857600,-0.012810724396513705,-0.008443867192885923,0.02039189158892594,-0.059557084914433234,0.11647373764595491,-0.0029046348059476863,0.009635953071267727,False,False,False,False
2025-09-29,24728.55078125,24791.30078125,24606.19921875,24634.900390625,394400,valid,24881.369921875,25092.919921875,24975.1349609375,24855.1220703125,24935.85154296875,24162.114775390626,24935.147369539594,24957.988011364705,24906.424611821625,24631.41823452245,-0.0008030448049409777,-0.022515726809016035,0.0003999833122172447,-0.030324395576279972,0.07555087465095744,-0.050326902451043654,0.06908283984839005,0.08283620002137033,41.8475165224501,0.0,11.738543373292487,68.84319105735868,-57.104647684066194,-1.4820723815760495,-434.298828125,157.85700334821428,25490.27406269106,24459.99585918394,0.041252157600691,272205.0,1.4489079921382781,0.3530017152658662,-5252000,-0.013622932202154065,-0.008860213161074658,0.019567228267449135,-0.060312302711736265,0.11557715921108527,0.0029954355494158933,0.007485338066812637,False,False,False,False
2025-09-30,24691.94921875,24731.80078125,24587.69921875,24611.099609375,303000,valid,24769.68984375,25030.119921875,24976.7099609375,24847.9760546875,24941.8825390625,24161.96126953125,24870.337817506675,24924.95102069902,24894.843239176662,24631.21605914785,-0.0009661407544825362,-0.022185597275472313,0.0012815505744847577,-0.0333804795815168,0.11052902512342966,-0.053570324749091625,0.06883636688137185,0.08265046634076716,36.61838008929551,0.0,-16.854597396071767,51.7036333666726,-68.55823076274436,-2.0024702979413833,-628.0,156.21428571428572,25486.92628401502,24466.49363785998,0.04085536676972067,273775.0,1.1067482421696648,-0.23174442190669375,-5555000,-0.014638050893584418,-0.009533027752085843,0.018588654076278285,-0.06122017329257228,0.11449935465280162,0.002315772632338727,0.005835973548438027,False,False,False,False
2025-10-01,24620.55078125,24867.94921875,24605.94921875,24836.30078125,308900,valid,24725.569921875,24980.725,24982.7724609375,24842.8880859375,24940.9985546875,24163.39927734375,24863.530410255342,24916.508140751495,24892.54745651287,24633.256703148865,0.009150390492475902,-0.008803946455306022,0.004905917494290035,-0.0245470569382793,0.10207962920190972,-0.05262997129174052,0.07369096577236188,0.08500527876773657,44.52572272087315,0.14192405777753198,-21.099789730800694,37.14294874717795,-58.24273847797864,-0.9290222454565233,-493.94921875,167.9892578125,25482.675070587527,24482.869851287473,0.04001978646938917,272205.0,1.1348064877573887,0.019471947194719563,-5246100,-0.005862907326099208,-0.0002651585703204668,0.027847965271061058,-0.05128733114079165,0.12469745895148703,0.00038402070712028675,0.010641516606506156,False,False,False,False
2025-10-03,24759.55078125,24904.80078125,24747.55078125,24894.25,365900,valid,24726.25,24927.7900390625,24990.769921875,24839.555078125,24944.15755859375,24164.0290234375,24869.674328204273,24914.388317822784,24892.614222924134,24635.853651376237,0.0023332467769816567,0.00013661207545601073,0.006466696599373822,-0.024615535311979575,0.11139260042734955,-0.049073750363894164,0.07404324839048582,0.08499548729394768,42.64977187325247,0.10825376310454043,-19.562611976176413,25.801836602507077,-45.36444857868349,-1.3663308704043753,-529.349609375,169.65359933035714,25478.914918398208,24502.62492535179,0.039066023019636936,274795.0,1.3315380556414782,0.18452573648429915,-4880200,-0.003862222819734434,0.0022019284042317103,0.030219338664683588,-0.035512182793164364,0.12732165567266512,-0.0030902347606428533,0.006351084532562798,False,False,False,False
2025-10-06,24916.55078125,25095.94921875,24881.650390625,25077.650390625,268800,valid,24810.840234375,24902.85,25007.60244140625,24836.710078125,24948.26505859375,24166.076025390626,24911.26954068842,24929.93708666109,24899.87054322613,24640.24963883145,0.007367178791287232,0.01715499216284666,0.013606983979022713,-0.015640118576211504,0.09852134859223183,-0.028406628601783335,0.07813624254534374,0.08641417559006638,50.2586906796026,0.24482159412080332,-3.5051040903490502,19.94044846393585,-23.4455525542849,-0.9972250940081473,-249.400390625,178.55357142857142,25482.52134449934,24532.68353831316,0.037981962021816605,277730.0,0.96784646959277,-0.2653730527466521,-4611400,0.002801066171092428,0.009700975360348061,0.037721240480937314,-0.027881256628078728,0.13562683586529548,0.0008958205710153951,0.008600661865536478,False,False,False,False
2025-10-07,25085.30078125,25220.900390625,25076.30078125,25108.30078125,288000,valid,24905.5203125,24893.4451171875,25024.3599609375,24837.6341015625,24948.7270703125,24169.937529296876,24950.675788800738,24946.924105193368,24908.044278050595,24644.90686412915,0.0012222193924698033,0.01921665535961159,0.013528775522705816,-0.009739569467861697,0.07629063702621641,-0.026693114248146133,0.07812869782999873,0.08595225525136496,45.62311854029444,0.16162054431378012,11.560554093310202,18.264469589810723,-6.703915496500521,-1.2401816932671172,-94.048828125,175.15345982142858,25487.96345162911,24560.75647024589,0.037052175673246826,281470.0,1.0231996305112445,0.0714285714285714,-4323400,0.003354364325142717,0.01089744210663255,0.03882356960235063,-0.020653097530395258,0.13701482100669918,0.00030506807878061867,0.005764316347487487,False,False,False,False
2025-10-08,25079.75,25192.5,25008.5,25046.150390625,227400,valid,24992.53046875,24881.11015625,25033.2375,24841.817109375,24948.99056640625,24174.174033203126,24969.770709165594,24956.37422761543,24913.460204033905,24648.89933702961,-0.0024752925801897474,0.017677015174254018,0.0071395568724772485,-0.004123254029771428,0.06864946433479235,-0.008077164918362412,0.07795297642091555,0.08448998461635171,40.305098889204366,0.06617066141515918,18.27452231733696,18.26648013531597,0.00804218202098994,-1.1090923813085851,-123.349609375,180.62486049107142,25491.04606846798,24575.42893153202,0.036576057608847364,281495.0,0.8078296239720066,-0.2104166666666667,-4550800,0.0005158298292420519,0.008225375798813375,0.036070574995622114,-0.02307726765151006,0.13420037665669554,-0.001137105274416687,0.00733659625793718,False,False,False,False
2025-10-09,25074.30078125,25199.25,25024.30078125,25181.80078125,286300,valid,25061.63046875,24893.6001953125,25043.67255859375,24851.8351171875,24951.35408203125,24180.324541015623,25012.176723582477,24977.843423199673,24923.983363924734,24654.20183896215,0.005416017571936882,0.013911089378529029,0.00835703917973607,0.00396694070722492,0.055767645795606,0.006684143439670942,0.07885886809593821,0.08504212131886627,41.98014876120859,0.11652340370930234,34.147610949352384,21.442706298123255,12.704904651229128,-0.08153536651739346,124.900390625,184.60700334821428,25505.208422322594,24582.136694864905,0.036858480931581124,283605.0,1.0095026533382698,0.25901495162708876,-4264500,0.005515493877069238,0.013277315840321827,0.04141698919448468,-0.017786236966686002,0.1403432258267657,0.001123940812698184,0.006977232197869426,False,False,False,False
2025-10-10,25167.650390625,25330.75,25156.849609375,25285.349609375,232900,valid,25139.850390625,24933.0501953125,25057.6650390625,24861.1201171875,24957.36857421875,24188.8137890625,25066.811300740985,25007.129726644944,24938.15458923651,24660.481916279692,0.0041120501676790155,0.015710439534229792,0.01119152224010711,0.0035541171682720307,0.048073465291676554,0.019745303504632883,0.07989654842600749,0.08495407586125901,48.623271109391624,0.2975635304452503,54.454950315466704,28.045155101591945,26.40979521387476,0.4602777543256664,394.5,186.853515625,25531.142163861805,24584.187914263195,0.03779100120152452,284020.0,0.8200126751637209,-0.1865176388403772,-4031600,0.009086424052582774,0.017063973392502655,0.04533235196544951,-0.013747324697708172,0.14503237437973834,-0.0005619292578764333,0.006909679208265633,False,False,False,False
2025-10-13,25177.30078125,25267.30078125,25152.30078125,25227.349609375,234300,valid,25169.790234375,24990.315234375,25063.33251953125,24868.56609375,24961.507578125,24196.183291015626,25098.91896246779,25028.103048809713,24949.49557041841,24666.122390837856,-0.0022938183927065925,0.005969427614556988,0.004513403256152015,0.0006068061760520216,0.04386513191922958,0.008563464234008888,0.07921117908579445,0.08508298895707105,50.86337845385108,0.4072817260566974,65.11790907449904,35.45970589617337,29.65820317832567,0.6802486185153667,572.650390625,183.45354352678572,25542.3302913083,24584.3347477542,0.038222991408167886,284450.0,0.8236948497099666,0.006011163589523472,-4265900,0.006544105406411356,0.014427189499887179,0.0426168997794896,-0.01600960922417262,0.14240587805914162,-0.004273179125233014,0.004567606392725094,False,False,False,False
2025-10-14,25277.55078125,25310.349609375,25060.55078125,25145.5,292100,valid,25177.230078125,25041.3751953125,25067.14755859375,24876.1091015625,24966.8655859375,24203.2725390625,25108.235169974236,25039.283710827836,24957.182018637297,24670.89231729718,-0.003244479132464395,0.0014815506263881062,0.0030436066419279317,0.0013559863054248833,0.033562928423587435,0.006546758214016624,0.0798723249190444,0.08494631911769598,49.19829010311054,0.4580915058612139,66.20068104012535,41.607900924963765,24.59278011516158,1.0230682946599234,510.599609375,188.63560267857142,25547.555410915953,24586.73970627155,0.03832967841269228,289785.0,1.0079886812636956,0.24669227486128897,-4558000,0.003125702325049227,0.010829302015747326,0.03892975461962048,-0.01920214551359024,0.13869936602697414,0.0019899502980822137,0.009882240185639029,False,False,False,False
2025-10-15,25181.94921875,25365.150390625,25159.349609375,25323.55078125,289900,valid,25232.71015625,25112.6203125,25071.3701171875,24891.273125,24971.56958984375,24211.139296875,25151.29829222939,25066.356765153756,24971.5494210927,24677.386431366365,0.007080820872521931,0.011075569949816844,0.003346045349558846,0.014223994531838313,0.04441229516582079,0.013004869208293135,0.08021223371124128,0.08529828900213339,58.53416729905873,1.0,80.49806406402422,49.38593355277585,31.112130511248367,2.7128765861857973,712.451171875,194.17843191964286,25559.563155262877,24583.177079112123,0.038944264776395225,292275.0,0.9918740911812506,-0.007531667237247519,-4268100,0.010058511476786797,0.017366635048322795,0.045946267572735885,-0.01225729159381815,0.14676229226546542,0.0014495324710186712,0.008172551674306637,False,False,False,False
2025-10-16,25394.900390625,25625.400390625,25376.849609375,25585.30078125,372800,valid,25313.41015625,25187.5203125,25084.12265625,24908.524140625,24977.41109375,24219.998798828125,25238.098790033513,25115.78000478197,24995.618101883185,24686.42040499705,0.010336228211479837,0.016023476776150236,0.0100690195023736,0.019712545999132303,0.0643091929272539,0.024877606226904492,0.08727009657856888,0.08726939074672112,70.94305259574188,1.0,111.66270245523629,61.84128733326794,49.82141512196834,3.857942900336142,749.0,200.42494419642858,25612.463154554865,24555.782157945137,0.04212549153463989,297470.0,1.2532356203986956,0.28596067609520515,-3895300,0.019979894528028237,0.027170483357590838,0.05637085260664567,-0.002047757545506612,0.15861548902264105,0.002817519943839333,0.009787428870630938,False,False,False,False
2025-10-17,25546.849609375,25781.5,25508.599609375,25709.849609375,422100,valid,25398.31015625,25269.0802734375,25098.43515625,24929.7301171875,24986.24759765625,24230.323544921874,25332.44895390181,25172.35806236226,25023.627180608353,24696.60378016499,0.004867983737610659,0.01678837771903341,0.01125922388639422,0.025894888397256732,0.0567790702005877,0.02315749628269681,0.08793827775164756,0.08769792186117767,84.11745908648265,1.0,144.74245155854442,78.42152017832323,66.32093138022118,4.464449039007823,815.599609375,201.24637276785714,25678.476017831857,24518.394294668145,0.04622127698167784,304965.0,1.3840932566032167,0.13224248927038618,-3473200,0.024360660308845764,0.03129273716644271,0.06106092895169786,0.0,0.164255610381347,-0.0015028618269431744,0.010682350066555877,False,False,True,False
2025-10-20,25824.599609375,25926.19921875,25788.5,25843.150390625,301100,valid,25521.4703125,25345.6302734375,25124.24013671875,24955.109140625,24997.154609375,24241.31529296875,25434.58924124645,25236.24304600633,25055.76534570705,24708.01220414967,0.005184813729964155,0.024410046667017182,0.02037740650629072,0.024712627343749682,0.06193311624408526,0.03136009168966525,0.08779524897370748,0.0873961710623294,86.39632685528167,1.0,179.64382783255132,98.66598170916885,80.97784612338248,4.0539435330688045,765.5,203.47837611607142,25787.11154462182,24461.368728815676,0.05276747907963947,301000.0,1.0003322259136214,-0.2866619284529732,-3172100,0.028614208827576582,0.03558554863438106,0.06607872049421619,0.0,0.17029205885523996,0.004463269981873284,0.005332095011456116,False,False,True,False
2025-10-21,25901.19921875,25934.349609375,25825.80078125,25868.599609375,42500,valid,25666.090234375,25421.66015625,25157.55263671875,24980.558125,25007.504609375,24251.9437890625,25521.39131487216,25296.467480612868,25087.641199184225,24719.560337534997,0.0009847568259027106,0.028756620841701386,0.026436027208834645,0.032180065220805076,0.06305530651868385,0.03593320331949812,0.08494559673496829,0.08628548886709066,87.8423111646103,1.0,206.97112495226975,120.32701035778904,86.64411459448071,3.913954464886471,760.298828125,200.93889508928572,25899.231865569007,24415.87340786849,0.05896274884606535,290400.0,0.14634986225895316,-0.858850880106277,-3129600,0.0282637577241294,0.03554930518090658,0.06666087610847928,0.0,0.17144451194849747,0.0022461978221532198,0.004190880399329966,False,False,True,False
2025-10-23,26057.19921875,26104.19921875,25862.44921875,25891.400390625,448400,valid,25779.66015625,25506.18515625,25193.64765625,25011.1201171875,25018.91162109375,24260.4575390625,25595.39313002273,25353.12775775688,25119.16116747602,24731.220437565746,0.0008814076368377499,0.022423775175930194,0.02868155468424094,0.042452807932721326,0.06344602025909896,0.04612354415348019,0.08440326658324043,0.08397206418584575,86.15584578995768,0.9645232588549344,227.8416209155548,141.8299324693422,86.01168844621262,3.244921223976438,845.25,199.49246651785714,26004.787354859593,24382.507957640406,0.06439239840749039,297860.0,1.5054052239307056,9.550588235294118,-2681200,0.027695581993340428,0.03519555578930575,0.06722638470179179,0.0,0.17247703208746049,0.007290677200270629,0.009277666335913945,False,False,True,False
2025-10-24,25935.099609375,25944.150390625,25718.19921875,25795.150390625,284900,valid,25821.630078125,25567.5201171875,25230.56015625,25035.322109375,25029.69712890625,24269.409541015626,25635.344582143185,25395.225151363367,25145.670548775983,24741.80680525788,-0.0037174505259611745,0.008201959835030914,0.02946294188391385,0.04514624597825634,0.05453545637458124,0.037865039291098856,0.08374202933404747,0.0832204514723957,80.0821475760726,0.8367560229746049,233.91860070541952,160.24766611655767,73.67093458886185,2.7355479582589437,613.349609375,204.39969308035714,26081.702573959636,24379.417738540367,0.06746916536443151,299885.0,0.9500308451573103,-0.3646297948260482,-2966100,0.022377237400935817,0.030350249856200835,0.06286683023873538,-0.003717450525961164,0.16811840672784958,0.001687788921831475,0.008712176751899706,False,False,False,False
2025-10-27,25843.19921875,26005.94921875,25827.0,25966.05078125,266300,valid,25872.8703125,25635.590234375,25284.32021484375,25064.8951171875,25043.93263671875,24281.159541015626,25701.48582196455,25449.589497066856,25177.84232259849,24753.988337357303,0.006625291500029773,0.009965098037040931,0.04319664409807977,0.04612814056966874,0.06507289690126572,0.04781673091805483,0.07987853133662355,0.08348166698936554,79.91447763883573,0.833228892770472,249.64710776208813,178.12755444566378,71.51955331642435,3.6728214766662326,680.701171875,204.14969308035714,26179.78793128219,24388.852498405307,0.07083186012750589,296075.0,0.8994342649666469,-0.06528606528606529,-2699800,0.02696258236778799,0.03595289985652316,0.06939088874187672,0.0,0.17585753167897203,0.0018627078112505554,0.006924422059176291,False,False,True,False
2025-10-28,25939.94921875,26041.69921875,25810.05078125,25936.19921875,395200,valid,25891.480078125,25706.4751953125,25348.39521484375,25091.232109375,25057.09263671875,24292.30103515625,25748.428501321643,25495.933280084297,25207.58180872208,24765.75162970947,-0.001149638146805021,0.003600521868214468,0.051977920664528554,0.04349813834681804,0.06233201732488025,0.059827298545896745,0.06846426552565343,0.08356346789186499,77.89224330797778,0.7906888649888221,256.74370964110494,193.850785484752,62.89292415635293,2.995808139589906,708.849609375,210.36746651785714,26237.541235961846,24459.249193725653,0.07015402857514405,301260.0,1.311823673902941,0.4840405557641758,-3095000,0.023189002653786896,0.03367579183404428,0.06767157138447566,-0.0011496381468049702,0.17450572100534595,-0.0010052188035790121,0.008930180839851417,False,False,False,False
2025-10-29,25982.0,26097.849609375,25960.30078125,26053.900390625,321900,valid,25928.540234375,25797.315234375,25419.34521484375,25119.6841015625,25070.12263671875,24304.125791015624,25809.522879182317,25549.0730048977,25240.77077271827,24778.569030315597,0.0045381040946781415,0.007163154714523001,0.057601207128891385,0.05190296493406277,0.07333419374315775,0.06623152342391192,0.06761925500936417,0.0834544780651908,82.72654388800231,0.8884534219819401,268.7671383894376,208.83405606568914,59.933082323748465,3.039510203034901,908.400390625,208.77106584821428,26295.129700650054,24543.560729037446,0.06890692725592987,297635.0,1.081526030204781,-0.18547570850202433,-2773100,0.024963474488347497,0.03719060658905301,0.07199496145860988,0.0,0.17983575022706333,0.001765901814051819,0.005294004623393118,False,False,True,False
2025-10-30,25984.400390625,26032.05078125,25845.25,25877.849609375,257400,valid,25925.830078125,25852.7451171875,25482.68271484375,25139.702109375,25078.870625,24315.8825390625,25823.188225220856,25580.38506246697,25265.75425650873,24789.507145530122,-0.0067571756478100875,-0.0005233699624415111,0.05147067868180355,0.053428915967843826,0.07788443891098806,0.06059367013453598,0.07466861378999193,0.08283764463801377,72.02612650141474,0.5967217800097333,261.08039331033797,219.2833235146189,41.79706979571907,2.5785507002220376,554.298828125,211.17829241071428,26293.13746106183,24672.227968625673,0.06360827510095594,295355.0,0.8714936263140965,-0.20037278657968316,-3030500,0.015507272093493613,0.02936182365202856,0.06423649513042609,-0.00675717564781005,0.17186339282721333,-0.0026675468531770488,0.007188958699905059,False,False,False,False
2025-10-31,25863.80078125,25953.75,25711.19921875,25722.099609375,334400,valid,25911.219921875,25866.425,25526.97265625,25154.53109375,25085.05962890625,24327.335537109375,25802.970502051685,25593.881685982018,25283.650152699567,24798.786672533555,-0.006018660837397216,-0.0028319579511562054,0.03566548963659377,0.04042226731957399,0.031992377666292704,0.06374060321939945,0.07621019443685531,0.08321055520215491,63.37873961666312,0.36695067242058493,239.65823812516828,223.35830643672878,16.2999316884395,2.2930528697977737,136.798828125,216.08189174107142,26283.732247017088,24770.213065482912,0.05929097828855183,296630.0,1.127330344199845,0.2991452991452992,-3364900,0.0076439519778787905,0.022563271543790397,0.05733320322474386,-0.012735167336764372,0.16481034451802476,-0.0005428900908331427,0.00937800222409065,False,False,False,False
2025-11-03,25696.849609375,25803.099609375,25645.5,25763.349609375,23300,valid,25870.6796875,25871.775,25570.42763671875,25168.7870703125,25091.650625,24340.7225390625,25795.046323516348,25610.02148820992,25302.461896098604,24808.38431369616,0.0016036793506921665,-0.00780639203021849,0.03491166069975993,0.04518536009070906,0.04821316397696629,0.05851474664861667,0.07618199919962225,0.08288406463608869,66.58925112859039,0.4500297988608155,223.43394858550164,223.37343486648336,0.060513719018274514,1.7367186455172545,53.5,217.83551897321428,26272.008336090366,24868.84693734713,0.054874381401753214,279500.0,0.08336314847942755,-0.930322966507177,-3341600,0.007544730005970585,0.02362301120834731,0.058446378000054824,-0.01115191111095785,0.16667832681500086,-0.0009816461479994062,0.006133032327725606,False,False,False,False
2025-11-04,25744.75,25787.400390625,25578.400390625,25597.650390625,305100,valid,25802.969921875,25847.225,25596.42763671875,25179.065078125,25096.213125,24352.830537109374,25755.56713693808,25608.84328843993,25314.037915491797,24816.237707496446,-0.006431586779760301,-0.01305313956257148,0.020735594918190436,0.04164738646271382,0.03773275057914227,0.04621767000262711,0.07835033293051868,0.0838292983829449,63.303600059305644,0.16273404355206703,194.95818350644186,217.69038459447506,-22.732201088033207,0.048268376755022935,-245.5,214.92131696428572,26258.547864835036,24934.30740860246,0.05173536225550935,281315.0,1.0845493485949913,12.094420600858369,-3646700,4.777049061711184e-05,0.016624338957829568,0.051116023314774134,-0.01751177340664789,0.15917473391202458,-0.0007219406504592014,0.008118160013206576,False,False,False,False
2025-11-06,25593.349609375,25679.150390625,25491.55078125,25509.69921875,371900,valid,25694.1296875,25811.3349609375,25616.49755859375,25191.8570703125,25102.428125,24364.313037109376,25706.393553300462,25599.40099608851,25321.710907776433,24823.137822036282,-0.0034359080045569534,-0.020887512568782962,0.015986682690998677,0.037141943499955365,0.017859621354611832,0.04802008262377222,0.07993398052892997,0.08425376895407058,55.783687607562705,0.0,163.41031757120436,206.83437118982093,-43.42405361861657,-0.778496932755357,-358.900390625,212.63197544642858,26239.49762439687,24993.49749279063,0.04864053443513148,285510.0,1.3025813456621484,0.2189446083251394,-4018600,-0.004169123417417445,0.01261686058119401,0.04701081372153126,-0.020887512568783,0.15519191616509603,-0.00016801468823775863,0.007330013938710122,False,False,False,False
2025-11-07,25433.80078125,25551.25,25318.44921875,25492.30078125,305600,valid,25617.019921875,25771.425,25638.805078125,25202.3480859375,25110.16513671875,24375.215537109376,25663.57499889037,25589.200975627697,25328.40070673618,24829.796159938905,-0.0006820322478444663,-0.014898796999937902,0.01781313230443593,0.04634019052413785,0.018885042456217027,0.05316804725582447,0.07920798079195165,0.08164392552678218,46.593162857919665,0.0,135.4431932051848,192.55613559289372,-57.11294238770893,-1.3576116072221422,-399.099609375,207.69991629464286,26205.19523162171,25072.414924628287,0.044182258242600796,289420.0,1.0559049132748255,-0.17827372949717668,-4324200,-0.0057141624357523535,0.011504987325934427,0.045828732978379146,-0.021555298859478288,0.1544040380258222,-0.0029752776326038978,0.009153204558463891,False,False,False,False
2025-11-10,25503.5,25653.44921875,25503.5,25574.349609375,243600,valid,25587.469921875,25749.344921875,25658.43251953125,25219.5940625,25116.4436328125,24387.0712890625,25645.729920987298,25587.786559794105,25338.045761741625,24837.204651973094,0.0032185728871263475,-0.005744087856115354,0.015588592393967593,0.04023985294671406,0.025211026873482423,0.05225402121067746,0.07791801585744,0.07995177309083092,44.876748342121196,0.0,118.53332202006641,177.75157287832826,-59.218250858261854,-1.1374794323746884,-220.80078125,199.71763392857142,26183.86696220694,25132.998076855558,0.04095608274400464,287285.0,0.8479384583253563,-0.20287958115183247,-4080600,-0.0032770088387996605,0.014066663642397781,0.04868474390547213,-0.018406103272835005,0.15811957156340123,0.000439317692275042,0.005879554521928363,False,False,False,False
2025-11-11,25617.0,25715.80078125,25449.25,25694.94921875,297700,valid,25573.78984375,25722.234765625,25678.9125,25243.4750390625,25124.85912109375,24398.82228515625,25655.573780539842,25597.992527313712,25352.041975741955,24845.73942378182,0.0047156471705849246,-0.0026549494402742235,0.016199088234996495,0.04931306749030462,0.04095984881339887,0.07083037492860544,0.07828841202299255,0.0797795170611496,44.342176098734356,0.0,113.55452201582375,164.91216270582737,-51.35764069000362,-0.7587506620388651,-271.1015625,203.30343191964286,26174.182856542924,25183.642143457073,0.038574091215344546,290525.0,1.0246966698218742,0.22208538587848925,-3782900,0.0006245092641676885,0.017884787216850065,0.053122520359611285,-0.013777252791070074,0.16358085484424326,0.0016677018683347198,0.010405230169418746,False,False,False,False
2025-11-12,25834.30078125,25934.55078125,25781.150390625,25875.80078125,312600,valid,25629.419921875,25716.194921875,25711.33505859375,25272.4540625,25135.49662109375,24413.078037109375,25699.619180681875,25624.450456260027,25372.581536742273,24855.988790522795,0.0070384090258497345,0.010866246955496761,0.025704292441169674,0.05103510823033863,0.042813538461925926,0.06866060992755618,0.08035388867641648,0.08025375923797645,50.245756419195,0.14118780685972177,122.78658942542825,156.48704804974756,-33.70045862431931,0.3126571832444691,-60.3984375,212.66434151785714,26165.31673080018,25257.353386387324,0.03531373778699906,294440.0,1.0616764026626817,0.05005038629492775,-3470300,0.0063966232123476435,0.023873689403407106,0.05991553961025302,-0.006835813705616444,0.1717706128352849,0.005423305619857502,0.005937857266736432,False,False,False,False
2025-11-13,25906.099609375,26010.69921875,25808.400390625,25879.150390625,385200,valid,25703.31015625,25698.719921875,25748.017578125,25297.5360546875,25146.355625,24426.697041015625,25735.5254226705,25648.707592866213,25392.446981992576,24866.169502961624,0.00012944949620363744,0.014482772560620694,0.029176210082320964,0.050661133184037865,0.051583368028643495,0.05697993448222105,0.07870878780464298,0.08026383967653837,49.57631583924861,0.1363612335430385,128.88761860616432,150.9671621610309,-22.079543554866575,-0.33466926240377504,-174.75,209.84640066964286,26120.788844571787,25375.246311678213,0.028955337265536604,299095.0,1.287885120112339,0.23224568138195778,-3085100,0.00509292849836361,0.022990947999053376,0.05946171711920428,-0.006707249102053083,0.17192229795078273,0.0011709329647859629,0.007808926514425634,False,False,False,False
2025-11-14,25767.900390625,25940.19921875,25740.80078125,25910.05078125,518900,valid,25786.86015625,25701.9400390625,25777.342578125,25324.145078125,25154.33212890625,24440.220546875,25770.430494386404,25673.597420331338,25412.745170198752,24876.55638135255,0.001194026471448284,0.016387300761305124,0.023160259201653988,0.04152846691190493,0.04252581157774182,0.07069203096319021,0.0758454789178919,0.07797953126203427,54.16214457030061,0.2558324921613496,134.66381087903937,147.7064919046326,-13.042681025593225,-0.10081830911098377,32.201171875,207.94977678571428,26098.17572575464,25456.50943049536,0.0248926472274845,310545.0,1.6709333590944953,0.34709241952232617,-2566200,0.0051482499688551,0.02313624808724962,0.060139810586240273,-0.00552123126358315,0.1733216041970166,-0.004298827369553117,0.007738249313186033,False,False,False,False
2025-11-17,25948.19921875,26024.19921875,25906.349609375,26013.44921875,281800,valid,25874.680078125,25731.075,25798.75,25350.113046875,25164.7476171875,24454.826796875,25819.034239259126,25705.964258275973,25436.302191710565,24887.868747893823,0.0039906690408659795,0.0171695318192584,0.016734156895812813,0.0413439526983892,0.0404900899482048,0.07724178449512364,0.06866355699712845,0.07794648416699204,51.80524106082832,0.1944298002527111,145.902995726683,147.34579266904268,-1.4427969423596778,-0.15525956293882537,291.349609375,201.310546875,26122.750261763627,25474.749738236373,0.025117516295450542,305995.0,0.9209300805568719,-0.4569281171709385,-2284400,0.008322078346819129,0.026166990681596593,0.06373475612079045,-0.0015525956293882042,0.17800394239786485,0.0014723412864789287,0.004541725935641909,False,False,False,False
2025-11-18,26021.80078125,26029.849609375,25876.5,25910.05078125,280000,valid,25917.700390625,25745.7451171875,25808.76005859375,25373.628046875,25173.40462890625,24470.231298828126,25837.2375476573,25725.401069987787,25454.88056777094,24898.039713399856,-0.003974806902018679,0.008371355812722747,0.007786944494688752,0.03431062284839359,0.043657571299976494,0.07326655742484878,0.06895563315922432,0.07839765174141979,49.05693072794128,0.12283007121782373,144.79760427425208,146.83615499008457,-2.0385507158324856,0.12443526939476257,146.701171875,195.7177734375,26133.56521952674,25483.954897660762,0.025170148445379164,298890.0,0.9367994914517046,-0.0063875088715400485,-2564400,0.003924664432785165,0.021140955222643632,0.058839635181169136,-0.00552123126358315,0.1733216041970166,0.0003210478714210783,0.005893120567024555,False,False,False,False
2025-11-19,25918.099609375,26074.650390625,25856.19921875,26052.650390625,250100,valid,25953.0703125,25791.2451171875,25819.23505859375,25399.8610546875,25181.4836328125,24485.70830078125,25880.32011625084,25756.567671953235,25478.322521608352,24909.528376854832,0.005503640675154298,0.006834555995776093,0.008106596789995146,0.03862661645985943,0.052528182580416916,0.09082445135989992,0.06925787441061146,0.07903365947082114,49.95571289778814,0.20277224591871384,153.65690910611374,148.2003058132904,5.456603292823331,1.2850847569594315,455.0,199.77497209821428,26161.740579508893,25476.729537678606,0.026531035496432553,296340.0,0.8439630154552203,-0.10678571428571426,-2314300,0.009040365893936897,0.025700508145773106,0.06399414999948169,-4.797746138807642e-05,0.17977914470291254,0.000310645015440286,0.008428518107708123,False,False,False,False
2025-11-20,26132.099609375,26246.650390625,26063.19921875,26192.150390625,240400,valid,26015.6703125,25859.490234375,25835.41259765625,25428.2410546875,25187.91513671875,24500.8535546875,25942.68617112567,25798.051740398165,25506.31577137371,24922.29078495205,0.005354541588221684,0.012094678352090993,0.012507471843691942,0.053158242307628,0.05470615628099007,0.11176594650708971,0.07143910753591684,0.07725863832687968,61.43165246844471,0.7681673364600031,169.9750891412623,152.5552624788848,17.41982666237749,1.6643828840251507,682.451171875,198.728515625,26216.16459095654,25454.66060435596,0.029475201285140893,306235.0,0.7850180417000017,-0.038784486205517776,-2073900,0.013808093508098753,0.0300417686891748,0.06903011897779056,0.0,0.18609632119814082,0.003049563770240807,0.007020146663193727,False,False,True,False
2025-11-21,26109.55078125,26179.19921875,26052.19921875,26068.150390625,235600,valid,26047.290234375,25917.0751953125,25844.25009765625,25452.2320703125,25192.2186328125,24514.946806640626,25967.77901502554,25823.77542137215,25528.348501540426,24933.6923730682,-0.0047342428227803435,0.0061018641263879125,0.0068265909658560275,0.04407286962681867,0.05322884659666349,0.10774162149044275,0.0739164287617338,0.0778343954530957,62.88402357225548,0.8334510243992785,170.9312120845716,156.23045240002216,14.700759684549439,1.838059325055541,575.849609375,191.39997209821428,26238.441502166035,25450.058693146468,0.030505153217468047,295595.0,0.7970364857321673,-0.019966722129783676,-2309500,0.008663447077114205,0.024198990430819894,0.06335741195912532,-0.004734242822780352,0.18048105320238236,-0.0031536016761939873,0.004864120454006519,False,False,False,False
2025-11-24,26122.80078125,26142.80078125,25912.150390625,25959.5,464700,valid,26036.500390625,25955.590234375,25852.467578125,25471.960078125,25196.643125,24527.2023046875,25966.123212020433,25836.70157171766,25545.256403440802,24943.899414132196,-0.004167936312968079,-0.002073897171279926,0.006371337514462949,0.05047938877239955,0.050286059177556464,0.10683552922275896,0.07426174433910147,0.07512573831819636,56.95398263668177,0.6651297162160724,161.06510958762374,157.19738383754247,3.867725750081263,1.7632539583978701,385.150390625,196.61788504464286,26249.193340533726,25455.741815716276,0.0306915199649579,304585.0,1.5256824860055485,0.9724108658743633,-2774200,0.004140124015301522,0.019140259343201946,0.05839629312466539,-0.008882447113172997,0.1755608833539693,0.0020964429699106752,0.00882946635609427,False,False,False,False
2025-11-25,25998.5,26032.599609375,25857.5,25884.80078125,260500,valid,26031.450390625,25974.575390625,25848.405078125,25489.54609375,25200.073125,24539.215556640625,25949.858725866347,25841.282448815975,25558.571869237243,24953.261616790085,-0.002877529180069005,-0.0009745252995904119,-0.0031290857698957897,0.05648365441926928,0.05469291153101752,0.10061444315113643,0.07117052730819631,0.07297154889374381,60.882302869704894,0.892043082254389,145.5408453425771,154.8660761385494,-9.325230795972317,1.5396805622530874,189.8515625,194.19642857142858,26241.88430489466,25454.925851355343,0.030445145499723797,304295.0,0.856077161964541,-0.43942328383903595,-3034700,0.0014080444427807363,0.015506540840164926,0.05483407656220869,-0.011734416792483375,0.17217817260917062,0.001502340183747761,0.0067349889176298635,False,False,False,False
2025-11-26,25842.94921875,26215.150390625,25842.94921875,26205.30078125,275300,valid,26061.98046875,26007.525390625,25861.86015625,25511.372109375,25207.59212890625,24553.436806640624,26000.94713694308,25875.950861428737,25583.933787355392,24965.71971792899,0.012381783530362567,0.005859303692185236,0.010375520338595345,0.07280722648705518,0.06438215826023197,0.12228747629996084,0.08374043345131682,0.07616969967823248,72.41136715456159,1.0,157.28632668514547,155.35012624786862,1.9362004372768524,2.467124996381953,329.5,207.38225446428572,26285.247246338695,25438.473066161307,0.032742199326012106,298300.0,0.9228964130070398,0.056813819577735014,-2759400,0.013279811387310454,0.02720075850487061,0.06727628346360943,0.0,0.18669182900143344,-0.0016168392738921805,0.014402426314600135,False,False,True,False
2025-11-27,26261.25,26310.44921875,26141.900390625,26215.55078125,240300,valid,26066.660546875,26041.1654296875,25869.94267578125,25534.299140625,25215.69462890625,24565.818310546874,26043.867865804466,25908.293710935523,25608.703081233612,24978.155847912287,0.0003911422381892571,0.0008934123497310598,0.006204460299662706,0.06458869929360866,0.05917564078516402,0.09655233375858785,0.08239039790080298,0.0748003277895758,73.40999608046428,1.0,165.51385392864177,157.38287178402325,8.130982144618514,2.026085197008709,336.400390625,202.79282924107142,26314.41280322694,25425.47254833556,0.034361895039047796,294220.0,0.8167357759499694,-0.12713403559753,-2519100,0.013359446126345627,0.026679864478486123,0.06715560824590337,0.0,0.18715599429946994,0.002135034404567182,0.0064181570993383785,False,False,True,False
2025-11-28,26237.44921875,26280.75,26172.400390625,26202.94921875,202500,valid,26093.6203125,26070.4552734375,25886.19765625,25553.5761328125,25223.11412109375,24578.351552734373,26075.684136393575,25936.356140251188,25632.006851332295,24990.342846627093,-0.0004806903583736144,0.005171016205794077,0.012562852566282201,0.06604459125346507,0.04799008121040238,0.08178750618971908,0.07814029114027181,0.07462637175674314,71.30414521422435,0.9275538768451322,169.06847166723674,159.71999176066595,9.348479906570788,1.2643026597153995,292.8984375,199.021484375,26354.998230542442,25417.397081957555,0.03622011857575811,291475.0,0.6947422591989021,-0.1573033707865169,-2721600,0.012236310898426774,0.02541221950941186,0.06609872360764113,-0.00048069035837358583,0.18658533985912476,0.0008353224268575084,0.004129578621445045,False,False,False,False
2025-12-01,26325.80078125,26325.80078125,26124.19921875,26175.75,213800,valid,26136.8703125,26086.6853515625,25908.88017578125,25570.4861328125,25230.25861328125,24591.2135546875,26095.69730911486,25959.15555546536,25653.330112064363,25002.137942680554,-0.0010380212747401751,0.008330283711165398,0.017636600336453645,0.059101607019887537,0.04272566105633646,0.08188844572113507,0.07442635225216696,0.07417011282365521,67.39638631185586,0.7530655922957394,167.75698410724726,161.32739022998223,6.4295938772650345,1.146094848161816,162.30078125,194.38225446428572,26388.03488205989,25429.725469502613,0.03698768167730655,285445.0,0.749005938096656,0.05580246913580256,-2935400,0.010300322607852817,0.023670409081930358,0.06443506506048217,-0.0015182126662952467,0.18535363903205615,0.004688463175438714,0.007657946064971611,False,False,False,False
2025-12-02,26087.94921875,26154.599609375,25997.849609375,26032.19921875,254800,valid,26166.35,26098.9001953125,25922.32265625,25582.658125,25235.35560546875,24603.5748046875,26082.99769104189,25966.112094825803,25668.18772409125,25012.387308611596,-0.005484113396941881,0.00569440107905983,0.010435351514896496,0.052473625552571956,0.0369638295806487,0.07239159789935412,0.07769899210929083,0.07533976054040101,55.815808051316466,0.2775370256490098,153.366360487802,159.7351842815462,-6.368823793744184,0.4714326441551897,122.1484375,189.97502790178572,26399.36690876746,25445.278403732536,0.036805671995016574,297020.0,0.8578546899198707,0.19176800748362965,-3190200,0.0042386850884100725,0.017572102615509514,0.05806572522096729,-0.006994000012814436,0.1788530252601267,-0.0033542794857835973,0.006008521355421078,False,False,False,False
2025-12-03,26004.900390625,26066.44921875,25891.0,25986.0,265700,valid,26122.48984375,26092.23515625,25941.74013671875,25595.837109375,25240.454609375,24616.596806640624,26063.598152833514,25968.00618103287,25680.65095059748,25022.074997083124,-0.0017746951904364927,-0.008368565699002017,0.015171299062558985,0.0503213289681097,0.03359397632002814,0.08663697332049991,0.07382649219623712,0.07552492756077735,53.85058272203476,0.19683977867684951,136.65848281743092,155.11984398872315,-18.461361171292225,-0.10551933547595649,-66.650390625,188.05719866071428,26394.117539167684,25489.362734269813,0.03487641153329006,295050.0,0.9005253346890357,0.04277864992150704,-3455900,0.0017061254583536848,0.015243216658934572,0.055629265252049906,-0.008756282985066265,0.17676092046596606,-0.0010486562389756795,0.006746775265989906,False,False,False,False
2025-12-04,25981.849609375,26098.25,25938.94921875,26033.75,248100,valid,26086.1296875,26076.3951171875,25967.94267578125,25612.4651171875,25247.239609375,24631.406552734374,26057.628522266812,25974.26749712498,25694.49797214268,25032.141415022597,0.0018375278996383138,-0.006934844999710199,0.020543197187711915,0.0508857206087141,0.04602786931996983,0.07884640241946594,0.0722033733635887,0.07554726789539952,54.40431154381085,0.21957731967058414,125.82002045099216,149.25987928117695,-23.43985883018479,0.4774178939066953,-158.400390625,185.19308035714286,26373.20808374729,25562.677267815212,0.031212746656592523,288860.0,0.8588935816658589,-0.06624012043658256,-3207800,0.002534175504019571,0.01644843168687388,0.056933145261651726,-0.006934844999710185,0.17892325148852628,-0.0001597164097975833,0.006131233289585345,False,False,False,False
2025-12-05,25999.80078125,26202.599609375,25985.349609375,26186.44921875,249300,valid,26082.8296875,26088.225,26002.65009765625,25632.8041015625,25257.60560546875,24647.112548828125,26083.392661563452,25994.47528013689,25713.790177891984,25043.62706481093,0.005865433091659877,-0.0006297001097950172,0.0272297288289709,0.052992513855834256,0.05938239352436003,0.0786947784347003,0.07386909861115779,0.0760014467115387,55.95075257779056,0.28307819775694376,128.07563552912688,145.02303053076696,-16.947395001640075,0.5135708886384371,118.298828125,192.29310825892858,26351.349345710198,25653.9508496023,0.0268202853743264,286045.0,0.8715411910713349,0.0048367593712213,-2958500,0.007068476497721187,0.021599085101803313,0.062455050946528194,-0.0011100877773971526,0.18583814694033432,-0.001304046430114755,0.008355833255332935,False,False,False,False
2025-12-08,26159.80078125,26178.69921875,25892.25,25960.55078125,320700,valid,26039.78984375,26088.330078125,26021.96015625,25650.877109375,25266.38810546875,24661.75830078125,26058.824285500763,25991.244375480994,25723.46706429818,25052.750683879978,-0.00862653945989178,-0.008221320067237858,0.015101114115270597,0.039540593171073946,0.04064902015312777,0.06147079142962175,0.0814787342978949,0.0781186304310627,51.60205808947633,0.07019379696516234,110.36291574101051,138.09100757281567,-27.72809183180516,-0.8842328939051014,1.05078125,202.35379464285714,26307.923537597522,25735.996774902476,0.021978619568275664,289900.0,1.1062435322525008,0.286401925391095,-3279200,-0.0023599058115247274,0.012072634809116094,0.05266422874753444,-0.009727051021273305,0.17560846737270855,-0.0010176422651803898,0.010949977071511649,False,False,False,False
2025-12-09,25867.099609375,25923.650390625,25728.0,25839.650390625,276000,valid,26001.280078125,26083.8150390625,26029.19521484375,25669.853125,25272.8266015625,24676.310302734375,26014.989506525613,25976.806853113754,25728.023273173745,25060.58053170829,-0.004657081109092687,-0.007396564020849761,0.00563150254328626,0.03335867671612247,0.03968269872528296,0.05608272278842419,0.08223590425835774,0.07886021079554632,43.14847484205606,0.0,85.5832560766321,127.58945727357897,-42.006201196946876,-0.8765485720159782,-45.150390625,203.36090959821428,26286.175775005973,25772.214654681524,0.01974556324474263,288815.0,0.9556290358880252,-0.13938260056127216,-3555200,-0.007282008631240978,0.006614656686899082,0.04714400465946952,-0.01433883246480761,0.17013356338761773,-0.0035997376427966653,0.0075636771644119905,False,False,False,False
2025-12-10,25864.05078125,25947.650390625,25734.55078125,25758.0,207900,valid,25955.680078125,26039.0849609375,26023.30517578125,25691.919140625,25278.28609375,24690.302802734375,25963.591605220492,25955.96810519816,25729.198831088503,25067.52002890522,-0.0031598875909956137,-0.008773955206649697,-0.004552546305556682,0.025643067611690773,0.0381245882127903,0.04247946418147097,0.07904788807145315,0.07882247291780747,35.49494735935414,0.0,58.68026357090275,113.80761853304372,-55.12735496214097,-0.776209094936342,-447.30078125,204.72516741071428,26299.75196537892,25746.85838618358,0.02124609366337888,283580.0,0.7331264546159814,-0.24673913043478257,-3763100,-0.010194906987762565,0.002572048394411738,0.04324358456824517,-0.01745341095702828,0.16643607286086176,0.0009443003390577148,0.008239220189340387,False,False,False,False
2025-12-11,25771.400390625,25922.80078125,25693.25,25898.55078125,206100,valid,25928.640234375,26007.3849609375,26024.2751953125,25717.1921484375,25286.157109375,24705.069052734376,25950.583440426395,25950.499788631667,25735.840084036015,25075.788991615118,0.0054565875164998,-0.005193228741537381,0.0007496533051574161,0.03308249119819129,0.0445807137527352,0.04946753605886611,0.08157820463260998,0.0793471777800581,44.39562311945033,0.23475311414120678,48.14572762116222,100.67524035066742,-52.5295127295052,0.053119976144300196,-317.0,211.12513950892858,26298.72111315163,25749.82927747337,0.02109153210065678,274625.0,0.7504779244424215,-0.008658008658008698,-3557000,-0.004831043828077342,0.007052038642699071,0.0483091840774891,-0.01209205950487701,0.17280083337482932,0.0005202418908688563,0.008907190830557462,False,False,False,False
2025-12-12,25971.19921875,26057.599609375,25938.44921875,26046.94921875,216300,valid,25900.740234375,25991.7849609375,26031.1201171875,25745.909140625,25296.94259765625,24720.639296875,25969.85659609112,25959.685448642937,25748.04044226009,25085.452277457258,0.005729990019651465,-0.005327182728543267,0.0052836035967582795,0.03200786168595826,0.0372146355421239,0.05800191798001553,0.08397559882948796,0.07902477268875356,52.815769415564645,0.4568323829310209,51.1815565480465,90.77650359014325,-39.59494704209675,-0.6042730202635238,-156.0,206.0107421875,26300.350014682517,25761.890219692483,0.020685233388574278,259495.0,0.8335420721015819,0.04949053857350805,-3340700,0.0006080837663243143,0.011692734425524006,0.053651926471119285,-0.00643135686550549,0.17952097044510604,0.0028051159353903276,0.004587789328533545,False,False,False,False
2025-12-15,25930.05078125,26047.150390625,25904.75,26027.30078125,181600,valid,25914.090234375,25976.9400390625,26031.8126953125,25769.729140625,25306.30861328125,24736.210048828125,25981.345433122897,25966.12500412932,25758.991828102833,25094.82390436067,-0.0007543469807149705,0.0025712089301359597,0.0005324769654158068,0.027518511710306948,0.04226351916016857,0.05758825987794314,0.082874208855673,0.07880560198112503,54.75698682439834,0.5080315103042339,51.409392669705994,82.9030814060558,-31.49368873634981,-0.7180852371587054,-148.44921875,203.67508370535714,26300.922431288393,25762.702959336606,0.020675451158601133,254485.0,0.7135980509656757,-0.1604253351826167,-3522300,-0.00017332308415509323,0.009995124093832538,0.05219436323807577,-0.007180852371587058,0.1786312023623608,-0.004487989611307346,0.00549171275545552,False,False,False,False
2025-12-16,25951.5,25980.75,25834.349609375,25860.099609375,264400,valid,25918.180078125,25959.730078125,26029.31513671875,25789.0461328125,25314.30060546875,24751.531044921874,25957.096268373316,25956.02734748605,25762.956839133116,25102.438587992652,-0.006424068837574293,0.0007913891419142338,-0.0019278685440148324,0.017169087253837922,0.0325722173952816,0.04944033266643433,0.0848795145377343,0.07975858138076898,37.16245171655895,0.04398001356850113,37.664049508101016,73.85527502646484,-36.19122551836382,-1.3084390101006926,-172.099609375,190.87151227678572,26304.051336189503,25754.578937247996,0.021109752448553027,253705.0,1.0421552590607202,0.45594713656387675,-3786700,-0.006500959647034361,0.002755180482309396,0.04478787847269611,-0.013558790919213772,0.1710595943842721,-0.002912356601519228,0.005641307462959752,False,False,False,False
2025-12-17,25902.400390625,25929.150390625,25770.349609375,25818.55078125,206500,valid,25930.290234375,25942.98515625,26017.61015625,25803.864140625,25320.287109375,24767.85705078125,25929.387170948652,25942.934341177857,25765.136993725937,25109.564082452926,-0.001606677033445636,0.0023507563184252955,-0.0089856350837626,0.019406128421547875,0.022729509353429878,0.051727855361480835,0.08238847121215474,0.07940386726319919,35.57199804658664,0.0021517010111417744,23.15124963637936,63.71446994844774,-40.56322031206838,-1.36461885046274,-167.44921875,190.17522321428572,26307.679784834545,25727.540527665456,0.022297945648544756,251525.0,0.8209919491104264,-0.21898638426626327,-3993200,-0.007650947715971611,0.0005691643912307969,0.04242166483416485,-0.015143683354688244,0.16917807982917868,0.001635754768503088,0.0061307361038043275,False,False,False,False
2025-12-18,25764.69921875,25902.349609375,25726.30078125,25815.55078125,197600,valid,25913.690234375,25921.165234375,25998.78017578125,25818.009140625,25327.82162109375,24784.19705078125,25906.619893008923,25930.80257356568,25767.11400500139,25116.58882572454,-0.00011619552256891819,-0.0032048125279693362,-0.01437833869149574,0.02433111124079068,0.010432924233825247,0.042281867022254005,0.07952544354065821,0.07865228306840472,35.821996534627985,0.010251862800320328,11.27767424245394,53.227110807248984,-41.94943656479504,-0.8322325581465173,-218.19921875,195.01088169642858,26290.03487860291,25707.525472959587,0.02240525908157607,249385.0,0.7923491789802916,-0.043099273607748234,-4190800,-0.007047615053183649,-9.521878165002099e-05,0.04161336065701746,-0.015258119249056165,0.16904222657121679,-0.002085770148613771,0.00683294715107259,False,False,False,False
2025-12-19,25911.5,25993.349609375,25880.44921875,25966.400390625,382900,valid,25897.58046875,25899.1603515625,25993.69267578125,25836.414140625,25339.115625,24801.303798828125,25918.57599253214,25934.192841857046,25774.92915737879,25125.044662191212,0.005843362036054733,-0.0030924476969846904,-0.0039032305121499133,0.031661351660740245,0.012816996753298726,0.05262434062509502,0.0812740400781517,0.07934687486742383,42.97411775810466,0.3656258122760031,13.880082026495074,45.35770505109821,-31.477623024603133,-0.07542372575617406,-220.048828125,193.31068638392858,26283.39588316645,25703.989468396052,0.022290269489499658,256750.0,1.491333982473223,0.9377530364372471,-3807900,-0.0010499579839104351,0.005031125809197038,0.04697723157005668,-0.009503915927762938,0.17587336353650795,0.003716721737337037,0.0043571537975416325,False,False,False,False
2025-12-22,26055.849609375,26180.69921875,26047.80078125,26172.400390625,253000,valid,25926.600390625,25920.3453125,26004.3376953125,25856.2261328125,25354.030625,24821.5423046875,25969.340872150715,25956.879275073043,25790.516264564914,25135.466112225382,0.00793332910611566,0.005574900393802151,0.008201251589013747,0.04451867480054972,0.025682811661626337,0.07546023958846981,0.08468459350246868,0.08007453151577999,54.5159321820641,0.9298575450633796,32.193876364119205,42.72493931370241,-10.531062949583202,0.5325794041388665,211.849609375,195.91057477678572,26304.217929021757,25704.457461603244,0.023063862438866305,246165.0,1.027765929356326,-0.3392530686863411,-3554900,0.006462871590180663,0.012228167257992247,0.05442281020879161,-0.001645984514499013,0.18520195391655833,0.0034448062651878026,0.005100522128135964,False,False,False,False
2025-12-23,26205.19921875,26233.55078125,26119.05078125,26177.150390625,216600,valid,25990.010546875,25954.0953125,26018.95517578125,25874.0621484375,25367.5911328125,24841.831552734377,26010.90277584557,25977.85747655418,25805.67838715551,25145.8311299209,0.00018148889399149937,0.012260230472393774,0.011294257655124262,0.05167765670664459,0.02487489487590877,0.08175185238903171,0.08379528778126877,0.07860173871332493,56.325940174752084,1.0,46.55432632819429,43.49081671660079,3.0635096115935028,-0.035510076403721946,337.5,191.55705915178572,26322.776616879626,25715.133734682877,0.023353854068757934,243970.0,0.8878140755010862,-0.1438735177865612,-3338300,0.006079998746106397,0.011713979832339643,0.05375283360472038,-0.001464794348416471,0.18541705490833132,0.0012531837980267412,0.00436936193631661,False,False,False,False
2025-12-24,26170.650390625,26236.400390625,26123.0,26142.099609375,188800,valid,26054.7203125,25992.5052734375,26015.7951171875,25892.3571484375,25380.46162109375,24862.128798828126,26037.142142551456,25993.499584441877,25818.871376262156,25155.744249119452,-0.0013389838361685946,0.01253164172018395,-0.0024117705193531513,0.060329285603039295,0.027057257897992404,0.09145073051478114,0.07138960303264066,0.07574557038051905,53.616122004925366,0.8699141133674789,54.478783763544925,45.68841012598962,8.790373637555305,0.699325794952399,384.099609375,188.27845982142858,26312.69156228472,25718.89867209028,0.02282432220578746,239645.0,0.787832001502222,-0.1283471837488458,-3527100,0.004854915700964176,0.00964541233174563,0.05148275197605789,-0.0028018168486291756,0.18382980063269055,-0.0002483081581839362,0.004333113198654892,False,False,False,False
2025-12-26,26121.25,26144.19921875,26008.599609375,26042.30078125,142200,valid,26100.0703125,26006.8802734375,26007.1326171875,25910.2931640625,25393.2011328125,24880.653798828123,26038.173870291164,25998.147317471223,25827.63331371266,25164.565707150603,-0.0038175521330050532,0.00878346551353415,-0.006608672899747425,0.05713034630984737,0.025073507512657578,0.1040721051934288,0.07255058391838023,0.07629992555233657,45.01301411145917,0.4569185365504722,52.105403342367936,46.97180876926528,5.1335945731026555,0.7842613485921079,143.75,182.4462890625,26289.23004998477,25725.03518439023,0.021693851217633845,234740.0,0.6057766039021897,-0.24682203389830504,-3669300,0.0013522507298346863,0.005094794425969479,0.04668876436344249,-0.006608672899747451,0.1793104686521703,-0.0007975491520016616,0.005191160812556827,False,False,False,False
2025-12-29,26063.349609375,26106.80078125,25920.30078125,25942.099609375,234300,valid,26095.21015625,25996.3953125,25994.09013671875,25922.664140625,25406.9686328125,24897.64080078125,26018.959018107933,25992.809440509678,25832.12218805236,25172.30236289413,-0.003847631310177624,-0.0009358548310289816,-0.009954971373540844,0.05408128938265677,0.01889555042516,0.09214031909510512,0.07362497625493536,0.07683368208530149,49.30085300817485,0.6627579285906909,41.65886761105139,45.9092205376225,-4.250352926571111,0.7147278879377383,-104.849609375,174.75348772321428,26261.822560989684,25726.357712447818,0.020599484179885885,236330.0,0.9914103160834427,0.6476793248945147,-3903600,-0.0020000902924588197,0.0007497481217427506,0.04195011153671142,-0.010430876473157259,0.174772916768564,0.0008082553189829827,0.0071556420335518135,False,False,False,False
2025-12-30,25940.900390625,25976.75,25878.0,25938.849609375,396900,valid,26048.5,25987.5501953125,25982.2451171875,25929.7351171875,25419.12962890625,24914.572548828124,26002.937136361346,25987.67040897304,25836.307577123836,25179.92969868001,-0.00012527898855285713,-0.008923552206302698,-0.009050376421879003,0.04439263470981003,0.018755869239668765,0.09319082093453579,0.07360613641456079,0.07490146544983299,54.12677209882802,0.8944280718920669,32.740255655047804,43.27542756110756,-10.535171906059759,0.1556026376355213,-88.451171875,165.1962890625,26236.773871620764,25727.716362754236,0.019592514294685868,245485.0,1.6167993971118397,0.6939820742637643,-4300500,-0.0016701985381468618,0.00035150733882572007,0.04111156466921017,-0.01055484869205584,0.17462574240577192,-4.6226742170345546e-05,0.0038067298556717826,False,False,False,False
2025-12-31,25971.05078125,26187.94921875,25969.0,26129.599609375,246300,valid,26038.98984375,26014.5001953125,25987.11513671875,25938.1301171875,25433.9301171875,24932.91904296875,26028.269630964078,26001.187475677987,25847.809225447414,25189.379150527726,0.0073538342244390265,-0.0018164995249838611,0.003741535235134652,0.04962389344426921,0.023786839430894213,0.1001844392423683,0.0760145974908459,0.07605679519874234,64.17239370648852,1.0,40.59615505527472,42.739573059940994,-2.143418004666273,0.31731313303096087,269.5,167.76771763392858,26249.28093590883,25724.949337528666,0.020176598888397058,245060.0,1.00505998530972,-0.3794406651549509,-4054200,0.005482889189763377,0.007381776994812256,0.047996007380600725,-0.0032786330751621807,0.18326374539118265,0.0012414263685526603,0.008430510594052362,False,False,False,False
2026-01-01,26173.30078125,26197.55078125,26113.400390625,26146.55078125,425600,valid,26039.880078125,26047.3001953125,25995.14267578125,25944.198125,25449.6536328125,24951.162294921876,26051.925861021264,26015.03160001818,25859.524580576926,25198.90324635581,0.0006487344669803274,0.0001702683388675741,0.006178356855614631,0.04262362597672209,0.026316868836086638,0.09797636424672596,0.07566656244033437,0.07482240476521093,60.44299841433807,0.869603367152745,47.640657982170524,43.719790044386905,3.920867937783619,0.4581727509980871,328.0,157.38197544642858,26266.824168209354,25723.46118335315,0.020902481345579878,253055.0,1.681847819643951,0.7279740154283394,-3628600,0.005824476801576091,0.0077995340335846675,0.04790913033223355,-0.0026320255704621884,0.18403136936634626,0.0016724776700872417,0.0032151233552202008,False,False,False,False
2026-01-02,26155.099609375,26340.0,26118.400390625,26328.55078125,357500,valid,26097.130078125,26098.6001953125,26009.88271484375,25953.3971484375,25466.97763671875,24970.452548828125,26107.25084506701,26044.890569659306,25877.91776491705,25210.14352033486,0.006960765170238581,0.01099173235131734,0.011323792432899493,0.04859946559630357,0.03838655825716564,0.11349806285033215,0.0791362349032564,0.07590762371758916,61.53159551597052,0.9076656763101907,67.13546046926058,48.402924129361644,18.732536339898935,1.8114824728098666,513.0,161.84988839285714,26319.69641865722,25700.06901103028,0.02382276823083562,258525.0,1.3828449859781453,-0.16000939849624063,-3271100,0.012251807126542278,0.014454895082399109,0.05438821061677599,0.0,0.19227313368270144,0.0003269581596640451,0.008472520184766191,False,False,True,False
2026-01-05,26333.69921875,26373.19921875,26210.05078125,26250.30078125,338800,valid,26158.7703125,26126.990234375,26013.07529296875,25960.57515625,25485.84763671875,24989.718056640624,26135.86083230361,26064.453446953656,25892.52102045952,25220.493343826554,-0.0029720587604740167,0.011880348025632426,0.0024383436626558286,0.048077264243998385,0.043755775440692535,0.11019335811304987,0.07750093912032968,0.07600600738305004,58.71364987880749,0.809137471642245,75.40192440678948,53.802724184847214,21.59920022194226,1.672247228971302,283.900390625,163.33189174107142,26331.739540574978,25694.411045362525,0.024500313324534912,263000.0,1.288212927756654,-0.05230769230769228,-3609900,0.009119471097112836,0.011160215952698097,0.05044405550123427,-0.002972058760474052,0.18872962787086192,0.00019554579903678114,0.006195424203213949,False,False,False,False
2026-01-06,26189.69921875,26273.94921875,26124.75,26178.69921875,383000,valid,26206.740234375,26127.6201171875,26023.98271484375,25968.2461328125,25501.78412109375,25008.067802734375,26144.42850959289,26075.333996648547,25903.743694902285,25230.027730641712,-0.0027276473171363724,0.00924673271895271,0.008403074316033265,0.03958805194909942,0.043712036111120955,0.10259061816587445,0.07123318223779625,0.0757227216876737,63.45435320161859,0.9748940359634033,75.30741197144016,58.10366174216581,17.20375022927435,1.4067042015766695,6.298828125,160.20675223214286,26349.927757436843,25698.03767225066,0.025049589539358007,266115.0,1.4392274016872404,0.1304604486422669,-3992900,0.005945150886455244,0.00810424719717903,0.04681015043823693,-0.0056915993495060685,0.18548719269059943,-0.002308604499621061,0.005696866447522381,False,False,False,False
2026-01-07,26143.099609375,26187.150390625,26067.900390625,26140.75,338200,valid,26208.9703125,26123.980078125,26039.0376953125,25971.7401171875,25518.3176171875,25024.600048828124,26143.692807674313,26081.564092205826,25913.038059808077,25239.089643769657,-0.001449622016468255,0.0004267340790402585,0.011652619320431823,0.033829881881793034,0.0375042344140617,0.08070312224329768,0.06907344143485339,0.07549679433193929,63.64785576951715,0.9814980392058844,71.34787153666548,60.75250370106575,10.595367835599731,0.6714431216964023,-36.400390625,157.38169642857142,26356.84728930166,25721.228101323344,0.024410241093231245,269225.0,1.256198347107438,-0.11697127937336815,-4331100,0.0039061468352883334,0.006507453179875852,0.04460210948402925,-0.007132970698248352,0.183768684355834,-0.0013598692997512439,0.004561433104023999,False,False,False,False
2026-01-08,26106.5,26133.19921875,25858.44921875,25876.849609375,328500,valid,26155.030078125,26097.455078125,26044.98017578125,25970.553125,25530.8926171875,25039.446298828127,26090.324168014453,26062.067474793366,25911.618904889136,25245.43551407419,-0.010095364158449915,-0.010314980898681547,0.004614085308447757,0.025745867483385254,0.026368296410834047,0.07798871512409011,0.07788963026551227,0.07839622590568723,52.12650773022996,0.43175161953786484,46.38070332238931,57.878143625330466,-11.497440302941158,-1.1292459875245742,-265.25,164.97112165178572,26344.587105362043,25745.373246200455,0.023006884824538495,275255.0,1.1934388112840821,-0.0286812536960378,-4659600,-0.006455392373943552,-0.0036080677671357277,0.0334433637450707,-0.01715632491996791,0.1718181084078927,-0.0013102148943699014,0.010524198954283416,False,False,False,False
2026-01-09,25840.400390625,25940.599609375,25623.0,25683.30078125,348800,valid,26025.980078125,26061.555078125,26034.21767578125,25963.1411328125,25541.4126171875,25051.90955078125,26008.919490661563,26025.994456360662,25902.665252981722,25249.792382404295,-0.007479613285493514,-0.024507615529659854,-0.008311275863197576,0.021387555675965952,0.022772543213994023,0.08753580432005581,0.07991141923241576,0.07971476715122512,40.46161601139234,0.0,10.851184063943947,48.472751713053164,-37.62156764910922,-1.8865674911348052,-359.0,174.95689174107142,26369.332509806107,25699.10284175639,0.025744183151437984,282390.0,1.2351712171110876,0.061796042617960456,-5008400,-0.013479064318406413,-0.010778370387889402,0.025203317503158594,-0.024507615529659833,0.16305336211606308,-0.0014085647712229507,0.012290816108647698,False,False,False,False
2026-01-12,25669.05078125,25813.150390625,25473.400390625,25790.25,275800,valid,25933.969921875,26046.3701171875,26021.38271484375,25961.389140625,25550.545625,25064.108798828125,25965.18559252925,26003.542603373935,25898.25681168832,25255.17007014157,0.004164153963733375,-0.017525543234102825,-0.009855250862362608,0.018429454178106486,0.03291558916539894,0.08783357341076226,0.07849776238138367,0.0788850467902515,36.20347062100283,0.0,-8.577432481153664,37.0627148742118,-45.640147355365464,-1.3459118228163258,-151.849609375,183.91768973214286,26373.667791425672,25669.097638261825,0.02707658393425534,285365.0,0.9664815236626776,-0.20928899082568808,-4732600,-0.008882414796193755,-0.006592064072457426,0.028971355295338713,-0.020445515050275892,0.16789649538395218,-0.0005548352262573338,0.013235783547094423,False,False,False,False
2026-01-13,25897.349609375,25899.80078125,25603.30078125,25732.30078125,339500,valid,25844.690234375,26025.715234375,26006.63271484375,25961.5931640625,25558.06212890625,25074.4785546875,25918.6086302734,25977.71004888594,25891.74873206329,25259.91763940633,-0.002246942885392733,-0.017051971672460975,-0.01133425254041387,0.0057454864907324765,0.025571290656600576,0.08625758549402729,0.07874448819418475,0.07622889736790811,34.533967647789794,0.0,-28.32426423322613,23.985319052724215,-52.309583285950346,-1.1903710144657964,-206.548828125,196.91768973214286,26381.83224714522,25631.433182542278,0.028854141665738905,293260.0,1.1576757825820092,0.2309644670050761,-5072100,-0.010548537236701494,-0.008831984283996022,0.026234732065426165,-0.02264651803108822,0.1652722986627741,0.00415271699091711,0.011449048048247578,False,False,False,False
2026-01-14,25648.55078125,25791.75,25603.94921875,25665.599609375,393100,valid,25749.66015625,25979.315234375,25996.90771484375,25959.6381640625,25564.2126171875,25084.46330078125,25868.006826093722,25947.985245122993,25882.88013901669,25263.954275923432,-0.00259211846006413,-0.018176616609125618,-0.0075212393972948766,-0.0017211302544478668,0.024129189666952655,0.09092298511784591,0.07608843191477678,0.07577053055260911,33.79032022303193,0.0,-48.79353627706223,9.429547986766927,-58.22308426382916,-1.0658350872266298,-464.0,202.23200334821428,26397.33377437318,25596.48165531432,0.030805668421924906,299695.0,1.3116668613089975,0.15787923416789407,-5465200,-0.01274413515264276,-0.011326758594599974,0.02316718127972261,-0.025179934033707763,0.16225177482640898,-0.0032546642724239007,0.007322081580815437,False,False,False,False
2026-01-16,25696.05078125,25873.5,25662.400390625,25694.349609375,434000,valid,25713.16015625,25934.0951171875,25990.69765625,25961.5721484375,25570.31861328125,25095.50080078125,25833.27538274998,25923.829470289853,25875.486784913093,25268.236816554792,0.0011201764399650926,-0.00705263595665373,-0.004810540023230003,-0.005757842174844874,0.018812493760933524,0.09657297268100629,0.07611460792777762,0.07503285416977917,37.56208450334492,0.1241443998997226,-61.9812162398739,-4.8526048585612385,-57.128611381312666,-0.9426015558979595,-452.201171875,207.62486049107142,26406.333834031248,25575.06147846875,0.03198345679507381,311070.0,1.3951843636480534,0.10404477232256415,-5031200,-0.011402081267477463,-0.010293002963558269,0.023862795699821495,-0.024087963562607072,0.16355370188187718,0.0011864586192592574,0.008215254988873077,False,False,False,False
2026-01-19,25653.099609375,25653.30078125,25494.349609375,25585.5,443100,valid,25693.6,25859.7900390625,25979.1951171875,25963.0881640625,25577.4726171875,25105.4685546875,25783.720306199983,25891.607615976533,25864.11475413219,25271.393664151263,-0.004236324757381116,-0.0038079521819640583,-0.008911325704392348,-0.010943754731601363,0.020884139748180264,0.10827151864389917,0.07742654069565676,0.07547646463836881,37.331266505594726,0.11654722264070909,-80.29026520658226,-19.940136928165444,-60.35012827841682,-2.0823113155541195,-743.05078125,208.58914620535714,26426.747842230434,25531.642392144568,0.03445470292856287,323345.0,1.370362925049096,0.020967741935483897,-5474300,-0.015154246134709427,-0.014543268569458924,0.01912059296032822,-0.02822224388359298,0.1586245105280526,-0.0016054113307833746,0.006196178017291557,False,False,False,False
2026-01-20,25580.30078125,25585.0,25171.349609375,25232.5,409800,valid,25582.05,25758.0099609375,25942.50009765625,25957.8921484375,25580.1201171875,25114.034306640624,25673.476244959988,25828.835462074003,25839.345548087793,25271.00666251792,-0.013796877137441155,-0.021626389817857472,-0.028263462766674796,-0.025448619259064165,0.015923823328099163,0.08873164967405578,0.0870841702036903,0.08043305556127528,29.900707044097715,0.0,-121.87951707272441,-40.328012957077235,-81.55150411564718,-3.495875187887021,-1017.80078125,231.11774553571428,26501.05099565822,25383.949199654282,0.043060683889324235,324690.0,1.262126951861776,-0.07515233581584291,-5884100,-0.02736822183612117,-0.02794495578799,0.004717111234018322,-0.041629742189629275,0.14263911050786918,-0.00020320958159895252,0.016170661719826215,False,False,False,False
2026-01-21,25141.0,25300.94921875,24919.80078125,25157.5,395600,valid,25467.08984375,25655.8900390625,25891.755078125,25949.55515625,25584.574609375,25123.993310546874,25570.28099596799,25764.898751400287,25812.60650698631,25269.87724299038,-0.0029723570791637677,-0.02233771422681463,-0.038777505138143153,-0.024719777980311664,0.01931046282071769,0.08375841532775574,0.07985578017884415,0.08031687653608335,20.38810228975116,0.0,-159.0576543801253,-64.07394124168685,-94.98371313843846,-4.447836080989198,-1021.19921875,240.5498046875,26539.62943572157,25243.88072052843,0.050044839034024104,331820.0,1.192212645410162,-0.034651049292337754,-6279700,-0.028358644514807133,-0.0305228799291857,0.0013336530160219628,-0.04447836080989195,0.1392427790588217,-0.003626275636579808,0.015160432659798734,False,False,False,False
2026-01-22,25344.150390625,25435.75,25168.5,25289.900390625,486400,valid,25391.95,25570.805078125,25847.392578125,25941.4541796875,25592.464609375,25133.781064453124,25514.204874899395,25719.66081227883,25792.10822791332,25270.076478290226,0.00526285960946038,-0.014638240464593166,-0.03389406359210734,-0.026039785422943384,0.018887188264331778,0.08485400282615707,0.08361458993080265,0.07985475111234627,25.61970056931186,0.12093453750280131,-175.8113472704863,-86.42142244744676,-89.38992482303954,-3.6586262330029817,-850.849609375,254.4140625,26533.370723041837,25161.414433208163,0.05307909823735098,345310.0,1.4085893834525498,0.22952477249747227,-5793300,-0.02156860448553767,-0.02511631709423111,0.0062115336236726005,-0.039449584569032935,0.14523845386609982,0.007419274197555401,0.010544839573665797,False,False,False,False
2026-01-23,25344.599609375,25347.94921875,25025.30078125,25048.650390625,393900,valid,25262.81015625,25487.98515625,25792.7201171875,25924.911171875,25598.6826171875,25142.773818359376,25421.09397804452,25655.75505783561,25762.953018607892,25267.87323363684,-0.009539381186706164,-0.025130008292344796,-0.04182713841232055,-0.03422046617699348,0.0077891455977650015,0.07953434155681993,0.08808025965952154,0.08200113141810172,14.762384617618252,0.0,-206.1789260618425,-110.37292317032592,-95.80600289151658,-4.316672951097678,-828.19921875,261.6318359375,26550.354088083837,25035.08614629116,0.058747892231147354,355565.0,1.1078143236820273,-0.19017269736842102,-6187200,-0.028848051821671678,-0.0337999530814448,-0.003743557827563409,-0.048612641130877855,0.13431358770499713,0.0021628878684819604,0.01273046102415648,False,False,False,False
2026-01-27,25063.349609375,25246.650390625,24932.55078125,25175.400390625,618700,valid,25180.790234375,25437.1951171875,25749.37509765625,25910.836171875,25604.18611328125,25154.12857421875,25371.955260560615,25610.00699429174,25739.911739079154,25266.95310584568,0.005060152863462841,-0.016028594687420572,-0.033288164433196044,-0.03371855986354011,0.01643431184029831,0.07841807646794252,0.09138536185852826,0.08214679996094837,21.17610705213815,0.13119894895951645,-217.51046014553503,-131.80043056536775,-85.71002958016729,-3.6928917853351617,-507.900390625,272.4140625,26545.121841735152,24953.62835357735,0.06180707229289853,379390.0,1.6307757189172092,0.5707032241685708,-5568500,-0.02229082083951216,-0.028383328749856385,0.0008456590473204467,-0.043798475662633944,0.14005338785388735,0.0005868267759248818,0.012532227905304021,False,False,False,False
2026-01-28,25258.849609375,25372.099609375,25187.650390625,25342.75,574900,valid,25202.840234375,25392.4451171875,25719.4076171875,25899.49015625,25611.8176171875,25170.034326171874,25366.114208448493,25584.553947216336,25724.336768919187,25267.70730379747,0.006647346488174222,0.004369364906370743,-0.023103357800630997,-0.020677900886368228,0.031646217252626396,0.10067903616546836,0.09557409152846175,0.08241935782923986,28.67854673417702,0.28466867125649475,-210.5598646182807,-147.55231737595034,-63.00754724233036,-2.0640055394591017,-447.5,275.80691964285717,26529.605957854987,24909.20927652001,0.06300287726114323,396420.0,1.4502295545128903,-0.07079359948278652,-4993600,-0.014644879182045769,-0.021496182082783224,0.006861956228980435,-0.03744227281784315,0.14763171773796896,0.0033147126740862257,0.007302360226316101,False,False,False,False
2026-01-29,25345.0,25458.150390625,25159.80078125,25418.900390625,582400,valid,25255.1203125,25361.105078125,25693.41015625,25887.5991796875,25618.85611328125,25184.449580078126,25376.671444883796,25568.777418017162,25712.358871731183,25269.211712621625,0.0030048195489833507,0.010390555127695489,-0.020045191925630923,-0.011787498818311537,0.02815829107299961,0.09775498186965592,0.09665920990902517,0.08183406740201994,31.940656159693987,0.45975310300477684,-196.640023689597,-157.36985863867966,-39.27016505091734,-1.0294642144206945,-313.400390625,288.59974888392856,26507.320000484517,24879.500312015483,0.06335553274437808,405695.0,1.4355611974512874,0.013045747086449788,-4411200,-0.010684053380054133,-0.01810514701688751,0.009309348207170413,-0.034549960542181145,0.15108014395846145,8.878278797683755e-05,0.011771537162162162,False,False,False,False
2026-01-30,25247.55078125,25370.69921875,25213.650390625,25320.650390625,508400,valid,25261.2703125,25326.61015625,25652.9626953125,25875.811171875,25624.719609375,25199.057080078124,25365.467234032036,25545.14627255124,25696.997754825057,25269.72354026345,-0.003865234077404689,0.0012159003999636653,-0.030959112686126167,-0.01718329431002663,0.0272256324397393,0.0911557385196824,0.09189413433678506,0.08209075241966296,34.82733119930438,0.7807605711720654,-191.33086029886545,-164.16205897071683,-27.168801328148618,-1.8208416334661304,-344.94921875,283.0961216517857,26455.931204362627,24849.994186262375,0.06260239946451492,418800.0,1.2139446036294175,-0.12706043956043955,-4919600,-0.012954149141932183,-0.021454816529710083,0.004825311921810162,-0.03828165093472524,0.14663094976020927,-0.006741031545101659,0.0062203589364253,False,False,False,False
2026-02-02,24796.5,25108.099609375,24679.400390625,25088.400390625,449200,valid,25269.2203125,25266.015234375,25600.05517578125,25856.526171875,25628.19361328125,25210.356328125,25310.05386535063,25501.64666474874,25673.131191523094,25267.919329819288,-0.00917235522852089,0.0015869118447546793,-0.040469980131521255,-0.019894404065558646,0.020924432462591458,0.08644482723213986,0.09531883228519147,0.08315387779024885,34.10716726897425,0.8484665477314657,-203.51791621440498,-172.03323041945447,-31.484685794950508,-2.5023039956620696,-605.94921875,306.21400669642856,26405.525918931202,24794.584432631298,0.06292726618120431,419980.0,1.0695747416543644,-0.11644374508261213,-5368800,-0.019986471968243935,-0.029707230435522175,-0.004837533270560851,-0.04710287326213864,0.13611364337299228,-0.02070051055319919,0.01728869875788922,False,False,False,False
2026-02-03,26308.05078125,26341.19921875,25641.30078125,25727.55078125,637300,valid,25379.650390625,25280.2203125,25570.00517578125,25847.2341796875,25637.7376171875,25222.351328125,25393.55324853051,25523.161342510764,25675.265293081015,25272.492777097206,0.025475932330218942,0.021932139392333738,-0.022826930543704882,0.00853995026095311,0.045999084110993405,0.12696050185972996,0.13352459272140174,0.0982654918849186,48.69583163382209,1.0,-159.7605309563296,-169.57869052682952,9.818159570499915,0.24137823708731965,142.05078125,371.43178013392856,26302.586630646838,24837.423720915664,0.057300063087938294,433970.0,1.468534691338111,0.41874443455031174,-4731500,0.006161344293272546,-0.004630414132725892,0.02002983173744231,-0.022826930543704858,0.16505719767100108,0.04861411535351442,0.026603964061025165,False,False,False,False
2026-02-04,25675.05078125,25818.55078125,25563.94921875,25776.0,429800,valid,25466.300390625,25334.5703125,25546.29013671875,25841.391171875,25646.81162109375,25234.04533203125,25470.04259882441,25547.241214652597,25679.215673744508,25277.502799215643,0.0018831648283172964,0.017095619062651002,-0.018068394156793177,0.01112881968498769,0.057984721833636454,0.12278256324254855,0.13374370115684922,0.0983121636700167,50.912567441238224,1.0,-119.7921514839727,-159.62138271825816,39.82923123428546,0.31777566611457253,543.5,368.4390345982143,26213.97943387358,24878.600839563922,0.05227289704935526,438520.0,0.9801149320441485,-0.32559234269574766,-4301700,0.008991906928633718,-0.0025304818707349045,0.021477121913576383,-0.0209867525881258,0.16725119240863315,-0.0020406139879533933,0.009916302198160818,False,False,False,False
2026-02-05,25755.900390625,25757.650390625,25579.5,25642.80078125,343800,valid,25511.08046875,25383.100390625,25519.49521484375,25835.0571875,25653.5086328125,25243.001083984374,25504.59423530953,25556.342125757114,25677.787638744725,25281.13760500703,-0.00516756745616076,0.008808421575450254,-0.020470781723034293,0.002676555725581675,0.043024112881096865,0.10705394414793123,0.1344697606306291,0.0987149761913416,49.53675961105745,0.9619418845848313,-97.73832004285214,-147.24477018317697,49.50645014032483,0.2239580279846054,485.30078125,369.06040736607144,26119.95231072958,24919.038118957924,0.04705869695546045,436560.0,0.7875206157229246,-0.20009306654257797,-4645500,0.004831818394845296,-0.007441686885176309,0.01583804144109005,-0.026045869584601672,0.16121934313357744,-0.000779780003685599,0.00691687682911857,False,False,False,False
2026-02-06,25605.80078125,25703.94921875,25491.900390625,25693.69921875,375500,valid,25585.690234375,25423.4802734375,25497.14267578125,25831.23515625,25660.390625,25250.841826171876,25542.415231997627,25569.423753661198,25678.411622274347,25285.242695691042,0.0019849016468285186,0.014732987595892144,-0.01710168152214453,-4.8647692951542254e-05,0.04926202083038711,0.10512910895933247,0.13486942023079815,0.09832316435454867,49.9869028506162,0.974393916757256,-75.28557595031816,-132.85293133660522,57.56735538628706,1.8277983503418138,403.798828125,369.12820870535717,26029.66462904158,24964.620722520922,0.04177110823999519,438425.0,0.8564748816787364,0.09220477021524132,-4270000,0.007708963528507451,-0.005324404221016245,0.017538321915236625,-0.024112666427204665,0.16352424932009246,-0.0014429001073492087,0.008281280868211472,False,False,False,False
2026-02-09,25888.69921875,25922.25,25780.900390625,25867.30078125,359400,valid,25741.4703125,25505.3453125,25496.665234375,25824.47515625,25667.9236328125,25259.342080078124,25607.392341848103,25597.79299438394,25685.819040273393,25291.034318432925,0.006756581098813275,0.031046235650641796,-0.00036901045796322585,-0.0003284922492585718,0.05068985134358628,0.10034287111962392,0.1327604111418676,0.09823887566555653,55.53049549915595,1.0,-42.98788170744956,-114.8799214107741,71.89203970332454,2.8214281277948894,818.650390625,371.1675502232143,26027.769021330758,24965.56144741924,0.04166064715315917,439970.0,0.816873877764393,-0.042876165113182374,-3910600,0.01453662835778634,0.0016583347673432471,0.024068667317006995,-0.017519004514615417,0.17138569527105954,0.007589409307699009,0.005459896157031596,False,False,False,False
2026-02-10,25922.650390625,25989.44921875,25870.44921875,25935.150390625,460900,valid,25782.990234375,25581.3203125,25509.25771484375,25818.8671484375,25676.58314453125,25267.3730859375,25672.943951603484,25629.922270216422,25695.59674028718,25297.443433579116,0.0026229876069705504,0.00806915555779586,0.009805967368448965,0.0021639041141121584,0.052934663132672366,0.10446232390110799,0.13001149514078017,0.0983842757534759,65.52785031400393,1.0,-11.781025564661832,-94.26014224155166,82.47911667688983,2.5514137661024394,759.75,350.31026785714283,26070.103570028703,24948.411859658794,0.043971946299213575,445575.0,1.034393760870785,0.2824151363383416,-3449700,0.01669561225740512,0.004503808843314658,0.026428442023486442,-0.014941969039373101,0.17445822543273817,0.002139752030684251,0.0045905799834046555,False,False,False,False
2026-02-11,25997.44921875,26009.400390625,25899.80078125,25953.849609375,331400,valid,25818.56015625,25642.4302734375,25517.4376953125,25813.88515625,25683.73064453125,25275.908837890624,25729.125083157785,25660.772492993427,25705.724303780822,25303.974838313403,0.0007209990483325601,0.006899814143971117,0.006343467371390243,0.0016904184594148663,0.043289085858378984,0.11098810804375403,0.12930391383593345,0.09836565596845666,68.04759919227973,1.0,14.294722773021931,-72.54916923863694,86.84389201165887,3.6137644329484075,611.099609375,330.91392299107144,26099.895354912584,24934.980035712415,0.045651735613492304,448355.0,0.7391464353023831,-0.2809720112822738,-3118300,0.017102497487146553,0.005422060735058069,0.026821618001252188,-0.014231743136498238,0.1753050086955814,0.0024021001300042464,0.004215783189065875,False,False,False,False
2026-02-12,25906.69921875,25906.69921875,25752.400390625,25807.19921875,419400,valid,25851.43984375,25681.26015625,25521.1826171875,25806.514140625,25688.50013671875,25284.7480859375,25744.73991027623,25674.717895446433,25709.703712210983,25308.982046078945,-0.00565042923620962,0.0064110952193727755,0.0029106778339298423,-0.00792859102480492,0.03308756238128985,0.08711097523089406,0.13076578992553414,0.09869852840934651,61.64826127302873,0.8799040602476235,22.862930648436304,-53.46674926122229,76.3296799096586,2.5095880038526586,388.298828125,325.4281529017857,26110.38109161947,24931.98414275553,0.046173289323604386,452350.0,0.927158173980325,0.2655401327700664,-3537700,0.011207027740551458,2.6546713022395504e-05,0.02066269875566093,-0.019801756915207157,0.16866403091298432,-0.0018167012344854007,0.005955943164435478,False,False,False,False
2026-02-13,25571.150390625,25630.349609375,25444.30078125,25471.099609375,453500,valid,25806.919921875,25696.305078125,25511.4576171875,25795.2921484375,25688.97513671875,25290.461083984374,25690.011850095983,25655.325677725345,25700.346688570356,25310.595156161493,-0.01302348257655217,-0.008663587421952723,-0.007578237132981447,-0.016941347416912445,0.016788007249715742,0.07489771692674219,0.13869777050291546,0.10190063519699721,59.12280316974536,0.8095901023195501,2.5040029579686234,-42.272598817384115,44.77660177535274,0.5064549402689078,150.44921875,328.3031529017857,26097.029048101136,24925.886186273867,0.04590654440059319,455370.0,0.9958934492830006,0.08130662851692905,-3991200,-0.0015819561711484325,-0.012567895614321914,0.007142555637509471,-0.03256735165558895,0.1534439552685459,-0.009146627114557273,0.0072757316461292245,False,False,False,False
2026-02-16,25423.599609375,25697.0,25372.69921875,25682.75,275800,valid,25770.009765625,25755.7400390625,25510.87763671875,25789.2271484375,25692.53212890625,25297.195087890625,25688.559480076787,25657.93751794198,25699.656622351915,25314.298189433517,0.008309432803093486,-0.007134520250515308,-0.00045144592298873576,-0.014198186559863712,0.023880001993322297,0.08809768211030033,0.1420125757012513,0.10273780400181481,60.56869122413293,0.8100307855743798,3.4085323334365967,-33.136372587219974,36.54490492065657,1.0380055994566595,594.349609375,329.0318080357143,26095.70885850609,24926.04641493141,0.04584955720579129,447460.0,0.6163679435033299,-0.39184123484013234,-3715400,0.006737218755417041,-0.004128745224687844,0.015241014300986065,-0.024528535072652385,0.16302842030698414,-0.0018648586330570884,0.012755895555026498,False,False,False,False
2026-02-17,25637.94921875,25764.400390625,25570.30078125,25725.400390625,344100,valid,25728.059765625,25755.525,25517.87265625,25783.06015625,25697.76263671875,25304.15109375,25695.92766218643,25664.362553435603,25700.666181892037,25318.3887585996,0.00166066292063749,-0.00808747961129308,0.00546795609329509,-0.017820224496231662,0.03439072599964921,0.09191238706710125,0.14121145306241512,0.10215934860560376,58.40787035407838,0.73302284744788,7.480675884493394,-25.0129628928773,32.49363877737069,1.5984976442384724,-2.150390625,328.8461216517857,26109.765927082368,24925.979385417635,0.04639048707591979,442510.0,0.7776095455469932,0.24764321972443804,-3371300,0.008132642449102022,-0.0022363429816155593,0.016647438410966796,-0.022908605780707702,0.16495981848023544,-0.0017443919070193028,0.0075707931129314985,False,False,False,False
2026-02-18,25752.650390625,25828.05078125,25645.150390625,25819.349609375,310200,valid,25701.159765625,25759.8599609375,25547.21513671875,25775.7181640625,25704.2611328125,25311.514345703126,25720.612051624146,25679.12322542983,25705.320433950194,25323.373443681943,0.003652002197183979,-0.0051822755400191545,0.023257687877737077,-0.009544243742719782,0.0341079836739393,0.10425933386621544,0.13132947858716912,0.10204299511952092,58.73066971897318,0.7254917234300426,18.080376448600873,-16.394295024581666,34.47467147318254,2.9134947121743915,43.349609375,320.59974888392856,26137.72517253492,24956.70510090258,0.04622891635397355,437530.0,0.7089799556601833,-0.0985178727114211,-3061100,0.010652216736732027,0.0016927344190678692,0.02006340895830611,-0.01934026586216929,0.1692142542969563,0.001059264368531679,0.0071021967778346845,False,False,False,False
2026-02-19,25873.349609375,25885.30078125,25388.75,25454.349609375,298200,valid,25630.58984375,25741.01484375,25562.0576171875,25765.594140625,25708.235625,25316.480341796876,25667.35956317432,25657.71621437699,25695.478440829596,25324.67668911173,-0.014136684522350174,-0.013672526273933672,0.011799646601411196,-0.019459172581328565,0.03003792905314895,0.10326670426442175,0.14159235039144982,0.10570333053900297,52.611213256330245,0.5451918239923763,-2.937868140190403,-13.703009647703414,10.765141507513011,-1.061901205435023,-188.451171875,341.40694754464283,26125.63176030397,24998.48347407103,0.04409458358606732,432660.0,0.6892247954513937,-0.03868471953578334,-3359300,-0.004213589118118525,-0.012079850732386358,0.0054458307678143265,-0.03320354314744762,0.15268544124492528,0.0020914546964572885,0.019191592458909102,False,False,False,False
2026-02-20,25406.55078125,25663.55078125,25379.75,25571.25,296600,valid,25650.619921875,25728.769921875,25576.12509765625,25760.2261328125,25715.03962890625,25322.43859375,25648.13765053946,25649.481336817276,25690.60673726765,25327.130154891714,0.004592550680687868,0.003931922538127797,0.011124978945322272,-0.012113316378201566,0.04368613366488994,0.10961044032935208,0.1413208344647187,0.10603513595786694,59.87524276769957,0.5776945749325902,-10.046286521548609,-12.971665022472454,2.925378500923845,-0.7943435754189987,-122.44921875,315.87486049107144,26124.948179886575,25027.30201542593,0.042916828107054904,423170.0,0.7009003473781222,-0.005365526492287054,-3062700,-0.0001906112688156268,-0.007335965602094902,0.009825728486963723,-0.028763481421442888,0.15797920755273356,-0.001877825552745429,0.011170378210467066,False,False,False,False
2026-02-23,25678.400390625,25771.44921875,25609.349609375,25713.0,313700,valid,25656.669921875,25713.33984375,25609.342578125,25759.3261328125,25725.62263671875,25328.931591796874,25661.11012043157,25655.53073331087,25691.48490443363,25330.969655838067,0.00554333479982394,0.0011778333706475852,0.02652237142579339,-0.018786305311261464,0.05265314239014174,0.11643232994492836,0.1370582000079199,0.10346967114547471,49.626394876043335,0.004842312235087082,-4.193380278775294,-11.216008073733022,7.022627794957728,0.2737580007302842,-154.30078125,240.68917410714286,26101.206773375936,25117.478382874066,0.03841287168934012,419160.0,0.7484015650348316,0.057653405259608936,-2749000,0.004047640877885768,-0.0017984217666893916,0.015163229716626168,-0.023379592229146443,0.16439827399143328,0.004190268001173192,0.006312683302273821,False,False,False,False
2026-02-24,25641.80078125,25641.80078125,25327.599609375,25424.650390625,439100,valid,25596.519921875,25662.28984375,25621.805078125,25749.848125,25733.52013671875,25334.68583984375,25613.81817447026,25633.542129245547,25681.0208058529,25331.901802452863,-0.011214156627970318,-0.011690780140767076,0.009900537672990373,-0.030169131185703413,0.03247098316580255,0.10883044105781914,0.14324195853069047,0.10584706056828415,41.96822669753927,0.0,-22.562230206473032,-13.485252500281025,-9.076977706192007,-1.0471393232807102,-510.5,250.03194754464286,26078.767230217323,25164.842926032674,0.03566978600445782,410180.0,1.0705056316738992,0.3997449792795664,-3188100,-0.007694800850246196,-0.01262911271539783,0.0035510426831408507,-0.034331566447961,0.15134052936955508,-0.002768996956792284,0.012253475274823625,False,False,False,False
2026-02-25,25512.599609375,25652.599609375,25428.19921875,25482.5,414200,valid,25529.15,25615.1548828125,25628.792578125,25738.559140625,25742.234140625,25342.05833984375,25587.55453957621,25619.157164555498,25673.23567621161,25333.400291980695,0.002275335490801167,-0.013046401806058316,0.005514397608783472,-0.027494966796885234,0.03673373061295204,0.10988915263834143,0.14159730169134693,0.10599853130136257,46.2048179400199,0.16244989189579004,-32.08187620872559,-17.20457724196994,-14.87729896675565,-1.4875954182622886,-471.349609375,252.2783203125,26071.85039902832,25185.734757221682,0.03457500540087739,402145.0,1.0299767496798418,-0.056706900478251,-2773900,-0.005708133837325871,-0.00994846445078747,0.005541841087763731,-0.032134346788753716,0.1539602153380274,0.0034592105456219017,0.008795669357917592,False,False,False,False
2026-02-26,25556.30078125,25572.94921875,25400.94921875,25496.55078125,405200,valid,25537.590234375,25584.0900390625,25632.67509765625,25727.944140625,25748.836640625,25344.91759765625,25569.35378791097,25607.48036614545,25666.30685680135,25335.023679933623,0.0005513894339252978,0.001657915936671861,0.0030548288648095667,-0.025947650735891004,0.031620408427114555,0.1111883441547552,0.1412459945117555,0.10601045065610197,45.24955149817494,0.1258206960806831,-38.05382284913867,-21.374426363403686,-16.679396485734983,-1.6911396416407265,-310.6484375,249.41768973214286,26069.30279368477,25196.047401627733,0.034068055274374474,393285.0,1.0302960957066758,-0.021728633510381457,-2368700,-0.0053105778420566565,-0.008993853457945962,0.005982784635597755,-0.03160067589411388,0.15459649680793489,0.0028961358285097614,0.006730238522086576,False,False,False,False
2026-02-27,25459.849609375,25476.400390625,25141.30078125,25178.650390625,438900,valid,25459.0703125,25554.8451171875,25625.57509765625,25714.31515625,25751.68064453125,25347.9191015625,25491.21310845378,25566.63941609588,25647.183073814045,25333.46772680618,-0.012468368500212268,-0.015353164564696709,-0.00560807079634007,-0.03278819514834619,0.017964914929466724,0.09792699404555316,0.14767681577896946,0.10837644517164609,34.48531074788768,0.0,-67.65861194377067,-30.63126347947708,-37.02734846429358,-2.986837137524234,-292.44921875,258.46763392857144,26087.45423547159,25163.69595984091,0.03604829441330932,389810.0,1.1259331469177292,0.08316880552813433,-2807600,-0.017440572760926053,-0.020831383700872265,-0.006677814863590363,-0.04367503552242256,0.1402005622166794,-0.0014394563480323703,0.013161884870349246,False,False,False,False
2026-03-02,24659.25,24989.349609375,24603.5,24865.69921875,519200,valid,25289.61015625,25473.1400390625,25614.4400390625,25695.258125,25749.5611328125,25348.913095703127,25366.110330513024,25499.883206824845,25616.53664812526,25328.813313790695,-0.012429227421638323,-0.03295223354917742,-0.008876658870536014,-0.043111705581851734,0.005040185067297198,0.085215205889972,0.15071087526908092,0.11106432217552939,28.30244753720679,0.0,-115.04697480915638,-47.514405745412944,-67.53256906374344,-3.6482068124461975,-817.05078125,290.82491629464283,26137.52874043253,25091.35133769247,0.04084326657715806,393310.0,1.3200783097302382,0.1829573934837092,-3326800,-0.029231200025089662,-0.032284513438800115,-0.019062508720937458,-0.05556141599490454,0.12602875012260845,-0.020628603303471466,0.015647256480833763,False,False,False,False
2026-03-04,24388.80078125,24602.44921875,24305.400390625,24480.5,599000,valid,25100.780078125,25348.65,25552.0875,25668.557109375,25743.283125,25346.00509765625,25188.988264410422,25402.799091889145,25571.986191336033,25320.372385295264,-0.015491187895474101,-0.037135235927300836,-0.04847141462679916,-0.059662937533009996,-0.011813208494295901,0.07389923541110943,0.12544944956123139,0.11497541708669826,23.97783430508325,0.0,-181.5916757030136,-74.32985973693307,-107.26181596608053,-3.889112070412526,-1244.900390625,323.01771763392856,26276.83394419451,24827.341055805493,0.056726985158806184,391395.0,1.530423229729557,0.15369799691833586,-3925800,-0.04193737595803088,-0.046284530303461545,-0.03414759423907329,-0.07019189155546297,0.10858522717875325,-0.019178967512821613,0.012179722602571332,False,False,False,False
2026-03-05,24615.94921875,24854.19921875,24529.400390625,24765.900390625,504300,valid,24957.46015625,25243.305078125,25501.58251953125,25644.547109375,25740.480625,25344.735595703125,25104.37068965334,25342.14207272113,25540.37498346501,25314.85525101994,0.011658274570576665,-0.028121244358873754,-0.0391876012327359,-0.05424747800888785,-0.004129674383083648,0.09810297891760977,0.13440784455549853,0.11704686632232249,32.46795270199614,0.232028411242067,-208.89143383833652,-101.24217455721377,-107.64925928112275,-3.5699043497094407,-1053.44921875,335.3212890625,26297.878020357028,24705.287018705472,0.062450673421220654,395120.0,1.2763211176351488,-0.15809682804674452,-3421500,-0.02884848923955221,-0.0342625165109189,-0.02283847874018694,-0.059351933329268115,0.12150941814208818,0.005532943312023856,0.01319464974674226,False,False,False,False
2026-03-06,24656.400390625,24700.900390625,24415.75,24450.44921875,433400,valid,24748.23984375,25142.9150390625,25441.96494140625,25610.1080859375,25733.167109375,25342.260595703126,24973.586395472674,25257.2189437715,25497.63279661344,25306.25419597248,-0.012737318930444053,-0.04102914043060668,-0.046498491825114785,-0.058169087983706014,-0.020928535055728337,0.0843949063896734,0.1393951444449356,0.11849970820860922,32.695284171625545,0.23824120560576098,-253.06380011856527,-131.6064996694841,-121.45730044908117,-4.9560012770087924,-1003.900390625,334.4107142857143,26362.578523770204,24521.3513590423,0.07236969192310093,399600.0,1.0845845845845845,-0.14059091810430302,-3854900,-0.03897166452904669,-0.04528129531105993,-0.0351906797574458,-0.07133326775575885,0.10722439499971564,-0.004421401938669294,0.011564964313826667,False,False,False,False
2026-03-09,23868.05078125,24078.150390625,23697.80078125,24028.05078125,526900,valid,24518.119921875,24988.5951171875,25358.68251953125,25567.12609375,25720.59412109375,25338.98134765625,24784.47927262814,25140.15530924564,25440.002129344288,25293.535754034947,-0.017275692308183932,-0.04569742982743086,-0.06482711669188113,-0.07010929257898457,-0.03908936908880045,0.0657794038429651,0.1479696431458847,0.12291575584015582,23.816399619734725,0.0,-318.48346329973356,-168.981892395534,-149.50157090419955,-6.937815457111974,-1543.19921875,365.00697544642856,26465.86751032072,24251.497528741776,0.0873219647697958,407170.0,1.2940540806051526,0.2157360406091371,-4381800,-0.052472431769923236,-0.06019743114093042,-0.0517357248272928,-0.08737662847885694,0.08809632703558551,-0.02381953935854003,0.01593551198884623,False,False,False,False
2026-03-10,24280.80078125,24303.80078125,24079.94921875,24261.599609375,444300,valid,24397.3,24843.455078125,25278.3974609375,25529.51609375,25710.93662109375,25336.222099609375,24679.903339977514,25056.48333782939,25393.790265816082,25283.267732695047,0.009719840791548862,-0.02429449516221438,-0.062074554490776146,-0.05809458772517273,-0.03394124355439199,0.09658438153202287,0.15098500613079346,0.12484916698195994,28.156786305097242,0.12036954894953385,-347.47806824025247,-204.6811275644777,-142.79694067577478,-4.685839623891641,-1451.400390625,370.83914620535717,26460.61775665455,24096.17716522045,0.09353601608202607,411415.0,1.0799314560723356,-0.156765989751376,-3937500,-0.040223983863445036,-0.04966472845466135,-0.04241447229225792,-0.07850607460502493,0.09867245010024042,0.010518955628195626,0.00921928253177142,False,False,False,False
2026-03-11,24231.849609375,24299.0,23834.30078125,23866.849609375,407400,valid,24274.569921875,24687.675,25174.982421875,25486.0070703125,25698.1501171875,25332.5078515625,24517.292593857015,24943.1848875004,25333.910240073295,25269.174020025195,-0.01627056774308744,-0.0250669059302302,-0.07974894111266251,-0.07844845022548164,-0.04796122919138668,0.07900560896601005,0.15619847445042548,0.12797598687298375,23.264411885526485,0.0,-397.7248035270968,-243.28986275700152,-154.4349407700953,-6.665299469619201,-1557.80078125,390.96763392857144,26471.622813659775,23878.342030090225,0.10301023214682369,408740.0,0.9967216323335127,-0.08305199189736667,-4344900,-0.05196161771153173,-0.06353123329482169,-0.05785681586582822,-0.09349930394300746,0.0807964255734206,-0.0012262175816513026,0.019177207940833937,False,False,False,False
2026-03-12,23674.849609375,23833.150390625,23556.30078125,23639.150390625,501000,valid,24049.219921875,24503.3400390625,25059.2474609375,25439.9480859375,25681.30611328125,25326.4378515625,24341.66415321061,24818.99112589322,25267.449069506696,25252.95487943415,-0.009540396930332928,-0.04549602405840758,-0.08918519809538727,-0.09244072339925846,-0.06339169160201352,0.07048519867256497,0.1562442114087886,0.12820473405473726,24.17335919567381,0.024827278929359667,-450.72346767174895,-284.77658373995104,-165.9468839317979,-8.065373971823586,-1843.349609375,377.68178013392856,26471.24990319141,23647.24501868359,0.11269312412154017,417220.0,1.200805330521068,0.22974963181148755,-4845900,-0.056669581659471384,-0.07078621737864045,-0.06662158613961588,-0.10214768040101428,0.0666716666347926,-0.008044631073745971,0.011693827582557076,False,False,False,False
2026-03-13,23462.5,23492.400390625,23112.0,23151.099609375,519800,valid,23789.35,24268.794921875,24926.44248046875,25384.1930859375,25656.9641015625,25317.18759765625,24103.55124444349,24660.144314796245,25184.45497303094,25232.040896647493,-0.02064586811222946,-0.05314215692931257,-0.1029208782735801,-0.11050708623412109,-0.0860295650704197,0.036432281415492485,0.16630664366034573,0.1340053572501941,18.855436010373495,0.0,-526.0430136663126,-333.02986972522336,-193.01314394108925,-8.942308925861731,-2345.451171875,395.0638950892857,26529.01737534946,23323.867585588043,0.12858432535139458,422240.0,1.2310534293292914,0.0375249500998005,-5365700,-0.07122327514184308,-0.08797181257652828,-0.08555800204607947,-0.1206846209757142,0.04464930408639874,-0.0074727893222024345,0.016213122669152903,False,False,False,False
2026-03-16,23116.099609375,23502.0,22955.25,23408.80078125,540300,valid,23665.5,24091.8099609375,24823.3275390625,25329.777109375,25633.95361328125,25310.10060546875,23964.601151804796,24540.968740172793,25114.821475314042,25213.899203956975,0.011131271353117311,-0.025771961514382324,-0.08096622681205101,-0.09479077285674242,-0.07924915665294063,0.03832836952561092,0.1734974620203662,0.13629232010323764,21.20687315550704,0.08597770696180213,-558.5019033567369,-378.1242764515261,-180.37762690521078,-8.137738521534388,-1769.849609375,419.81752232142856,26539.69463336366,23106.96044476134,0.13828662507878928,426580.0,1.2665854001594075,0.0394382454790303,-4825400,-0.05698376881933215,-0.0758386589755665,-0.0751202001863215,-0.11089672288682571,0.05627757895902955,-0.001511807239852521,0.023652346599954053,False,False,False,False
2026-03-17,23493.19921875,23656.80078125,23346.599609375,23581.150390625,458800,valid,23529.41015625,23963.355078125,24718.24755859375,25278.4691015625,25611.33361328125,25304.244111328124,23887.910999568838,24449.55746878729,25054.67751120859,25197.6529471079,0.007362598835607637,-0.02804634606561829,-0.0818292281541112,-0.0866586358615391,-0.06893421605635652,0.045611368612127334,0.17262557443326176,0.1375305924980723,26.275968016472348,0.27132357232742743,-563.8192765446038,-415.26327647014165,-148.55600007446213,-7.51239023293132,-1284.548828125,414.44614955357144,26470.0383456234,22966.4567715641,0.14174069443046816,435730.0,1.052945631469029,-0.15084212474551173,-4366600,-0.04600233755541531,-0.0671448379297853,-0.0680950481319351,-0.10435061213401742,0.06405452703195165,0.0036054148304598983,0.013203871000567153,False,True,False,False
2026-03-18,23632.900390625,23862.25,23618.44921875,23777.80078125,382900,valid,23511.600390625,23893.08515625,24620.867578125,25227.4541015625,25590.425625,25298.9651171875,23865.888955905073,24385.580641402787,25004.60391395531,25183.525064860558,0.008339304375208911,-0.00373106755111996,-0.07570726129824423,-0.07893498059627035,-0.05652444514915722,0.05865905416101369,0.17720165672950913,0.13897094330383958,28.81888426182087,0.37748748413456695,-545.8728081200534,-441.385182800124,-104.48762531992935,-5.563640575019035,-702.69921875,418.2426060267857,26353.349106499543,22888.386049750454,0.14073277660725567,437670.0,0.8748600543788699,-0.1654315605928509,-3983700,-0.03424196138498554,-0.057463322080634115,-0.060127532050868716,-0.09688151927513339,0.07292800160469012,0.0021945494237030055,0.01031615998122321,False,False,False,False
2026-03-19,23197.75,23378.69921875,22930.349609375,23002.150390625,550100,valid,23384.200390625,23716.71015625,24480.0076171875,25162.49109375,25561.533125,25290.222373046876,23693.14124284906,24253.82537942395,24926.0763248051,25161.8198442214,-0.03262077926216955,-0.026946822938806902,-0.10911193586871282,-0.11415713981943465,-0.08611015750710183,0.022413202620904293,0.20184567890211824,0.15221439057353958,23.939028984046303,0.32524847825372366,-587.4666568045868,-470.6014776010166,-116.86517920357022,-7.494455763060904,-1763.75,466.48911830357144,26259.667179618824,22700.348054756178,0.14539697783278613,449665.0,1.2233551644001646,0.4366675372159834,-4533800,-0.06036996596050452,-0.08585559732842177,-0.09047259247749419,-0.12634194788244524,0.037928254100142784,-0.02439463542429035,0.019327288610964426,False,False,False,False
2026-03-20,23110.150390625,23345.150390625,23067.599609375,23114.5,663300,valid,23376.88046875,23583.115234375,24363.01513671875,25101.207109375,25534.72662109375,25282.211875,23577.41299427925,24145.31820043119,24855.034115989216,25141.448502487856,0.004884308965338757,-0.0015809015551113692,-0.09192337047626697,-0.11683683364863795,-0.0775195798500179,0.02865979840234978,0.20257067533668932,0.15149340583093238,27.466347012861632,0.6221824764375979,-604.3972912733298,-497.3606403354793,-107.03665093785048,-5.579951389881743,-1335.94921875,465.61411830357144,26180.22338747105,22545.80688596645,0.14917761537762156,467920.0,1.4175500085484698,0.20578076713324855,-3870500,-0.05124633095339044,-0.07914787128436493,-0.08574059444314347,-0.12207473202584707,0.04299781637702251,0.004695213193807202,0.01200990805159766,False,False,False,False
2026-03-23,22824.349609375,22851.69921875,22471.25,22512.650390625,550300,valid,23197.650390625,23431.5751953125,24210.08515625,25028.6451171875,25500.1926171875,25272.062626953124,23364.460473548403,23989.826028068695,24763.175930680816,25115.29130734494,-0.026037751600726855,-0.03828262707685559,-0.11961087586156327,-0.13998849933308222,-0.095545120237851,0.005154714692109819,0.21279168096520332,0.15919687593056453,25.836668400888428,0.5044298397767509,-658.7851100092521,-529.6455342702338,-129.13957573901826,-9.098195359184103,-1515.400390625,470.47837611607144,26111.99191729275,22308.178395207247,0.15711689973562623,480605.0,1.1450151371708575,-0.17036031961405096,-4420800,-0.07011271355180652,-0.10052460749602202,-0.10918824779205634,-0.14493393207735958,0.015840498314097118,-0.012552743543014125,0.01666856779102841,False,False,False,False
2026-03-24,22878.44921875,23057.30078125,22624.19921875,22912.400390625,538100,valid,23063.900390625,23296.6552734375,24070.05517578125,24969.3561328125,25469.95462890625,25263.5236328125,23274.048456963723,23887.214062597868,24690.596497737453,25093.371994740763,0.017756683156527453,-0.02835951549954363,-0.10891765291389566,-0.12354398717047865,-0.07066802205398537,0.017933043399789073,0.22579822873186536,0.16449351300001624,33.945248026018206,1.0,-662.000237394841,-556.1164748951553,-105.88376249968564,-6.2904726795184445,-1349.19921875,469.36063058035717,25917.67094361459,22222.43940794791,0.15351986144945523,491825.0,1.0940883444314542,-0.02216972560421593,-3882700,-0.048095227730140654,-0.08237920638588,-0.0930639477041848,-0.12975079483135954,0.0338784561802294,0.016248590093920285,0.018930547186959343,False,False,False,False
2026-03-25,23064.400390625,23465.349609375,23063.19921875,23306.44921875,505400,valid,22969.630078125,23240.615234375,23964.1451171875,24921.8191015625,25442.4801171875,25256.301376953124,23280.52860932098,23831.903125088545,24636.316212286965,25075.5916686115,0.01719805962740728,-0.019823177376087853,-0.08331289277653386,-0.10505414193164397,-0.05392557513163532,0.020677157668330892,0.23867271784526842,0.1691518088411811,35.38282595164142,1.0,-625.5409550414442,-570.0013709244131,-55.539584117031154,-3.0031631324131114,-560.400390625,482.16420200892856,25725.653213447775,22202.637020927228,0.14701197039546293,495140.0,1.0207214121258634,-0.06076937372235647,-3377300,-0.02744499731667,-0.06481749491196749,-0.07720260101039193,-0.11478419711016542,0.05165915951710884,0.006633962282807933,0.017435978556306294,False,False,False,False
2026-03-27,23173.55078125,23186.099609375,22804.55078125,22819.599609375,612600,valid,22933.119921875,23158.66015625,23831.00009765625,24862.40609375,25411.8976171875,25245.38412109375,23188.342809331785,23735.493266449157,24565.072423937476,25053.143986430045,-0.02088905112938999,-0.007936248487637187,-0.10449918142352599,-0.12036419746347693,-0.07279235907515369,-0.0038415199104486764,0.2443913808937836,0.17358366587925153,34.20835339609431,0.928937808103957,-628.6843242583964,-581.7379615912098,-46.94636266718658,-5.943548748709848,-819.55078125,493.0033482142857,25509.900559733716,22152.099635578787,0.14090054594415302,505060.0,1.2129251970062962,0.21210922041946967,-3989900,-0.04244053896759127,-0.08216447260462566,-0.09608823934241066,-0.13327551527727519,0.029690997563264654,-0.005702217281261507,0.016464840961434177,False,False,False,False
2026-03-30,22549.650390625,22714.099609375,22283.849609375,22331.400390625,698600,valid,22776.5,23076.690234375,23672.742578125,24794.3880859375,25377.990625,25231.525126953125,23016.95432559043,23601.770135418286,24477.47744223895,25026.06196060114,-0.02139385559374285,-0.033879149857232504,-0.12414033638434852,-0.13907514300272483,-0.10085642031344932,-0.03705156972860746,0.24967270191398322,0.1779795830329118,33.77791854047672,0.9028940796539602,-662.9272512174539,-597.9758195164586,-64.95143170099527,-6.433397134018348,-819.69921875,477.51060267857144,25286.0222366809,22059.462919569098,0.13629850054185658,519730.0,1.3441594674157735,0.14038524322559587,-4688500,-0.05666188372865075,-0.09933649851634847,-0.11494052467046945,-0.15181809374299438,0.007661937055219125,-0.011829708819215938,0.01908011842963544,False,False,False,False
2026-04-01,22899.0,22941.30078125,22618.599609375,22679.400390625,518000,valid,22809.85,23003.7501953125,23547.780078125,24734.6641015625,25347.1511328125,25219.40087890625,22949.44353859734,23513.925397818926,24406.96461668546,25002.71209423322,0.015583438293735208,0.007406946632522615,-0.09926068161820811,-0.1320417943760649,-0.08897032886610357,-0.02873612395397729,0.26038626296862705,0.18069043055932055,35.196208000070186,0.9887085648590367,-654.4403449749188,-609.2687246081507,-45.17162036676814,-4.060002090348503,-729.400390625,501.3784877232143,25053.512723923963,22042.04743232604,0.1278874391389217,523685.0,0.9891442374709988,-0.2585170340681363,-4170500,-0.036877348294359714,-0.08309244477703125,-0.10071613122283689,-0.1386005033449756,0.023364774672264867,0.025417107724837774,0.014092369617668894,False,False,False,False
2026-04-02,22383.400390625,22782.30078125,22182.55078125,22713.099609375,495100,valid,22769.98984375,22916.9451171875,23440.15009765625,24675.0391015625,25318.305625,25207.259375,22902.174752752875,23437.65627510998,24340.538537967404,24979.929880453536,0.0014858954897207788,-0.008698380695701724,-0.08656903594135934,-0.131315644675288,-0.09428916762209749,-0.03995418174163046,0.2598650319824054,0.18075678601605868,38.422784724786354,1.0,-637.6447930615432,-614.9439382988293,-22.700854762713902,-1.8919187744440125,-868.05078125,511.0249720982143,24854.17329948633,22026.126895826168,0.1206496712639624,522480.0,0.9475960802327362,-0.04420849420849415,-3675400,-0.031017313679827765,-0.07951109962226009,-0.0989460904305469,-0.1373205537180482,0.024885387775289446,-0.013051491437240895,0.026794409675627195,False,False,False,False
2026-04-06,22780.30078125,22998.349609375,22542.94921875,22968.25,426400,valid,22702.35,22835.9900390625,23364.53759765625,24622.6941015625,25292.8911328125,25197.65962890625,22915.389802202302,23392.950915575697,24286.72330118437,24959.913165225145,0.01123362266767347,-0.014510971430084618,-0.06177365658381162,-0.12762953833535928,-0.08523280009645717,-0.02959190232926945,0.262027839497077,0.1818982371098368,43.30478666403147,1.0,-596.8654002241456,-611.3282306838926,14.46283045974701,-1.8819878274280222,-809.55078125,521.3715122767857,24704.094433445956,22024.980761866544,0.11466581182621653,513850.0,0.8298141480976938,-0.13875984649565742,-3249000,-0.0169610717096324,-0.06719183915205747,-0.08847685307839927,-0.12762953833535925,0.036398563499169236,0.002958696656587647,0.01999097356079823,False,False,False,False
2026-04-07,22838.69921875,23153.849609375,22719.30078125,23123.650390625,477000,valid,22763.16015625,22848.1400390625,23282.42509765625,24580.517109375,25269.20462890625,25189.6848828125,22957.041919886844,23367.303246532774,24241.112598809494,24941.64189383609,0.0067658785769486585,0.013324106752735876,-0.06631093455506532,-0.11910912627935666,-0.07675830297336272,-0.015463939386959114,0.25894208023318666,0.18281604963714246,49.706591686861884,1.0,-545.7172362108104,-598.2060317892762,52.48879557846578,-1.9401089108099012,121.5,514.7571149553571,24450.673374111768,22114.176821200734,0.10035451818746492,512485.0,0.930758949042411,0.11866791744840532,-2772000,-0.006819508980069003,-0.05926916477254871,-0.08201906859093752,-0.1217271857176197,0.04341071033712858,-0.005640428907295941,0.019026864181837744,False,False,False,False
2026-04-08,23855.150390625,24025.150390625,23828.5,23997.349609375,639300,valid,23096.35,22936.425,23259.7701171875,24557.3141015625,25253.43462890625,25184.939130859377,23165.103457784477,23427.307662041556,24231.553265890492,24932.245950707125,0.03778379295615997,0.07460119784737662,-0.018531340889538228,-0.08332536277481084,-0.04703599961591809,0.017183844660991543,0.2942114541397019,0.20019677079370668,55.55901144761169,1.0,-429.7280847193251,-564.510442375286,134.78235765596082,0.9233352997814803,882.849609375,540.0964006696429,24347.44178935263,22172.098445022373,0.09352385399212587,522780.0,1.2228853437392402,0.34025157232704406,-2132700,0.03171052372707991,-0.022802350854480128,-0.04715475051631991,-0.0885427075437504,0.08283472458474633,0.03163427865595872,0.008243519215132803,False,False,False,False
2026-04-09,23909.05078125,23990.75,23682.80078125,23775.099609375,466600,valid,23315.48984375,23062.669921875,23247.12255859375,24527.0180859375,25234.2361328125,25179.547626953125,23287.102688102583,23460.430704644743,24213.65312249773,24920.73205676352,-0.009261439434677166,0.04831253030847016,-0.010527328004167003,-0.09049665333339707,-0.05972826254457042,0.0108740251855457,0.28958771507435765,0.20084897589346803,51.81479851573305,0.8815871281335161,-351.68555195854424,-521.9454642919377,170.25991233339346,3.3603346018684865,1262.44921875,540.4069475446429,24302.58464323257,22191.66047395493,0.09080367533474792,519765.0,0.8977133897049628,-0.27013921476615044,-2599300,0.02271150115247588,-0.03065674245144419,-0.055777333190638864,-0.09698411405512879,0.07280611636523938,-0.003679524179224545,0.012880026964161224,False,False,False,False
2026-04-10,23880.55078125,24074.05078125,23856.349609375,24050.599609375,481300,valid,23582.98984375,23176.48984375,23236.57255859375,24507.0570703125,25215.98412109375,25175.74037109375,23439.802072357066,23516.637267000006,24207.258867081153,24912.074022461147,0.011587753764504383,0.05888672277243634,-0.008696870915241184,-0.07057466529226808,-0.04664580378918182,0.03819873435586918,0.2905253595947057,0.20179959206165546,52.515482120415655,0.9037466472126293,-264.5560969242142,-470.46759081839303,205.91149389417882,4.0498371557896595,1138.19921875,541.6820591517857,24252.828498393148,22220.316618794353,0.08747038206575332,521615.0,0.9227111950384862,0.031504500642949074,-2118000,0.03503214808158924,-0.018625551800360695,-0.044691466671248854,-0.08652018832336392,0.08523752947873393,0.004435361937807338,0.009116254221654291,False,False,False,False
2026-04-13,23589.599609375,23907.400390625,23555.599609375,23842.650390625,488800,valid,23757.869921875,23230.1099609375,23235.36259765625,24480.4020703125,25195.61912109375,25170.987373046875,23520.371736010653,23547.686135916672,24192.960495455423,24901.4329912986,-0.008646321593950623,0.03806996138691465,-0.0010139259745657325,-0.07166720532933835,-0.05181243599749463,0.021870955552841576,0.2861868161099381,0.20197024529074975,58.65656798106215,1.0,-209.86593624861052,-418.34725990443656,208.48132365582603,5.907789517994089,536.201171875,516.5069754464286,24248.51178288045,22222.21341243205,0.08720752094709261,525685.0,0.9298344065362337,0.015582796592561898,-2606800,0.026136359629266397,-0.026051519818005905,-0.05277254176545574,-0.09441842854470157,0.0758542167930363,-0.019167921277950205,0.01491338501185018,False,False,False,False
2026-04-15,24163.80078125,24280.900390625,24145.80078125,24231.30078125,460300,valid,23979.4,23371.280078125,23264.9701171875,24458.1730859375,25178.83162109375,25166.581875,23662.557545058524,23612.792292615082,24194.46403607482,24894.76500910906,0.016300637062472756,0.04790119085497313,0.025049563154344145,-0.060447231754248265,-0.043131787063950044,0.042202020135834406,0.2893196078800795,0.2048474900296497,60.88288473470445,1.0,-133.62243519936237,-361.40229496342175,227.77985976405938,5.756273319859795,1411.701171875,523.310546875,24359.17059138683,22170.769642988165,0.09406420628848941,523650.0,0.8790222476845221,-0.05830605564648117,-2146500,0.04153586525987428,-0.00927593013142675,-0.03716361238071389,-0.07965687201794511,0.09339132591311036,0.013469575964225742,0.005590991690340002,False,False,False,False
2026-04-16,24385.19921875,24400.94921875,24102.80078125,24196.75,508000,valid,24019.280078125,23557.8150390625,23317.25263671875,24433.730078125,25160.66462890625,25162.706123046875,23769.39603604682,23668.407312366027,24194.553681718946,24887.819586132853,-0.0014258739785333319,0.008309267226206618,0.04516633802575698,-0.05967405691017291,-0.05427142690726505,0.056421386469843515,0.27770973180275826,0.2048323130083303,68.45104431071812,1.0,-75.12092336363276,-304.146020643464,229.02509727983124,3.8199760628219392,1865.349609375,498.66043526785717,24485.934551909813,22148.570721527685,0.10024181951442143,523060.0,0.971207892020036,0.10362806865087992,-2654500,0.03771873886618468,-0.00969889072881118,-0.03838840378786376,-0.08096916533545674,0.09183228767313675,0.006351224760458814,0.012226614793072963,False,False,False,False
2026-04-17,24165.900390625,24371.900390625,24096.05078125,24353.55078125,498600,valid,24134.9703125,23725.230078125,23364.49013671875,24414.3880859375,25145.09962890625,25159.25212890625,23886.226985087455,23733.65907130736,24200.78886209271,24882.503478621584,0.006480241406387144,0.024330126114252115,0.0403587526259237,-0.05112091079476444,-0.052754055303008474,0.09890762447254664,0.27624757929605087,0.20536350471205855,66.6770935841459,0.9488378769676792,-15.922002214683744,-246.50121695770795,230.5792147430242,6.722077504132917,1674.150390625,479.4603794642857,24621.76688414729,22107.213389290206,0.1076228704389876,520975.0,0.9570516819425117,-0.018503937007874005,-2155900,0.042331788057162915,-0.0024918627685180596,-0.03202405793018602,-0.07501362366691695,0.09055188457746358,-0.0012749484693192269,0.011414828535915592,False,False,False,False
2026-04-20,24391.5,24480.650390625,24241.25,24364.849609375,415900,valid,24197.8203125,23890.405078125,23403.67509765625,24399.9170703125,25128.22162109375,25154.852626953125,23981.951509944964,23793.77245588523,24207.222616888095,24877.35269385296,0.00046394992773279853,0.01306620230281097,0.03323413852877888,-0.05174289367943019,-0.05720280843879921,0.08115957604008539,0.2755971702458996,0.20534181088383224,63.43830517469269,0.8554286922603421,31.54169725061365,-190.89263411604364,222.4343313666573,9.105784604550227,1651.75,457.0640345982143,24735.99449028292,22071.355705029582,0.11385557072274456,518830.0,0.8016113177726808,-0.16586442037705573,-1740000,0.041069383663380525,-0.001437195906709249,-0.0314055911713689,-0.07458447630446333,0.09105784604550225,0.0015582622464736197,0.009814910547731792,False,False,False,False
2026-04-21,24374.55078125,24601.69921875,24354.900390625,24576.599609375,425800,valid,24344.61015625,24051.2400390625,23443.6150390625,24376.898046875,25112.06611328125,25149.990625,24100.881129830974,23868.327422884257,24221.707989142484,24874.360125848205,0.008690798564113589,0.030783038241360527,0.03359431073856478,-0.03943250632682571,-0.049944721380734025,0.09721124153268579,0.275710936057098,0.2061260928287896,73.98373897037652,1.0,85.2606447262624,-135.66197834758242,220.92262307384482,8.365297080491807,1608.349609375,438.84263392857144,24867.877284542865,22019.352793582137,0.12150534319107466,520975.0,0.8173136906761361,0.023803798990141845,-1314200,0.04832806580489759,0.008192246696687453,-0.022798856038340913,-0.06654187639992172,0.10054001000727937,0.00039816260024306595,0.010125266731678548,False,False,False,False
2026-04-22,24470.849609375,24515.94921875,24352.900390625,24378.099609375,440500,valid,24373.969921875,24176.6849609375,23512.4125,24348.9400390625,25095.16560546875,25143.692119140625,24156.32482573978,23916.877154930993,24227.840993857484,24869.422210261408,-0.00807678861823835,0.006058231435870365,0.05981828635077502,-0.03386110732686021,-0.058448008157872766,0.06787766963278741,0.2473838289502727,0.2048900417111937,80.33765701375387,1.0,110.54175007355298,-86.42123266335534,196.96298273690832,7.330571470363112,1254.44921875,416.5532924107143,24979.180701629673,22045.644298370324,0.12476543626730562,515495.0,0.854518472536106,0.0345232503522781,-1754700,0.03681830222122045,0.0011975704184953616,-0.030448690913726963,-0.07408122034821692,0.0916511809805367,-0.004302873533393959,0.006662981904091084,False,False,False,False
2026-04-23,24202.349609375,24310.19921875,24134.80078125,24173.05078125,467500,valid,24369.230078125,24194.255078125,23565.3400390625,24319.5450390625,25077.30111328125,25136.972119140624,24159.670016841825,23941.27464315185,24225.692358068954,24862.49314131602,-0.008411190019346093,-0.000979438096025298,0.04579596276147013,-0.03913144067375529,-0.0628838981285621,0.03620027698757666,0.25053949745998394,0.20547361553886576,73.11974760065229,0.8277959822150903,112.73197737472219,-46.59059065573984,159.32256803046204,5.245505344334034,175.701171875,390.36746651785717,25047.96038230292,22082.719695822077,0.12583059194416826,505705.0,0.9244520026497661,0.061293984108967026,-2222200,0.025788329011172516,-0.006023725262014534,-0.038346756058047396,-0.08186929914634912,0.08246909546246584,-0.007209339645671661,0.007247165681469944,False,False,False,False
2026-04-24,24100.55078125,24206.0,23813.650390625,23897.94921875,438400,valid,24278.109765625,24206.5400390625,23634.60498046875,24283.6300390625,25057.43259765625,25128.752861328125,24107.32585722346,23937.148412256436,24212.8396859388,24852.89568935019,-0.011380506539678703,-0.01870780842565145,0.061534239820198344,-0.055039804442685636,-0.07964636516822066,0.019658918956126703,0.23331536560804225,0.20628071225347644,67.06464470867546,0.6415883462520235,91.21784873746583,-19.028902777098704,110.24675151456454,3.3485146810510624,122.849609375,375.5531529017857,25037.443859218685,22231.766101718815,0.11871058390095525,500110.0,0.8766071464277859,-0.06224598930481284,-2660600,0.011142316044582651,-0.01588233800680114,-0.048979893644951596,-0.09231809159169384,0.0701500488425552,-0.002999207698526623,0.01627969472300377,False,False,False,False
2026-04-27,23945.44921875,24130.69921875,23936.19921875,24092.69921875,430300,valid,24223.6796875,24210.75,23693.619921875,24248.1380078125,25036.30658203125,25121.94935546875,24104.400529528768,23951.962774779633,24208.12829506865,24845.331545364115,0.008149234824183171,-0.011169795627233525,0.051513538869892406,-0.038163779563660016,-0.07107826341290913,0.01010616976927281,0.2277319780257115,0.20628715112315296,66.48148360205204,0.5476431112065483,88.85814283947184,2.5485063462154045,86.30963649325643,0.39733391781628935,42.099609375,359.64955357142856,25067.543306247782,22319.69653750222,0.11597412205505285,494720.0,0.8697849288486417,-0.01847627737226276,-2230300,0.01684332314736557,-0.0064103391778956185,-0.040970154113247385,-0.08492117857441178,0.07887095288768434,0.0019876182498007886,0.008122628989883418,False,False,False,False
2026-04-28,24049.900390625,24181.80078125,23957.05078125,23995.69921875,554100,valid,24107.499609375,24226.0548828125,23728.082421875,24209.348984375,25014.10806640625,25114.90134765625,24082.660267373016,23956.12815039586,24199.797743056155,24836.87749236298,-0.004026115924964935,-0.02363632072206645,0.029573359439304836,-0.046859281424350474,-0.0789978138020212,-0.005382325306368507,0.22209397233801692,0.20606918212028644,63.004592059343175,0.39230968187801285,78.25885026594915,17.690575130162152,60.568275135787,0.9278598744041133,153.048828125,344.66392299107144,25095.677963363192,22360.486880386805,0.11527231886445259,497155.0,1.1145417425149098,0.2877062514524751,-2784400,0.011278483954872166,-0.008825093386975895,-0.04456326996525095,-0.0886053919899515,0.07452729336328112,-0.0017764231287000032,0.009345153050513706,False,False,False,False
2026-04-29,24096.900390625,24334.69921875,24059.94921875,24177.650390625,531100,valid,24067.409765625,24220.68984375,23795.9849609375,24173.825,24993.855078125,25108.484599609375,24101.658292023414,23977.22550660816,24198.929219431404,24830.318018713846,0.007582657634449097,-0.008222512089207878,0.05951247193189446,-0.045973685151571964,-0.06570094673299487,0.0004303506036060778,0.2063786771881697,0.20622080153676534,53.38770950704742,0.055145629650811795,83.57734586058723,30.86792927624717,52.70941658434006,0.5282645061392754,-53.650390625,304.4853515625,25107.357377904405,22484.612543970597,0.11021795644261823,493080.0,1.0771071631378275,-0.041508752932683635,-2253300,0.01603906836863549,0.00015824515255650573,-0.03707249656153509,-0.08169459870752832,0.08267506594772618,0.00421747126234698,0.011401881384997243,False,False,False,False
2026-04-30,23996.94921875,24087.44921875,23796.849609375,23997.55078125,505500,valid,24032.309765625,24200.769921875,23879.29248046875,24137.63203125,24972.0730859375,25101.165849609373,24080.836789868736,23979.16124705024,24191.032025777233,24822.031777545053,-0.007449012061355398,-0.0072601510495368116,0.07461020632295279,-0.05591703761895306,-0.06704541442240775,-0.013621568055417477,0.1898115659865178,0.20653102794318418,54.24695149462713,0.062233430019378685,72.42488957164824,39.17932133532739,33.24556823632085,0.6496777333358406,-199.19921875,309.21763392857144,24996.184939696057,22762.400021241443,0.09354485357058472,483425.0,1.0456637534260744,-0.04820184522688764,-2758800,0.004952336878405226,-0.005803437960220864,-0.043966685650043136,-0.08853506671776376,0.0746102063229528,-0.007473892994377475,0.0121098564124118,False,False,False,False
2026-05-04,24063.55078125,24290.19921875,24004.75,24119.30078125,419100,valid,24076.580078125,24177.344921875,23951.2875,24110.5960546875,24952.9441015625,25094.149853515624,24088.52958814499,23992.50786935498,24188.219035795773,24815.03942932321,0.005073434414612388,0.009262366426251,0.06348935006325007,-0.04744544831359465,-0.06381347352157762,-0.005254258996271188,0.18465992705836437,0.20679057788129618,51.39341917931076,0.0,72.57410598833303,45.85827826592852,26.715827722404512,-0.46221208267392955,-234.25,308.76743861607144,24918.059550251714,22984.515449748284,0.08072819052017266,478480.0,0.8758986791506437,-0.17091988130563796,-2339700,0.007014791219469995,0.0003610332379488494,-0.03884766282006762,-0.08391080915753736,0.08006217072600529,0.0027502806682908557,0.011862306662257769,False,False,False,False
2026-05-05,24052.599609375,24081.69921875,23882.05078125,24032.80078125,363300,valid,24064.600390625,24144.1400390625,24017.27255859375,24077.5970703125,24933.412109375,25086.933359375,24077.383826765992,23996.345289535457,24182.124202284176,24807.255960188155,-0.0035863394542201554,-0.002486165495868775,0.05810308564535527,-0.04207520578990187,-0.06113254871033469,-0.0002724211857397796,0.1861365725207288,0.206131931283125,54.0565382862181,0.0920086105614526,64.96367319811907,49.67935725236663,15.28431594575244,-0.6775671061196253,-332.048828125,290.35672433035717,24788.605450047144,23245.93966714036,0.06423151417977287,471890.0,0.7698828116722117,-0.13314244810307807,-2703000,0.000646543966154571,-0.0018604966654970749,-0.04201918835691695,-0.0871962159662403,0.07618870115011994,-0.0027654687206708967,0.008300493116851406,False,False,False,False
2026-05-06,24171.0,24356.5,23997.900390625,24330.94921875,429200,valid,24131.650390625,24119.575,24085.40751953125,24049.708046875,24916.3841015625,25081.81185546875,24128.096905162798,24028.212330413033,24187.960477439698,24802.516589626583,0.01240589643353629,0.013971253637736769,0.05932969289127388,-0.05428427969590599,-0.046207914483507584,0.00010067282199899275,0.18687835016153145,0.20073060140269222,52.21121574392544,0.028254209673523302,82.04467758529427,56.152421318952165,25.892256266342102,-0.09280602530207238,-245.650390625,284.6674107142857,24689.103295211757,23481.711743850745,0.050129587817101216,472030.0,0.9092642416795542,0.18139278832920458,-2273800,0.010194625065805322,0.011694161580957119,-0.029936538916945685,-0.07587206675737737,0.08953978671953039,0.005750441657129734,0.01483594428757602,False,False,False,False
2026-05-07,24398.5,24482.099609375,24284.0,24326.650390625,440600,valid,24161.450390625,24114.430078125,24145.55751953125,24019.8540625,24897.78611328125,25077.695859375,24167.807602255238,24056.63500281417,24193.39929756461,24797.781602571842,-0.00017668148029703623,0.006162716293464765,0.052024657857988155,-0.056228647166938206,-0.04572558595740228,-0.0003821025447339199,0.18662337248853733,0.20065513454770534,52.921738748435,0.05280220463451152,94.14932233923173,63.75180152300808,30.397520816223647,-0.15678003091511572,-51.44921875,277.5210658482143,24553.88960789234,23737.225431170158,0.03382254379761512,470210.0,0.937028136364603,0.02656104380242308,-2714400,0.007500049271890539,0.012772614160215667,-0.029948743016963788,-0.07603534304860649,0.0893472852171703,0.0027763315209233096,0.00811933558927803,False,False,False,False
2026-05-08,24233.650390625,24253.80078125,24126.650390625,24176.150390625,335900,valid,24197.1703125,24114.7400390625,24154.49755859375,23994.290078125,24879.942109375,25073.165107421875,24169.476159929192,24068.01742070092,24192.72286984149,24791.596217378345,-0.006186630612244115,0.007442409894369062,0.007450855371967657,-0.05719540556963709,-0.054671936534309795,-0.006494926202593954,0.13474501107394113,0.20075886467356446,45.99854266579379,0.0,90.55439361551544,69.11231994150955,21.442073674005883,-1.6293922882531064,3.099609375,272.10323660714283,24556.954107798727,23752.041009388773,0.033323528939378816,455040.0,0.7381768635724332,-0.23763050385837492,-3050300,0.0008964306534931959,0.007579316241816982,-0.035775886807818735,-0.08175157107993357,0.08260789595508077,-0.0038229677537455105,0.005246852561436194,False,False,False,False
2026-05-11,23970.099609375,23997.44921875,23799.099609375,23815.849609375,390100,valid,24136.480078125,24106.530078125,24156.53505859375,23959.1820703125,24859.7041015625,25066.2653515625,24098.750849818356,24044.00143866988,24177.943526293788,24781.887295905675,-0.014903149402549887,-0.012581259076585583,0.0017139780976536123,-0.0730859964299978,-0.07313108865783602,-0.02180376093717784,0.14143528163771485,0.20269547203220892,39.30116211619944,0.0,57.96395245174426,66.8826464435565,-8.918693991812233,-2.306373380244031,-82.099609375,281.93540736607144,24551.24218599571,23761.827931191787,0.03267911779935043,451215.0,0.8645545914918609,0.16135754688895498,-3440400,-0.014103241561440279,-0.005982360354241918,-0.04988440538109737,-0.09543636460478606,0.06647362873728198,-0.008522894584983311,0.008274876308708498,False,False,False,False
2026-05-12,23722.599609375,23757.55078125,23348.400390625,23379.55078125,447500,valid,24005.830078125,24035.215234375,24122.9826171875,23912.5130859375,24835.919609375,25057.1028515625,23954.910836104686,23980.72042367751,24146.634006880307,24767.933698744924,-0.018319683541890175,-0.027181600927248306,-0.02790154254047883,-0.09617354439251169,-0.09647044437785368,-0.04421703771501828,0.14892591048520834,0.2050013771410734,28.549419119463934,0.0,-3.0348917572118808,52.89913880340282,-55.9340305606147,-3.282581115559824,-713.1484375,297.69614955357144,24648.13664458897,23597.82858978603,0.04353972605587338,449525.0,0.9954952449808131,0.14714175852345557,-3887900,-0.030818404495628494,-0.0222880089086464,-0.06694916328716319,-0.11200768414872816,0.04693616935304364,-0.003915459726588657,0.017247283070246092,False,False,False,False
2026-05-13,23362.44921875,23582.94921875,23262.55078125,23412.599609375,415400,valid,23822.16015625,23976.9052734375,24101.480078125,23872.2720703125,24811.06009765625,25048.608603515626,23846.44859075875,23926.613679458227,24117.848344233043,24754.447787407913,0.0014135784059419176,-0.037744092970581566,-0.018037037586186244,-0.09726378074760844,-0.09531034612881006,-0.03966431014019389,0.14667282705752174,0.20490988401991042,31.608100626834215,0.06862595838083733,-48.15504960032922,32.68830112265642,-80.84335072298563,-2.0309257707946005,-583.099609375,304.60323660714283,24704.41985013204,23498.540306117964,0.050033422848107814,445855.0,0.9316930392167857,-0.07173184357541895,-3472500,-0.028582496449055986,-0.01925549690383887,-0.06531336810105326,-0.11075243738639835,0.04841609571444077,-0.0007314752391955777,0.013714248643196958,False,False,False,False
2026-05-14,23530.25,23777.19921875,23426.55078125,23689.599609375,428700,valid,23694.75,23928.1001953125,24074.39501953125,23836.4140625,24787.4866015625,25042.214599609375,23815.078794482,23904.040910878874,24101.054276199397,24743.852283148877,0.011831236369372666,-0.026187361228141248,-0.022355430967790357,-0.08724139324526681,-0.08569844924741887,-0.02968742912598088,0.14046004695192155,0.2067096097118622,41.03640452367761,0.32420906831482765,-60.859959026132856,13.978649092898564,-74.83860811903142,-1.6731193367544694,-488.05078125,313.267578125,24700.984425722854,23447.805613339646,0.05205442593122363,444275.0,0.964942884474706,0.03201733269138174,-3043800,-0.015983596258351263,-0.0061592508311043275,-0.05401339345823967,-0.10023153928222822,0.06082015435629325,0.005025088738026758,0.014902027709012866,False,False,False,False
2026-05-15,23731.400390625,23839.30078125,23610.30078125,23643.5,408900,valid,23588.219921875,23892.6951171875,24046.73251953125,23799.353046875,24763.64859375,25034.978603515625,23780.7630355856,23879.227490795172,24083.110971250404,24732.903504212074,-0.0019459851637491088,-0.022032059778696267,-0.022864640912519274,-0.08384091587815479,-0.0911047665698167,-0.025966299506621437,0.14048854784115417,0.2065264134477536,44.84450164069882,0.42958596489560424,-73.79784882239983,-3.5766504901611142,-70.22119833223871,-1.467759766195087,-354.05078125,301.59974888392856,24698.905139117625,23394.559899944878,0.05424209871812446,439320.0,0.9307566238732586,-0.04618614415675293,-3452700,-0.01676870315764263,-0.006548625358346201,-0.05558137778157404,-0.10198247535759436,0.05875581407450989,0.0017645203776874988,0.009649662313668837,False,False,False,False
2026-05-18,23482.19921875,23695.650390625,23317.099609375,23649.94921875,392000,valid,23555.03984375,23845.7599609375,24011.55244140625,23768.7790234375,24741.54708984375,25027.92384765625,23754.600272218482,23857.391464886106,24066.12423585823,24722.127839680114,0.0002727692071817778,-0.00696596566345864,-0.028891128395195143,-0.07149869532741726,-0.08722875850693201,-0.014913811281656142,0.1377364018560686,0.2051161423701971,40.28820745178549,0.34069741437097245,-82.57890344828411,-19.377101081785714,-63.2018023664984,-2.1825990671104245,-469.3515625,312.0140904017857,24669.91726290256,23353.18761990994,0.05483733907691918,433990.0,0.9032466185856817,-0.04133039863047194,-3060700,-0.015059552002672252,-0.004999407187484272,-0.05505748847942458,-0.10173752382936241,0.05904461005851398,-0.006822204041279844,0.01612075503335888,False,False,False,False
2026-05-19,23675.30078125,23782.30078125,23587.19921875,23618.0,442000,valid,23602.7296875,23804.2798828125,23974.2099609375,23743.8250390625,24719.54158203125,25019.914345703124,23727.280217774787,23834.592277754095,24048.550736412813,24711.141493016632,-0.0013509212410769411,0.010199050485659056,-0.030652748584486633,-0.08039442816676567,-0.09345115963714401,-0.05242587713022495,0.137556138289518,0.20416583247320594,41.47172706986426,0.5028618219736072,-91.06623260305423,-33.71492738603942,-57.35130521701481,-1.5816229944038862,-414.80078125,309.89634486607144,24632.922509005293,23315.497412869707,0.05495176267673219,435295.0,1.0154033471553774,0.12755102040816335,-3502700,-0.014858047940595018,-0.0052992741841509095,-0.056031940250981974,-0.10295100568848367,0.05761392419953791,0.0010719499761082335,0.008240721598540937,False,False,False,False
2026-05-20,23457.25,23690.900390625,23397.30078125,23659.0,344100,valid,23652.009765625,23737.0849609375,23928.32998046875,23727.3950390625,24697.97607421875,25012.89884765625,23713.62417421983,23817.869203682276,24033.274236945643,24700.67242343438,0.0017359640951817301,0.010524264487329127,-0.03733631275113303,-0.08032529559299106,-0.09671410528902946,-0.037404855248064695,0.1328437421001485,0.2041705774819336,37.4930176346525,0.34803335918092293,-93.40740236701458,-45.65342238223445,-47.75397998478013,-1.9084333556129929,-671.94921875,306.65345982142856,24536.246201919264,23320.413759018233,0.0508114207674937,431210.0,0.7979870596693026,-0.22149321266968325,-3158600,-0.011255694847429233,-0.00288253467984583,-0.054128026339622534,-0.10139376084274009,0.059449903998512466,-0.0068062494707426535,0.012516369539268244,False,False,False,False
2026-05-21,23830.05078125,23859.900390625,23596.599609375,23654.69921875,348200,valid,23645.0296875,23669.88984375,23892.1599609375,23705.171015625,24674.8590625,25006.98734375,23701.839183125863,23802.329205117298,24018.428157800714,24690.26472985543,-0.00018178203854768427,-0.0014732368296840326,-0.02967419127070936,-0.08383830047519925,-0.09258237104320832,-0.041034793826779326,0.13089091086264282,0.20392338644962266,40.966391311597235,0.4868041785101907,-94.52026262519212,-55.42679043082599,-39.09347219436613,-1.5732729861223205,-671.951171875,298.26060267857144,24472.873822327943,23311.446099547058,0.048611248404487585,426595.0,0.8162308512758002,0.011915140947398983,-3506800,-0.009938856201186385,-0.0021291471317263686,-0.05407641098110832,-0.10155711131674577,0.05925731503522445,0.0072298398600955235,0.011049107014793723,False,False,False,False
2026-05-22,23671.19921875,23835.650390625,23671.0,23719.30078125,336100,valid,23660.18984375,23624.2048828125,23869.4724609375,23690.548046875,24650.32806640625,25002.179345703124,23705.33150275069,23794.421736177555,24006.697672445785,24680.603397033487,0.002731024474358801,0.003205988167995333,-0.018770903354571766,-0.06816315697518238,-0.08629593092124266,-0.05357886406383516,0.12901915558080768,0.20233931172204594,39.13336460320863,0.41494084120404134,-89.16160670068712,-62.173753684798214,-26.987853015888902,-2.5138700179796136,-456.849609375,290.2822265625,24439.333383359746,23299.611538515255,0.0477480952588982,420025.0,0.8001904648532825,-0.034750143595634664,-3170700,-0.006291369863043993,0.0012136795787969742,-0.051310669630629586,-0.09910344179893826,0.06215017268722914,0.0006975358193065166,0.006955726623878867,False,False,False,False
2026-05-25,23940.25,24054.44921875,23922.849609375,24031.69921875,351200,valid,23736.53984375,23645.78984375,23876.1599609375,23690.621015625,24628.8735546875,24998.23234375,23770.605045950553,23817.019591660646,24007.67812524203,24674.146639040617,0.01317064277657587,0.016141683708028598,0.005596714545491599,-0.06020631690863765,-0.07159033512215862,-0.03949278298172898,0.13200525132450042,0.20412517554287343,49.973345784569666,0.8790269859927238,-59.02646978888515,-61.5442969056156,2.5178271167304516,-1.2124610957070736,215.849609375,297.2749720982143,24450.549179587877,23301.770742287124,0.04811403672869536,415665.0,0.8449111664441317,0.04492710502826536,-2819500,0.006514416810197648,0.014397182872498034,-0.03866405879060693,-0.08723805505222541,0.07613937318677097,0.009315165771018822,0.005497002302607534,False,False,False,False
2026-05-26,24004.099609375,24089.80078125,23885.44921875,23913.69921875,387900,valid,23795.6796875,23699.2046875,23867.2099609375,23683.6630078125,24606.58955078125,24993.5255859375,23799.223880510446,23826.227175192966,24003.992677928618,24666.5799980427,-0.004910181295375682,0.012520078700567261,-0.0074296366038012485,-0.06997630697507096,-0.08744801601894414,-0.04136024935660387,0.12984351048586346,0.20382820750555783,38.939672257439234,0.4263136745352929,-44.156758877488755,-58.06678929999023,13.910030422501478,-1.0855788354823148,534.1484375,286.2572544642857,24432.905066577063,23301.514855297937,0.04740353870983774,413545.0,0.9379874016128837,0.1044988610478359,-3207400,0.0019478295908313997,0.009712864554001485,-0.043204243573986174,-0.09171988168143869,0.07085533376533201,-0.0011484668280745728,0.008513194238711991,False,False,False,False
2026-05-27,23880.349609375,23983.19921875,23858.25,23907.150390625,531600,valid,23845.309765625,23748.659765625,23862.78251953125,23684.4690234375,24585.238046875,24989.21958984375,23820.80918253336,23833.934148091255,24000.194941171612,24659.023484536057,-0.00027385257567613674,0.010488625496639647,-0.0036901957854100775,-0.05968616978739494,-0.08805462108681017,-0.03146787937513362,0.12911212866820307,0.20274602604987402,38.89327858849324,0.48281809542771115,-32.52590318334842,-52.95861207666187,20.432708893313453,0.38336142840800225,494.55078125,281.0322265625,24425.622260841043,23299.94277822146,0.047173018557171015,412420.0,1.288977256195141,0.37045630317092026,-3739000,0.0018592916001071954,0.009401999553679648,-0.04330144026020443,-0.09196861653127568,0.0705620772740038,-0.001394581786361668,0.0052323027423747245,False,False,False,False
2026-05-29,23902.150390625,24002.80078125,23484.75,23547.75,1198000,valid,23823.919921875,23734.4748046875,23831.2875,23682.641015625,24561.29455078125,24984.131591796875,23766.19734602669,23806.678514939704,23982.452002302136,24647.966036928734,-0.015033175629577955,-0.004521267328786216,-0.026053002688352533,-0.07592465417443339,-0.10133207512572762,-0.05100859649103473,0.13591759586922447,0.20466577221067722,35.01951358967172,0.3020032028370394,-51.712860473595356,-52.709461756048576,0.99660128245322,0.7194287876775229,-141.849609375,303.75013950892856,24390.42418706387,23272.15081293613,0.046924589119565645,445765.0,2.6875147218826063,1.253574115876599,-4937000,-0.01189769961022872,-0.005695775886481666,-0.057491755777834885,-0.10561921179612971,0.054468129543977846,-0.0002091424497819159,0.02167381481513864,False,False,False,False
2026-06-01,23654.5,23733.69921875,23357.94921875,23382.599609375,421700,valid,23756.5796875,23708.384765625,23800.53994140625,23687.271015625,24535.73205078125,24977.43083984375,23689.477798696353,23766.290047743067,23958.928379050092,24635.375326206806,-0.007013425513053284,-0.014195240196168024,-0.025625580605312392,-0.08291126082158473,-0.10670755911960494,-0.04986243832025705,0.13566411283232613,0.20497096442429402,38.61214641408697,0.46969574961310556,-79.33044665713896,-58.03365873626666,-21.296787920872305,-0.12813613396432944,-260.900390625,303.6572265625,24388.09147333849,23212.98840947401,0.04937295820840315,441575.0,0.9549906584385438,-0.6479966611018364,-5358700,-0.017560119772919516,-0.012862241752079716,-0.06385089165874862,-0.11189188483450342,0.04707269586153256,0.004533341826713805,0.01588492675812213,False,False,False,False
2026-06-02,23229.150390625,23556.94921875,23229.150390625,23483.55078125,511900,valid,23646.95,23691.744921875,23768.75244140625,23688.766015625,24509.2715625,24971.60083984375,23648.29239520708,23739.36249855325,23940.286120312834,24623.91438546097,0.00431736306319519,-0.022809391566965154,-0.02635855847422508,-0.06732289392310531,-0.0979036928875493,-0.055107686061869776,0.13522161371493654,0.20396956237317088,53.31865797779251,1.0,-92.01102101994911,-64.82913119300315,-27.181889826945962,-0.8697860306742244,-166.3984375,293.6821986607143,24352.469129034464,23185.035753778036,0.04911630840256912,446215.0,1.1472048227872214,0.21389613469290958,-4846800,-0.011999016812485948,-0.008662976967210514,-0.05958969423455923,-0.10805759966196392,0.051593288843125445,-0.006562538867084573,0.014111528945858286,False,False,False,False
2026-06-03,23415.94921875,23459.650390625,23151.5,23405.599609375,450100,valid,23545.330078125,23670.5048828125,23737.3923828125,23685.255,24481.86205078125,24965.757841796876,23599.753838040666,23707.57555672675,23919.318021844683,24611.79185037554,-0.0033193946094914883,-0.021247219208001655,-0.026097714435528108,-0.05871942697167387,-0.09929963790598784,-0.06381909457447621,0.1351650626153827,0.20265467926926997,49.78285157565902,0.8067775013334056,-107.11571241081037,-73.2864474365646,-33.829264974245774,-1.0061978582908582,-212.400390625,294.51450892857144,24328.72165298311,23146.063112641892,0.04982259724524515,450555.0,0.9989901343898081,-0.12072670443445987,-5296900,-0.013977642029363826,-0.011807151353236477,-0.062491923630289686,-0.11101830845762287,0.04810263574876219,-0.0028786772123905215,0.013159850482518677,False,False,False,False
2026-06-04,23282.44921875,23465.30078125,23247.30078125,23416.55078125,412500,valid,23447.21015625,23646.2599609375,23691.6724609375,23678.03,24452.74205078125,24959.85984375,23563.113226682533,23679.85891144325,23899.60165946842,24599.89890441409,0.00046788683297016576,-0.020521040833347715,-0.03758170013339812,-0.04346109020444844,-0.100531011427474,-0.05678067855168756,0.12541612737286545,0.2003827066018073,39.855157650302964,0.26425520002838976,-116.85558269668763,-82.00027448858921,-34.85530820809842,-0.9868876898685208,-242.44921875,284.04310825892856,24228.67336126849,23154.67156060651,0.04533246027408063,449720.0,0.9172373921551188,-0.0835369917796045,-4884400,-0.01161259004154807,-0.011043115442880969,-0.06183163976725808,-0.11060236562939857,0.04859302917163044,-0.005261578112943225,0.009363276086282133,False,False,False,False
2026-06-05,23478.94921875,23516.349609375,23282.650390625,23366.69921875,366200,valid,23411.0,23617.4599609375,23643.67490234375,23685.3209765625,24423.90603515625,24954.8768359375,23523.83042509603,23650.034178805796,23878.703524538283,24587.628260775644,-0.0021289028843615165,-0.007688665849178822,-0.039460885755358444,-0.05649708469330117,-0.10767973834272293,-0.05598435887105235,0.12525504513094596,0.19874754030342912,39.7443504991707,0.2581998813324951,-127.131610468281,-91.02654168452757,-36.105068783753424,-1.0640222764417007,-288.0,284.37876674107144,24108.453891671135,23178.895913016368,0.039315291827271004,446000.0,0.8210762331838565,-0.11224242424242425,-5250600,-0.011714578412101894,-0.013452287943565878,-0.06364197377645903,-0.11249580681855442,0.04636067644730562,0.0026647151445533734,0.009953563789105634,False,False,False,False
2026-06-08,23080.69921875,23267.30078125,23070.150390625,23123.0,375700,valid,23359.080078125,23557.8298828125,23591.0173828125,23685.4909765625,24393.34904296875,24947.56658203125,23443.664340076823,23599.84044749096,23849.068092203448,24573.054845245537,-0.010429338627102713,-0.011102256109749131,-0.0435615419993991,-0.054291404091342255,-0.10930241061370005,-0.06888246715265667,0.12801918724374806,0.19821557046543065,33.39537036353207,0.0,-153.17422961447664,-103.45607927051739,-49.71815034395925,-2.2655226340927315,-596.30078125,278.521484375,24040.158923840925,23141.875841784076,0.038077335431548745,447990.0,0.8386347909551553,0.02594210813762965,-5626300,-0.019838796064534293,-0.023748335093374387,-0.07313605421321585,-0.12175188858221729,0.03544782662655242,-0.012239640580921534,0.008541785877303124,False,False,False,False
2026-06-09,23259.05078125,23279.400390625,23104.44921875,23242.099609375,402600,valid,23310.78984375,23478.869921875,23562.3298828125,23700.0799609375,24364.3625390625,24941.340078125,23403.35139393646,23565.76989147992,23825.265406602335,24559.811509565236,0.005150698844224255,-0.010281714810682852,-0.02409109939013665,-0.03270973492732532,-0.10052577113010897,-0.06095179760546543,0.12122339948282368,0.19559048339412327,38.77174784344703,0.2698539309379205,-162.33159224765768,-115.23118186594544,-47.10041038171224,-1.7442606458844767,-789.599609375,277.08217075892856,24024.121181723523,23100.538583901478,0.0391974224287451,448615.0,0.897428752939603,0.07159968059622046,-5223700,-0.013590772857784837,-0.019324000269929163,-0.0681294775432027,-0.11722829704979548,0.040781106550412435,0.005883785894996324,0.0075218534720271025,False,False,False,False
2026-06-10,23233.94921875,23425.349609375,23184.599609375,23214.94921875,380000,valid,23272.659765625,23408.994921875,23554.0998046875,23706.1309375,24337.74353515625,24934.318076171876,23365.67095889917,23532.358398838973,23801.331438451263,24546.429795228767,-0.0011681556778996294,-0.008145503375552754,-0.007040407407314597,-0.04314020540593544,-0.09872858068367107,-0.06075473221872418,0.10299820619846534,0.19443486177289984,36.625417084339276,0.16212418268234235,-169.82207456285687,-126.14936040532774,-43.67271415752913,-2.126334022875953,-698.75,273.3071986607143,24035.075492855187,23073.12411651981,0.040840082376824155,445240.0,0.8534722846105471,-0.05613512170889223,-5603700,-0.014398792089265281,-0.020719607094256492,-0.06895592059784326,-0.11825951182688589,0.03956531219134492,-0.0003506735949841827,0.01036199217504154,False,False,False,False
2026-06-11,23104.400390625,23327.44921875,23072.05078125,23161.599609375,363000,valid,23221.66953125,23334.43984375,23541.5498046875,23703.2339453125,24312.5265234375,24926.9695703125,23324.856688994336,23497.048037937642,23776.24391574239,24532.650390394403,-0.0022980713363744965,-0.010887648409736883,-0.010720723208348604,-0.029549354503954905,-0.10567970366343793,-0.05626567752368339,0.10300597628727276,0.1917335083636045,35.5743199616941,0.10936696996746727,-178.01120106122835,-136.52172853650788,-41.48947252472047,-3.6206329042938856,-745.55078125,272.7427455357143,24050.364259119866,23032.735350255134,0.04322692929341914,442620.0,0.8201165785549681,-0.044736842105263186,-5966700,-0.016139557440557537,-0.022850651400021776,-0.07082168395792558,-0.12028581436887742,0.037176316945108735,-0.004761967260118455,0.011054103685098541,False,False,False,False
2026-06-12,23412.55078125,23645.349609375,23313.900390625,23622.900390625,351900,valid,23272.909765625,23341.9548828125,23538.21484375,23719.2999609375,24290.85302734375,24920.699326171874,23384.46542932047,23509.03397628882,23770.23044416916,24523.59815159073,0.019916620139797336,0.010964371539024187,-0.0028155485888248233,-0.0006874189525205576,-0.09306459684652968,-0.040507341929446605,0.11867060133785526,0.19522593743105338,47.711077370843775,0.718541401624147,-145.5996429638144,-138.3373114219692,-7.262331541845214,-1.2160344807590207,75.150390625,294.37123325892856,24043.807657200752,23032.622030299248,0.04295931673722487,438780.0,0.8019964446875427,-0.03057851239669418,-5614800,0.0035977896980359234,-0.0040641827739965886,-0.052077147537505815,-0.1027648811020712,0.0578333636676985,0.01083479449206193,0.014156903356956813,False,False,False,False
2026-06-15,23984.849609375,24011.400390625,23817.80078125,23853.900390625,398900,valid,23419.08984375,23389.0849609375,23548.73486328125,23749.7499609375,24272.0690234375,24915.065576171874,23478.352421581378,23541.87839670179,23773.51161853998,24516.934492277636,0.009778646829145199,0.03160923715024011,0.008898868214308298,0.030357123121935947,-0.08350464033484073,-0.03624110581204387,0.12347139982884163,0.19136021036310355,45.60861364502482,0.613013450287738,-100.11936647195034,-130.69372243196543,30.574355960015083,-0.22273670901774567,471.30078125,298.1820591517857,24071.998593902492,23025.471132660008,0.04444092081032764,438280.0,0.9101487633476316,0.1335606706450696,-5215900,0.012958892658797749,0.00438532741855392,-0.04259130614377128,-0.09399113575166218,0.06817754253509173,0.015321963550828136,0.00807174581154461,False,False,False,False
2026-06-16,23923.900390625,24002.599609375,23888.19921875,23989.150390625,327300,valid,23568.5,23439.644921875,23565.694921875,23775.9449609375,24255.30453125,24909.75857421875,23580.512015390104,23584.475729456382,23781.968040974683,24511.682909176616,0.005669932287180934,0.03214213835262392,0.014342575061686569,0.024791941065167578,-0.07234887904576093,-0.0405510671275896,0.12483482432431574,0.19039771169769815,51.84779499620693,0.9261736812687086,-52.55653598433855,-115.06628514244005,62.5097491581015,1.874490728944389,505.599609375,294.20689174107144,24123.61248703557,23007.777356714432,0.04734997775454343,435045.0,0.7523359652449747,-0.1794936074204061,-4888600,0.017969148380891725,0.00896727469876733,-0.03695773208121606,-0.0888541268397885,0.07423403687195292,0.0029345305737719617,0.004781845299348839,False,False,False,False
2026-06-17,24044.5,24108.19921875,23969.69921875,24085.69921875,352700,valid,23742.65,23507.6548828125,23589.0798828125,23803.396953125,24239.21802734375,24904.7683203125,23681.549456062083,23632.2112998653,23793.87906755411,24507.44426549078,0.004024687267071059,0.03750815872113655,0.01980265978279272,0.021396277101289662,-0.06711653094636261,-0.040532682353889515,0.12509779144037175,0.19000475490435778,54.18803434465785,1.0,-6.99137440163031,-93.45130299427811,86.4599285926478,3.0069351617050266,680.099609375,295.1748046875,24193.49757818978,22984.66218743522,0.0512455507700978,430580.0,0.8191276882344745,0.07760464405743961,-4535900,0.021052933747506896,0.0118597470008556,-0.03288804340711185,-0.0851870496456363,0.07855749292200576,0.0023072767677770997,0.005760153049553952,False,False,False,False
2026-06-18,24073.80078125,24189.25,24036.94921875,24168.0,340000,valid,23943.930078125,23582.7998046875,23614.5298828125,23827.391953125,24225.04302734375,24901.257822265627,23778.839564849666,23683.238795116224,23808.550476669636,24504.066710610277,0.0034169978003351087,0.0434512472194557,0.021514011581216463,0.01641023164167854,-0.06382009027080793,-0.03729448201001817,0.12536913232506539,0.18939566666876922,66.72234321750082,1.0,35.3528045381172,-67.69048148779905,103.04328602591625,2.914589983114846,751.44921875,269.0498046875,24271.889704828045,22957.170060796958,0.05567418240191126,430375.0,0.790008713331397,-0.03600793875815145,-4195900,0.02343769365446203,0.014294810256408667,-0.02944661781743327,-0.08206113580655743,0.08224292150285512,-0.0004940042384460826,0.006326411962693495,False,False,False,False
2026-06-19,23991.19921875,24047.19921875,23901.900390625,24013.099609375,447900,valid,24021.969921875,23647.43984375,23632.44990234375,23845.1809375,24212.8490234375,24896.4845703125,23825.691573754735,23714.654110759915,23816.572011285534,24499.181465821865,-0.006409317718677587,0.016517837026686744,0.015151340006932523,0.04395020472355626,-0.0752241647615981,-0.044878199452673795,0.12812842761642318,0.17713217202495127,67.09316265021963,1.0,55.76883602750968,-42.99861798473731,98.76745401224699,2.5955327363485603,646.400390625,261.21763392857144,24313.532771323476,22951.367033364022,0.05763963294488404,435360.0,1.0288037486218302,0.3173529411764706,-4643800,0.01610707770900637,0.007042038066942172,-0.035482317129659366,-0.08794449763349524,0.07530648277015346,-0.00731549078326713,0.006056338693208952,False,False,False,False
2026-06-22,24106.599609375,24168.05078125,24073.150390625,24102.900390625,252800,valid,24071.769921875,23745.4298828125,23651.6298828125,23847.291953125,24202.30302734375,24893.438818359376,23881.133337128787,23751.629946937544,23827.8005751812,24495.238370546274,0.0037396580495980825,0.010438544469560274,0.016172467009577085,0.042761054343593896,-0.07907184549802693,-0.03155305939263697,0.12838158589179285,0.17703434566656134,66.89300269024852,0.9940601461879692,78.29235508868805,-18.740423370052234,97.0327784587403,2.9310448656023613,979.900390625,248.87137276785714,24363.901867709086,22939.357897915914,0.0602302664489258,431195.0,0.5862776701956192,-0.43558830096003576,-4391000,0.01907989047894055,0.010718551943022766,-0.03175689921760989,-0.08453372193239012,0.07932776131422989,0.0038937080810465836,0.003936697508681127,False,False,False,False
2026-06-23,24071.30078125,24135.5,23784.94921875,23824.099609375,340100,valid,24038.759765625,23803.6298828125,23641.24990234375,23848.271953125,24187.64501953125,24890.054814453124,23869.726591578034,23758.531819550633,23827.655439267233,24488.560372922682,-0.011567105067506356,-0.006880226209032503,-0.008638573888817058,0.05825387930761505,-0.08988949317007067,-0.03618732509671563,0.12687319525936494,0.17002405544429383,60.28759086238849,0.7980410191287308,72.80624809857181,-0.43108907632742444,73.23733717489924,1.957488245742356,582.0,250.19280133928572,24336.03684943737,22946.46295525013,0.05877751387626425,430640.0,0.7897547835779305,0.34533227848101267,-4731100,0.007734350247409046,-0.0010135889005925636,-0.04282655112752691,-0.09512301655655717,0.06684306369683174,-0.0013110293310298416,0.014563017779373875,False,False,False,False
2026-06-24,23795.80078125,24090.05078125,23789.25,24021.650390625,395600,valid,24025.95,23884.3,23646.6474609375,23847.69296875,24177.37501953125,24888.028818359377,23900.111351387426,23783.590731081527,23835.26308441852,24483.91450245206,0.008292056551520766,-0.0026592056781619133,0.0045141979451828185,0.048412649093452,-0.08111242977551703,-0.03707332128254459,0.1292852602608187,0.16712166631334205,63.624665662224075,0.8970704977202381,83.43735197413844,16.34259913376575,67.09475284037269,3.8863918636206307,806.701171875,256.10714285714283,24351.94404095777,22941.35088091723,0.05965298727317406,431025.0,0.917812191868221,0.16318729785357244,-4335500,0.015858608722736568,0.007294517843002769,-0.03481105048766527,-0.08761972543767467,0.07568938671260347,-0.0011878236151205543,0.012640918623214278,False,False,False,False
2026-06-25,24125.849609375,24261.599609375,24039.0,24056.0,448800,valid,24003.55,23973.7400390625,23654.08994140625,23851.9599609375,24166.181015625,24885.183564453124,23931.289081109942,23809.534470978524,23843.919434049167,24479.656646706266,0.0014299437722400388,-0.004634227077126796,0.006226154390753802,0.03216065966183246,-0.07627209277454094,-0.03208415661809361,0.12933397548433725,0.1636180656052321,65.62968329831747,0.956570467897379,93.55585117751252,31.785249542515103,61.77060163499742,3.5018367716516563,894.400390625,256.55357142857144,24373.951832699142,22934.22805011336,0.060865743985591206,426885.0,1.0513370111388314,0.134479271991911,-3886700,0.01699114443165319,0.008554434914223301,-0.03332037163019199,-0.08631507294614968,0.0772275620519978,0.004337721058111234,0.009226601880519913,False,False,False,False
2026-06-29,24061.75,24120.0,23924.55078125,23946.25,588500,valid,23990.180078125,24006.075,23674.01494140625,23846.2589453125,24152.216015625,24882.01681640625,23934.281264887955,23822.554997551997,23847.932397419787,24474.349117883317,-0.004562271366810755,-0.002783880900943836,0.016923060589652872,0.04937204902412651,-0.0769347754972669,-0.03489436600316287,0.11763608289362182,0.15778529121697937,69.87420197467065,1.0,91.66230096730578,43.76065982747324,47.90164113983254,3.150128713869216,323.349609375,249.33217075892858,24403.479724473676,22944.550158338825,0.061625777027924364,396410.0,1.4845740521177568,0.3112745098039216,-4475200,0.011499319370522385,0.004193154780245111,-0.03760815786400562,-0.09048355152713405,0.07231295759010858,0.00023902560691719323,0.00812281811381134,False,False,False,False
2026-06-30,24032.05078125,24035.55078125,23829.19921875,23865.75,449000,valid,23942.75,24007.2599609375,23698.1724609375,23839.6389453125,24136.68451171875,24877.7703125,23920.575011910365,23826.66880730895,23848.631126932734,24468.293405267563,-0.0033616954637991636,-0.009839081055873278,0.020662817594981453,0.06870816798480495,-0.07992257330586183,-0.03740937553568002,0.11507854035083846,0.15111317755003326,65.34155498348656,0.8678524028313195,82.71251318475697,51.55103049892999,31.161482685826982,3.040163039257382,11.849609375,251.57505580357142,24418.951623145367,22977.393298729636,0.06082993643463017,397775.0,1.1287788322544152,-0.23704333050127446,-4924200,0.007071327518555376,0.001095278948955431,-0.04067970319637144,-0.09354106884621599,0.06870816798480489,0.0035830571070626926,0.008586514916196714,False,False,False,False
2026-07-01,23897.650390625,24049.900390625,23895.099609375,24005.849609375,352100,valid,23979.1,24008.9298828125,23724.28740234375,23832.684921875,24123.53650390625,24874.128056640624,23937.62993140329,23843.733645600958,23854.796557616748,24463.691974462665,0.0058703208311072785,0.00762882975558421,0.022241050043506183,0.05848696155557609,-0.08127755617189114,-0.04406391918086405,0.11579350608583035,0.14843871423281824,68.43159334982253,0.9579412948329576,85.93401566213288,58.42762753157057,27.506388130562307,1.621093144438679,16.69921875,247.5322265625,24450.154624098133,22998.420180589368,0.06119190932433851,389785.0,0.9033184960940005,-0.21581291759465482,-4572100,0.01186809965063201,0.007265848899007604,-0.03490688981292032,-0.08821986410012064,0.07498182780570065,0.0013366598839340896,0.0064776569545401015,False,False,False,False
2026-07-02,24062.19921875,24194.55078125,24058.80078125,24175.69921875,372900,valid,24009.909765625,24017.9298828125,23762.7923828125,23828.9019140625,24114.4094921875,24871.301552734374,23985.243788872634,23875.349414472294,23867.380975700406,24460.826374903336,0.007075342557701703,0.006412916082781717,0.032902366195589394,0.06439454035464642,-0.07537711490088095,-0.031883883862275475,0.116378349017961,0.14895946177207803,72.41597554710334,1.0,101.02793640609525,66.94768930647551,34.08024709961974,1.3490407139097105,90.0,242.76813616071428,24499.10658353314,23026.478182091858,0.06197202659172436,385925.0,0.9662499190257174,0.059074126668560156,-4199200,0.017376191707004718,0.014553641873142327,-0.027968071253106533,-0.08176870730132109,0.08258769248073039,0.0023473282675649937,0.005641628961920465,False,False,False,False
2026-07-03,24375.650390625,24378.150390625,24252.349609375,24270.849609375,326600,valid,24052.8796875,24028.21484375,23805.50732421875,23822.7869140625,24099.84248046875,24868.790048828127,24042.36495297311,23913.016099701123,23883.203275060194,24458.936058828425,0.003935786500487426,0.008931227526396635,0.036482692780229975,0.05671305429778073,-0.07815474497519259,-0.03088521011982881,0.11656385380905501,0.14757997757961175,67.08860629087357,0.8012721551755262,119.29268682336988,77.41668880985439,41.875998013515485,1.1742775970093877,102.849609375,222.67536272321428,24556.226408941297,23054.788239496203,0.06307104272117701,381630.0,0.8558027408746692,-0.12416197371949589,-3872600,0.01954767352018706,0.01880815611241561,-0.0240438090586278,-0.07815474497519254,0.08684852650638986,0.008270750312773722,0.005160919985067706,False,False,False,False
2026-07-06,24306.849609375,24458.650390625,24287.099609375,24430.349609375,329400,valid,24149.699609375,24069.93984375,23858.68984375,23823.8319140625,24086.3859765625,24866.598798828127,24119.961884253487,23962.2859577653,23904.65999405293,24458.65161654531,0.006571669412775316,0.020216092681526243,0.04551992477275091,0.056509210123665055,-0.06933067880025778,-0.0322601883807524,0.1167469347228583,0.14754788909908526,65.79874270395732,0.6782781623891555,144.96686237168615,90.92672352222075,54.04013884946539,1.4309337150432366,417.25,208.33970424107142,24628.967805201086,23088.41188229891,0.06457001339936264,379790.0,0.8673214144658891,0.008573178199632547,-3543200,0.023960232911731025,0.02545844419572536,-0.017543580969090377,-0.07209668270943392,0.09399093572435184,0.0014832608078991364,0.007057713525484353,False,False,False,False
2026-07-07,24464.44921875,24530.900390625,24348.94921875,24398.69921875,412600,valid,24256.289453125,24099.5197265625,23922.4748046875,23828.3448828125,24073.9449609375,24863.726796875,24175.709351152793,24003.849125478126,23924.03408129595,24458.055075273718,-0.0012955357222089736,0.02233113221876537,0.0551701430934568,0.016724747353691338,-0.06799421106168291,-0.0450233191612196,0.107740731524389,0.12606069543505877,61.900286597996654,0.4231005667444283,160.905095673108,104.9223979523982,55.98269772070981,0.9545647912528876,295.798828125,210.71484375,24646.107280329343,23198.842329045656,0.06049812835418274,381635.0,1.0811377363187338,0.2525804493017607,-3955800,0.01990698779915474,0.02393596108930332,-0.01870305211781226,-0.07329881460374009,0.0925736313873481,0.0013957888413481598,0.007437370457355292,False,False,False,False
2026-07-08,24259.55078125,24300.0,23805.19921875,23882.05078125,420500,valid,24231.5296875,24105.31484375,23954.47236328125,23828.0269140625,24055.8284765625,24858.10955078125,24116.977637172236,23992.249283170684,23922.387677372582,24452.323689263532,-0.02117524515827318,-0.005157027563675642,0.027534137734134267,0.004498453156125848,-0.08640529513307771,-0.06848286305758544,0.13651558459138433,0.1321411786487519,45.24375157373854,0.0,130.34451882182475,110.00682212628351,20.33769669554124,-0.545738910248128,57.951171875,243.21484375,24604.25866486888,23304.686061693617,0.05425177325831318,382530.0,1.0992601887433666,0.0191468734852156,-4376300,-0.003023301074343892,0.002267240480394885,-0.039265205084775795,-0.09292193939296828,0.06943811688925619,-0.0057031088523386,0.02039612298313567,False,False,False,False
2026-07-09,23928.94921875,24134.69921875,23925.69921875,23962.80078125,384800,valid,24188.95,24099.4298828125,23991.86494140625,23825.4289453125,24036.7834765625,24852.3535546875,24086.14226598779,23989.444663940143,23923.972504975616,24447.45281455693,0.0033812004144717633,-0.008806299068069179,0.032214223492506466,-0.003650587908451852,-0.07396761418096098,-0.060910252259327224,0.13633804251670034,0.13015162103745057,45.20405871515408,0.0,111.35723474948827,110.27690465092446,1.080330098563806,-0.5812562268626142,-58.849609375,250.38253348214286,24540.69458854424,23443.03529426826,0.04575131182826857,382770.0,1.0053034459335894,-0.08489892984542213,-3991500,-0.0012114172961222797,0.005765765487488889,-0.03579350227253294,-0.08985492667848546,0.07305410149333412,0.001963752524001011,0.008734190460659005,False,False,False,False
2026-07-10,24124.69921875,24228.44921875,24120.349609375,24206.900390625,313100,valid,24176.16015625,24114.519921875,24044.12998046875,23829.65296875,24019.5009765625,24848.042060546875,24110.293890915233,24010.154733148225,23935.067716177553,24445.0592580999,0.01018660596494203,-0.0026348158296567448,0.04513076811961203,0.01527724451905832,-0.05748483823009387,-0.052263362401798186,0.13875832942272212,0.13054722319754505,54.34823381759031,0.33603568461961997,114.68446267999752,111.15841625673909,3.5260464232584354,1.6067796371173948,150.900390625,250.35030691964286,24436.969427833363,23651.29053310414,0.03267653665852897,380275.0,0.8233515219249228,-0.18633056133056136,-3678400,0.00676965272972939,0.01583100779393298,-0.025802502602000368,-0.08058363744562588,0.08398488080431168,0.006756240181518327,0.0044808686895869655,False,False,False,False
2026-07-13,24039.400390625,24259.80078125,24000.19921875,24211.0,322700,valid,24132.290234375,24140.994921875,24073.5349609375,23830.3199609375,24002.07248046875,24842.9015625,24130.435112732186,24029.282853800774,23945.888590052946,24442.73031025811,0.0001693570555851842,-0.00897857021623738,0.024895317664227035,-0.0008377916412026787,-0.06123438120995339,-0.04881078251071713,0.12211057627992943,0.12620891027171202,52.522392861993254,0.26893857540556576,116.31135411210562,112.1890038278124,4.122350284293219,0.7882456296545604,264.75,257.82533482142856,24418.773742593956,23728.296179281046,0.02868201800995581,378815.0,0.8518670063223474,0.030661130629191957,-3355700,0.0057102141121174975,0.0159746088045191,-0.025435900106525623,-0.08042792779760684,0.08416846129202356,-0.00691951457217011,0.010799003231430043,False,False,False,False
2026-07-14,24068.0,24157.099609375,24023.69921875,24052.05078125,355800,valid,24062.960546875,24159.625,24083.44248046875,23831.4099609375,23984.52099609375,24836.51056640625,24114.75824643575,24031.451227843558,23950.051813237144,24438.84295176052,-0.006565165369047166,-0.014207660596660232,0.008306833992770324,-0.005980109673819789,-0.06529730917898813,-0.05326644276531245,0.12075966100395662,0.12689748881313984,55.63413529725831,0.38329077097054665,103.58078887672309,110.46736083759455,-6.886571960871464,-0.01641677232291361,186.30078125,246.16462053571428,24413.166663239583,23753.71829769792,0.027381814957577744,376660.0,0.9446184888228111,0.10257204834211331,-3711500,-0.0013034556519156085,0.009258403958228056,-0.03158494358774002,-0.08646507052037289,0.07705071605573605,-0.005906406179009541,0.005542645447274389,False,False,False,False
2026-07-15,24085.849609375,24220.349609375,24010.55078125,24078.5,306900,valid,24102.250390625,24166.8900390625,24087.9099609375,23830.5939453125,23970.595,24829.785068359375,24107.506597148604,24035.93206328703,23955.088997031766,24435.25744975295,0.0010996658451518648,0.008225810276906165,0.0037245841524224943,-0.011294073037668273,-0.06183762053216446,-0.05429873139311103,0.11921494991246988,0.12618861506507326,51.534944549620576,0.23265122679757194,94.53620064243296,107.28112879856224,-12.744928156129276,0.5522785404812769,72.650390625,239.66448102678572,24414.66270396623,23761.15721790877,0.027130020293052677,375640.0,0.8170056437014163,-0.13743676222596968,-3404600,-0.0003906507850934566,0.01040284834093546,-0.03025741327566861,-0.08546048736007088,0.07823511194167895,0.00140523685204208,0.008710459939239155,False,False,False,False
2026-07-16,24142.099609375,24186.5,24050.0,24072.75,264300,valid,24124.240234375,24156.5951171875,24087.2625,23831.3929296875,23954.495,24823.513564453126,24100.555277718882,24039.43853345017,23959.703154010913,24431.650410451926,-0.00023880225097083763,0.004588329208830677,-0.0005376310080265068,-0.011988566071945206,-0.06311113665174595,-0.05453573614245766,0.11836443756320707,0.12618203562700536,50.4593455611236,0.19312446375697176,85.91395971080783,103.00769498101137,-17.09373527020354,0.8673517488451132,-102.94921875,232.27525111607142,24414.084997948798,23760.440002051204,0.027136541393925257,371220.0,0.7119767253919509,-0.13880742913000976,-3668900,-0.0006024968590764819,0.010127694634745192,-0.030244049155402682,-0.08567888145429102,0.07797762696987155,0.0026413443268891333,0.0056540235608585395,False,False,False,False
2026-07-17,24127.599609375,24367.30078125,24099.05078125,24334.30078125,387800,valid,24149.7203125,24162.940234375,24095.5775390625,23831.4599609375,23940.58400390625,24819.1733203125,24147.304378425106,24067.520652288247,23974.393257039897,24430.68175742504,0.010865014643113069,0.0052629782652529045,0.006881031994786513,-0.009858924016183823,-0.04890266825936562,-0.04655496987951813,0.12403328101210283,0.126910714565411,59.82383725069817,0.5372564757503279,99.04401606397005,102.21495919760312,-3.170943133633074,1.3682130698124961,63.451171875,239.35393415178572,24439.085161146188,23752.06991697881,0.02851208870398,373610.0,1.0379807820989801,0.46727203934922446,-3281100,0.009907346765210162,0.021099874751136265,-0.01953620826950232,-0.07574476911278438,0.08968986967184747,0.002278493706576939,0.01111797295806289,False,False,False,False
2026-07-20,24190.05078125,24266.099609375,24135.849609375,24238.5,353100,valid,24155.2203125,24143.7552734375,24106.84755859375,23829.696953125,23924.7755078125,24814.5183203125,24165.543502740085,24083.80439968937,23984.750384214803,24428.769501132254,-0.003936861885253551,0.0011358473421172466,0.009386559598370203,-0.005726435268207486,-0.03939363915585059,-0.04857884952371494,0.1225419132797621,0.12608491374645914,59.363941993488105,0.5203559663135907,100.56016295246809,101.88399994857613,-1.3238369961080423,0.25976821055622157,-191.849609375,238.78962053571428,24453.735077050682,23759.960040136815,0.02877916887422079,368870.0,0.9572478108818825,-0.08947911294481692,-3634200,0.005461205206788609,0.01715519285365441,-0.02321295593479195,-0.07938343430351052,0.08539991115718941,-0.005927846511667478,0.005384445083553043,False,False,False,False
2026-07-21,24216.05078125,24262.19921875,24135.650390625,24187.69921875,315600,valid,24182.35,24122.6552734375,24111.0875,23829.9279296875,23912.10900390625,24810.172314453124,24169.97464594207,24093.69914436181,23992.709162039715,24426.37079185482,-0.002095871495760848,0.005639786758048437,0.003518200164739582,0.0006059821589157188,-0.038549171469740684,-0.04604769352500959,0.12224338074266151,0.12495854208317937,54.782875817933565,0.35200817207897245,96.5495585864519,100.81711167615128,-4.2675530896993905,-0.3425936543765773,-211.0,234.67522321428572,24459.83982757366,23762.33517242634,0.028928792828084613,372010.0,0.8483642912824924,-0.10620220900594735,-3949800,0.0031774476680074483,0.015013527951831807,-0.02508943056959357,-0.08131292832207906,0.08312505242189368,-0.00092618019885719,0.005225824362037769,False,False,False,False
2026-07-22,24150.44921875,24166.30078125,23961.400390625,23996.25,304700,valid,24165.9,24134.0751953125,24119.69501953125,23833.5359375,23896.35900390625,24805.69931640625,24135.229716753656,24084.418273470208,23992.848018430315,24422.090982980644,-0.0079151479856997,-0.003415910459538596,0.0072258928332074035,0.004113356353308895,-0.05115284641866591,-0.04586904602980124,0.1181998034183421,0.1238021868774448,45.33328050906343,0.0059047048362431765,77.03476496821895,96.06064233456482,-19.025877366345867,-1.7768866034091335,114.19921875,237.36077008928572,24446.42610085347,23792.963938209028,0.027092472028161736,370240.0,0.8229796888504753,-0.034537389100126714,-4254500,-0.00511801743062207,0.006827105425174567,-0.03263158623675203,-0.08858447244695894,0.07455195734495561,-0.0015400389951568552,0.008484330405991737,False,False,False,False
2026-07-23,23904.80078125,23990.75,23807.19921875,23869.599609375,344000,valid,24125.269921875,24124.755078125,24112.09248046875,23843.3369140625,23877.925,24801.773818359376,24082.103695277925,24063.959353080187,23988.01474748697,24416.593556377604,-0.0052779242850445884,-0.008439018833535816,-0.006329739163523085,-0.009260050414001464,-0.0470704314549133,-0.048348880848344766,0.11595569221329462,0.12312904117054647,39.73337970903246,0.0,50.76434262523253,87.00138239269836,-36.23703976746583,-2.168556629315699,-93.201171875,236.40359933035714,24455.099827498972,23769.085133438526,0.02845106432036669,367660.0,0.9356470652233041,0.1289793239251722,-4598500,-0.010056898682276251,0.0011014689515631763,-0.03758498145379984,-0.09339485459359782,0.06888055347374253,-0.0038109795801427307,0.0076784066485076135,False,False,False,False
2026-07-24,23666.349609375,23823.599609375,23606.30078125,23767.44921875,333900,valid,24011.899609375,24080.8099609375,24097.66494140625,23850.43390625,23861.35298828125,24797.4365625,24019.17279997234,24035.72029266779,23979.36511890905,24410.13440873952,-0.004279518395644999,-0.023294343552158647,-0.01199496097647157,-0.009512121231360027,-0.055925671489987616,-0.05669006414604372,0.11660047021150265,0.12316441917914385,32.52581188906886,0.0,21.454842761067994,73.89207446637229,-52.4372317053043,-0.47986483049426987,-439.451171875,241.79631696428572,24473.326105746615,23722.003777065882,0.03117822123046288,361915.0,0.922592321401434,-0.0293604651162791,-4932400,-0.013703224916570627,-0.0034793785230990775,-0.0415360410804559,-0.09727468799095089,0.06430625948240448,-0.00851501505371593,0.009181763631131393,False,False,False,False
2026-07-27,23928.400390625,24011.599609375,23891.55078125,23995.94921875,319400,valid,23963.389453125,24059.3048828125,24100.14990234375,23856.5608984375,23846.48748046875,24794.360810546874,24014.528083727877,24031.932571342284,23980.01547576556,24406.013163067983,0.009613989195766948,-0.010006839583720062,0.002075448922065126,-0.007515253506414132,-0.05314343475944794,-0.04823493229691589,0.12095197080569663,0.12377653848405923,40.38162298917485,0.2877794637537514,16.47497998702238,62.40865557050231,-45.93367558347993,0.13833290107698737,-215.05078125,246.23911830357142,24472.23430915337,23728.06549553413,0.030878181946364908,348460.0,0.9166044883200367,-0.04342617550164718,-4613000,-0.004323652923985192,0.005842766730121185,-0.032201337953316,-0.08859589659455062,0.07453848836205536,0.006771916093882997,0.005017001812291405,False,False,False,False
2026-07-28,23971.25,24041.150390625,23954.599609375,23985.349609375,437800,valid,23922.91953125,24052.634765625,24106.1298828125,23863.397890625,23831.37546875,24790.1060546875,24008.692388857304,24027.496098773972,23980.224657475734,24401.82745606606,-0.0004417249460887396,-0.008365806418584087,0.005011349292395995,-0.000508434047550077,-0.056397041540739545,-0.04484407090826814,0.1202757309642721,0.12282794655394293,53.2533022657289,0.7593036529959065,11.54007615422961,52.234939687247774,-40.694863533018165,-0.9152381249761476,-66.701171875,210.02845982142858,24465.996208060442,23746.263557564558,0.02985683118753326,347900.0,1.2584075883874677,0.37069505322479657,-5050800,-0.0050103552094281,0.00511040880720129,-0.032462807683726384,-0.08899848652299243,0.07406383790621338,-0.0010293078437880873,0.003610607759294989,False,False,False,False
2026-07-29,24176.650390625,24283.55078125,24136.75,24250.19921875,424200,valid,23973.709375,24069.8046875,24118.34736328125,23875.402890625,23822.09095703125,24786.88580078125,24056.993754835843,24048.70591972407,23990.811895172767,24400.3187173863,0.011042140877174367,0.010582871021513673,0.010178752818628567,0.005427124056670785,-0.04227581659084623,-0.02876440463301233,0.124782080571291,0.12447465328954435,58.110813462534864,0.9372473369238213,28.669791834756325,47.52191011674949,-18.852118281993164,0.16190664883730665,171.69921875,213.2822265625,24480.463198473914,23756.231528088585,0.030028246109761573,351505.0,1.2068107139301005,-0.031064412973960676,-4626600,0.0054668694120181445,0.01569801061963106,-0.021652037546981116,-0.07893907947186017,0.08592380211545245,0.007975734536520056,0.006072006621187072,False,False,False,False
2026-07-30,24249.55078125,24342.94921875,24187.099609375,24317.150390625,400600,valid,24063.21953125,24094.2447265625,24125.419921875,23889.3858984375,23816.60546875,24783.08330078125,24109.025081993677,24074.27205980987,24003.60948322972,24399.491171846388,0.0027608503860552247,0.01874982356529431,0.005850965078407988,0.011831729974512317,-0.030741298288917585,-0.030830102476655408,0.12270573271742681,0.12434693375473736,53.457086512904056,0.7667688173979296,47.104622197453864,47.438452532890366,-0.3338303354365024,1.1021912924849664,244.400390625,205.439453125,24497.636725595392,23753.203118154608,0.030856814507331787,352890.0,1.1351979370342034,-0.055634134842055594,-4226000,0.007947238612669874,0.01790604806695672,-0.018800441595641284,-0.07639616807383975,0.08892187526374937,-2.6739471051381504e-05,0.006426907070604562,False,False,False,False
2026-07-31,24361.44921875,24429.400390625,24299.69921875,24383.599609375,411700,valid,24186.449609375,24099.174609375,24131.057421875,23903.877890625,23815.63646484375,24779.459794921873,24163.93998746994,24103.73182643512,24018.511056804047,24399.333046846674,0.0027326071386892803,0.025924127783090833,0.004645490446961942,0.002163926698939722,-0.05223782019913292,-0.027026195016655152,0.1223092111391235,0.12185535332093164,55.20850892279328,0.8309281251385935,66.3118529266576,51.213132611643815,15.098720315013779,1.2671038867662077,49.298828125,196.16085379464286,24515.754633368706,23746.360210381295,0.0318839912207887,357145.0,1.1527530834814992,0.027708437343983983,-3814300,0.010465442234249864,0.020068782184423054,-0.01597533557321528,-0.07387232164939765,0.09189747095356988,0.0018217113195170493,0.00532403350516497,False,False,False,False
2026-08-03,24572.69921875,24774.30078125,24515.150390625,24774.30078125,342300,valid,24342.119921875,24152.7546875,24148.25498046875,23926.269921875,23815.72046875,24778.100546875,24286.012146225956,24167.595536417488,24048.149869527417,24403.064069079544,0.01602311299947612,0.032436789868341975,0.01407884771910961,0.018401645250655463,-0.03886170153437307,-0.017668571345374695,0.13291912281639304,0.12616455854759295,69.12077684360749,1.0,111.77160748883762,63.32482758708258,48.446779901755036,2.91429430060961,535.80078125,210.689453125,24611.93200553371,23684.577955403794,0.038402528500712095,357790.0,0.9567064479163755,-0.16856934661161038,-3472000,0.02592509484795477,0.03544350465592946,-0.0001533517719735017,-0.05903287320724338,0.10939306751450124,0.007755196624139736,0.01054627285012537,False,False,False,False
2026-08-04,24703.900390625,24703.900390625,24427.94921875,24614.900390625,296500,valid,24468.030078125,24195.4748046875,24159.0650390625,23944.1819140625,23817.36498046875,24775.266044921875,24351.789795105768,24210.195998722967,24070.375380158697,24405.171893174524,-0.006434102501316152,0.02624730477157322,0.008861176160934514,0.01814805057508817,-0.04008534010748932,-0.017843645413599618,0.13519115813595178,0.12622020380720206,63.266706020224895,0.8400307028397208,133.39877312172757,77.33961669401158,56.05915642771599,1.1531032343908842,427.201171875,220.44321986607142,24656.20026306155,23661.929815063453,0.04115517079781327,351985.0,0.8423654417091637,-0.1338007595676307,-3768500,0.018868087437384842,0.028011751621740875,-0.006472812602944559,-0.06508715215139696,0.10225511880386336,-0.002841670134169087,0.011170348305797169,False,False,False,False
2026-08-05,24669.19921875,24677.599609375,24497.94921875,24624.650390625,355500,valid,24542.9203125,24258.31484375,24196.19501953125,23956.0409375,23823.3309765625,24771.962548828124,24406.361914209614,24249.667845570777,24092.111655078945,24407.3557588208,0.00039610154196334513,0.015441158585842718,0.03109446572142871,0.03396061003557982,-0.04160743141823897,-0.008549728605507956,0.10840139370785283,0.12216240138702324,63.623110010616045,0.8497698565958156,149.60069749938702,91.79183285508668,57.80886464430034,1.5931282489634269,628.400390625,223.525390625,24716.597982533793,23675.792056528706,0.04301527265609096,348735.0,1.0193986838143576,0.1989881956155144,-3413000,0.017707551569488514,0.027909847660945467,-0.005946729408812721,-0.06471683173076281,0.10269172375605853,0.002205933286883445,0.007282376255182838,False,False,False,False
2026-08-06,24641.0,24677.05078125,24604.150390625,24636.0,344000,valid,24606.690234375,24334.9548828125,24229.85498046875,23970.486953125,23827.07498046875,24769.00580078125,24452.289531367693,24286.461384087845,24113.440609781734,24409.63082589721,0.0004609043862535689,0.013112128857743377,0.028093511476202426,0.053741375551050075,-0.04760066740873525,-0.001819236329078766,0.10824414287551849,0.115637355110317,58.49664358651098,0.7096831963005099,161.49504358587728,105.73247500124481,55.762568584632476,1.8534246568705504,766.400390625,207.69321986607142,24773.272450987664,23686.437509949836,0.044855197933041976,346695.0,0.9922265968646793,-0.03234880450070321,-3069000,0.016762172941548192,0.027763851780584596,-0.005369848182483615,-0.06428575561611838,0.10319995920822321,0.0006639529542813148,0.0029584996804106977,False,False,False,False
2026-08-07,24538.900390625,24630.400390625,24522.75,24570.650390625,254800,valid,24644.100390625,24415.275,24248.04248046875,23983.756953125,23834.11298828125,24766.131552734376,24475.961703219153,24313.527003758052,24131.370405108923,24411.23301062087,-0.0026526063230638552,0.007671171781301833,0.015026707018667818,0.049462716681247354,-0.052611994896826886,-0.01009017419419267,0.10394298414159885,0.11586010243918883,59.51746948506573,0.7375784518315074,163.76050209567984,117.33808042013182,46.42242167554802,2.3937089779653142,803.201171875,201.607421875,24812.178707908675,23683.906253028825,0.046530455222876174,343780.0,0.741171679562511,-0.2593023255813953,-3323800,0.013304492946847293,0.024470454676765258,-0.007893084218386671,-0.06676783713735193,0.10027360402082375,-0.003941370732870596,0.0043869280575476585,False,False,False,False
2026-08-10,24581.25,24620.94921875,24511.099609375,24583.80078125,269500,valid,24606.000390625,24474.06015625,24266.68251953125,24004.47796875,23843.5594921875,24762.432802734376,24497.529518825322,24339.26736351919,24149.11277280073,24412.950102865936,0.0005352072662276885,-0.007689419842039524,0.015397991873528527,0.03774657177072438,-0.0527878849860528,-0.010913274826403696,0.10392322781897104,0.11356950239762678,61.60022788163882,0.7944922485562883,164.71825143845126,126.81411462379572,37.904136814655544,2.9920953160625707,587.8515625,200.41462053571428,24849.975975481328,23683.38906358117,0.04807360507400303,341120.0,0.7900445590994372,0.05769230769230771,-3054300,0.013068051698600173,0.024133947559875475,-0.0072138316500409035,-0.06626836450271056,0.1008624784485341,0.00043139311359231705,0.004468837401474701,False,False,False,False
2026-08-11,24575.099609375,24576.849609375,24429.25,24471.69921875,271800,valid,24577.36015625,24522.6951171875,24287.66494140625,24026.2599609375,23856.76548828125,24756.864794921876,24492.363458810258,24351.879921160216,24161.763221661487,24413.53467118319,-0.00455997685213505,-0.005817662050322192,0.017447511703540197,0.03502862176708188,-0.05174912584197455,-0.011976994644516625,0.10227298524346781,0.11394972046600972,64.60266918772615,0.8765374509445736,154.648918998304,132.38107549869738,22.267843499606613,2.9630861667915953,486.349609375,195.28976004464286,24868.636593610503,23706.693289201994,0.04784088166613323,336920.0,0.8067196960702837,0.008534322820037188,-3326100,0.007577273393211423,0.018539683601888398,-0.011518646586879969,-0.07052615914668442,0.09584257102942474,-0.0003539392444815271,0.006006063524507268,False,False,False,False
2026-08-12,24472.44921875,24473.30078125,24265.94921875,24435.94921875,317600,valid,24539.619921875,24541.2701171875,24305.53740234375,24045.3079296875,23867.03697265625,24750.49529296875,24481.080610798206,24359.88652093067,24172.515613704174,24413.75770150724,-0.0014608711753293369,-0.0076631005468748015,0.014845161399173579,0.03323474366603918,-0.04064019247304107,-0.0052675981690737395,0.10260498562192939,0.11402630323499922,68.42323287643381,0.9809387994211711,142.14560818054815,134.33398203506755,7.811626145480602,1.833642820248138,185.75,196.59695870535714,24881.386074927475,23729.688729760026,0.047384154734072766,337455.0,0.9411625253737536,0.16850625459896973,-3643700,0.005365518739514636,0.016246050589362387,-0.01270867796767314,-0.07188400068900963,0.09424168620470913,3.0647647034880054e-05,0.008472856993043995,False,False,False,False
2026-08-13,24431.599609375,24431.599609375,24311.400390625,24395.849609375,295800,valid,24491.58984375,24549.1400390625,24321.6923828125,24065.1129296875,23875.18396484375,24743.2587890625,24464.034410513566,24363.31157697299,24181.273809612838,24413.579511535776,-0.0016410088683697088,-0.009747945714604689,0.01342179889605477,0.03293460959331873,-0.050107577678597526,-0.01322265486748031,0.1029057323602883,0.11404872823048348,71.30167995010599,1.0,127.5308447329553,132.9733545746451,-5.442509841689798,1.711461399084846,78.69921875,186.68624441964286,24888.09463848059,23755.29012714441,0.046575891739207405,339030.0,0.8724891602513052,-0.06863979848866497,-3939500,0.003049015890641926,0.013743408587104195,-0.014040558790140796,-0.07340704727475475,0.0924460258935074,-0.00017800042617794,0.004919825990594436,False,False,False,False
2026-08-14,24361.900390625,24405.19921875,24296.80078125,24366.0,267700,valid,24450.659765625,24547.380078125,24323.27734375,24084.1019140625,23881.06595703125,24735.745791015626,24444.427528410855,24363.567617261273,24188.517973941747,24413.1060835603,-0.001223552770366676,-0.008329058749828033,0.0013026558286985956,0.02988291981909641,-0.05284273014154528,-0.011503283924577112,0.09574468938628372,0.11408028033857386,64.49642841840452,0.6229438650548529,112.24602311039052,128.8278882817942,-16.581865171403678,0.4775250718784374,-17.599609375,176.98967633928572,24890.00546914296,23756.54921835704,0.046599651632766935,333025.0,0.803843555288642,-0.09499661933739012,-4207200,0.0017564514701789485,0.011704737296967785,-0.014947832749393925,-0.07454078264906398,0.09110936053204931,-0.001391598132206626,0.004449506637902277,False,False,False,False
2026-08-17,24343.44921875,24360.099609375,24226.94921875,24287.650390625,225400,valid,24391.4296875,24498.7150390625,24325.73486328125,24102.5209375,23893.92095703125,24727.727041015623,24413.072100853686,24356.337405200677,24192.40551969403,24411.85776820771,-0.003215530221415075,-0.012046566487427524,0.002027781860469924,0.026757946318475723,-0.05932369490027123,-0.011660556080556383,0.09537661179612605,0.11432871721239855,61.245459036879886,0.4364555881524786,92.74146726666731,121.61060407876883,-28.869136812101516,-0.12131355658915322,-486.650390625,180.73967633928572,24891.340257110212,23760.129469452288,0.04650263574834253,326640.0,0.6900563311290717,-0.15801270078446017,-4432600,-0.001565604199433129,0.007680916598104238,-0.017796890497079366,-0.07751662473114307,0.08760086540838961,-0.0009255019802183371,0.005469660007031537,False,False,False,False
2026-08-18,24223.849609375,24269.650390625,24154.900390625,24154.900390625,227000,valid,24328.069921875,24452.7150390625,24324.094921875,24123.1589453125,23904.3249609375,24719.525791015625,24361.43775880795,24337.15292762204,24190.934730318775,24409.30097838102,-0.00546574073098649,-0.012945518220584873,-0.0013560127330992655,0.01836477446752305,-0.0510501835125029,-0.017939799236557974,0.09714789754815917,0.11486784946114348,46.06853652837425,0.0,65.81349368806332,110.45118200062774,-44.63768831256442,-0.9379223019314598,-460.0,168.92173549107142,24891.572578655698,23756.6172650943,0.0466597140492457,322210.0,0.7045094813941218,0.00709849157054121,-4659600,-0.006955840774072965,0.0013158079911696741,-0.022841271518074174,-0.082558679689008,0.08165632105927079,-0.002626881572481256,0.004737067057896115,False,False,False,False
2026-08-19,24152.05078125,24172.849609375,24025.650390625,24078.30078125,238700,valid,24256.540234375,24398.080078125,24328.1974609375,24139.88296875,23919.98146484375,24710.087041015624,24304.81036329636,24312.500342253275,24186.517712708235,24406.00744408121,-0.003171182995427735,-0.014636158976200964,0.003419316820336471,0.0019391705129048198,-0.05838389671017252,-0.011697922320087928,0.09344275031958223,0.11190888795492517,40.224305938591655,0.0,37.85555701749763,95.93205700400172,-58.07649998650409,-2.809362839926266,-546.349609375,168.30385044642858,24886.812775748458,23769.58214612654,0.045923280235446784,318910.0,0.7484870339594243,0.05154185022026425,-4898300,-0.0102718945819453,-0.0025510557602835375,-0.025567949587427134,-0.08546805400328096,0.07822619092703073,-0.00011797230909327162,0.006094688193694732,False,False,False,False
2026-08-20,24225.44921875,24265.150390625,24184.55078125,24231.849609375,253900,valid,24223.740234375,24357.6650390625,24346.3099609375,24160.2209765625,23933.17595703125,24701.56529296875,24290.21821251209,24304.81932007439,24188.29543414615,24404.27453030304,0.006377062464663963,-0.006722454951393786,0.015176207641862671,0.013304106057148601,-0.05760317312740637,-0.014366501619934469,0.0935603558434761,0.11215961552546955,44.20248328557784,0.12800879976256196,27.76869768707911,82.2993851406172,-54.53068745353809,-1.556174411316702,-404.150390625,172.38588169642858,24864.332973663328,23828.28694821167,0.04255454017935142,314405.0,0.8075571317250043,0.06367825722664433,-4644400,-0.004701342903550672,0.002964734175320035,-0.019015624233637254,-0.07963602665772912,0.08510210669760918,0.006111246754363409,0.0033270635622565693,False,False,False,False
2026-08-21,24284.05078125,24284.05078125,24206.80078125,24252.0,259300,valid,24200.940234375,24325.8,24370.5375,24182.028984375,23942.63146484375,24692.555791015624,24282.574570009674,24299.788908638737,24190.79365241493,24402.75936084729,0.000831566345525836,-0.004678650578675225,0.02038715963123794,0.014424538422204813,-0.046122576814562555,-0.00961312294771488,0.09164122170614941,0.11216065974173518,22.164718813884647,0.0,21.15687384345074,70.0708828811839,-48.914009037733166,-1.513322563827646,-318.650390625,149.99651227678572,24814.616057546547,23926.45894245345,0.03644388701287765,310675.0,0.8346342641023577,0.02126821583300509,-4385100,-0.004863967403263,0.002893513016224215,-0.017841644046256242,-0.07887068295186324,0.08600444109099811,0.00215423802625467,0.0031811002495368535,False,False,False,False
2026-08-24,24285.05078125,24313.0,24144.30078125,24219.05078125,236300,valid,24187.2203125,24289.325,24381.692578125,24193.9519921875,23956.6259765625,24684.261796875,24269.86981225774,24292.099563173142,24191.901775114347,24400.931414781648,-0.0013586186190829297,-0.0028244646259186768,0.009297467687824357,0.028508064730175864,-0.04958105440007854,-0.016259520843416864,0.08611213351033568,0.10760372176180523,25.61745846516608,0.07026766758549592,13.107138295385084,58.67813396402414,-45.57099566863906,-1.6924387836905308,-364.75,137.30705915178572,24796.388539090003,23966.996617159995,0.034016995303850626,306520.0,0.7709121753882292,-0.08870034708831465,-4621400,-0.006670652431280337,0.0010373993083314717,-0.01884646255388093,-0.08012214639258801,0.0845289752369251,0.0013628064180273792,0.0069466282063634505,False,False,False,False
2026-08-25,24175.75,24334.55078125,24115.44921875,24334.55078125,239500,valid,24223.150390625,24275.61015625,24399.15263671875,24203.565,23976.65748046875,24677.324052734373,24282.806006056195,24296.14253632332,24197.49585378633,24400.270910965413,0.004768973030496282,0.007437430406242784,0.014558936082320395,0.04071194767810704,-0.045574792055972035,-0.012047678790309546,0.08735248806984548,0.10680023648288285,34.19072332834496,0.2447445718330215,15.864671546387399,50.1154414804968,-34.2507699341094,-0.9609009351461251,-137.1484375,140.125,24770.751753596724,24027.553519840778,0.0304600018214359,296605.0,0.8074712159269062,0.013542107490478239,-4381900,-0.0026477089770539884,0.005411838349020127,-0.013890212356570009,-0.0757352737173835,0.08970106467062171,-0.0017878810214776366,0.009062865164472664,False,False,False,False
2026-08-26,24341.94921875,24378.599609375,24207.75,24207.75,244800,valid,24249.040234375,24252.790234375,24397.03017578125,24207.9369921875,23991.9409765625,24669.5460546875,24267.794804844954,24287.724199530625,24197.89797716726,24398.355280010535,-0.00521073030646213,0.005376177493837231,-0.0017504688669600643,0.030838574008502206,-0.03856046196131724,-0.026900373227663255,0.08072231775714889,0.1072014256213239,29.27052016563617,0.14461214506229358,7.729176055898279,41.638188395577096,-33.90901233967882,-1.529669006823442,-228.19921875,147.12137276785714,24772.674406744543,24021.385944817954,0.030794258830420605,287635.0,0.8510786239504928,0.022129436325678542,-4626700,-0.007758328551363829,-7.724416482114258e-06,-0.018719276538927375,-0.08055136793781821,0.0840229263079585,0.0003040301654428142,0.007018731648794944,False,False,False,False
2026-08-27,24277.599609375,24297.44921875,24090.849609375,24090.849609375,323400,valid,24220.840234375,24222.290234375,24385.71513671875,24208.04,24005.7184765625,24662.01205078125,24232.405765750966,24268.974238563424,24193.70000195972,24395.295522093766,-0.00482904816122931,-0.005818788176427447,-0.009306221231302092,0.02927718201782481,-0.03116138430528126,-0.03561960026404809,0.0816756501055014,0.10747717602649433,27.879170988935,0.11629640993077087,-8.05825671221828,31.69889937401802,-39.7571560862363,-1.556285920199596,-305.0,153.78920200892858,24784.415908622632,23987.01436481487,0.03269953492596476,283775.0,1.1396352744251608,0.321078431372549,-4950100,-0.012091731806534452,-0.004840969802801089,-0.02315960434331863,-0.08499142966382295,0.07878812738894059,0.002885423443938408,0.008509886178995217,False,False,False,False
2026-08-28,24122.599609375,24188.30078125,24076.849609375,24175.650390625,296100,valid,24205.5703125,24203.2552734375,24375.31767578125,24208.1930078125,24017.79248046875,24655.341806640627,24221.054690725774,24260.086253045476,24192.992174064242,24393.109998397562,0.0035200411203846205,-0.003148177856465484,-0.008528241198237474,0.032417225596812704,-0.012452752573476888,-0.034925395384114766,0.08212979759217055,0.10765471835806008,32.34873274555747,0.2072577077658486,-13.570761297352874,22.644967239743842,-36.215728537096716,-1.0652290434671086,-190.349609375,153.90359933035714,24784.94691235633,23965.688439206173,0.03361016599033504,277995.0,1.0651270706307667,-0.08441558441558439,-4654000,-0.008191371608446175,-0.0013442811356055525,-0.01945588180352979,-0.08177056187073532,0.0825855059575323,0.0013179277823246395,0.004620197394964249,False,False,False,False
2026-08-31,24117.55078125,24128.69921875,23993.599609375,24080.400390625,710900,valid,24177.840234375,24182.5302734375,24340.62265625,24209.5390234375,24027.35998046875,24648.2823046875,24192.92383070562,24242.973313767336,24188.576810007802,24389.998460011764,-0.003939914685270995,-0.005724848255916792,-0.02800887890850856,0.030543516873889898,-0.027679187479066725,-0.03999998442716901,0.0553325584272532,0.10791119406245085,32.82720834669075,0.21699529816764032,-25.3333131939944,13.049311152996193,-38.382624346990596,-1.2930446112800142,-207.25,155.86788504464286,24724.712922079918,23956.532390420085,0.03155960891011082,296425.0,2.3982457619971327,1.4008780817291457,-5364900,-0.01069086314265603,-0.00533420453348907,-0.02303941130836939,-0.08538830751846892,0.07832021142454873,-0.002403228390394422,0.005601713482449973,False,False,False,False
2026-09-01,24077.55078125,24143.150390625,23952.55078125,24055.80078125,334200,valid,24122.090234375,24172.6203125,24312.66767578125,24208.59703125,24027.9444921875,24640.689560546874,24165.499220814494,24225.147358289494,24183.369906919263,24386.673109974337,-0.0010215614763854353,-0.011454906338964732,-0.02271386844969492,0.04034082001686623,-0.016140743835387772,-0.03274208149202762,0.05205772240882825,0.1055285190318721,33.15166582411723,0.2235984227794166,-36.22265103245809,3.194918715905338,-39.41756974836343,-1.273082240622181,-99.099609375,154.67131696428572,24694.080819565665,23931.254531996834,0.03137567204641678,298310.0,1.1203110857832457,-0.5298916865944577,-5699100,-0.010565146447797002,-0.006311652418467715,-0.02373670500818133,-0.08632263958935976,0.07721864103734957,-0.00011833729210372317,0.00791607132746352,False,False,False,False
2026-09-02,23858.0,23914.44921875,23786.80078125,23914.44921875,318900,valid,24063.430078125,24156.23515625,24277.1576171875,24210.4040234375,24029.33798828125,24631.787060546874,24115.289220401595,24195.557059285733,24172.823997579293,24381.974364788028,-0.005875986577431824,-0.012115986874038254,-0.02884106619216753,0.028928092585223997,-0.0047278725825170564,-0.042186451772786904,0.05431027819474179,0.10595246152731584,30.42133407895426,0.19504563699898458,-55.61729790267782,-8.567524607811293,-47.049773294866526,-1.5365882078863247,-163.8515625,164.9892578125,24668.386820334697,23885.9284140403,0.032230231340609684,296480.0,1.0756206152185646,-0.04578096947935373,-6018000,-0.01494031567273394,-0.012224281940978443,-0.02912244410174549,-0.09169139549523606,0.07088891876165472,-0.00822258144921841,0.0053503410805599795,False,False,False,False
2026-09-03,23997.94921875,24025.400390625,23873.44921875,23873.44921875,239100,valid,24019.95,24120.3951171875,24239.030078125,24207.44,24027.566484375,24621.775302734375,24066.92122007128,24164.880122091854,24161.083810174223,24376.914413086157,-0.0017144446700387839,-0.009024189439146957,-0.030952702599853832,0.02836534311555372,-0.015998549018796493,-0.0339349238929324,0.05383848067143086,0.10599504459316926,30.147899276090186,0.20427403413173348,-73.44937396450405,-21.543894479149845,-51.905479485354206,-1.1651928483391139,-358.400390625,168.10016741071428,24631.639380423676,23846.420775826326,0.03239480301260019,291235.0,0.8209864885745188,-0.2502351834430856,-6257100,-0.01508232211423866,-0.01379703022087419,-0.030392856517591146,-0.09324864034097965,0.06905293896268017,0.0034916129255668686,0.006331839878895902,False,False,False,False
2026-09-04,23910.900390625,24005.75,23895.849609375,23897.69921875,231400,valid,23964.359765625,24084.9650390625,24205.38251953125,24204.273984375,24028.11697265625,24611.868046875,24033.076819807025,24139.434321773584,24150.755002667393,24372.146102694755,0.0010157727849795517,-0.011497153846284358,-0.027388415087773454,0.03178103506620733,0.0012925714905784869,-0.024619551210689705,0.05442743235186617,0.10584043897616571,33.56648882318758,0.4769853144584351,-84.64887089084004,-34.164889761487885,-50.48398112935216,-0.7500594171522157,-354.30078125,167.61802455357142,24593.648940570674,23817.116098491824,0.032080998573448205,290065.0,0.797752227948908,-0.032204098703471296,-6025700,-0.012711358745641823,-0.012666141765826448,-0.02901725406477945,-0.09232758698709471,0.07013885384378096,0.0015687373672668202,0.004596246432781336,False,False,False,False
2026-09-07,23883.150390625,23890.0,23737.900390625,23779.150390625,205900,valid,23904.109765625,24040.975,24165.15,24200.9319921875,24023.59546875,24601.213544921877,23982.29153397062,24105.1215664261,24136.18227278338,24366.24564784829,-0.004960679563327464,-0.012510174046660882,-0.03273091894068325,0.006614344446121079,0.00592237866786971,-0.026515872046856792,0.05534823906614838,0.09840971364565136,33.973128598848376,0.5358261179409216,-101.91563259647955,-47.71503832848622,-54.20059426799333,-1.8681991925818875,-439.900390625,169.55008370535714,24555.066779099354,23775.23322090065,0.032271000105470266,286885.0,0.7177091866078742,-0.11019878997407084,-6231600,-0.01597340009786827,-0.017428320599333042,-0.03341555296838456,-0.09683025897652398,0.06483023790159544,-0.0006087961854329923,0.006368490206999852,False,False,False,False
2026-09-08,23743.099609375,23758.94921875,23623.099609375,23635.099609375,230100,valid,23819.96953125,23971.0298828125,24123.32001953125,24196.318984375,24017.97896484375,24589.321796875,23912.853149051494,24060.35757051647,24116.53197225756,24358.970562888357,-0.00605786072604142,-0.017488554037365933,-0.03418641271685807,-0.009172536887761651,0.020906134402532084,-0.040200979915491875,0.056630836811753946,0.09712036396674267,32.12467722343622,0.4519495805640733,-125.77352095449532,-63.326734853688045,-62.44678610080728,-2.5437093461364024,-699.451171875,170.18233816964286,24552.30971324268,23694.330325819818,0.03556638915075568,284800.0,0.807935393258427,0.11753278290432245,-6461700,-0.020238524786843834,-0.023194411321921043,-0.03880636462373962,-0.1023015354796191,0.05837964462351,-0.0015160668340872736,0.005721645935451476,False,False,False,False
2026-09-09,23522.05078125,23571.55078125,23431.5,23431.5,352900,valid,23723.3796875,23893.4048828125,24073.09755859375,24184.8319921875,24008.75845703125,24576.92904296875,23816.582519241194,24000.466373324423,24089.667973345495,24349.742000073547,-0.008614290302979777,-0.02019487107281348,-0.041105389840116136,-0.02324594166715177,0.0009696873821996022,-0.04670945123683379,0.061647603860392884,0.09788251139825374,18.972731251315594,0.0,-159.27384653038825,-82.51615718902809,-76.75768934136016,-3.2517821956082105,-776.25,171.37876674107142,24576.681505245044,23569.513611942453,0.04183790186747472,286565.0,1.231483258597526,0.5336810082572794,-6814600,-0.026652056596875605,-0.03114894461250969,-0.046605865239149856,-0.11003457065753684,0.04926245511395853,-0.004783090826499353,0.005954020869712512,False,False,False,False
2026-09-10,23446.599609375,23494.94921875,23380.099609375,23477.80078125,253200,valid,23644.25,23832.1,24027.1951171875,24170.8740234375,23999.88796875,24564.054794921874,23748.82617164296,23950.688697888763,24065.673181498612,24341.065968045456,0.0019760058574995742,-0.01657273877246279,-0.03763135298933007,-0.025238978199427553,-0.004382721269446166,-0.05006058902936328,0.06331102262251995,0.09757893114589272,20.582953118552794,0.10581040252135053,-180.01194417212173,-102.01531458564682,-77.99662958647491,-3.520714262209168,-613.048828125,174.064453125,24572.539709954235,23481.850524420766,0.04539394549442271,284435.0,0.8901858069506214,-0.2825162935675829,-6561400,-0.022865521058864652,-0.02867390072512295,-0.04422128279474591,-0.10827599375618406,0.05133580387131804,0.0006444149702323795,0.004898348216305019,False,False,False,False
2026-09-11,23270.30078125,23448.099609375,23231.400390625,23398.099609375,293000,valid,23544.330078125,23754.344921875,23978.80009765625,24153.4190234375,23988.10296875,24550.084541015625,23678.680859189368,23898.061165649357,24039.49382572906,24331.683218207938,-0.0033947460674703667,-0.02090576188116955,-0.039723401076294795,-0.03185618961540049,-0.01596872542453187,-0.05402219305459066,0.0634683788806707,0.097437125301588,19.876762809257556,0.05940544280520053,-200.5662515433105,-121.72550197717956,-78.84074956613094,-3.3445916726048464,-777.55078125,179.61453683035714,24567.605184538657,23389.995010773844,0.04911047129000904,285700.0,1.0255512775638782,0.15718799368088465,-6854400,-0.024217245480019238,-0.03127173893391933,-0.04692386821381464,-0.11130317031964913,0.047766785785535136,-0.008838136158209293,0.009312265483246568,False,False,False,False
2026-09-15,23576.150390625,23592.849609375,23118.599609375,23118.599609375,338800,valid,23412.219921875,23658.16484375,23920.34755859375,24127.1840234375,23975.50796875,24535.336787109376,23566.664609226493,23823.826731718465,24003.380327048508,24319.612734537957,-0.011945414570677881,-0.027778569477840742,-0.048133547809188326,-0.037250501374290534,0.005062536187810496,-0.06557537652580736,0.07256739820303766,0.09950471507633696,10.175948989761352,0.0,-236.68069462280982,-144.71654050630562,-91.9641541165042,-4.035764681464982,-961.80078125,197.83942522321428,24604.453842152823,23236.241275034674,0.05719869093735631,291370.0,1.162782716134125,0.15631399317406136,-7193200,-0.03351740384435628,-0.04180282344938172,-0.05774272389359317,-0.12191902237782802,0.0352507771559403,0.007609625748351792,0.020115667407202508,False,False,False,False
2026-09-16,23201.599609375,23284.75,23116.099609375,23217.599609375,261600,valid,23328.719921875,23574.3447265625,23873.48251953125,24103.56203125,23965.95345703125,24521.62728515625,23496.8516092562,23766.0908153048,23972.565396943664,24308.64742980997,0.004282266299549198,-0.017664406196722604,-0.038803752699960836,-0.036730051856926904,0.004460386743169842,-0.06279180309011778,0.07539518647670132,0.09961225292493299,16.96974119541889,0.28548728535306384,-254.38083441873823,-166.64939928879215,-87.73143512994608,-3.962874900033797,-838.201171875,197.68233816964286,24615.87122401862,23131.09381504388,0.06219358268153888,293100.0,0.8925281473899693,-0.22786304604486418,-6931600,-0.02747328168898961,-0.03675649353097103,-0.053178676138292864,-0.11815884579908129,0.039683996670537396,0.0035901828571978916,0.007268912207107218,False,False,False,False
2026-09-17,23195.25,23363.55078125,23193.650390625,23270.599609375,259700,valid,23296.53984375,23509.959765625,23833.0974609375,24091.3330078125,23959.6799609375,24508.556279296874,23451.60120927996,23718.901176644817,23945.037326842932,24298.318595775792,0.0022827510548764085,-0.006866841244691946,-0.03354477457578586,-0.023232777274915017,0.033667702629346374,-0.06425773968380522,0.07671303121680115,0.09711437025938321,21.418927011988643,0.47245002167963324,-261.12161819709945,-185.54384307045365,-75.5777751266458,-3.362904138277001,-643.849609375,195.06096540178572,24615.37724928721,23050.817672587793,0.06564650605166752,294150.0,0.8828828828828829,-0.007262996941896027,-6671900,-0.023601542035584587,-0.034067579331178856,-0.050511203345242076,-0.11614582197409568,0.04205733641067524,-0.0009626149882426038,0.007324792387450017,False,False,False,False
2026-09-18,23334.69921875,23389.150390625,23286.599609375,23346.400390625,375300,valid,23270.259765625,23457.2548828125,23788.825,24079.005,23952.21697265625,24494.26177734375,23430.56104554897,23683.424911309594,23921.561368559876,24288.84677283897,0.0032573626173113546,-0.005596792981135579,-0.036540719467301086,-0.028110058593789677,0.018941708096964716,-0.06513805831853292,0.07307291733531006,0.09573391211423189,20.92295723255279,0.45160848551513477,-257.380328143714,-199.91114008510573,-57.46918805860827,-2.948978489952969,-527.048828125,195.56808035714286,24576.290977999288,23001.359022000714,0.06620469720545567,300220.0,1.250083272267004,0.4451289949942241,-6296600,-0.01859800176658581,-0.030425036639803057,-0.04686246097771668,-0.11326678841543958,0.04545169502339449,0.0027545319179990645,0.0043947762209678685,False,False,False,False
2026-09-21,23330.19921875,23466.80078125,23314.80078125,23414.30078125,213600,valid,23273.5,23408.9150390625,23746.9400390625,24063.1530078125,23946.40298828125,24480.25552734375,23427.308992689177,23657.794041780107,23901.66879650851,24280.144822673905,0.002908387995104622,0.0006924140056445705,-0.03454144890112154,-0.026675225255653467,0.004627541565329185,-0.06363396927675913,0.07444255861059347,0.09590618235721815,26.186975009949933,0.6728119165043711,-246.09945345779852,-209.1488027596443,-36.95065069815422,-2.091406885122238,-483.3984375,193.42159598214286,24519.650644202604,22974.2294339224,0.06507875152495715,297935.0,0.7169349019081344,-0.4308553157474021,-6083000,-0.014007668241269271,-0.02696455557390335,-0.0435434485111117,-0.11068782418800646,0.048492274182662325,-0.0006939473153859622,0.006515160825452392,False,False,False,False
2026-09-22,23454.05078125,23489.0,23285.75,23329.0,0,valid,23315.580078125,23363.9,23702.4375,24045.5130078125,23937.916484375,24465.88578125,23407.64719415134,23626.480323515334,23879.211196645432,24270.68069508511,-0.00364310606782281,0.009100914163489238,-0.03675002745933642,-0.02577647857180143,0.02232293288860876,-0.07107589392370794,0.07472618390953435,0.09575551345373075,25.097702780112527,0.6270387514599949,-241.26122987529743,-215.57128818277494,-25.689941692522495,-2.2805637080811736,-450.150390625,194.3251953125,24463.09009797908,22941.78490202092,0.0641834915062283,286120.0,0.0,-1.0,-6083000,-0.015755236143961987,-0.02979820008746338,-0.04646820439754027,-0.11392768277189583,0.04467250561652214,0.0016976804206697263,0.008665880444093063,False,False,False,False
