date,open,high,low,close,volume,quality_status,sma_5,sma_10,sma_20,sma_50,sma_100,sma_200,ema_9,ema_20,ema_50,ema_200,return_1d,return_5d,return_20d,return_60d,return_120d,return_252d,volatility_20d,volatility_60d,rsi_14,stoch_rsi,macd,macd_signal,macd_histogram,roc_12,momentum_10,atr_14,bollinger_upper,bollinger_lower,bollinger_bandwidth,volume_sma_20,relative_volume,volume_change,obv,dist_sma_20_pct,dist_sma_50_pct,dist_sma_200_pct,dist_52w_high_pct,dist_52w_low_pct,gap_pct,intraday_range_pct,golden_cross,death_cross,new_52w_high,new_52w_low
2024-09-23,3.757999897003174,3.7939999103546143,3.7300000190734863,3.739000082015991,0,valid,3.739000082015991,3.739000082015991,3.739000082015991,3.739000082015991,3.739000082015991,3.739000082015991,3.739000082015991,3.739000082015991,3.739000082015991,3.739000082015991,,,,,,,,,0.0,0.5,0.0,0.0,0.0,,,0.06399989128112793,,,,0.0,0.0,,0,0.0,0.0,0.0,0.0,0.0,,0.017030306821499596,False,False,True,True
2024-09-24,3.7939999103546143,3.809999942779541,3.7279999256134033,3.7360000610351562,0,valid,3.7375000715255737,3.7375000715255737,3.7375000715255737,3.7375000715255737,3.7375000715255737,3.7375000715255737,3.7384000778198243,3.7387143657321023,3.7388824341343896,3.738970231060958,-0.0008023591642226657,,,,,,,,0.0,0.5,-0.00023931791300180194,-4.786358260036039e-05,-0.00019145433040144156,,,0.07299995422363281,3.7417427418840745,3.733257401167073,0.0022703252320040836,0.0,0.0,,0,-0.000401340591762238,-0.000401340591762238,-0.000401340591762238,-0.000802359164222701,0.0,0.014709769224976396,0.021613078308816668,False,False,False,True
2024-09-25,3.7750000953674316,3.7829999923706055,3.75600004196167,3.7809998989105225,0,valid,3.752000013987223,3.752000013987223,3.752000013987223,3.752000013987223,3.752000013987223,3.752000013987223,3.746920042037964,3.742741559368142,3.7405340994197283,3.7393884367112027,0.012044924288062697,,,,,,0.14421039908766647,0.14421039908766647,93.74993791164579,1.0,0.003165640223998345,0.0005948371787193807,0.002570803045278964,,,0.06433327992757161,3.8023187987756026,3.7016812291988437,0.0268223798511696,0.0,0.0,,0,0.007729180387843692,0.007729180387843692,0.007729180387843692,0.0,0.012044924288062734,0.010438981181780124,0.007152304563400961,False,False,True,False
2024-09-26,3.757999897003174,3.821000099182129,3.755000114440918,3.7909998893737793,0,valid,3.7617499828338623,3.7617499828338623,3.7617499828338623,3.7617499828338623,3.7617499828338623,3.7617499828338623,3.7557360115051273,3.7473375907972506,3.742513150006162,3.739901983503865,0.0026448005106105565,,,,,,0.10555810256091416,0.10555810256091416,94.82753659529163,1.0,0.006594986832972882,0.001794867109570081,0.0048001197234028015,,,0.06474995613098145,3.818397816112989,3.705102149554736,0.030117808752644224,0.0,0.0,,0,0.007775611530110776,0.007775611530110776,0.007775611530110776,0.0,0.014721581220580577,-0.006083047480105984,0.017562529683367682,False,False,True,False
2024-09-27,3.7769999504089355,3.7829999923706055,3.740999937057495,3.749000072479248,0,valid,3.7592000007629394,3.7592000007629394,3.7592000007629394,3.7592000007629394,3.7592000007629394,3.7592000007629394,3.7543888236999514,3.7474959223860123,3.7427675391227537,3.7399925117523765,-0.011078823033537244,,,,,,0.15156824407441874,0.15156824407441874,55.000011920968745,0.5800004291548748,0.005856227565420813,0.0026071392007402275,0.0032490883646805854,,,0.06179995536804199,3.809566467113631,3.7088335344122476,0.02679637494172683,0.0,0.0,,0,-0.002713324186428287,-0.002713324186428287,-0.002713324186428287,-0.011078823033537213,0.003479660393926708,-0.0036929410111790706,0.011119951248228904,False,False,False,False
2024-09-30,3.7899999618530273,3.805999994277954,3.753999948501587,3.802000045776367,0,valid,3.771799993515015,3.7663333415985107,3.7663333415985107,3.7663333415985107,3.7663333415985107,3.7663333415985107,3.763911068115235,3.752686791280332,3.7450903825209347,3.740609502140675,0.014137095831547875,0.01684941491801406,,,,,0.1622553742547946,0.1622553742547946,70.58827195988326,0.7443858028406076,0.009438608031178575,0.003973432966827897,0.005465175064350678,,,0.06099994977315267,3.8233478483626544,3.709318834834367,0.030275868646265656,0.0,0.0,,0,0.009469874528609501,0.009469874528609501,0.009469874528609501,0.0,0.017665948517924787,0.010936219946953934,0.013720328838985803,False,False,True,False
2024-10-01,3.744999885559082,3.752000093460083,3.696000099182129,3.743000030517578,0,valid,3.773199987411499,3.763000011444092,3.763000011444092,3.763000011444092,3.763000011444092,3.763000011444092,3.759728860595704,3.7517642426362605,3.7450084079325676,3.7406332884926843,-0.015518152169496147,0.0018736534711090158,,,,,0.1899363706741357,0.1899363706741357,50.94338561681349,0.5372214384755295,0.007431199964832658,0.004664986366428849,0.0027662135984038083,,,0.06742852074759347,3.8179544365223284,3.7080455863658552,0.029207773006169727,0.0,0.0,,0,-0.0053149032329761975,-0.0053149032329761975,-0.0053149032329761975,-0.015518152169496167,0.0018736534711089783,-0.014992151375854532,0.014953269957068102,False,False,False,False
2024-10-02,3.7829999923706055,3.816999912261963,3.7750000953674316,3.7850000858306885,0,valid,3.7740000247955323,3.7657500207424164,3.7657500207424164,3.7657500207424164,3.7657500207424164,3.7657500207424164,3.7647831056427012,3.7549295610357296,3.7465767090266118,3.7410747491627143,0.011220960451689521,0.001057970649858797,,,,,0.18548792483454768,0.18548792483454768,59.055129196734974,0.6227635064356103,0.009124190080680439,0.005556827109279168,0.003567362971401271,,,0.06824994087219238,3.818953061028304,3.712546980456529,0.02825627829401084,0.0,0.0,,0,0.005111880762727036,0.005111880762727036,0.005111880762727036,-0.00447132028958388,0.013115638114297968,0.01068660473601337,0.011102251382298362,False,False,False,False
2024-10-03,3.806999921798706,3.8499999046325684,3.802000045776367,3.8499999046325684,0,valid,3.78580002784729,3.775111118952433,3.775111118952433,3.775111118952433,3.775111118952433,3.775111118952433,3.781826465440675,3.763983879473524,3.7506325206190025,3.742158581555449,0.017173003257043407,0.015563180422180078,,,,,0.19216745173319458,0.19216745173319458,67.39811701361978,0.7107441512612933,0.015531798194606594,0.007551821326344653,0.007979976868261941,,,0.06788881619771321,3.8501539654324075,3.7000682724724587,0.039756629203962744,0.0,0.0,,0,0.01983750499532749,0.01983750499532749,0.01983750499532749,0.0,0.03051387626739639,0.005812373968068036,0.012608316218068773,False,False,True,False
2024-10-04,3.867000102996826,3.9809999465942383,3.867000102996826,3.9809999465942383,0,valid,3.8322000026702883,3.7957000017166136,3.7957000017166136,3.7957000017166136,3.7957000017166136,3.7957000017166136,3.821661161671388,3.784652076342163,3.759666537323914,3.7445351125508597,0.034025985767958566,0.0618831340703514,,,,,0.2408649653021191,0.2408649653021191,76.88889948528029,0.8108288187789745,0.03082514923015678,0.01220648690710708,0.0186186623230497,,,0.07419993877410888,3.943895137382141,3.647504866051086,0.07808580003609662,0.0,0.0,,0,0.04881838522375909,0.04881838522375909,0.04881838522375909,0.0,0.06557812675495471,0.004415636048146931,0.029480175991995747,False,False,True,False
2024-10-07,4.00600004196167,4.0329999923706055,4.004000186920166,4.026000022888184,0,valid,3.8769999980926513,3.824399995803833,3.8166363672776655,3.8166363672776655,3.8166363672776655,3.8166363672776655,3.862528933914747,3.807637595060832,3.770110987738199,3.747335758424863,0.011303711855721765,0.05891635308123089,,,,,0.22807075488588283,0.22807075488588283,78.98991368277976,0.8329849800896522,0.04604558533866454,0.018974306593418575,0.027071278745245966,,0.2869999408721924,0.07218176668340509,4.014252662504794,3.619020072050537,0.10355521260626906,0.0,0.0,,0,0.05485554175543666,0.05485554175543666,0.05485554175543666,0.0,0.07762311485955257,0.006279853228538555,0.0072390926476972135,False,False,True,False
2024-10-08,4.0329999923706055,4.057000160217285,4.021999835968018,4.0329999923706055,0,valid,3.9349999904632567,3.854099988937378,3.834666669368744,3.834666669368744,3.834666669368744,3.834666669368744,3.896623145605919,3.8291006805189056,3.7804203604688817,3.7501781886133783,0.001738690870001669,0.07747794803328567,,,,,0.21812622863473655,0.21812622863473655,79.28288196039114,0.8360744653608104,0.05800409455231881,0.026780264185198622,0.031223830367120186,,0.2969999313354492,0.06908331314722697,4.060733929745868,3.60859940899162,0.11790712459205153,0.0,0.0,,0,0.051721137742204555,0.051721137742204555,0.051721137742204555,0.0,0.07949676833066155,0.0017386908700015894,0.008678483589258407,False,False,True,False
2024-10-09,4.043000221252441,4.078000068664551,4.0320000648498535,4.066999912261963,0,valid,3.991399955749512,3.882699990272522,3.852538457283607,3.852538457283607,3.852538457283607,3.852538457283607,3.930698498937128,3.8517577502087206,3.791658774264689,3.753330643575056,0.008430428950080948,0.07450457596736992,,,,,0.20807992628950867,0.20807992628950867,80.59702554772934,0.849932714077602,0.06942452592697324,0.03530911653355355,0.034115409393419685,8.772394304659148,0.28600001335144043,0.0673076739678016,4.104443957025323,3.6006329575418916,0.13077377554296088,0.0,0.0,,0,0.05566757018944099,0.05566757018944099,0.05566757018944099,0.0,0.08859738913791519,0.0024796005208910957,0.0113776901551708,False,False,True,False
2024-10-10,4.078999996185303,4.119999885559082,4.052999973297119,4.0960001945495605,0,valid,4.04060001373291,3.9132000207901,3.8699285813740323,3.8699285813740323,3.8699285813740323,3.8699285813740323,3.963758838059615,3.8750189353840385,3.8035937319229194,3.7567402908484344,0.007130632631724865,0.06389618078197579,,,,,0.19922138267577574,0.19922138267577574,81.59294044470776,0.8604350948494323,0.07989440748929422,0.04422617472470169,0.03566823276459253,9.635977720371258,0.30500030517578125,0.06728569098881312,4.144720211573857,3.5951369511742075,0.14201379918089277,0.0,0.0,,0,0.05841751557473464,0.05841751557473464,0.05841751557473464,0.0,0.0963597772037126,0.0029505985203392097,0.016425573014126373,False,False,True,False
2024-10-11,4.0920000076293945,4.116000175476074,4.066999912261963,4.072999954223633,0,valid,4.059000015258789,3.9456000089645387,3.883466672897339,3.883466672897339,3.883466672897339,3.883466672897339,3.9856070612924186,3.8938742705116187,3.814158681817065,3.7598871531705758,-0.005615292781610104,0.023109773640690667,,,,,0.19887603924054295,0.19887603924054295,78.40134682155222,0.8267782717604097,0.0853520515649504,0.05245135009275144,0.032900701472198965,7.722826318965215,0.32399988174438477,0.06621428898402623,4.168271224290656,3.5986621215040215,0.14667541935197453,0.0,0.0,,0,0.048805177767854674,0.048805177767854674,0.048805177767854674,-0.005615292781610106,0.09020339606073292,-0.000976608088419761,0.01197464885697752,False,False,False,False
2024-10-14,4.0980000495910645,4.0980000495910645,4.0980000495910645,4.0980000495910645,0,valid,4.073400020599365,3.9752000093460085,3.8968750089406967,3.8968750089406967,3.8968750089406967,3.8968750089406967,4.008085658952148,3.9133148209001374,3.825289715847418,3.7632514605976453,0.006138005315101225,0.01788376211961107,,,,,0.19164192920988649,0.19164192920988649,79.67212371498277,0.6546495137221308,0.09064962018270961,0.060091004110743085,0.030558616071966527,8.098131605801683,0.29600000381469727,0.062142865998404365,4.1921921256536105,3.6015578922277833,0.151566122103152,0.0,0.0,,0,0.05161187879747787,0.05161187879747787,0.05161187879747787,0.0,0.0968950703002951,0.006138005315101209,0.0,False,False,True,False
2024-10-15,4.068999767303467,4.074999809265137,4.0320000648498535,4.038000106811523,0,valid,4.0744000434875485,4.004700016975403,3.9051764852860393,3.9051764852860393,3.9051764852860393,3.9051764852860393,4.0140685485240235,3.9251896100345554,3.833631299806795,3.765985277972908,-0.014641274293183182,0.001239800260445456,,,,,0.20277618697237246,0.20277618697237246,70.56000878905915,0.4470092900251422,0.08898077257964987,0.06586895780452445,0.023111814775125417,7.708723092692749,0.2950000762939453,0.0635000126702445,4.1991962526597435,3.611156717912335,0.1505795031192647,0.0,0.0,,0,0.034012194333838223,0.034012194333838223,0.034012194333838223,-0.014641274293183171,0.08083512870518803,-0.007076691541399949,0.010567644845007993,False,False,False,False
2024-10-16,4.010000228881836,4.0279998779296875,3.994999885559082,4.015999794006348,0,valid,4.064200019836425,4.027799987792969,3.911333335770501,3.911333335770501,3.911333335770501,3.911333335770501,4.0144547976204885,3.93383819898425,3.840783005461679,3.7684729846001064,-0.005448319025069925,-0.012539985088726113,,,,,0.20033575881616364,0.20033575881616364,67.66088748524389,0.545440283302769,0.0849042342898918,0.06967601310159792,0.01522822118829388,5.628609827811881,0.23099970817565918,0.061857172421046665,4.201319127568359,3.6213475439726426,0.1482797639085565,0.0,0.0,,0,0.026759789885110387,0.026759789885110387,0.026759789885110387,-0.02000982298497032,0.07494639411049961,-0.0069340953910466095,0.008229424061605931,False,False,False,False
2024-10-17,4.0320000648498535,4.099999904632568,4.0320000648498535,4.0960001945495605,0,valid,4.064200019836425,4.052400016784668,3.9210526441272937,3.9210526441272937,3.9210526441272937,3.9210526441272937,4.030763877006303,3.9492821985618987,3.850791522680812,3.771731961813534,0.01992041948373835,0.0,,,,,0.20296574161939912,0.20296574161939912,75.7036691674084,0.8078513273563273,0.08712459397184924,0.07316572927564818,0.013958864696201057,9.430942055941415,0.2460002899169922,0.0642857551574707,4.215330287868805,3.626775000385782,0.15010134800524147,0.0,0.0,,0,0.044617495938059464,0.044617495938059464,0.044617495938059464,-0.00048800756888801644,0.0963597772037126,0.003984131390490945,0.016865039357395712,False,False,False,False
2024-10-18,4.107999801635742,4.110000133514404,4.065000057220459,4.072999954223633,0,valid,4.064200019836425,4.061600017547607,3.9286500096321104,3.9286500096321104,3.9286500096321104,3.9286500096321104,4.039211092449769,3.961064841958254,3.8595055788197463,3.7747296532803016,-0.005615292781610104,0.0,,,,,0.20110997242084622,0.20110997242084622,71.00769887023108,0.6546363680022192,0.08603654214143575,0.0757398918488057,0.01029665029263005,7.608979177334341,0.09200000762939453,0.06342862333570208,4.223029134328385,3.634270884935835,0.14986273858680604,0.0,0.0,,0,0.036742887311827434,0.036742887311827434,0.036742887311827434,-0.006100560045119174,0.09020339606073292,0.002929591434626688,0.01095425473877262,False,False,False,False
2024-10-21,4.138000011444092,4.185999870300293,4.124000072479248,4.182000160217285,0,valid,4.08100004196167,4.077200031280517,3.9508000135421755,3.9407143025171187,3.9407143025171187,3.9407143025171187,4.067768906003272,3.9821063008400666,3.8721524251490615,3.778782096135396,0.026761651661847186,0.020497830553858343,0.11848089555602193,,,,0.21097647583973736,0.21097647583973736,81.58267033681778,0.9995443165364648,0.09289877959412163,0.07917166939786888,0.01372711019625275,8.623383475548474,0.15600013732910156,0.06392862115587507,4.251688987055104,3.649911040029247,0.1523179976114053,0.0,0.0,,0,0.05851983038438389,0.061228964897568405,0.061228964897568405,0.0,0.11937903958667306,0.0159587669901776,0.014983034714736032,False,False,True,False
2024-10-22,4.185999870300293,4.216000080108643,4.165999889373779,4.203999996185303,0,valid,4.114200019836426,4.094300031661987,3.9742000102996826,3.9526818340474907,3.9526818340474907,3.9526818340474907,4.095015124039678,4.003239033730089,3.885166055385777,3.78301312001649,0.005260601416828825,0.04110943164507641,0.12526764654829114,,,,0.20959216859249258,0.2056400026077819,81.03696681326142,0.9608326490184643,0.09897147357764435,0.08313163023382399,0.015839843343820367,5.601608957112436,0.17100000381469727,0.06221435751233782,4.277534927845268,3.6708650927540973,0.15265206419377564,0.0,0.0,,0,0.057822954378255256,0.063581682687692,0.063581682687692,0.0,0.12526764654829126,0.0009564107914333506,0.011944623097008457,False,False,True,False
2024-10-23,4.236000061035156,4.257999897003174,4.21999979019165,4.242000102996826,0,valid,4.159400081634521,4.111800050735473,3.997250020503998,3.965260889219201,3.965260889219201,3.965260889219201,4.124412119831108,4.025978183184064,3.8991595474489555,3.787580154673011,0.009039035881542423,0.0562749802247926,0.12192547379309349,,,,0.20871220537173021,0.20100646740991157,80.24685089605418,0.903381823729058,0.10563274976533954,0.0876318541401271,0.01800089562521244,5.365128635883321,0.17500019073486328,0.061428649084908624,4.3087225470142645,3.6857774939937307,0.15584340479707823,0.0,0.0,,0,0.061229615670117324,0.06979092208788251,0.06979092208788251,0.0,0.13543898118178013,0.007611813720002445,0.00897075218696699,False,False,True,False
2024-10-24,4.197999954223633,4.239999771118164,4.182000160217285,4.199999809265137,0,valid,4.180200004577637,4.122200012207031,4.017700016498566,3.9750416775544486,3.9750416775544486,3.9750416775544486,4.139529657717914,4.042551671382261,3.9109572047750802,3.7916838328281566,-0.009901059102289445,0.02539052973043443,0.10788708304576566,,,,0.215895376640955,0.20317059783102506,69.58847132845182,0.13835605196279005,0.10629745554331027,0.09136497442076374,0.014932481122546526,4.140833553445367,0.10399961471557617,0.05635721342904227,4.325844276524756,3.7095557564723753,0.15339336374582727,0.0,0.0,,0,0.04537416731412559,0.05659264731259078,0.05659264731259078,-0.009901059102289436,0.12419693272205602,-0.010372500637637604,0.013816010370015643,False,False,False,False
2024-10-25,4.203999996185303,4.234000205993652,4.177999973297119,4.23199987411499,0,valid,4.211999988555908,4.138100004196167,4.041850006580352,3.9853200054168703,3.9853200054168703,3.9853200054168703,4.1580237009973295,4.060594357356807,3.9235471133766455,3.796065086970314,0.007619063405494009,0.03903754521933567,0.128834300426228,,,,0.20719648937611554,0.19886634055379546,68.86438920954475,0.08638365988146347,0.10815958113466184,0.09472389576354337,0.013435685371118472,4.057043654108616,0.15899991989135742,0.05664294106619699,4.3367492872734115,3.7469507258872934,0.14592292153986264,0.0,0.0,,0,0.047045255817277594,0.061897129556178994,0.061897129556178994,-0.0023574324938773865,0.13276226043272715,0.0009524255004349436,0.01332070236616262,False,False,False,False
2024-10-28,4.248000144958496,4.300000190734863,4.230000019073486,4.2779998779296875,0,valid,4.231199932098389,4.1560999870300295,4.065649998188019,3.99657692359044,3.99657692359044,3.99657692359044,4.182018936383802,4.081299645030415,3.9374472217904906,3.800860458024636,0.01086956644211079,0.0229554552928124,0.12519721894325264,,,,0.2058478067374526,0.1954954376540156,70.94009151982576,0.23537120079308504,0.11205543959589992,0.09819020453001467,0.013865235065885245,4.443351433974763,0.17999982833862305,0.059142930167061944,4.355839228050274,3.7754607683257637,0.1427517026756297,0.0,0.0,,0,0.05223024112658707,0.0704159984205742,0.0704159984205742,0.0,0.14507489508561627,0.0037807824478850887,0.016478382597150516,False,False,True,False
2024-10-29,4.306000232696533,4.339000225067139,4.271999835968018,4.27400016784668,0,valid,4.245199966430664,4.179699993133545,4.092200005054474,4.006851858562893,4.006851858562893,4.006851858562893,4.200415182676378,4.099652075774821,3.9506453765377922,3.805568315833811,-0.0009349486201817303,0.016650849601544948,0.14186484985298686,,,,0.1916533014655471,0.19258186771916555,68.64861335328884,0.07089593119684469,0.1135117000977015,0.10125450364355204,0.012257196454149466,4.934942692906574,0.23600006103515625,0.06064295768737793,4.3538567639964585,3.83054324611249,0.12788072851708096,0.0,0.0,,0,0.04442602086106624,0.06667286905376202,0.06667286905376202,-0.000934948620181693,0.14400430889245128,0.006545197654469384,0.01555977368286477,False,False,False,False
2024-10-30,4.260000228881836,4.2779998779296875,4.197999954223633,4.265999794006348,0,valid,4.249999904632569,4.204699993133545,4.116249990463257,4.016107141971588,4.016107141971588,4.016107141971588,4.213532104942372,4.115494715606395,3.96301221643852,3.8101497235768216,-0.0018718702681668198,0.005657635649882753,0.127080501259776,,,,0.1932071843696982,0.1900833287411912,65.91751102570537,0.0,0.1127208578472052,0.10354777448428268,0.009173083362922524,4.099554474921185,0.25,0.06157152993338449,4.34542322897186,3.8870767519546536,0.11135049573741337,0.0,0.0,,0,0.03638015278227484,0.06222260592183359,0.06222260592183359,-0.0028050687858240924,0.1418628812399808,-0.0032756056188685593,0.0187793238046499,False,False,False,False
2024-10-31,4.288000106811523,4.333000183105469,4.260000228881836,4.283999919891357,0,valid,4.2667999267578125,4.223499965667725,4.137949991226196,4.025344823968822,4.025344823968822,4.025344823968822,4.22762566793217,4.131542830300201,3.975599969515102,3.8148646509033344,0.0042194389953555955,0.020000027247838892,0.11272727948293504,,,,0.18875335148466285,0.1865434338646448,69.9432214076656,0.25698496274496957,0.11225259139280297,0.10528873786598675,0.006963853526816222,6.092120024089831,0.18799972534179688,0.06328579357692174,4.341758416694577,3.934141565757815,0.09850695436171114,0.0,0.0,,0,0.03529523773241214,0.06425663073195122,0.06425663073195122,0.0,0.146680902008434,0.005157129364161204,0.017024242631820785,False,False,True,False
2024-11-01,4.307000160217285,4.364999771118164,4.2230000495910645,4.361000061035156,0,valid,4.2925999641418455,4.252299976348877,4.156949996948242,4.036533331871032,4.036533331871032,4.036533331871032,4.254300546552767,4.153395899894006,3.9907136985943197,3.820298834088726,0.01797388949198475,0.03048208666290253,0.09545343369472015,,,,0.16338474356300467,0.18716952347598875,72.63332318381812,0.4287101091495921,0.11674894555660487,0.10758077940411039,0.00916816615249448,8.59064453996492,0.28800010681152344,0.07164290973118373,4.3698017692760045,3.9440982246204794,0.10240766546820348,0.0,0.0,,0,0.04908648510006474,0.08038252195324387,0.08038252195324387,0.0,0.167291217823703,0.005368870391227977,0.03296951851516435,False,False,True,False
2024-11-04,4.281000137329102,4.328999996185303,4.263000011444092,4.309000015258789,0,valid,4.298799991607666,4.264999961853027,4.171099996566772,4.04532257972225,4.04532257972225,4.04532257972225,4.265240440293971,4.168215339452557,4.003195514934103,3.825161532408826,-0.011923881001740688,0.007246409119605612,0.07029309258860517,,,,0.17138761656229962,0.1906348087767607,73.64738464406261,0.4934436646854841,0.11479310604401416,0.10902324473209114,0.005769861311923016,5.200190688288098,0.1269998550415039,0.07392862864903041,4.384922243574052,3.957277749559492,0.10252559141870335,0.0,0.0,,0,0.03306082779255408,0.06518081817708657,0.06518081817708657,-0.011923881001740712,0.15337257624799616,-0.01834439866691159,0.015416954595658589,False,False,False,False
2024-11-05,4.330999851226807,4.366000175476074,4.284999847412109,4.289000034332275,0,valid,4.301799964904785,4.273499965667725,4.183899998664856,4.052937500178814,4.052937500178814,4.052937500178814,4.269992359101632,4.179718643726815,4.014403535302659,3.8297768408856765,-0.004641443688951252,0.0035095615106521816,0.06347633088171478,,,,0.17371672807998978,0.18935789029124292,73.90538607422106,0.5099134257031984,0.11035712953096333,0.1092900216918656,0.0010671078390977334,5.30321832890408,0.08500003814697266,0.07664292199271065,4.393522107241372,3.97427789008834,0.1002041677111831,0.0,0.0,,0,0.025120111785883602,0.05824480001062106,0.05824480001062106,-0.01650998066846861,0.14801926238296048,0.005105554859622417,0.01870245459394799,False,False,False,False
2024-11-06,4.432000160217285,4.4770002365112305,4.4019999504089355,4.426000118255615,0,valid,4.333800029754639,4.291899967193603,4.201850008964539,4.064242427999323,4.064242427999323,4.064242427999323,4.3011939109324295,4.203174022253368,4.030544577771402,3.8357094108097556,0.03194219697521361,0.03750593810952951,0.08827150571389741,,,,0.20110523594096918,0.20156386591663775,76.27382852422221,0.6611051501512893,0.11655279987466916,0.11074257732842632,0.0058102225462428325,5.8345277066094825,0.18400001525878906,0.08407149996076312,4.429988731873021,3.9737112860560564,0.10858965570962983,0.0,0.0,,0,0.053345576070744555,0.08900987002253505,0.08900987002253505,0.0,0.18468951979333653,0.03334113423649633,0.016922446613498753,False,False,True,False
2024-11-07,4.415999889373779,4.433000087738037,4.339000225067139,4.341000080108643,0,valid,4.345200061798096,4.305999994277954,4.214100003242493,4.072382358943715,4.072382358943715,4.072382358943715,4.309155144767672,4.21630031347768,4.0427193033532545,3.840737178663476,-0.019204707608655225,0.01330535977664793,0.05981442234429024,,,,0.21728885135094728,0.20968379334531864,69.42027052521809,0.22360190726103643,0.11329809069206309,0.11125368000115368,0.0020444106909094095,3.2588031410003104,0.14100027084350586,0.08757148470197405,4.44460602650916,3.9835939799758253,0.10939750983095173,0.0,0.0,,0,0.03011320964583376,0.06596083016983727,0.06596083016983727,-0.019204707608655253,0.1619379039586673,-0.0022594280647640942,0.02128620131922791,False,False,False,False
2024-11-08,4.314000129699707,4.329999923706055,4.263999938964844,4.306000232696533,0,valid,4.334200096130371,4.313400030136108,4.2257500171661375,4.079057155336653,4.079057155336653,4.079057155336653,4.308524162353445,4.224843162927094,4.053044045680442,3.8453666617881828,-0.008062623074458375,-0.012611746748191544,0.05720605968366943,,,,0.2187442088804847,0.20934842887904606,60.06493028973246,0.0,0.10666494791279213,0.11033593358348139,-0.0036709856706892557,1.5087253216824026,0.07400035858154297,0.08500007220676967,4.449687907508725,4.00181212682355,0.10598728719535766,0.0,0.0,,0,0.018990762634892657,0.05563616020015061,0.05563616020015061,-0.027112490364409807,0.15256963660312242,-0.006219753492439423,0.01529902242858883,False,False,False,False
2024-11-11,4.308000087738037,4.308000087738037,4.308000087738037,4.308000087738037,0,valid,4.334000110626221,4.316400051116943,4.236250019073486,4.0854166812366906,4.0854166812366906,4.0854166812366906,4.308419347430363,4.232762870051945,4.063042321839564,3.849969979459326,0.0004644344945265999,-0.00023205558533556658,0.05124451820539355,,,,0.21854867868129665,0.20649614026293855,58.724830066949146,0.0,0.1004120188108315,0.10835115062895141,-0.007939131818119907,2.5714353185124716,0.03000020980834961,0.08157147680010114,4.454590105353792,4.01790993279318,0.10308177529524537,0.0,0.0,,0,0.01693716573419896,0.05448242465049334,0.05448242465049334,-0.026660647845640942,0.1531049296997049,0.0004644344945266162,0.0,False,False,False,False
2024-11-12,4.370999813079834,4.442999839782715,4.361000061035156,4.432000160217285,0,valid,4.3626001358032225,4.332200050354004,4.255950021743774,4.0947838022902205,4.0947838022902205,4.0947838022902205,4.3331355099877475,4.251737850067692,4.077511256677906,3.855761324541495,0.02878367454824171,0.03334113423649643,0.09757306661313359,,,,0.22731799264693228,0.21371599620015877,63.92960995176398,0.2965855799399052,0.10426044744654828,0.10753300999247078,-0.0032725625459225083,4.72590482163282,0.15799999237060547,0.08735718045915876,4.470031735610226,4.041868307877323,0.10060349053569788,0.0,0.0,,0,0.04136564987231184,0.08235266480698171,0.08235266480698171,0.0,0.18629552671615426,0.014623891378534204,0.018759959335203226,False,False,True,False
2024-11-13,4.433000087738037,4.460999965667725,4.359000205993652,4.451000213623047,0,valid,4.367600154876709,4.350700092315674,4.277700042724609,4.104157918377926,4.104157918377926,4.104157918377926,4.356708450714808,4.2707152180253445,4.0921578824404605,3.8616840995572317,0.004287015505168634,0.00564846242645034,0.10831684310988088,,,,0.22412226771521523,0.21073143451082454,69.04402528465496,0.5880218887038022,0.10760311861576977,0.10754703171713059,5.608689863917382e-05,4.043953731412486,0.18500041961669922,0.09035716738019671,4.47701695690087,4.078383128548348,0.0931888221172749,0.0,0.0,,0,0.040512464447614055,0.08450997796454232,0.08450997796454232,0.0,0.1913811940328987,0.00022561540717609772,0.023009194147369894,False,False,True,False
2024-11-14,4.445000171661377,4.482999801635742,4.386000156402588,4.418000221252441,0,valid,4.383000183105469,4.364100122451783,4.293800044059753,4.112205156913171,4.112205156913171,4.112205156913171,4.3689668048223345,4.28474236118983,4.104936013374264,3.8672195833551943,-0.007414062185304604,0.01773788060880932,0.0786132840353273,,,,0.22137608455335803,0.2102332709364437,64.09092846651413,0.305778042697419,0.10636329613911943,0.10731028460152836,-0.0009469884624089264,3.369210288971791,0.13400030136108398,0.09328569684709821,4.483086492387662,4.104513595731844,0.08816733261241494,0.0,0.0,,0,0.028925468330671937,0.07436279384679724,0.07436279384679724,-0.007414062185304632,0.18254821977393632,-0.0013480210455406782,0.02182219156065846,False,False,False,False
2024-11-15,4.429999828338623,4.505000114440918,4.400000095367432,4.427999973297119,0,valid,4.407400131225586,4.370800113677978,4.311550045013428,4.120100027322769,4.120100027322769,4.120100027322769,4.380773438517291,4.298385943295286,4.117605188273199,3.872799487732726,0.0022634113951771617,0.028332497447215887,0.08715934767083833,,,,0.2186424562698741,0.20752549680066648,62.019237014785766,0.18772620875530793,0.10497750893574498,0.10684372946837169,-0.0018662205326267084,3.7974727405842623,0.06699991226196289,0.09578568594796318,4.478973333578598,4.144126756448258,0.07766269059490825,0.0,0.0,,0,0.02700883141049761,0.07473118223647181,0.07473118223647181,-0.0051674318629623,0.18522481288991902,0.0027160720881041333,0.02370203682668411,False,False,False,False
2024-11-18,4.480999946594238,4.491000175476074,4.4079999923706055,4.414000034332275,0,valid,4.428600120544433,4.3813001155853275,4.323150038719177,4.127268320176659,4.127268320176659,4.127268320176659,4.3874187576802886,4.309396809108333,4.1292285155696336,3.8781845677983933,-0.0031616845188052745,0.0246053724316182,0.055475816649164456,,,,0.2030736183318614,0.2057316699018906,61.04099368604725,0.13198266697312216,0.10157864908478675,0.1057907133916547,-0.004212064306867949,3.0345498802953896,0.10500001907348633,0.096928528376988,4.4848298906440665,4.161470186794288,0.07479724297183551,0.0,0.0,,0,0.021014768120334388,0.06947251593842173,0.06947251593842173,-0.008312778592444482,0.18147750594770107,0.01196928040124964,0.018522692277323644,False,False,False,False
2024-11-19,4.36299991607666,4.392000198364258,4.336999893188477,4.379000186920166,0,valid,4.41800012588501,4.390300130844116,4.33190004825592,4.133261936051505,4.133261936051505,4.133261936051505,4.385735043528264,4.3160257022332695,4.139023483073577,3.883167807789655,-0.007929281182573411,-0.011958477297194126,0.04162706729154575,,,,0.20630838516875574,0.2053714706562064,58.547687699689156,0.0,0.09496612263780158,0.10362579524088408,-0.008659672603082508,0.41275225024273166,0.09000015258789062,0.09671425819396973,4.485151154231525,4.178648942280315,0.0707546823649849,0.0,0.0,,0,0.01087285905481797,0.05945382960737648,0.05945382960737648,-0.01617614541614994,0.17210923859215618,-0.011554172600574128,0.012606075231199904,False,False,False,False
2024-11-20,4.421999931335449,4.438000202178955,4.388000011444092,4.406000137329102,0,valid,4.409000110626221,4.388300132751465,4.340100049972534,4.139604684918425,4.139604684918425,4.139604684918425,4.3897880622884315,4.32459469605192,4.14949315578948,3.888370119526366,0.006165779688610762,-0.010110104276386034,0.03866101611275652,,,,0.20528001485165714,0.20292459299463997,59.104499281541194,0.03141188978265414,0.09085697548104488,0.10107203128891624,-0.010215055807871368,2.251105168874945,-0.019999980926513672,0.09571426255362374,4.490623385825928,4.1895767141191405,0.06936399351178381,0.0,0.0,,0,0.015184001888846877,0.06435287248108952,0.06435287248108952,-0.010110104276385989,0.17933620592830085,0.009819534729347828,0.011307144168083053,False,False,False,False
2024-11-21,4.4039998054504395,4.438000202178955,4.376999855041504,4.432000160217285,0,valid,4.41180009841919,4.397400140762329,4.351700067520142,4.146250036629763,4.146250036629763,4.146250036629763,4.398230481874203,4.334823787877193,4.160571861845472,3.893779373662594,0.0059010490417152894,0.0031688407115730843,0.05523818130666558,,,,0.20076648274701414,0.20054735600251988,55.73506936099146,0.0,0.0886762269649104,0.09859287042411508,-0.009916643459204677,3.334113423649643,0.09100008010864258,0.08992859295436315,4.492186739821291,4.2112133952189925,0.06456633964721138,0.0,0.0,,0,0.018452579785192626,0.06891772591210894,0.06891772591210894,-0.0042687154558224485,0.18629552671615426,-0.0004540017740159904,0.01385112394009565,False,False,False,False
2024-11-22,4.389999866485596,4.429999828338623,4.382999897003174,4.409999847412109,0,valid,4.408200073242187,4.407800102233887,4.360600066184998,4.152111143536038,4.152111143536038,4.152111143536038,4.400584354981785,4.341983412594804,4.170353351475537,3.898915895789455,-0.004963969316304606,-0.0040650691042364295,0.04206048643475979,,,,0.20169959721170805,0.19936942533040522,58.573843406286485,0.138215459986361,0.08420209731151562,0.09571471580159518,-0.011512618490079563,-0.36150633565306123,0.10399961471557617,0.08642860821315221,4.49137502572858,4.229825106641416,0.05998025847758816,0.0,0.0,,0,0.011328665889401438,0.06211026028952763,0.06211026028952763,-0.009211494999584334,0.18040679212146585,-0.009476600228649434,0.010706135026166847,False,False,False,False
2024-11-25,4.317999839782715,4.331999778747559,4.261000156402588,4.264999866485596,0,valid,4.378400039672852,4.403500080108643,4.359950065612793,4.154565246208854,4.154565246208854,4.154565246208854,4.373467457282547,4.334651646298688,4.174064979515148,3.902558522363546,-0.03287981540670648,-0.033756267940133755,-0.003038805940869471,,,,0.2338082103678441,0.2153912388459715,48.31931538448182,0.0,0.06817020696999965,0.09020581403527608,-0.022035607065276436,-1.750753564168206,-0.043000221252441406,0.09128570556640625,4.4925698901014,4.227330241124186,0.06083547861457786,0.0,0.0,,0,-0.021777818025044738,0.026581510635202095,0.026581510635202095,-0.04178843815108463,0.14159523469168955,-0.02086168045637967,0.016442710740939597,False,False,False,False
2024-11-26,4.289000034332275,4.323999881744385,4.281000137329102,4.302000045776367,0,valid,4.363000011444091,4.390500068664551,4.361350059509277,4.15770215683795,4.15770215683795,4.15770215683795,4.359173974981311,4.331541970058468,4.179082040937156,3.906533064885067,0.008675306084185097,-0.017583954751542175,0.0065512112377370535,,,,0.23580547388921166,0.21339563740903353,39.902271655906766,0.0,0.0577843219225489,0.08372151561273065,-0.025937193690181756,-0.09289797268916544,-0.13000011444091797,0.08207140650068011,4.490700424178208,4.231999694840347,0.05931666245725951,0.0,0.0,,0,-0.013608174744768824,0.034706163042751384,0.034706163042751384,-0.033475659558640146,0.15149892277688717,0.005627237654864472,0.010025587332963855,False,False,False,False
2024-11-27,4.25,4.275000095367432,4.2270002365112305,4.242000102996826,0,valid,4.3302000045776365,4.369600057601929,4.360150074958801,4.159458364049594,4.159458364049594,4.159458364049594,4.335739200584414,4.323014173195454,4.181549415919888,3.9098710453637913,-0.013946987945397171,-0.03722197667285854,-0.005625806884294926,,,,0.24120340508921423,0.21474058897401868,41.59592364773296,0.058117710190076353,0.0442024014850384,0.0758176927871922,-0.031615291302153806,-1.5320330407854077,-0.2090001106262207,0.08071425982883998,4.493605089827441,4.226695060090161,0.06121578962848026,0.0,0.0,,0,-0.027097684696802814,0.019844347922951852,0.019844347922951852,-0.04695576288370873,0.13543898118178013,-0.012087411720839002,0.011294084436753216,False,False,False,False
2024-11-29,4.224999904632568,4.224999904632568,4.171999931335449,4.177999973297119,0,valid,4.279399967193603,4.345600032806397,4.35485007762909,4.159836764238318,4.159836764238318,4.159836764238318,4.304191355126955,4.30920329701466,4.181410222091545,3.912538994895466,-0.015087253216824137,-0.05731050941742599,-0.0247432186219384,,,,0.2462242608958117,0.21635170808884616,39.64399246936823,0.0,0.027952141206270653,0.0662445824710079,-0.03829244126473724,-5.731050941742599,-0.24000024795532227,0.08021426200866699,4.508004048111645,4.201696107146534,0.0703371954269144,0.0,0.0,,0,-0.04060991794882938,0.004366327355666472,0.004366327355666472,-0.06133458261591717,0.11830832576043783,-0.004007590276164246,0.012544372661170117,False,False,False,False
2024-12-02,4.206999778747559,4.248000144958496,4.173999786376953,4.196000099182129,0,valid,4.236600017547607,4.322400045394898,4.346600079536438,4.160560030937194,4.160560030937194,4.160560030937194,4.28255310393799,4.298422040078228,4.1819823741343125,3.9153595033958313,0.004308311632372996,-0.04852602168581943,-0.03783534958581536,,,,0.23675181052068694,0.21412964078614258,41.167197530074944,0.051809638114237576,0.016337820360955213,0.056263230048997366,-0.03992540968804215,-5.729051947929509,-0.23199987411499023,0.08535715511866979,4.515342114165035,4.1778580449078415,0.07764322989962906,0.0,0.0,,0,-0.034647765517542346,0.008518100443548076,0.008518100443548076,-0.057290519479295136,0.12312634652889103,0.006941073632308788,0.017589817559622783,False,False,False,False
2024-12-03,4.210999965667725,4.2270002365112305,4.164999961853027,4.2230000495910645,0,valid,4.228200054168701,4.303300046920777,4.342300081253052,4.170240030288697,4.1617843450284475,4.1617843450284475,4.270642493068605,4.291238993365165,4.183590910426734,3.918420603357973,0.006434687743262613,-0.009847554093627586,-0.019958218928564975,,,,0.23532582395842944,0.21212257532885517,30.54003344074745,0.0,0.009205937447976709,0.04685177152879324,-0.03764583408081653,-4.413765547664394,-0.19099998474121094,0.08014290673392159,4.519259372173407,4.1653407903326976,0.08150486498357784,0.0,0.0,,0,-0.02747392612892875,0.012651554567403495,0.014709004476828196,-0.05122447833953118,0.13035331386503568,0.003574801270505077,0.014723408967867788,True,False,False,False
2024-12-04,4.270999908447266,4.281000137329102,4.176000118255615,4.179999828338623,0,valid,4.203800010681152,4.283400011062622,4.3368500709533695,4.179120025634766,4.162134642784412,4.162134642784412,4.252513960122609,4.280644787172161,4.1834500836781805,3.92102338171599,-0.010182387105727164,-0.02835895307753933,-0.025413897207072877,,,,0.23730681615414848,0.2118818502816097,25.846682923885453,0.0,8.315184703810985e-05,0.03749804759244221,-0.0374148957454041,-5.600725981347143,-0.19900035858154297,0.08035721097673688,4.526947403586951,4.146752738319788,0.08766608461140214,0.0,0.0,,0,-0.036166858445319985,0.00021052343518748886,0.004292313220857054,-0.06088527797751634,0.11884361885702033,0.01136629369939251,0.024584411454988627,False,False,False,False
2024-12-05,4.206999778747559,4.224999904632568,4.173999786376953,4.179999828338623,0,valid,4.191399955749512,4.260799980163574,4.32455005645752,4.187100024223327,4.162471721757133,4.162471721757133,4.238011133765813,4.271059552997539,4.183314779547218,3.9236002617818873,0.0,-0.014615811681475965,-0.05558072375604595,,,,0.2027445020679928,0.20985409036050343,27.462099147744468,0.0446586165798393,-0.007065277348535126,0.028585382604246746,-0.03565065995278187,-5.301318626497265,-0.22600030899047852,0.07707153047834124,4.522049791804851,4.127050321110189,0.09133885965890018,0.0,0.0,,0,-0.03342549542305587,-0.0016957311369750162,0.004210985143723831,-0.06088527797751634,0.11884361885702033,0.006459318544916522,0.012122681468454506,False,False,False,False
2024-12-06,4.184000015258789,4.215000152587891,4.125999927520752,4.151000022888184,0,valid,4.185999965667724,4.232699966430664,4.315050053596496,4.1943000268936155,4.162259282889189,4.162259282889189,4.220608911590287,4.259625312034743,4.18204753418804,3.925862945972,-0.006937752785019957,-0.006462410383317518,-0.043768729259204164,,,,0.19405148175690648,0.2087860582753725,24.680096552914506,0.0,-0.01489875732574486,0.019888554618248427,-0.03478731194399329,-5.206671712712108,-0.28100013732910156,0.0759286880493164,4.526970197807952,4.103129909385041,0.09822372467490832,0.0,0.0,,0,-0.03801810608699216,-0.010323535209163555,-0.0027050837623911845,-0.06740062375568112,0.11108135842429316,0.0009569825560868323,0.021271564231013472,False,False,False,False
2024-12-09,4.182000160217285,4.198999881744385,4.164000034332275,4.198999881744385,0,valid,4.186599922180176,4.211599969863892,4.3097000360488895,4.203300023078919,4.162927293777466,4.162927293777466,4.216287105621107,4.253851461530899,4.182712332131427,3.928580726427447,0.011563444613716056,0.0007149147977476566,-0.024849128000427934,,,,0.19859120653400933,0.2078237630381705,31.497415560476213,0.19803739403421958,-0.017037264210236103,0.012503390852551524,-0.029540655062787628,-4.6981445558964445,-0.2109999656677246,0.07342866488865443,4.527891883118224,4.091508188979555,0.10125616411548301,0.0,0.0,,0,-0.02568627825104832,-0.0010230393526332654,0.008665197689337038,-0.05661656252169389,0.12392928617376477,0.00746811302292701,0.00836916453161754,False,False,False,False
2024-12-10,4.234000205993652,4.24399995803833,4.2170000076293945,4.2210001945495605,0,valid,4.186199951171875,4.207200002670288,4.305350041389465,4.211680026054382,4.163964309862682,4.163964309862682,4.217229723406798,4.250722769437438,4.184213816932138,3.9314903728764232,0.0052394173433594204,-0.0004735626374661184,-0.020194960867365497,,,,0.1998359246909063,0.20599090373047865,36.09156939649962,0.3314937061811547,-0.016763565001829406,0.006649999681675338,-0.023413564683504744,-4.760829378160036,-0.043999671936035156,0.07114294597080775,4.527124138444988,4.083575944333942,0.10302256259003253,0.0,0.0,,0,-0.019591867334597078,0.0022129336600885756,0.013697496050046424,-0.05167378297793201,0.1298180207684532,0.008335395388181684,0.006376936489212827,False,False,False,False
2024-12-11,4.25,4.2769999504089355,4.201000213623047,4.270999908447266,0,valid,4.204399967193604,4.204099988937378,4.297300028800964,4.222240023612976,4.165842127381709,4.165842127381709,4.227983760414892,4.252653925533612,4.187617193069986,3.934868577210462,0.011845465906935582,0.02177035498702673,-0.03632677029554221,,,,0.1737597732575836,0.20511384420195442,38.57867160231657,0.4100631042513182,-0.012369509356658703,0.00284609787400853,-0.015215607230667234,-3.1519261626825723,-0.031000137329101562,0.07235721179417201,4.511268269471008,4.083331788130921,0.09958263990692079,0.0,0.0,,0,-0.006120149902830227,0.011548345087346774,0.025242862751414335,-0.040440417105543955,0.14320124161450729,0.006870363447953865,0.017882291008444393,False,False,False,False
2024-12-12,4.300000190734863,4.331999778747559,4.269000053405762,4.323999881744385,0,valid,4.233199977874756,4.212299966812134,4.290950012207031,4.23302001953125,4.168568985215549,4.168568985215549,4.247186984680791,4.259448778506067,4.192965533802316,3.9387405304894068,0.012409265847160178,0.03444977495680801,-0.02853298714521646,,,,0.17981438835423327,0.2043478287183103,41.26212056563026,0.4892354948082721,-0.004557992000055577,0.0013652798991957088,-0.005923271899251286,1.3833532732887344,0.0819997787475586,0.07250002452305385,4.492913593703302,4.088986430710761,0.09413466990839715,0.0,0.0,,0,0.007702226649886858,0.021492896748267536,0.037286391824171525,-0.02853298714521646,0.15738752973850537,0.0067900451672312945,0.014651098266818988,False,False,False,False
2024-12-13,4.343999862670898,4.4029998779296875,4.3420000076293945,4.39900016784668,0,valid,4.282800006866455,4.23439998626709,4.290000009536743,4.2440000247955325,4.172474598480483,4.172474598480483,4.277549621313969,4.272739387014696,4.201045323372683,3.943320228373559,0.01734511751929979,0.05974467443773768,-0.004300600374432584,,,,0.18999322458753354,0.20485520720329947,49.180352333373605,1.0,0.007597014415701153,0.002611626802496798,0.004985387613204355,2.254768039008881,0.22100019454956055,0.07464286259242467,4.489612344144076,4.09038767492941,0.09305936324642959,0.0,0.0,,0,0.025407962253526224,0.036522182409415696,0.05429046097696839,-0.01168277764112708,0.17746255245719186,0.004625342616439965,0.014042327861121832,False,False,False,False
2024-12-16,4.36899995803833,4.410999774932861,4.361000061035156,4.396999835968018,0,valid,4.322399997711182,4.2544999599456785,4.288450002670288,4.252320022583008,4.1762166857719425,4.1762166857719425,4.3014396642447785,4.284573715486442,4.208729814062696,3.947834453324748,-0.0004547242105792382,0.04715407473204736,-0.007000934398384562,,,,0.18978074022947908,0.20319902079610258,62.499977422518604,1.0,0.01687402129338711,0.0054641057006748605,0.011409915592712249,3.6539304386553173,0.20099973678588867,0.06757143565586635,4.483990318630606,4.09290968670997,0.09119393526265233,0.0,0.0,,0,0.025312136839683055,0.03402373589397123,0.052866785133124615,-0.012132189409866104,0.17692713172753913,-0.006819779191559972,0.011444201047819378,False,False,False,False
2024-12-17,4.429999828338623,4.434000015258789,4.373000144958496,4.385000228881836,0,valid,4.355200004577637,4.270699977874756,4.287000012397766,4.259500026702881,4.179639366806531,4.179639366806531,4.31815177717219,4.294138145333622,4.215642379349722,3.9521843615392465,-0.0027290442423998362,0.03885335862908579,-0.006569960404367414,0.17277350433154703,,,0.18969989117548924,0.20179167461384354,58.250510964405024,0.8876393483954921,0.022992801372523353,0.008969844835044559,0.014022956537478794,4.954529844607913,0.16200017929077148,0.0677142824445452,4.479018738640921,4.094981286154612,0.08958186409510008,0.0,0.0,,0,0.02285985915574025,0.029463599340812795,0.049133631888487996,-0.014828124370609264,0.17371524551497391,0.007505115670157942,0.013769722948989293,False,False,False,False
2024-12-18,4.418000221252441,4.498000144958496,4.382999897003174,4.49399995803833,0,valid,4.39980001449585,4.302099990844726,4.292750000953674,4.2687200260162355,4.1847096989231725,4.1847096989231725,4.353321413345418,4.313172603686452,4.226558362827706,3.9575755615044117,0.024857405579723046,0.05221260931193439,0.026261650196239383,0.2028907614078439,,,0.20703042390478416,0.20666163983870756,72.8260719332981,1.0,0.03621982625188025,0.014419841118411698,0.02179998513346855,7.10199837493537,0.31400012969970703,0.07057145663670131,4.502442435547716,4.083057566359632,0.09769608504919082,0.0,0.0,,0,0.046881359743741476,0.05277458597638134,0.07390960935587611,0.0,0.20289076140784382,0.007525653511543917,0.026029932593059333,False,False,True,False
2024-12-19,4.5320000648498535,4.593999862670898,4.5279998779296875,4.570000171661377,0,valid,4.449000072479248,4.341100025177002,4.300950002670288,4.2787800312042235,4.190825420712668,4.190825420712668,4.39665716500861,4.337632372065016,4.240026669056478,3.963669338719904,0.01691148516526053,0.05689183548676491,0.03722197667285854,0.2086750314323471,,,0.21373161034264096,0.20779219218624176,84.75178264346961,1.0,0.052232813483392704,0.0219824355914079,0.030250377891984804,8.216910205907158,0.3900003433227539,0.07271429470607213,4.540053204151744,4.061846801188833,0.11118622691870678,0.0,0.0,,0,0.06255598619468866,0.06806148910047902,0.09047734345474813,0.0,0.22323343067482157,0.008455742582630288,0.014563103220828735,False,False,True,False
2024-12-20,4.541999816894531,4.546000003814697,4.484000205993652,4.52400016784668,0,valid,4.474000072479248,4.378400039672852,4.305550003051758,4.287340030670166,4.196031276136637,4.196031276136637,4.422125765576224,4.355381685948984,4.251162884695309,3.9692447698554942,-0.010065645970856574,0.028415547904192984,0.020758123714707644,0.19335275649242556,,,0.21726789018910186,0.20957477254542914,77.70270814505514,0.8826556243520727,0.06051383948886535,0.02968871637089939,0.03082512311796596,8.229673531943238,0.3730001449584961,0.07357140949794225,4.558412833300084,4.052687172803433,0.11745901455985754,0.0,0.0,,0,0.05073687789947506,0.05519975917084429,0.07816168901677252,-0.010065645970856591,0.21092079602193248,-0.006126992060192081,0.013650330321553293,False,False,False,False
2024-12-23,4.550000190734863,4.598999977111816,4.533999919891357,4.598999977111816,0,valid,4.5144001007080075,4.418400049209595,4.315000009536743,4.29786003112793,4.202230794613178,4.202230794613178,4.457500607883342,4.378583427964492,4.264803554986153,3.975510990823219,0.016578206561127296,0.045940447732431444,0.04285717375038378,0.22672709741252572,,,0.22266031727963503,0.2092833812392597,79.37500046566139,0.9104939027397535,0.07229509718964433,0.03820999253464838,0.03408510465499595,10.023927415799161,0.40000009536743164,0.07449994768415179,4.596772675169048,4.033227343904438,0.13060146698009206,0.0,0.0,,0,0.06581691006892099,0.0700674158308631,0.09441870327713915,0.0,0.23099569110754872,0.005747131282835254,0.014285726262785261,False,False,True,False
2024-12-24,4.609000205993652,4.629000186920166,4.583000183105469,4.591000080108643,0,valid,4.5556000709533695,4.455400037765503,4.3313000202178955,4.307720031738281,4.208121238332806,4.208121238332806,4.484200502328402,4.398813585311554,4.277595575579191,3.9816352603683476,-0.0017394862019977086,0.046978298853894485,0.07643616033490619,0.20752236318586426,,,0.1811728253236132,0.20836297774371712,83.96698865678417,0.9869357090210119,0.08006338312373806,0.04658067065246632,0.03348271247127174,10.599856776544069,0.36999988555908203,0.07028566087995257,4.637548091111836,4.025051949323955,0.14141161751179457,0.0,0.0,,0,0.05995891734086855,0.06576101656635525,0.09098569648804301,-0.0017394862019977186,0.2288543910881485,0.002174435514591176,0.009980473369230441,False,False,False,False
2024-12-26,4.63100004196167,4.640999794006348,4.572999954223633,4.578999996185303,0,valid,4.572600078582764,4.486200046539307,4.345150017738343,4.3185400295257566,4.213656742181351,4.213656742181351,4.503160401099783,4.415974195870959,4.289415356779432,3.9875791880879197,-0.0026138278618927924,0.018914116364183498,0.06438864422628021,0.2233502428136831,,,0.18153467391690709,0.20505513236135878,82.33390677480135,0.9597501580857339,0.0842799721537304,0.05412053095271914,0.03015944120101126,9.049776735955884,0.3080000877380371,0.07149992670331683,4.67029056236656,4.020009473110125,0.14965676365643807,0.0,0.0,,0,0.05381862018395383,0.060312041773096355,0.0867045600432128,-0.004348767346390315,0.22564237724251304,0.008712690297335124,0.014683618908781186,False,False,False,False
2024-12-27,4.603000164031982,4.623000144958496,4.574999809265137,4.61899995803833,0,valid,4.5824000358581545,4.515700054168701,4.364000010490417,4.330600032806396,4.219617671826306,4.219617671826306,4.526328312487493,4.435309982744042,4.30234024310331,3.9938619818187697,0.008735523451921967,0.010722053509057083,0.0888731367015212,0.22034342227091508,,,0.17067039510144857,0.20471566696968632,87.26115423485453,1.0,0.08981399217229935,0.06125922319663518,0.02855476897566417,9.429039212144396,0.2950000762939453,0.0685713631766183,4.707174115672718,4.020825905308117,0.1572750249117141,0.0,0.0,,0,0.05843261845438365,0.06659583499911431,0.09464892728993764,0.0,0.2363490049725844,0.0052413557254146915,0.010428054308673681,False,False,True,False
2024-12-30,4.577000141143799,4.577000141143799,4.5370001792907715,4.545000076293945,0,valid,4.586600017547608,4.530300045013428,4.382350015640259,4.339580030441284,4.224333358847576,4.224333358847576,4.530062665248783,4.4457566583202235,4.311856314993139,3.9993459429578264,-0.01602075826296656,0.004641889404982225,0.08784109749699298,0.1805195295784574,,,0.17210449581459433,0.20647623939243515,76.45262213122942,0.7887703772119836,0.08722311709416353,0.06645200197614086,0.020771115118022668,6.4153634680431,0.14599990844726562,0.07099992888314384,4.722885436759918,4.041814594520599,0.1554122422464273,0.0,0.0,,0,0.037114803717914265,0.04733638840894302,0.07590942527647698,-0.016020758262966558,0.2165417564352594,-0.009092837686962958,0.008739340314512487,False,False,False,False
2024-12-31,4.5289998054504395,4.586999893188477,4.520999908447266,4.572999954223633,0,valid,4.58140001296997,4.547900056838989,4.401200008392334,4.349580030441285,4.229314310210092,4.229314310210092,4.5386501230437535,4.457875067453882,4.322097242021786,4.005053943069924,0.0061605891000378055,-0.005653407918586595,0.08984743711397614,0.1487063590985107,,,0.17223490219305754,0.19614597508358173,76.66667389147898,0.7823759231150117,0.08643284207184809,0.0704481699952823,0.015984672076565787,5.758558725464091,0.17600011825561523,0.0724999223436628,4.740035610545,4.062364406239668,0.15397418954219963,0.0,0.0,,0,0.03903479630639498,0.051365861121925656,0.08126273405214669,-0.00995886647165792,0.2240363703196953,-0.003520411567639114,0.014572750624052366,False,False,False,False
2025-01-02,4.520999908447266,4.598999977111816,4.517000198364258,4.574999809265137,0,valid,4.578199958801269,4.566900014877319,4.418799996376038,4.3574400234222415,4.234183120055937,4.234183120055937,4.54592006028803,4.4690298047692405,4.33201498975682,4.0107250462161455,0.0004373179666570248,-0.003485138437010704,0.08335300865273698,0.13636358252753067,,,0.17259517768646893,0.19529871732522588,74.83661301984641,0.7298956038000255,0.08498822367224168,0.07335618073067418,0.0116320429415675,4.000900993477563,0.18999958038330078,0.07292849676949638,4.7552212201371455,4.08237877261493,0.15226813797275954,0.0,0.0,,0,0.035348921204218856,0.049928348909786806,0.08049172167232502,-0.009525903696236454,0.22457166341627782,-0.011371101311369975,0.01813753160984278,False,False,False,False
2025-01-03,4.545000076293945,4.599999904632568,4.539000034332275,4.5960001945495605,0,valid,4.581599998474121,4.577100038528442,4.439600014686585,4.3652800273895265,4.239208357201682,4.239208357201682,4.555936087140337,4.481122222843557,4.342367350729083,4.016548679532896,0.004590248340971437,0.0037126443281110255,0.09952162279783638,0.13959836430548123,,,0.16417976269348084,0.19535693470504034,73.44830591245268,0.6372752769719201,0.08456311778444459,0.07559756814142826,0.008965549643016324,4.525821378333816,0.10200023651123047,0.07278564998081752,4.765119183425752,4.114080845947417,0.146643466826886,0.0,0.0,,0,0.035228439351651104,0.05285346317129777,0.08416473248873244,-0.004979381618902944,0.23019275146267498,-0.006557318955606719,0.013421313372129377,False,False,False,False
2025-01-06,4.585000038146973,4.644000053405762,4.578999996185303,4.618000030517578,0,valid,4.58140001296997,4.581900024414063,4.461500024795532,4.3728000259399415,4.244397284233407,4.244397284233407,4.5683488758157855,4.494158204526798,4.353176475426672,4.022533270089958,0.004786735212523929,-0.00021648138771068748,0.10478474166661433,0.13548073030303143,,,0.16319775181244242,0.19500734606457829,70.77799634092715,0.4318237710117489,0.08502134803180095,0.0774823241195028,0.007539023912298146,5.313564184126762,0.04799985885620117,0.07178565434047154,4.772073370254402,4.150926679336662,0.1392237336020652,0.0,0.0,,0,0.03507788969007538,0.05607391216682276,0.08802256746134189,-0.00021648138771073255,0.23608135842429318,-0.0023934194814946,0.01417667539360125,False,False,False,False
2025-01-07,4.633999824523926,4.698999881744385,4.625999927520752,4.683000087738037,0,valid,4.609000015258789,4.597800016403198,4.4881000280380245,4.3824600315094,4.2503243491456315,4.2503243491456315,4.591279118200236,4.512143145785012,4.366110734733001,4.029105079220784,0.014075369595260456,0.030363038311897794,0.12816190361755253,0.14331051399108374,,,0.15974318777968127,0.19627353540493298,74.23734238085925,0.551067801820808,0.08959664583256721,0.07990518846211568,0.009691457370451531,4.205610401968207,0.15899991989135742,0.0739999498639788,4.777078587457323,4.199121468618726,0.1287754540290965,0.0,0.0,,0,0.04342596165023827,0.06857793432633454,0.10179828715410363,0.0,0.2534796603939267,0.0034646587052002305,0.015753119764335008,False,False,True,False
2025-01-08,4.704999923706055,4.716000080108643,4.672999858856201,4.692999839782715,0,valid,4.632999992370605,4.607200002670288,4.512800025939941,4.391680030822754,4.256226689020792,4.256226689020792,4.611623262516733,4.529367592832411,4.3789299153231855,4.035710997236326,0.0021353303133306856,0.026240954900567992,0.11764705214354709,0.15222192303639792,,,0.15896673432521735,0.19557839120327955,76.1904723288169,0.3283640199723973,0.09295793748251491,0.08251573826619553,0.010442199216319378,2.6914587199374784,0.09399986267089844,0.0727142606462751,4.781468919173214,4.244131132706668,0.11906970913355008,0.0,0.0,,0,0.039930821841643864,0.06861151241555963,0.10261980450632639,0.0,0.25615625350990945,0.004697808147734596,0.009139260775709175,False,False,True,False
2025-01-10,4.693999767303467,4.789999961853027,4.693999767303467,4.776000022888184,0,valid,4.673200035095215,4.625699996948242,4.540550017356873,4.4016400337219235,4.263065811834838,4.263065811834838,4.644498614591023,4.5528563956948656,4.394501292090441,4.043077057193061,0.017685954813352778,0.04393447475472856,0.13148538326420267,0.16544655077902592,,,0.16460658535310993,0.19792906931296317,75.0889827668274,0.2615388661348975,0.10115317560433379,0.08624322573382319,0.0149099498705106,5.570288366312104,0.18499994277954102,0.07142853736877441,4.796672925241047,4.2844271094726984,0.11281580729431882,0.0,0.0,,0,0.05185495251264073,0.08505011457052523,0.12032050024406668,0.0,0.27837257624799616,0.00021306787873196466,0.020451682852278705,False,False,True,False
2025-01-13,4.76800012588501,4.804999828338623,4.758999824523926,4.802999973297119,0,valid,4.714599990844727,4.6480999946594235,4.567150020599366,4.412220029830933,4.27007794380188,4.27007794380188,4.676198886332243,4.576679593561747,4.410520848216193,4.050638479243848,0.005653255921177269,0.045039114444129336,0.12456101059558766,0.18945018480686793,,,0.1632752072248759,0.19470834491437233,72.70955292525454,0.11718364871327279,0.10857504566852949,0.09070958972076446,0.017865455947765035,4.435746840629795,0.2239999771118164,0.06757140159606934,4.815795402593929,4.318504638604802,0.10888426299687569,0.0,0.0,,0,0.05164050920902353,0.08856764640569391,0.12480381775437807,0.0,0.2855995435841408,-0.0016750203025200285,0.009647651552055905,False,False,True,False
2025-01-14,4.788000106811523,4.809000015258789,4.755000114440918,4.788000106811523,0,valid,4.748600006103516,4.665000009536743,4.590350031852722,4.422660036087036,4.276717971532773,4.276717971532773,4.698559130428099,4.596805356728392,4.425323956396402,4.057975410861437,-0.003123020314176439,0.03681248920972657,0.10730810308902039,0.19223116344710545,,,0.16441370534258745,0.19433692777217548,77.38592002975784,0.4008894249120275,0.11195600812831152,0.09495887340227388,0.016997134726037644,4.291004645293306,0.16900014877319336,0.06528568267822266,4.829891022104324,4.350809041601121,0.10436720014352359,0.0,0.0,,0,0.043057734941190806,0.0826064105636578,0.11955011732875788,-0.0031230203141764195,0.2815845900936316,-0.0031230203141764195,0.011278174522396009,False,False,False,False
2025-01-15,4.76200008392334,4.77400016784668,4.63700008392334,4.6529998779296875,0,valid,4.742599964141846,4.675799989700318,4.603050017356873,4.430040035247803,4.2814810336390625,4.2814810336390625,4.689447279928417,4.60215721589042,4.434252423907512,4.063896052324804,-0.028195535896037516,-0.00640619458600955,0.057740327436118566,0.1359862443662263,,,0.1960716173442657,0.20134331482470993,54.98154234878451,0.0,0.10255980936829712,0.09647906059547853,0.006080748772818584,1.6160707972490362,0.10799980163574219,0.07071426936558314,4.826251082565204,4.379848952148542,0.09697963931162994,0.0,0.0,,0,0.010851470304356242,0.050329080755003364,0.08677344156651583,-0.031230500978841554,0.24544962577983806,-0.0054302469315310456,0.028769441728037002,False,False,False,False
2025-01-16,4.684000015258789,4.693999767303467,4.5879998207092285,4.605999946594238,0,valid,4.72519998550415,4.679099988937378,4.613500022888184,4.434940032958984,4.285537520051003,4.285537520051003,4.6727578132615815,4.602523190243165,4.440987620875619,4.069290120924499,-0.01010099560895783,-0.018538226328280616,0.04753243539300889,0.13086177224674245,,,0.20117316399162413,0.2022952125788492,51.29086663739438,0.0,0.09028006015499379,0.09523926050738159,-0.0049592003523877964,-0.2814464507943537,0.03299999237060547,0.07499997956412179,4.814553496368654,4.412446549407714,0.08715876123681239,0.0,0.0,,0,-0.0016256803417658604,0.03857096428903083,0.07477765042164922,-0.04101603743454658,0.2328693445786577,0.006662398053381168,0.022630219096696956,False,False,False,False
2025-01-17,4.572000026702881,4.625,4.567999839782715,4.609000205993652,0,valid,4.6918000221252445,4.68250002861023,4.624700021743775,4.440940036773681,4.289530886544122,4.289530886544122,4.660006291807996,4.603140048886068,4.447576349703778,4.0746603705271776,0.0006513806848027492,-0.03496646065624209,0.05108323042640661,0.10210426337099454,,,0.2003861705701342,0.19568622096142094,52.62239583984608,0.03701747445982936,0.07986967835700298,0.09216534407730587,-0.012295665720302884,1.408143644122739,0.034000396728515625,0.0742142881665911,4.794719317365125,4.454680726122424,0.07352662651500734,0.0,0.0,,0,-0.003394774942441029,0.037843377264347354,0.0744765168731335,-0.040391373804295826,0.2336724118566017,-0.0073816587680374576,0.012467226571385452,False,False,False,False
2025-01-21,4.573999881744385,4.585000038146973,4.552000045776367,4.573999881744385,0,valid,4.646000003814697,4.680299997329712,4.628700017929077,4.446640033721923,4.29300002063193,4.29300002063193,4.642805009795274,4.600364794872575,4.452534135273998,4.079628922877598,-0.007593908154690965,-0.0476785535760752,0.01780149631798733,0.08801139055538032,,,0.18503566373840402,0.19645792748017135,46.03174202706953,0.0,0.06801115189872764,0.08733450564159023,-0.019323353742862592,0.021865898332862344,-0.02200031280517578,0.07485713277544294,4.789274094850279,4.468125941007875,0.06938193285338227,0.0,0.0,,0,-0.011817602344678567,0.028641816530369946,0.06545535983274732,-0.047678553576075186,0.22430401686798657,-0.007593908154690974,0.007214690254434435,False,False,False,False
2025-01-22,4.559999942779541,4.617000102996826,4.559999942779541,4.598999977111816,0,valid,4.608199977874756,4.678399991989136,4.630150008201599,4.450100030899048,4.296686767095543,4.296686767095543,4.634044003258583,4.600234812228693,4.458277893777442,4.084796794064008,0.005465696548705878,-0.039473710418433505,0.006345690232194556,0.08415838412233478,,,0.1761872508550056,0.19600681867824774,55.21233957394005,0.29280300526722075,0.0599395373308278,0.08185551197943775,-0.021915974648609948,0.5245938545849871,-0.01900005340576172,0.07307144573756627,4.789006801298959,4.471293215104239,0.06861842178589028,0.0,0.0,,0,-0.006727650515556741,0.03345990992986435,0.07035961111510812,-0.0424734535330973,0.23099569110754872,-0.003060765047397552,0.012500035292224322,False,False,False,False
2025-01-23,4.638000011444092,4.664000034332275,4.617000102996826,4.638000011444092,0,valid,4.605200004577637,4.673899984359741,4.6358500003814695,4.456040029525757,4.300750020004454,4.300750020004454,4.634835204895685,4.603831497868255,4.465325819960448,4.090301303689681,0.008480111877879892,-0.0032236980182921426,0.02519890348538012,0.10428576715949678,,,0.17389454828013792,0.19508893607649602,56.14366388887637,0.3225063613831574,0.056043664982702524,0.0766931425800907,-0.02064947759738818,0.913834097403643,-0.04500007629394531,0.07300002234322685,4.786646181482154,4.485053819280785,0.06505654026263828,0.0,0.0,,0,0.00046377925568025935,0.04083445855797228,0.07841655289681045,-0.034353521293017976,0.24143467228932886,0.008480111877879918,0.010133663479835844,False,False,False,False
2025-01-24,4.642000198364258,4.6620001792907715,4.605000019073486,4.625999927520752,0,valid,4.6092000007629395,4.667199993133545,4.6371999979019165,4.462440023422241,4.304576489504646,4.304576489504646,4.633068149420699,4.605942776882778,4.471626765354969,4.095631638255164,-0.0025873402099461096,0.004342158306211541,0.0058708307334873755,0.09310020442478306,,,0.16462514981355866,0.19489398893071969,54.73098560025196,0.2774508575041119,0.051395397445611835,0.07163359355319493,-0.020238196107583095,0.17323293526001482,-0.06699991226196289,0.07121433530535017,4.787087828922596,4.487312166881237,0.06464583416220808,0.0,0.0,,0,-0.0024152657608539595,0.03665257196511899,0.07467016529960523,-0.03685197725596943,0.2382226584436934,0.0008624810069632824,0.012279223994296855,False,False,False,False
2025-01-27,4.5320000648498535,4.565000057220459,4.521999835968018,4.5279998779296875,0,valid,4.5929999351501465,4.6423999786376955,4.634049987792968,4.466840019226074,4.307174435881681,4.307174435881681,4.612054495122496,4.5985196436491504,4.473837475652018,4.099933809794215,-0.02118461978523778,-0.017574381523921434,-0.013722544343206411,0.05843852434165697,,,0.18149493927633104,0.1993729837959427,44.48049962572968,0.0,0.03935022208654537,0.06517691925986502,-0.025826697173319646,-3.309848535220017,-0.2480001449584961,0.07428577968052455,4.790529010427759,4.477570965158177,0.06753445605765522,0.0,0.0,,0,-0.022884973218381004,0.013691974290632786,0.051269212643997225,-0.05725590191470522,0.21199138221509747,-0.020319901457775534,0.009488133415078849,False,False,False,False
2025-01-28,4.568999767303467,4.578999996185303,4.545000076293945,4.551000118255615,0,valid,4.588399982452392,4.617199993133545,4.632649993896484,4.4692200183868405,4.309977029931956,4.309977029931956,4.59984361974912,4.593993974564052,4.476863461636473,4.104422031768955,0.00507955851280717,-0.005028369935155763,-0.006114845589214601,0.06481046783591804,,,0.18243066484069437,0.19950148272200197,44.570518839672474,0.0027356956038700523,0.03129946031172004,0.05840142747023602,-0.027101967158515983,-3.0257772506907643,-0.2519998550415039,0.07328578404017858,4.791682980271854,4.473617007521114,0.06865745807902415,0.0,0.0,,0,-0.017624874693413596,0.018298517310027893,0.055922128273491974,-0.05246717810587731,0.21814776335807712,0.009054746130542178,0.007441436117958811,False,False,False,False
2025-01-29,4.526000022888184,4.591000080108643,4.510000228881836,4.554999828338623,0,valid,4.5795999526977536,4.593899965286255,4.629449987411499,4.471300010681152,4.312761379913851,4.312761379913851,4.590874861467021,4.590280246352106,4.479927632879694,4.108905392928852,0.0008788639813397392,-0.009567329635175481,-0.01385584115200722,0.06774497146913028,,,0.17940851663230487,0.19940462720824947,38.489199995197325,0.0,0.024954259608017892,0.051711993897792394,-0.0267577342897745,-4.627307233887223,-0.2330002784729004,0.07328578404017858,4.792172227337235,4.466727747485764,0.07029873543000295,0.0,0.0,,0,-0.016081858379574855,0.018719347272052114,0.05616783009441881,-0.05163442563757735,0.21921834955124211,-0.005493318988753202,0.01789656447573725,False,False,False,False
2025-01-30,4.49399995803833,4.5370001792907715,4.48799991607666,4.51200008392334,0,valid,4.5543999671936035,4.57979998588562,4.627799987792969,4.4731800079345705,4.315000017037552,4.315000017037552,4.575099905958284,4.582824992787462,4.481185376057877,4.112916285376558,-0.009440119876133246,-0.027166866582546745,-0.007260724272091568,0.05322132780006328,,,0.17334226790735155,0.2004747128143881,34.63501356838921,0.0,0.01626839044682704,0.044623273207599325,-0.028354882760772283,-6.058711034595666,-0.14099979400634766,0.07500004768371582,4.794742302038858,4.460857673547079,0.07214759267308156,0.0,0.0,,0,-0.02502266826031406,0.008678406842539295,0.04565470825213051,-0.06058711034595663,0.207708782176297,-0.01339184908872804,0.010903485463204224,False,False,False,False
2025-01-31,4.525000095367432,4.568999767303467,4.501999855041504,4.568999767303467,0,valid,4.542999935150147,4.576099967956543,4.627599978446961,4.476000003814697,4.317822236484951,4.317822236484951,4.573879878227321,4.581508304646128,4.4846290776753515,4.117454429475334,0.01263290831558761,-0.012321695008722933,-0.0008747402055999665,0.047695414665722025,,,0.1780050869100973,0.19882880090747282,31.616324933492677,0.0,0.013824810827251177,0.038463580731529695,-0.024638769904278518,-4.573941825867999,-0.037000179290771484,0.07285717555454799,4.794828073249156,4.460371883644766,0.07227422231007853,0.0,0.0,,0,-0.012663197211605236,0.020777427035189953,0.058172272284880804,-0.04871959344047592,0.2229656564934601,0.002881208156536167,0.014806610132573372,False,False,False,False
2025-02-03,4.50600004196167,4.557000160217285,4.461999893188477,4.543000221252441,0,valid,4.546000003814697,4.569499969482422,4.625999999046326,4.4785800075531,4.320296719834045,4.320296719834045,4.567703946832345,4.577840868132444,4.486918142129355,4.121688715960678,-0.005690424026081664,0.003312796759529224,-0.0069944457588589914,0.054304990755401183,,,0.17913823123221329,0.19752388299424425,26.868341140625432,0.0,0.009678739806963321,0.03270661254661642,-0.0230278727396531,-2.36405887734924,-0.06599998474121094,0.07721430914742607,4.795937456254208,4.456062541838444,0.07347058246559261,0.0,0.0,,0,-0.017942018549717963,0.014384071199062359,0.05154819584404642,-0.054132782321503016,0.2160064633386769,-0.013788515769388639,0.021083059508239726,False,False,False,False
2025-02-04,4.577000141143799,4.5980000495910645,4.508999824523926,4.513000011444092,0,valid,4.538399982452392,4.563399982452393,4.621849989891052,4.4812600040435795,4.322391320829806,4.322391320829806,4.556763159754694,4.5716655484478395,4.487940960533854,4.1255823606918565,-0.006603611786767383,-0.008349836480797235,-0.01805922097303203,0.052226620498661225,,,0.17949988307828665,0.19780219497599227,26.169841585974865,0.0,0.003926915406847087,0.026950673118662557,-0.02302375771181547,-2.0191041300144263,-0.06099987030029297,0.07971433230808803,4.798782072834178,4.444917906947926,0.07656331699648986,0.0,0.0,,0,-0.02355117078335248,0.007082831027852058,0.04409797180920054,-0.06037892222888164,0.20797642872458827,0.007484023384437371,0.019445099917540617,False,False,False,False
2025-02-05,4.464000225067139,4.473999977111816,4.400000095367432,4.421999931335449,0,valid,4.511800003051758,4.545699977874756,4.612049984931946,4.4815799999237065,4.323462381157824,4.323462381157824,4.529810514070846,4.5574116801514215,4.485355037820191,4.128531789255475,-0.020163988450672243,-0.029198661254765335,-0.0424426370478308,-0.0009037927729975692,,,0.1906140129940246,0.1916323031727346,28.330211078725554,0.07207520852425828,-0.00788351654386954,0.019983835186156138,-0.027867351730025677,-4.0572850141126775,-0.1770000457763672,0.07700003896440778,4.810307123200115,4.413792846663776,0.08597354274819062,0.0,0.0,,0,-0.04120728400980258,-0.01329443379104502,0.02279135135003469,-0.07932543078906672,0.1836188059671013,-0.010857475349589892,0.01657703360516112,False,False,False,False
2025-02-06,4.447999954223633,4.460000038146973,4.4120001792907715,4.440000057220459,0,valid,4.497399997711182,4.525899982452392,4.5998999834060665,4.4817399978637695,4.324702143669128,4.324702143669128,4.511848422700769,4.546229620824663,4.483576411130006,4.131630976001396,0.004070584840460079,-0.015957452429893215,-0.05188981976614715,0.02280579942061145,,,0.1824906940617578,0.1875328299600274,33.53176311419962,0.24561170256594575,-0.015610955847263241,0.012864876979472263,-0.028475832826735506,-2.9295983381797175,-0.1979999542236328,0.07285717555454799,4.809319130446338,4.3904808363657954,0.09105378281951403,0.0,0.0,,0,-0.03476160933116793,-0.009313333808566757,0.02666031317789448,-0.07557774684463954,0.18843682673555448,0.005879697714136227,0.010791335285564141,False,False,False,False
2025-02-07,4.443999767303467,4.513000011444092,4.3979997634887695,4.486999988555908,0,valid,4.48100004196167,4.511999988555909,4.589599990844727,4.483280000686645,4.326410542036358,4.326410542036358,4.506878735871798,4.540588703465733,4.483710669068277,4.135166986076565,0.010585569984175258,-0.017946986851337332,-0.04389513280621471,0.04203431167629734,,,0.18778566662283983,0.18781353500293127,38.868590432451384,0.42366131079809816,-0.017738032507240042,0.006744295082129802,-0.024482327589369843,-2.43531178763442,-0.13899993896484375,0.07700003896440778,4.80000052596169,4.379199455727764,0.09168578330864009,0.0,0.0,,0,-0.022354889858262995,0.0008297469416796061,0.037118402185651975,-0.06579221038893451,0.20101710793673483,0.0009008355926715285,0.025877644909307048,False,False,False,False
2025-02-10,4.491000175476074,4.499000072479248,4.458000183105469,4.493000030517578,0,valid,4.471000003814697,4.508500003814698,4.575449991226196,4.487840003967285,4.328145849208037,4.328145849208037,4.504102994800954,4.5360564488992425,4.484074957752563,4.138727513881949,0.001337205700239208,-0.011005984657662893,-0.059254604483746864,0.042943347031517254,,,0.17325723669613743,0.18781627555764233,42.19653975805318,0.5346898373560754,-0.018723766913330664,0.0016506826830377085,-0.020374449596368374,-3.126347144647079,-0.034999847412109375,0.07585716247558594,4.770578537357883,4.380321445094509,0.08529370728818458,0.0,0.0,,0,-0.018020076903194793,0.0011497795255025092,0.03808886924171138,-0.06454298240745879,0.20262311485955256,0.0008915058904320238,0.009129344861233067,False,False,False,False
2025-02-11,4.534999847412109,4.546999931335449,4.525000095367432,4.5370001792907715,0,valid,4.475800037384033,4.507100009918213,4.562150001525879,4.492540006637573,4.33029898663157,4.33029898663157,4.510682431698918,4.5361463279841505,4.486150456636414,4.142690425975569,0.009793044396691153,0.005318007486332821,-0.055382010302978735,0.023691339187212224,,,0.1765882714987111,0.17956932208944643,44.237933042444745,0.602795708664786,-0.015772706310402285,-0.00183399511565029,-0.013938711194751995,-1.9239029317857925,-0.01399993896484375,0.07564285823277064,4.725675991332286,4.3986240117194715,0.07168812500760112,0.0,0.0,,0,-0.005512712696140129,0.009896444458482279,0.04773369998176244,-0.055382010302978735,0.21440045641585917,0.009347833654408636,0.004851121655620728,False,False,False,False
2025-02-12,4.534999847412109,4.659999847412109,4.5269999504089355,4.63700008392334,0,valid,4.518800067901611,4.515300035476685,4.55460000038147,4.500440006256103,4.33342858966516,4.33342858966516,4.535945962143803,4.545751447597406,4.492066128294725,4.1476089300347505,0.022040974362095067,0.04862056895667122,-0.031537180350803995,0.04178833102074653,,,0.19732392200703444,0.18479823557681282,49.91653352629731,0.831433500298587,-0.005303675482029924,-0.002527931188926217,-0.002775744293103707,2.4072484304811903,0.0820002555847168,0.08049998964582171,4.6847600426024085,4.424439958160531,0.05715542186362678,0.0,0.0,,0,0.018091618042192226,0.030343716942655162,0.07005342028299967,-0.03456170941009296,0.2411670257410376,-0.0004408930570011137,0.0293274314174608,False,False,False,False
2025-02-13,4.60099983215332,4.61899995803833,4.514999866485596,4.525000095367432,0,valid,4.5358000755310055,4.516600036621094,4.548200011253357,4.50738000869751,4.335363655379324,4.335363655379324,4.533756788788529,4.543775128337408,4.493357656415224,4.1513640660082105,-0.02415354464715591,0.01914415248908452,-0.02750908788315043,0.024219073960267234,,,0.1904815808573645,0.19103561259983626,42.77539927471574,0.699278776617481,-0.00597547462685899,-0.0032174398765127715,-0.0027580347503462182,-0.571303498408815,0.013000011444091797,0.08514285087585449,4.670327808912919,4.426072213593795,0.05370379374582837,0.0,0.0,,0,-0.005100900538349905,0.00390916377938445,0.043741760798498716,-0.057880466265930186,0.2111884425702237,-0.00776369444003976,0.022603802509608254,False,False,False,False
2025-02-14,4.531000137329102,4.5329999923706055,4.447000026702881,4.4720001220703125,0,valid,4.532800102233887,4.506900072097778,4.5415000200271605,4.512900009155273,4.336730020046234,4.336730020046234,4.521405455444886,4.536939413454828,4.492520106048757,4.1545544745262415,-0.011712701034278239,-0.003342961115188947,-0.029092450299094685,0.009936799692532583,,,0.19154934965996095,0.19261602753139784,45.71866870428483,0.8232231743030951,-0.01066163450902291,-0.0047062788030148,-0.00595535570600811,-1.822167055900492,-0.0969996452331543,0.0838571275983538,4.664971719749091,4.41802832030523,0.054374853760847094,0.0,0.0,,0,-0.015303291346552129,-0.009062883512151265,0.03119172773006427,-0.06891523070311094,0.19700215444622562,0.0013259760961801077,0.018980349384500172,False,False,False,False
2025-02-18,4.519000053405762,4.546000003814697,4.506999969482422,4.544000148773193,0,valid,4.54300012588501,4.507000064849853,4.5382500171661375,4.519320011138916,4.344780020713806,4.3387821995385805,4.525924394110548,4.53761186443753,4.494538931253637,4.158429555862032,0.0161001844225237,0.011351016672425995,-0.014102854049763636,0.029451770147207013,,,0.20134879642165648,0.19519198491263628,49.502135256420694,0.982549221132862,-0.008468035312096056,-0.005458630104831052,-0.0030094052072650044,0.7092212822396027,0.0009999275207519531,0.08549996784755162,4.657593584160858,4.418906450171417,0.0525945316116555,0.0,0.0,,0,0.0012670372027335883,0.005461028998488136,0.04729851368350256,-0.05392459420442802,0.21627410988696816,0.010509823357001744,0.008630235421856848,False,False,False,False
2025-02-19,4.565999984741211,4.576000213623047,4.5289998054504395,4.534999847412109,0,valid,4.542600059509278,4.5092000484466555,4.536300015449524,4.526420011520385,4.3527700185775755,4.340705901968713,4.52773948477086,4.537363100911299,4.496125633848088,4.162176523937156,-0.001980700058628715,-0.0004408930570011238,-0.008526461596103485,0.03562449276844193,,,0.1997546441884459,0.19446650988832068,48.587571382484846,0.9440359041523653,-0.007370874393882509,-0.005841078962641344,-0.0015297954312411656,-0.7441436117958777,0.021999835968017578,0.0830714362008231,4.654452614210646,4.418147416688402,0.052092056679991665,0.0,0.0,,0,-0.00028661420827252946,0.0018955014934290333,0.044760909822357496,-0.05579848581615451,0.21386503568620643,0.004841513038673024,0.010293562928093457,False,False,False,False
2025-02-20,4.506999969482422,4.525000095367432,4.492000102996826,4.5,0,valid,4.51520004272461,4.51700005531311,4.531350016593933,4.5328200149536135,4.3599600195884705,4.342252446609793,4.522191587816689,4.533804710348319,4.496277569775614,4.165537951559672,-0.007717717439854388,-0.029544981980553442,-0.0215264139170509,0.021334511970279024,,,0.20014275088074693,0.1948679729798544,49.14285091477828,0.9674193519896008,-0.00921928743506406,-0.006516720657125887,-0.002702566777938174,-0.9465159400891876,0.07800006866455078,0.08135713849748884,4.6467044178535275,4.415995615334339,0.05091392226915303,0.0,0.0,,0,-0.006918471642916228,-0.007240529040496084,0.03632850814866101,-0.06308556630890808,0.20449676833066155,-0.0061741739518835015,0.00732194200001185,False,False,False,False
2025-02-21,4.484000205993652,4.500999927520752,4.406000137329102,4.420000076293945,0,valid,4.494200038909912,4.515000057220459,4.520450019836426,4.538200016021729,4.366250021457672,4.343000019972141,4.50175328551214,4.522966173771712,4.493286295521431,4.168069912999814,-0.017777760823567745,-0.023204423615588943,-0.047003004444208685,-0.0027076000653284416,,,0.20526367137107035,0.19804293809606593,39.69573438523296,0.5695906121682073,-0.016944171481657833,-0.008602210822032276,-0.008341960659625556,-2.060712052167446,-0.019999980926513672,0.0833571297781808,4.63456438462646,4.406335655046393,0.05048805507826976,0.0,0.0,,0,-0.02222122644906837,-0.026045555354653496,0.017729692831615046,-0.0797418070232167,0.1830835128705188,-0.003555509779188368,0.021186392914225676,False,False,False,False
2025-02-24,4.436999797821045,4.451000213623047,4.388999938964844,4.39300012588501,0,valid,4.478400039672851,4.505600070953369,4.508800029754639,4.542080020904541,4.37269002199173,4.343476211457025,4.480002653586714,4.510588454925359,4.489353504555297,4.1703080245708115,-0.006108585959929247,-0.01766547272559771,-0.05036744601952803,-0.0038548122710424515,,,0.2057035200110263,0.19818010364488953,39.640883886931704,0.5672807957761347,-0.02495717728888458,-0.011873204115402738,-0.013083973173481842,-0.6558074604420372,-0.09399986267089844,0.08014287267412458,4.625096534903965,4.392503524605313,0.051586455101959694,0.0,0.0,,0,-0.025683087097550995,-0.032821943764399404,0.01140190760049582,-0.08536328330034457,0.17585654553437413,0.0038460907768475498,0.013973467992640137,False,False,False,False
2025-02-25,4.328999996185303,4.335000038146973,4.2829999923706055,4.297999858856201,0,valid,4.429199981689453,4.486100053787231,4.497300028800964,4.543620014190674,4.377650020122528,4.343047189262678,4.443602094640612,4.490341921966391,4.4818494400180775,4.171578590086089,-0.021625373163327577,-0.05413738597332751,-0.050795058585259456,0.007737395874245934,,,0.20623973812578753,0.19142903852708945,36.37515758581552,0.3726872201890482,-0.03852912989469193,-0.017204389271260577,-0.02132474062343135,-3.1982026246448525,-0.19500017166137695,0.08164286613464355,4.646449366689239,4.34815069091269,0.06632839122723119,0.0,0.0,,0,-0.04431551568017112,-0.054058251915290005,-0.010372286655748818,-0.1051426436078554,0.15042820895065195,-0.01456866102110881,0.012012022596948353,False,False,False,False
2025-02-26,4.290999889373779,4.314000129699707,4.247000217437744,4.249000072479248,0,valid,4.372000026702881,4.457300043106079,4.482200026512146,4.543180017471314,4.382710020542145,4.34216824424601,4.404681690208339,4.467356983919997,4.472718092271457,4.172348953094976,-0.011400602137291216,-0.06306500210712618,-0.06635905030301847,-0.012319844893807885,,,0.20647884137966957,0.19205309825933017,38.42036087689498,0.29836229863104263,-0.05263216256014225,-0.02428994392903691,-0.028342218631105337,-5.304210311648738,-0.28800010681152344,0.07835715157645089,4.665661028267378,4.298739024756914,0.0818620323368269,0.0,0.0,,0,-0.05202801139028239,-0.06475198954493623,-0.02145660106335657,-0.1153445562977104,0.1373126346528891,-0.001628657448184452,0.015614055928521763,False,False,False,False
2025-02-27,4.284999847412109,4.308000087738037,4.26800012588501,4.284999847412109,0,valid,4.328999996185303,4.422100019454956,4.46870002746582,4.542400016784668,4.387710018157959,4.3416389072382895,4.380745321649094,4.4499896375859125,4.465356592473051,4.173469857516042,0.008472528669988044,-0.04777781168619788,-0.059275519451554515,0.010136667461395188,,,0.21026473015929414,0.19065714041300486,39.869265564684376,0.2580319750538244,-0.06020997348503698,-0.03147394984023692,-0.02873602364480006,-4.629427591646551,-0.35200023651123047,0.0791428770337786,4.668604378825746,4.268795676105894,0.08946868222581993,0.0,0.0,,0,-0.04110819229857461,-0.05666611668312706,-0.013045548244869618,-0.10784928768788184,0.14694854855672523,0.008472528669987956,0.009334880578160346,False,False,False,False
2025-02-28,4.25600004196167,4.2769999504089355,4.214000225067139,4.230999946594238,0,valid,4.291199970245361,4.3927000045776365,4.454650020599365,4.539040012359619,4.391520018577576,4.340623870902105,4.350796246638123,4.429133476539087,4.456166135771921,4.174042296213337,-0.012602077652461019,-0.04276020960121307,-0.062278398072360464,0.012685489142139295,,,0.21184937065508086,0.18987025985916964,33.41968287851583,0.0,-0.06976853568818875,-0.039132867009827293,-0.030635668678361455,-6.744549715763237,-0.29400014877319336,0.07599997520446777,4.679663091910059,4.229636949288671,0.10102390547862561,0.0,0.0,,0,-0.05020598093473455,-0.06786458478590195,-0.025255338303496855,-0.11909224024213758,0.13249461388443592,-0.006767749470972245,0.014802566898650482,False,False,False,False
2025-03-03,4.254000186920166,4.25600004196167,4.170000076293945,4.179999828338623,0,valid,4.248599910736084,4.363499975204467,4.435200023651123,4.534700012207031,4.39351001739502,4.3391636523333466,4.316636962978223,4.405406462424756,4.445336084500028,4.174101575139957,-0.012053916071700255,-0.04848629443266317,-0.08513897106071067,-0.003813219843971094,,,0.20552343679454238,0.1913431121222232,30.84453881320647,0.0,-0.08053074017329287,-0.04741244164252041,-0.03311829853077246,-9.855515361519062,-0.29200029373168945,0.079214266368321,4.684530709435465,4.185869337866781,0.11243266795398736,0.0,0.0,,0,-0.057539726269755745,-0.07821910664731621,-0.03668076079802489,-0.12971062844516834,0.11884361885702033,0.005436123993440812,0.020216258083897105,False,False,False,False
2025-03-04,4.133999824523926,4.2179999351501465,4.105999946594238,4.210000038146973,0,valid,4.230999946594238,4.330099964141846,4.41855001449585,4.531200008392334,4.3953500175476075,4.338000016169505,4.295309578011974,4.386796326779253,4.4361072199371625,4.174458773776844,0.007177083980951515,-0.020474598324590754,-0.07329961850929989,-0.0030783829721600098,,,0.20945604394295178,0.19145563204017818,29.63884483077031,0.0,-0.08565175840143091,-0.05506030499430251,-0.030591453407128398,-6.961327084676682,-0.3340001106262207,0.0833571297781808,4.681663838742396,4.155436190249303,0.11909509833920809,0.0,0.0,,0,-0.0471987361611142,-0.07088629273712481,-0.02950667993209402,-0.12346448853778971,0.126873653471109,-0.011004786053539233,0.027092402832602006,False,False,False,False
2025-03-05,4.230999946594238,4.283999919891357,4.184999942779541,4.264999866485596,0,valid,4.234199905395508,4.303099966049194,4.406150007247925,4.526620006561279,4.397670016288758,4.3373482291187555,4.289247635706698,4.375196663894143,4.429397127644944,4.175359680171956,0.013064092123578952,0.003765543359243173,-0.05495239183018297,0.020334938190836427,,,0.2173461208667105,0.19209084092884393,25.46172374768895,0.0,-0.08430041306140446,-0.060908326607722905,-0.02339208645368155,-4.62880701999816,-0.26999998092651367,0.08092856407165527,4.673857170062771,4.138442844433079,0.12151522865743522,0.0,0.0,,0,-0.032034801477512934,-0.05779591388198438,-0.016680321434061854,-0.11201334786645899,0.14159523469168955,0.004988101723749322,0.023398718591690567,False,False,False,False
2025-03-06,4.2769999504089355,4.343999862670898,4.267000198364258,4.285999774932861,0,valid,4.234399890899658,4.28169994354248,4.399349999427796,4.520939998626709,4.3998600149154665,4.336893818019766,4.288598063551931,4.366701722088306,4.4237737020483925,4.176460576637239,0.004923777046813793,0.00023335532237078738,-0.030755350184167862,0.02535883993956256,,,0.20873309237799884,0.19231111758164562,32.08392908207034,0.27546139682243515,-0.080605771872583,-0.06484781566069493,-0.015757956211888066,-5.677824942633158,-0.21400022506713867,0.07785711969648089,4.672221243389596,4.126478755465995,0.12405070930809851,0.0,0.0,,0,-0.025765220887103146,-0.05196711829071241,-0.011735136994924764,-0.10764109957080685,0.1472161951050165,0.002813618827432236,0.018003195043123272,False,False,False,False
2025-03-07,4.250999927520752,4.328000068664551,4.210999965667725,4.316999912261963,0,valid,4.251599884033203,4.271399927139282,4.393199992179871,4.516799993515015,4.40207001209259,4.336719310074522,4.294278433293938,4.36196821639056,4.419586494605788,4.177858977986738,0.007232883564392445,0.02032615616952449,-0.027702734993993894,0.039990336896765344,,,0.21014513328711693,0.19216619792550876,37.984479504503334,0.5209043843640522,-0.07431958024970253,-0.06674216857849646,-0.007577411671206069,-4.807054961083357,-0.10300016403198242,0.08007141521998815,4.667752856549968,4.118647127809774,0.12498992299864148,0.0,0.0,,0,-0.017345005930426132,-0.04423487458818512,-0.004547077272617005,-0.10118677154635322,0.15551387626739638,-0.008166087085867297,0.027522960477927464,False,False,False,False
2025-03-10,4.23199987411499,4.250999927520752,4.197999954223633,4.2129998207092285,0,valid,4.258199882507324,4.253399896621704,4.379499983787537,4.5090799903869625,4.403470010757446,4.335643488427867,4.278022710776996,4.347780750135195,4.411485056413767,4.178208638113331,-0.02409082549604269,0.00789473534110674,-0.061065337317922186,0.0033341127313935015,,,0.2199100593357967,0.19739858279046982,25.55389175163336,0.0038920446351260757,-0.07684385815906314,-0.0687625064946098,-0.00808135166445334,-6.377781762017143,-0.18000030517578125,0.08328570638384138,4.66158672509971,4.097413242475364,0.1288214373131314,0.0,0.0,,0,-0.0380180759663603,-0.06566309985827615,-0.028287304536450727,-0.12283992418656475,0.12767659311598273,-0.019689608495367213,0.01252362355237609,False,False,False,False
2025-03-11,4.23799991607666,4.295000076293945,4.188000202178955,4.288000106811523,0,valid,4.273799896240234,4.252399921417236,4.369249987602234,4.503019990921021,4.405370011329651,4.33523276962083,4.280018189983902,4.34208735553294,4.406642509370542,4.179301090538188,0.017802109967730573,0.01852733205648205,-0.04562651286749253,0.01587299435533729,,,0.2317199270831653,0.2004424729157109,33.378214639606114,0.3342953583273286,-0.07196292648263558,-0.06940259049221496,-0.0025603359904206174,-2.9864245973746817,-0.009999752044677734,0.08757138252258301,4.6488587873122285,4.089641187892239,0.12798938055885378,0.0,0.0,,0,-0.01859584162528058,-0.047750150908283794,-0.01089506961201471,-0.10722462405763107,0.14775161583466923,0.005934036655910194,0.02524772917269089,False,False,False,False
2025-03-12,4.309000015258789,4.331999778747559,4.250999927520752,4.317999839782715,0,valid,4.284399890899659,4.259299898147583,4.358299970626831,4.497799987792969,4.408170008659363,4.335085479622213,4.287614519943665,4.339793306413871,4.40316632624945,4.180681177595348,0.006996206208935707,0.012426723319171273,-0.048269854717592486,0.011004432765847616,,,0.23000137976134552,0.1994978436147176,37.6693644367312,0.8473090582768167,-0.06492560329134811,-0.06850719305204159,0.0035815897606934766,-1.7072680162326548,0.0689997673034668,0.09028567586626325,4.627195774184642,4.08940416706902,0.12339481236723465,0.0,0.0,,0,-0.009246754724484937,-0.03997513195300629,-0.003941246353690692,-0.10097858342927823,0.15578152281568763,0.0048973665867934795,0.018797830341140524,False,False,False,False
2025-03-13,4.329999923706055,4.353000164031982,4.258999824523926,4.27400016784668,0,valid,4.281999969482422,4.25819993019104,4.340149974822998,4.490899991989136,4.4107500123977665,4.334567807488522,4.284891649524268,4.333527293216996,4.398100986704243,4.181609724762028,-0.010189827134928553,-0.002799721819016998,-0.07828335335494063,-0.011563301402666593,,,0.21241165873489357,0.19899508959693268,39.601141149300375,0.9813899956849186,-0.06218208341510856,-0.06724217112465498,0.005060087709546426,-0.5583920846360502,-0.010999679565429688,0.09021428653172084,4.576923366022688,4.103376583623308,0.10910839144877527,0.0,0.0,,0,-0.015241364321521116,-0.048297629546274014,-0.013973166952701501,-0.11013945625473251,0.14400430889245128,0.002779083920471775,0.021709085719244445,False,False,False,False
2025-03-14,4.315999984741211,4.323999881744385,4.290999889373779,4.308000087738037,0,valid,4.280200004577637,4.26589994430542,4.329299974441528,4.486159992218018,4.412870011329651,4.334344549339359,4.289513337167023,4.331096130790428,4.394567618117334,4.182867340314028,0.007955058155387773,-0.0020847404926654933,-0.047955801780325547,-0.020686537084900203,,,0.2023078702554036,0.19638922203119746,44.00563596255246,1.0,-0.056611729977545266,-0.06511608289523305,0.00850435291768778,1.3885623500204725,0.07700014114379883,0.0893571036202567,4.549731313418298,4.108868635464758,0.10183232406075306,0.0,0.0,,0,-0.004919937825800274,-0.03971323019888463,-0.006078072774656772,-0.10306056387905392,0.1531049296997049,0.009826816856605677,0.007645966748673231,False,False,False,False
2025-03-17,4.2789998054504395,4.330999851226807,4.257999897003174,4.306000232696533,0,valid,4.298800086975097,4.278499984741211,4.320999979972839,4.480819997787475,4.4152000141143795,4.334108346700669,4.292810716272925,4.328706045257675,4.391094387316518,4.184092543223307,-0.0004642188952586057,0.022074629941866153,-0.03711983113652728,-0.020695839587505982,,,0.19934161756117394,0.19638926054305256,50.649381813903226,1.0,-0.05176187762974571,-0.06244524184213558,0.01068336421238987,0.49009068920053966,0.12600040435791016,0.08671423367091588,4.531064696759276,4.110935263186403,0.0972296772784326,0.0,0.0,,0,-0.0034713601818624484,-0.03901512785098797,-0.006485327951141953,-0.10347694011320391,0.15256963660312242,-0.006731727413409727,0.01706005083960229,False,False,False,False
2025-03-18,4.320000171661377,4.339000225067139,4.265999794006348,4.281000137329102,0,valid,4.297400093078613,4.285599994659424,4.307849979400634,4.474940004348755,4.416190013885498,4.333669435879416,4.290448600484161,4.324162625454954,4.386776965748384,4.1850567978910265,-0.005805874132936539,-0.0016324555289312093,-0.05787852175029029,-0.023717237428572346,0.14495855667937696,,0.1880786729701688,0.19665465806848503,52.70271032200227,1.0,-0.04936656641642401,-0.05982950675699327,0.010462940340569264,1.181758245473663,0.0710000991821289,0.08714284215654645,4.49024145641108,4.125458502390189,0.08467865774463301,0.0,0.0,,0,-0.00623277091818981,-0.043339098810527645,-0.012153510859470092,-0.1086820401561818,0.14587796236356024,0.0032512629373632456,0.016898247259262644,False,False,False,False
2025-03-19,4.293000221252441,4.322999954223633,4.251999855041504,4.25600004196167,0,valid,4.285000133514404,4.284700012207031,4.293899989128112,4.468140001296997,4.416710014343262,4.333032801503041,4.2835588887796625,4.317670950836546,4.381648458933219,4.1857627008171026,-0.0058397791556785705,-0.014358453015636208,-0.061521458619155256,-0.052959483377598704,0.13918628812399803,,0.18832454666446757,0.18980901148432996,47.50431902958279,0.8091702267009204,-0.048921625735395935,-0.0576479305526738,0.008726304817277868,1.81818700344909,-0.008999824523925781,0.08799999100821358,4.442731154944297,4.145068823311928,0.0693221389380356,0.0,0.0,,0,-0.008826462484548504,-0.047478359960464074,-0.01777802363154279,-0.11388714019915969,0.13918628812399808,0.002803102905487559,0.016538573380603112,False,False,False,False
2025-03-20,4.190999984741211,4.245999813079834,4.173999786376953,4.232999801635742,0,valid,4.276800060272217,4.27940001487732,4.2805499792098995,4.46043999671936,4.416620011329651,4.3322195250813555,4.273447071350879,4.309607031865041,4.375819099823514,4.186232721720771,-0.005404191752621856,-0.009592972531770938,-0.059333377414279465,-0.07374187250919106,0.11954507135942039,,0.18775076845335806,0.1863755450244448,50.181804940724824,0.9074591012186572,-0.0498502910883909,-0.056088402659817224,0.0062381115714263274,0.5463126669920992,-0.05299997329711914,0.08878575052533831,4.395608832498446,4.165491125921353,0.05375891128353758,0.0,0.0,,0,-0.011108427142564081,-0.0509905290175184,-0.022902746010718397,-0.11867586400798759,0.1330299069810184,-0.015272569685055559,0.017179677157008334,False,False,False,False
2025-03-21,4.210000038146973,4.25600004196167,4.199999809265137,4.251999855041504,0,valid,4.26560001373291,4.272900009155274,4.272149968147278,4.451819992065429,4.4171400117874144,4.331572592258453,4.269157628089005,4.304120634072323,4.3709634431653965,4.186887121057295,0.004488555231781488,-0.012999125245128917,-0.03800909917479123,-0.060123851174532894,0.12160379296235635,,0.18100056681927645,0.18580700828608446,56.94980783835408,1.0,-0.0484941096421192,-0.054569544056277626,0.006075434414158427,-0.3048068429320705,-0.06500005722045898,0.08664291245596749,4.367118816188258,4.177181120106297,0.04445951043341572,0.0,0.0,,0,-0.004716621199164583,-0.04488504417969931,-0.01837040370953607,-0.11471999194648543,0.13811557429776286,-0.005433443082109718,0.013301717859646778,False,False,False,False
2025-03-24,4.302000045776367,4.339000225067139,4.288000106811523,4.330999851226807,0,valid,4.2705999374389645,4.284700012207031,4.269049954414368,4.444579992294312,4.4181300115585325,4.331568010330201,4.281526072716565,4.306680559515607,4.369396243481531,4.18832107857142,0.018579491740018383,0.005805763395098085,-0.014113424284437626,-0.05827356538786388,0.15524133568839238,,0.19408124220219097,0.18665740005908885,60.67017917137968,1.0,-0.04057694089715724,-0.051771023424453555,0.011194082527296312,1.049931839873941,0.11800003051757812,0.08485722541809082,4.350493491687553,4.187606417141183,0.038155345167122885,0.0,0.0,,0,0.014511401242419317,-0.025554752364547826,-0.0001311670743802094,-0.0982719393492518,0.15926118320961435,0.011759217412855539,0.011854978547870149,False,False,False,False
2025-03-25,4.361999988555908,4.363999843597412,4.297999858856201,4.307000160217285,0,valid,4.275799942016602,4.286600017547608,4.269499969482422,4.435199995040893,4.418420014381408,4.331373027392796,4.286620890216709,4.306710997677672,4.366949338255482,4.189501964955956,-0.005541374240113028,0.00607335250038199,0.0020940673933571574,-0.06186014265646378,0.1328248575383162,,0.1788109904410425,0.18689012727905122,53.917939493253556,0.8077177237611611,-0.03582612089662618,-0.04858204291888808,0.012755922022261904,-0.2316366052330543,0.01900005340576172,0.08250008310590472,4.351712860338726,4.1872870786261185,0.03851171867616618,0.0,0.0,,0,0.008783274623002078,-0.028905085445290263,-0.005627053366535241,-0.10326875199612891,0.15283728315141368,0.00715773225444014,0.015130670544330059,False,False,False,False
2025-03-26,4.3480000495910645,4.361999988555908,4.327000141143799,4.3379998207092285,0,valid,4.292199897766113,4.288600015640259,4.2739499568939205,4.4258999919891355,4.419060010910034,4.331425206867729,4.296896676315214,4.3096908855854394,4.365814063057591,4.1909795555604665,0.007197506231432227,0.019266865117267162,0.02094604535463085,-0.05263161731313559,0.1589633409939819,,0.175002388239323,0.18760749049776196,54.761913079322724,0.8317514029477198,-0.029222786202875106,-0.044710191575685496,0.01548740537281039,2.9670070097215673,0.019999980926513672,0.08078578540257045,4.360984122406476,4.186915791381365,0.040727741967202406,0.0,0.0,,0,0.01498610523316843,-0.019860406118304984,0.0015178869604109742,-0.09681452325070108,0.16113483668072331,0.009519361005018137,0.008049642827258284,False,False,False,False
2025-03-27,4.385000228881836,4.38700008392334,4.355999946594238,4.36899995803833,0,valid,4.3193999290466305,4.298099994659424,4.278149962425232,4.417519989013672,4.420090012550354,4.331718759611249,4.311317332659837,4.315339368676191,4.365939000115659,4.192750902848804,0.007146182252269817,0.03212855251021596,0.019603293726358384,-0.05412426981406038,0.15429322561811043,,0.17432278285693065,0.18728931275247734,54.761913079322724,0.8317514029477198,-0.021243264747581314,-0.04001680621006466,0.018773541462483348,1.888989020735754,0.09499979019165039,0.0759286539895194,4.374984705047088,4.181315219803376,0.04526944752865158,0.0,0.0,,0,0.021235813707099777,-0.010983545314115389,0.008606560235324908,-0.09036019522624747,0.16943251784310323,0.01083458047836508,0.007069586251083622,False,False,False,False
2025-03-28,4.326000213623047,4.340000152587891,4.250999927520752,4.255000114440918,0,valid,4.3199999809265135,4.292799997329712,4.279349970817566,4.409559993743897,4.419800014495849,4.331124041431634,4.300053889016054,4.309592773034736,4.361588455579395,4.1933702979890235,-0.026092891895700077,0.0007056113597596614,0.00567245761040458,-0.0638063711738146,0.10519486229623731,,0.19380282357927872,0.19185397012382166,53.777009729720454,0.7474286091192105,-0.023843419053938497,-0.036782128778839435,0.012938709724900938,-1.4590024937325419,-0.05299997329711914,0.07585723059517997,4.374301023154569,4.184398918480563,0.044376390332414375,0.0,0.0,,0,-0.005690082966501512,-0.035051088889200284,-0.01757602097342696,-0.11409532831623467,0.13891864157570682,-0.009842010718304053,0.020573328865511206,False,False,False,False
2025-03-31,4.203000068664551,4.258999824523926,4.191999912261963,4.245999813079834,0,valid,4.302999973297119,4.286799955368042,4.282649970054626,4.402359991073609,4.418650012016297,4.3304692396750815,4.28924307382881,4.303536300658079,4.357055567638236,4.193893974756096,-0.002115229405173946,-0.01962596191798427,0.015789470682213702,-0.0715067011627194,0.06656615675473798,,0.1885018505194595,0.19127867822006486,45.71424956914294,0.34976522463323484,-0.02632682986916013,-0.03469106899690358,0.00836423912774345,-0.6551322804685955,-0.06000041961669922,0.07300009046282087,4.367065693740627,4.198234246368625,0.03942219152919661,0.0,0.0,,0,-0.00855782219678454,-0.03551735394443355,-0.019505836878219066,-0.11596921992796115,0.13650956737494513,-0.012220926998306247,0.015940973392192033,False,False,False,False
2025-04-01,4.158999919891357,4.185999870300293,4.132999897003174,4.156000137329102,0,valid,4.272799968719482,4.274299955368042,4.279949975013733,4.393299989700317,4.417120013237,4.3291374144663335,4.262594486528869,4.28948523748389,4.349171040959446,4.19351692164737,-0.02119634472745091,-0.035059209953817505,-0.012826579650493053,-0.09158463156380703,0.0322901424992188,,0.2022752296347842,0.19559461608872933,35.272733893285434,0.0,-0.03515196256354702,-0.03478324771023227,-0.00036871485331475135,-3.528318182759016,-0.125,0.07528580938066755,4.376702438857893,4.183197511169573,0.045211960143926436,0.0,0.0,,0,-0.02896058094329334,-0.054014033398024935,-0.03999348150942793,-0.13470744109204547,0.11241971879881965,-0.020489848567697234,0.012743441769170223,False,False,False,False
2025-04-02,4.142000198364258,4.22599983215332,4.110000133514404,4.196000099182129,0,valid,4.2444000244140625,4.268299961090088,4.27649998664856,4.385739994049072,4.416190013885498,4.328128798441454,4.249275609059521,4.280581890978961,4.343164337360335,4.193541629881547,0.00962462957923127,-0.03273391595112696,-0.01617814055415745,-0.0870322189807119,0.04041658991318564,,0.19955101670469313,0.19653670701631834,42.85713038101592,0.29862832283655577,-0.03847476800177407,-0.03552155176854063,-0.002953216233233441,-2.5545779742217833,-0.059999942779541016,0.07685719217572894,4.380170480849471,4.172829492447648,0.04848380429069368,0.0,0.0,,0,-0.018823778257396288,-0.04326291461062398,-0.03052790372294467,-0.12637932073489114,0.12312634652889103,-0.0033686088792674973,0.028005720203665405,False,False,False,False
2025-04-03,4.073999881744385,4.073999881744385,4.004000186920166,4.054999828338623,0,valid,4.1815999984741214,4.250499963760376,4.264949989318848,4.374859991073609,4.412480010986328,4.326075197162485,4.210420452915342,4.2590978850132135,4.331863768379092,4.192163104493059,-0.033603495593574784,-0.07187002351006944,-0.053896397275909,-0.1219142915674375,-0.002950598520339187,,0.22964194278404657,0.20681977210606686,30.62784787942516,0.0,-0.05188753155483283,-0.03879474772579908,-0.013092783829033755,-5.279147436128772,-0.17799997329711914,0.08700006348746163,4.408113487595906,4.12178649104179,0.06713490129337847,0.0,0.0,,0,-0.04922687522855474,-0.07311323411209114,-0.06266080834694294,-0.155736029381032,0.08538537529227973,-0.02907536095185604,0.017182056174789732,False,False,False,False
2025-04-04,3.9119999408721924,4.014999866485596,3.885999917984009,3.984999895095825,0,valid,4.1275999546051025,4.2237999677658085,4.248349988460541,4.361799988746643,4.4089200091361995,4.32352985908736,4.165336341351439,4.23299331454489,4.318261263544454,4.190101779026421,-0.017262622985480536,-0.0634548089502388,-0.07690526382062879,-0.14904979277490404,-0.02709968119665629,,0.23208554243295124,0.20633504704245056,27.739226273795154,0.0,-0.06738883634591541,-0.04451356544982235,-0.022875270896093064,-6.367484591023064,-0.2669999599456787,0.09385720321110316,4.436138587179574,4.060561389741508,0.08840542762677664,0.0,0.0,,0,-0.061988794256601525,-0.08638637595097316,-0.07829943935277785,-0.17031024000605205,0.06664877676465483,-0.035265078549958716,0.03297544745688978,False,False,False,False
2025-04-07,3.9769999980926514,4.210000038146973,3.9719998836517334,4.15500020980835,0,valid,4.109400033950806,4.206200003623962,4.245450007915497,4.352379994392395,4.407410008907318,4.322281491314923,4.163269115042821,4.225565399808077,4.311858869280294,4.189752509680967,0.04266005500319747,-0.021431843447368815,-0.013766820168322536,-0.11463874884753344,0.02013264338480636,,0.27246665050263436,0.2260793547582434,42.72517886896011,0.4550719392108501,-0.06520449064851785,-0.048651750489561454,-0.0165527401589564,-1.8426552204715785,-0.17599964141845703,0.10564289774213519,4.4372849142738495,4.053615101557144,0.09037200108383481,0.0,0.0,,0,-0.021305114402126152,-0.045349851078800456,-0.03870207940938233,-0.13491562920912045,0.1121520722505284,-0.002007502437583241,0.05984414247155718,False,False,False,False
2025-04-08,4.2179999351501465,4.275000095367432,4.164000034332275,4.26200008392334,0,valid,4.130600023269653,4.201699995994568,4.244150006771088,4.347059998512268,4.406950008869171,4.321838245672338,4.183015308818925,4.229035369723816,4.309903622795708,4.190471391016712,0.025752074298914573,0.025505279858426544,-0.006063438022513634,-0.10762142724070034,0.040019529611435845,,0.28090081763622965,0.22964445398513625,50.31645792465168,0.6855930261438793,-0.0542144350798619,-0.049764287407621545,-0.004450147672240355,0.235188834025446,-0.04500007629394531,0.10914288248334612,4.435121259886648,4.053178753655528,0.0899926971529685,0.0,0.0,,0,0.004205807316841759,-0.01956722810774159,-0.0138455347811587,-0.11263791221768396,0.1407922950468158,0.015162388004958187,0.026315804348442936,False,False,False,False
2025-04-09,4.455999851226807,4.473999977111816,4.3429999351501465,4.400000095367432,0,valid,4.171400022506714,4.207900023460388,4.248250019550324,4.344039998054504,4.406630008220673,4.322408770122667,4.2264122661286265,4.245317724547017,4.313436817798521,4.19255625374657,0.03237916675896857,0.04861772911422624,0.018990333169823126,-0.08390586720179383,0.08964833555731366,,0.3030494163249245,0.23965920368146248,57.85514284483904,0.9145170097174101,-0.033977616441302594,-0.04660695321435775,0.01262933677305516,1.5931712424575473,0.062000274658203125,0.11842857088361468,4.449159448155852,4.0473405909447955,0.09458455960969755,0.0,0.0,,0,0.03572060851380181,0.012882040068228937,0.017950945727551453,-0.08390586720179385,0.17773019900548312,0.04551848040436506,0.02939857413271761,False,False,False,False
2025-04-10,4.328000068664551,4.400000095367432,4.289000034332275,4.394000053405762,0,valid,4.239200067520142,4.210400032997131,4.254250013828278,4.340820002555847,4.4060600066185,4.322927547537762,4.259929823584054,4.259477946343088,4.316596160371354,4.194560669663577,-0.0013636458708232713,0.0836005522609431,0.028076715219115256,-0.08228906529163349,0.09412357539548633,,0.30029009374466153,0.23963065603400852,56.76191605029771,0.8813194646010792,-0.018213985625227025,-0.040928359696531615,0.02271437407130459,2.019964939682928,0.02500009536743164,0.12235713005065918,4.4653084225522575,4.043191605104298,0.09922238140115987,0.0,0.0,,0,0.03284951263400872,0.012251153196539515,0.016440827445392,-0.08515509518326958,0.1761241920826654,-0.01636364207780053,0.025646963787920286,False,False,False,False
2025-04-11,4.440000057220459,4.5920000076293945,4.427000045776367,4.493000030517578,0,valid,4.340800094604492,4.234200024604798,4.263500010967254,4.340440001487732,4.406810004711151,4.3241510905807825,4.3065438649707595,4.281718144835897,4.323513959200618,4.197530215542721,0.02253071823134878,0.127478079998679,0.042943347031517254,-0.03438638547381612,0.0969237834744967,,0.3087485260666832,0.23787300882852994,57.570103995094364,0.9905352756217045,0.0022414382381699127,-0.032294400109591316,0.03453583834776123,3.5730801340376317,0.23799991607666016,0.13028567177908762,4.499248805717595,4.027751216216914,0.11058932526980633,0.0,0.0,,0,0.053829018168164024,0.035148516965458516,0.039047881630361186,-0.06454298240745879,0.20262311485955256,0.010468821860628552,0.03716215309157475,False,False,False,False
2025-04-14,4.438000202178955,4.458000183105469,4.360000133514404,4.363999843597412,0,valid,4.382600021362305,4.246000027656555,4.266399991512299,4.3363400030136106,4.406170003414154,4.324435724530901,4.31803506069609,4.289554497098898,4.325101640941669,4.199186629752221,-0.02871137014110048,0.050300751681238154,0.0134694862439797,-0.05254018797281257,0.07144608216163051,,0.327777378340257,0.24406735842696836,52.42551804797913,0.8197091300857027,0.00795161081856044,-0.024245197923960966,0.032196808742521406,-0.1144452847091082,0.11800003051757812,0.13507137979779923,4.505749481564002,4.027050501460596,0.11220208631533467,0.0,0.0,,0,0.02287639515265361,0.0063786143532515655,0.009148966844871436,-0.09140123509064821,0.16809415746857673,-0.012241225899187733,0.022082029095660857,False,False,False,False
2025-04-15,4.380000114440918,4.39900016784668,4.308000087738037,4.322999954223633,0,valid,4.394799995422363,4.262700009346008,4.268499982357025,4.331939997673035,4.405260002613067,4.324425541762764,4.319028039401599,4.292739778729825,4.325019221854687,4.200418603130046,-0.0093950253994467,0.01431249861547168,0.009810748784683465,-0.06205255781896002,0.033715874845643645,,0.3289924244550159,0.2446828215419434,49.36709446523033,0.7181540744547729,0.009064129661487286,-0.017583332406871315,0.0266474620683586,1.598116050618481,0.16699981689453125,0.13764282635280065,4.509122438163952,4.027877526550099,0.11274333222513315,0.0,0.0,,0,0.012767944732780137,-0.002063750526139448,-0.00032965940224056784,-0.09993754356487751,0.1571198831902141,0.003666423331105398,0.02077627345456319,False,False,False,False
2025-04-16,4.315999984741211,4.3520002365112305,4.275000095367432,4.2789998054504395,0,valid,4.370599937438965,4.2709999799728395,4.2696499705314634,4.327259993553161,4.40425999879837,4.324105642211269,4.311022392611367,4.291431209846074,4.3232145388584415,4.2012005056406965,-0.01017815157046309,-0.02750006529417759,0.005404079713817067,-0.06449498992585045,0.01784010688230042,,0.33049176414735654,0.24503956874329882,46.24373454906864,0.6144428057376599,0.006322482930744222,-0.012802169339348208,0.01912465227009243,0.7772019270690711,0.08299970626831055,0.1396428176334926,4.510240729400334,4.0290592116625925,0.11269811836070649,0.0,0.0,,0,0.0021898363995894936,-0.011152597295891813,-0.010431252261858153,-0.10909851566935756,0.1453425416339075,-0.0016192388518493517,0.017840625907327427,False,False,False,False
2025-04-17,4.291999816894531,4.343999862670898,4.2779998779296875,4.333000183105469,0,valid,4.358399963378906,4.298800015449524,4.27464998960495,4.325479998588562,4.403529999256134,4.324167841797942,4.315417950710188,4.295390159680302,4.323598289613227,4.202511945217461,0.01261985980608027,-0.013882537450816024,0.02362399861939135,-0.05783861607527041,0.02145216357829738,,0.3324264663920244,0.24628053175549688,53.4270651368224,0.8529655341031797,0.008410140456851956,-0.008559707380108176,0.01696984783696013,4.258903751868459,0.2780003547668457,0.1359285286494664,4.516188304617443,4.033111674592457,0.11300963381790939,0.0,0.0,,0,0.013650285670736556,0.001738578035122334,0.0020425528403760318,-0.09785546383607603,0.1597966039392671,0.0030380958249946258,0.015377443512792391,False,False,False,False
2025-04-21,4.396999835968018,4.4070000648498535,4.333000183105469,4.40500020980835,0,valid,4.340799999237061,4.340800046920776,4.282300007343292,4.3247800016403195,4.403259999752045,4.324729177686903,4.33333440252982,4.30582921207345,4.326790521777742,4.204526753820355,0.016616668280701186,-0.01958598266448064,0.03598315145411779,-0.05023712830116944,0.04880962139354983,,0.33669286834685447,0.24815788743839926,56.61949647454362,0.9589703216443534,0.01569351938999386,-0.003709062026087768,0.01940258141608163,4.980936741802222,0.4200003147125244,0.13642852646963938,4.530419797841009,4.034180216845576,0.11588155433866851,0.0,0.0,,0,0.02865287398235779,0.018548968534261596,0.018560938459591555,-0.08286482733739312,0.1790685593800096,0.014770286212330636,0.016829630317257763,False,False,False,False
2025-04-22,4.4070000648498535,4.4070000648498535,4.370999813079834,4.388999938964844,0,valid,4.3458000183105465,4.364200019836426,4.285200011730194,4.322820000648498,4.403050000667572,4.325172424316406,4.344467509816825,4.313750233682153,4.329230106765472,4.206362307901395,-0.0036322974078137893,0.0057287113344217655,0.013391847086212216,-0.051232164346990294,0.037098315103963886,,0.33136001583981456,0.24820037306912715,60.33715775760707,1.0,0.01994465199807305,0.001021680778744395,0.018922971219328653,8.236747836388059,0.23399972915649414,0.13092855044773646,4.537044280519201,4.033355742941188,0.11754143008476357,0.0,0.0,,0,0.024222889701883292,0.015309436503582697,0.014757218530663651,-0.08619613504767032,0.1747858317081389,0.0004539965825769881,0.008168879337478762,False,True,False,False
2025-04-23,4.291999816894531,4.39900016784668,4.261000156402588,4.38700008392334,0,valid,4.358600044250489,4.376700019836425,4.289200007915497,4.320700001716614,4.404270002841949,4.325595901437001,4.352974024638128,4.3207264098956,4.331495596065781,4.2081596987075836,-0.0004556516448654957,0.014804564047514734,0.01857439534017069,-0.03113953131792402,0.02547924476482266,,0.33054529504813585,0.2445214721929752,58.76950312220723,0.9519093830791584,0.0228884893714838,0.005395042497292276,0.017493446874191524,10.087834364117288,0.125,0.13250000136239187,4.5450121526062945,4.033387863224699,0.11928198462123922,0.0,0.0,,0,0.0228014724954206,0.01534475482685326,0.014195542969221764,-0.08661251128182029,0.1742505386115564,-0.022100734431358914,0.032152846535753454,False,False,False,False
2025-04-24,4.343999862670898,4.3480000495910645,4.302999973297119,4.304999828338623,0,valid,4.363800048828125,4.367199993133545,4.287550008296966,4.316059994697571,4.404300000667572,4.3254557920961965,4.343379185378227,4.319228640223507,4.330456546350991,4.209123282086996,-0.018691646687041596,0.006076191649989182,-0.0076071908101670305,-0.054054116353502435,0.007253078913088018,,0.33695067137894186,0.24708136015006527,62.13590862143756,1.0,0.018392746248492742,0.00799458324753237,0.010398163000960373,3.610098939975548,-0.0950002670288086,0.12478572981698173,4.542460959161475,4.0326390574324575,0.11890751145583042,0.0,0.0,,0,0.004069881402640012,-0.0025625608477489593,-0.0047292042135656815,-0.10368522750930467,0.15230186242176094,-0.00980173704806175,0.010359133912650982,False,False,False,False
2025-04-25,4.2820000648498535,4.293000221252441,4.250999927520752,4.265999794006348,0,valid,4.350399971008301,4.354399967193603,4.282400000095367,4.308639988899231,4.404539997577667,4.325054062379373,4.327903307103851,4.314159226298063,4.32792883057277,4.209689217528981,-0.009059241785690397,-0.015462817047725563,-0.023575226601336263,-0.06344677172856983,0.0,,0.33719485585521036,0.24763059507150761,64.06404120173312,1.0,0.011549722587182565,0.008705611115462409,0.002844111471720156,0.09384584711988886,-0.12800025939941406,0.11657144342150007,4.534529011294479,4.030270988896255,0.11775126620282883,0.0,0.0,,0,-0.0038296763704124726,-0.009896439480379356,-0.013653995423247446,-0.111805159749384,0.1418628812399808,-0.005342570129124849,0.009808569148903592,False,False,False,False
2025-04-28,4.28000020980835,4.295000076293945,4.214000225067139,4.216000080108643,0,valid,4.312599945068359,4.32669997215271,4.280449998378754,4.302459988594055,4.4049199986457825,4.324322156458093,4.305522661704809,4.304810736184785,4.3235394678094705,4.209752012181515,-0.011720514841082164,-0.04290581627643786,-0.009165695248729677,-0.0656028365046738,-0.01587297877083982,,0.32669314428817103,0.248007465520616,53.46984210680493,0.4054984966634034,0.0020681773269402015,0.007378124357757968,-0.0053099470308177665,-4.181818437970364,-0.27699995040893555,0.10535713604518346,4.5340701359552895,4.026829860802218,0.11850162374170745,0.0,0.0,,0,-0.015056809049170543,-0.02009545904311032,-0.025049492713598735,-0.12221526055631399,0.12847966039392672,0.0032818604027295742,0.018925197957042544,False,False,False,False
2025-04-29,4.2270002365112305,4.244999885559082,4.164000034332275,4.172999858856201,0,valid,4.269399929046631,4.307599973678589,4.276800000667572,4.296479983329773,4.404689996242523,4.323313341140747,4.279018101135088,4.292257319296349,4.317635953732872,4.209386319113602,-0.0101992932721513,-0.04921396288731472,-0.01719264188348668,-0.08667102836842056,-0.0431094243402349,,0.32855693704711064,0.2470550318583981,44.53987026534931,0.0,-0.00881416982674299,0.004139665520857777,-0.012953835347600768,-5.029590165304265,-0.19099998474121094,0.10257141930716378,4.5345748289377115,4.019025172397433,0.12054565480261065,0.0,0.0,,0,-0.024270515758316704,-0.028739834690879807,-0.03476812121253385,-0.13116804454371905,0.11696996538591135,0.0026091452072041768,0.019162490346501648,False,False,False,False
2025-04-30,4.138999938964844,4.229000091552734,4.135000228881836,4.177000045776367,0,valid,4.227399921417236,4.292999982833862,4.277849996089936,4.2891399812698365,4.404229996204376,4.322344378919791,4.258614490063344,4.28128043610397,4.312120820087519,4.20906406763761,0.0009585878397950776,-0.04786871076582411,0.005052913318901231,-0.08056353899431978,-0.030633550479227445,,0.3194805319923332,0.24693656336894426,33.62704397187156,0.0,-0.01692067567913913,-7.240271914160483e-05,-0.016848272959997523,-7.033162310146013,-0.14599990844726562,0.09414284569876534,4.533717033572102,4.0219829586077696,0.11962412787546788,0.0,0.0,,0,-0.023574915063816614,-0.02614508642365861,-0.03362627324474018,-0.1303351927963933,0.11804067921214659,-0.008147596702933182,0.022710766865680996,False,False,False,False
2025-05-01,4.150000095367432,4.241000175476074,4.124000072479248,4.230999946594238,0,valid,4.2125999450683596,4.288199996948242,4.279599988460541,4.283059983253479,4.404739997386932,4.321743428707123,4.253091581369523,4.276491818055423,4.308939609362293,4.209282335089915,0.012927914825491493,-0.017189287966346445,0.008341240844806252,-0.062486165330103316,-0.013522986074554044,,0.32095138275055585,0.24837811758368675,38.820310486608676,0.17062348416032427,-0.018771414094501004,-0.003812204994213485,-0.014959209100287519,-3.0476604438541166,-0.04799985885620117,0.09457142012459892,4.533581749587725,4.025618227333357,0.11869415917937057,0.0,0.0,,0,-0.011356211327541681,-0.012154869850712516,-0.02099696189970977,-0.11909224024213758,0.13249461388443592,-0.006463957412745765,0.028192795254976314,False,False,False,False
2025-05-02,4.224999904632568,4.331999778747559,4.224999904632568,4.322000026702881,0,valid,4.223799991607666,4.287099981307984,4.292949998378754,4.279499983787536,4.406159999370575,4.321745105818207,4.266873270436195,4.280825933164705,4.309451782591336,4.2104039041606915,0.021507936955162066,0.013127106282380119,0.06584468795739773,-0.022614180503247594,-0.023497534743339155,,0.3021003334025801,0.24929320937789462,38.14148880095817,0.14832096592818683,-0.012748237925853445,-0.005599411580541477,-0.007148826345311968,-0.023130407849647483,-0.01100015640258789,0.08807141440255302,4.52428255334982,4.061617443407688,0.10777323521514534,0.0,0.0,,0,0.006766915136467389,0.009931076779145185,5.89856362262271e-05,-0.1001457316819525,0.15685223664192288,-0.001418114402601135,0.02532541456336331,False,False,False,False
2025-05-05,4.301000118255615,4.370999813079834,4.297999858856201,4.3429999351501465,0,valid,4.249199962615966,4.280899953842163,4.310850000381469,4.277959980964661,4.408079998493195,4.321883124190491,4.282098603378985,4.286747266687128,4.310767396417171,4.211723267653124,0.004858840425155053,0.030123304703123077,0.08983690074744977,-0.021846874058609078,0.0004606899342545212,,0.29210736370474594,0.24935692263135686,48.28712245907607,0.4816532451112358,-0.0062087398215657785,-0.005721277228746338,-0.0004874625928194404,1.4956796590218646,-0.062000274658203125,0.08378570420401436,4.49175916387738,4.129940836885559,0.0839320150225139,0.0,0.0,,0,0.0074579107985274715,0.015203497572415249,0.0048860208276942695,-0.09577348338630035,0.1624731970552498,-0.004858840425155157,0.016972785914091043,False,False,False,False
2025-05-06,4.336999893188477,4.36299991607666,4.306000232696533,4.308000087738037,0,valid,4.276200008392334,4.272799968719482,4.318499994277954,4.276259980201721,4.409170000553131,4.321793556213379,4.287278900250795,4.288771344882452,4.310658874508186,4.212681245962426,-0.008058910415548848,0.03235088268582853,0.03682307345460867,-0.03989300228981729,0.0004644344945265999,,0.25760248828212606,0.2488244126220028,48.76442783939644,0.49733499507874196,-0.0038064571707785433,-0.005338313217152779,0.0015318560463742359,-0.5769696356097143,-0.08099985122680664,0.08135710443769183,4.483938558147839,4.153061430408069,0.07661853147578666,0.0,0.0,,0,-0.0024313781530229538,0.007422398938153124,-0.0031916074416629943,-0.10306056387905392,0.1531049296997049,-0.0013815431847254882,0.01314265270553694,False,False,False,False
2025-05-07,4.320000171661377,4.328000068664551,4.260000228881836,4.275000095367432,0,valid,4.295800018310547,4.261599969863892,4.319149994850159,4.275799984931946,4.40970999956131,4.321493598131033,4.284823139274122,4.287459797309593,4.30926049101247,4.213301334016207,-0.007660165203926983,0.0234618263148354,0.0030502137935495277,-0.048519905112271666,-0.007660165203926983,,0.24354798895329507,0.2492146647717796,49.66445423008487,0.5269051390680255,-0.004513426483391925,-0.005173335870400609,0.000659909387008684,-2.951194284882319,-0.1119999885559082,0.08071422576904297,4.483753930208299,4.154546059492019,0.07622052281323949,0.0,0.0,,0,-0.010221895404273651,-0.00018707366278429834,-0.010758665194762502,-0.10993126813765752,0.1442719554407425,0.0027855347444156204,0.01574070302792687,False,False,False,False
2025-05-08,4.300000190734863,4.383999824523926,4.2829999923706055,4.373000144958496,0,valid,4.324200057983399,4.268400001525879,4.317799997329712,4.278279986381531,4.410730001926422,4.321821665308278,4.302458540410997,4.295606497085679,4.311760085284863,4.214890376911155,0.022923987697043957,0.03356185302686221,-0.0061363522326652875,-0.03614723999369818,-0.01331227732985829,,0.22888239532259083,0.25300193223669654,53.12499534338963,0.6406003596303759,0.0028017830138002964,-0.003578312093560428,0.006380095107360724,-0.3645430446308273,0.06800031661987305,0.08378563608442034,4.480037843417368,4.155562151242056,0.07514838398628469,0.0,0.0,,0,0.01278432249361291,0.022139775535606677,0.011841876785669682,-0.08952734347892172,0.17050323166933845,0.005847975394087777,0.02348833201704105,False,False,False,False
2025-05-09,4.392000198364258,4.3979997634887695,4.3429999351501465,4.375,0,valid,4.334800052642822,4.279300022125244,4.316849994659424,4.280079989433289,4.411240003108978,4.322158237046834,4.316966832328799,4.303167783077519,4.314240081940359,4.216483507489154,0.000457318768628312,0.012262835023060248,-0.004324090390266377,-0.05650206581442696,-0.017074861823289766,,0.22885183273673262,0.24862144386682225,47.36840344092282,0.4514689594796721,0.008660675950651786,-0.001130514484717985,0.009791190435369771,-0.2735373534027419,0.10900020599365234,0.08242848941258021,4.477423083771376,4.156276905547471,0.07439363856080486,0.0,0.0,,0,0.013470471619935006,0.02217715809074849,0.012225781670888362,-0.08911096724477174,0.17103852476592096,0.004344855425551798,0.012522729019708833,False,False,False,False
2025-05-12,4.460999965667725,4.468999862670898,4.428999900817871,4.456999778747559,0,valid,4.3576000213623045,4.303399991989136,4.3150499820709225,4.284599986076355,4.411819999217987,4.32300629705753,4.344973421612551,4.317818449331808,4.3198385014229945,4.2188767042180935,0.018742806570870574,0.02624910092094468,-0.008012519814265984,-0.015027693963916122,0.008827423164786907,,0.22422805163669665,0.2469842519364423,55.34590204740184,0.7135676989260307,0.01969357241436409,0.0030343028950984303,0.016659269519265663,3.530777153772724,0.24099969863891602,0.086571318762643,4.467931760571955,4.16216820356989,0.07085979496703756,0.0,0.0,,0,0.032896443208407546,0.04023708006148779,0.03099543985888517,-0.07203835029631314,0.1929870733226462,0.019657135009765625,0.008966590934963195,False,False,False,False
2025-05-13,4.453000068664551,4.505000114440918,4.428999900817871,4.499000072479248,0,valid,4.395800018310547,4.33600001335144,4.321799993515015,4.290979990959167,4.412840001583099,4.324106258153916,4.37577875178589,4.335073842012517,4.326864445385985,4.221664001414722,0.009423445325701163,0.04433611440372509,0.0309349756462296,0.006037555830037844,0.01603434950548599,,0.19967269724026024,0.2465499433228961,58.28402137302274,0.8100988811393117,0.031463602221632136,0.008720162760405173,0.022743439461226964,5.461797696292936,0.3260002136230469,0.0821427617754255,4.494427536091903,4.149172450938126,0.07988687252344913,0.0,0.0,,0,0.04100145292010903,0.04847845526158742,0.04044623417741812,-0.06329375442598306,0.2042291217823703,-0.0008973996593133673,0.01706719345410638,False,False,False,False
2025-05-14,4.4770002365112305,4.53000020980835,4.4770002365112305,4.5279998779296875,0,valid,4.446399974822998,4.371099996566772,4.332049989700318,4.297339987754822,4.414269998073578,4.325372678152522,4.40622297701465,4.353447750195104,4.334752109407307,4.224712119589001,0.006445833514836741,0.0591812343668523,0.04742075546537228,-0.003521186249922481,0.025826878729206193,,0.19598754599475326,0.2446805603319863,67.89728478215113,1.0,0.04263995077070426,0.015504120362464992,0.02713583040823927,7.400374570510082,0.3509998321533203,0.07992846625191825,4.5277764256188915,4.136323553781744,0.09036203939655539,0.0,0.0,,0,0.04523260089224528,0.053675038705833365,0.046846182942948726,-0.05725590191470522,0.21199138221509747,-0.004889939011691148,0.011838277975705483,False,False,False,False
2025-05-15,4.513000011444092,4.541999816894531,4.440999984741211,4.454999923706055,0,valid,4.46279993057251,4.3934999942779545,4.340849995613098,4.301139988899231,4.413879997730255,4.326172846334952,4.415978366352931,4.363119385767575,4.3394677099680425,4.227003540525489,-0.0161218984522169,0.018751378008092123,0.04113113490480469,-0.017640557088818065,0.017355499781182004,,0.2020842262848311,0.24689007837337154,64.38358053399989,0.8974706869553923,0.04508706566999354,0.021420709423970702,0.02366635624602284,6.757730035657095,0.2239999771118164,0.08328560420445033,4.542276770240274,4.139423220985922,0.09280522240148358,0.0,0.0,,0,0.02629667650536588,0.03577189656786788,0.02977853219162115,-0.07245472653046313,0.19245178022606368,-0.0033126914509666486,0.02237975446425977,False,False,False,False
2025-05-16,4.395999908447266,4.445000171661377,4.388000011444092,4.440999984741211,0,valid,4.475999927520752,4.405399990081787,4.346249985694885,4.304239993095398,4.412589995861054,4.326877307306769,4.420982690030587,4.370536585669827,4.343449367802284,4.2291328583783825,-0.003142522829315153,0.015085710797991148,0.024924947397149344,-0.013111114501953125,0.007943678239040297,,0.19891596881626658,0.24647098990128147,68.1159398033219,1.0,0.04537370397087326,0.026211308333351217,0.01916239563752204,6.320324062045213,0.11899995803833008,0.08228560856410436,4.552523051624313,4.1399769197654575,0.09492001914678103,0.0,0.0,,0,0.021800402498287748,0.03177331930031672,0.02637529777923763,-0.07536955872756455,0.18870447328384574,-0.013243550228774806,0.012966369746221966,False,False,False,False
2025-05-19,4.548999786376953,4.561999797821045,4.4710001945495605,4.474999904632568,0,valid,4.479599952697754,4.41859998703003,4.349749970436096,4.30739999294281,4.412099993228912,4.327780493875829,4.431786132950983,4.380485473190088,4.348608212383864,4.231579296649569,0.0076559153362254495,0.0040386194253003715,0.01589096288085412,0.012443399861825188,0.00970210804621785,,0.1921978514227404,0.24418114759702755,74.67322603969282,1.0,0.04779344321251511,0.030527735309183998,0.01726570790333111,5.766957246944404,0.13199996948242188,0.08514274869646345,4.562494293948444,4.137005646923748,0.09781910452706735,0.0,0.0,,0,0.028794743387035433,0.03890976272562381,0.034017300776938035,-0.06829066635188596,0.1978050940910994,0.02431880252348968,0.020004310297838227,False,False,False,False
2025-05-20,4.474999904632568,4.5229997634887695,4.4730000495910645,4.480999946594238,0,valid,4.475999927520752,4.435899972915649,4.354349970817566,4.31275999546051,4.410919992923737,4.328709096619577,4.441628895679634,4.39005828018096,4.353800045097996,4.234061094161456,0.0013407915283882854,-0.004000917002673132,0.020961496675502955,0.020031827495452292,0.016099796289968937,,0.1914661318849708,0.24382017397234731,74.75571778045276,1.0,0.04962323151316461,0.034346834549980124,0.015276396963184488,3.678850506918052,0.17299985885620117,0.08199988092694964,4.5745166518279055,4.134183289807226,0.1011249359770691,0.0,0.0,,0,0.029085851303976094,0.039009810726962,0.035181585681881414,-0.06704143837041024,0.1994111010139171,0.0,0.011173120662180312,False,False,False,False
2025-05-21,4.543000221252441,4.604000091552734,4.5229997634887695,4.5960001945495605,0,valid,4.489599990844726,4.467999982833862,4.364799976348877,4.318919997215271,4.410969994068146,4.330319283956505,4.472503155453619,4.409671795835113,4.363298090174528,4.23766247824492,0.02566396994553144,0.015017738174269768,0.04764078108685821,0.06933465460202792,0.07760852014673403,,0.21017365531363155,0.24479477889860313,77.03706686390072,1.0,0.05966512837748095,0.039410493315480286,0.02025463506200066,5.825472327359527,0.3210000991821289,0.0824284553527832,4.609917882976679,4.119682069721075,0.11231575694464747,0.0,0.0,,0,0.05296925848915553,0.06415497335281582,0.06135365389277017,-0.043098017884322264,0.23019275146267498,0.013836258736250627,0.01782969934384775,False,False,False,False
2025-05-22,4.61299991607666,4.629000186920166,4.540999889373779,4.552999973297119,0,valid,4.50920000076294,4.485999965667725,4.377199983596801,4.323619999885559,4.410709993839264,4.331652701257945,4.4886025190223195,4.423322098450543,4.370737379708747,4.240800164762853,-0.009356009450007363,0.02199776683936272,0.057607469186405025,0.07154622161267477,0.05834493836586074,,0.20011205881287,0.2443795409309386,68.42105263157895,0.7095921002747697,0.0634225498279335,0.04421290461797093,0.019209645209962566,5.687091006716338,0.17999982833862305,0.0810713427407401,4.6343754188094515,4.120024548384151,0.11750682453458557,0.0,0.0,,0,0.040162658859342455,0.05305275982108313,0.051099958215692846,-0.05205080187172733,0.21868305645465963,0.0036988078345296283,0.019076587718915603,False,False,False,False
2025-05-23,4.4730000495910645,4.5269999504089355,4.465000152587891,4.508999824523926,0,valid,4.522799968719482,4.499399948120117,4.3893499851226805,4.328319993019104,4.4096099925041194,4.332708338896434,4.492681980122641,4.431481881886103,4.376159436368166,4.24346881809381,-0.00966399056254108,0.015311830672450899,0.05696203522067411,0.052275375749919695,0.06294194131171138,,0.20060149948189418,0.24492199927561362,62.769220386032636,0.519093722745263,0.062133651064153916,0.04779705390720753,0.014336597156946386,5.473677752897976,0.13399982452392578,0.0821427617754255,4.64736446306275,4.1313355071826106,0.11756386654725075,0.0,0.0,,0,0.027259124883362684,0.04174363997953708,0.0406885190135818,-0.06121177397620738,0.20690571489835302,-0.01757081576438526,0.013860898084879999,False,False,False,False
2025-05-27,4.468999862670898,4.486999988555908,4.432000160217285,4.434000015258789,0,valid,4.514599990844727,4.49709997177124,4.400249981880188,4.330839991569519,4.408499991893768,4.333307697928164,4.480945587149871,4.431721704112073,4.378427694363877,4.245364650901422,-0.016633358213327343,-0.00916198664749368,0.05170776352179973,0.047979217969018606,0.06127334695975217,,0.20601892091064536,0.24601278920671313,59.13042877331924,0.39644608065784726,0.054432863532189124,0.049124215832203846,0.005308647699985278,1.394920381391196,-0.02299976348876953,0.08357133184160505,4.645534660082248,4.154965303678129,0.11148670153383045,0.0,0.0,,0,0.007670026366133777,0.023819864943078695,0.0232368260806331,-0.07682697482611527,0.18683081981273675,-0.00887113848074959,0.012306965770581248,False,False,False,False
2025-05-28,4.443999767303467,4.500999927520752,4.438000202178955,4.4770002365112305,0,valid,4.513800048828125,4.4948999881744385,4.41545000076294,4.334259991645813,4.407539994716644,4.334152948155123,4.480156517022143,4.436033945292945,4.382293284252008,4.247669482599032,0.0096978396717331,-0.0008925932003297499,0.07284936207459025,0.0710527321458414,0.0669685726136835,,0.20167986627239182,0.24515840825217122,64.42857561305907,0.5750232805878077,0.05120938253403917,0.04954124917257092,0.0016681333614682534,2.331433977399544,-0.021999835968017578,0.08349990844726562,4.638070232100648,4.192829769425232,0.10083693906588995,0.0,0.0,,0,0.013939742435687297,0.03293301397252268,0.032958525013961966,-0.0678741908387102,0.19834051482075213,0.0022552440257702843,0.014176356579789808,True,False,False,False
2025-05-29,4.497000217437744,4.499000072479248,4.415999889373779,4.423999786376953,0,valid,4.479399967193603,4.484499979019165,4.427799987792969,4.33711998462677,4.406029994487763,4.334678368261683,4.4689251708931055,4.434887834919993,4.383928833354947,4.249424012984882,-0.011838384483887965,-0.037423934049564345,0.05913328654385408,0.050831293655800636,0.047596432494797725,,0.20888820717713416,0.24629338905251913,53.893098317166995,0.21991873321771904,0.043872324390486384,0.048407464216154016,-0.004535139825667632,-0.7404082119985778,-0.10400009155273438,0.08164279801504952,4.620057035771186,4.235542939814751,0.08684089096537886,0.0,0.0,,0,-0.0008582595027987371,0.02003168048339334,0.020606238924040534,-0.07890905455491674,0.1841540990636838,0.004467272698225041,0.018456788768571545,False,False,False,False
2025-05-30,4.421999931335449,4.441999912261963,4.394000053405762,4.415999889373779,0,valid,4.451999950408935,4.480599975585937,4.437049984931946,4.340319981575012,4.404229991436004,4.335151167803033,4.45834011458924,4.433088982963211,4.385186521826274,4.2510814843917375,-0.0018082950699519484,-0.030090069125155106,0.043724874761215116,0.03540446134002084,0.056459347063886556,,0.20609089233443664,0.24505043576072286,53.10134978672201,0.0,0.03698577908242928,0.04612312718940907,-0.00913734810697979,-1.8448584522856026,-0.03900003433227539,0.08114280019487653,4.605804497715349,4.268295472148543,0.0760660859609367,0.0,0.0,,0,-0.0047441646205591175,0.017436481208766594,0.018649573784463726,-0.08057465877054244,0.18201279904428358,-0.00045204682144473905,0.01085478507497515,False,False,False,False
2025-06-02,4.438000202178955,4.46999979019165,4.418000221252441,4.461999893188477,0,valid,4.442599964141846,4.482699966430664,4.444049978256226,4.344899983406067,4.402669990062714,4.335884397429538,4.459072070309087,4.435842402984665,4.3881988108993015,4.253180175026531,0.010416667791452339,-0.010423582427265154,0.03239237982892784,0.041063958818890134,0.06746413311742572,,0.1958296811727617,0.24571278646099307,50.40000854490883,0.0,0.034838363215666135,0.043866174394660486,-0.00902781117899435,-1.4575968754528268,0.020999908447265625,0.07828566006251744,4.604100571198338,4.283999385314114,0.07202915976427142,0.0,0.0,,0,0.004039089348696722,0.026951117454863165,0.02908645254326982,-0.0709973104319124,0.19432543369717267,0.004981955017280488,0.011716891971676432,False,False,False,False
2025-06-03,4.409999847412109,4.473999977111816,4.406000137329102,4.460000038146973,0,valid,4.447799968719482,4.4811999797821045,4.449899983406067,4.349059987068176,4.400439989566803,4.336597705709523,4.459257663876665,4.43814313014298,4.3910145453011715,4.255238084112307,-0.00044819701689302605,0.005863785024517121,0.026939927410517317,0.033124885057058684,0.07443989726692246,,0.1955884221700201,0.2453563099269241,46.666666666666664,0.0,0.03259936390687823,0.041612812297104035,-0.009013448390225803,0.1122360163085867,-0.014999866485595703,0.07771420478820801,4.6027919338492636,4.297008032962871,0.06871702780437285,0.0,0.0,,0,0.0022697262362231215,0.025508972377634272,0.028456024932859057,-0.07141368666606239,0.1937901406005902,-0.011653977369149767,0.01541946533685681,False,False,False,False
2025-06-04,4.427999973297119,4.429999828338623,4.348999977111816,4.364999771118164,0,valid,4.425399875640869,4.469599962234497,4.452749967575073,4.3497399854660035,4.397159988880158,4.336760003226144,4.440406085324965,4.43117709595014,4.389994358078309,4.256330240201918,-0.021300508120237427,-0.02501685491987926,0.013231124006326311,0.03607879346725151,0.039533196963277506,,0.20925393832459563,0.24421803907563766,37.480809347459214,0.0,0.02289529056684625,0.03786930795105248,-0.014974017384206229,-1.7113310939917858,-0.11600017547607422,0.0818570681980678,4.596347191477799,4.309152743672348,0.0644982201778229,0.0,0.0,,0,-0.01970696695208717,0.003508206399267274,0.006511720240689495,-0.09119304697357321,0.16836180401686798,-0.007174902371334688,0.018292649438860227,False,False,False,False
2025-06-05,4.3379998207092285,4.400000095367432,4.317999839782715,4.394000053405762,0,valid,4.419399929046631,4.449399948120117,4.45869996547699,4.351479983329773,4.393339989185333,4.337085230783983,4.431124878941125,4.427636425231628,4.390151444169582,4.257700089089519,0.006643822178292735,-0.0067811334583629534,0.027836246873370385,0.02472013618326563,0.04098551312070309,,0.20779321395452008,0.24194193098996059,44.97530978637427,0.1894643454528016,0.017344881943703427,0.03376442274958267,-0.01641954080587924,-1.8100525799554679,-0.20200014114379883,0.0804999555860247,4.579307426823482,4.338092504130498,0.05409983281240576,0.0,0.0,,0,-0.014510936499919167,0.009771404266796735,0.013122827796374786,-0.08515509518326958,0.1761241920826654,-0.0061855559735846406,0.01890277984642941,False,False,False,False
2025-06-06,4.4029998779296875,4.51200008392334,4.400000095367432,4.510000228881836,0,valid,4.438199996948242,4.445099973678589,4.465549969673157,4.354919991493225,4.390409991741181,4.338062151677191,4.446899948929268,4.435480597007838,4.394851396511239,4.260210538241681,0.02639967548160671,0.02128630929865949,0.031328625516119146,0.04446512186734641,0.05595886807720851,,0.2128605571305534,0.2473670554437443,54.866015102724894,0.439505829085058,0.022052183978435558,0.03142197499535325,-0.009369791016917692,0.6471832767960484,-0.0429997444152832,0.0841428211757115,4.581120012566152,4.349979926780162,0.05176072093151549,0.0,0.0,,0,0.009954039146477685,0.03561035281739736,0.03963476575322237,-0.06100348658010661,0.2071734890797145,0.0020482076501000665,0.025437200013862175,False,False,False,False
2025-06-09,4.501999855041504,4.51800012588501,4.46999979019165,4.48199987411499,0,valid,4.442199993133545,4.442399978637695,4.470899963378907,4.3571799898147585,4.387349989414215,4.338870790567291,4.453919933966413,4.4399110043513765,4.398268983868249,4.262417397305097,-0.006208504067811926,0.004482290767654495,0.024457114083426434,0.04866628406641005,0.036540239752935744,,0.21465462138334512,0.24674230000848588,50.49786271740797,0.3290769700479939,0.02325528765412166,0.029788637527106934,-0.006533349872985275,-2.480424621603894,-0.026999950408935547,0.07892857279096331,4.578448649111341,4.363351277646472,0.04811053103999863,0.0,0.0,,0,0.002482701654477371,0.02864694242423029,0.03298763444600891,-0.06683325025333525,0.19967874756220835,-0.0017739187215774406,0.01066200294067243,False,False,False,False
2025-06-10,4.449999809265137,4.48199987411499,4.440000057220459,4.473999977111816,0,valid,4.4449999809265135,4.446399974822998,4.471749973297119,4.361559987068176,4.385559990406036,4.339625702223964,4.457935942595493,4.443157573185704,4.401238826740546,4.264522696606657,-0.001784894517596003,0.003138999741053805,0.003814269510472146,0.03853293546726433,0.01704928538383066,,0.2046596441137488,0.24636171660999942,49.50354955305933,0.3039402855693029,0.0232947043040026,0.02848985088248607,-0.005195146578483471,-1.7351196276878866,0.039999961853027344,0.07835715157645089,4.5791046375287054,4.364395309065533,0.0480146094359704,0.0,0.0,,0,0.0005031595746928827,0.02577976466608725,0.0309644849828842,-0.06849885446896097,0.19753744754280814,-0.007139684459757422,0.009438161504430942,False,False,False,False
2025-06-11,4.498000144958496,4.50600004196167,4.4070000648498535,4.4120001792907715,0,valid,4.454400062561035,4.439899969100952,4.467399978637696,4.364879994392395,4.383619992733002,4.340027782652113,4.448748789934549,4.4401902023385675,4.401660840566045,4.265990134245305,-0.013857800209706062,0.010767562574365952,-0.019337606531874107,0.02461680001532618,0.003411495083545102,,0.20751276704351868,0.24816579166433483,35.88959926748606,0.0,0.018114266761302567,0.026414734058249373,-0.008300467296946806,-2.1512452652045932,-0.06500005722045898,0.07664285387311663,4.577129679636332,4.357670277639059,0.049124636935731915,0.0,0.0,,0,-0.012400904242251886,0.0107952990595187,0.016583395370496332,-0.0814074112388424,0.18094221285111858,0.00536436476742518,0.022009776327548317,False,False,False,False
2025-06-12,4.367000102996826,4.38700008392334,4.343999862670898,4.35699987411499,0,valid,4.447000026702881,4.4331999778747555,4.458849978446961,4.368899989128113,4.381099989414215,4.340121551113234,4.430399006770637,4.432267313936322,4.399909430116984,4.266895703796248,-0.012466070476140012,-0.008420614210528532,-0.03776501952841982,0.017752799427216193,-0.006385485360393184,,0.2094885298909984,0.2492644387204609,35.240988946594356,0.0,0.009461600276374327,0.023024107301874364,-0.013562507025500038,-1.7365841425082795,-0.06699991226196289,0.07521428380693708,4.575149654696799,4.342550302197123,0.05216577225607658,0.0,0.0,,0,-0.022842236187422767,-0.0027238240844916317,0.0038889055992975398,-0.09285865118919892,0.16622050399746777,-0.01019947290690706,0.009846627029601575,False,False,False,False
2025-06-13,4.343999862670898,4.446000099182129,4.340000152587891,4.423999786376953,0,valid,4.429799938201905,4.433999967575073,4.457299971580506,4.373459982872009,4.379599988460541,4.34058242053776,4.429119162691901,4.431479930359239,4.400854149970316,4.268458928498544,0.015377533669443055,-0.019068833290548426,-0.006958504570144353,0.03947362376853958,-0.015576362330882776,,0.21084211106772358,0.25077877686717037,43.81369096287618,0.2937105460017868,0.00791934346405121,0.020003154534309734,-0.012083811070258525,-1.1838384483887965,0.007999897003173828,0.07650000708443778,4.574637390878078,4.339962552282933,0.052649550196625525,0.0,0.0,,0,-0.007470932047623609,0.011556022852129774,0.01921801218299612,-0.07890905455491674,0.1841540990636838,-0.002983707096556299,0.024401461773772812,False,False,False,False
2025-06-16,4.441999912261963,4.453999996185303,4.4029998779296875,4.452000141143799,0,valid,4.423799991607666,4.432999992370606,4.457849979400635,4.381399989128113,4.37812999010086,4.341191260541072,4.4336953583822805,4.433434236148244,4.402859875114375,4.270285209221383,0.006329194421091255,-0.006693381038328394,0.002476954839086609,0.05173643982299003,-0.025820574635707416,,0.21180642771688835,0.250698222291364,51.40625593716496,0.5538404793550061,0.00885442020543703,0.017773407668535194,-0.008918987463098164,0.6329194421091255,-0.009999752044677734,0.07464289665222168,4.574968615433884,4.340731343367386,0.052544897910178474,0.0,0.0,,0,-0.001312255523148506,0.016113605740373245,0.02552499393655288,-0.07307929088168809,0.19164884058118994,0.004068744745521567,0.01148134157203188,False,False,False,False
2025-06-17,4.4029998779296875,4.441999912261963,4.38100004196167,4.39300012588501,0,valid,4.407600021362304,4.426300001144409,4.4537499904632565,4.389559993743896,4.37567999124527,4.341472830461419,4.4255563118828265,4.429583368504127,4.402473218281851,4.271506253168284,-0.013252473806892318,-0.01810457122064979,-0.018323973294987472,0.03316093030349587,-0.02895668370941351,,0.21503346189456227,0.25226428901259074,43.59756784555165,0.4258123700052668,0.004779571190659304,0.015174640372960017,-0.010395069182300713,-0.520827990601036,-0.06699991226196289,0.0749286242893764,4.5740389987415,4.333460982185013,0.05401695583982776,0.0,0.0,,0,-0.013640160473382975,0.0007837077397316477,0.011868620957859172,-0.08536328330034457,0.17585654553437413,-0.011006348081903313,0.013854161251754432,False,False,False,False
2025-06-18,4.364999771118164,4.39900016784668,4.3460001945495605,4.396999835968018,0,valid,4.404599952697754,4.429500007629395,4.449549984931946,4.39439998626709,4.373389990329742,4.341772976437131,4.419845016699865,4.426480174929259,4.402258575838172,4.272754945534452,0.000910473473342277,-0.0033998963538495186,-0.018745840577406025,0.015238971832916448,-0.04392262277649661,,0.21498106623340454,0.24948938619565397,47.775954399661266,0.638723503007979,0.0018516228103111487,0.012510036860430245,-0.010658414050119096,-1.456747171143724,0.032000064849853516,0.07278575216020856,4.5716845829712085,4.3274153868926835,0.05489750579400695,0.0,0.0,,0,-0.01181021657063869,0.0005916279148580438,0.012719886514242846,-0.0845305308320446,0.17692713172753913,-0.006373857037212076,0.012142033465340218,False,False,False,False
2025-06-20,4.436999797821045,4.442999839782715,4.361000061035156,4.375,0,valid,4.408199977874756,4.427600002288818,4.438499975204468,4.396659984588623,4.371859991550446,4.341951616348759,4.410876013359893,4.421577301126473,4.401189612079812,4.273772309260477,-0.005003374298096608,0.0041313120048382945,-0.04808533185260666,0.01578821389671936,-0.047048589923686324,,0.19102564167124989,0.24943734197031897,46.69888576884714,0.5838410981517864,-0.0022184276254195723,0.009564343963260282,-0.011782771588679854,-1.9058304354250266,-0.01900005340576172,0.07521431786673409,4.54365456540212,4.333345385006815,0.04738294053625995,0.0,0.0,,0,-0.01430662961793581,-0.0049264634209937345,0.007611412233799259,-0.08911096724477174,0.17103852476592096,0.009097103330735328,0.018480906577419198,False,False,False,False
2025-06-23,4.361000061035156,4.361000061035156,4.290999889373779,4.320000171661377,0,valid,4.387400054931641,4.408599996566773,4.426849985122681,4.395059986114502,4.369549992084504,4.3418342289440135,4.392700845020189,4.411903288796464,4.398005712455561,4.274232287990834,-0.012571389334542382,-0.02350805147772106,-0.05117500615028825,-0.004149296863020346,-0.056562529971542874,,0.1929119233692974,0.2504185459280386,38.73019140831074,0.1777935190484529,-0.00976938304651842,0.005697598561304542,-0.015466981607822963,-1.0309187128607733,-0.19000005722045898,0.07735718999590192,4.530204842148765,4.323495128096597,0.046694537819636554,0.0,0.0,,0,-0.024136759506284227,-0.017078222979951256,-0.005028763451419667,-0.10056210791610247,0.15631694354534037,-0.003199986049107143,0.016051403504168088,False,False,False,False
2025-06-24,4.3520002365112305,4.370999813079834,4.284999847412109,4.293000221252441,0,valid,4.355600070953369,4.389700031280517,4.416050004959106,4.393039989471435,4.366929996013641,4.341574473583952,4.3727607202666405,4.400579187125604,4.393887850055438,4.274419033595428,-0.006249988272234663,-0.0357142665881649,-0.047904105495122806,-0.01739522488345646,-0.07057799085244842,,0.19161915313156366,0.2503026524018918,37.25193573843434,0.1024684897661549,-0.01772788395838809,0.001012502057366015,-0.018740386015754104,-2.2985851371357224,-0.18899965286254883,0.07864291327340263,4.52804149662887,4.304058513289343,0.050720209936028736,0.0,0.0,,0,-0.027864218830965057,-0.022772332703265605,-0.01118816517534314,-0.10618358419323035,0.1490899762091957,0.007407422124603063,0.019761020448993877,False,False,False,False
2025-06-25,4.308000087738037,4.3379998207092285,4.293000221252441,4.293000221252441,0,valid,4.335600090026856,4.37160005569458,4.409000015258789,4.389039993286133,4.364739997386932,4.341317466957859,4.356808620463801,4.39033357132816,4.38993147245532,4.274603921034801,0.0,-0.02276346500500559,-0.03179968279682521,0.00893069466262908,-0.05544551172966927,,0.1841632231872433,0.2444033467643808,43.57147357898376,0.4244827276210839,-0.023761149527991243,-0.003942228259705438,-0.019818921268285807,-4.811529858462893,-0.180999755859375,0.0739285945892334,4.533308584456145,4.284691446061433,0.05638855466869833,0.0,0.0,,0,-0.026309774008821053,-0.021881726341205002,-0.011129627370761168,-0.10618358419323035,0.1490899762091957,0.003494028817268413,0.010445589261910772,False,False,False,False
2025-06-26,4.2769999504089355,4.293000221252441,4.25,4.252999782562256,0,valid,4.306800079345703,4.3557000160217285,4.397799992561341,4.38681999206543,4.36157999753952,4.340852637039988,4.336046852883492,4.377254162874264,4.384561602263435,4.274388954482836,-0.009317595301338133,-0.032749615369057516,-0.050033603331575915,0.0016486033421052593,-0.0699759840071339,,0.18110273203631183,0.24514743450158183,37.65322866865697,0.12291650991298532,-0.031408202852362344,-0.00943542317823682,-0.021972779674125524,-5.1093283798441025,-0.15900039672851562,0.07114287785121373,4.535909925225997,4.259690059896684,0.06280864654975793,0.0,0.0,,0,-0.03292560149256609,-0.03050506055530396,-0.020238617115931053,-0.11451180382941044,0.1383832208460541,-0.0037270603351699655,0.01005382785855072,False,False,False,False
2025-06-27,4.270999908447266,4.293000221252441,4.239999771118164,4.2829999923706055,0,valid,4.288400077819825,4.34830002784729,4.390750002861023,4.386019992828369,4.358979995250702,4.340549743612399,4.3254374807809155,4.368277575207249,4.380578794032344,4.274474636451869,0.0070538940376516646,-0.021028573172433007,-0.03187156437948646,0.030558193177327775,-0.06382509924988045,,0.180599726908067,0.24145226491724162,26.597943212207014,0.0,-0.03464837657930975,-0.014478013858451405,-0.020170362720858342,-4.269110096520623,-0.07399988174438477,0.06650005068097796,4.537362088871292,4.244137916850754,0.066782251740471,0.0,0.0,,0,-0.0245402289859836,-0.023488265130166452,-0.013258631887927284,-0.10826566392203181,0.14641325546014275,0.004232336422590983,0.012409377492481805,False,False,False,False
2025-06-30,4.252999782562256,4.2769999504089355,4.230000019073486,4.230000019073486,0,valid,4.270400047302246,4.3289000511169435,4.3814500093460085,4.38503999710083,4.356149995326996,4.339973963797092,4.30634998843943,4.35510828414689,4.374673744033957,4.274032102945616,-0.012374497639861981,-0.020833367826760707,-0.04211953690213277,0.008102935912223774,-0.0796344995611874,,0.18464411117789134,0.2421543100822421,25.294142946366122,0.0,-0.04102003903205187,-0.0197864188931715,-0.02123362013888037,-4.125116791054662,-0.1939997673034668,0.06685716765267509,4.544044076572236,4.218855942119781,0.07421929584014449,0.0,0.0,,0,-0.03456618013430858,-0.035356571007299505,-0.02533977061636302,-0.11930042835921256,0.13222696733614467,-0.007004485141673965,0.011051007227452458,False,False,False,False
2025-07-01,4.206999778747559,4.2769999504089355,4.204999923706055,4.250999927520752,0,valid,4.261999988555909,4.3088000297546385,4.370900011062622,4.383399991989136,4.354439995288849,4.339512958427785,4.295279976255695,4.345193202563449,4.369823790445204,4.273802927070742,0.0049645173410342025,-0.009783436190794359,-0.04728820500193853,0.04833541491478499,-0.0794716545196067,,0.18072051910308745,0.23180434434786326,28.680693392024693,0.12969270035143823,-0.04386941106012188,-0.024603017326561574,-0.019266393733560302,-2.4328654959112073,-0.20100021362304688,0.06900003978184291,4.5387833268050155,4.203016695320228,0.07681864847856779,0.0,0.0,,0,-0.027431440490152167,-0.030204878566946026,-0.020396996565048092,-0.11492818006356041,0.1378479277494716,-0.005437409035985198,0.017114340501419176,False,False,False,False
2025-07-02,4.269000053405762,4.308000087738037,4.263000011444092,4.293000221252441,0,valid,4.261999988555909,4.298800039291382,4.3625500202178955,4.381159992218017,4.352969996929168,4.339273202050593,4.2948240252550445,4.3402224424385905,4.366811101457253,4.273993944923296,0.0098800974941875,0.0,-0.037443904813040274,0.07728992076904673,-0.08327991868007245,,0.1858148910150505,0.22938680743353265,38.17099564021694,0.4931371390123906,-0.04225143795183506,-0.028132701451616275,-0.014118736500218783,-2.9611114703916863,-0.09999990463256836,0.06600005286080497,4.528373612013537,4.196726428422254,0.07602140538315665,0.0,0.0,,0,-0.01594246453178325,-0.020122472386803644,-0.010663762949123416,-0.10618358419323035,0.1490899762091957,0.004234327497508972,0.010541128070037091,False,False,False,False
2025-07-03,4.256999969482422,4.363999843597412,4.255000114440918,4.3480000495910645,0,valid,4.28100004196167,4.293900060653686,4.36170003414154,4.380339994430542,4.35157999753952,4.339317955114903,4.305459230122248,4.340963166929302,4.366073413148775,4.274730324074219,0.012811513045433154,0.022337237687695133,-0.0038945526731940516,0.04645001926284298,-0.0735137016769265,,0.17771048475991716,0.21406883550585362,49.10538569754699,0.9118849462535366,-0.03611484664110165,-0.029729130489513353,-0.006385716151588297,-2.3360307335034136,-0.048999786376953125,0.06892858232770648,4.527644985648265,4.195755082634816,0.07609186794496542,0.0,0.0,,0,-0.003140973575266076,-0.0073829759517746105,0.0020007970298483277,-0.0947324435218996,0.1638115574297763,-0.008385802449252333,0.025604822630465426,False,False,False,False
2025-07-07,4.363999843597412,4.39900016784668,4.349999904632568,4.394999980926514,0,valid,4.303400039672852,4.295900058746338,4.3617500305175785,4.380499992370606,4.350599997043609,4.339602047083329,4.323367380283101,4.346109530167132,4.367207788355745,4.275927037077724,0.010809551701792097,0.026149892308058753,0.00022756657000422287,0.031205981788893444,-0.07977387775037492,,0.1804129302352916,0.2087681097656535,46.99795147715774,0.8311777962373027,-0.02714612848039266,-0.029212530087689217,0.0020664016072965558,0.04552367366712495,0.019999980926513672,0.06500002316066197,4.5277365538379115,4.1957635071972454,0.07611005773324271,0.0,0.0,,0,0.007623075640808708,0.0033101218082781155,0.012765671423815812,-0.0849469070661946,0.17639183863095664,0.0036798053872728127,0.01122829169803969,False,False,False,False
2025-07-08,4.414999961853027,4.434999942779541,4.413000106811523,4.414999961853027,0,valid,4.34040002822876,4.305400037765503,4.357000017166138,4.382699995040894,4.349379994869232,4.339984777615155,4.341693896597087,4.352670523661026,4.369081991237991,4.277310847274494,0.004550621390969178,0.04373521086178678,-0.021064359691254864,0.003409060491018634,-0.08078284688761739,,0.15266058355742912,0.19819540392573637,46.1052435032179,0.8740031242518701,-0.018214557329228498,-0.027012935535997075,0.008798378206768577,0.40937290326386044,0.09499979019165039,0.06421429770333427,4.510057233488233,4.203942800844043,0.07025807469316732,0.0,0.0,,0,0.013311899118286756,0.007369878579113686,0.017284665288410026,-0.08078284688761743,0.18174515249599232,0.004550621390969257,0.004982975347248698,False,False,False,False
2025-07-09,4.416999816894531,4.422999858856201,4.340000152587891,4.3420000076293945,0,valid,4.358600044250489,4.310300016403199,4.350000023841858,4.384219999313355,4.346429994106293,4.33999495554452,4.341755118803548,4.3516542840389665,4.3680199526651045,4.277954520511856,-0.016534531110843687,0.021406747038388074,-0.031236026420736973,-0.01183432980071597,-0.09314955915469558,,0.1614619263354464,0.20110211743262607,44.7852623141529,0.8185679164864319,-0.01683267249268816,-0.024976882927335294,0.008144210434647133,-0.7542855398995574,0.048999786376953125,0.06507141249520439,4.4913439250133935,4.208656122670322,0.06498570133188307,0.0,0.0,,0,-0.0018390841766933782,-0.009629989300393788,0.0004619941049270425,-0.09598167150337533,0.16220555050695856,0.00045296830323517004,0.01879096891760012,False,False,False,False
2025-07-10,4.3460001945495605,4.375999927520752,4.3420000076293945,4.3460001945495605,0,valid,4.369200038909912,4.31560001373291,4.343600034713745,4.386820001602173,4.344639995098114,4.340025132624947,4.342604133952751,4.35111579932569,4.367156432739004,4.278631591895317,0.000921277501874096,0.012345672155976928,-0.028609696740518498,-0.032717523919331803,-0.06597887200390895,,0.16169223844578112,0.19550490873452717,44.78531615550536,0.8185701776599886,-0.015239070630055807,-0.0230293204678794,0.007790249837823594,0.6018523577554502,0.05299997329711914,0.06371426582336426,4.47233213548198,4.21486793394551,0.05927438057805372,0.0,0.0,,0,0.0005525738596172579,-0.009305101881933576,0.0013767344063741454,-0.0951488197560496,0.16327626433319378,0.0009212775018740733,0.007823266997087958,False,False,False,False
2025-07-11,4.388000011444092,4.425000190734863,4.380000114440918,4.422999858856201,0,valid,4.38420000076294,4.332600021362305,4.344150018692017,4.391820001602173,4.344149992465973,4.340440006256103,4.358683278933441,4.357961900233358,4.369346371018111,4.280068092064082,0.017717363290321142,0.01724926596359877,0.0024931276333715058,0.013519710672160068,-0.03973080544070584,,0.1681456199217079,0.18994426501340045,54.4117505265806,1.0,-0.007674434176125011,-0.019958343209528523,0.012283909033403512,3.0281768204948767,0.1700000762939453,0.06349999564034599,4.474199793007069,4.214100244376964,0.05987351898782233,0.0,0.0,,0,0.0181508096693045,0.007099529862939243,0.01902107907979377,-0.07911724267199173,0.18388645251539254,0.00966401634017513,0.01025525892811832,False,False,False,False
2025-07-14,4.433000087738037,4.447000026702881,4.4029998779296875,4.427000045776367,0,valid,4.39060001373291,4.347000026702881,4.347650027275085,4.396820001602173,4.342979991436005,4.343880006074905,4.372346632302026,4.364536961713644,4.371607299440003,4.281530101553757,0.0009044058439560132,0.007281015924625267,0.016066140391063355,0.024057389001618024,-0.03948799133933811,,0.16137239515399288,0.18887004210631742,60.851903042566136,1.0,-0.0013411635342430728,-0.016234907274471435,0.014893743740228362,3.1213561057034545,0.14400005340576172,0.060642855507986884,4.482822813425168,4.212477241125002,0.062181999609937776,0.0,0.0,,0,0.018251243316154218,0.006864061790839108,0.019134976008825886,-0.07828439092466598,0.1849571663416278,0.0022609607056198328,0.00992559167659405,False,False,False,False
2025-07-15,4.431000232696533,4.491000175476074,4.395999908447266,4.488999843597412,0,valid,4.405399990081787,4.372900009155273,4.350900030136108,4.401979999542236,4.342519991397857,4.347645004987717,4.395677274561104,4.376390569512099,4.376210928622646,4.28359447709648,0.014004923690975835,0.01676101526246132,0.014692599538683737,0.049076898269423186,-0.018583305715905718,,0.1597989479336998,0.1895503233971098,68.56055782685223,1.0,0.00858193737642221,-0.011271538344292707,0.019853475720714917,5.549025937005236,0.2589998245239258,0.06128573417663574,4.496523715699813,4.205276344572403,0.06693956862031117,0.0,0.0,,0,0.03174051633105069,0.019768341533633715,0.03251296700800772,-0.06537583415478454,0.20155240103331734,0.0009035886331156563,0.021439914700928632,False,False,False,False
2025-07-16,4.474999904632568,4.488999843597412,4.436999797821045,4.454999923706055,0,valid,4.427999973297119,4.393300008773804,4.351050019264221,4.4046399974823,4.3420699906349185,4.3510150051116945,4.407541804390094,4.383877174673428,4.379300693135721,4.285300003928415,-0.007574052367110395,0.026024853956265748,0.000673805585613696,0.028155950945090602,-0.03131116636712705,,0.16100895969218904,0.18871923160904033,64.41277787205159,0.9041339577994164,0.013546402458956663,-0.006307950183642833,0.019854352642599497,4.0158751258892345,0.20399999618530273,0.06178576605660575,4.497117653200106,4.204982385328337,0.06714132601977543,0.0,0.0,,0,0.023890762915065686,0.011433380764952566,0.023899002525202925,-0.07245472653046313,0.19245178022606368,-0.0031187211968411264,0.011620122208837631,False,False,False,False
2025-07-17,4.4770002365112305,4.493000030517578,4.428999900817871,4.4629998207092285,0,valid,4.451399898529052,4.410299968719483,4.354550004005432,4.4070399951934816,4.342499988079071,4.354375004768372,4.418633407653921,4.3914126647720755,4.382583011864094,4.287068161309319,0.0017957120404434868,0.02692121972438022,0.0159343712311224,0.01316676688726015,-0.037731821971336066,,0.15314748884665688,0.1857447973351986,69.81133433499176,1.0,0.01791973409414105,-0.001462413328086057,0.019382147422227106,5.508269517378794,0.1699995994567871,0.06328575951712472,4.508017146884557,4.201082861126308,0.07048587924720641,0.0,0.0,,0,0.02490494232562293,0.012697825655491962,0.024946132526919365,-0.07078912231483742,0.19459308024546393,0.004938341903915009,0.014295315237593129,False,False,False,False
2025-07-18,4.423999786376953,4.441999912261963,4.415999889373779,4.432000160217285,0,valid,4.453199958801269,4.4186999797821045,4.356300020217896,4.409519996643066,4.342889988422394,4.357790005207062,4.421306758166594,4.395278140528762,4.384520939250494,4.28851027075119,-0.006945924655452296,0.0020348861967658394,0.00796004674891293,0.009797270870453234,-0.04193682886792405,,0.15561530463470408,0.18616695495759186,64.03016920112142,0.8701363461274547,0.018669012639795035,0.002563871865490162,0.016105140774304874,4.257827235534561,0.0840001106262207,0.06285715103149414,4.512577820143304,4.200022220292488,0.07174795087579441,0.0,0.0,,0,0.01737716402636632,0.005098097659457916,0.01702930956323057,-0.07724335106026525,0.18629552671615426,-0.008738524736502853,0.005877039815473496,False,False,False,False
2025-07-21,4.368000030517578,4.383999824523926,4.3520002365112305,4.372000217437744,0,valid,4.442199993133545,4.416400003433227,4.356150031089783,4.411459999084473,4.343629992008209,4.360640006065369,4.411445450020825,4.393061195472475,4.384029930551955,4.289341016489365,-0.01353789273703443,-0.012423724366367739,-0.0006856645856584409,-0.003419162570925005,-0.034452222768890706,,0.1623782162724134,0.1882911630605074,63.1970652310714,0.8391887665185696,0.014256981732867935,0.004902493838965717,0.009354487893902218,1.840204801160139,-0.02299976348876953,0.06478571891784668,4.512358005193383,4.199942056986182,0.07171836276930156,0.0,0.0,,0,0.0036385767787699835,-0.008944834965049627,0.002605170653063334,-0.08973553159599672,0.1702355851210472,-0.014440461955346439,0.007325912955386033,False,False,False,False
2025-07-22,4.372000217437744,4.377999782562256,4.328000068664551,4.335999965667725,0,valid,4.411600017547608,4.408500003814697,4.3569500207901,4.410719995498657,4.344499990940094,4.363605005741119,4.396356353150205,4.387626792633927,4.382146402517279,4.289805284640393,-0.00823427492671025,-0.03408328876373401,0.003703655872817846,0.007200961339193679,-0.04724239661639462,,0.15860522506722155,0.18504609410880252,57.68536306914403,0.616755958814997,0.00776597467903084,0.005475190006978742,0.0022907846720520986,-0.2759908874533812,-0.07899999618530273,0.06321426800319127,4.512541142309072,4.201358899271128,0.0714220364137924,0.0,0.0,,0,-0.004808422181206476,-0.01694055163492304,-0.006326200478062344,-0.09723089948485106,0.16059954358414083,0.0,0.01143634753225331,False,False,False,False
2025-07-23,4.357999801635742,4.3979997634887695,4.357999801635742,4.388000011444092,0,valid,4.398200035095215,4.413100004196167,4.361700010299683,4.410979995727539,4.345529992580413,4.366620005369186,4.394685084808983,4.3876623372825145,4.382375955808526,4.29078234659864,0.01199263057843658,-0.015039262269218256,0.02212899727359785,0.02859827082250499,-0.036662968866772117,,0.16190117857941408,0.18558228331818447,58.43693756643333,0.5454981205565489,0.006740078505859337,0.0057281677067548605,0.0010119107991044766,-0.1592712062070678,0.046000003814697266,0.06357138497488839,4.5148522312782395,4.208547789321126,0.07022593053942469,0.0,0.0,,0,0.00602975928704505,-0.005209723078704821,0.0048962369174823635,-0.0864043231647453,0.17451818515984766,0.005073762947926984,0.009178513922376421,False,False,False,False
2025-07-24,4.4079999923706055,4.441999912261963,4.394000053405762,4.4079999923706055,0,valid,4.38720006942749,4.419299983978272,4.367449998855591,4.41,4.3472999930381775,4.369410005807876,4.397348066321308,4.389599256814714,4.383380819987431,4.291948691332689,0.004557880782669388,-0.012323511214007321,0.02678773938768031,0.04554077528789202,-0.023049665252289353,,0.16228181291641844,0.1839816147221822,55.68181920807012,0.4354081968933761,0.007454943760267341,0.006073522917457357,0.0013814208428099837,-0.1585497065210384,0.06199979782104492,0.05964282580784389,4.518360842672607,4.216539155038575,0.06910707339823435,0.0,0.0,,0,0.009284592502636555,-0.0004535164692504928,0.008831852930129003,-0.08224026298616814,0.17987149902488334,0.004557880782669295,0.010889260194936396,False,False,False,False
2025-07-25,4.415999889373779,4.429999828338623,4.381999969482422,4.386000156402588,0,valid,4.378000068664551,4.41560001373291,4.374100017547607,4.407740001678467,4.349359996318817,4.3714350068569185,4.395078484337564,4.389256485346893,4.383483539062535,4.292884526806022,-0.004990888386137704,-0.010379061857353822,0.031272132762773186,0.05104248855756466,-0.04005244478462333,,0.15919915078127256,0.18295741460351755,49.105384001380266,0.1726248403516964,0.00617509408168182,0.00609383715030225,8.125693137956986e-05,1.0133613241796402,-0.03699970245361328,0.0594285215650286,4.515176849601164,4.2330231854940505,0.06450553553306865,0.0,0.0,,0,0.002720591391884222,-0.004932197740247898,0.0033318920498241035,-0.08682069939889528,0.17398289206326517,0.0018148586699228903,0.010869533527775496,False,False,False,False
2025-07-28,4.400000095367432,4.420000076293945,4.392000198364258,4.420000076293945,0,valid,4.387600040435791,4.414900016784668,4.380950021743774,4.405580005645752,4.351459996700287,4.373405007123947,4.40006280272884,4.39218444638947,4.384915560130433,4.29414935814421,0.007751919443442112,0.01097892416948043,0.03198694470403485,0.05817573087251726,-0.027074650884473583,,0.1595359023540551,0.18349638339007945,50.483570768456026,0.22769487954634765,0.00781423573131157,0.006437916866504114,0.0013763188648074553,1.7027123431147206,-0.006999969482421875,0.058999947139195034,4.516601932496558,4.245298110990991,0.06192807956242756,0.0,0.0,,0,0.008913604208300866,0.003273137845576308,0.010654185718930377,-0.0797418070232167,0.1830835128705188,0.0031919604344762603,0.006363608482456024,False,False,False,False
2025-07-29,4.381999969482422,4.4039998054504395,4.326000213623047,4.329999923706055,0,valid,4.386400032043457,4.399000024795532,4.385950016975403,4.4030800056457515,4.352109997272492,4.374890006780625,4.386050226924283,4.386262110895811,4.38276200576085,4.294506080189602,-0.020362025120903016,-0.0013837735261019724,0.02364063928644411,0.023398718591690626,-0.04054954293684565,,0.1709429337002026,0.18691129877260088,48.876395464505954,0.16347304152260278,0.0018299130482981596,0.005516316102862923,-0.0036864030545647637,-2.1026438642979373,-0.15899991989135742,0.05978567259652274,4.504464377081768,4.267435656869037,0.05404273174462401,0.0,0.0,,0,-0.012756664588697647,-0.016597491266566025,-0.01026084838818691,-0.09848012746632678,0.1589935366613231,-0.008597309084977559,0.017799998258924102,False,False,False,False
2025-07-30,4.343999862670898,4.380000114440918,4.331999778747559,4.375999927520752,0,valid,4.384000015258789,4.391100025177002,4.392200016975403,4.401780004501343,4.35300999879837,4.376435006856918,4.384040167043577,4.385284760098187,4.382496826222023,4.295316964242648,0.010623557650164095,-0.0027347502032915028,0.029404846419957886,0.012494192615511324,-0.01040253381478573,,0.17374256583312844,0.18296394205775005,52.60414683291968,0.17806363760961982,0.0007900034095218444,0.004571053564194708,-0.0037810501546728633,-1.1520243444377742,-0.07899999618530273,0.060928549085344584,4.492539526961919,4.291860506988887,0.0456898636668249,0.0,0.0,,0,-0.003688376984663619,-0.005856739081514237,-9.941409742971484e-05,-0.08890277912769676,0.1713061713142122,0.00323324231212946,0.011049801383705956,False,False,False,False
2025-07-31,4.343999862670898,4.360000133514404,4.326000213623047,4.360000133514404,0,valid,4.374400043487549,4.380800056457519,4.395550012588501,4.39948000907898,4.3534400010108945,4.377755006551743,4.379232160337742,4.382876700423541,4.381614602978587,4.295960577867243,-0.0036562601168533826,-0.010889260194936412,0.015606780528517161,0.003914390655792133,-0.018018000602490147,,0.17172280747196325,0.18288439487104466,43.88351456253148,0.0,-0.0013100803411312256,0.003394826783129521,-0.004704907124260747,-2.873684887002126,-0.10299968719482422,0.05885710035051618,4.485923350082833,4.305176675094169,0.04112037730682607,0.0,0.0,,0,-0.008087697551451967,-0.008973759508647152,-0.004055702754212273,-0.09223398755894817,0.16702357127541173,-0.007312629200152509,0.007826869467360583,False,False,False,False
2025-08-01,4.4039998054504395,4.4079999923706055,4.216000080108643,4.21999979019165,0,valid,4.341199970245361,4.359600019454956,4.38914999961853,4.394260005950928,4.353510000705719,4.3784900057315825,4.347385686308524,4.3673646137347895,4.375276767183021,4.295204749134153,-0.03211016950357426,-0.03784777936421502,-0.029438881770816105,-0.020427181001426598,-0.05950528171277947,,0.20158884983021755,0.1938007931528229,34.10135177202626,0.0,-0.014108633968203499,-0.00010586536713708301,-0.014002768601066416,-5.274975028931328,-0.21200037002563477,0.06942851202828544,4.50750054396528,4.27079945527178,0.05392868521560502,0.0,0.0,,0,-0.03853826126734806,-0.039656327919441604,-0.03619745970242331,-0.12138250808801403,0.1295502465870917,0.010091667566204627,0.04359671224879294,False,False,False,False
2025-08-04,4.223999977111816,4.236000061035156,4.197999954223633,4.199999809265137,0,valid,4.2971999168396,4.342399978637696,4.379399991035461,4.386339998245239,4.352629997730255,4.379000004529953,4.317908510899847,4.351425108547203,4.368403160990162,4.2942574362996355,-0.004739332208735791,-0.049773815210716665,-0.04436863993347928,-0.017543926182263303,-0.06521260166087484,,0.19657551304029436,0.19341717395067087,26.272564625557393,0.0,-0.025570648718956868,-0.005198822037501041,-0.020371826681455825,-5.892897647535589,-0.17200040817260742,0.06535707201276507,4.52476694071515,4.234033041355772,0.06638669679739317,0.0,0.0,,0,-0.04096455727669378,-0.042481930049801844,-0.04087695708601175,-0.1255465682665912,0.12419693272205602,0.0009479116395843109,0.008996237456778166,False,False,False,False
2025-08-05,4.211999893188477,4.22599983215332,4.188000202178955,4.196000099182129,0,valid,4.270399951934815,4.328399991989135,4.368449997901917,4.379200000762939,4.3514100003242495,4.379790004491806,4.2935268285563035,4.3366227267029105,4.361642256605534,4.293279751353193,-0.0009523119677731229,-0.03094684223671651,-0.04960359333253117,-0.04047565513585116,-0.07515981190945165,,0.1950360696854518,0.18730638440226152,27.633848054354544,0.03126600585827247,-0.034578521493616954,-0.011074761928724225,-0.02350375956489273,-5.3249109319433385,-0.1399998664855957,0.06435704231262207,4.534103395216089,4.202796600587744,0.07584081190982278,0.0,0.0,,0,-0.03947622126901124,-0.04183410247280171,-0.04196317748594945,-0.12637932073489114,0.12312634652889103,0.00285716296864296,0.009021754733616476,False,True,False,False
2025-08-06,4.230000019073486,4.281000137329102,4.214000225067139,4.21999979019165,0,valid,4.239199924468994,4.311599969863892,4.362349987030029,4.373420000076294,4.350869996547699,4.380810004472733,4.278821420883373,4.325515780368505,4.3560876500795,4.29255059751079,0.005719659304631364,-0.03564902648832635,-0.02809770088055641,-0.0354286193847656,-0.08992889501500023,,0.18967251607081279,0.18774560387262476,29.579805802834414,0.08759139289830377,-0.039327409182477346,-0.01672529137947485,-0.022602117803002496,-3.4766793157932407,-0.1680002212524414,0.06585703577314105,4.540609784268287,4.184090189791772,0.08172649960147742,0.0,0.0,,0,-0.03263153971176293,-0.03508014548842031,-0.03670787231514214,-0.12138250808801403,0.1295502465870917,0.008102935912223781,0.015839222685544607,False,False,False,False
2025-08-07,4.236999988555908,4.254000186920166,4.2210001945495605,4.24399995803833,0,valid,4.215999889373779,4.295199966430664,4.357249975204468,4.369619998931885,4.350229995250702,4.381550003290176,4.271857128314365,4.317752368718012,4.35169205431318,4.292067506570765,0.0056872438483202,-0.026605544019231875,-0.023469910709887132,-0.04778995541460018,-0.0620994765539965,,0.1911798303002868,0.18388757869379582,34.01358337557019,0.2096445076594162,-0.04068532877791764,-0.02151729885916341,-0.01916802991875423,-2.121771410466955,-0.1640000343322754,0.0649284975869315,4.543151957847292,4.1713479925616435,0.08532995981443581,0.0,0.0,,0,-0.025991168239279945,-0.028748504658130808,-0.0313930104982386,-0.11638559616211114,0.13597427427836262,0.004028483224992234,0.007788527840391337,False,False,False,False
2025-08-08,4.260000228881836,4.289000034332275,4.254000186920166,4.284999847412109,0,valid,4.228999900817871,4.285099935531616,4.350349974632263,4.3657799911499025,4.350019991397858,4.382610002756119,4.274485672133914,4.314633080974593,4.3490766736503925,4.291997181604013,0.009660671484249983,0.015402857927039548,-0.031200546201188173,-0.047566175065476335,-0.041815802673017655,,0.18259884890436362,0.18394426790029123,42.35497314542533,0.5000069035833647,-0.0380149289806786,-0.02481682488346645,-0.013198104097212147,-2.3473145798394213,-0.10100030899047852,0.06242850848606655,4.536220717820217,4.16447923144431,0.08545093809546442,0.0,0.0,,0,-0.015021809188047694,-0.018503026698905273,-0.022272151818807626,-0.10784928768788184,0.14694854855672523,0.003770092130467771,0.008215926181134533,False,False,False,False
2025-08-11,4.269000053405762,4.284999847412109,4.257999897003174,4.2729997634887695,0,valid,4.243599891662598,4.270399904251098,4.342649960517884,4.362759990692139,4.349939987659455,4.3830650007724765,4.274188490404885,4.3106680031188,4.3460932654087605,4.2918081525680405,-0.0028004864295589904,0.017380942271139066,-0.03478660056363081,-0.05631628120924559,-0.05963916734412733,,0.18241985679563927,0.18337539396001418,44.220160689865764,0.5579961436617891,-0.03644678849546423,-0.027142817605866006,-0.009303970889598227,-3.0626186278469913,-0.14700031280517578,0.06078566823686872,4.527909209869032,4.157390711166736,0.08532082992434181,0.0,0.0,,0,-0.01603863946262157,-0.020574184093296612,-0.025111477302825525,-0.11034774365083329,0.14373653471108977,-0.0037339077190424175,0.006324654502497671,False,False,False,False
2025-08-12,4.293000221252441,4.317999839782715,4.245999813079834,4.293000221252441,0,valid,4.2629999160766605,4.266699934005738,4.332849979400635,4.360299997329712,4.350309989452362,4.383510001897812,4.277950836574397,4.308985357226766,4.344011185245767,4.2918200139479845,0.004680659693587774,0.02311728307375871,-0.04366220297924972,-0.03636357019706704,-0.05336265364987047,,0.17460437752694102,0.18093942036461974,40.7407613964543,0.4919606761981639,-0.03320736227096699,-0.028355726538886204,-0.004851635732080785,-2.120381482759115,-0.03699970245361328,0.061499970299857,4.505842656895185,4.159857301906085,0.07985168114151056,0.0,0.0,,0,-0.009197123910970441,-0.015434666449208824,-0.020647786957526025,-0.10618358419323035,0.1490899762091957,0.004680659693587751,0.016771493825331215,False,False,False,False
2025-08-13,4.260000228881836,4.260000228881836,4.224999904632568,4.23799991607666,0,valid,4.266599941253662,4.252899932861328,4.321999979019165,4.355819997787475,4.350359990596771,4.383490000963211,4.26996065247485,4.302224839021994,4.339853880572469,4.291284490586081,-0.01281162411860659,0.00426543288624015,-0.04870931792269817,-0.045710441198387075,-0.05822224087185335,,0.17771579464184398,0.18260780014383415,34.48905363544604,0.31203932012833335,-0.03467840752481699,-0.029620262736072364,-0.005058144788744626,-4.11765061257392,-0.1380000114440918,0.0625,4.489879755030812,4.154120203007518,0.0776861530895915,0.0,0.0,,0,-0.019435461210152074,-0.027048886724121146,-0.0331904680641638,-0.11763482414358686,0.13436826735554488,-0.00768693004189458,0.00821603811473373,False,False,False,False
2025-08-14,4.208000183105469,4.296000003814697,4.203999996185303,4.293000221252441,0,valid,4.276399993896485,4.2461999416351315,4.313499999046326,4.352480001449585,4.35076999425888,4.383955003023147,4.274568566230369,4.301346303996322,4.338016482167762,4.29130156253301,0.012977891992668633,0.011545773727283493,-0.038090881982104086,-0.04067032117513991,-0.028732998382205888,,0.18550719189023596,0.18397037474503838,41.99657432781237,0.597154002309005,-0.03104825159828639,-0.029905860508515174,-0.0011423910897712178,-0.8544966075183069,-0.06699991226196289,0.06564286776951381,4.46800241161363,4.158997586479022,0.07163668139629666,0.0,0.0,,0,-0.004752469641455144,-0.013665721652330215,-0.02074719784030267,-0.10618358419323035,0.1490899762091957,-0.007078747891756388,0.021863118732447225,False,False,False,False
2025-08-15,4.293000221252441,4.331999778747559,4.281000137329102,4.328000068664551,0,valid,4.285000038146973,4.256999969482422,4.308299994468689,4.351740007400513,4.3507399964332585,4.384435003995895,4.285254866717206,4.303884757774249,4.337623681638225,4.291666721798001,0.008152770931350695,0.010035057825827254,-0.023465723780036085,-0.03414413741423372,-0.014796279389444389,,0.18776090932664075,0.18480914464101936,42.09622922237953,0.6009386170648663,-0.025058275490798643,-0.028936343504971866,0.0038780680141732235,-1.0968889317005903,0.10800027847290039,0.06685713359287807,4.452678438290946,4.163921550646431,0.06702339391761082,0.0,0.0,,0,0.004572586454321791,-0.0054552750613754445,-0.012871655134563625,-0.09889650370047677,0.1584582435647406,0.0,0.011879720193347295,False,False,False,False
2025-08-18,4.297999858856201,4.35099983215332,4.295000076293945,4.341000080108643,0,valid,4.298600101470948,4.271099996566773,4.306749987602234,4.35068000793457,4.351079995632172,4.38475000500679,4.296403909395493,4.307419550377524,4.3377560894213785,4.292157600985172,0.003003699454215303,0.015913952816218435,-0.0070906074536449815,-0.055483051272131156,0.010004705133676906,,0.18235349668719514,0.17676000229822939,51.089123121098545,0.9424636279016482,-0.01904267192396958,-0.02695760918877141,0.00791493726480183,-0.4357810280718133,0.14100027084350586,0.06414284024919782,4.448897367170714,4.1646026080337535,0.06601143784880822,0.0,0.0,,0,0.007952653997795092,-0.0022249229564743,-0.009977746701223778,-0.09618985962045033,0.1619379039586673,-0.0069316565000902336,0.013029259585475616,False,False,False,False
2025-08-19,4.323999881744385,4.326000213623047,4.297999858856201,4.302000045776367,0,valid,4.300400066375732,4.281699991226196,4.305049991607666,4.3465200042724605,4.350719997882843,4.384890004396438,4.297523136671668,4.306903407082176,4.3363538916313775,4.292255535759215,-0.00898411278796829,0.0020963950757264538,-0.007841310000130886,-0.05512847111637187,0.012473516684643027,,0.18280549433974957,0.17668554876208692,42.5703022741657,0.6567283554460848,-0.01722369554998071,-0.025010826461013273,0.007787130911032562,1.9431341152031933,0.10599994659423828,0.06364284242902483,4.446536177814004,4.163563805401328,0.0657303336695989,0.0,0.0,,0,-0.0007084577036838333,-0.01024266734130568,-0.018903543426850578,-0.10430979186052965,0.15149892277688717,-0.003916193976166052,0.006475567884509243,False,False,False,False
2025-08-20,4.297999858856201,4.309999942779541,4.275000095367432,4.296000003814697,0,valid,4.31200008392334,4.289300012588501,4.300449991226197,4.342800006866455,4.3499899983406065,4.385040005445481,4.297218510100274,4.305864987723369,4.3347713862268025,4.292292794147827,-0.0013947098786204482,0.01368572177597649,-0.02096627333396872,-0.04723881769760718,0.002567131107188203,,0.1769182944743783,0.1757405540893733,43.44262134897774,0.6918790422332464,-0.016080926005479057,-0.023224846369906432,0.007143920364427375,2.2857190216481804,0.07600021362304688,0.06257142339433942,4.436457046486126,4.164442935966267,0.06325247615361726,0.0,0.0,,0,-0.001034772505337411,-0.010776458270646142,-0.020305402349855558,-0.10555901984200537,0.14989291585406944,-0.0009298435326827422,0.008143287240922259,False,False,False,False
2025-08-21,4.315999984741211,4.3470001220703125,4.296000003814697,4.329999923706055,0,valid,4.319400024414063,4.297900009155273,4.296549987792969,4.33992000579834,4.3507399964332585,4.3852700054645535,4.3037747928214305,4.308163553055053,4.334584270049518,4.292667989466815,0.007914320265634656,0.00861861182080692,-0.017695115426396013,-0.023455140098068816,0.023398718591690626,,0.17870872474251348,0.17344757076056938,64.39790641270332,1.0,-0.012290091003433368,-0.021037895296611823,0.008747804293178455,3.193513378373014,0.08599996566772461,0.052500009536743164,4.423760638505695,4.169339337080243,0.059215254599223756,0.0,0.0,,0,0.007785301231946835,-0.0022857753320410096,-0.012603575535742583,-0.09848012746632678,0.1589935366613231,0.0046554890383506495,0.01181652419738672,False,False,False,False
2025-08-22,4.315999984741211,4.320000171661377,4.242000102996826,4.260000228881836,0,valid,4.305800056457519,4.2954000473022464,4.290249991416931,4.336880006790161,4.350880000591278,4.3847650063037875,4.295019880033512,4.303576569800461,4.331659405690001,4.292342937122687,-0.016166211560647348,-0.015711607833614694,-0.028727752628284753,-0.04846995670442378,0.01913885259057757,,0.18639584739792867,0.1751474347682924,56.944490435665635,0.7972635146972264,-0.014764026802583707,-0.0197831215978062,0.005019094795222494,0.9478777412064598,-0.024999618530273438,0.056071417672293525,4.411130849668699,4.169369133165163,0.0563514287016384,0.0,0.0,,0,-0.0070508158255609054,-0.017726978331878262,-0.028454153698677726,-0.11305428845183393,0.1402570019502333,-0.00323324231212946,0.018072305129822122,False,False,False,False
2025-08-25,4.281000137329102,4.295000076293945,4.267000198364258,4.275000095367432,0,valid,4.292600059509278,4.295600080490113,4.2829999923706055,4.33524001121521,4.352070000171661,4.3845950067043304,4.2910159231002964,4.3008550008068385,4.329437471951861,4.292170371533082,0.0035210952299720155,-0.015203866280407707,-0.03280542498272809,-0.03367985944943841,0.015439443380401707,,0.18423610435371668,0.17382438778010795,58.91647175199319,0.8425693945189974,-0.0153374740275396,-0.01889399208375288,0.003556518056213282,0.7304462213856944,0.0020003318786621094,0.05585714748927525,4.387381972128148,4.178618012613063,0.04874246086550569,0.0,0.0,,0,-0.0018678255936082667,-0.013895405027619769,-0.024995446824466357,-0.10993126813765752,0.1442719554407425,0.0049295557086807195,0.00654049918978898,False,False,False,False
2025-08-26,4.2769999504089355,4.290999889373779,4.254000186920166,4.257999897003174,0,valid,4.283800029754639,4.292100048065185,4.279399991035461,4.331920013427735,4.352689998149872,4.384440006017685,4.284412717880872,4.296773562349347,4.326635998424462,4.291830366811392,-0.0039766544994186415,-0.010227835496280813,-0.016628181979563617,-0.03577898467588303,-0.0016412590156046347,,0.17079747518465072,0.17395022755007386,54.357802178572996,0.6695630104425836,-0.016968111192643853,-0.01850881590553108,0.0015407047128872253,-0.6301038826230565,-0.03500032424926758,0.05242855208260672,4.381906370910419,4.176893611160504,0.047906893531658105,0.0,0.0,,0,-0.005000723016571663,-0.017064053859588653,-0.028838371340689034,-0.1134707639650097,0.13972158122058057,0.000467802338453988,0.008650854075898608,False,False,False,False
2025-08-27,4.2729997634887695,4.290999889373779,4.236000061035156,4.23799991607666,0,valid,4.272200012207032,4.292100048065185,4.272499990463257,4.327640008926392,4.354519999027252,4.38350000500679,4.27513015752003,4.291176072228138,4.323160073626509,4.291294740435922,-0.004697036498425011,-0.013500951509901049,-0.03153565213203202,-0.050201699344226025,-0.011199221039845497,,0.16581266989865243,0.17263390956294042,49.30555172295802,0.49538837874712666,-0.0196477472085288,-0.01873660216613062,-0.0009111450423981773,-0.8190931277640257,0.0,0.05392851148332868,4.365791969490377,4.179208011436137,0.04367090894575013,0.0,0.0,,0,-0.008074915029515564,-0.020713389437392156,-0.033192674521259576,-0.11763482414358686,0.13436826735554488,0.0035227493772728297,0.012871479378158782,False,False,False,False
2025-08-28,4.234000205993652,4.25,4.203000068664551,4.206999778747559,0,valid,4.247599983215332,4.283500003814697,4.264849972724915,4.323920001983643,4.3567399978637695,4.3828300034999845,4.261504081765536,4.283159282372845,4.318604767944982,4.2904559845982275,-0.007314803667528125,-0.028406500490933073,-0.035091823413206824,-0.05672651507521731,-0.0254806893097127,,0.16693424044414867,0.17314697988273353,40.758305084745764,0.20961189972712255,-0.023996216612372834,-0.019788525055379064,-0.00420769155699377,-2.0032713271044944,-0.08600044250488281,0.054071358272007534,4.352874688977826,4.176825256472004,0.04127916190058615,0.0,0.0,,0,-0.013564414773632532,-0.027040329881784547,-0.040117965928866434,-0.12408915216804048,0.126070586193165,-0.000943773044410665,0.011100597319035578,False,False,False,False
2025-08-29,4.228000164031982,4.242000102996826,4.215000152587891,4.2270002365112305,0,valid,4.240999984741211,4.273400020599365,4.265199995040893,4.320520009994507,4.357459998130798,4.382435003519058,4.254603312714675,4.277810801814596,4.315012433378953,4.28982458411975,0.0047540905194976,-0.007746476666098068,0.0016588736179208308,-0.03161501531341038,0.0033231465458845033,,0.1236268608993029,0.16820722648766553,44.65123345213566,0.3397716352536582,-0.025534197815291648,-0.020937659607361582,-0.004596538207930066,-0.25954883867984613,-0.10099983215332031,0.05464281354631696,4.352526700469622,4.177873289612164,0.040948469253616566,0.0,0.0,,0,-0.008956147091362004,-0.021645490187972797,-0.035467671941058966,-0.11992499271043754,0.13142402769127093,0.004991772376721096,0.006385986130896306,False,False,False,False
2025-09-02,4.297999858856201,4.306000232696533,4.260000228881836,4.2769999504089355,0,valid,4.241399955749512,4.267000007629394,4.2690500020980835,4.318560009002685,4.357609996795654,4.382280002832413,4.259082640253528,4.277733577871199,4.313521747772286,4.28969697582412,0.011828651786159439,0.0004678023384538932,0.018333367771574016,-0.026627242051610822,-0.0025653349180458918,,0.12888091531600024,0.1694759414433562,48.26084207274661,0.46045859865854344,-0.022459599668300356,-0.021242047619549335,-0.0012175520487510208,-0.3727060335170007,-0.06400012969970703,0.055142811366489956,4.3508906722985685,4.1872093318975985,0.03834139687296391,0.0,0.0,,0,0.0018622289050128106,-0.00962359177760914,-0.024024035971099884,-0.10951489190350754,0.14480724853732502,0.016796692304794025,0.010702653635484052,False,False,False,False
2025-09-03,4.269000053405762,4.2829999923706055,4.203000068664551,4.210999965667725,0,valid,4.2319999694824215,4.25789999961853,4.269799995422363,4.316380004882813,4.355719995498657,4.381175001859665,4.249466105336367,4.271377995756582,4.30950128572897,4.288913920996693,-0.015431373744790533,-0.011038030171989455,0.0035748012705050236,-0.0662971725143886,-0.024779962502354924,,0.14134581983144587,0.1627796581535512,47.13376441014458,0.2696940289707352,-0.025059732670174917,-0.022005584629674453,-0.0030541480405004637,-2.703329508793828,-0.09100008010864258,0.055999926158360074,4.3490561043131475,4.190543886531579,0.03712403811689286,0.0,0.0,,0,-0.013771143804786591,-0.02441398558418846,-0.038842327941638215,-0.12325630042071473,0.12714130001940022,-0.0018704458957052212,0.01873973359223353,False,False,False,False
2025-09-04,4.190000057220459,4.206999778747559,4.173999786376953,4.176000118255615,0,valid,4.219600009918213,4.245900011062622,4.267600011825562,4.314040002822876,4.3535399961471555,4.3798000013828275,4.234772907920217,4.262294388375538,4.304265945828055,4.287790400571409,-0.008311528781159594,-0.014629494820387223,-0.010426463062463087,-0.068273039815691,-0.02292935089902881,,0.1428666768383021,0.16311876810022607,37.02880584469478,0.0,-0.02960330353163876,-0.023525128410067313,-0.0060781751215714455,-3.800966570101927,-0.11999988555908203,0.05207136699131557,4.354728264832706,4.180471758818418,0.04083243638846694,0.0,0.0,,0,-0.021464029739460648,-0.031997822105714016,-0.04653177840606121,-0.13054338091346832,0.11777303266385533,-0.004986917268695759,0.007875893059652328,False,False,False,False
2025-09-05,4.138000011444092,4.138000011444092,4.063000202178955,4.085999965667725,0,valid,4.195400047302246,4.221500015258789,4.259700012207031,4.309899997711182,4.349469995498657,4.378140000104904,4.205018319469718,4.245504443355746,4.295706495625689,4.285782535547492,-0.02155176006687598,-0.028761544911670045,-0.03722902778812387,-0.08672329312226879,-0.05153206071239336,,0.15905847650196758,0.16840454427325835,26.08694832725351,0.0,-0.04000522103943638,-0.026821146935941127,-0.013184074103495251,-5.02092231079142,-0.24399995803833008,0.05649995803833008,4.378671254719603,4.1407287696944595,0.05585897700384338,0.0,0.0,,0,-0.040777530352262885,-0.051950168719079724,-0.06672697411005113,-0.1492817013565784,0.09368305645465963,-0.009099642178026737,0.018124651778085196,False,False,False,False
2025-09-08,4.072000026702881,4.0879998207092285,4.044000148773193,4.046000003814697,0,valid,4.159200000762939,4.200099992752075,4.24775002002716,4.30576000213623,4.34628999710083,4.376230000257492,4.173214656338714,4.226504020542313,4.285914084182121,4.283396639709355,-0.00978951595426425,-0.042820019533739706,-0.05577592814659116,-0.08295561210401148,-0.060380913801998726,,0.15533462913233012,0.1673277626099002,22.32644648061965,0.0,-0.05088985170146376,-0.03163488788904566,-0.019254963812418105,-5.81936684771901,-0.21400022506713867,0.05564280918666294,4.399514248009898,4.095985792044423,0.07145628969087367,0.0,0.0,,0,-0.04749573662792261,-0.060328489788714953,-0.07545992702014398,-0.1576098217137327,0.08297642872458826,-0.0034263189139689364,0.01080542034565307,False,False,False,False
2025-09-09,4.065000057220459,4.091000080108643,4.039999961853027,4.073999881744385,0,valid,4.118599987030029,4.179999971389771,4.237800025939942,4.301579999923706,4.343799996376037,4.374529999494553,4.153371701419848,4.211979816847272,4.27760372330221,4.281313089878857,0.0069203850477725926,-0.047463191727449394,-0.046571470339120125,-0.06495294940261831,-0.048353246658352944,,0.1591366605271267,0.16656047134873495,28.16089696568872,0.13867953464148083,-0.056604146411493694,-0.03662873959353526,-0.01997540681795843,-5.9122412580219885,-0.20100021362304688,0.05621423040117536,4.407614365805497,4.067985686074387,0.08014268668937026,0.0,0.0,,0,-0.03865216461204448,-0.05290616893870567,-0.0686999786914005,-0.15178015731952985,0.09047104260902417,0.004696009240693986,0.012546154375822514,False,False,False,False
2025-09-10,4.0879998207092285,4.091000080108643,4.026000022888184,4.0320000648498535,0,valid,4.082800006866455,4.157399988174438,4.224750018119812,4.297620000839234,4.341329998970032,4.372794998884201,4.129097374105849,4.194838888085613,4.267972207284471,4.278832363261653,-0.0103092337048738,-0.04250769467519755,-0.0607966790009723,-0.08860753626937423,-0.05263157305058919,,0.15926872346408796,0.16402995346374677,26.34407499508636,0.09549534342170204,-0.06378650918260131,-0.042060293511348476,-0.021726215671252838,-5.35211623901316,-0.2259998321533203,0.058357102530343194,4.415524523176885,4.033975513062738,0.0903128015806134,0.0,0.0,,0,-0.04562399016350317,-0.061806287186282255,-0.07793526431522803,-0.16052465391083412,0.0792291217823703,0.0034364112349579467,0.015900210389241675,False,False,False,False
2025-09-11,4.051000118255615,4.064000129699707,3.996000051498413,4.011000156402588,0,valid,4.049800014495849,4.134700012207031,4.213400030136109,4.29282000541687,4.338109998703003,4.370819998979568,4.105477930565197,4.177330437449134,4.25789487195577,4.276167366178478,-0.005208310543032613,-0.03951148399917925,-0.053562945769054626,-0.09905659720574722,-0.052444993063162415,,0.1553475084046646,0.1633830596124452,20.733944793590595,0.0,-0.07036201106820794,-0.04772063702272037,-0.02264137404548757,-6.17543703100557,-0.22699975967407227,0.05957138538360596,4.426553214488326,4.000246845783892,0.10117870737535052,0.0,0.0,,0,-0.048037184289615766,-0.0656491184486351,-0.08232318939260498,-0.16489690220648628,0.07360816136904337,0.004712314756986309,0.01678599758485694,False,False,False,False
2025-09-12,4.052999973297119,4.083000183105469,4.051000118255615,4.060999870300293,0,valid,4.0447999954223635,4.120100021362305,4.201800012588501,4.288179998397827,4.334669995307922,4.368964997529983,4.096582318512216,4.166251335815911,4.250173499341829,4.274026396070237,0.012465647456505913,-0.006118476646474025,-0.05404154181116361,-0.07557483407033416,-0.04492003557214297,,0.15467088156894493,0.16410554762341903,31.04757112599046,0.27011377072124887,-0.07072333011417076,-0.05232117564101045,-0.018402154473160307,-4.626585990326859,-0.14599990844726562,0.05842854295458112,4.421853231102718,3.9817467940742852,0.10474235701601299,0.0,0.0,,0,-0.03350948209490556,-0.05297821644203703,-0.07048926402564448,-0.15448680139955628,0.08699138221509746,0.010471158129348047,0.007895402186203677,False,False,False,False
2025-09-15,4.059000015258789,4.059000015258789,4.03000020980835,4.033999919891357,0,valid,4.042399978637695,4.100799989700318,4.1871000051498415,4.281899995803833,4.331119995117188,4.36708499789238,4.084065838788044,4.153655962870715,4.241696104069262,4.271638072924179,-0.006648596717866662,-0.0029659129787508176,-0.06792979300111479,-0.08255627237173735,-0.06857537324812435,,0.149703501608673,0.16441021059825395,27.560492643206615,0.20302690947841687,-0.07235429315871045,-0.05632779914455045,-0.016026494014159995,-4.813591321968602,-0.19300031661987305,0.05814281531742641,4.410904361783676,3.9632956485160062,0.10690184440714158,0.0,0.0,,0,-0.03656470709325825,-0.05789487754394368,-0.07627171858614476,-0.16010827767668415,0.07976441487895279,-0.0004924538550541805,0.007144568943439759,False,False,False,False
2025-09-16,4.040999889373779,4.064000129699707,4.021999835968018,4.026000022888184,0,valid,4.032800006866455,4.075699996948242,4.171350002288818,4.2745199966430665,4.327509994506836,4.365889998674393,4.072452675608073,4.14149825430095,4.233237434219023,4.269193913222328,-0.0019831177893006036,-0.011781998097567192,-0.07256393720512799,-0.07977142333984377,-0.06524265773765969,,0.14787929326153204,0.16424250104613536,28.030290031111846,0.25537048915585064,-0.07344573128036913,-0.059751385571714194,-0.013694345708654937,-4.3023476438893375,-0.25099992752075195,0.05850000040871756,4.393884007798701,3.9488159967789356,0.10669639583721263,0.0,0.0,,0,-0.03484482944871116,-0.05813985522352323,-0.0778512458832929,-0.16177388189230985,0.07762311485955257,0.0017352428412071947,0.01039353993602759,False,False,False,False
2025-09-17,4.02400016784668,4.080999851226807,3.992000102996826,4.076000213623047,0,valid,4.041600036621094,4.062200021743775,4.160050010681152,4.267740001678467,4.32521999835968,4.364759999513626,4.073162183211068,4.1352603456649595,4.227071268705456,4.267271587853181,0.012419322019525003,0.010912735135293561,-0.05253366567841,-0.056481469523759986,-0.060396408002466595,,0.1570052694117295,0.1649218173580947,35.48388750737047,0.5358374597833393,-0.06947523902327113,-0.061696156262025584,-0.007779082761245545,-3.572273821607641,-0.13499975204467773,0.060928566115243096,4.37754528553264,3.942554735829664,0.10456377894162665,0.0,0.0,,0,-0.020204035250129863,-0.04492771068059686,-0.06615708215864242,-0.15136368180635407,0.0910064633386769,-0.0004967349801625794,0.02211723273302097,False,False,False,False
2025-09-18,4.064000129699707,4.13700008392334,4.061999797821045,4.104000091552734,0,valid,4.060200023651123,4.0550000190734865,4.1504500150680546,4.262980003356933,4.323600001335144,4.364069999456405,4.079329764879401,4.132283178606652,4.222244948032801,4.265646995850192,0.006869449573654318,0.023186220773812494,-0.04469271696728905,-0.044025185175641135,-0.06065458206243146,,0.16057996313078726,0.16530043617102244,40.720738058866694,0.7260823136943424,-0.06333910537989151,-0.06202474608559877,-0.001314359294292744,-4.044888025768156,-0.07200002670288086,0.06292859145573207,4.35946319458391,3.9414368355522,0.10071832151069902,0.0,0.0,,0,-0.011191539073277707,-0.03729314040389779,-0.05959343180472946,-0.14553401741215122,0.09850107722311281,-0.0029440832420058417,0.01845479421966376,False,False,False,False
2025-09-19,4.13100004196167,4.14300012588501,4.116000175476074,4.138999938964844,0,valid,4.075800037384033,4.060300016403199,4.140900015830994,4.258839998245239,4.322829999923706,4.363874999284744,4.09126379969649,4.132922870069337,4.218980437873274,4.26438682612994,0.008528227736678051,0.019207109371018882,-0.044110851756721026,-0.03587241424429033,-0.027262085160088434,,0.16110849767933416,0.16637442133653943,42.28065860559123,0.7827512702754293,-0.05501776947964032,-0.060623350764407086,0.005605581284766764,-1.7098082947018978,0.05299997329711914,0.06321428503308978,4.332062555431586,3.949737476230401,0.09232898107646285,0.0,0.0,,0,-0.0004588560117089898,-0.028139131624990158,-0.051531049894132624,-0.13824693691939766,0.10786934457865771,0.006578935138064339,0.00653593564141292,False,False,False,False
2025-09-22,4.13100004196167,4.150000095367432,4.122000217437744,4.14300012588501,0,valid,4.097600078582763,4.070000028610229,4.1350500106811525,4.253240003585815,4.322530002593994,4.363609999418259,4.101611064934194,4.133882608718449,4.216000817795303,4.263178998266806,0.0009664621838980647,0.027020378819587965,-0.027464811434420144,-0.025864016529757672,-0.024258052691743637,,0.15267310106888088,0.16539286742091447,37.2137380267284,0.6242388574050773,-0.04755211795755443,-0.05800910420303656,0.010456986245482129,-0.7902296799835895,0.0970001220703125,0.059571419443402975,4.317844057632776,3.9522559637295287,0.08841201266221811,0.0,0.0,,0,0.001922616457678017,-0.02591903527848522,-0.05055673480504899,-0.1374140851720719,0.10894005840489294,-0.0019328091619094316,0.006777990231244665,False,False,False,False
2025-09-23,4.135000228881836,4.14900016784668,4.110000133514404,4.119999885559082,0,valid,4.116400051116943,4.074600028991699,4.1273000001907345,4.24710000038147,4.3219600009918215,4.363094998598099,4.105288829059171,4.132560444608033,4.212236075354667,4.26175433047867,-0.005551590544790153,0.023348202219697134,-0.03625735821066167,-0.03805746138264743,-0.008662235462089107,,0.15223187647063913,0.16498897195735596,40.5405217853358,0.9192388762649158,-0.04299583331003909,-0.05500645002443706,0.012010616714397973,0.8321076891101065,0.046000003814697266,0.05664285591670445,4.2978434837120245,3.956756516669445,0.08264167059017201,0.0,0.0,,0,-0.0017687385533678476,-0.029926329686367544,-0.05571620904819292,-0.14220280898089982,0.10278367726191327,-0.0019309429785414078,0.00943168855466341,False,False,False,False
2025-09-24,4.129000186920166,4.1519999504089355,4.126999855041504,4.146999835968018,0,valid,4.1305999755859375,4.086100006103516,4.121749997138977,4.240260000228882,4.321119999885559,4.362929998636246,4.113631030440941,4.133935624737555,4.2096777914571515,4.260612494712396,0.006553386203619116,0.017418944706546258,-0.026068591761422844,-0.019621792607851685,-0.011677850823612279,,0.15480297663011136,0.16377164503077524,46.934428278787685,1.0,-0.03678227142184198,-0.05136161430391805,0.014579342882076067,2.4962884838876542,0.11499977111816406,0.05628570488521031,4.281251654441285,3.9622483398366692,0.07739511489683878,0.0,0.0,,0,0.006125999598851738,-0.021993973071422587,-0.049492007145593285,-0.13658133270377193,0.11001064459805794,0.002184539225991422,0.00605475762549657,False,False,False,False
2025-09-25,4.1539998054504395,4.201000213623047,4.150000095367432,4.171999931335449,0,valid,4.14419994354248,4.102199983596802,4.118449997901917,4.234600000381469,4.319619998931885,4.36288999915123,4.125304810619843,4.137560796794498,4.208200228315124,4.2597307776638695,0.006028477539497201,0.01656916137079989,-0.015573380379466983,-0.018583862040048693,0.02885329419231142,0.11580632249839207,0.1563320210638136,0.1639315431593716,60.539223993352316,1.0,-0.029500615367056504,-0.046989414516545744,0.01748879914948924,2.4054995688685077,0.16099977493286133,0.052071452140808105,4.2703758184957765,3.9665241773080564,0.07377815472872387,0.0,0.0,,0,0.013002448363052303,-0.014782994625320211,-0.043753124156904556,-0.13137623266079404,0.1167023188376201,0.0016879599130217714,0.012277352104999684,False,False,False,False
2025-09-26,4.164000034332275,4.197000026702881,4.1519999504089355,4.186999797821045,0,valid,4.153799915313721,4.114799976348877,4.117449998855591,4.229079999923706,4.318059997558594,4.363069998025894,4.1376438080600835,4.14226927308274,4.207368838883984,4.25900708632215,0.0035953659473801913,0.011596970177343291,-0.004753977175741109,-0.024691455385127292,0.05069006475353044,0.12071727232812934,0.15503617004021988,0.1627730320116097,68.40731168016255,1.0,-0.02226285428976027,-0.04204410247118865,0.01978124818142838,3.844239347177769,0.12599992752075195,0.052142909594944546,4.2671689794714505,3.967731018239731,0.07272412811690378,0.0,0.0,,0,0.016891473845410353,-0.00995020243254332,-0.04035465859693144,-0.12825321234661763,0.11862136352749936,-0.0019175208856278855,0.010806934659682674,False,False,False,False
2025-09-29,4.150000095367432,4.168000221252441,4.135000228881836,4.140999794006348,0,valid,4.153399848937989,4.125499963760376,4.113149976730346,4.223259992599488,4.316389994621277,4.362779997587204,4.1383150052493365,4.14214837031356,4.204766131241724,4.25783288440856,-0.01098638787578543,-0.0004828220656244442,-0.02034550217481501,-0.04760815391531226,-0.003369534318903855,0.09521288143899653,0.15840619732394598,0.16184899535311667,58.3541132305219,0.7891233804912504,-0.020008051991744047,-0.03763689237529973,0.01762884038355568,3.2410778492802272,0.10699987411499023,0.05221429892948696,4.254316885757089,3.971983067703603,0.06864175137078785,0.0,0.0,,0,0.006770921905001845,-0.019477891187681153,-0.050834606306875335,-0.13783056068524766,0.10633175534164624,-0.008836805407267582,0.007951805207774032,False,False,False,False
2025-09-30,4.132999897003174,4.1519999504089355,4.105999946594238,4.1479997634887695,0,valid,4.158999824523926,4.137699937820434,4.106699967384339,4.218779983520508,4.31511999130249,4.3624149954319,4.140251956897224,4.142705645854056,4.2025399991729815,4.256740017533736,0.0016904056582069948,0.006796087064912193,-0.030161372086953575,-0.05620027724907384,-0.026748080288545806,0.09417037312917498,0.15146953696613186,0.16013433635392216,65.8469664142207,0.9462940120836523,-0.017455054882259624,-0.033600524876691705,0.01614546999443208,2.142326913742143,0.12199974060058594,0.05085715225764683,4.2265192157467615,3.986880719021916,0.058353056865139655,0.0,0.0,,0,0.010056686982841768,-0.01677741439663171,-0.04915058108127151,-0.13637314458669694,0.10820190480072972,-0.0019318757307722689,0.011129931033400637,False,False,False,False
2025-10-01,4.107999801635742,4.129000186920166,4.089000225067139,4.105999946594238,0,valid,4.15079984664917,4.1406999111175535,4.101449966430664,4.214179983139038,4.312449989318847,4.3615899956226345,4.133401554836627,4.139209864972169,4.198754114758129,4.2552401163303575,-0.010125318054311161,-0.009886638773934031,-0.024934699579565733,-0.0699886790325357,-0.06681821418202538,0.09522535801897258,0.14606523048521203,0.1608185960329529,62.27388716321032,0.849843276378436,-0.018606338211061058,-0.030601687543565577,0.01199534933250452,1.7848296512811945,0.029999732971191406,0.05021425655909947,4.210768283389676,3.992131649471652,0.05330715617830517,0.0,0.0,,0,0.0011093589342341518,-0.025670483220372423,-0.05860020068023604,-0.14511764117800124,0.09698100804622888,-0.009643192896275497,0.009737089528850506,False,False,False,False
2025-10-02,4.105999946594238,4.126999855041504,4.083000183105469,4.0879998207092285,0,valid,4.133999824523926,4.139099884033203,4.097049951553345,4.208179979324341,4.3095799875259395,4.360409995317459,4.124321208011148,4.1343327178995075,4.194410809109153,4.253576033786864,-0.004383859259408984,-0.020134255035649584,-0.021072867589655653,-0.05849843078624095,-0.06964047086420821,0.07522350644118947,0.14418991413995905,0.15775511113097465,53.802809712433636,0.6424568102961562,-0.020732210254811534,-0.02862779208581477,0.007895581831003237,1.5399850339933074,-0.01600027084350586,0.048214231218610494,4.200669526184945,3.9934303769217445,0.050582529311029835,0.0,0.0,,0,-0.0022089383705670876,-0.02855870214809788,-0.062473523109241015,-0.14886532512242842,0.09217199769670965,0.0,0.010715945569490596,False,False,False,False
2025-10-03,4.083000183105469,4.11899995803833,4.080999851226807,4.11899995803833,0,valid,4.120399856567383,4.137099885940552,4.098699951171875,4.202399978637695,4.306199989318848,4.359009994268417,4.123256958016585,4.132872455055586,4.191453520831866,4.25223696835653,0.007583204180210412,-0.016240707682408484,0.008076356497279669,-0.05223198949597785,-0.08324061204962074,0.10045416095515214,0.12498898430478833,0.15868167360314633,61.83843863149143,0.8373116000044158,-0.019688569587567706,-0.026839947586165362,0.007151377998597656,1.054949513289194,-0.019999980926513672,0.0487142630985805,4.202629155612364,3.9947707467313873,0.050713253313784755,0.0,0.0,,0,0.004952791643274758,-0.01984580740132239,-0.05506067582906945,-0.1424109970979748,0.0882430289653056,-0.0012230033813681472,0.009306907937148591,False,False,False,False
2025-10-06,4.1620001792907715,4.165999889373779,4.132999897003174,4.1620001792907715,0,valid,4.124599933624268,4.138999891281128,4.104499959945679,4.197919979095459,4.302829990386963,4.357834995985031,4.131005602271422,4.135646524030366,4.190298487830255,4.251339089858363,0.010439480866836437,0.005071332124869876,0.028670334989299384,-0.059009651343946645,-0.046287734084821675,0.099603721244657,0.1236672886896788,0.1557188159143464,67.25887986987446,0.9651180932985352,-0.015216314154773869,-0.024515220899887065,0.009298906745113196,1.4132574669629916,0.01900005340576172,0.04907138007027762,4.2089916218514425,4.000008298039916,0.05091565984917019,0.0,0.0,,0,0.014009068073143166,-0.00855657086927773,-0.04493855707586136,-0.13345821311056974,0.08103903438615265,0.010439480866836479,0.007928878171319266,False,False,False,False
2025-10-07,4.164000034332275,4.171000003814697,4.11299991607666,4.126999855041504,0,valid,4.1203999519348145,4.13969988822937,4.107149958610535,4.192059974670411,4.298819990158081,4.356544994115829,4.1302044528254385,4.134823031745713,4.187816188505206,4.250101883541777,-0.008409496093590207,-0.005062659027155525,0.013009321265474716,-0.06776602386103026,-0.0453389084565301,0.07194804084946371,0.12659929277674958,0.1564094280249475,56.72817310039229,0.6255915173577913,-0.014331053694210283,-0.022478387458751713,0.00814733376454143,-0.2899271345807475,0.006999969482421875,0.04685711860656738,4.211071437913797,4.003228479307272,0.05060515459650741,0.0,0.0,,0,0.004833009904923106,-0.01551984466396425,-0.05268972072694316,-0.14074539288234908,0.03667417995626178,0.0004805033530403867,0.013928935461053088,False,False,False,False
2025-10-08,4.104000091552734,4.136000156402588,4.0960001945495605,4.129000186920166,0,valid,4.125,4.137899923324585,4.11199996471405,4.188039979934692,4.295559992790222,4.354719995260239,4.129963599644384,4.134268475095661,4.185509678639126,4.248896891535593,0.00048469395418537786,0.005601617297877892,0.024057569570977932,-0.08019596106484783,-0.03505483181822289,0.03717664966374645,0.11979095404963382,0.15324720157535038,53.54107878324511,0.5234200139399292,-0.013314586075878765,-0.020645627182177124,0.007331041106298359,-0.3379178986110509,-0.017999649047851562,0.044357095445905416,4.210041766323691,4.013958163104409,0.04768570158120564,0.0,0.0,,0,0.004134295319065812,-0.014097237203415377,-0.05183336898486026,-0.14032891736917333,0.03613558233754436,-0.005572998375726434,0.009746579181457448,False,False,False,False
2025-10-09,4.132999897003174,4.1519999504089355,4.126999855041504,4.1479997634887695,0,valid,4.136999988555909,4.135499906539917,4.1188499450683596,4.183479976654053,4.292629990577698,4.352609993219375,4.133570832413261,4.135576216847386,4.184038701574407,4.247892940012739,0.004601495691085367,0.014677090364727974,0.03415597151436023,-0.0689113727216174,-0.042695687006435556,0.030302965699703366,0.11785831065266479,0.15316521267585148,51.33528218218246,0.4527068399519334,-0.010850839399908274,-0.018686669625723355,0.00783583022581508,0.6796087064912193,-0.024000167846679688,0.04335709980555943,4.205682518648825,4.032017371487894,0.04216350424925422,0.0,0.0,,0,0.007077174164917578,-0.008481028560739151,-0.04700862931651439,-0.13637314458669694,0.04090335575505072,0.0009686873097458512,0.0060488981346356035,False,False,False,False
2025-10-10,4.0980000495910645,4.105000019073486,4.044000148773193,4.051000118255615,0,valid,4.123400020599365,4.121899938583374,4.118349957466125,4.177299976348877,4.288389992713928,4.350244992971421,4.117056689581732,4.1275213503148365,4.178821502228572,4.245933807457942,-0.023384679547708176,-0.016508822645169396,-0.00246238669392973,-0.09231452363987347,-0.080363240565688,0.004463209997287665,0.1409018182071367,0.15965721043525455,39.30233228651018,0.0,-0.016534760690610995,-0.018256287838700883,0.001721527148089888,-2.3149197373911523,-0.1359996795654297,0.048785652433122904,4.206687198000918,4.030012716931332,0.042899336601857824,0.0,0.0,,0,-0.01635359789869534,-0.03023480688682854,-0.06878805106362691,-0.15656878184933196,0.01656216434058475,-0.012053933642380847,0.01488527807762718,False,False,False,False
2025-10-13,4.051000118255615,4.051000118255615,4.051000118255615,4.051000118255615,0,valid,4.101200008392334,4.112899971008301,4.119199967384338,4.1739199829101565,4.284089994430542,4.3475049936771395,4.103845375316509,4.120233613928244,4.173808898935515,4.243994168759412,0.0,-0.026669883770661262,0.004214228731247882,-0.08596571033133515,-0.07701066881056884,-0.0039340531968314885,0.13875457430217228,0.15929111767018203,41.52337146077342,0.07631131237796497,-0.02079954505579895,-0.0187649392821205,-0.002034605773678453,-2.9002831992162137,-0.08999967575073242,0.04599993569510324,4.204390892247914,4.034009042520762,0.041362849843714404,0.0,0.0,,0,-0.016556576439290756,-0.029449501944893212,-0.06820115810165846,-0.15656878184933196,0.01656216434058475,0.0,0.0,False,False,False,False
2025-10-14,4.019000053405762,4.051000118255615,4.014999866485596,4.021999835968018,0,valid,4.0802000045776365,4.100299978256226,4.11899995803833,4.1703599834442135,4.278349990844727,4.344659992456436,4.087476267446811,4.11087801602727,4.1678556023485545,4.241785269925667,-0.007158795714892641,-0.02544221535293234,-0.0009935883997577166,-0.08005497805643935,-0.08320041964277758,-0.018066492936209655,0.14105496102935083,0.1577520700153438,34.71884122853652,0.0,-0.026217281307241436,-0.020255407687144684,-0.005961873620096751,-3.940768326258215,-0.12599992752075195,0.046285663332257955,4.205125852175341,4.032874063901319,0.04181883710337693,0.0,0.0,,0,-0.02354943507125179,-0.035574901942558065,-0.07426591656162929,-0.1626067336396356,0.009284803474581438,-0.007899299905138718,0.008957514628424146,False,False,False,False
2025-10-15,4.02400016784668,4.046999931335449,4.000999927520752,4.046000003814697,0,valid,4.063599967956543,4.094299983978272,4.117499947547913,4.167359981536865,4.273279991149902,4.341994992494583,4.079181014720389,4.104699157721311,4.1630769514256585,4.23983715782506,0.005967222482718748,-0.020101762980877624,-0.007360208105014587,-0.066881910551023,-0.060162563263998714,-0.0066290082770408265,0.13525312346630794,0.15778628382794108,34.558850169288675,0.0,-0.028248630720947077,-0.021854052293905163,-0.006394578427041914,-2.294126899720028,-0.059999942779541016,0.04571420805794852,4.207726499202732,4.0272733958930935,0.043825890858141495,0.0,0.0,,0,-0.01736489244542567,-0.029121548956615985,-0.06817027407713094,-0.1576098217137327,0.015307430445341387,0.0004973475783796665,0.011431412001981292,False,False,False,False
2025-10-16,4.019000053405762,4.051000118255615,3.9709999561309814,3.9760000705718994,0,valid,4.029200029373169,4.083100008964538,4.111099946498871,4.16247998714447,4.267949993610382,4.338779993057251,4.058544825890691,4.09244210180232,4.155740603156884,4.237211913175775,-0.017301021546416107,-0.041465694967206534,-0.031189088237180473,-0.09389242019090216,-0.06797931022919701,-0.029770614334506784,0.14503642428165595,0.158818446961604,27.21387872592966,0.0,-0.03510226233543001,-0.02450369430221013,-0.010598568033219881,-4.1465694967206534,-0.1119997501373291,0.04821421418871198,4.221305223156858,4.000894669840883,0.05361352343274538,0.0,0.0,,0,-0.03286222122671237,-0.04480019535192992,-0.08361334823749034,-0.17218403233875273,0.0,-0.006673245275204928,0.019905489191730772,False,False,False,True
2025-10-17,3.994999885559082,4.017000198364258,3.990000009536743,4.006999969482422,0,valid,4.0203999996185305,4.071900010108948,4.10449994802475,4.157739987373352,4.263679993152619,4.336089992523194,4.048235854609038,4.084304755867091,4.149907637130435,4.234921247069374,0.007796755120797361,-0.010861552083128556,-0.03189175439210923,-0.09097096723734954,-0.04957308032613583,-0.007677101661490493,0.14438451646162354,0.15949144892348274,35.04467683137756,0.1955499533462241,-0.03759896454382439,-0.027122748350532983,-0.010476216193291404,-2.411105172905148,-0.1119999885559082,0.0474285398210798,4.22315638290121,3.98584351314829,0.057817729993424445,0.0,0.0,,0,-0.023754410957965526,-0.03625527771065844,-0.07589557034291916,-0.165729753953812,0.007796755120797446,0.004778625414976344,0.00675849551964032,False,False,False,False
2025-10-20,4.005000114440918,4.005000114440918,3.9860000610351562,3.9860000610351562,0,valid,4.007399988174439,4.054299998283386,4.096649944782257,4.151759991645813,4.258769991397858,4.333154993057251,4.0357886958942615,4.074942403978335,4.143479889048268,4.23244441934764,-0.005240805741752563,-0.01604543454035945,-0.03789525949297812,-0.09119928889731577,-0.044811838999750275,-0.00747005341383844,0.14461371446791205,0.15951537619938888,32.46757871161179,0.13119490162573122,-0.040801798406094214,-0.029858558361645228,-0.010943240044448986,-2.4951018627093813,-0.17600011825561523,0.04564281872340611,4.224962407816174,3.96833748174834,0.06264262983823832,0.0,0.0,,0,-0.027009845907881698,-0.03992521989329809,-0.0801159738293045,-0.17010200224946417,0.0025150881000408176,-0.0004990903560606277,0.004744083111821346,False,False,False,False
2025-10-21,3.9760000705718994,3.9760000705718994,3.947000026702881,3.9630000591278076,0,valid,3.9956000328063963,4.037900018692016,4.088799953460693,4.1455599975585935,4.2541599941253665,4.330094994306564,4.021230968540971,4.0642812282782845,4.1364022486592305,4.229763380937493,-0.005770196075053691,-0.01466926386037748,-0.03810675504666172,-0.10339366725742694,-0.05123293854520028,-0.032470734644674315,0.14468918739594042,0.15855440229066203,33.860078069877545,0.16596826455460983,-0.04468092140297575,-0.032823030969911335,-0.011857890433064414,-3.787324605480624,-0.1639997959136963,0.04421428271702358,4.229691134861084,3.9479087720603023,0.06891566376640305,0.0,0.0,,0,-0.030766947702200682,-0.044037461413729204,-0.08477757085270234,-0.17489067641877917,0.0,-0.0025087783015888513,0.007293773479447462,False,False,False,True
2025-10-22,3.9509999752044678,3.9779999256134033,3.947000026702881,3.953000068664551,0,valid,3.977000045776367,4.020300006866455,4.07909996509552,4.138759994506836,4.249529995918274,4.32687999367714,4.007584788565687,4.053683022600786,4.129210006306498,4.227009517133783,-0.0025233384592625585,-0.0229856488043656,-0.046780751139861576,-0.08706694265223658,-0.06570547895030454,-0.029462285025229185,0.14120005447094852,0.15376138812873175,34.482802089750535,0.18151887017538537,-0.04800865607961935,-0.03586015599185294,-0.012148500087766412,-5.021626660809886,-0.17600011825561523,0.04328572750091553,4.229511072351937,3.928688857839103,0.07374720332596457,0.0,0.0,,0,-0.030913656814001746,-0.044882990579022494,-0.08640866526433337,-0.17697270650806776,0.0,-0.003028030215568775,0.007846089371063129,False,False,False,True
2025-10-23,3.989000082015991,4.005000114440918,3.9779999256134033,3.990999937057495,0,valid,3.9800000190734863,4.004600024223327,4.070049965381623,4.133819994926452,4.244819996356964,4.323744993209839,4.004267818264049,4.047713204929996,4.123790003590851,4.224661163103173,0.009612918728276743,0.0037726021678461397,-0.043384467223616774,-0.08797988958865932,-0.07658493465996008,-0.04567197891973929,0.14455602955102576,0.15343546540127695,35.520364553750156,0.2074287823831544,-0.04703741988804122,-0.0380956087710906,-0.008941811116950624,-3.295370069322212,-0.15699982643127441,0.04428572314126151,4.218696343318605,3.9214035874446407,0.0730440064379134,0.0,0.0,,0,-0.019422372942961043,-0.03454917196303758,-0.07695760427011739,-0.16906101202457632,0.009612918728276649,0.00910701055555569,0.006768660885529259,False,False,False,False
2025-10-24,4.01200008392334,4.015999794006348,3.9639999866485596,3.996999979019165,0,valid,3.978000020980835,3.9992000102996825,4.060549974441528,4.127899990081787,4.240189995765686,4.320314992666244,4.0028142504150726,4.042883373890869,4.11881784576451,4.222395877689402,0.0015033931486587715,-0.002495630281861061,-0.045378511577850444,-0.08325691361909215,-0.0796684230480007,-0.04923882429923143,0.14363614570123479,0.15348831944834346,29.62960346572335,0.08184931373063437,-0.04526180505281907,-0.039528848027436295,-0.005732957025382776,-3.1969048661986244,-0.054000139236450195,0.044642857142857144,4.201828968740555,3.9192709801425014,0.0695861374386645,0.0,0.0,,0,-0.015650588177061827,-0.03171104226777278,-0.07483598168094406,-0.1678117840431006,0.011130763873090149,0.0052618760203057835,0.012961068362425708,False,False,False,False
2025-10-27,4.019999980926514,4.0329999923706055,3.994999885559082,3.996999979019165,0,valid,3.980200004577637,3.9937999963760378,4.053349983692169,4.1212799882888795,4.236509997844696,4.316834993362427,4.001651396135891,4.03851352676023,4.114040674519594,4.220153132429002,0.0,0.0027596381875498732,-0.034774166179773025,-0.05284355977713395,-0.07219129581823336,-0.057755803401460803,0.14005336783141692,0.13951999321164152,32.432432432432435,0.19821909261682813,-0.04335484978245585,-0.04029404837844021,-0.0030608014040156423,-3.64030359400509,-0.054000139236450195,0.04321428707667759,4.192019195322651,3.914680772061688,0.06842202730501373,0.0,0.0,,0,-0.013902082203539574,-0.030155682123726445,-0.07409016439939003,-0.1678117840431006,0.011130763873090149,0.0057543162442029,0.009452762933288701,False,False,False,False
2025-10-28,3.9830000400543213,4.004000186920166,3.9700000286102295,3.9830000400543213,0,valid,3.9842000007629395,3.989900016784668,4.045099997520447,4.114119987487793,4.232399997711181,4.312869993448257,3.997921124919577,4.033226528026334,4.108901826109191,4.217793400166567,-0.0035026117183716288,0.005046676918525117,-0.039778141958154656,-0.051666614063199945,-0.06830410498225103,-0.051666614063199945,0.13958311311921662,0.13939632620896042,30.889995824546048,0.15240063063840745,-0.04248352839366998,-0.04073194438148617,-0.00175158401218381,-1.6785997584856993,-0.03899979591369629,0.04278572968074253,4.179630566948228,3.910569428092666,0.06651532447170419,0.0,0.0,,0,-0.015351896740301027,-0.03187071544637616,-0.07648502131876128,-0.17072661624020202,0.0075891654107421895,-0.0035026117183716457,0.008536318847105213,False,False,False,False
2025-10-29,3.994999885559082,4.058000087738037,3.9830000400543213,4.058000087738037,0,valid,4.005200004577636,3.991100025177002,4.042700004577637,4.109239988327026,4.227879996299744,4.309144994020462,4.0099369174832695,4.0355859146655435,4.106905679506401,4.216203416958323,0.018830039399822196,0.026562109094260267,-0.01169017522662541,-0.032888467154943646,-0.07203294003628458,-0.04111526265424115,0.15427021761789497,0.14511014721317583,39.72605796949982,0.8743971205284502,-0.03533381662547885,-0.03965231883028471,0.004318502204805855,0.17279608190770013,0.012000083923339844,0.046357154846191406,4.17433759418046,3.911062414974814,0.0651236002937477,0.0,0.0,,0,0.0037846199676146134,-0.012469434916078,-0.05828184167182204,-0.15511136575078124,0.02656210909426032,0.0030127655998208537,0.018773479307176478,False,False,False,False
2025-10-30,4.098999977111816,4.116000175476074,4.067999839782715,4.0929999351501465,0,valid,4.025600004196167,4.002800011634827,4.042950010299682,4.105179986953735,4.223989996910095,4.305669993162155,4.026549521016645,4.041053916616458,4.106360356198312,4.214977511666699,0.008624900605070929,0.025557504310023793,0.0012231200245136353,-0.030094753875742786,-0.06445715767996651,-0.043244494637309505,0.1568633556772126,0.14576405281507684,55.585083110449965,1.0,-0.026537515399572165,-0.0370293581441422,0.010491842744570039,1.765293438035176,0.11699986457824707,0.043071474347795756,4.174968287224084,3.9109317333752807,0.06530789477390349,0.0,0.0,,0,0.012379555701395943,-0.0029669958058591937,-0.04939302323442124,-0.14782428525802768,0.03541610525013022,0.010103471781005548,0.011710255174770883,False,False,False,False
2025-10-31,4.10099983215332,4.103000164031982,4.076000213623047,4.10099983215332,0,valid,4.046399974822998,4.0121999979019165,4.042050004005432,4.100599985122681,4.22025999546051,4.302909992933273,4.04143958324398,4.046763051429492,4.106150139569097,4.213843405402885,0.001954531426807904,0.02601947802853788,-0.004370023323229777,-0.033694657704734676,-0.07987434692991535,-0.04047738158618752,0.1545611417026784,0.14529082623499168,56.51038238880624,1.0,-0.01870523615509434,-0.033364533746332636,0.014659297591238296,1.3593630322977557,0.09399986267089844,0.045000042234148295,4.172116309273988,3.911983698736876,0.06435660377267366,0.0,0.0,,0,0.014584141237607748,9.750939669558125e-05,-0.04692409581226484,-0.14615868104240198,0.03743985856766468,0.0019545314268079417,0.006583748235551287,False,False,False,False
2025-11-03,4.105999946594238,4.122000217437744,4.0970001220703125,4.105999946594238,0,valid,4.068199968338012,4.024199986457825,4.039249992370605,4.097519979476929,4.217199993133545,4.3004099929332735,4.054351655914031,4.052404660492801,4.106144249648515,4.212770336161008,0.0012192427811665851,0.027270444870460375,-0.013455125008206004,-0.041773607279350644,-0.08735277162786104,-0.03750582633335009,0.1495477467994744,0.14378412273443344,61.66669315764516,1.0,-0.011956800425187097,-0.02908298708210353,0.017126186656916433,3.2696145300530555,0.11999988555908203,0.04421431677682059,4.160560084103832,3.9179399006373785,0.06006565177315536,0.0,0.0,,0,0.016525333750005932,0.0020695364903118214,-0.04520732829160547,-0.14511764117800124,0.038704749626117696,0.0012192427811665012,0.00608867406054601,False,False,False,False
2025-11-04,4.0970001220703125,4.10099983215332,4.078999996185303,4.089000225067139,0,valid,4.089400005340576,4.0368000030517575,4.037350010871887,4.093799982070923,4.214519996643066,4.297809993028641,4.061281369744653,4.055889952357023,4.105471934959049,4.21153879276704,-0.0041402147462764605,0.026613151882210806,-0.009207567557324992,-0.043060975568929405,-0.0969522227688907,-0.04551813689790263,0.14735573699886756,0.14389506297116353,56.09069652151243,0.8381555548332865,-0.0078894077623195,-0.024844271218146727,0.016954863455827227,2.046425161198817,0.12600016593933105,0.04285717010498047,4.153973115789735,3.9207269059540395,0.05777210526895204,0.0,0.0,,0,0.012793097961823019,-0.001172445411306167,-0.04858515576542624,-0.14865703772632763,0.0344042889046883,-0.0021918715638052488,0.005369742570791171,False,False,False,False
2025-11-05,4.0970001220703125,4.160999774932861,4.0929999351501465,4.1570000648498535,0,valid,4.1092000007629395,4.057200002670288,4.038750004768372,4.0917799854278565,4.211849999427796,4.295724993944168,4.080425108765693,4.06551948688015,4.107492645935159,4.210996118857416,0.01662994278304253,0.024396248144735733,0.006781273107805852,-0.03167951301966421,-0.06689110302123169,-0.04677826033712096,0.1593303708488251,0.14783093739686742,75.78353983875799,1.0,0.0008116923153265176,-0.01971307851145208,0.020524770826778598,4.290015082696441,0.20399999618530273,0.04228569780077253,4.1605623598951444,3.916937649641599,0.060321809957513725,0.0,0.0,,0,0.029278875875424125,0.01593929283936739,-0.032293717426017624,-0.13449925297497048,0.05160637304370714,0.0019564432777800776,0.016597470772920772,False,False,False,False
2025-11-06,4.131999969482422,4.131999969482422,4.077000141143799,4.0929999351501465,0,valid,4.1092000007629395,4.067400002479554,4.03600001335144,4.088879985809326,4.2082599973678585,4.293194993734359,4.082940074042584,4.068136672429673,4.106924304335747,4.209822027477244,-0.01539574902605123,0.0,-0.013259361493397015,-0.034214248182606766,-0.07836074100129575,-0.050127658237121175,0.16789467774603073,0.1488420171817444,61.19793121860661,0.6839790976382896,0.0025141200090574856,-0.015267638807350166,0.01778175881640765,3.2803399970412705,0.10199999809265137,0.0450713975088937,4.149636537272759,3.9223634894301225,0.05631145864489526,0.0,0.0,,0,0.014122874531750578,0.0010075985001073364,-0.04663078636688636,-0.14782428525802768,0.03541610525013022,-0.006013975217085935,0.013310703955671223,False,False,False,False
2025-11-07,4.086999893188477,4.111999988555908,4.065999984741211,4.0929999351501465,0,valid,4.1076000213623045,4.076999998092651,4.038100004196167,4.086599988937378,4.20525999546051,4.29046999335289,4.084952046264097,4.070504602212575,4.106378250642194,4.208659618598368,0.0,-0.0019507186858316317,0.010367764914461786,-0.04658753221399714,-0.08536312349123654,-0.04569832073052027,0.14475473600356709,0.14616113182803325,64.73829743913092,0.760686882471844,0.0038192799399396904,-0.011450255057892194,0.015269534997831884,3.541610525013028,0.09599995613098145,0.04685711860656738,4.154424207822642,3.921775800569692,0.05761333473940592,0.0,0.0,,0,0.013595485722723698,0.0015660809059104357,-0.046025274272673666,-0.14782428525802768,0.03541610525013022,-0.0014659276952687804,0.0112552006402942,False,False,False,False
2025-11-10,4.136000156402588,4.138000011444092,4.0980000495910645,4.110000133514404,0,valid,4.108400058746338,4.088300013542176,4.041050004959106,4.084259986877441,4.202389998435974,4.287889994382859,4.089961663714158,4.074266081384177,4.106520285264634,4.207677932179623,0.004153481220036781,0.0009742296571348952,0.014564308451364472,-0.05036966998418113,-0.08279397846496528,-0.07139628926755504,0.14529321765865671,0.1453478590789624,70.58826672187476,0.8874359691686329,0.006154457761684107,-0.007929312493976933,0.01408377025566104,2.981713814424314,0.11300015449523926,0.04728569303240095,4.161665040438488,3.9204349694797247,0.05969489876708535,0.0,0.0,,0,0.01706242894066731,0.006302279169216681,-0.04148657290683535,-0.1442847894306755,0.03971668659821024,0.010505795732651044,0.00967117029507526,False,False,False,False
2025-11-11,4.119999885559082,4.119999885559082,4.119999885559082,4.119999885559082,0,valid,4.114599990844726,4.101999998092651,4.04595000743866,4.081119985580444,4.199839997291565,4.285849994421005,4.095969308083143,4.0786216817817875,4.107048897040887,4.206805513805289,0.002433029615531268,0.007581232278223826,0.02436600039479564,-0.05090997246515361,-0.10356838312473782,-0.05090997246515361,0.1423157541352694,0.14528843531900107,73.38936958548489,0.9481264125789303,0.008711577782150925,-0.004601134438751361,0.013312712220902287,3.0773056588832004,0.13699984550476074,0.045785682541983466,4.171180667418098,3.9207193474592215,0.06190420531603021,0.0,0.0,,0,0.018302222712657887,0.009526772090997022,-0.0386971333755997,-0.14220280898089982,0.042246348088465654,0.002433029615531201,0.0,False,False,False,False
2025-11-12,4.074999809265137,4.091000080108643,4.056000232696533,4.065000057220459,0,valid,4.096199989318848,4.1026999950408936,4.046900010108947,4.078199987411499,4.1972899961471555,4.283419994115829,4.089775457910607,4.077324384204518,4.105399922930282,4.205394514237281,-0.013349473268531309,-0.022131346209809943,0.004696009240694021,-0.05509065226268206,-0.10718205994700858,-0.05596845389048055,0.1501144864096077,0.14660445983364553,59.89308119569035,0.6557074024058409,0.006228291460265822,-0.0024352492589479243,0.008663540719213747,1.7012779223977148,0.006999969482421875,0.04664279733385358,4.172420202018069,3.9213798181998265,0.06203276166724068,0.0,0.0,,0,0.004472570873087697,-0.003236704975671913,-0.0509919497026711,-0.15365394965223053,0.028332908325434298,-0.010922348918424502,0.00858892001234745,False,False,False,False
2025-11-13,4.104000091552734,4.117000102996826,4.0879998207092285,4.111999988555908,0,valid,4.1,4.1046000003814695,4.053700006008148,4.076919984817505,4.19547999382019,4.281204994916916,4.094220364039668,4.080626822714174,4.105658749033248,4.204465215474283,0.011562098566755274,0.004642084951576031,0.034205210153441135,-0.04283054355107163,-0.08804609700998023,-0.045496772328303514,0.139903757739634,0.14880664953386888,63.85544798932342,0.7343027352516769,0.00796100135494715,-0.00035599913616890934,0.008317000491116059,3.2387634246628716,0.01900005340576172,0.046642814363752096,4.177774830735759,3.929625181280537,0.0612155929366824,0.0,0.0,,0,0.01438191836133697,0.008604535744886205,-0.03952275272076554,-0.14386841319652552,0.040222594770931194,0.009594104251733418,0.007066345429009359,False,False,False,False
2025-11-14,4.066999912261963,4.1479997634887695,4.065000057220459,4.1479997634887695,0,valid,4.110999965667725,4.109299993515014,4.060749995708465,4.0781599807739255,4.194029989242554,4.279384993314743,4.104976243929489,4.087043293264135,4.107319180972681,4.203903370180894,0.008754809103368677,0.013437534622537273,0.03518836912408574,-0.04203237030579687,-0.06450163526968933,-0.06407950958074693,0.1404957709452703,0.14902393842825523,66.7405889216003,0.7985690121881455,0.012099590852775677,0.002135118861620008,0.009964471991155669,2.2178332628104647,0.04699993133544922,0.049857071467808316,4.189584180349072,3.931915811067859,0.06345339396749983,0.0,0.0,,0,0.021486121497879103,0.017125317065563063,-0.03070189525626306,-0.13637314458669694,0.04932954501316157,-0.01094359835096908,0.02040809148238909,False,False,False,False
2025-11-17,4.138999938964844,4.145999908447266,4.125,4.132999897003174,0,valid,4.115599918365478,4.111999988555908,4.068099987506867,4.0798999786376955,4.192829990386963,4.277204993963242,4.110580974544226,4.091420112667853,4.108326267875838,4.203197862985096,-0.0036161685971215496,0.005596049328860486,0.03687903505195678,-0.029812282876800933,-0.07683723952092625,-0.07144468689230321,0.1395359392389075,0.14563158346943453,66.5929431101354,0.7451126298295861,0.014007617880965384,0.004509618665489084,0.0094979992154763,0.977277363469109,0.026999950408935547,0.0490713289805821,4.195745649846217,3.940454325167516,0.06275443707448218,0.0,0.0,,0,0.015953371277897494,0.01301500493725553,-0.03371479673375393,-0.13949616490087335,0.04553499246445313,-0.0021696781670875204,0.005073667252219787,False,False,False,False
2025-11-18,4.105999946594238,4.138999938964844,4.085000038146973,4.123000144958496,0,valid,4.116199970245361,4.115399980545044,4.076099991798401,4.080879983901977,4.1912299919128415,4.275104993581772,4.1130648086270805,4.094427734790772,4.108901714035943,4.202399875741051,-0.0024194900299727706,0.0007282183210564064,0.04037347550933479,-0.03555554316212739,-0.068037896915217,-0.06677230908112475,0.13760279831335967,0.14544623646785904,58.39796943056574,0.13926243761849036,0.014545178860958963,0.00651673070458306,0.008028448156375902,0.5364621727776075,0.03399991989135742,0.04757131849016462,4.195820502076897,3.956379481519905,0.05874267585161693,0.0,0.0,,0,0.011506134112132655,0.01032134275515873,-0.03557920772744332,-0.14157814535064905,0.04300533097419772,-0.00653277306600301,0.013151461646428378,False,False,False,False
2025-11-19,4.110000133514404,4.135000228881836,4.0980000495910645,4.132999897003174,0,valid,4.129799938201904,4.112999963760376,4.085099983215332,4.082899980545044,4.190259990692138,4.273204993009568,4.1170518263022995,4.098101274049096,4.109846740818972,4.201709328688933,0.0024253581598596696,0.016728127632355205,0.04553499246445303,-0.02935650611170193,-0.06408514480527694,-0.06662151717997555,0.1365545404314475,0.14539600029023814,55.524878616797906,0.0,0.015598288864677734,0.008333042336601995,0.007265246528075739,0.6575730823214165,-0.024000167846679688,0.04607132502964565,4.192260231135553,3.977939735295111,0.05246395356809662,0.0,0.0,,0,0.011725518098614699,0.012270669547834996,-0.03281029022379033,-0.13949616490087335,0.04553499246445313,-0.0031530465648874385,0.009002476420635331,False,False,False,False
2025-11-20,4.145999908447266,4.1620001792907715,4.085999965667725,4.105999946594238,0,valid,4.12859992980957,4.114299964904785,4.090849983692169,4.084799976348877,4.1888099908828735,4.271624993085862,4.114841450360688,4.098853528577205,4.109695886143492,4.200756996528787,-0.006532773066002973,-0.0014591541776188821,0.028814836219098305,-0.031146760758933967,-0.07978483978399342,-0.06977799849170807,0.1370558892096493,0.14567316225297697,50.65618538895536,0.0,0.01409177457440336,0.009484788784162269,0.0046069857902410905,0.41574273884565915,0.013000011444091797,0.0495713438306536,4.1886860481444685,3.99301391923987,0.04783165593571732,0.0,0.0,,0,0.003703377772947756,0.005189965327093147,-0.03877331150550608,-0.14511764117800124,0.038704749626117696,0.0031454178001596536,0.018330973299878824,False,False,False,False
2025-11-21,4.071000099182129,4.085999965667725,4.053999900817871,4.063000202178955,0,valid,4.111600017547607,4.111299991607666,4.0941499948501585,4.08483998298645,4.186509990692139,4.269739993810654,4.104473200724342,4.095438926063086,4.1078646828507654,4.199386282157147,-0.010472417188156502,-0.020491698687640114,0.01651244020671383,-0.03422856765908189,-0.0890134153749832,-0.07216258763474948,0.14344539547116367,0.14644709121677824,44.868744046623256,0.0,0.009320688045197478,0.009451968636369311,-0.00013128059117183295,-2.2612427520925182,-0.029999732971191406,0.05149991171700614,4.182665814597159,4.005634175103158,0.04324014501585927,0.0,0.0,,0,-0.007608366256826281,-0.005346545005057421,-0.048419761374553325,-0.1540703258863805,0.02782700015271334,-0.008524074005685348,0.00786049227959547,False,False,False,False
2025-11-24,4.056000232696533,4.060999870300293,4.0320000648498535,4.038000106811523,0,valid,4.0926000595092775,4.104099988937378,4.096200001239777,4.084919986724853,4.183409991264344,4.267494994401932,4.091178581941778,4.0899685623248425,4.105124895555109,4.197780449566643,-0.006153112016589191,-0.022985674463852357,0.010257725295865328,-0.04471259028263008,-0.07491401636955286,-0.08352247368304855,0.14558041659324003,0.1464694405908085,44.02806983062734,0.0,0.0034821290195550247,0.008258000713006454,-0.004775871693451429,-1.3437534622537273,-0.07200002670288086,0.051785639354160855,4.176786173447755,4.015613829031799,0.039346795656260584,0.0,0.0,,0,-0.014208264833415916,-0.011486119695320743,-0.05377742396686062,-0.1592754259293584,0.02150266548709886,-0.001722857281342946,0.007149853004608838,False,False,False,False
2025-11-25,4.013000011444092,4.0269999504089355,3.98799991607666,4.001999855041504,0,valid,4.0684000015258786,4.09229998588562,4.097149991989136,4.08443998336792,4.179479990005493,4.265039993524551,4.073342836561723,4.0815905902026195,4.101080776319281,4.195832383949478,-0.008915366720593232,-0.029347631739705005,0.004770227164477614,-0.06429742776619352,-0.08921260664537789,-0.09702172599982484,0.14881104190599173,0.14504113663918983,30.379671959370953,0.0,-0.0040037379254318495,0.005805652985318793,-0.009809390910750643,-2.2233100794149974,-0.11800003051757812,0.05021425655909947,4.172387873896136,4.021912110082136,0.03672693557917458,0.0,0.0,,0,-0.02322349368064934,-0.02018394900209509,-0.061673545589821265,-0.16677079381821275,0.012395594618217856,-0.006191207208058288,0.009718423678309707,False,False,False,False
2025-11-26,4.0,4.041999816894531,3.996000051498413,3.997999906539917,0,valid,4.041400003433227,4.085599970817566,4.094149982929229,4.082879977226257,4.175309989452362,4.262344992160797,4.058274250557362,4.073629572710933,4.09703838926911,4.193863901587194,-0.0009994874179087843,-0.03266392301658294,-0.01478565300661805,-0.050581824000094255,-0.11352556460265617,-0.0934240261060244,0.1316874358564059,0.1419178964493716,35.82084241046995,0.12651031631050844,-0.010142190963078335,0.002616084195639368,-0.012758275158717702,-2.725066261219744,-0.06700015068054199,0.047785673822675435,4.179997501368455,4.008302464490003,0.04193667491282522,0.0,0.0,,0,-0.023484746965845196,-0.020789264234998276,-0.06201869771383052,-0.1676035959260256,0.011383717959450628,-0.0004997139215246588,0.011499941349029541,False,False,False,False
2025-11-28,3.990000009536743,4.035999774932861,3.990000009536743,4.017000198364258,0,valid,4.023600053787232,4.076099991798401,4.090349996089936,4.081139979362487,4.172059991359711,4.259244992733001,4.050019440118742,4.0682362989636305,4.093899636684606,4.19210406374418,0.004752449291772098,-0.021675535652113775,-0.018568223305652443,-0.03807469238237815,-0.10374825720907688,-0.05814763795659672,0.12873010961653605,0.14149930908973182,39.265547757917,0.20660168029525655,-0.013320246947177594,-0.0005711820329240246,-0.01274906491425357,-2.499992477083457,-0.09499979019165039,0.04778565679277692,4.182879936227994,3.9978200559518773,0.04524304288215422,0.0,0.0,,0,-0.01793240133382099,-0.015716143362533925,-0.0568750552696674,-0.16364767422501056,0.01619026779357692,-0.0020009747849387438,0.01152876322961687,False,False,False,False
2025-12-01,4.050000190734863,4.0980000495910645,4.050000190734863,4.0960001945495605,0,valid,4.030200052261352,4.07090003490448,4.090100014209748,4.080279984474182,4.16955999135971,4.257099993228913,4.0592155910049055,4.070880479495624,4.093982011502839,4.191147806339259,0.01966641580388062,0.008122075000859708,-0.0012191265077752256,0.0024474373386838,-0.08448810560930597,-0.04788466969661098,0.1478780345892601,0.14065254371185504,48.317310723246905,0.41706033183048624,-0.009356385165554038,-0.002328222659450027,-0.00702816250610401,0.7626109936711423,-0.051999568939208984,0.0503570692879813,4.182535775767278,3.9976642526522173,0.04519975611177802,0.0,0.0,,0,0.0014425516049276503,0.003852728277273898,-0.03784261561522815,-0.14719962162777692,0.03617508813586228,0.008215083580041452,0.011851816443369526,False,False,False,False
2025-12-02,4.110000133514404,4.113999843597412,4.080999851226807,4.085999965667725,0,valid,4.039800024032592,4.066200041770935,4.089100015163422,4.079139981269837,4.166189992427826,4.255169992446899,4.064572465937469,4.072320430559634,4.09366899009754,4.190101559168398,-0.002441462013391238,0.011887037540002199,-0.004870916022077121,0.009886298026523521,-0.07388943798172087,-0.0367751375627956,0.14804201600878394,0.13924957818735037,45.91346539601611,0.42721126787812314,-0.0069419090347349055,-0.003250959934507003,-0.0036909491002279026,-0.6322962782233543,-0.04699993133544922,0.05199994359697614,4.181243793153994,3.9969562371728493,0.04506799914351811,0.0,0.0,,0,-0.0007581251336972508,0.001681723213566338,-0.03975634982373405,-0.1492817013565784,0.03364530601895624,0.0034179536864947175,0.008029194963161141,False,False,False,False
2025-12-03,4.053999900817871,4.085999965667725,4.052000045776367,4.057000160217285,0,valid,4.050800085067749,4.059600043296814,4.087500011920929,4.0778799867630005,4.162489993572235,4.25273499250412,4.063058004793433,4.070861357193696,4.092230996768903,4.188777167139034,-0.007097358221759165,0.01374320518939931,-0.007825889725728286,-0.004172734909314912,-0.06885465287249803,-0.02896118091268096,0.149450568774926,0.13932415595255865,48.97437057396612,0.5113924556388606,-0.007284490175755387,-0.00405766598275668,-0.003226824192998707,-2.19381891176742,-0.06599998474121094,0.049857105527605326,4.180755688399223,3.994244335442634,0.04562968866364314,0.0,0.0,,0,-0.007461737398089934,-0.005120265092031213,-0.046025635886514794,-0.15531955386785623,0.026309155007899838,-0.007831636103458493,0.008386758935168728,False,False,False,False
2025-12-04,4.093999862670898,4.110000133514404,4.083000183105469,4.107999801635742,0,valid,4.072800064086914,4.0571000337600704,4.085049998760224,4.077099986076355,4.158679993152618,4.250599992275238,4.072046364161896,4.074398351902462,4.092849381273485,4.187973412258405,0.0125707762889824,0.02751373128245649,-0.011787409778614255,0.018849140764763073,-0.0714285714285714,-0.02097242503963226,0.1439259795148273,0.14000421241725333,49.492360906041085,0.525638255122219,-0.0034015326069827267,-0.00392643930760189,0.0005249067006191628,-0.6048898134635605,-0.02500009536743164,0.049928528921944756,4.173043878224102,3.997056119296345,0.043080931440537554,0.0,0.0,,0,0.005617998037351729,0.007578871174342653,-0.03354824987028849,-0.14470126494385127,0.03921065779883866,0.009119965736366066,0.006595005206307202,False,False,False,False
2025-12-05,4.118000030517578,4.144999980926514,4.0980000495910645,4.138999938964844,0,valid,4.097200012207031,4.060400032997132,4.087349998950958,4.076439986228943,4.155519993305206,4.248794991970062,4.085437079122485,4.0805508840036415,4.094659207065304,4.187486114016678,0.007546285011201359,0.03037085749964974,0.011238701329959744,0.031912185881602495,-0.07030552386697353,-0.0198910986596732,0.1353298026055247,0.14028144030423087,48.84320861593226,0.509855532787779,0.0021523799487308537,-0.002710675456335341,0.004863055405066195,0.3880619316958267,0.03299999237060547,0.04735711642674038,4.178564584524783,3.9961354133771327,0.044632627789269755,0.0,0.0,,0,0.012636534680695788,0.015346712559792749,-0.025841456980796526,-0.13824693691939766,0.04705283760926664,0.002434330419844227,0.011413290671962902,False,False,False,False
2025-12-08,4.14300012588501,4.191999912261963,4.14300012588501,4.171999931335449,0,valid,4.112399959564209,4.07130000591278,4.091299998760223,4.076139988899231,4.152609994411469,4.24755499124527,4.102749649565078,4.089260317082862,4.097692176644525,4.187332022646716,0.00797293859802739,0.018554622357445094,0.019301245403612333,0.027333185072706767,-0.0503073499241109,-0.0019138510362938232,0.13780280711635695,0.13894897738979517,54.79116385875297,0.8712696381526794,0.009111685417115822,-0.0003462032816451085,0.00945788869876093,0.9436253400479044,0.10899972915649414,0.0494999885559082,4.190073655226277,3.9925263422941693,0.04828472930168156,0.0,0.0,,0,0.019724765380118865,0.023517333236169106,-0.01778789446294372,-0.13137623266079404,0.05540092559241558,0.0009664621838980879,0.011827126451386723,False,False,False,False
2025-12-09,4.1620001792907715,4.190000057220459,4.14300012588501,4.185999870300293,0,valid,4.132399940490723,4.086099982261658,4.095099985599518,4.07703999042511,4.150149991512299,4.2465199899673465,4.119399693712121,4.098473607865474,4.101155223454556,4.187318767399488,0.003355690123504562,0.024473789885660624,0.018491419541853515,0.037679710814924716,-0.04798725802573789,0.001435416796190303,0.1375889858525352,0.13826549979139993,57.66420436021993,1.0,0.015577100098463248,0.002838457394376563,0.012738642704086684,1.9483664088308483,0.14799976348876953,0.04899999073573521,4.202383858803429,3.987816112395607,0.052396216737650436,0.0,0.0,,0,0.022197232062813117,0.02672524187427011,-0.014251697816102563,-0.12846140046369262,0.05894252405476354,-0.0023968725333791733,0.011292630781063127,False,False,False,False
2025-12-10,4.202000141143799,4.203999996185303,4.146999835968018,4.164000034332275,0,valid,4.153799915313721,4.102300000190735,4.0972999930381775,4.07735999584198,4.148069989681244,4.245849990844727,4.128319761836153,4.104714219909931,4.103619725841917,4.18708674020479,-0.005255574928252349,0.026374136033866735,0.010679648057131619,0.03427720085930175,-0.048228563581194206,0.003131778215468728,0.13918888224298323,0.13869406843303445,53.66432005591284,0.853401031560921,0.018710106451375275,0.006012787205776306,0.012697319245598969,2.4858436408434104,0.16200017929077148,0.05042856080191476,4.208468050669791,3.9861319354065636,0.05426405575403412,0.0,0.0,,0,0.016279023114594872,0.021249052960408066,-0.019277637384491578,-0.13304183687641974,0.05337717227488112,0.0038223295124846816,0.013565006735523221,False,False,False,False
2025-12-11,4.13100004196167,4.14300012588501,4.1020002365112305,4.140999794006348,0,valid,4.160399913787842,4.116599988937378,4.101099979877472,4.078059992790222,4.14611998796463,4.2453099894523625,4.130855768270192,4.108169988871494,4.105085610867974,4.186628163625701,-0.005523592732058158,0.008033104665064794,0.01869612194737713,0.015946903085543473,-0.04143527095884114,-0.013812833858414475,0.13136259848656603,0.13702748445683222,54.17659128697051,0.8721761831204813,0.01911674346596115,0.008633578457813276,0.010483165008147874,2.5507598927765995,0.14299988746643066,0.04942853110177176,4.212813607826028,3.9893863519289163,0.0544798363837468,0.0,0.0,,0,0.009729051796993165,0.015433760495774832,-0.02457068993905688,-0.13783056068524766,0.04755874578198759,-0.007925070148539812,0.009924930757035252,False,False,False,False
2025-12-12,4.177999973297119,4.199999809265137,4.177999973297119,4.193999767303467,0,valid,4.171399879455566,4.134299945831299,4.1051999688148495,4.080179991722107,4.144179985523224,4.244854989051819,4.143484568076847,4.116344253484063,4.108572440532111,4.186701512916027,0.012798835047958868,0.013288192594749892,0.019941580490216992,0.02192974506408496,-0.023060901198857175,-0.0063966894104763306,0.13275258973400433,0.13876931841165244,65.26800114262977,1.0,0.023445397190936745,0.011595942204437971,0.011849454986498774,4.797599180821854,0.17699956893920898,0.049928528921944756,4.224368184118531,3.9860317535111682,0.058057203648515444,0.0,0.0,,0,0.02163105309441317,0.027895773179682684,-0.011980437937106554,-0.12679579624806692,0.06096627737229799,0.00893508358641439,0.005265638130355502,False,False,False,False
2025-12-15,4.170000076293945,4.185999870300293,4.151000022888184,4.182000160217285,0,valid,4.173399925231934,4.1428999423980715,4.106899988651276,4.081439995765686,4.141919987201691,4.244609990119934,4.151187686504935,4.122597196982465,4.111451958951138,4.186654733287184,-0.002861136803042008,0.0023969868280018236,0.00819681742216849,0.010389036454829137,-0.025856057608767857,-0.02083815268971445,0.13015496737050314,0.13787982712878266,67.30770332926417,1.0,0.025612374932222792,0.014399228749994938,0.011213146182227855,4.6023076032688515,0.08599996566772461,0.050785643713814874,4.229558004833276,3.984241972469276,0.059732653106208865,0.0,0.0,,0,0.018286340493690125,0.02463840324883509,-0.014750431735397173,-0.1292941529319926,0.05793070770932162,-0.005722387301168615,0.008393248626320222,False,False,False,False
2025-12-16,4.170000076293945,4.196000099182129,4.14300012588501,4.14900016784668,0,valid,4.165999984741211,4.149199962615967,4.107700002193451,4.081179995536804,4.139549987316132,4.2444549918174745,4.150750182773284,4.125111765636199,4.112924437731355,4.186280060994243,-0.007890959135900877,-0.008838916292407628,0.0038713455703465183,0.0014482360075691592,-0.024453237722227406,-0.04047172032463309,0.13277995860778305,0.13886349236025855,67.79666398421472,1.0,0.024385792575379206,0.01639654151507179,0.007989251060307415,3.2860334320165885,0.06300020217895508,0.05099991389683315,4.231280035390819,3.9841199689960836,0.060169940906774036,0.0,0.0,,0,0.010054328609970277,0.016617785146463608,-0.022489300547376315,-0.13616485719059618,0.04958261972617268,-0.002869460416930341,0.01270982549818619,False,False,False,False
2025-12-17,4.163000106811523,4.170000076293945,4.14300012588501,4.151000022888184,0,valid,4.163399982452392,4.158599948883056,4.1090999960899355,4.081659998893738,4.136859986782074,4.2441599917411805,4.150800150796264,4.1275773139459115,4.114417597933583,4.185929015838959,0.0004820089083152901,-0.0031220008013703726,0.006791141631155462,0.007524305385968377,-0.030819511958336654,-0.056376479994519446,0.13241207206935388,0.13837141641235118,68.61317383054394,1.0,0.023306426828167304,0.017778518577690895,0.0055279082504764085,1.342769182770298,0.09399986267089844,0.049642784254891534,4.234036792439025,3.9841631997408458,0.060809810648548276,0.0,0.0,,0,0.010196886626784113,0.01698819206235682,-0.021950154809026828,-0.1357484809564462,0.050088527898893634,0.0033742922146252122,0.006485695343787784,False,False,False,False
2025-12-18,4.125,4.13700008392334,4.107999801635742,4.116000175476074,0,valid,4.158400058746338,4.15939998626709,4.10825001001358,4.081399998664856,4.134719989299774,4.243414993286133,4.143840155732226,4.126474729329736,4.114479659797995,4.185233206482115,-0.008431666398247106,-0.0060370972648822185,-0.00411316766289449,-0.007475201764676975,-0.026950317513800393,-0.06390713463151176,0.1357447647101165,0.138822399328898,61.59252782300482,0.6907164676679182,0.019403158978209767,0.01810344665779467,0.0012997123204150952,0.7342195315815925,0.008000373840332031,0.04942853110177176,4.232732663486749,3.9837673565404117,0.06060130380076696,0.0,0.0,,0,0.001886488272038842,0.00847752654053438,-0.03002648056144697,-0.14303556144919977,0.04123453174302374,-0.006263556430937645,0.007030371463660038,False,False,False,False
2025-12-19,4.146999835968018,4.1570000648498535,4.130000114440918,4.151000022888184,0,valid,4.149800109863281,4.160599994659424,4.110500013828277,4.081460003852844,4.1324699902534485,4.242739994525909,4.145272129163418,4.128810471573398,4.115911830899571,4.184892577789638,0.008503363926135155,-0.010252681640688266,0.01095959008262315,-0.005033535185256732,-0.023523854701848923,-0.05336378421428767,0.13688715313419889,0.13937963568912756,57.18015405742231,0.4963362720672122,0.018915935140283224,0.018265944354292383,0.0006499907859908415,2.316979515866313,0.012000083923339844,0.046571390969412665,4.2364297543034946,3.98457027335306,0.06127222481526465,0.0,0.0,,0,0.009852818130071491,0.017038025356047738,-0.021622812558886626,-0.1357484809564462,0.050088527898893634,0.007531501256157698,0.006510718947890447,False,False,False,False
2025-12-22,4.166999816894531,4.175000190734863,4.15500020980835,4.169000148773193,0,valid,4.147200107574463,4.160300016403198,4.115800011157989,4.083820004463195,4.130559990406036,4.241999995708466,4.150017733085373,4.132638059878141,4.1179937257181445,4.184734444167584,0.004336334807458098,-0.003108563114788687,0.026089082283921927,-0.004298937166707928,-0.02888424553658009,-0.0723186053181456,0.1309942862778049,0.13947056499214958,60.61386563640266,0.5953807653526311,0.01975454832771728,0.018563665148977365,0.0011908831787399154,1.4849160195470779,-0.0029997825622558594,0.045928546360560825,4.242233814969513,3.9893662073464657,0.06143826399181682,0.0,0.0,,0,0.012925831544530284,0.020857957553688664,-0.017208827677775734,-0.13200079701201903,0.054642063333334136,0.0038544432469589138,0.004799611664350567,False,False,False,False
2025-12-23,4.151000022888184,4.202000141143799,4.151000022888184,4.169000148773193,0,valid,4.1512001037597654,4.1586000442504885,4.122350013256073,4.0861800050735475,4.130049993991852,4.241779997348785,4.153814216222937,4.136101115963384,4.119993977602657,4.184577884014407,0.0,0.004820433867780194,0.03244181240626798,0.006761737783076649,-0.04116832998534725,-0.08774617239071225,0.1281275404802094,0.13759028623974542,65.46965292221606,0.8409951219335198,0.0201864583939102,0.018888223797963934,0.0012982345959462668,0.7248178364518854,-0.01699972152709961,0.0471428462437221,4.2453395601126624,3.9993604663994824,0.05966962846973089,0.0,0.0,,0,0.01131639365097815,0.020268354207796376,-0.017157855575037104,-0.13200079701201903,0.054642063333334136,-0.004317612195410125,0.01228622451804526,False,False,False,False
2025-12-24,4.166999816894531,4.166999816894531,4.131999969482422,4.136000156402588,0,valid,4.148200130462646,4.15580005645752,4.129050028324127,4.088460011482239,4.129409997463227,4.241019997596741,4.150251404258867,4.136091500767118,4.120621670888928,4.184094523540657,-0.007915565169820504,-0.0036135549031288683,0.033483334886251326,-0.002892865904141062,-0.058930563287357685,-0.08576480925038754,0.12708119134177923,0.13853583659660632,54.069826272942635,0.26437161625087024,0.01766232633764364,0.018643044305899876,-0.0009807179682562346,-0.8628901132636813,-0.0279998779296875,0.046000003814697266,4.23826242188375,4.019837634764505,0.052899525464916185,0.0,0.0,,0,0.0016832268998400559,0.011627885508684207,-0.024762873378023346,-0.13887150127062262,0.0462939753501852,-0.00047981093962079724,0.00839929180467138,False,False,False,False
2025-12-26,4.122000217437744,4.144999980926514,4.110000133514404,4.136000156402588,0,valid,4.15220012664795,4.155300092697144,4.135950040817261,4.090260014533997,4.128809998035431,4.24010999917984,4.1474011546876115,4.1360828013038295,4.121224748752209,4.18361597262386,0.0,0.004859081650598007,0.03451732193313228,0.007306432099014826,-0.06319361446457183,-0.10067402109447143,0.1268511640141804,0.1369230659752449,49.520800357095524,0.0,0.015483449925039139,0.01801112542972773,-0.0025276755046885896,-1.1944509184640295,-0.004999637603759766,0.04514285496303013,4.226069101504421,4.045830980130101,0.04357840873210951,0.0,0.0,,0,1.211706738050153e-05,0.01118269784954054,-0.024553571203905,-0.13887150127062262,0.0462939753501852,-0.0033848980743319467,0.008490986309036504,False,False,False,False
2025-12-29,4.116000175476074,4.130000114440918,4.107999801635742,4.116000175476074,0,valid,4.145200157165528,4.147500133514404,4.140900039672852,4.09306001663208,4.127770001888275,4.239319999217987,4.141120958845304,4.134170170272615,4.121019863525694,4.1829431786223905,-0.00483558514753768,-0.008431666398247106,0.024645250740124247,0.0068494021513894054,-0.05204970791253172,-0.10346327517845044,0.12837607203078544,0.13699017814450573,40.666683620919855,0.0,0.012004463374871932,0.01680979301875657,-0.004805329643884637,-1.152734353036533,-0.07799959182739258,0.04335716792515346,4.21247737591985,4.069322703425854,0.034570907561754474,0.0,0.0,,0,-0.006013152686183869,0.005604647562160631,-0.029089529397323347,-0.14303556144919977,0.04123453174302374,-0.00483558514753763,0.005345070910409067,False,False,False,False
2025-12-30,4.140999794006348,4.140999794006348,4.116000175476074,4.130000114440918,0,valid,4.137400150299072,4.142300128936768,4.142600035667419,4.09552001953125,4.126630003452301,4.238429999351501,4.138896789964427,4.133773022098167,4.121372030228252,4.1824163819638684,0.0034013455704540174,-0.00935476923495715,0.008300761297960868,0.002670589102852672,-0.049700890575093415,-0.09805631843599916,0.10893821184952877,0.13628732880174366,40.666683620919855,0.0,0.01025876290826222,0.0154995869966577,-0.00524082408839548,-0.2656285948468451,-0.05200004577636719,0.04178571701049805,4.211242141979968,4.0739579293548704,0.03313962522162226,0.0,0.0,,0,-0.003041549055669605,0.008418978480201487,-0.025582558854852718,-0.14012072925209834,0.044776130205371696,0.006073765176013841,0.006037097264882191,False,False,False,False
2025-12-31,4.125999927520752,4.172999858856201,4.125999927520752,4.163000106811523,0,valid,4.1362001419067385,4.143700122833252,4.146450042724609,4.099060020446777,4.1254100060462955,4.237714998722076,4.143717453333847,4.1365565539756295,4.123004503819753,4.182223185196183,0.007990312701255942,-0.0014392040651367566,0.018844870727064533,0.00024025167652008683,-0.05878357683509272,-0.09872263593188424,0.1115460555801981,0.13558283777532196,49.83923963490455,0.32821853281690067,0.011406617912326666,0.014680993179791494,-0.0032743752674648276,-0.7391431142561689,0.01399993896484375,0.041071414947509766,4.210187832882107,4.082712252567112,0.030743305478541646,0.0,0.0,,0,0.003991381523082117,0.015598719229726471,-0.01763093835547782,-0.13325002499349475,0.05312421818852064,-0.0009685682347027064,0.011391161454452747,False,False,False,False
2026-01-02,4.160999774932861,4.197000026702881,4.158999919891357,4.186999797821045,0,valid,4.146400070190429,4.147300100326538,4.152950024604797,4.103540015220642,4.124550006389618,4.237244997024536,4.152373922231286,4.141360672437098,4.125514123192353,4.182270713680013,0.005764998893527107,0.01233066718808229,0.03204329121761673,0.014538392267265499,-0.054212840631049364,-0.078767936735618,0.10853057282865361,0.1349202435049072,57.37182279320627,0.5977544602911736,0.014090449828950469,0.01456288450962329,-0.00047243468067282093,0.11955134892915886,0.03599977493286133,0.039357151303972514,4.203410866882883,4.102489182326711,0.02430120371260072,0.0,0.0,,0,0.008198936422185374,0.020338483916530085,-0.01185798773466589,-0.12825321234661763,0.05919547814112401,-0.00048050248074439286,0.009132446254971638,False,False,False,False
2026-01-05,4.183000087738037,4.190999984741211,4.1529998779296875,4.164999961853027,0,valid,4.152200031280517,4.152200078964233,4.155800032615661,4.107780013084412,4.123270003795624,4.236789996623993,4.154899130155634,4.143612033333853,4.1270625874535565,4.182098865403128,-0.005254319806622942,0.007011558112624217,0.013875404812480507,0.008718763212193892,-0.07217640744775267,-0.0892193300797599,0.10293291558924902,0.1353941618915896,44.8398685213059,0.14932769263987591,0.014277619545905118,0.014505831516879657,-0.00022821197097453935,0.3856301122940442,0.048999786376953125,0.037857157843453546,4.2018140725684585,4.109785992662864,0.022144491838716227,0.0,0.0,,0,0.0022137564765298545,0.013929652655778613,-0.016944440207839008,-0.13283364875934475,0.05363012636124159,-0.0009552687547511467,0.009084414538483084,False,False,False,False
2026-01-06,4.172999858856201,4.197000026702881,4.164999961853027,4.178999900817871,0,valid,4.164799976348877,4.155000066757202,4.157800030708313,4.111540012359619,4.122680003643036,4.2365199971199035,4.159719284288082,4.146982306427569,4.129099344840393,4.182068029934618,0.003361329914302047,0.015306055067043411,0.009664161015433992,0.007473514729188002,-0.06195286815147305,-0.08655736064628894,0.10028391379008153,0.13524497230005347,49.469917033422526,0.31500318453123866,0.015378358819393867,0.0146803369773825,0.0006980218420113669,0.6745333118597596,0.0279998779296875,0.03707146644592285,4.204214926879364,4.1113851345372625,0.022326661132446777,0.0,0.0,,0,0.005098819075708739,0.016407450311917773,-0.013577204012051406,-0.12991881656224333,0.05717172482358956,0.0019207435957849656,0.007668359916653478,False,False,False,False
2026-01-07,4.131999969482422,4.160999774932861,4.124000072479248,4.138000011444092,0,valid,4.166399955749512,4.151900053024292,4.156100034713745,4.114360013008118,4.121130001544953,4.235949997901916,4.1553754297192835,4.146126849762476,4.129448390589558,4.1816295421884435,-0.009810933320614668,0.0019370210124696197,-0.008149549484885554,0.021476151727672477,-0.07282093262855882,-0.09965190681423719,0.10254997994867728,0.12780848517721358,48.109931849725285,0.2663392852903639,0.012794862985963995,0.014303242179098799,-0.001508379193134804,0.5344955060764267,-0.031000137329101562,0.037214313234601705,4.20281469181545,4.10938537761204,0.022480044614673334,0.0,0.0,,0,-0.004355049955119758,0.005745729192689255,-0.02312349921654874,-0.13845512503647264,0.046799883522906156,-0.01124669357523815,0.008954429507957596,False,False,False,False
2026-01-08,4.166999816894531,4.186999797821045,4.160999774932861,4.183000087738037,0,valid,4.170399951934814,4.153300046920776,4.155950045585632,4.118080015182495,4.119680001735687,4.235209999084472,4.160900361323034,4.14963858671253,4.131548457144401,4.181643179457594,0.010874837160341322,0.004804223015461684,-0.0007166227078837517,0.032584538540882946,-0.056182324791937854,-0.09419660890101533,0.10943409417525032,0.1295987997467847,54.79044096127187,0.5694381655995481,0.014214695835232938,0.014285532910325627,-7.083707509268969e-05,0.7709001366757118,0.01399993896484375,0.0387857300894601,4.202278152078919,4.109621939092345,0.022294833183808743,0.0,0.0,,0,0.006508750551787109,0.015764645736895646,-0.012327585021220057,-0.12908596481491758,0.058183661795682094,0.007008169494982435,0.006239506606832584,False,False,False,False
2026-01-09,4.186999797821045,4.210999965667725,4.158999919891357,4.171000003814697,0,valid,4.167199993133545,4.156800031661987,4.156300044059753,4.121840014457702,4.117980000972747,4.23452999830246,4.162920289821367,4.1516730073889265,4.133095576621668,4.181537277212391,-0.0028687744852113894,-0.003821302789332348,0.0016810685457990804,0.03704628889195827,-0.045974429008799333,-0.10933164089916636,0.10823907094342738,0.12880221227442018,58.84243337682628,0.7328053966085649,0.014207838001484951,0.014269993928557493,-6.21559270725415e-05,0.04796965627580363,0.034999847412109375,0.039428574698311944,4.2029885816786114,4.109611506440895,0.022466394208274905,0.0,0.0,,0,0.003536789836901599,0.011926709718126403,-0.015002844356570916,-0.13158442077786903,0.0551479715060551,0.0009561821656978881,0.012419404893076066,False,False,False,False
2026-01-12,4.197000026702881,4.201000213623047,4.169000148773193,4.186999797821045,0,valid,4.171599960327148,4.161899995803833,4.1586000442504885,4.124420008659363,4.116829998493195,4.233774998188019,4.1677361914213025,4.155037463620557,4.135209467649094,4.181591630651283,0.0038359611584066755,0.0052820735100871374,0.011108429389752095,0.034849182865400063,-0.034363507616802846,-0.10782017030392599,0.10687271702366054,0.1284993290620591,56.164358954679145,0.624831452456355,0.015316889214850526,0.014479372985816101,0.0008375162290344251,0.4317497818547178,0.05099964141845703,0.0387857300894601,4.206627930997231,4.1105721575037455,0.023098103321161828,0.0,0.0,,0,0.006829162042120595,0.015172991361280794,-0.01104810727707374,-0.12825321234661763,0.05919547814112401,0.006233522623928216,0.007624509088934276,False,False,False,False
2026-01-13,4.192999839782715,4.195000171661377,4.156000137329102,4.171000003814697,0,valid,4.169999980926514,4.167399978637695,4.1574500560760494,4.125980010032654,4.115579998493194,4.232784998416901,4.168388953899981,4.1565577055438085,4.136613018086961,4.181486241329527,-0.003821302789332348,-0.0019143089717729156,-0.005483968708838827,0.0490442479330111,-0.049453055392764234,-0.12667504526258888,0.09753304982389761,0.12334331707161979,50.34480377261696,0.3902000616995212,0.01473491569530161,0.014530481527713204,0.00020443416758840482,0.8462245185829831,0.05499982833862305,0.03985714912414551,4.202943581814138,4.111956530337961,0.021885302348539384,0.0,0.0,,0,0.0032591967566380684,0.01091134558882338,-0.0145967713043095,-0.13158442077786903,0.0551479715060551,0.001433017017290615,0.009301224856306316,False,False,False,False
2026-01-14,4.159999847412109,4.169000148773193,4.131999969482422,4.139999866485596,0,valid,4.170399951934814,4.168399953842163,4.1553500413894655,4.126760010719299,4.11367999792099,4.232209997177124,4.162711136417105,4.1549807684906455,4.1367458356712214,4.181073441579836,-0.007432303356688985,0.00048329024552273836,-0.010043111459256182,0.03319188869880452,-0.060798576757909784,-0.1380387488023227,0.10045769845217611,0.12361659796402528,45.482810048961355,0.26497539263690856,0.0116380888409644,0.013952002990363444,-0.0023139141493990437,0.09670478558412299,0.009999752044677734,0.03900000027247837,4.1999405512816415,4.11075953149729,0.021461734606245484,0.0,0.0,,0,-0.0036940750480643062,0.003208293123880681,-0.021787702111434066,-0.1353383930388947,0.04730579169562712,-0.0026372947476690023,0.008894274194213948,False,False,False,False
2026-01-15,4.138000011444092,4.164000034332275,4.136000156402588,4.159999847412109,0,valid,4.165799903869629,4.1680999279022215,4.155900025367737,4.127840008735657,4.112679994106292,4.231779997348785,4.162168878616106,4.155458776006975,4.137657757700276,4.180863754075681,0.004830913423070182,-0.005498503428998269,0.002651163923943267,0.043652730484847524,-0.051527656391112564,-0.1311612876754129,0.09814247742616164,0.12331591956688354,53.896064689025444,0.727858891422432,0.010674612275824558,0.013296524847455667,-0.0026219125716311093,1.0689910121528534,-0.0030002593994140625,0.03835712160382952,4.200432070892923,4.1113679798425515,0.021430758802358434,0.0,0.0,,0,0.0009865064172253346,0.00779096055282996,-0.016962164853004235,-0.10595315784468369,0.052365235302788575,-0.0004830567888886342,0.006766524372221067,False,False,False,False
2026-01-16,4.195000171661377,4.232999801635742,4.181000232696533,4.230999946594238,0,valid,4.177799892425537,4.172499942779541,4.15990002155304,4.130680003166199,4.11223999261856,4.232154996395111,4.175935092211732,4.162653173205762,4.141318235696118,4.18136262166293,0.017067332160191517,0.014385025827059916,0.019272445980472952,0.06762550680491608,-0.04276020960121307,-0.09069416342284853,0.1150812343768256,0.12699174142391448,62.53297920658665,1.0,0.015461929291730847,0.013729605736310704,0.001732323555420143,2.445516449265095,0.04400014877319336,0.041071414947509766,4.215560133658189,4.10423990944789,0.026760312419417107,0.0,0.0,,0,0.017091738905459175,0.02428654443121798,-0.000272922376863893,-0.08775335572350065,0.07032630232753947,0.008413539791603815,0.012395605914508273,False,False,False,False
2026-01-20,4.2789998054504395,4.310999870300293,4.269000053405762,4.295000076293945,0,valid,4.199399948120117,4.185499954223633,4.168850016593933,4.133440003395081,4.112609994411469,4.23264999628067,4.1997480890281755,4.175257640166542,4.147344974543092,4.182493342604532,0.01512647849386628,0.025794192426067175,0.04348879815029827,0.08651657012111635,-0.008083105780323674,-0.06752059789541509,0.11981310810790965,0.12994448419384227,71.15841162266906,1.0,0.02414189537092959,0.015812063663234482,0.008329831707695107,3.1707894810389936,0.13000011444091797,0.04478566987173898,4.247574731443474,4.090125301744393,0.03776807250737266,0.0,0.0,,0,0.030260157884758863,0.039086105705215014,0.014730743167534279,-0.07395427647775053,0.0865165701211164,0.011344802519990307,0.009815335079247575,False,False,False,False
2026-01-21,4.281000137329102,4.301000118255615,4.249000072479248,4.252999782562256,0,valid,4.2157999038696286,4.192899942398071,4.1739500045776365,4.136640000343323,4.112759993076325,4.233639996051789,4.210398427734992,4.182661653728039,4.151488300347765,4.183194899221028,-0.00977888078827005,0.019659501000374835,0.02457233416325133,0.06564766966594582,-0.02810789465167618,-0.07724027067051231,0.12445571155980241,0.13079462214421506,63.63633480120319,0.7141909872254186,0.02731686649859011,0.018113024230305606,0.009203842268284503,1.5763073305032904,0.07399988174438477,0.04671427181788853,4.26062042902046,4.087279580134813,0.041529210626754506,0.0,0.0,,0,0.018938841600384334,0.02812905696634852,0.004572846658790466,-0.08300996721256193,0.0758916541074219,-0.003259589922271659,0.012146705000764098,False,False,False,False
2026-01-22,4.258999824523926,4.2769999504089355,4.243000030517578,4.249000072479248,0,valid,4.237599945068359,4.203999948501587,4.177950000762939,4.139760003089905,4.113179996013641,4.234959996938706,4.218118756683843,4.188979598371011,4.155312291411745,4.183849677064393,-0.0009404444597921335,0.026328553021471857,0.019189235032672336,0.06304730917760026,-0.025458728815607623,-0.07105374238470497,0.12412559716696835,0.13085778966960424,60.18958256355671,0.5832281058694231,0.029174010976618092,0.020325221579568106,0.008848789397049986,2.016809397252639,0.11100006103515625,0.04578569957188198,4.270821030722288,4.085078970803591,0.044457702912858804,0.0,0.0,,0,0.01700596505543016,0.026388019911252454,0.003315279377064096,-0.08387234540858149,0.07487983776197997,0.0014107788075303277,0.007983076142802602,False,False,False,False
2026-01-23,4.236999988555908,4.263000011444092,4.232999801635742,4.238999843597412,0,valid,4.25339994430542,4.209599924087525,4.18144998550415,4.142339997291565,4.113299992084503,4.2353799951076505,4.222294974066557,4.193743431249716,4.15859415620334,4.184398434940344,-0.002353548767063396,0.018990384394953264,0.01679052346515686,0.06054537549375527,0.004502382547487915,-0.07827791591781774,0.12465201838853608,0.13102744977174355,56.37255474862033,0.438196224726326,0.02949883228391137,0.02215994372043676,0.007338888563474609,1.4357488443059951,0.055999755859375,0.04521427835736956,4.278100053789393,4.084799917218907,0.04622801593719877,0.0,0.0,,0,0.013763134389451124,0.023334599856372897,0.000854669119168278,-0.08602849652051782,0.07235005564507394,-0.0028242136311233145,0.007080531010002326,False,False,False,False
2026-01-26,4.2129998207092285,4.229000091552734,4.203000068664551,4.2129998207092285,0,valid,4.249799919128418,4.213799905776978,4.185299968719482,4.144199995994568,4.112659990787506,4.23513499379158,4.220435943395092,4.195577373103004,4.160727711674159,4.184683025843517,-0.00613352768282216,-0.004254343207803379,0.018616939408825806,0.05774536237558525,0.0030952409605862208,-0.09163436603841979,0.12313899174659064,0.13152475913647912,55.825223054372145,0.40281093222764497,0.02734307698334426,0.023196570373018262,0.004146506610325999,1.8124651778085088,0.04199981689453125,0.0450713975088937,4.2804498530226045,4.09015008441636,0.04546860918656405,0.0,0.0,,0,0.006618367189155473,0.016601473090380885,-0.005226556677603013,-0.09143848512837789,0.06577276689309898,-0.006133527682822174,0.006171380012972959,False,False,False,False
2026-01-27,4.235000133514404,4.238999843597412,4.206999778747559,4.2230000495910645,0,valid,4.235399913787842,4.217399930953979,4.189649963378907,4.14735999584198,4.11277999162674,4.234249993562698,4.2209487646342865,4.198189056578057,4.163169764141489,4.185064289761403,0.0023736599352981447,-0.01676368461557931,0.02103478962731642,0.040660413574559406,0.006434687743262613,-0.08711627415560086,0.12318405556428766,0.12619602451702813,55.39216889365726,0.38594456360637985,0.026140231949447035,0.02378530268830402,0.0023549292611430156,0.9562505621331985,0.03600025177001953,0.0450713975088937,4.283252148268234,4.096047778489579,0.0446825800281599,0.0,0.0,,0,0.007960112778791995,0.018238121075797302,-0.0026568917727429428,-0.0892818690617733,0.06830254901000501,0.0052220065847219015,0.007556095357970707,False,False,False,False
2026-01-28,4.235000133514404,4.270999908447266,4.235000133514404,4.250999927520752,0,valid,4.234999942779541,4.225399923324585,4.1963999509811405,4.150139994621277,4.113529989719391,4.233534992933273,4.22695899721158,4.203218663334504,4.166614084274009,4.185720365759009,0.006630328581786138,-0.00047022222989601126,0.03279877217912497,0.03860249080722489,0.0073460044716480155,-0.061174902357900796,0.12261590720805318,0.12572605529326564,64.30377026857369,0.733028987289059,0.027133546108739637,0.024454951372391145,0.002678594736348492,1.918003443607974,0.07999992370605469,0.0445713996887207,4.287063914710406,4.105735987251875,0.04321035401216594,0.0,0.0,,0,0.013011146977743554,0.02430277846776078,0.004125378582350639,-0.08324350860826281,0.07538574593470093,0.0028416016534268985,0.008500536906237829,False,False,False,False
2026-01-29,4.247000217437744,4.270999908447266,4.2230000495910645,4.2270002365112305,0,valid,4.230599975585937,4.234099960327148,4.201249957084656,4.151720004081726,4.114939992427826,4.232204993963242,4.22696724507151,4.205483575065621,4.168982168675469,4.186131110741618,-0.005645657826091388,-0.00517765017480476,0.023486711714884256,0.030724313463761144,-0.004005589466347992,-0.07119311652942184,0.12507604180806223,0.12635562609195808,55.882371690667895,0.4050367276440325,0.025688064231542462,0.02470157394422141,0.000986490287321052,0.9553484743658691,0.08700037002563477,0.04449997629438128,4.287214173647012,4.1152857405223,0.040923162125782564,0.0,0.0,,0,0.00612919480859535,0.018132299951705136,-0.0012297980507643923,-0.08841920206850866,0.06931448598209755,-0.0009408868857216152,0.01130206178448466,False,False,False,False
2026-01-30,4.247000217437744,4.261000156402588,4.236000061035156,4.241000175476074,0,valid,4.23100004196167,4.242199993133545,4.2051499605178835,4.153880009651184,4.11688999414444,4.231589995622635,4.229773831152423,4.208866108438045,4.1718064042362775,4.1866770715847474,0.0033120270124229467,0.00047188769815198484,0.018736504122814468,0.03287877024786945,-0.010268301867643825,-0.0689351623921084,0.12278429625124108,0.1264767234552209,59.30853525995873,0.5384771675673288,0.0253796269604889,0.02483718454747491,0.0005424424130139882,1.6782587292581308,0.08100032806396484,0.04321425301688058,4.290884679020296,4.119415242015471,0.040776057599550636,0.0,0.0,,0,0.008525311890131886,0.020973202312650853,0.0022237929154700644,-0.08540002184175341,0.07285608444444552,0.004731483275955699,0.0058865302772493,False,False,False,False
2026-02-02,4.236000061035156,4.281000137329102,4.230999946594238,4.275000095367432,0,valid,4.2434000968933105,4.246600008010864,4.209549975395203,4.1569200086593625,4.11889999628067,4.231349996328354,4.238819083995425,4.215164583383701,4.175853215653186,4.187555907642286,0.008016957907232447,0.014716419961244176,0.0210175069968197,0.045487860127774615,0.00046813292520031524,-0.05252659223131673,0.12420587326585517,0.12699567504368606,61.16754893631442,0.6108810670833328,0.02756099163164727,0.025381945964309385,0.002179045667337884,3.2608751989269047,0.04400014877319336,0.04449997629438128,4.300251347297359,4.1188486034930465,0.043093144128139756,0.0,0.0,,0,0.015548008778796885,0.028405667287822272,0.010315880056472297,-0.07806771231490296,0.08145712651395494,-0.0011789941603472535,0.011803633147881654,False,False,False,False
2026-02-03,4.289999961853027,4.300000190734863,4.265999794006348,4.27400016784668,0,valid,4.253600120544434,4.244500017166137,4.214999985694885,4.159740014076233,4.121319997310638,4.231324998140335,4.245855300765676,4.220767972380175,4.179702115739206,4.188416049534867,-0.0002339011692269466,0.012076750569906869,0.02617051788522895,0.028145321426895853,-0.004425821669354235,-0.06456546607155778,0.1220758480987172,0.12262967668194323,63.58840543971536,0.7051673293331701,0.02887618635375855,0.02608079404219922,0.0027953923115593277,2.7403924186557127,-0.020999908447265625,0.04414285932268415,4.307511243574271,4.1224887278155,0.0438962079209279,0.0,0.0,,0,0.013997670783400366,0.027468099781188124,0.01008553342631462,-0.07828335335494063,0.08120417242759445,0.0035087406201113735,0.007925500473391486,False,False,False,False
2026-02-04,4.26800012588501,4.289999961853027,4.261000156402588,4.275000095367432,0,valid,4.25840015411377,4.246700048446655,4.219799995422363,4.163120017051697,4.123959996700287,4.231034997701645,4.251684259686027,4.2259329364742,4.183439291410901,4.189277582329221,0.00023395589178365483,0.00564576999667854,0.022972049970801045,0.04446620158829995,0.008730575748813196,-0.058991880438677535,0.12188702267740187,0.11807962192774596,69.341008271554,0.8947186406285802,0.02965730251827825,0.02679609573741503,0.0028612067808632194,1.0399468052135319,0.02200031280517578,0.04342855725969587,4.314385279851882,4.125214710992845,0.04482927367748452,0.0,0.0,,0,0.013081212380906536,0.026874093914536604,0.010391097613153526,-0.07806771231490296,0.08145712651395494,-0.00140384691765065,0.0067947058563935896,False,False,False,False
2026-02-05,4.251999855041504,4.25600004196167,4.203999996185303,4.210000038146973,0,valid,4.255000114440918,4.242800045013428,4.223399996757507,4.166060013771057,4.125449998378754,4.230059996843338,4.243347415378217,4.224415517585893,4.18448088932212,4.189483775919448,-0.015204691408286952,-0.004021811547919141,0.01739971640980098,0.028585415306764173,-0.01933384086368728,-0.06713936905135609,0.12958893277201217,0.12252143080532336,56.34520100982962,0.060447636926118806,0.024746123410007037,0.026386101271933436,-0.001639977861926399,-1.979046254646799,-0.03900003433227539,0.04650000163487026,4.310021846118489,4.136778147396526,0.04101995995050673,0.0,0.0,,0,-0.0031727893689497597,0.01054714147916024,-0.004742239758144169,-0.09208540824849087,0.06501390463401753,-0.0053801730556337895,0.012229550223223046,False,False,False,False
2026-02-06,4.203999996185303,4.223999977111816,4.193999767303467,4.205999851226807,0,valid,4.248000049591065,4.239500045776367,4.2245499849319454,4.169420008659363,4.127169997692108,4.2291449964046475,4.235877902547935,4.222661644599313,4.185324770181127,4.189648114977232,-0.0009501631553254786,-0.008252846687359261,0.00549838943493941,0.02335759479168531,-0.02818858953377712,-0.04884669458676594,0.12419572916724929,0.12231752708763578,46.17735709838152,0.0,0.020297223175878898,0.02516832565272253,-0.004871102476843633,-1.1051007227452447,-0.03299999237060547,0.043428591319492886,4.309508241798523,4.139591728065368,0.04022121038671807,0.0,0.0,,0,-0.00439103189009554,0.0087733647585209,-0.005472771729869128,-0.09294807524175551,0.064001967661925,-0.0014251881014972234,0.007136110807700217,False,False,False,False
2026-02-09,4.23799991607666,4.23799991607666,4.196000099182129,4.197999954223633,0,valid,4.2326000213623045,4.238000059127808,4.225899982452392,4.173340010643005,4.128889997005462,4.22819999575615,4.228302312883075,4.220312912182582,4.18582183622201,4.1897312178553054,-0.001902020277257166,-0.018011728520717307,0.0064732559060758366,0.018932056026978783,-0.03294174688921703,-0.05450452699956132,0.12391533912198391,0.1223345389047879,32.10329246491463,0.0,0.015942141770813656,0.023323088876340756,-0.0073809471055271,-1.2002851820583138,-0.014999866485595703,0.04071429797581264,4.308088346955347,4.143711617949438,0.03889744899038453,0.0,0.0,,0,-0.00660215062935979,0.005908922713639177,-0.007142529105252492,-0.0946733063951708,0.061978214344390534,0.007608194479731076,0.009910292054326583,False,False,False,False
2026-02-10,4.176000118255615,4.176000118255615,4.135000228881836,4.146999835968018,0,valid,4.207199954986573,4.230400037765503,4.223899984359742,4.176320009231567,4.129599993228912,4.2274099957942965,4.212041817500064,4.213330714447862,4.1842994048395,4.189306029975831,-0.01214867051256252,-0.02971462959549842,-0.009553370858494836,0.020172147009421604,-0.036029801989548194,-0.075774493749735,0.13075543744711055,0.12178404977629877,31.071420056471197,0.0,0.008279978623709994,0.020314466825814604,-0.01203448820210461,-2.1703234494889534,-0.07600021362304688,0.04149998937334333,4.311820897849232,4.135979070870251,0.04163020611995753,0.0,0.0,,0,-0.018205958634548613,-0.0070205762965334555,-0.01902114058165076,-0.10567182210200346,0.0490765909268011,-0.005240551740807765,0.009817980893857261,False,False,False,False
2026-02-11,4.132999897003174,4.205999851226807,4.125,4.171999931335449,0,valid,4.186599922180176,4.222500038146973,4.223949980735779,4.179420003890991,4.13027999162674,4.226939996480942,4.204033440267142,4.209394449389537,4.1838170725452235,4.18913382998936,0.006028477539497201,-0.024093605084032133,0.0002397332821475473,0.014591425813843983,-0.028864076436019626,-0.07144449076381398,0.13205285624408958,0.1201271036404167,37.20928390493044,0.16038489397803832,0.00417681022011962,0.017086935504675608,-0.012910125284555988,-0.9731756733584951,-0.07899999618530273,0.04485712732587542,4.311745282080419,4.136154679391139,0.04157023721637276,0.0,0.0,,0,-0.01229892627452006,-0.001775383318411114,-0.012997597598080897,-0.10028038476860596,0.05540092559241558,-0.003375919826043543,0.01959831919800903,False,False,False,False
2026-02-12,4.1579999923706055,4.169000148773193,4.099999904632568,4.104000091552734,0,valid,4.1653999328613285,4.210200023651123,4.222149991989136,4.179580001831055,4.1299299931526186,4.226379996538162,4.184026770524261,4.199356891500317,4.1806869948592436,4.188286728114369,-0.01629909896977111,-0.02517813435481442,-0.008695598090301626,-0.010607443212346856,-0.05219395753704459,-0.09543752934251026,0.1420817149401385,0.12349429713696569,31.197791936797117,0.0033021489443702413,-0.004510010480118787,0.01276754630771673,-0.01727755678783552,-2.8179009386905762,-0.1230001449584961,0.047857114246913364,4.318273406080854,4.126026577897418,0.04553292245614049,0.0,0.0,,0,-0.02798334987164656,-0.01808313520621913,-0.02895620012532455,-0.11494500382230685,0.03819884145339674,-0.0033556901235044833,0.01659457534084453,False,False,False,False
2026-02-13,4.099999904632568,4.105999946594238,4.046000003814697,4.056000232696533,0,valid,4.135400009155274,4.191700029373169,4.216950011253357,4.1789800071716305,4.129059994220734,4.2257949984073635,4.1584214629587155,4.185703876376147,4.1757973179116865,4.186970444577874,-0.011695871780071143,-0.03566324865335446,-0.024999908300543106,-0.01863045396213847,-0.04788732047529698,-0.12529649357591255,0.14606899878335322,0.12555634561070164,29.396356008780828,0.0,-0.015093576573049994,0.007195321731563386,-0.022288898304613378,-4.587148862595858,-0.18499994277954102,0.049571411950247626,4.3357961586329115,4.098103863873803,0.05636592658789001,0.0,0.0,,0,-0.038167343252187756,-0.029428179666820445,-0.04018054964209653,-0.11749345931129819,0.02605620092153936,-0.0009747043935012581,0.014634132725648943,False,False,False,False
2026-02-17,4.031000137329102,4.059999942779541,4.025000095367432,4.052000045776367,0,valid,4.10620002746582,4.169400024414062,4.208000016212464,4.178880004882813,4.128379995822907,4.225169998407364,4.137137179522246,4.172970178223787,4.170942522925988,4.185627455535073,-0.0009862393221576893,-0.0347784445067405,-0.042306760358614026,-0.0172204939815358,-0.052163753126629575,-0.10453039549663401,0.12916211749009807,0.125486500275051,27.19997049963696,0.0,-0.023532640969142093,0.0010497291914222896,-0.024582370160564384,-4.1400563270207025,-0.22300004959106445,0.0497856821332659,4.347548139774655,4.068451892650272,0.0663251535287757,0.0,0.0,,0,-0.03707223617753424,-0.030362192491335635,-0.0409853219388265,-0.11836382196378673,0.025044263949446817,-0.0061637312458463385,0.008682670855799055,False,False,False,False
2026-02-18,4.064000129699707,4.0879998207092285,4.059999942779541,4.078999996185303,0,valid,4.0926000595092775,4.149900007247925,4.197200012207031,4.178300008773804,4.127699997425079,4.224409998655319,4.125509742854858,4.1640206370772646,4.167336933642039,4.1845664857903,0.00666336379662158,-0.01639735772182449,-0.05029105384673804,-0.013065546132006056,-0.04203849345883104,-0.08788016886347272,0.1170977084004599,0.12617238067006503,27.005331912170078,0.0,-0.027722423116146366,-0.004704701270091442,-0.023017721846054925,-3.8198578775721526,-0.19500017166137695,0.048928533281598775,4.341742242229003,4.05265778218506,0.06887555017706501,0.0,0.0,,0,-0.028161635299237285,-0.02376564927841135,-0.03442137541486314,-0.11248915937326834,0.03187450678778226,0.0029615211717108005,0.006889733522660207,False,False,False,False
2026-02-19,4.104000091552734,4.105999946594238,4.065000057220459,4.074999809265137,0,valid,4.073200035095215,4.129899978637695,4.188300013542175,4.177020006179809,4.126729996204376,4.2231749975681305,4.115407756136914,4.155542462999919,4.163715869940984,4.183476270103482,-0.0009806783338826008,-0.023250269335278517,-0.04185280564248739,-0.0075499604803489495,-0.03846156442646209,-0.10321309950543889,0.11401875764461254,0.12549113377499202,28.531018653218254,0.036037849687265,-0.031008194146705748,-0.009965399845414304,-0.021042794301291443,-4.678369161184904,-0.20000028610229492,0.04842853546142578,4.340113086231029,4.0364869408533215,0.07249388639686333,0.0,0.0,,0,-0.02705159704670179,-0.02442415807531109,-0.03508620608625475,-0.11335952202575689,0.030862569815689717,0.006128976560630505,0.009990226232735567,False,False,False,False
2026-02-20,4.059999942779541,4.104000091552734,4.059999942779541,4.085999965667725,0,valid,4.069600009918213,4.117499971389771,4.180150008201599,4.175300006866455,4.125719997882843,4.2218899977207185,4.109526198043077,4.148919368015901,4.160668187420463,4.18250635662651,0.0026994250104201978,-0.004385995488172534,-0.03836199200543067,0.005660783249883838,-0.028761544911670045,-0.09900769500590079,0.11523979083599473,0.12373006389663396,27.920217470156956,0.021610273808324046,-0.03235164109127808,-0.01444264809458706,-0.017908992996691023,-4.39869430968397,-0.12400007247924805,0.04914283752441406,4.335697661306411,4.024602355096786,0.07442204361069457,0.0,0.0,,0,-0.02252312533022703,-0.021387694549343216,-0.032187013902862736,-0.11096610254426229,0.03364530601895624,-0.0036809490031119037,0.010837475220029228,False,False,False,False
2026-02-23,4.074999809265137,4.074999809265137,4.01800012588501,4.0289998054504395,0,valid,4.064199924468994,4.099799966812133,4.16965000629425,4.172160005569458,4.124599997997284,4.220494996309281,4.093420919524549,4.137498457295381,4.155504721460854,4.180978928256599,-0.01395011274993252,-0.0066569096886227586,-0.049539996672601117,-0.0022289007238760483,-0.04684183108165885,-0.10466670989990234,0.1229037094103852,0.12642207451886073,17.112309010424113,0.0,-0.03758254089605284,-0.019070626654880216,-0.018511914241172624,-5.754392618226333,-0.1770000457763672,0.050428526742117744,4.3364178396813555,4.002882172907145,0.07999128614409488,0.0,0.0,,0,-0.033731896113940944,-0.03431320944736353,-0.04537268520074048,-0.12336822565228177,0.019225837456553298,-0.0026921577325050884,0.013987653017928843,False,False,False,False
2026-02-24,4.041999816894531,4.046000003814697,4.0269999504089355,4.0329999923706055,0,valid,4.060399913787842,4.083299970626831,4.160650014877319,4.169540004730225,4.123450000286102,4.219284995794296,4.08133673409376,4.127546222540641,4.150700614437707,4.1795065010338535,0.0009928486257939628,-0.004689055575299528,-0.042724860194349956,0.00774616153222718,-0.05704932449554989,-0.0875565785618333,0.12271909494797274,0.125063118022747,18.037180570382034,0.017708110158627624,-0.04093342992444082,-0.023443187308792336,-0.017490242615648487,-4.204276583671329,-0.16499996185302734,0.04935707364763532,4.33673533910241,3.984564690652228,0.08464318007785285,0.0,0.0,,0,-0.03068030765632128,-0.03274702058373788,-0.0441508463186004,-0.12249786299979322,0.020237774428645838,0.0032266100947697623,0.004700656671567952,False,False,False,False
2026-02-25,4.056000232696533,4.058000087738037,4.034999847412109,4.047999858856201,0,valid,4.054199886322022,4.07339997291565,4.151900005340576,4.167680006027222,4.122869999408722,4.2176599943637845,4.074669359046249,4.119970378380218,4.146673133826668,4.178197977231091,0.0037192825474761104,-0.00759993561120198,-0.041439779464792936,0.012506241492025616,-0.03870817101412083,-0.07853408994822308,0.12346798235945221,0.12525015710241333,20.97189227159423,0.09837621099226126,-0.041895721951541454,-0.02713369423734216,-0.014762027714199294,-3.756538230131412,-0.0989999771118164,0.04907138007027762,4.3322797067136465,3.971520303967506,0.08689019540020149,0.0,0.0,,0,-0.025024722741571023,-0.028716251487144337,-0.040226129117640216,-0.11923418461627527,0.024032326977354277,0.005703010257733263,0.005670670366465088,False,False,False,False
2026-02-26,4.041999816894531,4.047999858856201,4.013999938964844,4.017000198364258,0,valid,4.0425999641418455,4.05789999961853,4.1402000188827515,4.164140014648438,4.1221600031852725,4.2158699953556065,4.063135526909851,4.110163694569175,4.141587920671279,4.176594019232416,-0.007658019163247376,-0.014233034016101764,-0.05504580878526766,0.0,-0.03807469238237815,-0.06537916931591614,0.12047178678693755,0.1259200514394218,22.96923668730733,0.20151102654841063,-0.04464511771627411,-0.030635978933128555,-0.014009138783145553,-4.311571172774076,-0.1549997329711914,0.0464285101209368,4.323841170018213,3.95655886774729,0.08871124597744322,0.0,0.0,,0,-0.029756973082604735,-0.03533498291761988,-0.047171710040972,-0.12597910610881702,0.01619026779357692,-0.0014822238564418547,0.00841165794942553,False,False,False,False
2026-02-27,3.9790000915527344,3.99399995803833,3.9560000896453857,3.9619998931884766,0,valid,4.017799949645996,4.0436999797821045,4.126950001716613,4.159740009307861,4.120590002536773,4.2133949959278105,4.042908400165576,4.096052856342442,4.134545252926856,4.174458754296656,-0.013691885103261248,-0.030347546138313364,-0.06269229441573743,-0.032714915770608255,-0.030347546138313364,-0.0675453458214017,0.12624058550809678,0.12220557983267562,20.098078745826214,0.14856811789212546,-0.05067791517883258,-0.03464436618226936,-0.016033548996563216,-4.461054981844659,-0.1420001983642578,0.04864278861454555,4.32210127463248,3.9317987288007465,0.09457409119795165,0.0,0.0,,0,-0.03996901063970378,-0.047536652693899194,-0.059665685980617514,-0.13794609976582484,0.002276707403894938,-0.009459821990299445,0.009550104930536847,False,False,False,False
2026-03-02,3.997999906539917,4.066999912261963,3.996000051498413,4.047999858856201,0,valid,4.021599960327149,4.042899942398071,4.11729998588562,4.157720003128052,4.119449999332428,4.211139994859695,4.043926691903701,4.091476380391371,4.131151315904477,4.173200456829586,0.021706200905148076,0.004715823857836421,-0.04550820764778862,-0.00930007516662168,0.0004942795451354787,-0.05530921750184947,0.15289900515619712,0.13033784135283863,34.567908502311084,0.8685685076244288,-0.0479665436768153,-0.03730880168117855,-0.010657741995636752,-2.972197375841179,-0.008000373840332031,0.05314280305589948,4.307735673930634,3.9268642978406065,0.09250513137145218,0.0,0.0,,0,-0.016831449558444758,-0.026389498135829977,-0.03874013597330656,-0.11923418461627527,0.024032326977354277,0.009086323655215674,0.017758845028337404,False,False,False,False
2026-03-03,4.093999862670898,4.117000102996826,4.039999961853027,4.056000232696533,0,valid,4.026200008392334,4.043299961090088,4.106349992752075,4.155820007324219,4.118740003108979,4.208779996633529,4.046341400062268,4.088097699658529,4.128204214602205,4.172034285445178,0.001976377005752372,0.005703010257733343,-0.051228036908868346,-0.0002464696774127084,-0.00441817613410056,-0.041361313189940296,0.1489550561038691,0.1295883030830712,39.72918281236545,1.0,-0.044657416026413266,-0.03877852455022549,-0.005878891476187774,-1.1695871780071143,0.004000186920166016,0.05414283275604248,4.283314221551106,3.929385763953044,0.08619052399887121,0.0,0.0,,0,-0.012261439025999198,-0.02401927283947891,-0.03630024949253699,-0.11749345931129819,0.02605620092153936,0.011363637702224372,0.01880804683114094,False,False,False,False
2026-03-04,4.077000141143799,4.0879998207092285,4.063000202178955,4.079999923706055,0,valid,4.032600021362304,4.043399953842163,4.096649980545044,4.155100002288818,4.118250000476837,4.206904996633529,4.053073104791025,4.08732648290115,4.126313850253337,4.171118520651754,0.005917083242760635,0.007905154635774903,-0.04539079001449031,-0.006815939455142694,0.011904726707386182,-0.023923423143372258,0.15181497118050644,0.12753899117656245,39.59276847958125,0.9939684708868788,-0.0396413729602223,-0.038951094232224856,-0.0006902787279974426,0.5917083242760635,0.0009999275207519531,0.050642813955034525,4.255234871971632,3.9380650891184543,0.07742174321931694,0.0,0.0,,0,-0.004064310331138829,-0.01807419280917302,-0.03016589940324946,-0.1122715946477625,0.032127460874142734,0.00517749192368866,0.0061318659957808625,False,False,False,False
2026-03-05,4.132999897003174,4.1479997634887695,4.123000144958496,4.145999908447266,0,valid,4.058399963378906,4.050499963760376,4.090199971199036,4.155,4.118230001926422,4.20542999625206,4.071658465522273,4.092914428191256,4.127085852535452,4.170868584211909,0.016176467150827767,0.032113443792095575,-0.030175481647346847,0.0016912224174066015,0.03365737890316045,-0.015201930907315808,0.1652631805826012,0.13092518678974102,54.77270067233958,1.0,-0.029994715103249803,-0.037159818406429845,0.007165103303180043,2.3198386379309044,0.0710000991821289,0.050357086317879815,4.227277088574041,3.953122853824031,0.06702709810778333,0.0,0.0,,0,0.013642349430625016,-0.002166087016301955,-0.014131750583830755,-0.09791128525972528,0.048823636840440617,0.01299018977651764,0.006048782761499846,False,False,False,False
2026-03-06,4.164999961853027,4.186999797821045,4.105000019073486,4.132999897003174,0,valid,4.092599964141845,4.0551999568939205,4.086349964141846,4.154279994964599,4.119049999713898,4.203719996213913,4.083926751818454,4.096732091887629,4.127317775847912,4.1704917813541105,-0.0031355551691173433,0.04316002231819405,-0.01828981958339615,-0.009348042898886466,0.017729630387197437,-0.030949583496984068,0.1573312953270134,0.130034402452593,59.50611527901402,1.0,-0.023132010115655355,-0.03435425674827495,0.011222246632619594,1.323851455463898,0.04699993133544922,0.051928503172738213,4.213203773937587,3.959496154346105,0.06208661074499083,0.0,0.0,,0,0.011416039563592505,-0.005122451540873316,-0.01682321831007608,-0.10073983419223156,0.04553499246445313,0.004582743324969706,0.019687822208544876,False,False,False,False
2026-03-09,4.172999858856201,4.177000045776367,4.117000102996826,4.136000156402588,0,valid,4.110200023651123,4.065899991989136,4.082849979400635,4.153619995117188,4.119900000095368,4.201994997262955,4.0943414327352805,4.100471907555721,4.12765826135986,4.1701485811058365,0.0007259277701867628,0.02173920469731727,-0.01664281913937804,-0.011944509184640295,0.02528513597838078,-0.034997579656341204,0.15743326650448355,0.12984541546490272,60.3960337609516,1.0,-0.017252297365698332,-0.030933864871759625,0.013681567506061292,1.4969411041138692,0.10700035095214844,0.0537142242704119,4.1992345698816935,3.966465388919576,0.05701144595968922,0.0,0.0,,0,0.013017910839270074,-0.004242043984599681,-0.015705597199271757,-0.10008703626524885,0.0462939753501852,0.009678190866162662,0.014378131993511907,False,False,False,False
2026-03-10,4.131999969482422,4.1539998054504395,4.104000091552734,4.136000156402588,0,valid,4.126200008392334,4.076200008392334,4.079749989509582,4.153619995117188,4.121040003299713,4.1996949970722195,4.102673177468742,4.103855550303042,4.127985394498791,4.169808795785406,0.0,0.01972384593599208,-0.014768889589592882,-0.0067242741831959885,0.027322437379295517,-0.04192720860273014,0.15740018577402035,0.12941177134122567,57.55968673004244,0.9344708190605848,-0.012449077434926181,-0.02723690738439294,0.014787829949466758,1.223695329294805,0.10300016403198242,0.05471421991075788,4.186089809400908,3.973410169618257,0.052130557100195415,0.0,0.0,,0,0.013787650478005701,-0.004242043984599681,-0.015166539644911334,-0.10008703626524885,0.0462939753501852,-0.0009671631452851056,0.012100608486685949,False,False,False,False
2026-03-11,4.177000045776367,4.22599983215332,4.164999961853027,4.208000183105469,0,valid,4.151800060272217,4.092200040817261,4.082800006866455,4.1550599956512455,4.122660005092621,4.197969998121262,4.123738578596088,4.113774086760416,4.1311232293461115,4.170188809589586,0.017408129589024268,0.03137261318454776,0.01470951279244792,0.01617976151462197,0.03238468168898612,-0.0011867167853137905,0.16371857912007945,0.13375217876283024,64.94384045159092,1.0,-0.002800409234406054,-0.022349607754395564,0.01954919851998951,4.44279936208678,0.16000032424926758,0.05821420465196882,4.200186696096736,3.965413317636173,0.05750303175901858,0.0,0.0,,0,0.030665272858933165,0.012741136712738521,0.0023892941085086137,-0.08442123477371141,0.06450799646129658,0.009912932259035551,0.01460375140813653,False,False,False,False
2026-03-12,4.22599983215332,4.2729997634887695,4.216000080108643,4.2729997634887695,0,valid,4.177200031280518,4.117799997329712,4.0878499984741214,4.158199987411499,4.12563000202179,4.196789997816086,4.153590815574624,4.128938436925021,4.136687014998765,4.171211804155747,0.015446667669898106,0.030631900107558563,0.024208972630781034,0.01883643313506811,0.04117925637572162,-0.0034982143071605742,0.17097499040531813,0.13491384654724242,68.73745196989141,1.0,0.00997615385053141,-0.01588445543341017,0.02586060928394158,5.950899369506124,0.2559995651245117,0.059714164052690775,4.227897011579897,3.947802985368346,0.06851866539038906,0.0,0.0,,0,0.04529270033972852,0.0276080458912064,0.018159061023387334,-0.07027859386164523,0.08095109771458335,0.004277482952619069,0.013487857464273318,False,False,False,False
2026-03-13,4.263000011444092,4.289999961853027,4.236000061035156,4.284999847412109,0,valid,4.207600021362305,4.150099992752075,4.09689998626709,4.161299982070923,4.128410000801086,4.196044996976853,4.179872621942121,4.143801428399982,4.142503204505171,4.172344023491632,0.0028083511789249727,0.03677714836604529,0.044103253367836714,0.0246292881991359,0.03527419922692232,-0.0076424255662469465,0.15791454987718537,0.1348384129126162,78.1938374573446,1.0,0.02082986491266592,-0.008541591364194953,0.02937145627686087,5.854743004434648,0.3229999542236328,0.058714168412344794,4.262417821068913,3.9313821514652663,0.08080150130910857,0.0,0.0,,0,0.045912729570049285,0.029726255226527963,0.02119968935017294,-0.06766760965464479,0.08398678800421035,-0.0023402182537246977,0.012667112520034598,False,False,False,False
2026-03-16,4.236000061035156,4.244999885559082,4.2179999351501465,4.21999979019165,0,valid,4.2243999481201175,4.16729998588562,4.1050999641418455,4.1624399757385255,4.130749998092651,4.1947599947452545,4.1878980555920275,4.151058415237284,4.145542286296797,4.172818210224966,-0.015169208759649111,0.020309388445991727,0.04043381363074672,0.017112465527283627,0.018585484423607745,-0.01263462225885581,0.16238829773313998,0.13755693905707814,68.15532488359152,0.8272074795752209,0.02391091756298902,-0.0020510895787581584,0.02596200714174718,5.053512118571835,0.17199993133544922,0.06214272975921631,4.278163815406571,3.9320361128771206,0.0843165100857189,0.0,0.0,,0,0.027989531814927242,0.013828383061046362,0.006016982015184083,-0.08181035431717618,0.06754356612427295,-0.011435189760052417,0.006373925878163831,False,False,False,False
2026-03-17,4.216000080108643,4.216000080108643,4.189000129699707,4.202000141143799,0,valid,4.237599945068359,4.181899976730347,4.112599968910217,4.162739982604981,4.133139998912811,4.193649996519088,4.190718472702382,4.155910008180761,4.147756319820209,4.173108577696795,-0.004265319891647246,0.015957442515818654,0.037018779287474324,0.012286224518045286,0.019902975209328044,-0.0246053724316182,0.16360958099466522,0.13787670335504715,64.86490218387884,0.7705695636121697,0.024616489173379996,0.0032824261716694727,0.021334063001710524,6.057553115231884,0.14599990844726562,0.06257127012525286,4.288944577985042,3.9362553598353927,0.08575821154886287,0.0,0.0,,0,0.021738115282160877,0.009431326170473353,0.0019911400883815987,-0.08572672687721164,0.06299015131648307,-0.0009477986449914412,0.00640416268878244,False,False,False,False
2026-03-18,4.197000026702881,4.258999824523926,4.195000171661377,4.258999824523926,0,valid,4.247799873352051,4.199799966812134,4.121599960327148,4.164619979858398,4.136199996471405,4.19286499619484,4.2043747430666905,4.1657280859277295,4.152118810200747,4.1739632169687075,0.013564893256907684,0.012119686121500939,0.044128420815631175,0.034742381669434996,0.027007473591993625,-0.010915096524083179,0.1680650942625792,0.1393291430878533,72.24262611210939,0.8975620341790065,0.029435740942061805,0.00851308912574794,0.020922651816313864,5.212449926501339,0.1789999008178711,0.06471410819462367,4.308765360361633,3.9344345602926634,0.09082172061144372,0.0,0.0,,0,0.03333653569471394,0.02266229454835799,0.015773183345780418,-0.07332470751965735,0.07740949925223539,-0.0011899367617719595,0.01524890456405984,False,False,False,False
2026-03-19,4.308000087738037,4.326000213623047,4.256999969482422,4.281000137329102,0,valid,4.249399948120117,4.213299989700317,4.131899976730347,4.166659984588623,4.139099998474121,4.191959997415543,4.219699821919173,4.176706376537384,4.157172979892056,4.175028260952393,0.005165605473495205,0.0018723085146628016,0.05055223011191101,0.03131778215468817,0.0261266078110316,0.0,0.16793129602380039,0.13868764203633377,81.21335070228545,1.0,0.034631068666175935,0.013736685033833539,0.020894383632342396,5.547334608582677,0.13500022888183594,0.0652855464390346,4.330586054805365,3.9332138986553287,0.09617177530625623,0.0,0.0,,0,0.0360851330957775,0.027441680665903256,0.021240694083067207,-0.06853786855666814,0.08297497165876844,0.011505110409246991,0.016016769437173884,False,False,False,False
2026-03-20,4.303999900817871,4.394000053405762,4.296000003814697,4.390999794006348,0,valid,4.2705999374389645,4.239099979400635,4.147149968147278,4.171719980239868,4.143039996623993,4.19161499619484,4.253959816336608,4.19711527343919,4.16634265887693,4.177177231430543,0.02569485006974892,0.02473744466018024,0.07464508832632366,0.05325009290260674,0.048722236932389196,0.031719866239111605,0.18700797275541986,0.147786282358851,82.0561064194835,1.0,0.04708172745942374,0.02040569351895158,0.02667603394047216,7.6225459832312215,0.25799989700317383,0.06585696765354701,4.375593861169764,3.918706075124791,0.11016910156472733,0.0,0.0,,0,0.05879937492783964,0.052563406653643854,0.047567536138817576,-0.044604088743582904,0.11080185118483116,0.005372521081748666,0.022769528775417006,False,False,False,False
2026-03-23,4.375999927520752,4.395999908447266,4.311999797821045,4.334000110626221,0,valid,4.293400001525879,4.258899974822998,4.1623999834060665,4.174739980697632,4.146409997940063,4.191459997892379,4.2699678751945305,4.2101519245998595,4.172917460906314,4.178737658089206,-0.012981026202262824,0.027014295284927714,0.07570124594277128,0.03957782584910241,0.04660717851259499,0.023860220581973346,0.18582471629391253,0.15049634640806472,73.80141320482652,0.8056042314351328,0.05175298991999888,0.02667515279916104,0.025077837120837842,4.5344960523495015,0.1979999542236328,0.06635696547372001,4.398236083371486,3.9265638834406467,0.11331736541687983,0.0,0.0,,0,0.04122624637330861,0.03814851479731556,0.03400727021265041,-0.057006108101137196,0.09638250324907884,-0.003416048095941682,0.019195638029594633,False,False,False,False
2026-03-24,4.375999927520752,4.426000118255615,4.360000133514404,4.392000198364258,0,valid,4.33140001296997,4.284499979019165,4.180349993705749,4.179159984588623,4.150499999523163,4.1914499986171725,4.294374339828476,4.227470807815516,4.1815089408066255,4.180859673415326,0.013382576432296567,0.04521657563979531,0.08901567237113506,0.06189555906214794,0.058823637605578405,0.03292576389831203,0.1885965971694092,0.15161936683263982,75.24277837532541,0.7502757497615078,0.059449820899039274,0.03323008641913669,0.026219734479902584,6.266641853750943,0.2560000419616699,0.07064270973205566,4.429016545900266,3.9316834415112325,0.11896925021537813,0.0,0.0,,0,0.05062978099374096,0.0509289461424113,0.04784745131475983,-0.04438642026761187,0.11105492589784226,0.009690774301448435,0.015082263673300289,False,False,False,False
2026-03-25,4.334000110626221,4.349999904632568,4.314000129699707,4.328000068664551,0,valid,4.345200061798096,4.296499967575073,4.194350004196167,4.181979990005493,4.153199999332428,4.190539997816086,4.301099485595691,4.237045023134472,4.187253690918701,4.182323756950145,-0.014571977870935227,0.016201044137948095,0.06917001471622242,0.046421640474250125,0.054067249137314866,-0.0006926304930271465,0.20021294750666652,0.1549532042839264,64.77275893993394,0.29445414070043135,0.05969718729233797,0.03852350659377694,0.02117368069856103,4.6421640474250125,0.11999988555908203,0.07135701179504395,4.443170585474904,3.9455294229174296,0.1186455975442245,0.0,0.0,,0,0.03186430897151545,0.034916493863679676,0.032802471977383,-0.058311600204637416,0.09486465810426534,-0.013205848159942815,0.008306362255182248,False,False,False,False
2026-03-26,4.377999782562256,4.421999931335449,4.354000091552734,4.415999889373779,0,valid,4.372200012207031,4.310799980163575,4.214299988746643,4.186879987716675,4.156429998874664,4.19020999789238,4.324079566351309,4.254088343728692,4.196224130073802,4.184648892596152,0.020332675442027437,0.03153462922542749,0.0993277747837793,0.072886224758969,0.08023485397502927,0.025307574901737517,0.2042743828781686,0.15955754552836007,70.47759690296937,0.5273387024184217,0.06623061176198597,0.044064927627418746,0.022165684134567223,6.769819206552685,0.14300012588500977,0.07221416064671107,4.467197375144167,3.96140260234912,0.12001869210679356,0.0,0.0,,0,0.047860831256847175,0.054723302872135934,0.05388510160468543,-0.03916455560407619,0.11712618585044562,0.011552613933560543,0.01553217066240178,False,False,False,False
2026-03-27,4.461999893188477,4.484000205993652,4.409999847412109,4.440000057220459,0,valid,4.382000064849853,4.326300001144409,4.238199996948242,4.192879991531372,4.159820001125336,4.190039998292923,4.347263664525139,4.2717942212040985,4.205783970354064,4.187189700204354,0.005434820753603464,0.011159249718252218,0.12064618296779028,0.0750605167529168,0.07793156165386428,0.023513195188319402,0.1922055645487336,0.15973046363975996,71.34833943891185,0.5628844085657494,0.0725091701147269,0.049753776124880376,0.02275539398984653,5.513304753322901,0.1550002098083496,0.07321419034685407,4.48084209555245,3.995557898344034,0.11450242970078099,0.0,0.0,,0,0.047614567603587635,0.05893802498240137,0.0596557691643453,-0.03394258719007531,0.12319756642969963,0.010416667791452413,0.016584572019938675,True,False,False,False
2026-03-30,4.374000072479248,4.380000114440918,4.323999881744385,4.3420000076293945,0,valid,4.383600044250488,4.338500022888184,4.252900004386902,4.196519994735718,4.162180001735687,4.189689997434616,4.34621093314599,4.278480486577936,4.21112577573741,4.18873010127326,-0.022072082956776984,0.00184584605421656,0.07262849778267189,0.042997813169639576,0.043248395142860385,-0.006179892576849255,0.20639199051493332,0.16607326149281282,62.716056069055526,0.0,0.06878428543665027,0.05355987798723436,0.01522440744941591,1.614796348228409,0.12200021743774414,0.0779285090310233,4.482285310383854,4.02351469838995,0.10787241917766187,0.0,0.0,,0,0.020950411049068935,0.03466682228993841,0.03635352741802832,-0.0552654865466253,0.0984062565666133,-0.0148648612366299,0.012802979370960879,False,False,False,False
2026-03-31,4.307000160217285,4.331999778747559,4.2870001792907715,4.310999870300293,0,valid,4.367399978637695,4.349399995803833,4.26564998626709,4.198119993209839,4.164399998188019,4.189459997415542,4.3391687205768505,4.2815775707419705,4.215042406896739,4.189946715890444,-0.007139598635336419,-0.01844269681365962,0.06286972953012615,0.029615495215399523,0.044584449169295715,0.01316092934270885,0.2098461258299692,0.1665158671863021,56.69699660446901,0.0,0.06260911656647306,0.05536972570308211,0.007239390863390947,0.6067683503859556,0.10899972915649414,0.07542851993015834,4.476557060817535,4.054742911716645,0.09888625425407273,0.0,0.0,,0,0.010631412370729707,0.026888196924582712,0.029010868455535535,-0.06201051178963224,0.09056407675618532,-0.008060766317505897,0.010448014344749157,False,False,False,False
2026-04-01,4.293000221252441,4.334000110626221,4.293000221252441,4.318999767303467,0,valid,4.365599918365478,4.3553999900817875,4.27759997844696,4.198599987030029,4.1660199952125545,4.1889349973201755,4.335134929922174,4.285141589462113,4.219119166128376,4.191230825854753,0.0018556940950722467,-0.0020795520374982113,0.058578394133967926,0.03697474354403707,0.046015880790022834,0.01719264188348668,0.20962736780819313,0.16609604217094126,53.230339994548515,0.0,0.0576956955138348,0.05583491966523265,0.001860775848602149,2.3459711382431303,0.059999942779541016,0.0737142562866211,4.470534507347042,4.084665449546878,0.09020690568178354,0.0,0.0,,0,0.009678274982490829,0.028676173163760997,0.031049603315997692,-0.06026989023512034,0.09258783007371978,-0.004175284061559889,0.009550404672892837,False,False,False,False
2026-04-02,4.354000091552734,4.361999988555908,4.289000034332275,4.313000202178955,0,valid,4.344999980926514,4.358599996566772,4.285949993133545,4.199799995422364,4.168219997882843,4.188239997625351,4.3307079843735306,4.287794790673241,4.222800775385262,4.192442461440068,-0.0013891098512972544,-0.023324205112113416,0.040279859483700164,0.03206516021569161,0.039778314392045155,0.037776722729068846,0.2041093013848132,0.166051245116545,51.98303105457498,0.0,0.0527100505137863,0.05520994583494338,-0.002499895321157082,2.641600602253713,0.032000064849853516,0.07507140295846122,4.4691110505953695,4.10278893567172,0.08547045941052243,0.0,0.0,,0,0.006311368328782898,0.026953713719695144,0.029788217634218923,-0.06157527858815537,0.09107010555555689,0.008103803226440031,0.01676618114116745,False,False,False,False
2026-04-06,4.360000133514404,4.366000175476074,4.316999912261963,4.335000038146973,0,valid,4.323999977111816,4.353000020980835,4.296050000190735,4.201519994735718,4.170639998912812,4.187949997186661,4.3315663951282195,4.292290528527882,4.227200746473957,4.193860944790386,0.005100819600449613,-0.023648652639707057,0.0488749446353165,0.04760754619576013,0.07010612480891498,0.033126772087526124,0.20342410952494763,0.16487368552811313,58.67273586405152,0.2224483106002048,0.04995820672471396,0.0541595980128975,-0.004201391288183538,1.7844615344998704,-0.055999755859375,0.07407140731811523,4.465460646577403,4.126639353804066,0.07886809808039816,0.0,0.0,,0,0.009066476869335477,0.03176946523603316,0.035112654415428914,-0.05678854337563136,0.09663545733543931,0.010897270839844745,0.011238592136146192,False,False,False,False
2026-04-07,4.34499979019165,4.380000114440918,4.324999809265137,4.3429999351501465,0,valid,4.324199962615967,4.353900003433227,4.306399989128113,4.203599996566773,4.172969996929169,4.187679997682571,4.333853103132605,4.297119995825241,4.231741891127925,4.195344914843718,0.001845420284377619,0.00023029192054235814,0.050048300512542276,0.03825002248532816,0.0720809203580739,0.0710234572141819,0.2033358488125874,0.16355687259442747,60.796326668312105,0.2930626650848329,0.04787104788481411,0.05290188798728083,-0.005030840102466717,1.4482549832321778,0.008999824523925781,0.07578573908124651,4.459109374111459,4.153690604144766,0.07092206268292524,0.0,0.0,,0,0.008498965752004846,0.033162036991442226,0.03708973406600503,-0.055047921821119464,0.09865921065297377,0.0023067478562127535,0.012658298695419564,False,False,False,False
2026-04-08,4.248000144958496,4.296999931335449,4.234000205993652,4.290999889373779,0,valid,4.320199966430664,4.34379997253418,4.314149975776672,4.205159997940063,4.174679996967316,4.18725999712944,4.325282460380841,4.29653712854415,4.23406573419639,4.196296705635062,-0.01197330107134098,-0.004639290542386543,0.03747575607105569,0.02877005165411961,0.06688216419109283,0.07678795541614325,0.20964971341617045,0.16545343311458438,52.46914352446332,0.016164375076038014,0.0415421186704279,0.050629934123910245,-0.009087815453482348,-2.2773834963296213,-0.10100030899047852,0.07900003024509974,4.444550618706117,4.183749332847228,0.06045253116448217,0.0,0.0,,0,-0.005366082897645527,0.02041299058199109,0.02477512557506755,-0.06636211755114457,0.08550463314902386,-0.021874232468383874,0.014830443312617259,False,False,False,False
2026-04-09,4.296999931335449,4.321000099182129,4.260000228881836,4.293000221252441,0,valid,4.315000057220459,4.340299987792969,4.318399977684021,4.206560001373291,4.176959998607636,4.187124997377396,4.318826012555161,4.2962002802306545,4.236376890551529,4.197258929671055,0.0004661691750715846,-0.006019807235891128,0.02019962795824859,0.025316558048691595,0.061048002275053026,0.033212997467082506,0.2015213808328808,0.16530957477234703,50.95542175078397,0.0,0.036269712072036775,0.047757889713535555,-0.01148817764149878,-0.9460057297473234,-0.034999847412109375,0.07842857497079032,4.439438327214464,4.197361628153578,0.056057035085182956,0.0,0.0,,0,-0.005881751704991852,0.02054890928714447,0.0252858999770393,-0.0659268843496677,0.08601066194839543,0.0013982852753104025,0.014195920706318243,False,False,False,False
2026-04-10,4.284999847412109,4.322999954223633,4.2769999504089355,4.316999912261963,0,valid,4.31579999923706,4.330399990081787,4.320599985122681,4.207880001068116,4.179009997844696,4.187244995832443,4.318460792496522,4.2981811975669695,4.239538577677429,4.198450382234149,0.005590423892994689,0.0009273614411118292,0.01029725045836849,0.0350035742780479,0.0857645461864931,0.012904699027596722,0.1951356277751201,0.1653912947276525,43.17343433143742,0.0,0.03364008439517274,0.044934328649863,-0.011294244254690257,-1.707656710266725,-0.0989999771118164,0.07364286695207868,4.439748560970002,4.20145140927536,0.055153717658469055,0.0,0.0,,0,-0.0008332344750993487,0.025932277338267383,0.03098813576914291,-0.06070501968613202,0.09208192190099881,-0.0018635857041717084,0.010735123792939828,False,False,False,False
2026-04-13,4.348999977111816,4.35099983215332,4.296999931335449,4.296999931335449,0,valid,4.3081999778747555,4.316099977493286,4.321199989318847,4.2092799949646,4.180499999523163,4.187264994382859,4.314168620264307,4.298068696021111,4.24179196409539,4.19943097476252,-0.004632842560340578,-0.008765883847089206,0.0028004864295589904,0.03792272220122772,0.07237333767449128,-0.023409127681707775,0.1957971911310445,0.16490745485962266,46.33661328289872,0.09863559875538393,0.02960103193175101,0.0418676693062406,-0.012266637374489589,-0.7162693354269556,-0.14300012588500977,0.07149999482291085,4.439712891111418,4.202687087526277,0.05485184767449358,0.0,0.0,,0,-0.005600309646213053,0.0208396534504203,0.026206828824972408,-0.06505662544764435,0.08702247829383736,0.007412570187680768,0.012416624764788475,False,False,False,False
2026-04-14,4.296999931335449,4.304999828338623,4.251999855041504,4.25600004196167,0,valid,4.290799999237061,4.307499980926513,4.3230000019073485,4.209579992294311,4.181730000972748,4.187279995679855,4.30253490460378,4.294062157539259,4.242349143619558,4.199993851053059,-0.009541515017208124,-0.020032211486889828,0.008530865772480078,0.023076970690102616,0.06773707395689188,-0.031406465581885645,0.19089122666029762,0.1659868230648151,36.06554173355911,0.0,0.022828551995472957,0.03805984584408707,-0.015231293848614116,-3.6231850412206112,-0.08599996566772461,0.06871427808489118,4.43600672216329,4.209993281651407,0.05228161934123612,0.0,0.0,,0,-0.015498487142289501,0.011027240188410972,0.016411619560362644,-0.07397740169617485,0.07665063699315396,0.0,0.012334180624631165,False,False,False,False
2026-04-15,4.271999835968018,4.293000221252441,4.263999938964844,4.2820000648498535,0,valid,4.289000034332275,4.30460000038147,4.326999998092651,4.20971999168396,4.183320000171661,4.187274996042252,4.298427936652995,4.2929133868069345,4.24390408170702,4.2008098332798935,0.0061090278740221216,-0.002097372350489457,0.019038534273889463,0.012053916071700366,0.08049457505994906,-0.046961932836536824,0.19101310336127705,0.16278492726694196,44.888880882722255,0.25007481614261445,0.019336399432540397,0.034315156561777735,-0.014978757129237338,-3.5585583408644594,-0.028999805450439453,0.06578571455819267,4.4268735956295195,4.2271264005557825,0.0461629755400476,0.0,0.0,,0,-0.010399799690925247,0.01716980542855076,0.022622127492733214,-0.0683203038311623,0.08322792574512891,0.003759350058411431,0.0067884558523224545,False,False,False,False
2026-04-16,4.276000022888184,4.316999912261963,4.265999794006348,4.309000015258789,0,valid,4.292199993133545,4.303600025177002,4.329500007629394,4.210419988632202,4.185080001354217,4.187669996023178,4.300542352374154,4.294445446659492,4.246456863414933,4.201886352503565,0.006305453059324506,0.0037269492619964595,0.011739890301698308,0.0032595899222715996,0.09005816858346427,-0.012603077522863604,0.1863673004201516,0.16032734465539758,36.24678379633999,0.0051368393259071336,0.018533866836852653,0.03115889861679272,-0.012625031779940066,-0.7600182476421136,-0.009999752044677734,0.0627143042428153,4.4245954924704725,4.234404522788316,0.043929084039035435,0.0,0.0,,0,-0.004734956076794189,0.023413347574053296,0.0289731567556259,-0.06244564124064391,0.09005816858346435,-0.0014012241641290846,0.011927062203607681,False,False,False,False
2026-04-17,4.296999931335449,4.296999931335449,4.22599983215332,4.245999813079834,0,valid,4.277999973297119,4.29689998626709,4.3277499914169315,4.20983998298645,4.186480000019073,4.187644995450974,4.28963384451529,4.289831576794763,4.246438939872379,4.202325292409797,-0.014620608483606912,-0.016446629748696706,-0.008175735371759196,-0.001645889922478383,0.06389373090553008,-0.017811737672716932,0.19311936314956005,0.16190145992064503,27.336393413400486,0.0,0.012668232671119384,0.027460765427658053,-0.014792532756538669,-1.5077721915109032,-0.0670003890991211,0.06335714885166713,4.427764477012296,4.227735505821567,0.04622008470624214,0.0,0.0,,0,-0.01888976454259827,0.008589359747524694,0.013934996326634863,-0.07615325645216361,0.07412085487624791,-0.0027848883455200324,0.016523179035765785,False,False,False,False
2026-04-20,4.26200008392334,4.27400016784668,4.24399995803833,4.25,0,valid,4.268599987030029,4.288399982452392,4.320700001716614,4.210639982223511,4.188349997997284,4.187429994344711,4.281707075612232,4.286038093290499,4.246578589289149,4.2027996676097,0.0009421071823516591,-0.010937847820919666,-0.03211109100911602,0.00023533243202988885,0.06329747868623192,-0.006777239254252998,0.1670942627512101,0.16189954892676772,36.227528667367174,0.26572483531961466,0.008247386253751543,0.023618089592876753,-0.01537070333912521,-1.5975867335261795,-0.08500003814697266,0.05721429416111538,4.421814047650733,4.219585955782495,0.04680447422591064,0.0,0.0,,0,-0.016363089705030396,0.009347751872081018,0.014942340705347182,-0.07528289379967508,0.07513279184834046,0.003768316426726376,0.00703899793937433,False,False,False,False
2026-04-21,4.271999835968018,4.309000015258789,4.26200008392334,4.291999816894531,0,valid,4.275799942016602,4.283299970626831,4.318599987030029,4.212359981536865,4.190889995098114,4.187149993181229,4.2837656238686925,4.286605876490883,4.248359813901125,4.203687231284175,0.009882309857536686,0.008458593650828128,-0.009690884323863336,0.012502942970656239,0.07380531384134681,-0.009462350445033296,0.16610573329225498,0.16305987561765503,47.24636359112998,0.59503914804752,0.008040185579265113,0.020502508790154424,-0.01246232321088931,-0.4869089798283377,-0.051000118255615234,0.05750002179827009,4.420293898593039,4.216906075467019,0.04709577727431363,0.0,0.0,,0,-0.006159442924879744,0.01890622731835222,0.02504085687975127,-0.06614455282563873,0.08575758723538433,0.005176431992474724,0.011001857008451693,False,False,False,False
2026-04-22,4.265999794006348,4.303999900817871,4.263999938964844,4.294000148773193,0,valid,4.278199958801269,4.283599996566773,4.313699984550476,4.214279985427856,4.193809998035431,4.186644994020462,4.285812528849593,4.287310092898722,4.250149630954932,4.204585867279091,0.00046606056943154783,0.002802448328258267,-0.022313307186908382,0.01922628329244236,0.07808187436388536,-0.025198650567143877,0.15798443271194215,0.16251483069724101,46.31273789128104,0.5671363518065295,0.007945793456193506,0.01799116572336224,-0.010045372267168735,-0.9457875204841981,0.0030002593994140625,0.057428598403930664,4.409792271184395,4.2176076979165575,0.04455214177067185,0.0,0.0,,0,-0.004566807114040862,0.018916674644540412,0.025642287537171325,-0.06570931962416186,0.08626361603475592,-0.006057787511043247,0.009376456583337524,False,False,False,False
2026-04-23,4.306000232696533,4.35099983215332,4.285999774932861,4.322999954223633,0,valid,4.280999946594238,4.286599969863891,4.31344997882843,4.217799987792969,4.197059998512268,4.186184993982315,4.293250013924402,4.290709127310619,4.253006506377234,4.205764116900429,0.0067535641466442975,0.0032489995161912866,-0.0011552944458387282,0.023679825588032388,0.06530307066437468,-0.015037590717482896,0.15184639182202836,0.16299278509996534,51.38118126530456,0.7186143399845102,0.010094663954606453,0.016411865369611086,-0.006317201415004633,-0.46051073509449925,0.029999732971191406,0.05685717718941825,4.4094115422281615,4.217488415428699,0.04449411207768092,0.0,0.0,,0,0.002213999337439052,0.02494190495877728,0.032682492636610834,-0.0593995275826318,0.09359976704581231,0.002794616559752169,0.015095228450499688,False,False,False,False
2026-04-24,4.311999797821045,4.353000164031982,4.300000190734863,4.309999942779541,0,valid,4.293799972534179,4.285899972915649,4.308149981498718,4.220559988021851,4.199989995956421,4.186024993658066,4.296599999695429,4.292546347831468,4.255241543098894,4.206801289297237,-0.0030071736252021974,0.015073041101545614,-0.024003611696029714,0.013879091099678886,0.053017349393491786,-0.017551889598993786,0.13162059449156974,0.16262618515058092,46.45891165008544,0.5715049725593203,0.010626175096517088,0.015254727314992287,-0.004628552218475199,0.4427884850990882,-0.006999969482421875,0.05685717718941825,4.391088858168042,4.225211104829394,0.038503244792081934,0.0,0.0,,0,0.0004294096744002788,0.02119148999458013,0.029616390085893042,-0.06222807651513807,0.09031112266982483,-0.0025445654682093115,0.01229127453203993,False,False,False,False
2026-04-27,4.311999797821045,4.349999904632568,4.309999942779541,4.335999965667725,0,valid,4.310999965667724,4.289799976348877,4.302949976921082,4.22519998550415,4.202389993667603,4.185974992513657,4.304479992889888,4.296684787625397,4.258408540062378,4.208086848266098,0.006032487989179991,0.02023528603946456,-0.023423443741539263,0.02578654437134764,0.057303131707521215,0.007200961339193679,0.13203549437426318,0.16256937276603903,49.05660862367681,0.8642195985036912,0.012995581092267727,0.014802898070447375,-0.0018073169781796482,1.0016245562349146,0.03900003433227539,0.055785724094935825,4.360119991509689,4.245779962332475,0.026572474648898507,0.0,0.0,,0,0.007680774567193869,0.026223606111830885,0.035839911471611176,-0.056570978650125524,0.0968884114217998,0.0004640034960683061,0.0092764294361146,False,False,False,False
2026-04-28,4.370999813079834,4.377999782562256,4.35099983215332,4.354000091552734,0,valid,4.323400020599365,4.299599981307983,4.303549981117248,4.231159982681274,4.205069994926452,4.185629993677139,4.314384012622458,4.302143387999429,4.262157228356118,4.209538721333628,0.004151320578305917,0.014445544572055269,0.0027637226859176245,0.02664463838744724,0.06039945157919502,0.02062829390428611,0.10744899730516402,0.16264099439925,59.347200742563395,1.0,0.016139762998942153,0.01507027105614633,0.0010694919427958229,0.8570808441685784,0.09800004959106445,0.05100001607622419,4.362664427482652,4.244435534751845,0.027472410742192272,0.0,0.0,,0,0.011722905660872283,0.029032253418509815,0.04022574812631238,-0.05265450233962487,0.10144194685624029,0.008071920592536157,0.006177065102620357,False,False,False,False
2026-04-29,4.361999988555908,4.432000160217285,4.361999988555908,4.418000221252441,0,valid,4.348200035095215,4.313199996948242,4.308899998664856,4.238479986190796,4.208679995536804,4.18558499455452,4.335107254348455,4.313177372118764,4.268268718273621,4.211612965113915,0.014699156718869677,0.028877519371925287,0.02482030948070868,0.03345032109823132,0.08045976475335137,0.047912746040221554,0.11543849383399239,0.1645274680400216,65.66415381158845,1.0,0.023524647910426744,0.016761146427002414,0.00676350148342433,2.8159248743433674,0.1360001564025879,0.052214315959385464,4.387130242198909,4.230669755130803,0.03631100445974293,0.0,0.0,,0,0.025319738824616713,0.04235486203698797,0.05552753724994128,-0.038729322402599325,0.11763221464981721,0.0018373672106012486,0.01604772394429816,False,False,False,False
2026-04-30,4.392000198364258,4.409999847412109,4.381999969482422,4.389999866485596,0,valid,4.361600017547607,4.321299982070923,4.312450003623963,4.244699983596802,4.211499996185303,4.18508999466896,4.346085776775883,4.3204938001537005,4.273042488791738,4.213387959157415,-0.006337789353688117,0.015498476283004159,0.01643901435689532,0.027140780085031846,0.05604998749119772,0.05200096213012406,0.11849331576774963,0.16513424007258923,59.05704759132655,0.8276156459020688,0.02680879271254888,0.018770675684111705,0.008038117028437174,3.1484920865311627,0.08099985122680664,0.05150004795619419,4.398648055617985,4.22625195162994,0.03997637163171117,0.0,0.0,,0,0.017982785376401855,0.034230895811315255,0.048961879452449834,-0.04482165346908874,0.11054889709847067,-0.005885020730219192,0.0063751996049808204,False,False,False,False
2026-05-01,4.368000030517578,4.4039998054504395,4.3420000076293945,4.377999782562256,0,valid,4.375199985504151,4.334499979019165,4.315699982643127,4.2507599830627445,4.213889994621277,4.1847049939632415,4.352468577933157,4.3259705603830865,4.277158461096464,4.215025887748508,-0.002733504393690689,0.01577722521705227,0.015070618441070938,0.024093493543178912,0.06963104127233621,0.048120597218841876,0.11892437967744987,0.1652665557805271,60.25312146522658,0.85882210987163,0.02811905567516959,0.020640351682323282,0.007478703992846308,2.24193639090402,0.13199996948242188,0.05207146917070661,4.406750250221379,4.224649715064875,0.04219490138074372,0.0,0.0,,0,0.014435618826537015,0.029933423671649636,0.04619078020502209,-0.04743263767608918,0.10751320680884367,-0.005011352309135603,0.014194092808579575,False,False,False,False
2026-05-04,4.400000095367432,4.464000225067139,4.389999866485596,4.446000099182129,0,valid,4.397200012207032,4.354099988937378,4.321249985694886,4.257959985733033,4.216629996299743,4.1846199953556065,4.3711748821829515,4.3374019450306145,4.283779701805706,4.217324138608545,0.015532279579071995,0.025369034682975355,0.025605550186478032,0.05605702111561772,0.08624484965183199,0.050815446774220785,0.12927143821473006,0.16483508723490886,72.51178247256217,1.0,0.034249696579376376,0.023362220661733903,0.010887475917642473,3.1793939066651955,0.1960000991821289,0.05442864554268973,4.429214693255881,4.21328527813389,0.049969202392087055,0.0,0.0,,0,0.028868987885500137,0.044162019859076744,0.062462088341742134,-0.03263709508657509,0.12471541157451313,0.005025197327054215,0.016818262949461007,False,False,False,False
2026-05-05,4.426000118255615,4.429999828338623,4.406000137329102,4.415999889373779,0,valid,4.40959997177124,4.366499996185302,4.324899983406067,4.265699987411499,4.218929996490479,4.184539994001389,4.380139883621117,4.344887463539488,4.288964807200532,4.219301011750488,-0.0067476853664192316,0.014239732778447145,0.016808647320670334,0.04992868415953944,0.07445249292430534,0.02174915828091928,0.13234943728878956,0.16554906021871255,65.72762175533641,0.8498261806148205,0.036269416202469706,0.025943659769881063,0.010325756432588644,4.0037702255722785,0.12400007247924805,0.05464291572570801,4.44061818026832,4.209181786543814,0.05351254239693158,0.0,0.0,,0,0.021064049184315856,0.035234522447858546,0.05531310387860848,-0.03916455560407619,0.11712618585044562,-0.004498421160672669,0.005422433431606029,False,False,False,False
2026-05-06,4.366000175476074,4.372000217437744,4.3480000495910645,4.355999946594238,0,valid,4.397199916839599,4.372699975967407,4.32814998626709,4.272159986495971,4.220849995613098,4.184459992647171,4.375311896215742,4.345945795258988,4.291593636196364,4.2206612001568935,-0.013586943904577264,-0.014033560786157473,0.015147997878402375,0.03763696857872545,0.05728156980352228,0.002993325267835356,0.13453174170509086,0.16809586475263277,55.11980103802633,0.6150120276383385,0.03265217071447335,0.02728536195879952,0.00536680875567383,2.494116390452672,0.06199979782104492,0.055857181549072266,4.443509900053618,4.212790072480562,0.05330680043554717,0.0,0.0,,0,0.006434610726410635,0.019624723878150566,0.04099452599582574,-0.05221937288861319,0.10194785502896125,-0.011322399264098577,0.005497060669280133,False,False,False,False
2026-05-07,4.334000110626221,4.395999908447266,4.314000129699707,4.392000198364258,0,valid,4.397599983215332,4.37960000038147,4.333099985122681,4.2790399932861325,4.223359999656677,4.184739993810654,4.378649556645445,4.350331928888061,4.295531148438242,4.222366065810698,0.008264520709686085,0.00045565647824563627,0.023060790125683628,0.059078941906697935,0.08044283801742247,0.019498632524477477,0.1371089532999892,0.166646015920729,66.8981305182384,0.8452868292548423,0.03231785691818789,0.028291860950677195,0.0040259959675106975,2.3299251103436003,0.069000244140625,0.055785724094935825,4.450585809528796,4.215614160716566,0.05422714675843737,0.0,0.0,,0,0.013593088884125802,0.026398492478537545,0.04952761816986184,-0.04438642026761187,0.11105492589784226,-0.005050467455863554,0.018920114594946427,False,False,False,False
2026-05-08,4.372000217437744,4.388000011444092,4.3460001945495605,4.363999843597412,0,valid,4.394799995422363,4.384999990463257,4.335449981689453,4.285979986190796,4.225060000419616,4.18461999297142,4.375719614035838,4.351633635050857,4.298216195307228,4.223775357131959,-0.006375308174456418,-0.003197793435396279,0.010887174494016438,0.0460210727281829,0.0612840116106137,0.020818654092294553,0.1385704133244109,0.1669894142882444,62.4999346442819,0.6178544680429452,0.02945398895487461,0.028524286551516682,0.0009297024033579279,1.6301744853040478,0.053999900817871094,0.05692856652396066,4.453458905685803,4.217441057693103,0.05443906606915303,0.0,0.0,,0,0.0065852130755833915,0.01820350483623165,0.04286646121446682,-0.0504787513341013,0.10397160834649571,-0.004553729513482809,0.009606545015028767,False,False,False,False
2026-05-11,4.392000198364258,4.409999847412109,4.377999782562256,4.409999847412109,0,valid,4.387599945068359,4.3923999786376955,4.341099977493286,4.294939985275269,4.227339997291565,4.184629992246628,4.382575660711092,4.357192321942405,4.302599867938792,4.225628337134746,0.010540789519547289,-0.008097222439703011,0.0262973976919616,0.07456134235698841,0.06316299393975333,0.008460942425595253,0.14144082684986628,0.16428514458595722,62.82603602800474,0.6303015396417252,0.030544075738581533,0.028928244388929655,0.0016158313496518785,2.0124888760055804,0.07399988174438477,0.0559999942779541,4.46213918926374,4.220060765722832,0.05576430508303877,0.0,0.0,,0,0.015871523410204574,0.02678963210925199,0.053856578857163315,-0.04047004770757641,0.11560834070563213,0.006416213512914322,0.007285988935467606,False,False,False,False
2026-05-12,4.436999797821045,4.4670000076293945,4.422999858856201,4.4629998207092285,0,valid,4.396999931335449,4.403299951553345,4.351449966430664,4.303239984512329,4.2304799938201905,4.185014990568161,4.39866049271072,4.367269226586864,4.308890062165084,4.227990242443945,0.012018134950326775,0.010643100659613935,0.04863716557957276,0.10034506032119017,0.07984513233240986,0.020114244733537845,0.14014687375606358,0.16348892852061503,66.53612006927648,0.7706332463702894,0.03527796979808162,0.03019818947076005,0.005079780327321572,3.5498812055903883,0.10899972915649414,0.05721429416111538,4.477160543435789,4.225739389425539,0.05777870731591614,0.0,0.0,,0,0.025635099826291863,0.03712547679699172,0.06642385529503886,-0.028938287252045468,0.12901587229594252,0.006122437946291482,0.009916644304288966,False,False,False,False
2026-05-13,4.465000152587891,4.5,4.460999965667725,4.480999946594238,0,valid,4.421999931335449,4.409599924087525,4.3613999605178835,4.311739978790283,4.233779993057251,4.1853199899196625,4.415128383487423,4.378100723730424,4.3156394693976,4.230507751937978,0.0040331899189163245,0.02869605177514556,0.046473582141657976,0.10587361697220166,0.0868299270067927,0.005384825900400569,0.13961375022959382,0.16346723537946392,65.79993896507658,0.7423760493336861,0.040020740487398676,0.032162699674087775,0.007858040813310901,3.3440955275511497,0.06299972534179688,0.05535714966910226,4.495206434632475,4.227593486403292,0.061359414557661154,0.0,0.0,,0,0.02742238436260113,0.03925560646897906,0.07064691765186905,-0.02502181094154481,0.13356940773038303,0.000448203441411797,0.008734609854306763,False,False,False,False
2026-05-14,4.439000129699707,4.460999965667725,4.435999870300293,4.460999965667725,0,valid,4.435799884796142,4.416699934005737,4.36899995803833,4.319359979629517,4.237229990959167,4.185974990129471,4.424302699923484,4.385995889629214,4.321339881016037,4.232801206800961,-0.0044632852409906,0.015710328822199138,0.0352749941681787,0.09365039711685941,0.0793612574010425,-0.008446345009855194,0.14075518812336146,0.16362355873748113,64.8914658691195,0.6751114848886611,0.0416850695804758,0.03406717365536538,0.007617895925110418,2.457507392399516,0.0710000991821289,0.054785728454589844,4.507460689285116,4.230539226791544,0.06338326050657805,0.0,0.0,,0,0.021057452165941952,0.03279189201784402,0.06570153337914411,-0.029373416703057143,0.12850996412322158,-0.00937286708214603,0.005631920395803833,False,False,False,False
2026-05-15,4.547999858856201,4.598999977111816,4.546000003814697,4.59499979019165,0,valid,4.48199987411499,4.438399934768677,4.386449956893921,4.328339977264404,4.241669988632202,4.187069989442826,4.458442117977117,4.405901023016113,4.332071642160179,4.236405172804848,0.030038068943107232,0.052933078568540015,0.08219500529338686,0.12760736325538313,0.11909397222545448,0.014796800810117805,0.15975618220238352,0.1736215443802568,71.05683883413245,0.9163439977264123,0.053203432284020025,0.03789442538109631,0.015309006902923715,4.006327751813288,0.21700000762939453,0.061785731996808736,4.546002532775707,4.226897381012136,0.07274792939608317,0.0,0.0,,0,0.047544104081243155,0.06160787145370692,0.09742607641557673,-0.00021766847597102913,0.1624082242285383,0.01950232993903518,0.01165346854484036,False,False,False,False
2026-05-18,4.598999977111816,4.626999855041504,4.564000129699707,4.623000144958496,0,valid,4.524599933624268,4.456099939346314,4.405099964141845,4.3381399822235105,4.246209988594055,4.188384989500046,4.491353723373393,4.426577129867768,4.343480603054231,4.24025188894568,0.006093657463622559,0.04829938886990681,0.08776473999023438,0.13142442090133888,0.13782916931168687,0.03771048802009491,0.15949249951839176,0.17381398877809565,71.5199385988202,0.9429711975328796,0.06385513014102973,0.043086566333083,0.020768563807946727,5.3075235890480466,0.1770000457763672,0.0632857254573277,4.583574088207647,4.226625840076044,0.08103068058323624,0.0,0.0,,0,0.04946543383586977,0.0656641242334879,0.10376676369244872,0.0,0.16949154177988482,0.0008705521442470347,0.013698570483873075,False,False,True,False
2026-05-19,4.617000102996826,4.686999797821045,4.61299991607666,4.666999816894531,0,valid,4.565399932861328,4.481199932098389,4.423849964141846,4.3487599754333495,4.251189985275269,4.19061998963356,4.526482942077621,4.449474528632222,4.356167631047969,4.244498136984973,0.009517557983210967,0.045709165220823245,0.0873718583406955,0.15835195886110598,0.1557701073414972,0.050889401695525915,0.15932721367459027,0.1711813122404206,70.57842967259887,0.8888365418718664,0.07498272901374392,0.049465798869215184,0.025516930144528736,6.601188869021279,0.25099992752075195,0.06299999782017299,4.629081772043634,4.218618156240058,0.092784253338302,0.0,0.0,,0,0.0549634039860238,0.07317944500477278,0.11367764875827537,0.0,0.18062224533964966,-0.0012978675694425678,0.0160276976594288,False,False,True,False
2026-05-20,4.64300012588501,4.658999919891357,4.565999984741211,4.572000026702881,0,valid,4.583599948883057,4.502799940109253,4.43774995803833,4.357479972839355,4.2555499839782716,4.192479990720749,4.535586359002673,4.461143623686571,4.364631646563848,4.247756862255798,-0.02035564472227991,0.02030798509109699,0.06474146909592271,0.13364741764243093,0.14242883366008163,0.02167600539385428,0.18147920709954318,0.177465195393152,63.541660753515245,0.484238081048393,0.07526809838290394,0.054626258771952936,0.020641839610951,2.8340064037319923,0.21600008010864258,0.06764282499040876,4.643608223540356,4.231891692536303,0.09277596414784244,0.0,0.0,,0,0.030251832557933313,0.04923030173417943,0.09052399458605101,-0.02035564472227989,0.15658991836229538,-0.005142423816397559,0.020030138408066403,False,False,False,False
2026-05-21,4.609000205993652,4.635000228881836,4.553999900817871,4.585999965667725,0,valid,4.6085999488830565,4.522199916839599,4.450899958610535,4.365039968490601,4.260049982070923,4.194429990053177,4.545669080335684,4.473034703875252,4.373312757116942,4.251122465274822,0.0030621038676896806,0.028020623394308775,0.06083738473953426,0.132905169360243,0.14707355499582642,0.023432274118479146,0.18099382104692205,0.17744554945112362,65.43026370339346,0.5928285229705512,0.07575072651396653,0.05885115232035566,0.016899574193610864,3.8496395052684873,0.1939997673034668,0.0690000057220459,4.659476978132062,4.242322939089007,0.0937235262356426,0.0,0.0,,0,0.0303534135373748,0.050620383495258124,0.09335475298029318,-0.01735587195302372,0.16013151682464336,0.00809277757538736,0.017574381523921417,False,False,False,False
2026-05-22,4.541999816894531,4.585999965667725,4.5279998779296875,4.558000087738037,0,valid,4.601200008392334,4.541599941253662,4.463299965858459,4.370739974975586,4.2644699811935425,4.196119991540908,4.548135281816155,4.481126645195517,4.380555397533456,4.254175973956048,-0.006105512023398041,-0.00805216629880845,0.0575406376452432,0.1346775859244611,0.1346775859244611,-0.008268082072013017,0.18268820142016104,0.1771074859750676,58.83280246992505,0.2264006273200421,0.07303198932865307,0.061687319722015146,0.011344669606637922,4.637285207079356,0.194000244140625,0.06699998038155693,4.666012202498572,4.260587729218346,0.090835139108166,0.0,0.0,,0,0.021217512290004382,0.042844029577279334,0.08624159864986089,-0.023355417491536065,0.15304831989994744,-0.009594450305842274,0.01276972480762738,False,False,False,False
2026-05-26,4.488999843597412,4.51200008392334,4.479000091552734,4.493000030517578,0,valid,4.575199985504151,4.549899959564209,4.471149969100952,4.374899978637695,4.268099980354309,4.197364991903305,4.53710823155644,4.482257443797619,4.384964990983814,4.2565523327278045,-0.01426065291120171,-0.028120292097045807,0.03620850232771544,0.13402325887035094,0.0969237834744967,-0.013178111823288985,0.19198472778465422,0.17732874195709572,55.7548672660986,0.03872322568747572,0.06488446144988202,0.062326748067588526,0.0025577133822934986,2.299631775766686,0.08300018310546875,0.06978569711957659,4.665074829466115,4.277225108735789,0.0867449589950377,0.0,0.0,,0,0.004886899694178612,0.026994914730978148,0.07043348367000532,-0.03728300690029475,0.13660509802001003,-0.015138271788596478,0.007351301742118085,False,False,False,False
2026-05-27,4.4710001945495605,4.488999843597412,4.448999881744385,4.480999946594238,0,valid,4.538000011444092,4.55169997215271,4.477499961853027,4.3801199817657475,4.271279978752136,4.198344992399216,4.525886574564,4.482137682159202,4.388731067674419,4.258785642318515,-0.0026708399380886982,-0.039854269894541994,0.029168546709013254,0.10696642856612781,0.09667155757353596,-0.006209775786062188,0.19242650562650426,0.17283213866911784,60.0644075397057,0.2733600237293135,0.056804374947559744,0.061222273443582775,-0.004417898496023032,2.6810290373516343,0.018000125885009766,0.06807143347603935,4.663425257863834,4.29157466584222,0.08304870914342179,0.0,0.0,,0,0.000781682807600172,0.02303132454098285,0.0673253281249511,-0.03985426989454205,0.13356940773038303,-0.004896469133894769,0.008946535475840484,False,False,False,False
2026-05-28,4.507999897003174,4.510000228881836,4.436999797821045,4.454999923706055,0,valid,4.514599990844727,4.549099969863891,4.479349946975708,4.385179977416993,4.273959980010987,4.199254993200302,4.511709244392411,4.4795531337350925,4.391329846342326,4.260738023227844,-0.005802281454599156,-0.02559057355937977,0.008374762471859754,0.09837269924027003,0.09810198367540934,0.004736109241091135,0.1874838660157496,0.17352307336761275,55.155459823937065,0.0,0.04775240364044375,0.058528299482954974,-0.010775895842511221,1.0204099285933577,-0.026000022888183594,0.06742862292698451,4.663510408041794,4.295189485909622,0.0822264226935091,0.0,0.0,,0,-0.005436061829929856,0.015921797200713343,0.06090245315415965,-0.04542530565804552,0.12699211897840806,0.006025429754681592,0.01619352988657347,False,False,False,False
2026-05-29,4.440999984741211,4.456999778747559,4.426000118255615,4.453000068664551,0,valid,4.488000011444091,4.548299980163574,4.482499957084656,4.389059982299805,4.276839981079101,4.200054992437362,4.499967409246839,4.477024270395041,4.393748286433394,4.262651078406319,-0.0004489012515718205,-0.029001286087844247,0.014350843757403142,0.09142160586603221,0.08398254228041457,-0.005360769841143087,0.1858000802502641,0.17334066512626475,57.60686254771432,0.14980023241190965,0.03995668379662387,0.054813976345688756,-0.014857292549064885,-0.22405898378657918,-0.007999897003173828,0.06635716983250209,4.662329722301384,4.302670191867928,0.08023637119393809,0.0,0.0,,0,-0.006581124083109021,0.014568059361823175,0.06022422960714623,-0.04585381543305439,0.12648621080568712,-0.0031425228293152,0.006980333393031928,False,False,False,False
2026-06-01,4.456999778747559,4.515999794006348,4.445000171661377,4.474999904632568,0,valid,4.471399974822998,4.536299991607666,4.487349963188171,4.392939977645874,4.2797999811172485,4.201239992380142,4.494973908323985,4.476831473655758,4.396934624401989,4.264764002050361,0.00494045264513443,-0.01820978093632697,0.02215626470715404,0.07935359465758363,0.08117902165317692,0.01152805622022468,0.18587354625998972,0.17079295467800665,55.793237744804294,0.03897331101349324,0.03514855193014821,0.050880891462580645,-0.015732339532432436,-0.13389962136085565,-0.11999988555908203,0.06814285687037877,4.660417974950223,4.3142819514261195,0.07713595470904179,0.0,0.0,,0,-0.0027521942030187025,0.018679956340006628,0.06516169339265299,-0.0411399013916657,0.13205156258556952,0.0008982057088104471,0.015929913814113312,False,False,False,False
2026-06-02,4.429999828338623,4.4629998207092285,4.427999973297119,4.454999923706055,0,valid,4.463799953460693,4.519499969482422,4.487799954414368,4.3942199802398685,4.282969980239868,4.2020499908924105,4.486979111400399,4.474752278422453,4.399211694962933,4.2666568967932035,-0.0044692695760304435,-0.00845762442764686,0.0020242519845155016,0.07790951723380446,0.06783317282558476,0.008831529734889987,0.17878736421147817,0.1709636923381866,49.24243313660768,0.0,0.02938550367674786,0.04658181390541409,-0.01719631022866623,-0.13449993292640183,-0.1680002212524414,0.06742855480739049,4.6604616030141255,4.31513830581461,0.07694712346967301,0.0,0.0,,0,-0.007308710513277186,0.013831793524107638,0.06019679284203945,-0.04542530565804552,0.12699211897840806,-0.01005588318501655,0.007900643062831747,False,False,False,False
2026-06-03,4.485000133514404,4.502999782562256,4.474999904632568,4.491000175476074,0,valid,4.465799999237061,4.501900005340576,4.491549968719482,4.397359981536865,4.286049981117248,4.202864991426468,4.487783324215535,4.476299697189464,4.40281124321835,4.268889168222884,0.00808086473323022,0.0022316958270522935,0.016983760865295405,0.08583172283587581,0.07286199584948894,0.006499391076155936,0.17893555349569523,0.17152028640582673,50.91577266899788,0.07511341587273082,0.02740723235244058,0.04274689759481939,-0.015339665242378807,-2.2633214246836397,-0.17599964141845703,0.06807139941624232,4.660871185216333,4.322228752222632,0.07539545042404296,0.0,0.0,,0,-0.00012240612867209097,0.021294639131746118,0.06855684982443656,-0.03771151667530361,0.13609918984728908,0.006734053944358508,0.006243004926679245,False,False,False,False
2026-06-04,4.456999778747559,4.479000091552734,4.448999881744385,4.4770002365112305,0,valid,4.470200061798096,4.492400026321411,4.497599983215332,4.399059982299804,4.289109983444214,4.203544992208481,4.485626706674674,4.476366415220109,4.405720615504346,4.270959925121276,-0.0031173320903643553,0.004938341903915067,0.02777784467412525,0.08244682476154397,0.0751681555231174,0.0038117036365141743,0.17139145778841278,0.1717501689341448,51.48150797245999,0.10050832844145244,0.02442816729657249,0.03908315153517001,-0.01465498423859752,-3.158120351920868,-0.09499979019165039,0.06785712923322405,4.654736722791544,4.340463243639121,0.06987581828647835,0.0,0.0,,0,-0.004580164261156717,0.01771747930808602,0.0650534833835763,-0.04071128944455978,0.1325575913849411,-0.007570784992211979,0.006731032375500775,False,False,False,False
2026-06-05,4.4670000076293945,4.553999900817871,4.465000152587891,4.535999774932861,0,valid,4.486800003051758,4.487400007247925,4.504799962043762,4.403219976425171,4.292599983215332,4.204714990854264,4.495701320326312,4.4820457828118,4.410829602148602,4.273597137557212,0.01317836392780869,0.018639053444524656,0.03278678735539087,0.0779466676698981,0.0953875876782786,0.03917526066006949,0.17484462367910755,0.17027648971866677,43.655901408364045,0.0,0.02652227418049158,0.036570976064234324,-0.010048701883742746,-2.8069433705021796,-0.05000019073486328,0.0643571104322161,4.654588037904509,4.355011886183015,0.06650154374126321,0.0,0.0,,0,0.00692590418042541,0.030155159001501883,0.07878887981686751,-0.0280694337050218,0.1474828474934144,-0.002233689603203766,0.019923829880898525,False,False,False,False
2026-06-08,4.539999961853027,4.558000087738037,4.515999794006348,4.552000045776367,0,valid,4.502200031280518,4.486800003051758,4.51419997215271,4.405939979553223,4.296409983634948,4.205994991064071,4.5069610654163235,4.48870809357033,4.416365697977142,4.276367315748448,0.0035273967454600985,0.017206735817823615,0.0430797912274854,0.06529377433426364,0.08536010928371529,0.03595812254215636,0.17231492927586106,0.16778322249401795,42.16332915091242,0.0,0.029137082955346116,0.03508419744245668,-0.0059471144871105636,-0.4374448995998148,-0.006000041961669922,0.06285715103149414,4.649698422081074,4.378701522224346,0.0600320990493242,0.0,0.0,,0,0.008373593074484759,0.03315071628323806,0.0822647329460467,-0.024641048988659715,0.15153047475513393,0.0008818754670738985,0.009251166097928068,False,False,False,False
2026-06-09,4.546000003814697,4.556000232696533,4.519999980926514,4.5279998779296875,0,valid,4.516800022125244,4.490299987792969,4.5200999736785885,4.407699975967407,4.30028998374939,4.20698499083519,4.511168827918997,4.492450168271222,4.420743508955673,4.278871122337317,-0.005272444553015454,0.016386073058090034,0.026757377460414844,0.05670946071662897,0.08273546256737241,0.0039910528014128754,0.17126172216016425,0.1682504061693543,33.94918431039153,0.0,0.028939132475450435,0.033855184449055435,-0.004916051973605,-1.2647206317541348,0.034999847412109375,0.06014289174761091,4.646462662396495,4.393737284960682,0.05591145746941013,0.0,0.0,,0,0.0017477277708682663,0.027293123991697407,0.07630521330449719,-0.02978357497715432,0.14545909417587993,-0.0013181111382538626,0.007919105090147502,False,False,False,False
2026-06-10,4.533999919891357,4.559999942779541,4.513000011444092,4.541999816894531,0,valid,4.5269999504089355,4.496399974822998,4.524049973487854,4.41169997215271,4.304109983444214,4.208394988775253,4.517335025714104,4.497169182425822,4.4254986582866085,4.28148931830306,0.003091859395377261,0.011355965135995794,0.017701097772562457,0.07630332765686165,0.09472153124829052,0.0133868684660301,0.16677742855164587,0.16489511647715388,45.73860365187071,0.3744922210037024,0.029571056632550885,0.032998358885754524,-0.0034273022532036387,-0.3510370894144965,0.06099987030029297,0.05628575597490583,4.64780940814701,4.400290538828697,0.05471178938536041,0.0,0.0,,0,0.003967649232848553,0.02953506484219073,0.07927127301716647,-0.02678380220789815,0.14900069263822788,0.001325097642099162,0.010366107667812976,False,False,False,False
2026-06-11,4.520999908447266,4.550000190734863,4.456999778747559,4.4629998207092285,0,valid,4.5241998672485355,4.497199964523316,4.5231499671936035,4.414739971160889,4.306429982185364,4.209334987401962,4.5064679847131295,4.493914957500433,4.4269692921071035,4.2832953929538675,-0.01739321870763899,-0.0031271867461217795,-0.0040169886408257804,0.062113201046772204,0.07516256229841245,-0.002458684948337675,0.1784248900910393,0.16892607080934413,35.25177470406352,0.04987858546082969,0.02342716781056975,0.03108412067071757,-0.007656952860147823,-0.6677099845221579,0.007999897003173828,0.057142904826572964,4.648479431979016,4.397820502408191,0.0554168956123175,0.0,0.0,,0,-0.013298287016933747,0.010931527080551852,0.060262448597333075,-0.043711164385913,0.12901587229594252,-0.004623493900011591,0.020570761749748766,False,False,False,False
2026-06-12,4.4730000495910645,4.506999969482422,4.468999862670898,4.486999988555908,0,valid,4.514399909973145,4.500599956512451,4.524449968338013,4.418099975585937,4.308349981307983,4.210479987859726,4.502574385481685,4.493256389029526,4.42932343706588,4.285322304352893,0.005377586558555025,-0.010802422576768889,0.0058282947967456256,0.05353373407510498,0.09013600516596743,0.016999049459964555,0.17868262384013786,0.16716160036664052,41.40434856902707,0.28547197139280694,0.020261146734842583,0.028919525883542577,-0.008658379148699994,0.13389962136085565,0.03399991989135742,0.05614290918622698,4.64758524118221,4.4013146954938165,0.054431046295525025,0.0,0.0,,0,-0.008277244757744889,0.01559494202274891,0.06567422277115326,-0.0385686383974184,0.13508725287519652,0.0022406966801640543,0.008495440731103395,False,False,False,False
2026-06-15,4.454999923706055,4.4730000495910645,4.440999984741211,4.468999862670898,0,valid,4.497799873352051,4.499999952316284,4.518149971961975,4.421219968795777,4.31050998210907,4.2116349875926975,4.495859480919528,4.490946243662037,4.4308793753249,4.287149941749092,-0.004011617100717402,-0.01823378345140425,-0.027421095380615212,0.04391490757089511,0.07660800723423189,0.0257057589607248,0.14043352202638243,0.16722501482845978,46.721290117489495,0.4890674567453576,0.016113842154942937,0.026358389137822652,-0.010244546982879715,0.3142522829315153,-0.006000041961669922,0.05378576687404087,4.638958250700273,4.3973416932236775,0.05347687858437219,0.0,0.0,,0,-0.010878370482627775,0.010806947904050042,0.06110806749312018,-0.04242553288878935,0.13053371744075604,-0.007131728311002824,0.0071829551959303045,False,False,False,False
2026-06-16,4.442999839782715,4.459000110626221,4.420000076293945,4.427999973297119,0,valid,4.477799892425537,4.4972999572753904,4.508399963378906,4.423079967498779,4.312299981117248,4.212739988565445,4.482287579395046,4.48495136077014,4.43076645759832,4.288551434600317,-0.009174287454391528,-0.022084785187381883,-0.04218043814556871,0.00842636780381456,0.062125165574806074,0.0009042014270623788,0.14015454470556601,0.1601463657460916,43.291142296665164,0.3948805919397276,0.009410249475290122,0.022968761205316147,-0.013558511730026025,-0.5614214008967888,-0.026999950408935547,0.054142883845738,4.6249799572752135,4.391819969482599,0.05171679302780144,0.0,0.0,,0,-0.017833375639886618,0.0011123483713820514,0.051097382063918104,-0.051210596309053426,0.12016187614007263,-0.0058178616440244585,0.008777860845969036,False,False,False,False
2026-06-17,4.442999839782715,4.479000091552734,4.426000118255615,4.4629998207092285,0,valid,4.461999893188477,4.494499921798706,4.4981999635696415,4.425479965209961,4.314539980888367,4.2139199864864345,4.478430027657883,4.482860737907196,4.43203051105365,4.290287239437221,0.00790421129701313,-0.01739321870763899,-0.04371116438591305,0.02976458393868575,0.0705204273073845,0.0024707275868602885,0.13848556501227874,0.15852148099601276,50.99008673955354,0.7203116999992826,0.006842918258007202,0.019743592615854358,-0.012900674357847156,-0.2681583056776682,-0.028000354766845703,0.05271427971976144,4.589256002575324,4.407143924563959,0.040485545215034335,0.0,0.0,,0,-0.007825384186006515,0.008478143793265919,0.05910881910941947,-0.043711164385913,0.12901587229594252,0.0033875037434624687,0.011928871305048506,False,False,False,False
2026-06-18,4.453000068664551,4.453000068664551,4.420000076293945,4.451000213623047,0,valid,4.45959997177124,4.491899919509888,4.49214997291565,4.4286799716949465,4.316919984817505,4.214789987802505,4.472944064850916,4.479826402261087,4.432774420958332,4.2918863735087225,-0.0026886864369792818,-0.0026886864369792818,-0.026465400781524817,0.013433518350195683,0.07616055254080067,0.013202842266332171,0.12083310171614071,0.15636643176801238,49.758471355186465,0.7237341316831446,0.0037962608329413783,0.016554126259271763,-0.012757865426330384,-0.0897802503143641,-0.026000022888183594,0.05357142857142857,4.578518254100542,4.405781691730757,0.03845298207122625,0.0,0.0,,0,-0.009160370766939124,0.005039931101537221,0.056043178071535714,-0.04628232520806326,0.12598030263296614,-0.002240589837865744,0.007410732508814474,False,False,False,False
2026-06-22,4.494999885559082,4.514999866485596,4.480999946594238,4.508999824523926,0,valid,4.463999938964844,4.489199924468994,4.4882999658584595,4.432999963760376,4.319779982566834,4.216279987096787,4.480155216785518,4.482604823428976,4.435763652470709,4.294046706354646,0.013030691556329632,0.0049030167203316655,-0.016790262041048165,0.04182064532989349,0.09018366876604911,0.025471911015264137,0.1304206280861723,0.1554053657177964,53.77777448112092,1.0,0.005992765875675765,0.014441854182552564,-0.008449088306876799,0.4007937729805011,-0.026999950408935547,0.05307143075125558,4.563150237802984,4.413449693913935,0.033353506901897985,0.0,0.0,,0,0.004611959722595575,0.0171441149074771,0.06942609084855816,-0.03385472435602971,0.14065260465507895,0.009885344826847378,0.007563942326358604,False,False,False,False
2026-06-23,4.486999988555908,4.497000217437744,4.4770002365112305,4.493000030517578,0,valid,4.46879997253418,4.483299922943115,4.4850499629974365,4.436519966125489,4.322199983596802,4.217864986658096,4.482724179531931,4.4835948431517005,4.438008216315684,4.296026341420943,-0.00354841309137488,0.0053703666556694785,-0.01426065291120171,0.017436626601618377,0.0915937412461112,0.02697143554687509,0.12935615701851283,0.15015715925283285,54.26010982243662,1.0,0.006369043912916261,0.012827292128625305,-0.006458248215709044,0.3573775555307135,-0.05900001525878906,0.05199997765677316,4.552429342154632,4.417670583840241,0.03004621117405099,0.0,0.0,,0,0.001772570559019689,0.012730713447327234,0.06523087977680321,-0.03728300690029475,0.13660509802001003,-0.004879094438718545,0.004457316910524541,False,False,False,False
2026-06-24,4.453000068664551,4.454999923706055,4.3979997634887695,4.4019999504089355,0,valid,4.463599967956543,4.47069993019104,4.480499958992004,4.438619966506958,4.323949980735779,4.219444986581802,4.466579333707332,4.475823900985723,4.436596127456596,4.2970808051919684,-0.02025374571345362,-0.0058717305882962645,-0.02025374571345362,-0.008558582504909373,0.06585952262251649,0.018981429511384373,0.13908107628677918,0.1555603343570771,41.117723816494404,0.3529400716797312,-0.0006679987037561119,0.010128233962149022,-0.010796232665905134,-2.9541408988696283,-0.12599992752075195,0.05535714966910226,4.557256523988142,4.403743393995866,0.03426250003287874,0.0,0.0,,0,-0.017520368106582675,-0.008250315722983886,0.043265160325036536,-0.056781632072556903,0.11358458738809767,-0.008902729041027735,0.012800395090579784,False,False,False,False
2026-06-25,4.4120001792907715,4.414000034332275,4.36299991607666,4.392000198364258,0,valid,4.4494000434875485,4.4556999683380125,4.4760499715805055,4.44133996963501,4.325459980964661,4.221174987554551,4.451663506638718,4.467840691212249,4.434847267492191,4.298025276765822,-0.0022716383819469943,-0.015908497691511925,-0.019861582077818185,0.011515474584755214,0.05500842797914984,0.023060790125683628,0.13902414243796965,0.1487567443968991,41.44866744316798,0.36923394398394066,-0.006971439678175706,0.006708299234084076,-0.013679738912259782,-3.514935101122574,-0.14999961853027344,0.0559999942779541,4.562404039130878,4.389695904030133,0.038584943465177886,0.0,0.0,,0,-0.018777666413444784,-0.011109208393881792,0.04046863996715551,-0.05892428311969829,0.11105492589784226,0.002271746704791975,0.011559409832982712,False,False,False,False
2026-06-26,4.388000011444092,4.409999847412109,4.367000102996826,4.372000217437744,0,valid,4.433600044250488,4.446600008010864,4.47189998626709,4.443139972686768,4.326429982185363,4.222664989233017,4.435730848798523,4.458713027043249,4.432382677293977,4.298761345827234,-0.004553729513482763,-0.017748818780891074,-0.01863068635010534,0.014149930172278502,0.04418448257699348,0.01840204801160139,0.13851779535005265,0.14830298359199132,32.096088054688536,0.0,-0.01342602650209379,0.0026814340868485027,-0.016107460588942295,-3.4452222768890706,-0.09099960327148438,0.05271427971976144,4.569728695783124,4.374071276751056,0.04375263749925521,0.0,0.0,,0,-0.0223394461271789,-0.016011144300278616,0.03536516123952598,-0.06320968738607811,0.1059954822906808,-0.0009107893304867864,0.009799394781936652,False,False,False,False
2026-06-29,4.377999782562256,4.389999866485596,4.367000102996826,4.374000072479248,0,valid,4.406600093841552,4.435300016403199,4.467949986457825,4.444439973831177,4.327429981231689,4.224374989271164,4.423384693534668,4.450645126608582,4.430093163379674,4.299509989873523,0.0004574233627727686,-0.029940065934451754,-0.01774084773571416,0.012734500611033983,0.0501800990493253,0.02845057514771243,0.138594592324436,0.1482670924938357,29.954904401412037,0.0,-0.01817050322405045,-0.001488953375331288,-0.01668154984871916,-3.6988056184059537,-0.11299991607666016,0.0513570989881243,4.574942169340885,4.360957803574764,0.04789318734871681,0.0,0.0,,0,-0.02102752140541748,-0.015848993746496315,0.035419460532763763,-0.06278117761106924,0.10650139046340175,0.0013722700883184826,0.0052534866676737825,False,False,False,False
2026-06-30,4.392000198364258,4.421999931335449,4.388000011444092,4.418000221252441,0,valid,4.391600131988525,4.430200052261353,4.4651000022888185,4.447879981994629,4.328859982490539,4.226409989595413,4.422307799078223,4.447536088003235,4.429618930355076,4.3006889971509255,0.010059476004593115,-0.016692590419701614,-0.012737359686001426,0.02434500675897011,0.05719079351684009,0.03152001613876121,0.14256941862431818,0.14957591622635805,38.14655792558855,0.33703288584800606,-0.01817063120123752,-0.004825288940512535,-0.013345342260724985,-1.0082814533843298,-0.05099964141845703,0.05221421377999442,4.574315032769177,4.35588497180846,0.048919410729602784,0.0,0.0,,0,-0.010548426913671295,-0.0067177533708515785,0.04533167206415982,-0.053353247356194816,0.11763221464981721,0.004115255049551709,0.007741329315973219,False,False,False,False
2026-07-01,4.482999801635742,4.500999927520752,4.456999778747559,4.474999904632568,0,valid,4.406200122833252,4.4349000453948975,4.466100001335144,4.45237998008728,4.331509981155396,4.228479989767075,4.432846220189092,4.450151689586981,4.431398576405174,4.30242343404129,0.012901693192755914,0.016583360982739492,0.004489333618186819,0.03229523996623529,0.08144028329059116,0.05791959443365324,0.14948663295838846,0.1514556778069744,43.39249454269115,0.5528688158979838,-0.013416675458438831,-0.006543566244097795,-0.006873109214341037,-0.2674411400478305,0.04699993133544922,0.0547856262751988,4.575291894431759,4.35690810823853,0.04889809590648282,0.0,0.0,,0,0.001992768476917966,0.005080411969879676,0.05829988919471587,-0.0411399013916657,0.13205156258556952,0.014712443895006031,0.009814889743501379,False,False,False,False
2026-07-02,4.502999782562256,4.505000114440918,4.453000068664551,4.485000133514404,0,valid,4.424800109863281,4.437100076675415,4.465799999237061,4.456239986419678,4.334299983978272,4.23073499083519,4.443277002854155,4.453470589008641,4.433500598252595,4.3042401176181375,0.0022346880659112056,0.02117484766616884,-0.0013360146353220692,0.03269633904780345,0.0721969972368981,0.05504592095585492,0.1468503255273343,0.15147172872862616,52.51145827663164,0.9280544428440687,-0.008741430615718748,-0.006983139118421986,-0.0017582914972967623,0.35802800033972737,0.02200031280517578,0.05185702868870327,4.574736510452079,4.356863488022042,0.048787008479389785,0.0,0.0,,0,0.004299371731968232,0.006453904453613999,0.060099520114120855,-0.03899714817242726,0.13458134470247557,0.0062569560952843205,0.011547867707597045,False,False,False,False
2026-07-06,4.456999778747559,4.491000175476074,4.456999778747559,4.479000091552734,0,valid,4.4462000846862795,4.439900064468384,4.465899991989136,4.459939985275269,4.337109985351563,4.232999991178513,4.450421620593872,4.455901970203318,4.435284892107502,4.3059790228314165,-0.0013378019583175638,0.024473894966478005,0.0004466953173678512,0.043812679334837235,0.07384322403652543,0.04332631276828347,0.14648890241625565,0.14925872475767402,49.04762823838756,0.7855405254242313,-0.005457507882715262,-0.006678012871280642,0.0012205049885653796,1.1517641951935387,0.0279998779296875,0.051142760685512,4.574883451536381,4.35691653244189,0.04880694137474586,0.0,0.0,,0,0.0029333616039538667,0.004273623936733126,0.05811483602335947,-0.04028277966955092,0.13306349955766208,-0.006243111244883037,0.0076285390209442465,False,False,False,False
2026-07-07,4.497000217437744,4.5329999923706055,4.485000133514404,4.5289998054504395,0,valid,4.477200031280518,4.441900062561035,4.4655499935150145,4.464059982299805,4.340929985046387,4.23526498913765,4.466137257565185,4.462863668798282,4.438959986748402,4.308198135096283,0.011163141968226986,0.035436609602828684,-0.0015432032252526984,0.05497311251690262,0.08168140055974549,0.041628278241716776,0.14425346599447636,0.1507715324353226,56.63718774692508,1.0,0.0011661410410530593,-0.005109182088813902,0.006275323129866961,1.4788256193728255,0.019999980926513672,0.051714181900024414,4.57362675042238,4.357473236607649,0.04840467895973287,0.0,0.0,,0,0.014208733980711988,0.01454725595268072,0.06935453084190546,-0.029569320089649884,0.1457120482622404,0.004018782209662708,0.010673750619374008,False,False,False,False
2026-07-08,4.560999870300293,4.5970001220703125,4.557000160217285,4.568999767303467,0,valid,4.507399940490723,4.449500036239624,4.46639997959137,4.4692399787902835,4.344899983406067,4.237589987516404,4.486709759512841,4.472971868655918,4.444059585985856,4.310793176212772,0.008831963694255318,0.03417825678791364,0.0037345609306118632,0.058373838351426954,0.09542070561610361,0.03959039525189523,0.14719129616556365,0.15134415293351566,65.63196491480336,1.0,0.009533200362297656,-0.0021807055985915906,0.011713905960889247,2.651079488139807,0.07599973678588867,0.05307136263166155,4.577562804886858,4.355237154295882,0.04977737139684405,0.0,0.0,,0,0.022971473262787322,0.02232142131248587,0.07820713678373074,-0.02099851155689024,0.15583093547656332,0.007065592012466623,0.008769998463164563,False,False,False,False
2026-07-09,4.577000141143799,4.580999851226807,4.5289998054504395,4.539000034332275,0,valid,4.520199966430664,4.463200044631958,4.466949987411499,4.473299980163574,4.349249982833863,4.239589987993241,4.497167814476728,4.4792602653869995,4.44778274082297,4.3130638912189365,-0.006565930072020221,0.01430170526561425,0.002429363228608983,0.05631838651708243,0.09637685524501882,0.02808608687443881,0.1479022133997276,0.15170236940644194,58.520237863589806,0.800663873399991,0.01358680716770877,0.0009727969546684818,0.012614010213040289,0.6653406736718326,0.13700008392333984,0.05299993923732212,4.579496347924568,4.35440362689843,0.05039069648428609,0.0,0.0,,0,0.01612958441975483,0.014687155893868474,0.07062240622017248,-0.02742656687041145,0.14824183037914646,0.0017510120918771011,0.011361163245097105,False,False,False,False
2026-07-10,4.540999889373779,4.571000099182129,4.539000034332275,4.568999767303467,0,valid,4.536999893188477,4.480900001525879,4.468299984931946,4.477599973678589,4.3543799781799315,4.241719986200333,4.511534205042076,4.487806884617139,4.452536349704559,4.315610516851619,0.006609326447296393,0.018729014780037634,0.0059445071548673845,0.07354316782326187,0.09831729204167927,0.052279999833074076,0.14934613230121144,0.15053417110006156,62.71551524805385,0.9182542052293005,0.019001015617882366,0.004578440687311259,0.014422574930571107,1.6915142726392052,0.17699956893920898,0.052214247839791436,4.585200281011861,4.35139968885203,0.05232428282529286,0.0,0.0,,0,0.022536486518609313,0.020412675130017918,0.07715732819890976,-0.02099851155689024,0.15583093547656332,0.00044059374892648607,0.007046920420486168,False,False,False,False
2026-07-13,4.585000038146973,4.618000030517578,4.572999954223633,4.609000205993652,0,valid,4.56299991607666,4.50460000038147,4.475600004196167,4.481419973373413,4.359949979782105,4.244164987802505,4.531027405232392,4.499349105700616,4.458672187206092,4.318529817241092,0.008754747368655114,0.02902436074651904,0.03271350910814563,0.07636621583172842,0.08934064385977769,0.0605154163991819,0.1364557357883018,0.15099754799420168,61.21082657634541,0.8760789629291773,0.026217299220877344,0.008906212394024476,0.017311086826852867,4.70241385544512,0.2369999885559082,0.05114286286490304,4.608276604403969,4.342923403988365,0.0592888551628424,0.0,0.0,,0,0.02980610458316515,0.028468707101379484,0.08596160121947741,-0.012427600852033552,0.16594994331753687,0.0035019198201773826,0.009814629426291584,False,False,False,False
2026-07-14,4.613999843597412,4.613999843597412,4.525000095367432,4.585000038146973,0,valid,4.574199962615967,4.5256999969482425,4.480500006675721,4.4853199768066405,4.365009980201721,4.2463549888134,4.541821931815308,4.507506337362173,4.463626220576323,4.321181262225231,-0.005207239482321824,0.012364812343144571,0.021840884742815536,0.06405198930397482,0.0675203624450833,0.03662676564784362,0.1377827973382625,0.15120148447672652,60.13217015752448,0.8458450702457803,0.02965776672581466,0.013056523260382515,0.016601243465432146,4.394349523358287,0.2109999656677246,0.05521430288042341,4.621901144504739,4.339098868846702,0.0631184633939685,0.0,0.0,,0,0.023323296800703552,0.02222362325447741,0.07974958528566244,-0.017570126840528156,0.15987856273828288,0.0010847553439590043,0.019289066156662406,False,False,False,False
2026-07-15,4.607999801635742,4.610000133514404,4.539000034332275,4.545000076293945,0,valid,4.569400024414063,4.538399982452392,4.484300017356873,4.488659982681274,4.369709982872009,4.2482199895381925,4.542457560711036,4.51107716964139,4.466817352173092,4.323408315101537,-0.008724091934619316,-0.005252723184900887,0.01700608994371855,0.0704192831787318,0.06865749086772155,0.02665462599896684,0.1410850014664414,0.14905396167293306,67.74197746911499,1.0,0.028824429304361132,0.01621010446917824,0.012614324835182891,3.9569956599313505,0.1269998550415039,0.053500005177089145,4.628457856654422,4.340142178059323,0.06429446680176354,0.0,0.0,,0,0.013536127980315301,0.012551651011671546,0.06985986777676612,-0.0261409353732878,0.14975967552395994,0.0050163060626854175,0.015408008298291458,False,False,False,False
2026-07-16,4.581999778747559,4.5960001945495605,4.560999870300293,4.568999767303467,0,valid,4.5753999710083,4.547799968719483,4.49135000705719,4.491119976043701,4.3745399808883665,4.250129989385605,4.547766002029522,4.516593607513968,4.4708245057076175,4.325852011143347,0.0052804599794618046,0.006609326447296393,0.03184277209951247,0.07505876877728634,0.07531176497191772,0.017821324681077222,0.13668237918496612,0.14928960773327896,71.2230034842329,1.0,0.02975755135606928,0.01891959384655645,0.01083795750951283,4.458154814654369,0.09399986267089844,0.053500005177089145,4.637689445265147,4.345010568849233,0.0651650118463341,0.0,0.0,,0,0.017288735040526075,0.01734083962913212,0.07502588831734945,-0.02099851155689024,0.15583093547656332,0.008140748478002962,0.007638656905137291,False,False,False,False
2026-07-17,4.520999908447266,4.550000190734863,4.511000156402588,4.540999889373779,0,valid,4.569799995422363,4.55339994430542,4.495250010490418,4.493619976043701,4.3796599817276,4.252129989862442,4.5464127794983735,4.518918015310141,4.4735764815376635,4.327992786051113,-0.006128229230839444,-0.006128229230839444,0.017477049473005657,0.05801493082527931,0.07124323116749065,0.019304145261619388,0.13717851782506724,0.14894104947472894,69.88235003724947,0.9675135643080414,0.027915903996422742,0.020718855876529708,0.007197048119893034,2.7840575364767473,0.055999755859375,0.05457142421177456,4.642562442733736,4.3479375782471,0.06554137451734152,0.0,0.0,,0,0.010177382520793386,0.01054381847656664,0.06793534068808713,-0.026998057095402584,0.1487477385518674,-0.01050555073337851,0.008626417854909873,False,False,False,False
2026-07-20,4.565999984741211,4.607999801635742,4.559999942779541,4.5980000495910645,0,valid,4.567599964141846,4.565299940109253,4.502600002288818,4.498459978103638,4.3853099822998045,4.254379991292954,4.556730233516912,4.526449637622609,4.4784558371476,4.330679425489321,0.012552336843405065,-0.002386668672369141,0.03302624778990104,0.07079643462628304,0.09138387022694539,0.03024876412842481,0.14245360428597595,0.1508095948299291,73.3333532015672,1.0,0.030701909256238835,0.022715466552471534,0.007986442703767301,2.748606649827301,0.11899995803833008,0.057714291981288364,4.655190685399239,4.3500093191783975,0.06777892019404516,0.0,0.0,,0,0.021187768678930245,0.02212758854628929,0.08076853948198474,-0.014784608958776419,0.16316720711427035,0.005505416422918972,0.010512452697461339,False,False,False,False
2026-07-21,4.599999904632568,4.639999866485596,4.5980000495910645,4.627999782562256,0,valid,4.576199913024903,4.575199937820434,4.508550000190735,4.503179969787598,4.391109981536865,4.2569899904727935,4.5709841433259815,4.536121079997813,4.484320305595234,4.3336378370024855,0.006524517757206194,0.00937835202999504,0.026391652843076985,0.07055281785063028,0.09590332186010975,0.04422373990513617,0.13734888771967896,0.15077419803749417,72.53218401037174,0.9732416093899177,0.03492793869389654,0.02515796098075654,0.009769977713140005,3.188397877165694,0.0989999771118164,0.0572857175554548,4.671143909175391,4.345956091206079,0.07212691840071739,0.0,0.0,,0,0.0264940573724296,0.027718148866376576,0.08715308067902151,-0.00835655364525521,0.17075631221168722,0.00043494019572308805,0.009130395166363823,False,False,False,False
2026-07-22,4.639999866485596,4.660999774932861,4.631999969482422,4.6570000648498535,0,valid,4.598599910736084,4.583999967575073,4.516750001907349,4.509039974212646,4.397509980201721,4.259834991693497,4.588187327630756,4.547633364269436,4.4910920608601215,4.336855371607932,0.006266266994408021,0.024642461314815733,0.03650123151977436,0.08051047022671898,0.09550697347715253,0.06518751903885689,0.13713510800575823,0.15087164981957674,70.77628702566648,0.8947090861080912,0.04015430406322196,0.028157229597249624,0.011997074465972334,3.9741006844992377,0.08800029754638672,0.05371430941990444,4.692084581894919,4.341415421919779,0.07763749594887005,0.0,0.0,,0,0.031051101540550005,0.03281410044785502,0.09323484922087646,-0.002142651047141388,0.17809258384939425,0.002592930960920679,0.0062499582510557984,False,False,False,False
2026-07-23,4.698999881744385,4.714000225067139,4.692999839782715,4.703000068664551,0,valid,4.625399971008301,4.600399971008301,4.531800007820129,4.514899978637695,4.404919981956482,4.262754992246628,4.611149875837516,4.562430193259447,4.499402178813236,4.340498602424416,0.009877604289056485,0.029328147994231113,0.06837803762983974,0.08464024582627272,0.11260936965222146,0.08464024582627272,0.11222679236466512,0.1515870131421378,72.99579799386146,0.9861006740289809,0.047460951832803744,0.03201797404436045,0.015442977788443293,3.841913682679121,0.1640000343322754,0.05407146045139858,4.717054870928913,4.346545144711345,0.08175773987779955,0.0,0.0,,0,0.03777749692153159,0.04166207245273507,0.10327712411777562,0.0,0.18972931620853067,0.009018642110730864,0.004469118070423949,False,False,True,False
2026-07-24,4.683000087738037,4.690999984741211,4.651000022888184,4.678999900817871,0,valid,4.652999973297119,4.611399984359741,4.54614999294281,4.5192199802398685,4.411229982376098,4.2653399908542635,4.624719880833587,4.573532070169772,4.506445226734987,4.343866774547734,-0.005103161279241597,0.030389785246861756,0.06534601309000454,0.0746439601358011,0.10327745984887371,0.06631720342179559,0.11452982762643138,0.15205529810709975,70.3251993122685,0.8198296550503854,0.05073012456669712,0.035760404148827786,0.014969720417869335,2.4075320445753556,0.1100001335144043,0.05535714966910226,4.730268010452249,4.362031975433371,0.0809995349010717,0.0,0.0,,0,0.029222508734047373,0.035355641300187805,0.09698169685196881,-0.005103161279241635,0.18365793562927668,-0.004252600602702692,0.00854152489934032,False,False,False,False
2026-07-27,4.646999835968018,4.664999961853027,4.630000114440918,4.640999794006348,0,valid,4.661599922180176,4.614599943161011,4.55959997177124,4.52241997718811,4.4170799779891965,4.267909990549088,4.62797586346814,4.579957567678018,4.511721876431903,4.346823322005033,-0.00812141646014597,0.00935183644008597,0.06152780493827459,0.050475228969248276,0.08561396268400756,0.05285839429197359,0.11836701098109546,0.15061679965891717,61.66666501098215,0.21240819878892278,0.049681973606102936,0.03854471804028282,0.011137255565820119,2.2471856995497363,0.03199958801269531,0.05499999863760812,4.728853853081785,4.390346090460695,0.07424067126871038,0.0,0.0,,0,0.01785240432034806,0.026220434505502616,0.087417448887965,-0.013183132841375554,0.17404495658767472,-0.006839082181698706,0.007531708338186018,False,False,False,False
2026-07-28,4.630000114440918,4.635000228881836,4.5879998207092285,4.604000091552734,0,valid,4.656799983978272,4.616499948501587,4.571099972724914,4.525279979705811,4.422319979667663,4.27028499007225,4.623180709085059,4.582247331856562,4.515340629966053,4.349382294836353,-0.007972355978424495,-0.005185758888742731,0.05258345113449403,0.04874720537029442,0.0772110226360414,0.04970358581312739,0.12441185867529077,0.15098747788548306,53.66879893956161,0.0,0.04534305315798548,0.03990438506382335,0.00543866809416213,0.7660390902126002,0.01900005340576172,0.0539285455431257,4.716884030902876,4.425315914546952,0.06378511038823657,0.0,0.0,,0,0.007197418350972497,0.01739563346355445,0.07814820375134682,-0.02105038819187773,0.16468505225908386,-0.002370109901671468,0.010151275812286415,False,False,False,False
2026-07-29,4.63700008392334,4.65500020980835,4.610000133514404,4.622000217437744,0,valid,4.64980001449585,4.624199962615966,4.58129997253418,4.525819988250732,4.427079982757569,4.272654992341995,4.622944610755596,4.586033320959532,4.519523358886511,4.352094910981641,0.0039096710527950496,-0.00751553509227576,0.04617473652535753,0.055733313612154944,0.08116961738698825,0.04570138861019446,0.12139653525066293,0.1509300974164263,58.92474794293543,0.2672803529307033,0.042862791587945814,0.040496066368647846,0.0023667252192979688,0.2820570809952683,0.07700014114379883,0.053857122148786275,4.709462871573421,4.453137073494939,0.055950450661429486,0.0,0.0,,0,0.008883994749868045,0.02125144823185653,0.08176303158618947,-0.017223017232446503,0.16923858769352434,0.007167678478363359,0.009704566633492704,False,False,False,False
2026-07-30,4.669000148773193,4.685999870300293,4.651000022888184,4.663000106811523,0,valid,4.641800022125244,4.6335999965667725,4.590699982643128,4.526619987487793,4.432379984855652,4.275714992284775,4.6309557099667815,4.593363491040675,4.525149898020826,4.35518849501975,0.008870594427732081,-0.008505201205405433,0.042011219259320054,0.04880791785616756,0.10760096545365783,0.07690535542098886,0.11750262788707133,0.1487830014306229,59.873978832851655,0.3155515152092329,0.04370174829550422,0.04113720275401912,0.0025645455414850943,1.7012010472321482,0.09400033950805664,0.05614280700683594,4.713500818387118,4.467899146899137,0.053499830617677095,0.0,0.0,,0,0.015749259250605288,0.030128466648559855,0.09057786012996118,-0.008505201205405384,0.17961042899420776,0.010168742778965973,0.007496218954138561,False,False,False,False
2026-07-31,4.684000015258789,4.747000217437744,4.682000160217285,4.744999885559082,0,valid,4.655000019073486,4.653999996185303,4.603699970245361,4.528179988861084,4.438469982147216,4.2791849911212925,4.653764545085242,4.60780505242338,4.533771466159581,4.359067215323624,0.01758519769874689,0.01410557515286004,0.057970957481542795,0.07450181259672939,0.12815027422672398,0.08432357498858312,0.12975574274400595,0.15181058837097935,63.127391091423924,0.48099702774028846,0.050402317829203014,0.0429902257690559,0.007412092060147112,4.400435773550515,0.20399999618530273,0.058642796107700894,4.734193949427404,4.473205991063319,0.05669091384123699,0.0,0.0,,0,0.03069268549796265,0.047882349471830885,0.10885598435316304,0.0,0.20035411159557454,0.004503518757503308,0.013877040351988078,False,False,True,False
2026-08-03,4.671000003814697,4.702000141143799,4.671000003814697,4.685999870300293,0,valid,4.664000034332275,4.662799978256226,4.614049959182739,4.5304599857330325,4.4439699792861935,4.282504991292954,4.660211610128252,4.615252177935467,4.539741207498432,4.362320276567173,-0.012434144716915507,0.009696203036264173,0.04621562279892655,0.07575755917170457,0.11624581262457623,0.07477057954195865,0.14007712295877553,0.15134726282635438,59.132000372502425,0.2778197441015182,0.050371112482206826,0.04446640311168609,0.005904709370520733,2.5607377753463334,0.08799982070922852,0.05757137707301548,4.7354167297551975,4.492683188610281,0.05260748004295792,0.0,0.0,,0,0.015593656712442268,0.03433202921051601,0.09421935989046398,-0.01243414471691549,0.18542873486045064,-0.015595338994547877,0.006636723892910398,False,False,False,False
2026-08-04,4.664999961853027,4.668000221252441,4.61899995803833,4.626999855041504,0,valid,4.66859998703003,4.66269998550415,4.618949961662293,4.531279983520508,4.448159976005554,4.285409990549088,4.653569259110903,4.616371004326518,4.543163115245219,4.364953904213684,-0.012590699294024565,0.004995604481192073,0.02163834263651898,0.05350629464105405,0.11574633182049343,0.0964455177926371,0.1454147036083408,0.15324915521832055,57.167818468284466,0.17793535933247176,0.04506608015286506,0.044586338519921886,0.00047974163294317584,1.893855268945721,-0.0009999275207519531,0.05728564943586077,4.733585275788633,4.504314647535952,0.04963695864983356,0.0,0.0,,0,0.0017427972690819559,0.02112424565886737,0.0797099612979267,-0.02486828943383098,0.17050335812532674,-0.004481414645434015,0.010503807848831682,False,False,False,False
2026-08-05,4.609000205993652,4.638999938964844,4.60699987411499,4.617000102996826,0,valid,4.6675999641418455,4.658699989318848,4.62134997844696,4.532459983825683,4.451599979400635,4.2886149907112125,4.646255427888088,4.616430918485595,4.546058683392341,4.367461826589635,-0.0021611740561828796,-0.0010818074871683514,0.010505655096955335,0.05797439699054996,0.1066635136590075,0.0992857887307026,0.14288658829084047,0.15263503567774894,54.30110834807427,0.032154779614525154,0.039598441211465385,0.043588759058230585,-0.0039903178467652,0.41322429753891665,-0.039999961853027344,0.05592850276402065,4.73356644298057,4.50913351391335,0.04856436541571824,0.0,0.0,,0,-0.000941256444636532,0.018652149047719904,0.0765713669790524,-0.026975718788067836,0.16797369663507133,-0.003890133912202188,0.006942951490485914,False,False,False,False
2026-08-06,4.64300012588501,4.676000118255615,4.635000228881836,4.670000076293945,0,valid,4.66899995803833,4.655399990081787,4.627899980545044,4.535999984741211,4.455449981689453,4.2919299912452695,4.65100435756926,4.621532743038772,4.5509191301727965,4.370472157432465,0.011479309533200421,0.001501172919167848,0.02886099162168021,0.05895697004035272,0.13791422322485047,0.11296472018773485,0.14528590725990412,0.15289788513516406,61.06348644203236,0.3760414502126914,0.03909133231855488,0.04268927371029545,-0.003597941391740564,0.9075258363222316,-0.03299999237060547,0.055999960218157084,4.735056343432121,4.520743617657966,0.046308849948160445,0.0,0.0,,0,0.009097019366426205,0.02954146649107179,0.08808859553158316,-0.015806071880716144,0.18138122822538172,0.005631367188254417,0.008830473457280866,False,False,False,False
2026-08-07,4.664000034332275,4.671999931335449,4.603000164031982,4.659999847412109,0,valid,4.6519999504089355,4.653499984741211,4.632449984550476,4.5395799827575685,4.459849982261658,4.2952999901771545,4.65280345553783,4.625196276788614,4.555196805358652,4.373353029969575,-0.002141376599242406,-0.017913601727507222,0.01991684936380489,0.04414072028162774,0.14891508384209873,0.10426542158678087,0.1444933881706921,0.15128519892379186,55.78356565810227,0.10942033538673801,0.037450800456685585,0.04164157905957348,-0.0041907786028878985,0.06441448401295347,-0.01900005340576172,0.05614280700683594,4.736766229047302,4.52813374005365,0.04503718112218273,0.0,0.0,,0,0.005947147395765501,0.02652665337144073,0.08490672550671212,-0.017913601727507205,0.1788514461084757,-0.0012848055382541838,0.014794118095100998,False,False,False,False
2026-08-10,4.6620001792907715,4.703000068664551,4.6620001792907715,4.698999881744385,0,valid,4.654599952697754,4.659299993515015,4.636949968338013,4.544459981918335,4.464819979667664,4.298979989290237,4.662042740779142,4.632225191546307,4.5608361416875045,4.376593297151414,0.00836910635392707,0.0027742236030532386,0.01952694114304765,0.04864984105073167,0.15967419266009708,0.10721016215946566,0.1442260350597498,0.1519448312426447,56.5137696553124,0.14720188621925992,0.03884980757196477,0.04108322476205174,-0.0022334171900869754,-0.08505606765389917,0.05800008773803711,0.05621426446097238,4.744714745547716,4.52918519112831,0.04648088849159119,0.0,0.0,,0,0.013381622366007968,0.03400621865764886,0.09304995451262632,-0.009694416211619632,0.18871737923643814,0.000429255782008872,0.008794484726943231,False,False,False,False
2026-08-11,4.691999912261963,4.703000068664551,4.668000221252441,4.684000015258789,0,valid,4.665999984741211,4.66729998588562,4.641899967193604,4.54907998085022,4.469069981575013,4.3026349890232085,4.6664341956750715,4.637156127137972,4.565666097513829,4.379652070465916,-0.003192140213467587,0.0123190322029465,0.02159214313808966,0.04998880325202726,0.14832067164483576,0.09311556173978697,0.14324861574937903,0.1517776804131689,52.54236983729156,0.0,0.03830659237201317,0.04052789828404403,-0.0022213059120308604,0.10686288837158386,0.07999992370605469,0.056357111249651225,4.748707995798303,4.535091938588905,0.04601909966158663,0.0,0.0,,0,0.009069572451523122,0.0296587518743412,0.08863522636907638,-0.012855610489252019,0.1849228266877297,-0.0014896721980387267,0.00745947315997206,False,False,False,False
2026-08-12,4.659999847412109,4.688000202178955,4.645999908447266,4.682000160217285,0,valid,4.678999996185302,4.673299980163574,4.648749971389771,4.553219985961914,4.473079981803894,4.306089990139007,4.669547388583514,4.64142698743124,4.570228217619847,4.38266050916991,-0.00042695453351604407,0.014078417970636137,0.030143032260419922,0.018933704896209713,0.14895714831005402,0.09571739278416902,0.13864978452193918,0.13907079543367565,47.84394974307557,0.0,0.037284921458518916,0.039879302918939014,-0.0025943814604200977,0.8834382251834638,0.059999942779541016,0.05528569221496582,4.746587400028921,4.550912542750621,0.0420919297623146,0.0,0.0,,0,0.007152501001806719,0.028283319201008204,0.0872973326008319,-0.01327707626158855,0.18441691851500874,-0.005123861607279198,0.009012938864153388,False,False,False,False
2026-08-13,4.673999786376953,4.676000118255615,4.61299991607666,4.640999794006348,0,valid,4.673199939727783,4.6710999488830565,4.652349972724915,4.55693998336792,4.475579981803894,4.3093099892139435,4.663837869668082,4.641386302343156,4.573003573556573,4.385231049317536,-0.00875701939511142,-0.006209910452637968,0.015758378281856222,0.0038934995638018055,0.13582962139059296,0.08106209057039848,0.14250318149350802,0.1397797638652597,46.230145965236275,0.0,0.03278888316520945,0.0384612189681931,-0.005672335802983652,0.8036425221080945,-0.02200031280517578,0.056499992098127096,4.742855618502087,4.5618443269477424,0.03890749677379179,0.0,0.0,,0,-0.0024396657141249776,0.018446547671295173,0.07697051398544372,-0.021917828042366857,0.17404495658767472,-0.0017087512957198927,0.013478862870849559,False,False,False,False
2026-08-14,4.644999980926514,4.699999809265137,4.625,4.696000099182129,0,valid,4.680399990081787,4.666199970245361,4.660099983215332,4.561039981842041,4.479199981689453,4.312804989814758,4.670270315570891,4.646587616327819,4.5778269667183595,4.388323278669423,0.011850960486318396,0.007725376169274378,0.03413349781643027,0.00621390259811383,0.16554984510780324,0.10806988961185815,0.1451420687380205,0.14053081499940218,55.278341155538634,0.5354834544170343,0.03328017228658009,0.0374250096318705,-0.004144837345290413,1.6010358776098688,-0.048999786376953125,0.058357136590140204,4.735791574674526,4.5844083917561385,0.03248496458523133,0.0,0.0,,0,0.007703722258342373,0.0295897685346715,0.08885055324141372,-0.010326614870124429,0.1879585169773567,0.0008619235289197999,0.01614635297591043,False,False,False,False
2026-08-17,4.693999767303467,4.728000164031982,4.691999912261963,4.723999977111816,0,valid,4.685400009155273,4.669999980926514,4.66639997959137,4.565979976654052,4.482519979476929,4.316509989500045,4.681016247879076,4.653960222116771,4.58355924163575,4.391663345320591,0.0059624951742578425,0.005320301339984512,0.027403202732013465,0.03324583322860364,0.1713364706294085,0.10039593143408565,0.14042691925152467,0.13434949413183556,61.71873690327844,0.9166340916743685,0.03551943268903557,0.03704389424330352,-0.0015244615542679488,1.3081678941243569,0.03800010681152344,0.05714287076677595,4.741298913897315,4.591501045285425,0.032101377778809066,0.0,0.0,,0,0.01234356201190674,0.03460812383447224,0.09440265135560778,-0.004425692087196184,0.1950417139020526,-0.000425965041825807,0.007669419163755173,False,False,False,False
2026-08-18,4.73199987411499,4.745999813079834,4.703999996185303,4.705999851226807,0,valid,4.689799976348877,4.677899980545044,4.670299983024597,4.569379978179931,4.486299977302552,4.31974998831749,4.6860129685486225,4.658916377270108,4.588360834168733,4.394791071747519,-0.003810356895051159,0.004696805272491389,0.016853948212885772,0.02616656922316607,0.16254941089759067,0.08733821085148263,0.14020644810408103,0.13454540500201773,58.20308789262225,0.708573606997634,0.035433151649545636,0.036721745724551946,-0.0012885940750063107,-0.8219185515887517,0.07899999618530273,0.056499992098127096,4.7449023159595765,4.595697650089617,0.03194755506333253,0.0,0.0,,0,0.007644020369563016,0.029898995859235483,0.08941486520143684,-0.008219185515887571,0.1904881784676121,0.0016934583069292998,0.008875701185935964,False,False,False,False
2026-08-19,4.684000015258789,4.684000015258789,4.63700008392334,4.6529998779296875,0,valid,4.683999919891358,4.68149995803833,4.670099973678589,4.571399974822998,4.488669977188111,4.322549988031387,4.679410350424836,4.658352901142449,4.590895698629947,4.397360313600078,-0.011262213126356668,-0.006193994296286309,-0.0008589621783255952,0.020842428337642938,0.15832702219542139,0.07187279245874523,0.14498790197776035,0.13602803245404824,49.04577999250165,0.16663272659172446,0.030733837846760537,0.03552416414899366,-0.004790326302233125,-0.7042252087917977,0.03599977493286133,0.056857143129621236,4.744873694245085,4.595326253112093,0.032022321144271906,0.0,0.0,,0,-0.00366161235204389,0.017850090465962594,0.07644790478150074,-0.019388832423239265,0.1770806468773017,-0.004674848419785318,0.010034144146528678,False,False,False,False
2026-08-20,4.705999851226807,4.714000225067139,4.673999786376953,4.696000099182129,0,valid,4.6949999809265135,4.684099960327148,4.669749975204468,4.5747599792480464,4.491229977607727,4.3255249893665315,4.6827283001762945,4.661938348574799,4.595017439828072,4.400331853755124,0.009241397459819778,0.011850960486318396,-0.001488405141446103,0.045181408254111544,0.1852600266990303,0.09158532059816804,0.1444293515476881,0.1337317393356641,44.94848198835929,0.0,0.030132013196947582,0.03444573395858445,-0.004313720761636865,1.4912523514657883,0.026000022888183594,0.05521430288042341,4.7439385250194235,4.595561425389512,0.03177409934531123,0.0,0.0,,0,0.005621312515026408,0.026501963050313014,0.08564858848956808,-0.010326614870124429,0.1879585169773567,0.011390495312177189,0.008499880993357413,False,False,False,False
2026-08-21,4.691999912261963,4.74399995803833,4.691999912261963,4.73799991607666,0,valid,4.70339994430542,4.691899967193604,4.672699975967407,4.57867998123169,4.4951899766922,4.328684989213944,4.693782623356368,4.6691823073845,4.600624595759389,4.403691734972254,0.008943742761386764,0.008943742761386764,0.012609535479681577,0.05735326323263035,0.17045456553336558,0.10288638544447926,0.14648423800923788,0.13457042045145173,55.55555555555556,0.6324932817663973,0.03266752613586643,0.034090092394040844,-0.0014225662581744125,2.6207452973911582,0.07800006866455078,0.05364288602556501,4.752886813845867,4.592513138088947,0.03432141515221459,0.0,0.0,,0,0.013974776990841105,0.03479604067068089,0.09455872346512445,-0.001475230695732061,0.19858331236440058,-0.0008518285425212622,0.011082703910644049,False,False,False,False
2026-08-24,4.714000225067139,4.71999979019165,4.679999828338623,4.703999996185303,0,valid,4.699399948120117,4.692399978637695,4.675849986076355,4.583499984741211,4.49911997795105,4.3317599880695346,4.695826097922155,4.672498277746482,4.604678533030994,4.406679876874871,-0.00717600685808184,-0.004233696236963458,0.013574704799667714,0.05589227311862843,0.15976324613225246,0.08637415220994749,0.14576862695799478,0.13489455228570887,58.69075464000973,0.819443277479643,0.031569515300257756,0.033585976975284225,-0.0020164616750264694,0.7280496645802881,0.005000114440917969,0.05300004141671317,4.755742678658398,4.595957293494313,0.034172478937495934,0.0,0.0,,0,0.006020297954975474,0.026289955676937846,0.08593274076610564,-0.008640651288224102,0.18998227029489115,-0.005065363325163295,0.008485354251856796,False,False,False,False
2026-08-25,4.664000034332275,4.671999931335449,4.63700008392334,4.638999938964844,0,valid,4.685999965667724,4.687899971008301,4.677599978446961,4.58653998374939,4.502319979667663,4.334169987440109,4.684460866130693,4.669307959767278,4.606024470518597,4.408991519283727,-0.013818039386303327,-0.01423712587761694,0.00760205184972218,0.041769563762004136,0.13700981022348246,0.08896706331456872,0.15174342566550122,0.1382248563811563,52.20881611439481,0.4329292645144338,0.025164294094654593,0.0319016403991583,-0.006737346304503705,-0.4506418269289769,-0.04500007629394531,0.055500030517578125,4.752225739797093,4.602974217096828,0.03190771408157454,0.0,0.0,,0,-0.008252103570201555,0.011437806146098243,0.07033179418622112,-0.022339293814703388,0.17353904841495374,-0.008503393257964544,0.007504255393325732,False,False,False,False
2026-08-26,4.632999897003174,4.670000076293945,4.620999813079834,4.664000034332275,0,valid,4.688199996948242,4.6860999584198,4.679699969291687,4.590439987182617,4.505829977989197,4.33702498793602,4.68036869977101,4.668802443059182,4.608298022040702,4.411528917443414,0.0053891131054875085,0.0023640998691540904,0.009086935291797715,0.04223466675475285,0.12493973403849101,0.09099413573964132,0.15228431151057745,0.1382864184016491,49.36169867388753,0.2631574002850819,0.02185349541194448,0.029892011401715535,-0.008038515989771056,-0.7448360990193637,-0.018000125885009766,0.05478576251438686,4.7499749121134265,4.609425026469948,0.030033952297320466,0.0,0.0,,0,-0.0033549020369756993,0.016024617978897815,0.07539155234424011,-0.017070569690279938,0.17986338308056823,-0.0012933912568683465,0.010576357501282664,False,False,False,False
2026-08-27,4.6579999923706055,4.679999828338623,4.64900016784668,4.671999931335449,0,valid,4.683399963378906,4.68919997215271,4.680149960517883,4.595319986343384,4.5091999769210815,4.3399199879169466,4.678694946083898,4.669106965752159,4.610796136130692,4.414120668825425,0.001715243770215702,-0.00511076817286682,0.0019300502504340233,0.04870931792269828,0.13041375460064808,0.09722875630496208,0.14915125149256173,0.13787404969508232,51.282059119604504,0.3776673141450425,0.019648690559225912,0.02784334723321761,-0.008194656673991697,-0.2561930803639645,0.031000137329101562,0.05207146917070661,4.7500891090783,4.610210811957466,0.029887567343110485,0.0,0.0,,0,-0.0017414034274944603,0.016686530039245792,0.07651752666940129,-0.015384606108379611,0.1818871363981027,-0.0012864583871146822,0.006655143955070433,False,False,False,False
2026-08-28,4.688000202178955,4.730000019073486,4.6539998054504395,4.71999979019165,0,valid,4.679799938201905,4.691599941253662,4.678899955749512,4.600459985733032,4.5129699754714965,4.342969986200333,4.6869559149054485,4.673953901413063,4.615078632368378,4.417164242172353,0.010273942543162828,-0.0037990979746396203,-0.005268724124423474,0.05099078284745362,0.14119913242387638,0.11373286542232952,0.13977111034502926,0.13843876021533713,52.201247173466676,0.432477933215862,0.02152641121802734,0.02657996003017956,-0.0050535488121522185,0.8116110353272976,0.023999691009521484,0.05442861148289272,4.744731954512235,4.6130679569867885,0.02813994716079702,0.0,0.0,,0,0.008784080623830034,0.025984315661767704,0.08681381754636093,-0.005268724124423449,0.19402977692996007,0.003424715556220551,0.016211648964460885,False,False,False,False
2026-08-31,4.728000164031982,4.76800012588501,4.72599983215332,4.757999897003174,0,valid,4.6905999183654785,4.694999933242798,4.682499957084656,4.6065999794006345,4.517639975547791,4.346159986257553,4.701164711324994,4.681958281945455,4.620683387844252,4.420555641722909,0.008050870445055702,0.01147957076140771,0.015364922897077804,0.06276516543383437,0.15038677879103113,0.13097222420573806,0.1348712022213173,0.13895707006532848,57.39998111726654,0.7424752451335819,0.025783592206690464,0.026420686465481742,-0.0006370942587912778,2.5210107345388533,0.03399991989135742,0.05535721778869629,4.757238785178006,4.607761128991306,0.031922617737676615,0.0,0.0,,0,0.016123852773193503,0.032865870333772286,0.0947594916081893,0.0,0.20364275597156203,0.0016949945330415332,0.008883310548761085,False,False,True,False
2026-09-01,4.788000106811523,4.800000190734863,4.751999855041504,4.796000003814697,0,valid,4.721999931335449,4.703999948501587,4.690949964523315,4.61233998298645,4.5226699733734135,4.349814985990524,4.720131769822935,4.692819398313955,4.627558549254858,4.424291406519843,0.00798657159186944,0.03384351517902506,0.036524779353311,0.057319277288915726,0.13973379161673183,0.13461077252578835,0.12734931561360424,0.13742090470834836,60.63429931276828,0.9353356525579449,0.03185650785848093,0.02750785074408158,0.00434865711439935,2.129469815172813,0.09000015258789062,0.05578579221452985,4.776675273424289,4.605224655622341,0.03654923183973267,0.0,0.0,,0,0.022394193092199605,0.03981927210607077,0.102575631207581,0.0,0.213255735013164,0.006305214471998043,0.010025132544394256,False,False,True,False
2026-09-02,4.776000022888184,4.806000232696533,4.76800012588501,4.796000003814697,0,valid,4.748399925231934,4.7182999610900875,4.699899959564209,4.6183999824523925,4.5274599742889405,4.353234986066818,4.735305416621287,4.7026461226473595,4.6341640964924995,4.427989999527752,0.0,0.028301880040899174,0.03876974156913815,0.05360280219345093,0.1223965057978178,0.1213467522617433,0.12668121115699038,0.1373302245183097,65.65657538693621,1.0,0.036251453080157425,0.029256571211296753,0.006994881868860672,1.5241326640924369,0.14300012588500977,0.0535714966910226,4.790362881651817,4.6094370374766,0.03849567985102243,0.0,0.0,,0,0.02044725314949027,0.038454880919170265,0.10170942280051849,0.0,0.213255735013164,-0.004170137804546676,0.007956471237314544,False,False,True,False
2026-09-03,4.765999794006348,4.76800012588501,4.73199987411499,4.76200008392334,0,valid,4.766399955749511,4.724899959564209,4.704499959945679,4.625599985122681,4.532109975814819,4.356304987668991,4.7406443500816975,4.7082988808641195,4.63917727247018,4.431313482954574,-0.007089224325336541,0.019263731573336162,0.019700215444622637,0.0516784921161797,0.11131861225136586,0.1308478087741436,0.1252631934175777,0.13772931166928307,56.96202404305619,0.5801375251437914,0.03656941993680185,0.030719140956397776,0.005850278980404074,1.189975233040741,0.06599998474121094,0.05278580529349191,4.797870798006256,4.611129121885101,0.03969426670444936,0.0,0.0,,0,0.012222366769522743,0.029488087867382176,0.09312825832964278,-0.0070892243253365675,0.20465469294365457,-0.006255256418783924,0.007553557139321099,False,False,False,False
2026-09-04,4.754000186920166,4.811999797821045,4.748000144958496,4.783999919891357,0,valid,4.7791999816894535,4.729499959945679,4.710699963569641,4.633439979553223,4.537389974594117,4.359559987783432,4.7493154640436295,4.715508503628619,4.644856591976893,4.4348228007350405,0.004619873074402037,0.013559350115375457,0.026609458484877502,0.05328051799929123,0.13364932647877992,0.14559381810786776,0.12530951152379696,0.13786978406669664,56.41025118521561,0.553492249443108,0.03815676641239918,0.03220666604759806,0.00595010036480112,2.8153888974516317,0.046000003814697266,0.05478576251438686,4.808013587182066,4.6133863399572155,0.04131599310718309,0.0,0.0,,0,0.015560310970468127,0.03249420322752351,0.09735843371746494,-0.0025021025675135695,0.21022004472353698,-0.00167994474216448,0.013462273947450221,False,False,False,False
2026-09-08,4.794000148773193,4.811999797821045,4.760000228881836,4.806000232696533,0,valid,4.788800048828125,4.739699983596802,4.716049981117249,4.642119979858398,4.542629976272583,4.362974988222122,4.76065241777421,4.724126763539848,4.651175950436487,4.438516108515752,0.00459872767006142,0.0100883431551968,0.022770877557976688,0.07685422938977338,0.14374109263792723,0.17621152057722744,0.12320283364448162,0.13267352458266637,60.59325800924579,0.75549089526328,0.04072058969925063,0.033909450777928576,0.006811138921322055,2.342421873746603,0.10200023651123047,0.055500030517578125,4.8220341080256075,4.61006585420889,0.044946142357571356,0.0,0.0,,0,0.01907321846448603,0.0353028903925775,0.10154200876016028,0.0,0.21578551713007002,0.0020903488815407502,0.010846801694930259,False,False,True,False
2026-09-09,4.808000087738037,4.85699987411499,4.794000148773193,4.836999893188477,0,valid,4.7970000267028805,4.759499979019165,4.723699975013733,4.651379976272583,4.54790997505188,4.366494988203049,4.775921912857064,4.734876585411146,4.658463163877742,4.442481121298565,0.006450199540367185,0.00854876758573142,0.032664363243225525,0.07800309906958836,0.13571263030731862,0.19550170257736021,0.12344437620909338,0.1328335051177929,70.444454805355,1.0,0.04473813824301409,0.036075188270945684,0.008662949972068408,2.089488789898386,0.1979999542236328,0.05507145609174456,4.8413848797200005,4.606015070307465,0.049827425674267414,0.0,0.0,,0,0.0239854179507695,0.03990641871074168,0.10775345128222755,0.0,0.2236275763138474,0.00041611630143052134,0.013103104033310367,False,False,True,False
2026-09-10,4.88100004196167,4.952000141143799,4.879000186920166,4.943999767303467,0,valid,4.826599979400635,4.787499952316284,4.736799955368042,4.6618999671936034,4.554889974594116,4.3706849873065945,4.809537483746345,4.7547930789247,4.669660677737575,4.447471356582196,0.022121123935865405,0.03085899986885976,0.05595890604882481,0.10628774205168234,0.1548702659906962,0.21354931536879906,0.1428634559030213,0.1390329107008667,74.12450657971027,1.0,0.05591155639624201,0.04004246189600495,0.01586909450023706,5.102035954778716,0.2799997329711914,0.05892859186444964,4.888386084439661,4.585213826296423,0.0640036017986498,0.0,0.0,,0,0.04374257175471657,0.06051176603853286,0.13117275247744947,0.0,0.25069559358082866,0.009096578404964391,0.014955942142195556,False,False,True,False
2026-09-11,4.954999923706055,4.985000133514404,4.9039998054504395,4.974999904632568,0,valid,4.869199943542481,4.8177999496459964,4.753499960899353,4.671899967193603,4.562139973640442,4.375244985818863,4.84262996792359,4.775765157563544,4.681634765066791,4.452720396861304,0.006270254609257231,0.04472906697929768,0.07196727546886938,0.12353205389207567,0.13299934821754555,0.23387892475587813,0.13661101910535853,0.13745665405932464,73.558657157727,0.9771492221667551,0.06650143563204658,0.04533425664321328,0.0211671789888333,7.2429396440712335,0.30299997329711914,0.06100004059927804,4.931873268567721,4.575126653230984,0.075049251766322,0.0,0.0,,0,0.046597232682275724,0.06487723186869439,0.13707916259721303,0.0,0.25853777339125666,0.0022249508333993195,0.016347190577428155,False,False,True,False
2026-09-14,4.979000091552734,5.01200008392334,4.934000015258789,4.960999965667725,0,valid,4.904599952697754,4.841899967193603,4.7667499542236325,4.68141996383667,4.568829975128174,4.379859985113144,4.866303967472417,4.79340656785918,4.692590263129573,4.457777905008632,-0.0028140581373292672,0.0369983379473775,0.05643097548736198,0.11158417319392977,0.14467001362187526,0.23684860937955654,0.134647546438725,0.13723854201303548,76.6045626325371,1.0,0.07292369419701128,0.05085214415397288,0.0220715500430384,6.367923009202325,0.24100017547607422,0.06242861066545759,4.965360759378435,4.56813914906883,0.08333174891157084,0.0,0.0,,0,0.04075103861321166,0.0597211965580469,0.13268460236853177,-0.002814058137329296,0.2549961749289087,0.0008040576878084285,0.015665809847419773,False,False,False,False
2026-09-15,5.010000228881836,5.015999794006348,4.986999988555908,4.995999813079834,0,valid,4.942599868774414,4.86569995880127,4.780349946022033,4.691759958267212,4.57584997177124,4.384829984903336,4.892243136593901,4.8127011626420995,4.704488676853113,4.463133346879988,0.0070549985193153475,0.03953382671325767,0.05757828901055895,0.1224442986519576,0.13752267473497115,0.23023885068738048,0.1350449995601031,0.13732966073239475,89.40399512004623,1.0,0.07991634962754102,0.0566649852486865,0.023251364378854514,6.934929077616059,0.23799991607666016,0.06157146181379046,5.00249188184559,4.558208010198476,0.09293961251034032,0.0,0.0,,0,0.04511173229843845,0.06484557128216467,0.13938278799422407,0.0,0.2638501710847786,0.00987709404418755,0.005788384057002691,False,False,True,False
2026-09-16,4.979000091552734,5.00600004196167,4.939000129699707,5.00600004196167,0,valid,4.976399898529053,4.886699962615967,4.795349955558777,4.701299962997436,4.582679972648621,4.389869985580444,4.914994517667455,4.8311105797201535,4.716312651955409,4.468535005537517,0.0020016471689319193,0.03493904331302167,0.0637484488353004,0.1102240489641666,0.1566543351526155,0.24095194382068552,0.13280773592762127,0.13537969668767394,89.04112124299985,0.9904812316708632,0.08528193724457012,0.06238837564786323,0.022893561596706885,6.059327637351575,0.21000003814697266,0.06285715103149414,5.036089369961804,4.55461054115575,0.1004053579547251,0.0,0.0,,0,0.04392799031459783,0.06481187785558025,0.1403526888962656,0.0,0.2663799532016846,-0.003402666565878024,0.013456499503913148,False,False,True,False
2026-09-17,4.953000068664551,4.9629998207092285,4.940999984741211,4.947000026702881,0,valid,4.976999950408936,4.901799964904785,4.810049962997437,4.708859968185425,4.589049973487854,4.3945199847221375,4.92139561947454,4.842147669908985,4.725359215670997,4.4732958515192625,-0.011785859920941832,0.0006068486125860861,0.0631850755396981,0.10104607013167621,0.12024459932774167,0.22876303988542634,0.13357108425889683,0.13779549655085427,78.11862815173373,0.6966523283571023,0.08380731735413871,0.06667216398911832,0.01713515336502039,3.9722600628627314,0.1510000228881836,0.06528575079781669,5.050094194415798,4.570005731579076,0.09980945448174713,0.0,0.0,,0,0.02847165097222861,0.05057276286116113,0.12572022516713538,-0.01178585992094181,0.2514545764665607,-0.010587289822784415,0.004441719293969093,False,False,False,False
2026-09-18,4.980000019073486,5.007999897003174,4.9710001945495605,4.998000144958496,0,valid,4.981599998474121,4.925399971008301,4.825149965286255,4.71803997039795,4.595669975280762,4.399029984474182,4.936716524571331,4.856990762770843,4.736051016819527,4.4785167897624385,0.010309302199378756,0.004623163973231481,0.06431005949700985,0.1353930489013735,0.1256756938168504,0.22620213027808167,0.13427407000834396,0.13112620604716477,78.25206265949085,0.6619985751667732,0.0857653047383895,0.07049079213897257,0.015274512599416937,4.211846142267084,0.23600006103515625,0.06421429770333427,5.072858858527923,4.5774410720445875,0.1026740702460103,0.0,0.0,,0,0.03582275803151884,0.05933823713174961,0.13615959941130282,-0.001598061713167497,0.26435619988415016,0.006670707942688164,0.00742965909877586,False,False,False,False
2026-09-21,4.953000068664551,4.97599983215332,4.951000213623047,4.9629998207092285,0,valid,4.9819999694824215,4.943299961090088,4.836399960517883,4.725919971466064,4.601759972572327,4.403414983749389,4.941973183798911,4.86708686352688,4.7449509699132415,4.483337516438526,-0.007002865793145796,0.00040311531049064264,0.047488372439415505,0.1300090156092506,0.1430216057090432,0.2093079215384459,0.13705845384765317,0.13216234084578243,70.9611236577384,0.4410191368783043,0.08352990939005878,0.07309861558918981,0.010431293800868963,3.482064569676835,0.1789999008178711,0.06414284024919782,5.087852481396067,4.584947439639699,0.10398334419441112,0.0,0.0,,0,0.026176466219677383,0.05016586202783665,0.12707974129737096,-0.008589736494606816,0.25550208310162964,-0.009003616444336657,0.0050473689044413725,False,False,False,False
2026-09-22,4.928999900817871,4.949000358581543,4.925999641418457,4.936999797821045,0,valid,4.970199966430664,4.956399917602539,4.848049950599671,4.7324799633026124,4.606949968338013,4.407814981937409,4.940978506603338,4.873745238221562,4.7524822964978615,4.487851568989596,-0.005238771675891041,-0.01180945105408604,0.0495322707960657,0.1292313706046484,0.14520991564705077,0.19280016202555905,0.13543406519982362,0.13231642131276636,64.77984529290983,0.25367215446133895,0.07875254756891792,0.07422940198513543,0.004523145583782487,3.674920428676809,0.13099956512451172,0.06335711479187012,5.095228083701672,4.600871817497669,0.10197012638924113,0.0,0.0,,0,0.018347551722393423,0.04321620716925468,0.1200560409300661,-0.013783508502246498,0.24892479434965467,-0.0068506792503769875,0.004666406497445743,False,False,False,False
