date,open,high,low,close,adj_close,volume,symbol,market,currency,unit,provider,source,retrieval_timestamp,timezone,quality_status
2021-03-31,22.309999465942383,22.760000228881836,22.260000228881836,22.700000762939453,22.700000762939453,24331300,SLV,spot,USD,oz,yfinance,yfinance:SLV,2026-09-14T13:24:20.029555+00:00,UTC,valid
2021-04-01,22.8700008392334,23.149999618530273,22.799999237060547,23.149999618530273,23.149999618530273,21555400,SLV,spot,USD,oz,yfinance,yfinance:SLV,2026-09-14T13:24:20.029555+00:00,UTC,valid
2021-04-05,23.040000915527344,23.200000762939453,22.889999389648438,23.09000015258789,23.09000015258789,13959600,SLV,spot,USD,oz,yfinance,yfinance:SLV,2026-09-14T13:24:20.029555+00:00,UTC,valid
2021-04-06,23.280000686645508,23.479999542236328,23.25,23.34000015258789,23.34000015258789,18963100,SLV,spot,USD,oz,yfinance,yfinance:SLV,2026-09-14T13:24:20.029555+00:00,UTC,valid
2021-04-07,23.25,23.469999313354492,23.200000762939453,23.329999923706055,23.329999923706055,12932700,SLV,spot,USD,oz,yfinance,yfinance:SLV,2026-09-14T13:24:20.029555+00:00,UTC,valid
2021-04-08,23.68000030517578,23.780000686645508,23.579999923706055,23.6200008392334,23.6200008392334,16756100,SLV,spot,USD,oz,yfinance,yfinance:SLV,2026-09-14T13:24:20.029555+00:00,UTC,valid
2021-04-09,23.290000915527344,23.489999771118164,23.25,23.40999984741211,23.40999984741211,15692800,SLV,spot,USD,oz,yfinance,yfinance:SLV,2026-09-14T13:24:20.029555+00:00,UTC,valid
2021-04-12,23.280000686645508,23.31999969482422,22.93000030517578,23.040000915527344,23.040000915527344,22788400,SLV,spot,USD,oz,yfinance,yfinance:SLV,2026-09-14T13:24:20.029555+00:00,UTC,valid
2021-04-13,23.510000228881836,23.65999984741211,23.469999313354492,23.510000228881836,23.510000228881836,18876600,SLV,spot,USD,oz,yfinance,yfinance:SLV,2026-09-14T13:24:20.029555+00:00,UTC,valid
2021-04-14,23.43000030517578,23.649999618530273,23.43000030517578,23.59000015258789,23.59000015258789,11107100,SLV,spot,USD,oz,yfinance,yfinance:SLV,2026-09-14T13:24:20.029555+00:00,UTC,valid
2021-04-15,23.780000686645508,24.1299991607666,23.760000228881836,24.030000686645508,24.030000686645508,29376600,SLV,spot,USD,oz,yfinance,yfinance:SLV,2026-09-14T13:24:20.029555+00:00,UTC,valid
2021-04-16,24.200000762939453,24.219999313354492,24.059999465942383,24.09000015258789,24.09000015258789,20854500,SLV,spot,USD,oz,yfinance,yfinance:SLV,2026-09-14T13:24:20.029555+00:00,UTC,valid
2021-04-19,23.93000030517578,24.049999237060547,23.790000915527344,23.979999542236328,23.979999542236328,16333300,SLV,spot,USD,oz,yfinance,yfinance:SLV,2026-09-14T13:24:20.029555+00:00,UTC,valid
2021-04-20,23.899999618530273,24.219999313354492,23.899999618530273,23.959999084472656,23.959999084472656,20911600,SLV,spot,USD,oz,yfinance,yfinance:SLV,2026-09-14T13:24:20.029555+00:00,UTC,valid
2021-04-21,24.149999618530273,24.739999771118164,24.1200008392334,24.700000762939453,24.700000762939453,32992900,SLV,spot,USD,oz,yfinance,yfinance:SLV,2026-09-14T13:24:20.029555+00:00,UTC,valid
2021-04-22,24.43000030517578,24.469999313354492,24.110000610351562,24.209999084472656,24.209999084472656,25916400,SLV,spot,USD,oz,yfinance,yfinance:SLV,2026-09-14T13:24:20.029555+00:00,UTC,valid
2021-04-23,24.329999923706055,24.389999389648438,23.979999542236328,24.139999389648438,24.139999389648438,18439900,SLV,spot,USD,oz,yfinance,yfinance:SLV,2026-09-14T13:24:20.029555+00:00,UTC,valid
2021-04-26,24.329999923706055,24.329999923706055,24.18000030517578,24.299999237060547,24.299999237060547,11054500,SLV,spot,USD,oz,yfinance,yfinance:SLV,2026-09-14T13:24:20.029555+00:00,UTC,valid
2021-04-27,24.450000762939453,24.530000686645508,24.350000381469727,24.389999389648438,24.389999389648438,12866200,SLV,spot,USD,oz,yfinance,yfinance:SLV,2026-09-14T13:24:20.029555+00:00,UTC,valid
2021-04-28,24.100000381469727,24.399999618530273,23.969999313354492,24.399999618530273,24.399999618530273,20534500,SLV,spot,USD,oz,yfinance,yfinance:SLV,2026-09-14T13:24:20.029555+00:00,UTC,valid
2021-04-29,24.219999313354492,24.270000457763672,23.860000610351562,24.25,24.25,23251500,SLV,spot,USD,oz,yfinance,yfinance:SLV,2026-09-14T13:24:20.029555+00:00,UTC,valid
2021-04-30,24.209999084472656,24.270000457763672,23.950000762939453,24.010000228881836,24.010000228881836,16806800,SLV,spot,USD,oz,yfinance,yfinance:SLV,2026-09-14T13:24:20.029555+00:00,UTC,valid
2021-05-03,24.610000610351562,25.049999237060547,24.510000228881836,24.959999084472656,24.959999084472656,36331500,SLV,spot,USD,oz,yfinance,yfinance:SLV,2026-09-14T13:24:20.029555+00:00,UTC,valid
2021-05-04,25.0,25.15999984741211,24.209999084472656,24.56999969482422,24.56999969482422,37719400,SLV,spot,USD,oz,yfinance,yfinance:SLV,2026-09-14T13:24:20.029555+00:00,UTC,valid
2021-05-05,24.5,24.600000381469727,24.469999313354492,24.56999969482422,24.56999969482422,7161100,SLV,spot,USD,oz,yfinance,yfinance:SLV,2026-09-14T13:24:20.029555+00:00,UTC,valid
2021-05-06,24.899999618530273,25.479999542236328,24.899999618530273,25.3700008392334,25.3700008392334,32473600,SLV,spot,USD,oz,yfinance,yfinance:SLV,2026-09-14T13:24:20.029555+00:00,UTC,valid
2021-05-07,25.280000686645508,25.5,25.170000076293945,25.469999313354492,25.469999313354492,25364400,SLV,spot,USD,oz,yfinance,yfinance:SLV,2026-09-14T13:24:20.029555+00:00,UTC,valid
2021-05-10,25.799999237060547,25.8700008392334,25.260000228881836,25.350000381469727,25.350000381469727,28424200,SLV,spot,USD,oz,yfinance,yfinance:SLV,2026-09-14T13:24:20.029555+00:00,UTC,valid
2021-05-11,25.229999542236328,25.670000076293945,25.190000534057617,25.670000076293945,25.670000076293945,23444100,SLV,spot,USD,oz,yfinance,yfinance:SLV,2026-09-14T13:24:20.029555+00:00,UTC,valid
2021-05-12,25.399999618530273,25.56999969482422,25.049999237060547,25.09000015258789,25.09000015258789,35338100,SLV,spot,USD,oz,yfinance,yfinance:SLV,2026-09-14T13:24:20.029555+00:00,UTC,valid
2021-05-13,24.969999313354492,25.190000534057617,24.920000076293945,25.15999984741211,25.15999984741211,25131000,SLV,spot,USD,oz,yfinance,yfinance:SLV,2026-09-14T13:24:20.029555+00:00,UTC,valid
2021-05-14,25.389999389648438,25.5,25.290000915527344,25.459999084472656,25.459999084472656,22955700,SLV,spot,USD,oz,yfinance,yfinance:SLV,2026-09-14T13:24:20.029555+00:00,UTC,valid
2021-05-17,25.559999465942383,26.25,25.549999237060547,26.190000534057617,26.190000534057617,41874700,SLV,spot,USD,oz,yfinance,yfinance:SLV,2026-09-14T13:24:20.029555+00:00,UTC,valid
2021-05-18,26.3700008392334,26.389999389648438,25.979999542236328,26.149999618530273,26.149999618530273,28338900,SLV,spot,USD,oz,yfinance,yfinance:SLV,2026-09-14T13:24:20.029555+00:00,UTC,valid
2021-05-19,25.690000534057617,26.200000762939453,25.489999771118164,25.729999542236328,25.729999542236328,43585700,SLV,spot,USD,oz,yfinance,yfinance:SLV,2026-09-14T13:24:20.029555+00:00,UTC,valid
2021-05-20,25.809999465942383,25.979999542236328,25.649999618530273,25.790000915527344,25.790000915527344,20364600,SLV,spot,USD,oz,yfinance,yfinance:SLV,2026-09-14T13:24:20.029555+00:00,UTC,valid
2021-05-21,25.979999542236328,25.989999771118164,25.229999542236328,25.530000686645508,25.530000686645508,31146300,SLV,spot,USD,oz,yfinance,yfinance:SLV,2026-09-14T13:24:20.029555+00:00,UTC,valid
2021-05-24,25.729999542236328,25.889999389648438,25.649999618530273,25.75,25.75,15601800,SLV,spot,USD,oz,yfinance,yfinance:SLV,2026-09-14T13:24:20.029555+00:00,UTC,valid
2021-05-25,25.530000686645508,26.010000228881836,25.510000228881836,25.989999771118164,25.989999771118164,24282100,SLV,spot,USD,oz,yfinance,yfinance:SLV,2026-09-14T13:24:20.029555+00:00,UTC,valid
2021-05-26,25.8700008392334,25.959999084472656,25.600000381469727,25.670000076293945,25.670000076293945,23720300,SLV,spot,USD,oz,yfinance,yfinance:SLV,2026-09-14T13:24:20.029555+00:00,UTC,valid
2021-05-27,25.670000076293945,25.8700008392334,25.530000686645508,25.850000381469727,25.850000381469727,18584800,SLV,spot,USD,oz,yfinance,yfinance:SLV,2026-09-14T13:24:20.029555+00:00,UTC,valid
2021-05-28,25.6299991607666,25.950000762939453,25.6200008392334,25.899999618530273,25.899999618530273,22529800,SLV,spot,USD,oz,yfinance,yfinance:SLV,2026-09-14T13:24:20.029555+00:00,UTC,valid
2021-06-01,26.3799991607666,26.43000030517578,25.829999923706055,25.84000015258789,25.84000015258789,26118400,SLV,spot,USD,oz,yfinance,yfinance:SLV,2026-09-14T13:24:20.029555+00:00,UTC,valid
2021-06-02,25.959999084472656,26.149999618530273,25.889999389648438,26.149999618530273,26.149999618530273,14522800,SLV,spot,USD,oz,yfinance,yfinance:SLV,2026-09-14T13:24:20.029555+00:00,UTC,valid
2021-06-03,25.440000534057617,25.489999771118164,25.06999969482422,25.459999084472656,25.459999084472656,31455700,SLV,spot,USD,oz,yfinance,yfinance:SLV,2026-09-14T13:24:20.029555+00:00,UTC,valid
2021-06-04,25.719999313354492,25.829999923706055,25.700000762939453,25.780000686645508,25.780000686645508,19065400,SLV,spot,USD,oz,yfinance,yfinance:SLV,2026-09-14T13:24:20.029555+00:00,UTC,valid
2021-06-07,25.799999237060547,25.93000030517578,25.719999313354492,25.899999618530273,25.899999618530273,17188700,SLV,spot,USD,oz,yfinance,yfinance:SLV,2026-09-14T13:24:20.029555+00:00,UTC,valid
2021-06-08,25.719999313354492,25.799999237060547,25.510000228881836,25.610000610351562,25.610000610351562,23460100,SLV,spot,USD,oz,yfinance,yfinance:SLV,2026-09-14T13:24:20.029555+00:00,UTC,valid
2021-06-09,25.829999923706055,25.969999313354492,25.719999313354492,25.780000686645508,25.780000686645508,21620900,SLV,spot,USD,oz,yfinance,yfinance:SLV,2026-09-14T13:24:20.029555+00:00,UTC,valid
2021-06-10,25.739999771118164,26.010000228881836,25.65999984741211,25.969999313354492,25.969999313354492,24057200,SLV,spot,USD,oz,yfinance,yfinance:SLV,2026-09-14T13:24:20.029555+00:00,UTC,valid
2021-06-11,26.139999389648438,26.209999084472656,25.8700008392334,25.8700008392334,25.8700008392334,24834400,SLV,spot,USD,oz,yfinance,yfinance:SLV,2026-09-14T13:24:20.029555+00:00,UTC,valid
2021-06-14,25.59000015258789,25.989999771118164,25.559999465942383,25.84000015258789,25.84000015258789,22004400,SLV,spot,USD,oz,yfinance,yfinance:SLV,2026-09-14T13:24:20.029555+00:00,UTC,valid
2021-06-15,25.68000030517578,25.709999084472656,25.40999984741211,25.649999618530273,25.649999618530273,18546700,SLV,spot,USD,oz,yfinance,yfinance:SLV,2026-09-14T13:24:20.029555+00:00,UTC,valid
2021-06-16,25.719999313354492,25.809999465942383,25.25,25.260000228881836,25.260000228881836,41137100,SLV,spot,USD,oz,yfinance,yfinance:SLV,2026-09-14T13:24:20.029555+00:00,UTC,valid
2021-06-17,24.360000610351562,24.469999313354492,23.889999389648438,24.049999237060547,24.049999237060547,74182600,SLV,spot,USD,oz,yfinance,yfinance:SLV,2026-09-14T13:24:20.029555+00:00,UTC,valid
2021-06-18,24.09000015258789,24.219999313354492,23.8700008392334,23.8799991607666,23.8799991607666,34088200,SLV,spot,USD,oz,yfinance,yfinance:SLV,2026-09-14T13:24:20.029555+00:00,UTC,valid
2021-06-21,24.079999923706055,24.139999389648438,23.950000762939453,24.079999923706055,24.079999923706055,20624800,SLV,spot,USD,oz,yfinance,yfinance:SLV,2026-09-14T13:24:20.029555+00:00,UTC,valid
2021-06-22,23.959999084472656,24.0,23.84000015258789,23.850000381469727,23.850000381469727,17654500,SLV,spot,USD,oz,yfinance,yfinance:SLV,2026-09-14T13:24:20.029555+00:00,UTC,valid
2021-06-23,24.049999237060547,24.3799991607666,23.90999984741211,23.93000030517578,23.93000030517578,18042000,SLV,spot,USD,oz,yfinance,yfinance:SLV,2026-09-14T13:24:20.029555+00:00,UTC,valid
2021-06-24,24.200000762939453,24.270000457763672,23.979999542236328,24.040000915527344,24.040000915527344,20312400,SLV,spot,USD,oz,yfinance,yfinance:SLV,2026-09-14T13:24:20.029555+00:00,UTC,valid
2021-06-25,24.329999923706055,24.329999923706055,24.079999923706055,24.18000030517578,24.18000030517578,12456400,SLV,spot,USD,oz,yfinance,yfinance:SLV,2026-09-14T13:24:20.029555+00:00,UTC,valid
2021-06-28,24.229999542236328,24.309999465942383,24.15999984741211,24.209999084472656,24.209999084472656,13712200,SLV,spot,USD,oz,yfinance,yfinance:SLV,2026-09-14T13:24:20.029555+00:00,UTC,valid
2021-06-29,23.850000381469727,23.969999313354492,23.75,23.889999389648438,23.889999389648438,19437900,SLV,spot,USD,oz,yfinance,yfinance:SLV,2026-09-14T13:24:20.029555+00:00,UTC,valid
2021-06-30,23.989999771118164,24.25,23.950000762939453,24.219999313354492,24.219999313354492,19309700,SLV,spot,USD,oz,yfinance,yfinance:SLV,2026-09-14T13:24:20.029555+00:00,UTC,valid
2021-07-01,24.34000015258789,24.360000610351562,24.059999465942383,24.110000610351562,24.110000610351562,14288000,SLV,spot,USD,oz,yfinance,yfinance:SLV,2026-09-14T13:24:20.029555+00:00,UTC,valid
2021-07-02,24.479999542236328,24.6299991607666,24.299999237060547,24.549999237060547,24.549999237060547,21322000,SLV,spot,USD,oz,yfinance,yfinance:SLV,2026-09-14T13:24:20.029555+00:00,UTC,valid
2021-07-06,24.649999618530273,24.690000534057617,24.110000610351562,24.229999542236328,24.229999542236328,23825300,SLV,spot,USD,oz,yfinance,yfinance:SLV,2026-09-14T13:24:20.029555+00:00,UTC,valid
2021-07-07,24.389999389648438,24.440000534057617,24.079999923706055,24.239999771118164,24.239999771118164,24910700,SLV,spot,USD,oz,yfinance,yfinance:SLV,2026-09-14T13:24:20.029555+00:00,UTC,valid
2021-07-08,24.239999771118164,24.260000228881836,23.920000076293945,24.010000228881836,24.010000228881836,22355000,SLV,spot,USD,oz,yfinance,yfinance:SLV,2026-09-14T13:24:20.029555+00:00,UTC,valid
2021-07-09,24.06999969482422,24.290000915527344,24.049999237060547,24.190000534057617,24.190000534057617,11456600,SLV,spot,USD,oz,yfinance,yfinance:SLV,2026-09-14T13:24:20.029555+00:00,UTC,valid
2021-07-12,24.200000762939453,24.34000015258789,24.049999237060547,24.280000686645508,24.280000686645508,13849900,SLV,spot,USD,oz,yfinance,yfinance:SLV,2026-09-14T13:24:20.029555+00:00,UTC,valid
2021-07-13,24.149999618530273,24.309999465942383,24.049999237060547,24.079999923706055,24.079999923706055,16394600,SLV,spot,USD,oz,yfinance,yfinance:SLV,2026-09-14T13:24:20.029555+00:00,UTC,valid
2021-07-14,24.510000228881836,24.530000686645508,24.149999618530273,24.329999923706055,24.329999923706055,26679000,SLV,spot,USD,oz,yfinance,yfinance:SLV,2026-09-14T13:24:20.029555+00:00,UTC,valid
2021-07-15,24.3799991607666,24.440000534057617,24.280000686645508,24.3799991607666,24.3799991607666,13954900,SLV,spot,USD,oz,yfinance,yfinance:SLV,2026-09-14T13:24:20.029555+00:00,UTC,valid
2021-07-16,24.15999984741211,24.229999542236328,23.719999313354492,23.770000457763672,23.770000457763672,32457000,SLV,spot,USD,oz,yfinance,yfinance:SLV,2026-09-14T13:24:20.029555+00:00,UTC,valid
2021-07-19,23.469999313354492,23.510000228881836,23.18000030517578,23.290000915527344,23.290000915527344,36393400,SLV,spot,USD,oz,yfinance,yfinance:SLV,2026-09-14T13:24:20.029555+00:00,UTC,valid
2021-07-20,23.239999771118164,23.350000381469727,23.0,23.139999389648438,23.139999389648438,25553500,SLV,spot,USD,oz,yfinance,yfinance:SLV,2026-09-14T13:24:20.029555+00:00,UTC,valid
2021-07-21,23.190000534057617,23.459999084472656,23.18000030517578,23.420000076293945,23.420000076293945,17069000,SLV,spot,USD,oz,yfinance,yfinance:SLV,2026-09-14T13:24:20.029555+00:00,UTC,valid
2021-07-22,23.31999969482422,23.600000381469727,23.18000030517578,23.559999465942383,23.559999465942383,14275000,SLV,spot,USD,oz,yfinance,yfinance:SLV,2026-09-14T13:24:20.029555+00:00,UTC,valid
2021-07-23,23.350000381469727,23.40999984741211,23.170000076293945,23.350000381469727,23.350000381469727,13999100,SLV,spot,USD,oz,yfinance,yfinance:SLV,2026-09-14T13:24:20.029555+00:00,UTC,valid
2021-07-26,23.350000381469727,23.450000762939453,23.31999969482422,23.360000610351562,23.360000610351562,11047700,SLV,spot,USD,oz,yfinance,yfinance:SLV,2026-09-14T13:24:20.029555+00:00,UTC,valid
2021-07-27,23.299999237060547,23.309999465942383,22.690000534057617,22.959999084472656,22.959999084472656,27749000,SLV,spot,USD,oz,yfinance,yfinance:SLV,2026-09-14T13:24:20.029555+00:00,UTC,valid
2021-07-28,22.899999618530273,23.18000030517578,22.809999465942383,23.170000076293945,23.170000076293945,19356600,SLV,spot,USD,oz,yfinance,yfinance:SLV,2026-09-14T13:24:20.029555+00:00,UTC,valid
2021-07-29,23.639999389648438,23.90999984741211,23.639999389648438,23.719999313354492,23.719999313354492,28655100,SLV,spot,USD,oz,yfinance,yfinance:SLV,2026-09-14T13:24:20.029555+00:00,UTC,valid
2021-07-30,23.670000076293945,23.739999771118164,23.489999771118164,23.6299991607666,23.6299991607666,13908400,SLV,spot,USD,oz,yfinance,yfinance:SLV,2026-09-14T13:24:20.029555+00:00,UTC,valid
2021-08-02,23.469999313354492,23.670000076293945,23.469999313354492,23.530000686645508,23.530000686645508,14364300,SLV,spot,USD,oz,yfinance,yfinance:SLV,2026-09-14T13:24:20.029555+00:00,UTC,valid
2021-08-03,23.65999984741211,23.719999313354492,23.559999465942383,23.68000030517578,23.68000030517578,11872500,SLV,spot,USD,oz,yfinance,yfinance:SLV,2026-09-14T13:24:20.029555+00:00,UTC,valid
2021-08-04,24.020000457763672,24.06999969482422,23.459999084472656,23.540000915527344,23.540000915527344,23504500,SLV,spot,USD,oz,yfinance,yfinance:SLV,2026-09-14T13:24:20.029555+00:00,UTC,valid
2021-08-05,23.549999237060547,23.56999969482422,23.239999771118164,23.299999237060547,23.299999237060547,14401700,SLV,spot,USD,oz,yfinance,yfinance:SLV,2026-09-14T13:24:20.029555+00:00,UTC,valid
2021-08-06,22.670000076293945,22.690000534057617,22.420000076293945,22.520000457763672,22.520000457763672,35763900,SLV,spot,USD,oz,yfinance,yfinance:SLV,2026-09-14T13:24:20.029555+00:00,UTC,valid
2021-08-09,22.09000015258789,22.15999984741211,21.530000686645508,21.75,21.75,44597700,SLV,spot,USD,oz,yfinance,yfinance:SLV,2026-09-14T13:24:20.029555+00:00,UTC,valid
2021-08-10,21.600000381469727,21.760000228881836,21.549999237060547,21.6200008392334,21.6200008392334,17390800,SLV,spot,USD,oz,yfinance,yfinance:SLV,2026-09-14T13:24:20.029555+00:00,UTC,valid
2021-08-11,21.770000457763672,21.860000610351562,21.6299991607666,21.84000015258789,21.84000015258789,15281500,SLV,spot,USD,oz,yfinance,yfinance:SLV,2026-09-14T13:24:20.029555+00:00,UTC,valid
2021-08-12,21.6299991607666,21.6299991607666,21.31999969482422,21.5,21.5,17854300,SLV,spot,USD,oz,yfinance,yfinance:SLV,2026-09-14T13:24:20.029555+00:00,UTC,valid
2021-08-13,21.760000228881836,22.09000015258789,21.700000762939453,21.969999313354492,21.969999313354492,20165300,SLV,spot,USD,oz,yfinance,yfinance:SLV,2026-09-14T13:24:20.029555+00:00,UTC,valid
2021-08-16,22.0,22.149999618530273,21.889999389648438,22.100000381469727,22.100000381469727,13542400,SLV,spot,USD,oz,yfinance,yfinance:SLV,2026-09-14T13:24:20.029555+00:00,UTC,valid
2021-08-17,22.030000686645508,22.149999618530273,21.84000015258789,21.899999618530273,21.899999618530273,17660400,SLV,spot,USD,oz,yfinance,yfinance:SLV,2026-09-14T13:24:20.029555+00:00,UTC,valid
2021-08-18,21.8799991607666,21.8799991607666,21.579999923706055,21.760000228881836,21.760000228881836,19311700,SLV,spot,USD,oz,yfinance,yfinance:SLV,2026-09-14T13:24:20.029555+00:00,UTC,valid
2021-08-19,21.670000076293945,21.690000534057617,21.43000030517578,21.510000228881836,21.510000228881836,16659700,SLV,spot,USD,oz,yfinance,yfinance:SLV,2026-09-14T13:24:20.029555+00:00,UTC,valid
2021-08-20,21.450000762939453,21.540000915527344,21.200000762939453,21.350000381469727,21.350000381469727,16170000,SLV,spot,USD,oz,yfinance,yfinance:SLV,2026-09-14T13:24:20.029555+00:00,UTC,valid
2021-08-23,21.850000381469727,21.950000762939453,21.719999313354492,21.8799991607666,21.8799991607666,17623900,SLV,spot,USD,oz,yfinance,yfinance:SLV,2026-09-14T13:24:20.029555+00:00,UTC,valid
2021-08-24,22.100000381469727,22.200000762939453,21.979999542236328,22.079999923706055,22.079999923706055,17851300,SLV,spot,USD,oz,yfinance,yfinance:SLV,2026-09-14T13:24:20.029555+00:00,UTC,valid
2021-08-25,22.079999923706055,22.1299991607666,21.84000015258789,22.09000015258789,22.09000015258789,15318900,SLV,spot,USD,oz,yfinance,yfinance:SLV,2026-09-14T13:24:20.029555+00:00,UTC,valid
2021-08-26,21.899999618530273,21.979999542236328,21.709999084472656,21.850000381469727,21.850000381469727,15730700,SLV,spot,USD,oz,yfinance,yfinance:SLV,2026-09-14T13:24:20.029555+00:00,UTC,valid
2021-08-27,21.709999084472656,22.350000381469727,21.6200008392334,22.329999923706055,22.329999923706055,38222000,SLV,spot,USD,oz,yfinance,yfinance:SLV,2026-09-14T13:24:20.029555+00:00,UTC,valid
2021-08-30,22.350000381469727,22.3799991607666,22.149999618530273,22.260000228881836,22.260000228881836,12848400,SLV,spot,USD,oz,yfinance,yfinance:SLV,2026-09-14T13:24:20.029555+00:00,UTC,valid
2021-08-31,22.309999465942383,22.3799991607666,22.049999237060547,22.139999389648438,22.139999389648438,17200000,SLV,spot,USD,oz,yfinance,yfinance:SLV,2026-09-14T13:24:20.029555+00:00,UTC,valid
2021-09-01,22.360000610351562,22.479999542236328,22.309999465942383,22.3700008392334,22.3700008392334,17441700,SLV,spot,USD,oz,yfinance,yfinance:SLV,2026-09-14T13:24:20.029555+00:00,UTC,valid
2021-09-02,22.270000457763672,22.270000457763672,22.040000915527344,22.139999389648438,22.139999389648438,16640000,SLV,spot,USD,oz,yfinance,yfinance:SLV,2026-09-14T13:24:20.029555+00:00,UTC,valid
2021-09-03,22.600000381469727,23.040000915527344,22.540000915527344,22.8799991607666,22.8799991607666,28096100,SLV,spot,USD,oz,yfinance,yfinance:SLV,2026-09-14T13:24:20.029555+00:00,UTC,valid
2021-09-07,22.670000076293945,22.75,22.3799991607666,22.510000228881836,22.510000228881836,22419700,SLV,spot,USD,oz,yfinance,yfinance:SLV,2026-09-14T13:24:20.029555+00:00,UTC,valid
2021-09-08,22.469999313354492,22.489999771118164,22.139999389648438,22.170000076293945,22.170000076293945,23791200,SLV,spot,USD,oz,yfinance,yfinance:SLV,2026-09-14T13:24:20.029555+00:00,UTC,valid
2021-09-09,22.440000534057617,22.450000762939453,22.170000076293945,22.270000457763672,22.270000457763672,18791200,SLV,spot,USD,oz,yfinance,yfinance:SLV,2026-09-14T13:24:20.029555+00:00,UTC,valid
2021-09-10,22.309999465942383,22.3799991607666,21.989999771118164,21.989999771118164,21.989999771118164,17930300,SLV,spot,USD,oz,yfinance,yfinance:SLV,2026-09-14T13:24:20.029555+00:00,UTC,valid
2021-09-13,21.799999237060547,22.100000381469727,21.770000457763672,21.989999771118164,21.989999771118164,18019700,SLV,spot,USD,oz,yfinance,yfinance:SLV,2026-09-14T13:24:20.029555+00:00,UTC,valid
2021-09-14,22.040000915527344,22.190000534057617,21.8700008392334,22.100000381469727,22.100000381469727,19070100,SLV,spot,USD,oz,yfinance,yfinance:SLV,2026-09-14T13:24:20.029555+00:00,UTC,valid
2021-09-15,22.059999465942383,22.149999618530273,21.950000762939453,22.06999969482422,22.06999969482422,13448200,SLV,spot,USD,oz,yfinance,yfinance:SLV,2026-09-14T13:24:20.029555+00:00,UTC,valid
2021-09-16,21.34000015258789,21.350000381469727,20.93000030517578,21.25,21.25,52910400,SLV,spot,USD,oz,yfinance,yfinance:SLV,2026-09-14T13:24:20.029555+00:00,UTC,valid
2021-09-17,20.989999771118164,21.010000228881836,20.68000030517578,20.739999771118164,20.739999771118164,44713900,SLV,spot,USD,oz,yfinance,yfinance:SLV,2026-09-14T13:24:20.029555+00:00,UTC,valid
2021-09-20,20.639999389648438,20.850000381469727,20.520000457763672,20.59000015258789,20.59000015258789,24491900,SLV,spot,USD,oz,yfinance,yfinance:SLV,2026-09-14T13:24:20.029555+00:00,UTC,valid
2021-09-21,20.8700008392334,21.049999237060547,20.719999313354492,20.84000015258789,20.84000015258789,23205400,SLV,spot,USD,oz,yfinance,yfinance:SLV,2026-09-14T13:24:20.029555+00:00,UTC,valid
2021-09-22,21.09000015258789,21.440000534057617,20.920000076293945,20.989999771118164,20.989999771118164,46929100,SLV,spot,USD,oz,yfinance,yfinance:SLV,2026-09-14T13:24:20.029555+00:00,UTC,valid
2021-09-23,20.940000534057617,21.049999237060547,20.8799991607666,20.90999984741211,20.90999984741211,22303100,SLV,spot,USD,oz,yfinance,yfinance:SLV,2026-09-14T13:24:20.029555+00:00,UTC,valid
2021-09-24,20.510000228881836,20.829999923706055,20.479999542236328,20.709999084472656,20.709999084472656,23093600,SLV,spot,USD,oz,yfinance,yfinance:SLV,2026-09-14T13:24:20.029555+00:00,UTC,valid
2021-09-27,20.969999313354492,21.15999984741211,20.8799991607666,20.940000534057617,20.940000534057617,17405500,SLV,spot,USD,oz,yfinance,yfinance:SLV,2026-09-14T13:24:20.029555+00:00,UTC,valid
2021-09-28,20.829999923706055,20.8799991607666,20.59000015258789,20.780000686645508,20.780000686645508,29154800,SLV,spot,USD,oz,yfinance,yfinance:SLV,2026-09-14T13:24:20.029555+00:00,UTC,valid
2021-09-29,20.149999618530273,20.229999542236328,19.829999923706055,19.950000762939453,19.950000762939453,56579700,SLV,spot,USD,oz,yfinance,yfinance:SLV,2026-09-14T13:24:20.029555+00:00,UTC,valid
2021-09-30,20.190000534057617,20.59000015258789,20.139999389648438,20.520000457763672,20.520000457763672,61442900,SLV,spot,USD,oz,yfinance,yfinance:SLV,2026-09-14T13:24:20.029555+00:00,UTC,valid
2021-10-01,20.809999465942383,20.920000076293945,20.68000030517578,20.829999923706055,20.829999923706055,29866000,SLV,spot,USD,oz,yfinance,yfinance:SLV,2026-09-14T13:24:20.029555+00:00,UTC,valid
2021-10-04,20.760000228881836,21.030000686645508,20.700000762939453,20.979999542236328,20.979999542236328,25183900,SLV,spot,USD,oz,yfinance,yfinance:SLV,2026-09-14T13:24:20.029555+00:00,UTC,valid
2021-10-05,20.84000015258789,20.979999542236328,20.709999084472656,20.920000076293945,20.920000076293945,21548900,SLV,spot,USD,oz,yfinance,yfinance:SLV,2026-09-14T13:24:20.029555+00:00,UTC,valid
2021-10-06,20.75,21.010000228881836,20.649999618530273,20.959999084472656,20.959999084472656,22553300,SLV,spot,USD,oz,yfinance,yfinance:SLV,2026-09-14T13:24:20.029555+00:00,UTC,valid
2021-10-07,20.790000915527344,21.100000381469727,20.780000686645508,20.899999618530273,20.899999618530273,19484300,SLV,spot,USD,oz,yfinance,yfinance:SLV,2026-09-14T13:24:20.029555+00:00,UTC,valid
2021-10-08,21.389999389648438,21.440000534057617,20.940000534057617,20.950000762939453,20.950000762939453,33300400,SLV,spot,USD,oz,yfinance,yfinance:SLV,2026-09-14T13:24:20.029555+00:00,UTC,valid
2021-10-11,20.969999313354492,21.1299991607666,20.8799991607666,20.8799991607666,20.8799991607666,15152000,SLV,spot,USD,oz,yfinance,yfinance:SLV,2026-09-14T13:24:20.029555+00:00,UTC,valid
2021-10-12,20.850000381469727,21.09000015258789,20.799999237060547,20.93000030517578,20.93000030517578,23052100,SLV,spot,USD,oz,yfinance,yfinance:SLV,2026-09-14T13:24:20.029555+00:00,UTC,valid
2021-10-13,21.09000015258789,21.530000686645508,21.079999923706055,21.329999923706055,21.329999923706055,37984700,SLV,spot,USD,oz,yfinance,yfinance:SLV,2026-09-14T13:24:20.029555+00:00,UTC,valid
2021-10-14,21.6200008392334,21.84000015258789,21.489999771118164,21.799999237060547,21.799999237060547,28993800,SLV,spot,USD,oz,yfinance,yfinance:SLV,2026-09-14T13:24:20.029555+00:00,UTC,valid
2021-10-15,21.59000015258789,21.700000762939453,21.469999313354492,21.579999923706055,21.579999923706055,23904000,SLV,spot,USD,oz,yfinance,yfinance:SLV,2026-09-14T13:24:20.029555+00:00,UTC,valid
2021-10-18,21.56999969482422,21.579999923706055,21.299999237060547,21.489999771118164,21.489999771118164,16090900,SLV,spot,USD,oz,yfinance,yfinance:SLV,2026-09-14T13:24:20.029555+00:00,UTC,valid
2021-10-19,22.229999542236328,22.309999465942383,21.850000381469727,21.889999389648438,21.889999389648438,39515000,SLV,spot,USD,oz,yfinance,yfinance:SLV,2026-09-14T13:24:20.029555+00:00,UTC,valid
2021-10-20,22.200000762939453,22.610000610351562,22.1200008392334,22.530000686645508,22.530000686645508,31563900,SLV,spot,USD,oz,yfinance,yfinance:SLV,2026-09-14T13:24:20.029555+00:00,UTC,valid
2021-10-21,22.3700008392334,22.440000534057617,22.219999313354492,22.350000381469727,22.350000381469727,15172900,SLV,spot,USD,oz,yfinance,yfinance:SLV,2026-09-14T13:24:20.029555+00:00,UTC,valid
2021-10-22,22.59000015258789,22.979999542236328,22.389999389648438,22.540000915527344,22.540000915527344,39030000,SLV,spot,USD,oz,yfinance,yfinance:SLV,2026-09-14T13:24:20.029555+00:00,UTC,valid
2021-10-25,22.649999618530273,22.790000915527344,22.549999237060547,22.739999771118164,22.739999771118164,14958300,SLV,spot,USD,oz,yfinance,yfinance:SLV,2026-09-14T13:24:20.029555+00:00,UTC,valid
2021-10-26,22.3799991607666,22.399999618530273,22.100000381469727,22.3700008392334,22.3700008392334,21431500,SLV,spot,USD,oz,yfinance,yfinance:SLV,2026-09-14T13:24:20.029555+00:00,UTC,valid
2021-10-27,22.350000381469727,22.459999084472656,22.170000076293945,22.290000915527344,22.290000915527344,19097700,SLV,spot,USD,oz,yfinance,yfinance:SLV,2026-09-14T13:24:20.029555+00:00,UTC,valid
2021-10-28,22.3700008392334,22.450000762939453,22.170000076293945,22.270000457763672,22.270000457763672,12812500,SLV,spot,USD,oz,yfinance,yfinance:SLV,2026-09-14T13:24:20.029555+00:00,UTC,valid
2021-10-29,22.06999969482422,22.149999618530273,21.889999389648438,22.09000015258789,22.09000015258789,19160400,SLV,spot,USD,oz,yfinance,yfinance:SLV,2026-09-14T13:24:20.029555+00:00,UTC,valid
2021-11-01,22.239999771118164,22.309999465942383,22.139999389648438,22.229999542236328,22.229999542236328,17311100,SLV,spot,USD,oz,yfinance,yfinance:SLV,2026-09-14T13:24:20.029555+00:00,UTC,valid
2021-11-02,21.93000030517578,21.950000762939453,21.639999389648438,21.799999237060547,21.799999237060547,24915000,SLV,spot,USD,oz,yfinance,yfinance:SLV,2026-09-14T13:24:20.029555+00:00,UTC,valid
2021-11-03,21.40999984741211,21.84000015258789,21.309999465942383,21.809999465942383,21.809999465942383,37161000,SLV,spot,USD,oz,yfinance,yfinance:SLV,2026-09-14T13:24:20.029555+00:00,UTC,valid
2021-11-04,22.100000381469727,22.260000228881836,21.979999542236328,22.0,22.0,27818200,SLV,spot,USD,oz,yfinance,yfinance:SLV,2026-09-14T13:24:20.029555+00:00,UTC,valid
2021-11-05,22.25,22.360000610351562,22.030000686645508,22.350000381469727,22.350000381469727,22311000,SLV,spot,USD,oz,yfinance,yfinance:SLV,2026-09-14T13:24:20.029555+00:00,UTC,valid
2021-11-08,22.540000915527344,22.690000534057617,22.459999084472656,22.649999618530273,22.649999618530273,16458800,SLV,spot,USD,oz,yfinance,yfinance:SLV,2026-09-14T13:24:20.029555+00:00,UTC,valid
2021-11-09,22.520000457763672,22.6299991607666,22.229999542236328,22.530000686645508,22.530000686645508,18973700,SLV,spot,USD,oz,yfinance,yfinance:SLV,2026-09-14T13:24:20.029555+00:00,UTC,valid
2021-11-10,23.149999618530273,23.260000228881836,22.690000534057617,22.8700008392334,22.8700008392334,46183400,SLV,spot,USD,oz,yfinance,yfinance:SLV,2026-09-14T13:24:20.029555+00:00,UTC,valid
2021-11-11,23.219999313354492,23.3799991607666,23.170000076293945,23.350000381469727,23.350000381469727,23239900,SLV,spot,USD,oz,yfinance,yfinance:SLV,2026-09-14T13:24:20.029555+00:00,UTC,valid
2021-11-12,23.18000030517578,23.5,23.1299991607666,23.420000076293945,23.420000076293945,24315800,SLV,spot,USD,oz,yfinance,yfinance:SLV,2026-09-14T13:24:20.029555+00:00,UTC,valid
2021-11-15,23.190000534057617,23.309999465942383,23.049999237060547,23.239999771118164,23.239999771118164,20072200,SLV,spot,USD,oz,yfinance,yfinance:SLV,2026-09-14T13:24:20.029555+00:00,UTC,valid
2021-11-16,23.149999618530273,23.290000915527344,22.90999984741211,22.959999084472656,22.959999084472656,21687300,SLV,spot,USD,oz,yfinance,yfinance:SLV,2026-09-14T13:24:20.029555+00:00,UTC,valid
2021-11-17,23.219999313354492,23.329999923706055,23.09000015258789,23.170000076293945,23.170000076293945,15596200,SLV,spot,USD,oz,yfinance,yfinance:SLV,2026-09-14T13:24:20.029555+00:00,UTC,valid
2021-11-18,23.020000457763672,23.110000610351562,22.920000076293945,22.959999084472656,22.959999084472656,12880600,SLV,spot,USD,oz,yfinance,yfinance:SLV,2026-09-14T13:24:20.029555+00:00,UTC,valid
2021-11-19,23.0,23.1200008392334,22.719999313354492,22.75,22.75,23754300,SLV,spot,USD,oz,yfinance,yfinance:SLV,2026-09-14T13:24:20.029555+00:00,UTC,valid
2021-11-22,22.670000076293945,22.770000457763672,22.299999237060547,22.34000015258789,22.34000015258789,26721800,SLV,spot,USD,oz,yfinance,yfinance:SLV,2026-09-14T13:24:20.029555+00:00,UTC,valid
2021-11-23,21.709999084472656,21.93000030517578,21.530000686645508,21.920000076293945,21.920000076293945,32566000,SLV,spot,USD,oz,yfinance,yfinance:SLV,2026-09-14T13:24:20.029555+00:00,UTC,valid
2021-11-24,21.729999542236328,21.829999923706055,21.670000076293945,21.790000915527344,21.790000915527344,20225400,SLV,spot,USD,oz,yfinance,yfinance:SLV,2026-09-14T13:24:20.029555+00:00,UTC,valid
2021-11-26,21.790000915527344,21.790000915527344,21.200000762939453,21.3700008392334,21.3700008392334,23137100,SLV,spot,USD,oz,yfinance,yfinance:SLV,2026-09-14T13:24:20.029555+00:00,UTC,valid
2021-11-29,21.309999465942383,21.3700008392334,21.049999237060547,21.15999984741211,21.15999984741211,22115700,SLV,spot,USD,oz,yfinance,yfinance:SLV,2026-09-14T13:24:20.029555+00:00,UTC,valid
2021-11-30,21.200000762939453,21.56999969482422,20.989999771118164,21.059999465942383,21.059999465942383,29616200,SLV,spot,USD,oz,yfinance,yfinance:SLV,2026-09-14T13:24:20.029555+00:00,UTC,valid
2021-12-01,20.979999542236328,21.079999923706055,20.520000457763672,20.56999969482422,20.56999969482422,41829500,SLV,spot,USD,oz,yfinance,yfinance:SLV,2026-09-14T13:24:20.029555+00:00,UTC,valid
2021-12-02,20.739999771118164,20.760000228881836,20.549999237060547,20.690000534057617,20.690000534057617,25783200,SLV,spot,USD,oz,yfinance,yfinance:SLV,2026-09-14T13:24:20.029555+00:00,UTC,valid
2021-12-03,20.709999084472656,20.8700008392334,20.3799991607666,20.850000381469727,20.850000381469727,22835100,SLV,spot,USD,oz,yfinance,yfinance:SLV,2026-09-14T13:24:20.029555+00:00,UTC,valid
2021-12-06,20.540000915527344,20.760000228881836,20.469999313354492,20.709999084472656,20.709999084472656,18193200,SLV,spot,USD,oz,yfinance,yfinance:SLV,2026-09-14T13:24:20.029555+00:00,UTC,valid
2021-12-07,20.68000030517578,20.90999984741211,20.670000076293945,20.809999465942383,20.809999465942383,18763300,SLV,spot,USD,oz,yfinance,yfinance:SLV,2026-09-14T13:24:20.029555+00:00,UTC,valid
2021-12-08,20.700000762939453,20.799999237060547,20.6299991607666,20.760000228881836,20.760000228881836,14075400,SLV,spot,USD,oz,yfinance,yfinance:SLV,2026-09-14T13:24:20.029555+00:00,UTC,valid
2021-12-09,20.459999084472656,20.489999771118164,20.270000457763672,20.299999237060547,20.299999237060547,23767500,SLV,spot,USD,oz,yfinance,yfinance:SLV,2026-09-14T13:24:20.029555+00:00,UTC,valid
2021-12-10,20.520000457763672,20.540000915527344,20.399999618530273,20.5,20.5,17760800,SLV,spot,USD,oz,yfinance,yfinance:SLV,2026-09-14T13:24:20.029555+00:00,UTC,valid
2021-12-13,20.649999618530273,20.739999771118164,20.59000015258789,20.610000610351562,20.610000610351562,16422300,SLV,spot,USD,oz,yfinance,yfinance:SLV,2026-09-14T13:24:20.029555+00:00,UTC,valid
2021-12-14,20.1299991607666,20.350000381469727,20.09000015258789,20.309999465942383,20.309999465942383,19912400,SLV,spot,USD,oz,yfinance,yfinance:SLV,2026-09-14T13:24:20.029555+00:00,UTC,valid
2021-12-15,20.170000076293945,20.469999313354492,19.799999237060547,20.40999984741211,20.40999984741211,44633700,SLV,spot,USD,oz,yfinance,yfinance:SLV,2026-09-14T13:24:20.029555+00:00,UTC,valid
2021-12-16,20.610000610351562,20.84000015258789,20.600000381469727,20.790000915527344,20.790000915527344,26368200,SLV,spot,USD,oz,yfinance,yfinance:SLV,2026-09-14T13:24:20.029555+00:00,UTC,valid
2021-12-17,20.850000381469727,20.90999984741211,20.68000030517578,20.68000030517578,20.68000030517578,19873600,SLV,spot,USD,oz,yfinance,yfinance:SLV,2026-09-14T13:24:20.029555+00:00,UTC,valid
2021-12-20,20.600000381469727,20.65999984741211,20.520000457763672,20.56999969482422,20.56999969482422,12493200,SLV,spot,USD,oz,yfinance,yfinance:SLV,2026-09-14T13:24:20.029555+00:00,UTC,valid
2021-12-21,20.8799991607666,20.93000030517578,20.739999771118164,20.770000457763672,20.770000457763672,11231500,SLV,spot,USD,oz,yfinance,yfinance:SLV,2026-09-14T13:24:20.029555+00:00,UTC,valid
2021-12-22,20.979999542236328,21.1200008392334,20.860000610351562,21.100000381469727,21.100000381469727,16909900,SLV,spot,USD,oz,yfinance,yfinance:SLV,2026-09-14T13:24:20.029555+00:00,UTC,valid
2021-12-23,21.100000381469727,21.209999084472656,20.950000762939453,21.15999984741211,21.15999984741211,12824500,SLV,spot,USD,oz,yfinance,yfinance:SLV,2026-09-14T13:24:20.029555+00:00,UTC,valid
2021-12-27,21.190000534057617,21.3799991607666,21.15999984741211,21.329999923706055,21.329999923706055,15165500,SLV,spot,USD,oz,yfinance,yfinance:SLV,2026-09-14T13:24:20.029555+00:00,UTC,valid
2021-12-28,21.40999984741211,21.510000228881836,21.25,21.270000457763672,21.270000457763672,14845500,SLV,spot,USD,oz,yfinance,yfinance:SLV,2026-09-14T13:24:20.029555+00:00,UTC,valid
2021-12-29,20.899999618530273,21.149999618530273,20.889999389648438,21.110000610351562,21.110000610351562,11755700,SLV,spot,USD,oz,yfinance,yfinance:SLV,2026-09-14T13:24:20.029555+00:00,UTC,valid
2021-12-30,21.209999084472656,21.3700008392334,21.200000762939453,21.34000015258789,21.34000015258789,11646600,SLV,spot,USD,oz,yfinance,yfinance:SLV,2026-09-14T13:24:20.029555+00:00,UTC,valid
2021-12-31,21.5,21.59000015258789,21.3700008392334,21.510000228881836,21.510000228881836,15618500,SLV,spot,USD,oz,yfinance,yfinance:SLV,2026-09-14T13:24:20.029555+00:00,UTC,valid
2022-01-03,21.040000915527344,21.25,20.969999313354492,21.18000030517578,21.18000030517578,18043600,SLV,spot,USD,oz,yfinance,yfinance:SLV,2026-09-14T13:24:20.029555+00:00,UTC,valid
2022-01-04,21.229999542236328,21.3700008392334,21.190000534057617,21.31999969482422,21.31999969482422,12946900,SLV,spot,USD,oz,yfinance,yfinance:SLV,2026-09-14T13:24:20.029555+00:00,UTC,valid
2022-01-05,21.389999389648438,21.510000228881836,21.0,21.0,21.0,22571400,SLV,spot,USD,oz,yfinance,yfinance:SLV,2026-09-14T13:24:20.029555+00:00,UTC,valid
2022-01-06,20.3799991607666,20.6299991607666,20.350000381469727,20.510000228881836,20.510000228881836,27161100,SLV,spot,USD,oz,yfinance,yfinance:SLV,2026-09-14T13:24:20.029555+00:00,UTC,valid
2022-01-07,20.520000457763672,20.75,20.3700008392334,20.6200008392334,20.6200008392334,23522200,SLV,spot,USD,oz,yfinance,yfinance:SLV,2026-09-14T13:24:20.029555+00:00,UTC,valid
2022-01-10,20.600000381469727,20.829999923706055,20.56999969482422,20.760000228881836,20.760000228881836,17015100,SLV,spot,USD,oz,yfinance,yfinance:SLV,2026-09-14T13:24:20.029555+00:00,UTC,valid
2022-01-11,20.84000015258789,21.09000015258789,20.770000457763672,21.049999237060547,21.049999237060547,23681500,SLV,spot,USD,oz,yfinance,yfinance:SLV,2026-09-14T13:24:20.029555+00:00,UTC,valid
2022-01-12,21.18000030517578,21.479999542236328,21.170000076293945,21.450000762939453,21.450000762939453,23394800,SLV,spot,USD,oz,yfinance,yfinance:SLV,2026-09-14T13:24:20.029555+00:00,UTC,valid
2022-01-13,21.450000762939453,21.479999542236328,21.260000228881836,21.329999923706055,21.329999923706055,25395100,SLV,spot,USD,oz,yfinance,yfinance:SLV,2026-09-14T13:24:20.029555+00:00,UTC,valid
2022-01-14,21.239999771118164,21.329999923706055,21.100000381469727,21.200000762939453,21.200000762939453,22448800,SLV,spot,USD,oz,yfinance,yfinance:SLV,2026-09-14T13:24:20.029555+00:00,UTC,valid
2022-01-18,21.6299991607666,21.850000381469727,21.530000686645508,21.690000534057617,21.690000534057617,33206300,SLV,spot,USD,oz,yfinance,yfinance:SLV,2026-09-14T13:24:20.029555+00:00,UTC,valid
2022-01-19,22.010000228881836,22.389999389648438,21.950000762939453,22.3700008392334,22.3700008392334,43721600,SLV,spot,USD,oz,yfinance,yfinance:SLV,2026-09-14T13:24:20.029555+00:00,UTC,valid
2022-01-20,22.65999984741211,22.84000015258789,22.559999465942383,22.6200008392334,22.6200008392334,44986900,SLV,spot,USD,oz,yfinance,yfinance:SLV,2026-09-14T13:24:20.029555+00:00,UTC,valid
2022-01-21,22.690000534057617,22.709999084472656,22.34000015258789,22.3799991607666,22.3799991607666,40713800,SLV,spot,USD,oz,yfinance,yfinance:SLV,2026-09-14T13:24:20.029555+00:00,UTC,valid
2022-01-24,22.020000457763672,22.149999618530273,21.780000686645508,22.110000610351562,22.110000610351562,37822400,SLV,spot,USD,oz,yfinance,yfinance:SLV,2026-09-14T13:24:20.029555+00:00,UTC,valid
2022-01-25,21.829999923706055,22.170000076293945,21.809999465942383,22.020000457763672,22.020000457763672,30586800,SLV,spot,USD,oz,yfinance,yfinance:SLV,2026-09-14T13:24:20.029555+00:00,UTC,valid
2022-01-26,21.8799991607666,22.1200008392334,21.65999984741211,21.719999313354492,21.719999313354492,42075700,SLV,spot,USD,oz,yfinance,yfinance:SLV,2026-09-14T13:24:20.029555+00:00,UTC,valid
2022-01-27,21.06999969482422,21.299999237060547,20.8700008392334,21.020000457763672,21.020000457763672,45559800,SLV,spot,USD,oz,yfinance,yfinance:SLV,2026-09-14T13:24:20.029555+00:00,UTC,valid
2022-01-28,20.780000686645508,20.899999618530273,20.479999542236328,20.709999084472656,20.709999084472656,29449400,SLV,spot,USD,oz,yfinance,yfinance:SLV,2026-09-14T13:24:20.029555+00:00,UTC,valid
2022-01-31,20.75,20.850000381469727,20.65999984741211,20.799999237060547,20.799999237060547,19718300,SLV,spot,USD,oz,yfinance,yfinance:SLV,2026-09-14T13:24:20.029555+00:00,UTC,valid
2022-02-01,21.170000076293945,21.25,20.81999969482422,20.940000534057617,20.940000534057617,34540500,SLV,spot,USD,oz,yfinance,yfinance:SLV,2026-09-14T13:24:20.029555+00:00,UTC,valid
2022-02-02,20.959999084472656,21.100000381469727,20.770000457763672,20.93000030517578,20.93000030517578,19816500,SLV,spot,USD,oz,yfinance,yfinance:SLV,2026-09-14T13:24:20.029555+00:00,UTC,valid
2022-02-03,20.700000762939453,20.81999969482422,20.34000015258789,20.709999084472656,20.709999084472656,28800600,SLV,spot,USD,oz,yfinance,yfinance:SLV,2026-09-14T13:24:20.029555+00:00,UTC,valid
2022-02-04,20.65999984741211,20.959999084472656,20.65999984741211,20.790000915527344,20.790000915527344,24572200,SLV,spot,USD,oz,yfinance,yfinance:SLV,2026-09-14T13:24:20.029555+00:00,UTC,valid
2022-02-07,21.139999389648438,21.360000610351562,21.09000015258789,21.270000457763672,21.270000457763672,22888000,SLV,spot,USD,oz,yfinance,yfinance:SLV,2026-09-14T13:24:20.029555+00:00,UTC,valid
2022-02-08,21.270000457763672,21.5,21.229999542236328,21.450000762939453,21.450000762939453,16005800,SLV,spot,USD,oz,yfinance,yfinance:SLV,2026-09-14T13:24:20.029555+00:00,UTC,valid
2022-02-09,21.440000534057617,21.59000015258789,21.360000610351562,21.530000686645508,21.530000686645508,17908300,SLV,spot,USD,oz,yfinance,yfinance:SLV,2026-09-14T13:24:20.029555+00:00,UTC,valid
2022-02-10,21.530000686645508,21.920000076293945,21.40999984741211,21.420000076293945,21.420000076293945,36468000,SLV,spot,USD,oz,yfinance,yfinance:SLV,2026-09-14T13:24:20.029555+00:00,UTC,valid
2022-02-11,21.299999237060547,21.899999618530273,21.280000686645508,21.829999923706055,21.829999923706055,47248800,SLV,spot,USD,oz,yfinance,yfinance:SLV,2026-09-14T13:24:20.029555+00:00,UTC,valid
2022-02-14,22.049999237060547,22.1299991607666,21.920000076293945,22.049999237060547,22.049999237060547,27999300,SLV,spot,USD,oz,yfinance,yfinance:SLV,2026-09-14T13:24:20.029555+00:00,UTC,valid
2022-02-15,21.40999984741211,21.649999618530273,21.31999969482422,21.610000610351562,21.610000610351562,26993200,SLV,spot,USD,oz,yfinance,yfinance:SLV,2026-09-14T13:24:20.029555+00:00,UTC,valid
2022-02-16,21.610000610351562,21.8799991607666,21.610000610351562,21.8700008392334,21.8700008392334,24804900,SLV,spot,USD,oz,yfinance,yfinance:SLV,2026-09-14T13:24:20.029555+00:00,UTC,valid
2022-02-17,21.889999389648438,22.110000610351562,21.84000015258789,22.040000915527344,22.040000915527344,33941000,SLV,spot,USD,oz,yfinance,yfinance:SLV,2026-09-14T13:24:20.029555+00:00,UTC,valid
2022-02-18,22.149999618530273,22.239999771118164,22.059999465942383,22.1200008392334,22.1200008392334,23016900,SLV,spot,USD,oz,yfinance,yfinance:SLV,2026-09-14T13:24:20.029555+00:00,UTC,valid
2022-02-22,22.389999389648438,22.520000457763672,22.290000915527344,22.309999465942383,22.309999465942383,38336300,SLV,spot,USD,oz,yfinance,yfinance:SLV,2026-09-14T13:24:20.029555+00:00,UTC,valid
2022-02-23,22.399999618530273,22.729999542236328,22.389999389648438,22.729999542236328,22.729999542236328,35427200,SLV,spot,USD,oz,yfinance,yfinance:SLV,2026-09-14T13:24:20.029555+00:00,UTC,valid
2022-02-24,23.389999389648438,23.399999618530273,22.030000686645508,22.309999465942383,22.309999465942383,85973300,SLV,spot,USD,oz,yfinance,yfinance:SLV,2026-09-14T13:24:20.029555+00:00,UTC,valid
2022-02-25,22.18000030517578,22.420000076293945,22.059999465942383,22.399999618530273,22.399999618530273,37032300,SLV,spot,USD,oz,yfinance,yfinance:SLV,2026-09-14T13:24:20.029555+00:00,UTC,valid
2022-02-28,22.709999084472656,22.719999313354492,22.360000610351562,22.6200008392334,22.6200008392334,42783700,SLV,spot,USD,oz,yfinance,yfinance:SLV,2026-09-14T13:24:20.029555+00:00,UTC,valid
2022-03-01,22.84000015258789,23.610000610351562,22.84000015258789,23.540000915527344,23.540000915527344,60537600,SLV,spot,USD,oz,yfinance,yfinance:SLV,2026-09-14T13:24:20.029555+00:00,UTC,valid
2022-03-02,23.209999084472656,23.459999084472656,23.040000915527344,23.3700008392334,23.3700008392334,56523200,SLV,spot,USD,oz,yfinance,yfinance:SLV,2026-09-14T13:24:20.029555+00:00,UTC,valid
2022-03-03,23.299999237060547,23.34000015258789,23.06999969482422,23.290000915527344,23.290000915527344,44272400,SLV,spot,USD,oz,yfinance,yfinance:SLV,2026-09-14T13:24:20.029555+00:00,UTC,valid
2022-03-04,23.389999389648438,23.790000915527344,23.350000381469727,23.639999389648438,23.639999389648438,61566100,SLV,spot,USD,oz,yfinance,yfinance:SLV,2026-09-14T13:24:20.029555+00:00,UTC,valid
2022-03-07,23.540000915527344,23.770000457763672,23.43000030517578,23.700000762939453,23.700000762939453,51534300,SLV,spot,USD,oz,yfinance,yfinance:SLV,2026-09-14T13:24:20.029555+00:00,UTC,valid
2022-03-08,24.270000457763672,24.899999618530273,24.0,24.450000762939453,24.450000762939453,114432100,SLV,spot,USD,oz,yfinance,yfinance:SLV,2026-09-14T13:24:20.029555+00:00,UTC,valid
2022-03-09,23.950000762939453,24.170000076293945,23.479999542236328,23.799999237060547,23.799999237060547,58012900,SLV,spot,USD,oz,yfinance,yfinance:SLV,2026-09-14T13:24:20.029555+00:00,UTC,valid
2022-03-10,24.0,24.09000015258789,23.719999313354492,24.010000228881836,24.010000228881836,37767600,SLV,spot,USD,oz,yfinance,yfinance:SLV,2026-09-14T13:24:20.029555+00:00,UTC,valid
2022-03-11,23.75,24.030000686645508,23.68000030517578,23.8700008392334,23.8700008392334,32083100,SLV,spot,USD,oz,yfinance,yfinance:SLV,2026-09-14T13:24:20.029555+00:00,UTC,valid
2022-03-14,23.3700008392334,23.3700008392334,23.030000686645508,23.15999984741211,23.15999984741211,31301100,SLV,spot,USD,oz,yfinance,yfinance:SLV,2026-09-14T13:24:20.029555+00:00,UTC,valid
2022-03-15,22.8700008392334,23.149999618530273,22.75,23.0,23.0,25150000,SLV,spot,USD,oz,yfinance,yfinance:SLV,2026-09-14T13:24:20.029555+00:00,UTC,valid
2022-03-16,22.969999313354492,23.149999618530273,22.600000381469727,23.110000610351562,23.110000610351562,32895300,SLV,spot,USD,oz,yfinance,yfinance:SLV,2026-09-14T13:24:20.029555+00:00,UTC,valid
2022-03-17,23.34000015258789,23.600000381469727,23.329999923706055,23.329999923706055,23.329999923706055,24339600,SLV,spot,USD,oz,yfinance,yfinance:SLV,2026-09-14T13:24:20.029555+00:00,UTC,valid
2022-03-18,23.1299991607666,23.260000228881836,22.940000534057617,23.020000457763672,23.020000457763672,23821900,SLV,spot,USD,oz,yfinance,yfinance:SLV,2026-09-14T13:24:20.029555+00:00,UTC,valid
2022-03-21,23.059999465942383,23.3799991607666,23.049999237060547,23.280000686645508,23.280000686645508,26595700,SLV,spot,USD,oz,yfinance,yfinance:SLV,2026-09-14T13:24:20.029555+00:00,UTC,valid
2022-03-22,22.950000762939453,22.979999542236328,22.700000762939453,22.8799991607666,22.8799991607666,18807000,SLV,spot,USD,oz,yfinance,yfinance:SLV,2026-09-14T13:24:20.029555+00:00,UTC,valid
2022-03-23,23.1200008392334,23.290000915527344,22.959999084472656,23.239999771118164,23.239999771118164,20826700,SLV,spot,USD,oz,yfinance,yfinance:SLV,2026-09-14T13:24:20.029555+00:00,UTC,valid
2022-03-24,23.579999923706055,23.889999389648438,23.549999237060547,23.610000610351562,23.610000610351562,32930600,SLV,spot,USD,oz,yfinance,yfinance:SLV,2026-09-14T13:24:20.029555+00:00,UTC,valid
2022-03-25,23.479999542236328,23.56999969482422,23.31999969482422,23.479999542236328,23.479999542236328,17899400,SLV,spot,USD,oz,yfinance,yfinance:SLV,2026-09-14T13:24:20.029555+00:00,UTC,valid
2022-03-28,23.1299991607666,23.229999542236328,22.899999618530273,22.93000030517578,22.93000030517578,21405200,SLV,spot,USD,oz,yfinance,yfinance:SLV,2026-09-14T13:24:20.029555+00:00,UTC,valid
2022-03-29,22.350000381469727,22.940000534057617,22.209999084472656,22.90999984741211,22.90999984741211,30815100,SLV,spot,USD,oz,yfinance,yfinance:SLV,2026-09-14T13:24:20.029555+00:00,UTC,valid
2022-03-30,22.979999542236328,23.15999984741211,22.90999984741211,22.940000534057617,22.940000534057617,25616600,SLV,spot,USD,oz,yfinance,yfinance:SLV,2026-09-14T13:24:20.029555+00:00,UTC,valid
2022-03-31,23.110000610351562,23.190000534057617,22.860000610351562,22.8799991607666,22.8799991607666,27145300,SLV,spot,USD,oz,yfinance,yfinance:SLV,2026-09-14T13:24:20.029555+00:00,UTC,valid
2022-04-01,22.59000015258789,22.920000076293945,22.56999969482422,22.739999771118164,22.739999771118164,47311800,SLV,spot,USD,oz,yfinance,yfinance:SLV,2026-09-14T13:24:20.029555+00:00,UTC,valid
2022-04-04,22.670000076293945,22.81999969482422,22.43000030517578,22.6299991607666,22.6299991607666,34757100,SLV,spot,USD,oz,yfinance,yfinance:SLV,2026-09-14T13:24:20.029555+00:00,UTC,valid
2022-04-05,22.899999618530273,23.040000915527344,22.360000610351562,22.360000610351562,22.360000610351562,42303300,SLV,spot,USD,oz,yfinance,yfinance:SLV,2026-09-14T13:24:20.029555+00:00,UTC,valid
2022-04-06,22.530000686645508,22.700000762939453,22.3799991607666,22.56999969482422,22.56999969482422,32631200,SLV,spot,USD,oz,yfinance,yfinance:SLV,2026-09-14T13:24:20.029555+00:00,UTC,valid
2022-04-07,22.440000534057617,22.790000915527344,22.389999389648438,22.700000762939453,22.700000762939453,33647600,SLV,spot,USD,oz,yfinance,yfinance:SLV,2026-09-14T13:24:20.029555+00:00,UTC,valid
2022-04-08,22.56999969482422,22.920000076293945,22.559999465942383,22.81999969482422,22.81999969482422,30242700,SLV,spot,USD,oz,yfinance,yfinance:SLV,2026-09-14T13:24:20.029555+00:00,UTC,valid
2022-04-11,23.399999618530273,23.40999984741211,22.90999984741211,23.149999618530273,23.149999618530273,40735800,SLV,spot,USD,oz,yfinance,yfinance:SLV,2026-09-14T13:24:20.029555+00:00,UTC,valid
2022-04-12,23.399999618530273,23.65999984741211,23.229999542236328,23.469999313354492,23.469999313354492,40646600,SLV,spot,USD,oz,yfinance,yfinance:SLV,2026-09-14T13:24:20.029555+00:00,UTC,valid
2022-04-13,23.670000076293945,23.860000610351562,23.59000015258789,23.75,23.75,32672500,SLV,spot,USD,oz,yfinance,yfinance:SLV,2026-09-14T13:24:20.029555+00:00,UTC,valid
2022-04-14,23.600000381469727,23.68000030517578,23.3700008392334,23.639999389648438,23.639999389648438,31607200,SLV,spot,USD,oz,yfinance,yfinance:SLV,2026-09-14T13:24:20.029555+00:00,UTC,valid
2022-04-18,24.040000915527344,24.15999984741211,23.81999969482422,23.8700008392334,23.8700008392334,45390300,SLV,spot,USD,oz,yfinance,yfinance:SLV,2026-09-14T13:24:20.029555+00:00,UTC,valid
2022-04-19,23.579999923706055,23.6299991607666,23.139999389648438,23.239999771118164,23.239999771118164,35867300,SLV,spot,USD,oz,yfinance,yfinance:SLV,2026-09-14T13:24:20.029555+00:00,UTC,valid
2022-04-20,23.100000381469727,23.299999237060547,23.079999923706055,23.280000686645508,23.280000686645508,23415500,SLV,spot,USD,oz,yfinance,yfinance:SLV,2026-09-14T13:24:20.029555+00:00,UTC,valid
2022-04-21,22.93000030517578,22.940000534057617,22.549999237060547,22.790000915527344,22.790000915527344,37513500,SLV,spot,USD,oz,yfinance,yfinance:SLV,2026-09-14T13:24:20.029555+00:00,UTC,valid
2022-04-22,22.360000610351562,22.530000686645508,22.270000457763672,22.309999465942383,22.309999465942383,32779500,SLV,spot,USD,oz,yfinance,yfinance:SLV,2026-09-14T13:24:20.029555+00:00,UTC,valid
2022-04-25,21.809999465942383,21.920000076293945,21.649999618530273,21.829999923706055,21.829999923706055,38780900,SLV,spot,USD,oz,yfinance,yfinance:SLV,2026-09-14T13:24:20.029555+00:00,UTC,valid
2022-04-26,21.84000015258789,21.940000534057617,21.600000381469727,21.649999618530273,21.649999618530273,30841200,SLV,spot,USD,oz,yfinance,yfinance:SLV,2026-09-14T13:24:20.029555+00:00,UTC,valid
2022-04-27,21.760000228881836,21.81999969482422,21.459999084472656,21.489999771118164,21.489999771118164,30704200,SLV,spot,USD,oz,yfinance,yfinance:SLV,2026-09-14T13:24:20.029555+00:00,UTC,valid
2022-04-28,21.229999542236328,21.450000762939453,21.190000534057617,21.420000076293945,21.420000076293945,28124600,SLV,spot,USD,oz,yfinance,yfinance:SLV,2026-09-14T13:24:20.029555+00:00,UTC,valid
2022-04-29,21.31999969482422,21.440000534057617,20.989999771118164,21.040000915527344,21.040000915527344,32119200,SLV,spot,USD,oz,yfinance,yfinance:SLV,2026-09-14T13:24:20.029555+00:00,UTC,valid
2022-05-02,20.6299991607666,21.020000457763672,20.420000076293945,20.8700008392334,20.8700008392334,38907800,SLV,spot,USD,oz,yfinance,yfinance:SLV,2026-09-14T13:24:20.029555+00:00,UTC,valid
2022-05-03,20.850000381469727,21.09000015258789,20.770000457763672,20.829999923706055,20.829999923706055,29437700,SLV,spot,USD,oz,yfinance,yfinance:SLV,2026-09-14T13:24:20.029555+00:00,UTC,valid
2022-05-04,20.709999084472656,21.299999237060547,20.510000228881836,21.280000686645508,21.280000686645508,53388000,SLV,spot,USD,oz,yfinance,yfinance:SLV,2026-09-14T13:24:20.029555+00:00,UTC,valid
2022-05-05,21.31999969482422,21.329999923706055,20.600000381469727,20.780000686645508,20.780000686645508,38950600,SLV,spot,USD,oz,yfinance,yfinance:SLV,2026-09-14T13:24:20.029555+00:00,UTC,valid
2022-05-06,20.709999084472656,20.850000381469727,20.559999465942383,20.65999984741211,20.65999984741211,36791400,SLV,spot,USD,oz,yfinance,yfinance:SLV,2026-09-14T13:24:20.029555+00:00,UTC,valid
2022-05-09,20.3799991607666,20.399999618530273,20.010000228881836,20.030000686645508,20.030000686645508,40850900,SLV,spot,USD,oz,yfinance,yfinance:SLV,2026-09-14T13:24:20.029555+00:00,UTC,valid
2022-05-10,20.290000915527344,20.329999923706055,19.540000915527344,19.549999237060547,19.549999237060547,48854500,SLV,spot,USD,oz,yfinance,yfinance:SLV,2026-09-14T13:24:20.029555+00:00,UTC,valid
2022-05-11,20.079999923706055,20.280000686645508,19.850000381469727,19.8700008392334,19.8700008392334,35527500,SLV,spot,USD,oz,yfinance,yfinance:SLV,2026-09-14T13:24:20.029555+00:00,UTC,valid
2022-05-12,19.5,19.530000686645508,19.020000457763672,19.1200008392334,19.1200008392334,35998000,SLV,spot,USD,oz,yfinance,yfinance:SLV,2026-09-14T13:24:20.029555+00:00,UTC,valid
2022-05-13,19.059999465942383,19.469999313354492,19.010000228881836,19.420000076293945,19.420000076293945,32770800,SLV,spot,USD,oz,yfinance,yfinance:SLV,2026-09-14T13:24:20.029555+00:00,UTC,valid
2022-05-16,19.6299991607666,20.020000457763672,19.6200008392334,19.93000030517578,19.93000030517578,36114000,SLV,spot,USD,oz,yfinance,yfinance:SLV,2026-09-14T13:24:20.029555+00:00,UTC,valid
2022-05-17,20.010000228881836,20.100000381469727,19.860000610351562,19.920000076293945,19.920000076293945,23772600,SLV,spot,USD,oz,yfinance,yfinance:SLV,2026-09-14T13:24:20.029555+00:00,UTC,valid
2022-05-18,19.93000030517578,19.969999313354492,19.719999313354492,19.729999542236328,19.729999542236328,22132300,SLV,spot,USD,oz,yfinance,yfinance:SLV,2026-09-14T13:24:20.029555+00:00,UTC,valid
2022-05-19,20.110000610351562,20.299999237060547,20.100000381469727,20.270000457763672,20.270000457763672,24877300,SLV,spot,USD,oz,yfinance,yfinance:SLV,2026-09-14T13:24:20.029555+00:00,UTC,valid
2022-05-20,20.15999984741211,20.209999084472656,19.940000534057617,20.06999969482422,20.06999969482422,19639300,SLV,spot,USD,oz,yfinance,yfinance:SLV,2026-09-14T13:24:20.029555+00:00,UTC,valid
2022-05-23,20.209999084472656,20.25,20.0,20.100000381469727,20.100000381469727,17547600,SLV,spot,USD,oz,yfinance,yfinance:SLV,2026-09-14T13:24:20.029555+00:00,UTC,valid
2022-05-24,20.280000686645508,20.5,20.239999771118164,20.389999389648438,20.389999389648438,22182500,SLV,spot,USD,oz,yfinance,yfinance:SLV,2026-09-14T13:24:20.029555+00:00,UTC,valid
2022-05-25,20.209999084472656,20.360000610351562,20.1299991607666,20.34000015258789,20.34000015258789,18273500,SLV,spot,USD,oz,yfinance,yfinance:SLV,2026-09-14T13:24:20.029555+00:00,UTC,valid
2022-05-26,20.139999389648438,20.3799991607666,20.1299991607666,20.309999465942383,20.309999465942383,14581000,SLV,spot,USD,oz,yfinance,yfinance:SLV,2026-09-14T13:24:20.029555+00:00,UTC,valid
2022-05-27,20.6200008392334,20.649999618530273,20.329999923706055,20.360000610351562,20.360000610351562,22191600,SLV,spot,USD,oz,yfinance,yfinance:SLV,2026-09-14T13:24:20.029555+00:00,UTC,valid
2022-05-31,20.15999984741211,20.280000686645508,19.84000015258789,19.84000015258789,19.84000015258789,29473000,SLV,spot,USD,oz,yfinance,yfinance:SLV,2026-09-14T13:24:20.029555+00:00,UTC,valid
2022-06-01,20.190000534057617,20.280000686645508,19.989999771118164,20.1299991607666,20.1299991607666,25934500,SLV,spot,USD,oz,yfinance,yfinance:SLV,2026-09-14T13:24:20.029555+00:00,UTC,valid
2022-06-02,20.350000381469727,20.600000381469727,20.350000381469727,20.59000015258789,20.59000015258789,21958300,SLV,spot,USD,oz,yfinance,yfinance:SLV,2026-09-14T13:24:20.029555+00:00,UTC,valid
2022-06-03,20.530000686645508,20.579999923706055,20.149999618530273,20.229999542236328,20.229999542236328,21579000,SLV,spot,USD,oz,yfinance,yfinance:SLV,2026-09-14T13:24:20.029555+00:00,UTC,valid
2022-06-06,20.610000610351562,20.639999389648438,20.31999969482422,20.3700008392334,20.3700008392334,18624300,SLV,spot,USD,oz,yfinance,yfinance:SLV,2026-09-14T13:24:20.029555+00:00,UTC,valid
2022-06-07,20.270000457763672,20.56999969482422,20.229999542236328,20.520000457763672,20.520000457763672,17528900,SLV,spot,USD,oz,yfinance,yfinance:SLV,2026-09-14T13:24:20.029555+00:00,UTC,valid
2022-06-08,20.360000610351562,20.5,20.280000686645508,20.350000381469727,20.350000381469727,15871300,SLV,spot,USD,oz,yfinance,yfinance:SLV,2026-09-14T13:24:20.029555+00:00,UTC,valid
2022-06-09,20.280000686645508,20.299999237060547,19.8799991607666,19.969999313354492,19.969999313354492,22778300,SLV,spot,USD,oz,yfinance,yfinance:SLV,2026-09-14T13:24:20.029555+00:00,UTC,valid
2022-06-10,19.790000915527344,20.299999237060547,19.65999984741211,20.190000534057617,20.190000534057617,32953700,SLV,spot,USD,oz,yfinance,yfinance:SLV,2026-09-14T13:24:20.029555+00:00,UTC,valid
2022-06-13,19.690000534057617,19.709999084472656,19.34000015258789,19.5,19.5,44676100,SLV,spot,USD,oz,yfinance,yfinance:SLV,2026-09-14T13:24:20.029555+00:00,UTC,valid
2022-06-14,19.559999465942383,19.59000015258789,19.280000686645508,19.3700008392334,19.3700008392334,23906600,SLV,spot,USD,oz,yfinance,yfinance:SLV,2026-09-14T13:24:20.029555+00:00,UTC,valid
2022-06-15,19.899999618530273,20.15999984741211,19.670000076293945,19.959999084472656,19.959999084472656,42638700,SLV,spot,USD,oz,yfinance,yfinance:SLV,2026-09-14T13:24:20.029555+00:00,UTC,valid
2022-06-16,19.93000030517578,20.270000457763672,19.81999969482422,20.239999771118164,20.239999771118164,27706400,SLV,spot,USD,oz,yfinance,yfinance:SLV,2026-09-14T13:24:20.029555+00:00,UTC,valid
2022-06-17,20.100000381469727,20.139999389648438,19.899999618530273,19.979999542236328,19.979999542236328,20090000,SLV,spot,USD,oz,yfinance,yfinance:SLV,2026-09-14T13:24:20.029555+00:00,UTC,valid
2022-06-21,20.09000015258789,20.25,19.959999084472656,19.979999542236328,19.979999542236328,19273900,SLV,spot,USD,oz,yfinance,yfinance:SLV,2026-09-14T13:24:20.029555+00:00,UTC,valid
2022-06-22,19.81999969482422,19.93000030517578,19.700000762939453,19.760000228881836,19.760000228881836,21420700,SLV,spot,USD,oz,yfinance,yfinance:SLV,2026-09-14T13:24:20.029555+00:00,UTC,valid
2022-06-23,19.739999771118164,19.84000015258789,19.290000915527344,19.3700008392334,19.3700008392334,29995400,SLV,spot,USD,oz,yfinance,yfinance:SLV,2026-09-14T13:24:20.029555+00:00,UTC,valid
2022-06-24,19.270000457763672,19.579999923706055,19.149999618530273,19.510000228881836,19.510000228881836,16678500,SLV,spot,USD,oz,yfinance,yfinance:SLV,2026-09-14T13:24:20.029555+00:00,UTC,valid
2022-06-27,19.690000534057617,19.700000762939453,19.469999313354492,19.489999771118164,19.489999771118164,15467000,SLV,spot,USD,oz,yfinance,yfinance:SLV,2026-09-14T13:24:20.029555+00:00,UTC,valid
2022-06-28,19.520000457763672,19.530000686645508,19.18000030517578,19.190000534057617,19.190000534057617,18319400,SLV,spot,USD,oz,yfinance,yfinance:SLV,2026-09-14T13:24:20.029555+00:00,UTC,valid
2022-06-29,19.260000228881836,19.290000915527344,19.030000686645508,19.139999389648438,19.139999389648438,15636300,SLV,spot,USD,oz,yfinance,yfinance:SLV,2026-09-14T13:24:20.029555+00:00,UTC,valid
2022-06-30,18.989999771118164,19.079999923706055,18.639999389648438,18.639999389648438,18.639999389648438,33205700,SLV,spot,USD,oz,yfinance,yfinance:SLV,2026-09-14T13:24:20.029555+00:00,UTC,valid
2022-07-01,18.100000381469727,18.3799991607666,17.989999771118164,18.309999465942383,18.309999465942383,42504300,SLV,spot,USD,oz,yfinance,yfinance:SLV,2026-09-14T13:24:20.029555+00:00,UTC,valid
2022-07-05,18.030000686645508,18.09000015258789,17.59000015258789,17.729999542236328,17.729999542236328,35121200,SLV,spot,USD,oz,yfinance,yfinance:SLV,2026-09-14T13:24:20.029555+00:00,UTC,valid
2022-07-06,17.799999237060547,17.850000381469727,17.479999542236328,17.690000534057617,17.690000534057617,27849900,SLV,spot,USD,oz,yfinance,yfinance:SLV,2026-09-14T13:24:20.029555+00:00,UTC,valid
2022-07-07,17.809999465942383,17.979999542236328,17.700000762939453,17.75,17.75,17741800,SLV,spot,USD,oz,yfinance,yfinance:SLV,2026-09-14T13:24:20.029555+00:00,UTC,valid
2022-07-08,17.799999237060547,17.940000534057617,17.6299991607666,17.790000915527344,17.790000915527344,14195800,SLV,spot,USD,oz,yfinance,yfinance:SLV,2026-09-14T13:24:20.029555+00:00,UTC,valid
2022-07-11,17.709999084472656,17.829999923706055,17.579999923706055,17.579999923706055,17.579999923706055,20437900,SLV,spot,USD,oz,yfinance,yfinance:SLV,2026-09-14T13:24:20.029555+00:00,UTC,valid
2022-07-12,17.5,17.649999618530273,17.40999984741211,17.440000534057617,17.440000534057617,17349300,SLV,spot,USD,oz,yfinance,yfinance:SLV,2026-09-14T13:24:20.029555+00:00,UTC,valid
2022-07-13,17.5,17.899999618530273,17.420000076293945,17.690000534057617,17.690000534057617,27337000,SLV,spot,USD,oz,yfinance,yfinance:SLV,2026-09-14T13:24:20.029555+00:00,UTC,valid
2022-07-14,16.90999984741211,17.059999465942383,16.729999542236328,17.0,17.0,33596000,SLV,spot,USD,oz,yfinance,yfinance:SLV,2026-09-14T13:24:20.029555+00:00,UTC,valid
2022-07-15,17.149999618530273,17.260000228881836,16.989999771118164,17.190000534057617,17.190000534057617,20381300,SLV,spot,USD,oz,yfinance,yfinance:SLV,2026-09-14T13:24:20.029555+00:00,UTC,valid
2022-07-18,17.440000534057617,17.540000915527344,17.190000534057617,17.219999313354492,17.219999313354492,20458800,SLV,spot,USD,oz,yfinance,yfinance:SLV,2026-09-14T13:24:20.029555+00:00,UTC,valid
2022-07-19,17.299999237060547,17.389999389648438,17.270000457763672,17.290000915527344,17.290000915527344,24751100,SLV,spot,USD,oz,yfinance,yfinance:SLV,2026-09-14T13:24:20.029555+00:00,UTC,valid
2022-07-20,17.579999923706055,17.6200008392334,17.190000534057617,17.190000534057617,17.190000534057617,18738600,SLV,spot,USD,oz,yfinance,yfinance:SLV,2026-09-14T13:24:20.029555+00:00,UTC,valid
2022-07-21,17.06999969482422,17.399999618530273,17.059999465942383,17.399999618530273,17.399999618530273,20773900,SLV,spot,USD,oz,yfinance,yfinance:SLV,2026-09-14T13:24:20.029555+00:00,UTC,valid
2022-07-22,17.280000686645508,17.479999542236328,17.06999969482422,17.139999389648438,17.139999389648438,24517600,SLV,spot,USD,oz,yfinance,yfinance:SLV,2026-09-14T13:24:20.029555+00:00,UTC,valid
2022-07-25,17.059999465942383,17.079999923706055,16.8799991607666,16.979999542236328,16.979999542236328,25644400,SLV,spot,USD,oz,yfinance,yfinance:SLV,2026-09-14T13:24:20.029555+00:00,UTC,valid
2022-07-26,17.15999984741211,17.260000228881836,17.110000610351562,17.15999984741211,17.15999984741211,28040100,SLV,spot,USD,oz,yfinance,yfinance:SLV,2026-09-14T13:24:20.029555+00:00,UTC,valid
2022-07-27,17.170000076293945,17.649999618530273,17.010000228881836,17.600000381469727,17.600000381469727,37994300,SLV,spot,USD,oz,yfinance,yfinance:SLV,2026-09-14T13:24:20.029555+00:00,UTC,valid
2022-07-28,18.15999984741211,18.440000534057617,18.059999465942383,18.43000030517578,18.43000030517578,31578200,SLV,spot,USD,oz,yfinance,yfinance:SLV,2026-09-14T13:24:20.029555+00:00,UTC,valid
2022-07-29,18.43000030517578,18.729999542236328,18.34000015258789,18.700000762939453,18.700000762939453,17388900,SLV,spot,USD,oz,yfinance,yfinance:SLV,2026-09-14T13:24:20.029555+00:00,UTC,valid
2022-08-01,18.719999313354492,18.850000381469727,18.649999618530273,18.790000915527344,18.790000915527344,25229200,SLV,spot,USD,oz,yfinance,yfinance:SLV,2026-09-14T13:24:20.029555+00:00,UTC,valid
2022-08-02,18.729999542236328,18.829999923706055,18.399999618530273,18.40999984741211,18.40999984741211,27922100,SLV,spot,USD,oz,yfinance,yfinance:SLV,2026-09-14T13:24:20.029555+00:00,UTC,valid
2022-08-03,18.450000762939453,18.540000915527344,18.299999237060547,18.489999771118164,18.489999771118164,15163900,SLV,spot,USD,oz,yfinance,yfinance:SLV,2026-09-14T13:24:20.029555+00:00,UTC,valid
2022-08-04,18.469999313354492,18.690000534057617,18.399999618530273,18.639999389648438,18.639999389648438,14091100,SLV,spot,USD,oz,yfinance,yfinance:SLV,2026-09-14T13:24:20.029555+00:00,UTC,valid
2022-08-05,18.15999984741211,18.440000534057617,18.110000610351562,18.329999923706055,18.329999923706055,15896200,SLV,spot,USD,oz,yfinance,yfinance:SLV,2026-09-14T13:24:20.029555+00:00,UTC,valid
2022-08-08,18.770000457763672,19.110000610351562,18.739999771118164,19.030000686645508,19.030000686645508,20739800,SLV,spot,USD,oz,yfinance,yfinance:SLV,2026-09-14T13:24:20.029555+00:00,UTC,valid
2022-08-09,19.020000457763672,19.06999969482422,18.829999923706055,18.93000030517578,18.93000030517578,20591600,SLV,spot,USD,oz,yfinance,yfinance:SLV,2026-09-14T13:24:20.029555+00:00,UTC,valid
2022-08-10,19.0,19.219999313354492,18.90999984741211,18.950000762939453,18.950000762939453,27189100,SLV,spot,USD,oz,yfinance,yfinance:SLV,2026-09-14T13:24:20.029555+00:00,UTC,valid
2022-08-11,18.8700008392334,18.989999771118164,18.65999984741211,18.670000076293945,18.670000076293945,16253800,SLV,spot,USD,oz,yfinance,yfinance:SLV,2026-09-14T13:24:20.029555+00:00,UTC,valid
2022-08-12,18.81999969482422,19.209999084472656,18.809999465942383,19.170000076293945,19.170000076293945,16767400,SLV,spot,USD,oz,yfinance,yfinance:SLV,2026-09-14T13:24:20.029555+00:00,UTC,valid
2022-08-15,18.670000076293945,18.799999237060547,18.549999237060547,18.68000030517578,18.68000030517578,19897300,SLV,spot,USD,oz,yfinance,yfinance:SLV,2026-09-14T13:24:20.029555+00:00,UTC,valid
2022-08-16,18.5,18.639999389648438,18.489999771118164,18.56999969482422,18.56999969482422,20876800,SLV,spot,USD,oz,yfinance,yfinance:SLV,2026-09-14T13:24:20.029555+00:00,UTC,valid
2022-08-17,18.360000610351562,18.420000076293945,18.149999618530273,18.25,18.25,23675400,SLV,spot,USD,oz,yfinance,yfinance:SLV,2026-09-14T13:24:20.029555+00:00,UTC,valid
2022-08-18,18.290000915527344,18.350000381469727,17.959999084472656,18.040000915527344,18.040000915527344,20007500,SLV,spot,USD,oz,yfinance,yfinance:SLV,2026-09-14T13:24:20.029555+00:00,UTC,valid
2022-08-19,17.760000228881836,17.780000686645508,17.530000686645508,17.549999237060547,17.549999237060547,19196700,SLV,spot,USD,oz,yfinance,yfinance:SLV,2026-09-14T13:24:20.029555+00:00,UTC,valid
2022-08-22,17.469999313354492,17.600000381469727,17.31999969482422,17.5,17.5,21747500,SLV,spot,USD,oz,yfinance,yfinance:SLV,2026-09-14T13:24:20.029555+00:00,UTC,valid
2022-08-23,17.399999618530273,17.770000457763672,17.399999618530273,17.6200008392334,17.6200008392334,20127000,SLV,spot,USD,oz,yfinance,yfinance:SLV,2026-09-14T13:24:20.029555+00:00,UTC,valid
2022-08-24,17.510000228881836,17.729999542236328,17.469999313354492,17.6299991607666,17.6299991607666,16954800,SLV,spot,USD,oz,yfinance,yfinance:SLV,2026-09-14T13:24:20.029555+00:00,UTC,valid
2022-08-25,17.719999313354492,17.770000457763672,17.610000610351562,17.729999542236328,17.729999542236328,16618700,SLV,spot,USD,oz,yfinance,yfinance:SLV,2026-09-14T13:24:20.029555+00:00,UTC,valid
2022-08-26,17.81999969482422,17.90999984741211,17.350000381469727,17.360000610351562,17.360000610351562,19412700,SLV,spot,USD,oz,yfinance,yfinance:SLV,2026-09-14T13:24:20.029555+00:00,UTC,valid
2022-08-29,17.239999771118164,17.43000030517578,17.219999313354492,17.290000915527344,17.290000915527344,18893500,SLV,spot,USD,oz,yfinance,yfinance:SLV,2026-09-14T13:24:20.029555+00:00,UTC,valid
2022-08-30,17.219999313354492,17.229999542236328,16.920000076293945,16.959999084472656,16.959999084472656,21271900,SLV,spot,USD,oz,yfinance,yfinance:SLV,2026-09-14T13:24:20.029555+00:00,UTC,valid
2022-08-31,16.700000762939453,16.81999969482422,16.579999923706055,16.579999923706055,16.579999923706055,18799800,SLV,spot,USD,oz,yfinance,yfinance:SLV,2026-09-14T13:24:20.029555+00:00,UTC,valid
2022-09-01,16.389999389648438,16.479999542236328,16.190000534057617,16.3799991607666,16.3799991607666,18413800,SLV,spot,USD,oz,yfinance,yfinance:SLV,2026-09-14T13:24:20.029555+00:00,UTC,valid
2022-09-02,16.6299991607666,16.860000610351562,16.479999542236328,16.56999969482422,16.56999969482422,15875200,SLV,spot,USD,oz,yfinance,yfinance:SLV,2026-09-14T13:24:20.029555+00:00,UTC,valid
2022-09-06,16.81999969482422,16.860000610351562,16.530000686645508,16.540000915527344,16.540000915527344,10812400,SLV,spot,USD,oz,yfinance,yfinance:SLV,2026-09-14T13:24:20.029555+00:00,UTC,valid
2022-09-07,16.639999389648438,17.020000457763672,16.610000610351562,17.0,17.0,15468400,SLV,spot,USD,oz,yfinance,yfinance:SLV,2026-09-14T13:24:20.029555+00:00,UTC,valid
2022-09-08,17.059999465942383,17.1299991607666,16.8799991607666,17.030000686645508,17.030000686645508,13095400,SLV,spot,USD,oz,yfinance,yfinance:SLV,2026-09-14T13:24:20.029555+00:00,UTC,valid
2022-09-09,17.1299991607666,17.389999389648438,17.110000610351562,17.31999969482422,17.31999969482422,9813500,SLV,spot,USD,oz,yfinance,yfinance:SLV,2026-09-14T13:24:20.029555+00:00,UTC,valid
2022-09-12,18.170000076293945,18.43000030517578,17.989999771118164,18.170000076293945,18.170000076293945,30176800,SLV,spot,USD,oz,yfinance,yfinance:SLV,2026-09-14T13:24:20.029555+00:00,UTC,valid
2022-09-13,18.040000915527344,18.200000762939453,17.81999969482422,17.829999923706055,17.829999923706055,20777200,SLV,spot,USD,oz,yfinance,yfinance:SLV,2026-09-14T13:24:20.029555+00:00,UTC,valid
2022-09-14,18.059999465942383,18.149999618530273,17.920000076293945,18.0,18.0,16309300,SLV,spot,USD,oz,yfinance,yfinance:SLV,2026-09-14T13:24:20.029555+00:00,UTC,valid
2022-09-15,17.860000610351562,18.049999237060547,17.610000610351562,17.6299991607666,17.6299991607666,17477300,SLV,spot,USD,oz,yfinance,yfinance:SLV,2026-09-14T13:24:20.029555+00:00,UTC,valid
2022-09-16,17.56999969482422,18.079999923706055,17.450000762939453,17.989999771118164,17.989999771118164,21175800,SLV,spot,USD,oz,yfinance,yfinance:SLV,2026-09-14T13:24:20.029555+00:00,UTC,valid
2022-09-19,17.719999313354492,18.0,17.700000762939453,17.989999771118164,17.989999771118164,16756500,SLV,spot,USD,oz,yfinance,yfinance:SLV,2026-09-14T13:24:20.029555+00:00,UTC,valid
2022-09-20,17.65999984741211,17.780000686645508,17.559999465942383,17.729999542236328,17.729999542236328,10478800,SLV,spot,USD,oz,yfinance,yfinance:SLV,2026-09-14T13:24:20.029555+00:00,UTC,valid
2022-09-21,18.020000457763672,18.360000610351562,17.81999969482422,18.059999465942383,18.059999465942383,36671600,SLV,spot,USD,oz,yfinance,yfinance:SLV,2026-09-14T13:24:20.029555+00:00,UTC,valid
2022-09-22,18.1299991607666,18.18000030517578,17.899999618530273,18.09000015258789,18.09000015258789,12553400,SLV,spot,USD,oz,yfinance,yfinance:SLV,2026-09-14T13:24:20.029555+00:00,UTC,valid
2022-09-23,17.639999389648438,17.649999618530273,17.299999237060547,17.360000610351562,17.360000610351562,23917100,SLV,spot,USD,oz,yfinance,yfinance:SLV,2026-09-14T13:24:20.029555+00:00,UTC,valid
2022-09-26,17.3700008392334,17.540000915527344,16.889999389648438,16.920000076293945,16.920000076293945,19179200,SLV,spot,USD,oz,yfinance,yfinance:SLV,2026-09-14T13:24:20.029555+00:00,UTC,valid
2022-09-27,17.15999984741211,17.299999237060547,16.8700008392334,16.899999618530273,16.899999618530273,18080200,SLV,spot,USD,oz,yfinance,yfinance:SLV,2026-09-14T13:24:20.029555+00:00,UTC,valid
2022-09-28,16.989999771118164,17.489999771118164,16.989999771118164,17.450000762939453,17.450000762939453,22513400,SLV,spot,USD,oz,yfinance,yfinance:SLV,2026-09-14T13:24:20.029555+00:00,UTC,valid
2022-09-29,17.280000686645508,17.3799991607666,17.030000686645508,17.3700008392334,17.3700008392334,16727300,SLV,spot,USD,oz,yfinance,yfinance:SLV,2026-09-14T13:24:20.029555+00:00,UTC,valid
2022-09-30,17.40999984741211,17.770000457763672,17.399999618530273,17.5,17.5,14446100,SLV,spot,USD,oz,yfinance,yfinance:SLV,2026-09-14T13:24:20.029555+00:00,UTC,valid
2022-10-03,18.469999313354492,19.100000381469727,18.399999618530273,19.100000381469727,19.100000381469727,40558200,SLV,spot,USD,oz,yfinance,yfinance:SLV,2026-09-14T13:24:20.029555+00:00,UTC,valid
2022-10-04,19.299999237060547,19.559999465942383,19.209999084472656,19.360000610351562,19.360000610351562,22227800,SLV,spot,USD,oz,yfinance,yfinance:SLV,2026-09-14T13:24:20.029555+00:00,UTC,valid
2022-10-05,18.690000534057617,19.110000610351562,18.3700008392334,18.989999771118164,18.989999771118164,23878400,SLV,spot,USD,oz,yfinance,yfinance:SLV,2026-09-14T13:24:20.029555+00:00,UTC,valid
2022-10-06,18.860000610351562,19.059999465942383,18.75,19.040000915527344,19.040000915527344,11261200,SLV,spot,USD,oz,yfinance,yfinance:SLV,2026-09-14T13:24:20.029555+00:00,UTC,valid
2022-10-07,18.790000915527344,18.8799991607666,18.420000076293945,18.5,18.5,24621100,SLV,spot,USD,oz,yfinance,yfinance:SLV,2026-09-14T13:24:20.029555+00:00,UTC,valid
2022-10-10,18.209999084472656,18.239999771118164,17.979999542236328,18.09000015258789,18.09000015258789,17979100,SLV,spot,USD,oz,yfinance,yfinance:SLV,2026-09-14T13:24:20.029555+00:00,UTC,valid
2022-10-11,17.889999389648438,18.079999923706055,17.559999465942383,17.68000030517578,17.68000030517578,23821900,SLV,spot,USD,oz,yfinance,yfinance:SLV,2026-09-14T13:24:20.029555+00:00,UTC,valid
2022-10-12,17.530000686645508,17.68000030517578,17.3700008392334,17.59000015258789,17.59000015258789,21216900,SLV,spot,USD,oz,yfinance,yfinance:SLV,2026-09-14T13:24:20.029555+00:00,UTC,valid
2022-10-13,17.139999389648438,17.520000457763672,17.040000915527344,17.389999389648438,17.389999389648438,26705300,SLV,spot,USD,oz,yfinance,yfinance:SLV,2026-09-14T13:24:20.029555+00:00,UTC,valid
2022-10-14,17.18000030517578,17.200000762939453,16.65999984741211,16.809999465942383,16.809999465942383,24627300,SLV,spot,USD,oz,yfinance,yfinance:SLV,2026-09-14T13:24:20.029555+00:00,UTC,valid
2022-10-17,17.329999923706055,17.450000762939453,17.110000610351562,17.1200008392334,17.1200008392334,17937400,SLV,spot,USD,oz,yfinance,yfinance:SLV,2026-09-14T13:24:20.029555+00:00,UTC,valid
2022-10-18,17.360000610351562,17.40999984741211,17.079999923706055,17.229999542236328,17.229999542236328,11236300,SLV,spot,USD,oz,yfinance,yfinance:SLV,2026-09-14T13:24:20.029555+00:00,UTC,valid
2022-10-19,16.989999771118164,17.079999923706055,16.90999984741211,17.010000228881836,17.010000228881836,9941300,SLV,spot,USD,oz,yfinance,yfinance:SLV,2026-09-14T13:24:20.029555+00:00,UTC,valid
2022-10-20,17.059999465942383,17.5,17.030000686645508,17.170000076293945,17.170000076293945,17615600,SLV,spot,USD,oz,yfinance,yfinance:SLV,2026-09-14T13:24:20.029555+00:00,UTC,valid
2022-10-21,17.209999084472656,17.780000686645508,17.1299991607666,17.760000228881836,17.760000228881836,28680300,SLV,spot,USD,oz,yfinance,yfinance:SLV,2026-09-14T13:24:20.029555+00:00,UTC,valid
2022-10-24,17.65999984741211,17.770000457763672,17.510000228881836,17.68000030517578,17.68000030517578,12953800,SLV,spot,USD,oz,yfinance,yfinance:SLV,2026-09-14T13:24:20.029555+00:00,UTC,valid
2022-10-25,17.709999084472656,17.899999618530273,17.700000762939453,17.860000610351562,17.860000610351562,13857100,SLV,spot,USD,oz,yfinance,yfinance:SLV,2026-09-14T13:24:20.029555+00:00,UTC,valid
2022-10-26,17.899999618530273,18.1200008392334,17.899999618530273,17.979999542236328,17.979999542236328,17092700,SLV,spot,USD,oz,yfinance,yfinance:SLV,2026-09-14T13:24:20.029555+00:00,UTC,valid
2022-10-27,18.020000457763672,18.100000381469727,17.889999389648438,17.979999542236328,17.979999542236328,14108100,SLV,spot,USD,oz,yfinance,yfinance:SLV,2026-09-14T13:24:20.029555+00:00,UTC,valid
2022-10-28,17.700000762939453,17.850000381469727,17.489999771118164,17.739999771118164,17.739999771118164,10708900,SLV,spot,USD,oz,yfinance,yfinance:SLV,2026-09-14T13:24:20.029555+00:00,UTC,valid
2022-10-31,17.459999084472656,17.719999313354492,17.40999984741211,17.6200008392334,17.6200008392334,10005000,SLV,spot,USD,oz,yfinance,yfinance:SLV,2026-09-14T13:24:20.029555+00:00,UTC,valid
2022-11-01,18.31999969482422,18.3700008392334,17.940000534057617,18.049999237060547,18.049999237060547,20107600,SLV,spot,USD,oz,yfinance,yfinance:SLV,2026-09-14T13:24:20.029555+00:00,UTC,valid
2022-11-02,18.239999771118164,18.489999771118164,17.729999542236328,17.729999542236328,17.729999542236328,24802300,SLV,spot,USD,oz,yfinance,yfinance:SLV,2026-09-14T13:24:20.029555+00:00,UTC,valid
2022-11-03,17.459999084472656,18.0,17.440000534057617,17.940000534057617,17.940000534057617,19125300,SLV,spot,USD,oz,yfinance,yfinance:SLV,2026-09-14T13:24:20.029555+00:00,UTC,valid
2022-11-04,18.739999771118164,19.260000228881836,18.670000076293945,19.260000228881836,19.260000228881836,34818900,SLV,spot,USD,oz,yfinance,yfinance:SLV,2026-09-14T13:24:20.029555+00:00,UTC,valid
2022-11-07,19.219999313354492,19.34000015258789,19.1299991607666,19.149999618530273,19.149999618530273,12869700,SLV,spot,USD,oz,yfinance,yfinance:SLV,2026-09-14T13:24:20.029555+00:00,UTC,valid
2022-11-08,19.260000228881836,19.90999984741211,19.209999084472656,19.700000762939453,19.700000762939453,31329600,SLV,spot,USD,oz,yfinance,yfinance:SLV,2026-09-14T13:24:20.029555+00:00,UTC,valid
2022-11-09,19.65999984741211,19.899999618530273,19.329999923706055,19.360000610351562,19.360000610351562,17422800,SLV,spot,USD,oz,yfinance,yfinance:SLV,2026-09-14T13:24:20.029555+00:00,UTC,valid
2022-11-10,19.979999542236328,20.06999969482422,19.760000228881836,19.969999313354492,19.969999313354492,21968300,SLV,spot,USD,oz,yfinance,yfinance:SLV,2026-09-14T13:24:20.029555+00:00,UTC,valid
2022-11-11,19.760000228881836,19.950000762939453,19.65999984741211,19.950000762939453,19.950000762939453,12472200,SLV,spot,USD,oz,yfinance,yfinance:SLV,2026-09-14T13:24:20.029555+00:00,UTC,valid
2022-11-14,19.950000762939453,20.329999923706055,19.93000030517578,20.239999771118164,20.239999771118164,14503000,SLV,spot,USD,oz,yfinance,yfinance:SLV,2026-09-14T13:24:20.029555+00:00,UTC,valid
2022-11-15,20.079999923706055,20.110000610351562,19.700000762939453,19.8799991607666,19.8799991607666,23955400,SLV,spot,USD,oz,yfinance,yfinance:SLV,2026-09-14T13:24:20.029555+00:00,UTC,valid
2022-11-16,19.950000762939453,20.0,19.700000762939453,19.739999771118164,19.739999771118164,10180600,SLV,spot,USD,oz,yfinance,yfinance:SLV,2026-09-14T13:24:20.029555+00:00,UTC,valid
2022-11-17,19.25,19.329999923706055,19.1299991607666,19.290000915527344,19.290000915527344,12895400,SLV,spot,USD,oz,yfinance,yfinance:SLV,2026-09-14T13:24:20.029555+00:00,UTC,valid
2022-11-18,19.309999465942383,19.459999084472656,19.18000030517578,19.25,19.25,15315800,SLV,spot,USD,oz,yfinance,yfinance:SLV,2026-09-14T13:24:20.029555+00:00,UTC,valid
2022-11-21,19.209999084472656,19.25,19.020000457763672,19.200000762939453,19.200000762939453,10468100,SLV,spot,USD,oz,yfinance,yfinance:SLV,2026-09-14T13:24:20.029555+00:00,UTC,valid
2022-11-22,19.43000030517578,19.520000457763672,19.25,19.43000030517578,19.43000030517578,10140100,SLV,spot,USD,oz,yfinance,yfinance:SLV,2026-09-14T13:24:20.029555+00:00,UTC,valid
2022-11-23,19.530000686645508,19.8799991607666,19.5,19.809999465942383,19.809999465942383,12773600,SLV,spot,USD,oz,yfinance,yfinance:SLV,2026-09-14T13:24:20.029555+00:00,UTC,valid
2022-11-25,19.59000015258789,19.760000228881836,19.559999465942383,19.719999313354492,19.719999313354492,7784800,SLV,spot,USD,oz,yfinance,yfinance:SLV,2026-09-14T13:24:20.029555+00:00,UTC,valid
2022-11-28,19.65999984741211,19.690000534057617,19.200000762939453,19.260000228881836,19.260000228881836,20269200,SLV,spot,USD,oz,yfinance,yfinance:SLV,2026-09-14T13:24:20.029555+00:00,UTC,valid
2022-11-29,19.5,19.75,19.5,19.559999465942383,19.559999465942383,11253000,SLV,spot,USD,oz,yfinance,yfinance:SLV,2026-09-14T13:24:20.029555+00:00,UTC,valid
2022-11-30,20.1200008392334,20.43000030517578,19.809999465942383,20.43000030517578,20.43000030517578,26502100,SLV,spot,USD,oz,yfinance,yfinance:SLV,2026-09-14T13:24:20.029555+00:00,UTC,valid
2022-12-01,20.6299991607666,20.979999542236328,20.59000015258789,20.979999542236328,20.979999542236328,24949600,SLV,spot,USD,oz,yfinance,yfinance:SLV,2026-09-14T13:24:20.029555+00:00,UTC,valid
2022-12-02,20.729999542236328,21.389999389648438,20.670000076293945,21.290000915527344,21.290000915527344,23150100,SLV,spot,USD,oz,yfinance,yfinance:SLV,2026-09-14T13:24:20.029555+00:00,UTC,valid
2022-12-05,20.90999984741211,20.950000762939453,20.399999618530273,20.440000534057617,20.440000534057617,24402700,SLV,spot,USD,oz,yfinance,yfinance:SLV,2026-09-14T13:24:20.029555+00:00,UTC,valid
2022-12-06,20.6200008392334,20.75,20.270000457763672,20.440000534057617,20.440000534057617,16489600,SLV,spot,USD,oz,yfinance,yfinance:SLV,2026-09-14T13:24:20.029555+00:00,UTC,valid
2022-12-07,20.670000076293945,21.010000228881836,20.65999984741211,20.920000076293945,20.920000076293945,22573400,SLV,spot,USD,oz,yfinance,yfinance:SLV,2026-09-14T13:24:20.029555+00:00,UTC,valid
2022-12-08,21.31999969482422,21.3700008392334,21.139999389648438,21.209999084472656,21.209999084472656,17948300,SLV,spot,USD,oz,yfinance,yfinance:SLV,2026-09-14T13:24:20.029555+00:00,UTC,valid
2022-12-09,21.450000762939453,21.799999237060547,21.260000228881836,21.559999465942383,21.559999465942383,18975700,SLV,spot,USD,oz,yfinance,yfinance:SLV,2026-09-14T13:24:20.029555+00:00,UTC,valid
2022-12-12,21.579999923706055,21.6200008392334,21.260000228881836,21.459999084472656,21.459999084472656,20222300,SLV,spot,USD,oz,yfinance,yfinance:SLV,2026-09-14T13:24:20.029555+00:00,UTC,valid
2022-12-13,22.09000015258789,22.200000762939453,21.690000534057617,21.829999923706055,21.829999923706055,24657100,SLV,spot,USD,oz,yfinance,yfinance:SLV,2026-09-14T13:24:20.029555+00:00,UTC,valid
2022-12-14,21.93000030517578,22.139999389648438,21.520000457763672,21.989999771118164,21.989999771118164,24341100,SLV,spot,USD,oz,yfinance,yfinance:SLV,2026-09-14T13:24:20.029555+00:00,UTC,valid
2022-12-15,21.450000762939453,21.56999969482422,21.149999618530273,21.239999771118164,21.239999771118164,19921900,SLV,spot,USD,oz,yfinance,yfinance:SLV,2026-09-14T13:24:20.029555+00:00,UTC,valid
2022-12-16,21.15999984741211,21.399999618530273,21.1299991607666,21.3700008392334,21.3700008392334,15976000,SLV,spot,USD,oz,yfinance,yfinance:SLV,2026-09-14T13:24:20.029555+00:00,UTC,valid
2022-12-19,21.350000381469727,21.3799991607666,21.010000228881836,21.1200008392334,21.1200008392334,12704600,SLV,spot,USD,oz,yfinance,yfinance:SLV,2026-09-14T13:24:20.029555+00:00,UTC,valid
2022-12-20,21.950000762939453,22.31999969482422,21.860000610351562,22.229999542236328,22.229999542236328,28496700,SLV,spot,USD,oz,yfinance,yfinance:SLV,2026-09-14T13:24:20.029555+00:00,UTC,valid
2022-12-21,22.09000015258789,22.270000457763672,22.010000228881836,22.06999969482422,22.06999969482422,11637000,SLV,spot,USD,oz,yfinance,yfinance:SLV,2026-09-14T13:24:20.029555+00:00,UTC,valid
2022-12-22,21.649999618530273,21.790000915527344,21.520000457763672,21.690000534057617,21.690000534057617,15133500,SLV,spot,USD,oz,yfinance,yfinance:SLV,2026-09-14T13:24:20.029555+00:00,UTC,valid
2022-12-23,21.780000686645508,21.950000762939453,21.690000534057617,21.850000381469727,21.850000381469727,10922300,SLV,spot,USD,oz,yfinance,yfinance:SLV,2026-09-14T13:24:20.029555+00:00,UTC,valid
2022-12-27,21.959999084472656,22.350000381469727,21.920000076293945,22.110000610351562,22.110000610351562,12346900,SLV,spot,USD,oz,yfinance,yfinance:SLV,2026-09-14T13:24:20.029555+00:00,UTC,valid
2022-12-28,21.93000030517578,21.969999313354492,21.600000381469727,21.600000381469727,21.600000381469727,10915100,SLV,spot,USD,oz,yfinance,yfinance:SLV,2026-09-14T13:24:20.029555+00:00,UTC,valid
2022-12-29,22.059999465942383,22.139999389648438,21.950000762939453,21.969999313354492,21.969999313354492,11896400,SLV,spot,USD,oz,yfinance,yfinance:SLV,2026-09-14T13:24:20.029555+00:00,UTC,valid
2022-12-30,21.920000076293945,22.030000686645508,21.639999389648438,22.020000457763672,22.020000457763672,14251000,SLV,spot,USD,oz,yfinance,yfinance:SLV,2026-09-14T13:24:20.029555+00:00,UTC,valid
2023-01-03,22.450000762939453,22.540000915527344,22.030000686645508,22.049999237060547,22.049999237060547,18122100,SLV,spot,USD,oz,yfinance,yfinance:SLV,2026-09-14T13:24:20.029555+00:00,UTC,valid
2023-01-04,22.280000686645508,22.360000610351562,21.700000762939453,21.889999389648438,21.889999389648438,17246400,SLV,spot,USD,oz,yfinance,yfinance:SLV,2026-09-14T13:24:20.029555+00:00,UTC,valid
2023-01-05,21.5,21.530000686645508,21.270000457763672,21.389999389648438,21.389999389648438,16539900,SLV,spot,USD,oz,yfinance,yfinance:SLV,2026-09-14T13:24:20.029555+00:00,UTC,valid
2023-01-06,21.709999084472656,22.0,21.610000610351562,21.920000076293945,21.920000076293945,17021400,SLV,spot,USD,oz,yfinance,yfinance:SLV,2026-09-14T13:24:20.029555+00:00,UTC,valid
2023-01-09,22.0,22.139999389648438,21.690000534057617,21.739999771118164,21.739999771118164,15588200,SLV,spot,USD,oz,yfinance,yfinance:SLV,2026-09-14T13:24:20.029555+00:00,UTC,valid
2023-01-10,21.739999771118164,21.8700008392334,21.639999389648438,21.729999542236328,21.729999542236328,10051200,SLV,spot,USD,oz,yfinance,yfinance:SLV,2026-09-14T13:24:20.029555+00:00,UTC,valid
2023-01-11,21.860000610351562,21.8799991607666,21.360000610351562,21.549999237060547,21.549999237060547,13848000,SLV,spot,USD,oz,yfinance,yfinance:SLV,2026-09-14T13:24:20.029555+00:00,UTC,valid
2023-01-12,22.0,22.06999969482422,21.690000534057617,21.8799991607666,21.8799991607666,18514100,SLV,spot,USD,oz,yfinance,yfinance:SLV,2026-09-14T13:24:20.029555+00:00,UTC,valid
2023-01-13,21.8799991607666,22.350000381469727,21.860000610351562,22.329999923706055,22.329999923706055,18425400,SLV,spot,USD,oz,yfinance,yfinance:SLV,2026-09-14T13:24:20.029555+00:00,UTC,valid
2023-01-17,22.200000762939453,22.209999084472656,21.920000076293945,22.010000228881836,22.010000228881836,23059400,SLV,spot,USD,oz,yfinance,yfinance:SLV,2026-09-14T13:24:20.029555+00:00,UTC,valid
2023-01-18,22.299999237060547,22.399999618530273,21.549999237060547,21.56999969482422,21.56999969482422,24553500,SLV,spot,USD,oz,yfinance,yfinance:SLV,2026-09-14T13:24:20.029555+00:00,UTC,valid
2023-01-19,21.649999618530273,22.030000686645508,21.56999969482422,21.959999084472656,21.959999084472656,15361200,SLV,spot,USD,oz,yfinance,yfinance:SLV,2026-09-14T13:24:20.029555+00:00,UTC,valid
2023-01-20,22.010000228881836,22.06999969482422,21.809999465942383,22.020000457763672,22.020000457763672,14299700,SLV,spot,USD,oz,yfinance,yfinance:SLV,2026-09-14T13:24:20.029555+00:00,UTC,valid
2023-01-23,21.18000030517578,21.6200008392334,20.93000030517578,21.579999923706055,21.579999923706055,30123300,SLV,spot,USD,oz,yfinance,yfinance:SLV,2026-09-14T13:24:20.029555+00:00,UTC,valid
2023-01-24,21.5,21.829999923706055,21.350000381469727,21.760000228881836,21.760000228881836,15461600,SLV,spot,USD,oz,yfinance,yfinance:SLV,2026-09-14T13:24:20.029555+00:00,UTC,valid
2023-01-25,21.6299991607666,22.020000457763672,21.579999923706055,21.969999313354492,21.969999313354492,12824900,SLV,spot,USD,oz,yfinance,yfinance:SLV,2026-09-14T13:24:20.029555+00:00,UTC,valid
2023-01-26,22.190000534057617,22.219999313354492,21.809999465942383,21.989999771118164,21.989999771118164,18177800,SLV,spot,USD,oz,yfinance,yfinance:SLV,2026-09-14T13:24:20.029555+00:00,UTC,valid
2023-01-27,21.709999084472656,21.790000915527344,21.43000030517578,21.68000030517578,21.68000030517578,15244100,SLV,spot,USD,oz,yfinance,yfinance:SLV,2026-09-14T13:24:20.029555+00:00,UTC,valid
2023-01-30,21.799999237060547,21.81999969482422,21.649999618530273,21.65999984741211,21.65999984741211,8337100,SLV,spot,USD,oz,yfinance,yfinance:SLV,2026-09-14T13:24:20.029555+00:00,UTC,valid
2023-01-31,21.579999923706055,21.860000610351562,21.540000915527344,21.829999923706055,21.829999923706055,10471400,SLV,spot,USD,oz,yfinance,yfinance:SLV,2026-09-14T13:24:20.029555+00:00,UTC,valid
2023-02-01,21.799999237060547,22.110000610351562,21.489999771118164,22.079999923706055,22.079999923706055,23818200,SLV,spot,USD,oz,yfinance,yfinance:SLV,2026-09-14T13:24:20.029555+00:00,UTC,valid
2023-02-02,22.5,22.520000457763672,21.540000915527344,21.56999969482422,21.56999969482422,22808400,SLV,spot,USD,oz,yfinance,yfinance:SLV,2026-09-14T13:24:20.029555+00:00,UTC,valid
2023-02-03,20.860000610351562,21.059999465942383,20.5,20.56999969482422,20.56999969482422,36695700,SLV,spot,USD,oz,yfinance,yfinance:SLV,2026-09-14T13:24:20.029555+00:00,UTC,valid
2023-02-06,20.549999237060547,20.649999618530273,20.3700008392334,20.479999542236328,20.479999542236328,15824800,SLV,spot,USD,oz,yfinance,yfinance:SLV,2026-09-14T13:24:20.029555+00:00,UTC,valid
2023-02-07,20.40999984741211,20.639999389648438,20.270000457763672,20.3799991607666,20.3799991607666,16209500,SLV,spot,USD,oz,yfinance,yfinance:SLV,2026-09-14T13:24:20.029555+00:00,UTC,valid
2023-02-08,20.59000015258789,20.639999389648438,20.420000076293945,20.479999542236328,20.479999542236328,10688500,SLV,spot,USD,oz,yfinance,yfinance:SLV,2026-09-14T13:24:20.029555+00:00,UTC,valid
2023-02-09,20.65999984741211,20.68000030517578,20.149999618530273,20.18000030517578,20.18000030517578,19233500,SLV,spot,USD,oz,yfinance,yfinance:SLV,2026-09-14T13:24:20.029555+00:00,UTC,valid
2023-02-10,20.40999984741211,20.450000762939453,20.149999618530273,20.239999771118164,20.239999771118164,11028700,SLV,spot,USD,oz,yfinance,yfinance:SLV,2026-09-14T13:24:20.029555+00:00,UTC,valid
2023-02-13,20.149999618530273,20.25,20.040000915527344,20.200000762939453,20.200000762939453,12376300,SLV,spot,USD,oz,yfinance,yfinance:SLV,2026-09-14T13:24:20.029555+00:00,UTC,valid
2023-02-14,19.950000762939453,20.219999313354492,19.8700008392334,20.1200008392334,20.1200008392334,14586500,SLV,spot,USD,oz,yfinance,yfinance:SLV,2026-09-14T13:24:20.029555+00:00,UTC,valid
2023-02-15,19.780000686645508,19.950000762939453,19.770000457763672,19.889999389648438,19.889999389648438,13249500,SLV,spot,USD,oz,yfinance,yfinance:SLV,2026-09-14T13:24:20.029555+00:00,UTC,valid
2023-02-16,19.739999771118164,20.020000457763672,19.709999084472656,19.84000015258789,19.84000015258789,16692900,SLV,spot,USD,oz,yfinance,yfinance:SLV,2026-09-14T13:24:20.029555+00:00,UTC,valid
2023-02-17,19.59000015258789,20.059999465942383,19.549999237060547,20.010000228881836,20.010000228881836,15129100,SLV,spot,USD,oz,yfinance,yfinance:SLV,2026-09-14T13:24:20.029555+00:00,UTC,valid
2023-02-21,20.1299991607666,20.209999084472656,20.0,20.06999969482422,20.06999969482422,11158700,SLV,spot,USD,oz,yfinance,yfinance:SLV,2026-09-14T13:24:20.029555+00:00,UTC,valid
2023-02-22,20.030000686645508,20.049999237060547,19.709999084472656,19.75,19.75,15142700,SLV,spot,USD,oz,yfinance,yfinance:SLV,2026-09-14T13:24:20.029555+00:00,UTC,valid
2023-02-23,19.84000015258789,19.889999389648438,19.549999237060547,19.6299991607666,19.6299991607666,13610700,SLV,spot,USD,oz,yfinance,yfinance:SLV,2026-09-14T13:24:20.029555+00:00,UTC,valid
2023-02-24,19.270000457763672,19.360000610351562,19.059999465942383,19.09000015258789,19.09000015258789,24859800,SLV,spot,USD,oz,yfinance,yfinance:SLV,2026-09-14T13:24:20.029555+00:00,UTC,valid
2023-02-27,19.09000015258789,19.139999389648438,18.889999389648438,18.93000030517578,18.93000030517578,26063800,SLV,spot,USD,oz,yfinance,yfinance:SLV,2026-09-14T13:24:20.029555+00:00,UTC,valid
2023-02-28,18.979999542236328,19.309999465942383,18.899999618530273,19.219999313354492,19.219999313354492,14396100,SLV,spot,USD,oz,yfinance,yfinance:SLV,2026-09-14T13:24:20.029555+00:00,UTC,valid
2023-03-01,19.280000686645508,19.469999313354492,19.219999313354492,19.290000915527344,19.290000915527344,14873100,SLV,spot,USD,oz,yfinance,yfinance:SLV,2026-09-14T13:24:20.029555+00:00,UTC,valid
2023-03-02,19.049999237060547,19.25,19.020000457763672,19.239999771118164,19.239999771118164,8914300,SLV,spot,USD,oz,yfinance,yfinance:SLV,2026-09-14T13:24:20.029555+00:00,UTC,valid
2023-03-03,19.299999237060547,19.559999465942383,19.149999618530273,19.549999237060547,19.549999237060547,12419200,SLV,spot,USD,oz,yfinance,yfinance:SLV,2026-09-14T13:24:20.029555+00:00,UTC,valid
2023-03-06,19.459999084472656,19.489999771118164,19.280000686645508,19.31999969482422,19.31999969482422,7902900,SLV,spot,USD,oz,yfinance,yfinance:SLV,2026-09-14T13:24:20.029555+00:00,UTC,valid
2023-03-07,18.979999542236328,18.989999771118164,18.40999984741211,18.450000762939453,18.450000762939453,26097500,SLV,spot,USD,oz,yfinance,yfinance:SLV,2026-09-14T13:24:20.029555+00:00,UTC,valid
2023-03-08,18.43000030517578,18.600000381469727,18.389999389648438,18.399999618530273,18.399999618530273,13896600,SLV,spot,USD,oz,yfinance,yfinance:SLV,2026-09-14T13:24:20.029555+00:00,UTC,valid
2023-03-09,18.489999771118164,18.65999984741211,18.3799991607666,18.440000534057617,18.440000534057617,11895500,SLV,spot,USD,oz,yfinance,yfinance:SLV,2026-09-14T13:24:20.029555+00:00,UTC,valid
2023-03-10,18.889999389648438,19.110000610351562,18.75,18.860000610351562,18.860000610351562,21470100,SLV,spot,USD,oz,yfinance,yfinance:SLV,2026-09-14T13:24:20.029555+00:00,UTC,valid
2023-03-13,19.709999084472656,20.15999984741211,19.68000030517578,20.0,20.0,37152300,SLV,spot,USD,oz,yfinance,yfinance:SLV,2026-09-14T13:24:20.029555+00:00,UTC,valid
2023-03-14,20.049999237060547,20.209999084472656,19.8700008392334,19.889999389648438,19.889999389648438,29462900,SLV,spot,USD,oz,yfinance,yfinance:SLV,2026-09-14T13:24:20.029555+00:00,UTC,valid
2023-03-15,20.389999389648438,20.440000534057617,19.8700008392334,20.0,20.0,50880500,SLV,spot,USD,oz,yfinance,yfinance:SLV,2026-09-14T13:24:20.029555+00:00,UTC,valid
2023-03-16,20.149999618530273,20.18000030517578,19.719999313354492,19.920000076293945,19.920000076293945,27757800,SLV,spot,USD,oz,yfinance,yfinance:SLV,2026-09-14T13:24:20.029555+00:00,UTC,valid
2023-03-17,20.18000030517578,20.780000686645508,20.149999618530273,20.6299991607666,20.6299991607666,29318300,SLV,spot,USD,oz,yfinance,yfinance:SLV,2026-09-14T13:24:20.029555+00:00,UTC,valid
2023-03-20,20.579999923706055,20.75,20.450000762939453,20.690000534057617,20.690000534057617,14306300,SLV,spot,USD,oz,yfinance,yfinance:SLV,2026-09-14T13:24:20.029555+00:00,UTC,valid
2023-03-21,20.690000534057617,20.700000762939453,20.360000610351562,20.540000915527344,20.540000915527344,15198000,SLV,spot,USD,oz,yfinance,yfinance:SLV,2026-09-14T13:24:20.029555+00:00,UTC,valid
2023-03-22,20.520000457763672,21.209999084472656,20.510000228881836,21.100000381469727,21.100000381469727,25323500,SLV,spot,USD,oz,yfinance,yfinance:SLV,2026-09-14T13:24:20.029555+00:00,UTC,valid
2023-03-23,21.110000610351562,21.350000381469727,21.020000457763672,21.280000686645508,21.280000686645508,19286800,SLV,spot,USD,oz,yfinance,yfinance:SLV,2026-09-14T13:24:20.029555+00:00,UTC,valid
2023-03-24,21.520000457763672,21.579999923706055,21.200000762939453,21.219999313354492,21.219999313354492,15746900,SLV,spot,USD,oz,yfinance,yfinance:SLV,2026-09-14T13:24:20.029555+00:00,UTC,valid
2023-03-27,21.079999923706055,21.239999771118164,21.0,21.219999313354492,21.219999313354492,11703600,SLV,spot,USD,oz,yfinance,yfinance:SLV,2026-09-14T13:24:20.029555+00:00,UTC,valid
2023-03-28,21.139999389648438,21.489999771118164,21.1200008392334,21.43000030517578,21.43000030517578,11221300,SLV,spot,USD,oz,yfinance,yfinance:SLV,2026-09-14T13:24:20.029555+00:00,UTC,valid
2023-03-29,21.31999969482422,21.530000686645508,21.299999237060547,21.440000534057617,21.440000534057617,11804300,SLV,spot,USD,oz,yfinance,yfinance:SLV,2026-09-14T13:24:20.029555+00:00,UTC,valid
2023-03-30,21.68000030517578,21.959999084472656,21.559999465942383,21.940000534057617,21.940000534057617,14724400,SLV,spot,USD,oz,yfinance,yfinance:SLV,2026-09-14T13:24:20.029555+00:00,UTC,valid
2023-03-31,22.030000686645508,22.200000762939453,21.989999771118164,22.1200008392334,22.1200008392334,18212400,SLV,spot,USD,oz,yfinance,yfinance:SLV,2026-09-14T13:24:20.029555+00:00,UTC,valid
2023-04-03,21.959999084472656,22.239999771118164,21.920000076293945,22.059999465942383,22.059999465942383,18134900,SLV,spot,USD,oz,yfinance,yfinance:SLV,2026-09-14T13:24:20.029555+00:00,UTC,valid
2023-04-04,22.1299991607666,23.0,22.100000381469727,22.969999313354492,22.969999313354492,35724700,SLV,spot,USD,oz,yfinance,yfinance:SLV,2026-09-14T13:24:20.029555+00:00,UTC,valid
2023-04-05,22.81999969482422,22.979999542236328,22.639999389648438,22.940000534057617,22.940000534057617,20676800,SLV,spot,USD,oz,yfinance,yfinance:SLV,2026-09-14T13:24:20.029555+00:00,UTC,valid
2023-04-06,22.790000915527344,22.979999542236328,22.579999923706055,22.889999389648438,22.889999389648438,13297400,SLV,spot,USD,oz,yfinance,yfinance:SLV,2026-09-14T13:24:20.029555+00:00,UTC,valid
2023-04-10,22.81999969482422,22.889999389648438,22.719999313354492,22.8799991607666,22.8799991607666,12751600,SLV,spot,USD,oz,yfinance,yfinance:SLV,2026-09-14T13:24:20.029555+00:00,UTC,valid
2023-04-11,22.899999618530273,23.100000381469727,22.850000381469727,23.040000915527344,23.040000915527344,14526500,SLV,spot,USD,oz,yfinance,yfinance:SLV,2026-09-14T13:24:20.029555+00:00,UTC,valid
2023-04-12,23.3700008392334,23.469999313354492,23.049999237060547,23.43000030517578,23.43000030517578,21592400,SLV,spot,USD,oz,yfinance,yfinance:SLV,2026-09-14T13:24:20.029555+00:00,UTC,valid
2023-04-13,23.690000534057617,23.860000610351562,23.559999465942383,23.739999771118164,23.739999771118164,30298700,SLV,spot,USD,oz,yfinance,yfinance:SLV,2026-09-14T13:24:20.029555+00:00,UTC,valid
2023-04-14,23.84000015258789,23.889999389648438,23.100000381469727,23.309999465942383,23.309999465942383,34948600,SLV,spot,USD,oz,yfinance,yfinance:SLV,2026-09-14T13:24:20.029555+00:00,UTC,valid
2023-04-17,23.290000915527344,23.329999923706055,22.790000915527344,23.020000457763672,23.020000457763672,24471600,SLV,spot,USD,oz,yfinance,yfinance:SLV,2026-09-14T13:24:20.029555+00:00,UTC,valid
2023-04-18,22.93000030517578,23.270000457763672,22.899999618530273,23.149999618530273,23.149999618530273,14353800,SLV,spot,USD,oz,yfinance,yfinance:SLV,2026-09-14T13:24:20.029555+00:00,UTC,valid
2023-04-19,23.079999923706055,23.31999969482422,23.059999465942383,23.229999542236328,23.229999542236328,18571300,SLV,spot,USD,oz,yfinance,yfinance:SLV,2026-09-14T13:24:20.029555+00:00,UTC,valid
2023-04-20,23.229999542236328,23.420000076293945,23.049999237060547,23.170000076293945,23.170000076293945,15332300,SLV,spot,USD,oz,yfinance,yfinance:SLV,2026-09-14T13:24:20.029555+00:00,UTC,valid
2023-04-21,23.18000030517578,23.31999969482422,22.8799991607666,22.979999542236328,22.979999542236328,17623900,SLV,spot,USD,oz,yfinance,yfinance:SLV,2026-09-14T13:24:20.029555+00:00,UTC,valid
2023-04-24,22.93000030517578,23.18000030517578,22.84000015258789,23.079999923706055,23.079999923706055,13576600,SLV,spot,USD,oz,yfinance,yfinance:SLV,2026-09-14T13:24:20.029555+00:00,UTC,valid
2023-04-25,22.93000030517578,23.030000686645508,22.6299991607666,22.989999771118164,22.989999771118164,22711400,SLV,spot,USD,oz,yfinance,yfinance:SLV,2026-09-14T13:24:20.029555+00:00,UTC,valid
2023-04-26,23.1200008392334,23.1200008392334,22.709999084472656,22.829999923706055,22.829999923706055,20916800,SLV,spot,USD,oz,yfinance,yfinance:SLV,2026-09-14T13:24:20.029555+00:00,UTC,valid
2023-04-27,22.59000015258789,22.93000030517578,22.520000457763672,22.889999389648438,22.889999389648438,16054200,SLV,spot,USD,oz,yfinance,yfinance:SLV,2026-09-14T13:24:20.029555+00:00,UTC,valid
2023-04-28,22.8799991607666,23.030000686645508,22.75,23.0,23.0,14213300,SLV,spot,USD,oz,yfinance,yfinance:SLV,2026-09-14T13:24:20.029555+00:00,UTC,valid
2023-05-01,23.690000534057617,23.709999084472656,22.860000610351562,22.889999389648438,22.889999389648438,30354800,SLV,spot,USD,oz,yfinance,yfinance:SLV,2026-09-14T13:24:20.029555+00:00,UTC,valid
2023-05-02,22.670000076293945,23.40999984741211,22.639999389648438,23.350000381469727,23.350000381469727,27235300,SLV,spot,USD,oz,yfinance,yfinance:SLV,2026-09-14T13:24:20.029555+00:00,UTC,valid
2023-05-03,23.290000915527344,23.530000686645508,23.15999984741211,23.43000030517578,23.43000030517578,20545300,SLV,spot,USD,oz,yfinance,yfinance:SLV,2026-09-14T13:24:20.029555+00:00,UTC,valid
2023-05-04,23.420000076293945,23.940000534057617,23.420000076293945,23.940000534057617,23.940000534057617,31012600,SLV,spot,USD,oz,yfinance,yfinance:SLV,2026-09-14T13:24:20.029555+00:00,UTC,valid
2023-05-05,23.3799991607666,23.59000015258789,23.1200008392334,23.56999969482422,23.56999969482422,26200200,SLV,spot,USD,oz,yfinance,yfinance:SLV,2026-09-14T13:24:20.029555+00:00,UTC,valid
2023-05-08,23.5,23.600000381469727,23.43000030517578,23.489999771118164,23.489999771118164,11445900,SLV,spot,USD,oz,yfinance,yfinance:SLV,2026-09-14T13:24:20.029555+00:00,UTC,valid
2023-05-09,23.399999618530273,23.579999923706055,23.3700008392334,23.479999542236328,23.479999542236328,11470300,SLV,spot,USD,oz,yfinance,yfinance:SLV,2026-09-14T13:24:20.029555+00:00,UTC,valid
2023-05-10,23.600000381469727,23.65999984741211,23.170000076293945,23.309999465942383,23.309999465942383,18265600,SLV,spot,USD,oz,yfinance,yfinance:SLV,2026-09-14T13:24:20.029555+00:00,UTC,valid
2023-05-11,22.6299991607666,22.719999313354492,22.170000076293945,22.200000762939453,22.200000762939453,29635300,SLV,spot,USD,oz,yfinance,yfinance:SLV,2026-09-14T13:24:20.029555+00:00,UTC,valid
2023-05-12,22.059999465942383,22.190000534057617,21.90999984741211,22.020000457763672,22.020000457763672,18629900,SLV,spot,USD,oz,yfinance,yfinance:SLV,2026-09-14T13:24:20.029555+00:00,UTC,valid
2023-05-15,22.139999389648438,22.239999771118164,22.020000457763672,22.100000381469727,22.100000381469727,11308600,SLV,spot,USD,oz,yfinance,yfinance:SLV,2026-09-14T13:24:20.029555+00:00,UTC,valid
2023-05-16,22.0,22.110000610351562,21.700000762939453,21.809999465942383,21.809999465942383,17266300,SLV,spot,USD,oz,yfinance,yfinance:SLV,2026-09-14T13:24:20.029555+00:00,UTC,valid
2023-05-17,21.920000076293945,21.920000076293945,21.6200008392334,21.81999969482422,21.81999969482422,14587600,SLV,spot,USD,oz,yfinance,yfinance:SLV,2026-09-14T13:24:20.029555+00:00,UTC,valid
2023-05-18,21.610000610351562,21.6299991607666,21.420000076293945,21.559999465942383,21.559999465942383,17283500,SLV,spot,USD,oz,yfinance,yfinance:SLV,2026-09-14T13:24:20.029555+00:00,UTC,valid
2023-05-19,21.700000762939453,22.059999465942383,21.579999923706055,21.860000610351562,21.860000610351562,20547900,SLV,spot,USD,oz,yfinance,yfinance:SLV,2026-09-14T13:24:20.029555+00:00,UTC,valid
2023-05-22,21.860000610351562,21.950000762939453,21.670000076293945,21.670000076293945,21.670000076293945,12665500,SLV,spot,USD,oz,yfinance,yfinance:SLV,2026-09-14T13:24:20.029555+00:00,UTC,valid
2023-05-23,21.559999465942383,21.709999084472656,21.469999313354492,21.510000228881836,21.510000228881836,15236300,SLV,spot,USD,oz,yfinance,yfinance:SLV,2026-09-14T13:24:20.029555+00:00,UTC,valid
2023-05-24,21.40999984741211,21.440000534057617,21.139999389648438,21.15999984741211,21.15999984741211,19508500,SLV,spot,USD,oz,yfinance,yfinance:SLV,2026-09-14T13:24:20.029555+00:00,UTC,valid
2023-05-25,21.18000030517578,21.190000534057617,20.84000015258789,20.860000610351562,20.860000610351562,14846600,SLV,spot,USD,oz,yfinance,yfinance:SLV,2026-09-14T13:24:20.029555+00:00,UTC,valid
2023-05-26,21.260000228881836,21.43000030517578,21.139999389648438,21.3799991607666,21.3799991607666,13685100,SLV,spot,USD,oz,yfinance,yfinance:SLV,2026-09-14T13:24:20.029555+00:00,UTC,valid
2023-05-30,21.25,21.3700008392334,21.1299991607666,21.299999237060547,21.299999237060547,9121100,SLV,spot,USD,oz,yfinance,yfinance:SLV,2026-09-14T13:24:20.029555+00:00,UTC,valid
2023-05-31,21.399999618530273,21.690000534057617,21.190000534057617,21.610000610351562,21.610000610351562,18058500,SLV,spot,USD,oz,yfinance,yfinance:SLV,2026-09-14T13:24:20.029555+00:00,UTC,valid
2023-06-01,21.59000015258789,21.969999313354492,21.579999923706055,21.950000762939453,21.950000762939453,17940600,SLV,spot,USD,oz,yfinance,yfinance:SLV,2026-09-14T13:24:20.029555+00:00,UTC,valid
2023-06-02,21.969999313354492,22.0,21.649999618530273,21.690000534057617,21.690000534057617,13007000,SLV,spot,USD,oz,yfinance,yfinance:SLV,2026-09-14T13:24:20.029555+00:00,UTC,valid
2023-06-05,21.520000457763672,21.75,21.459999084472656,21.639999389648438,21.639999389648438,10411300,SLV,spot,USD,oz,yfinance,yfinance:SLV,2026-09-14T13:24:20.029555+00:00,UTC,valid
2023-06-06,21.6299991607666,21.709999084472656,21.43000030517578,21.649999618530273,21.649999618530273,9406900,SLV,spot,USD,oz,yfinance,yfinance:SLV,2026-09-14T13:24:20.029555+00:00,UTC,valid
2023-06-07,21.700000762939453,22.09000015258789,21.5,21.510000228881836,21.510000228881836,16744500,SLV,spot,USD,oz,yfinance,yfinance:SLV,2026-09-14T13:24:20.029555+00:00,UTC,valid
2023-06-08,22.010000228881836,22.360000610351562,22.010000228881836,22.299999237060547,22.299999237060547,20397100,SLV,spot,USD,oz,yfinance,yfinance:SLV,2026-09-14T13:24:20.029555+00:00,UTC,valid
2023-06-09,22.260000228881836,22.520000457763672,22.209999084472656,22.270000457763672,22.270000457763672,10972800,SLV,spot,USD,oz,yfinance,yfinance:SLV,2026-09-14T13:24:20.029555+00:00,UTC,valid
2023-06-12,22.059999465942383,22.1200008392334,21.920000076293945,22.079999923706055,22.079999923706055,12277700,SLV,spot,USD,oz,yfinance,yfinance:SLV,2026-09-14T13:24:20.029555+00:00,UTC,valid
2023-06-13,22.110000610351562,22.209999084472656,21.65999984741211,21.739999771118164,21.739999771118164,14921900,SLV,spot,USD,oz,yfinance,yfinance:SLV,2026-09-14T13:24:20.029555+00:00,UTC,valid
2023-06-14,21.959999084472656,22.110000610351562,21.889999389648438,21.969999313354492,21.969999313354492,11298600,SLV,spot,USD,oz,yfinance,yfinance:SLV,2026-09-14T13:24:20.029555+00:00,UTC,valid
2023-06-15,21.670000076293945,21.950000762939453,21.670000076293945,21.940000534057617,21.940000534057617,11361000,SLV,spot,USD,oz,yfinance,yfinance:SLV,2026-09-14T13:24:20.029555+00:00,UTC,valid
2023-06-16,22.079999923706055,22.219999313354492,21.920000076293945,22.18000030517578,22.18000030517578,10974100,SLV,spot,USD,oz,yfinance,yfinance:SLV,2026-09-14T13:24:20.029555+00:00,UTC,valid
2023-06-20,21.40999984741211,21.450000762939453,21.170000076293945,21.260000228881836,21.260000228881836,24042200,SLV,spot,USD,oz,yfinance,yfinance:SLV,2026-09-14T13:24:20.029555+00:00,UTC,valid
2023-06-21,20.950000762939453,20.969999313354492,20.649999618530273,20.84000015258789,20.84000015258789,19678000,SLV,spot,USD,oz,yfinance,yfinance:SLV,2026-09-14T13:24:20.029555+00:00,UTC,valid
2023-06-22,20.6299991607666,20.709999084472656,20.459999084472656,20.530000686645508,20.530000686645508,17066500,SLV,spot,USD,oz,yfinance,yfinance:SLV,2026-09-14T13:24:20.029555+00:00,UTC,valid
2023-06-23,20.649999618530273,20.829999923706055,20.459999084472656,20.579999923706055,20.579999923706055,13003800,SLV,spot,USD,oz,yfinance,yfinance:SLV,2026-09-14T13:24:20.029555+00:00,UTC,valid
2023-06-26,20.850000381469727,21.0,20.739999771118164,20.899999618530273,20.899999618530273,12880100,SLV,spot,USD,oz,yfinance,yfinance:SLV,2026-09-14T13:24:20.029555+00:00,UTC,valid
2023-06-27,21.170000076293945,21.200000762939453,20.889999389648438,20.979999542236328,20.979999542236328,14341700,SLV,spot,USD,oz,yfinance,yfinance:SLV,2026-09-14T13:24:20.029555+00:00,UTC,valid
2023-06-28,20.860000610351562,20.989999771118164,20.709999084472656,20.84000015258789,20.84000015258789,8188400,SLV,spot,USD,oz,yfinance,yfinance:SLV,2026-09-14T13:24:20.029555+00:00,UTC,valid
2023-06-29,20.559999465942383,20.81999969482422,20.450000762939453,20.719999313354492,20.719999313354492,13780900,SLV,spot,USD,oz,yfinance,yfinance:SLV,2026-09-14T13:24:20.029555+00:00,UTC,valid
2023-06-30,20.649999618530273,20.969999313354492,20.56999969482422,20.889999389648438,20.889999389648438,10504600,SLV,spot,USD,oz,yfinance,yfinance:SLV,2026-09-14T13:24:20.029555+00:00,UTC,valid
2023-07-03,21.049999237060547,21.18000030517578,21.0,21.010000228881836,21.010000228881836,9135000,SLV,spot,USD,oz,yfinance,yfinance:SLV,2026-09-14T13:24:20.029555+00:00,UTC,valid
2023-07-05,21.31999969482422,21.350000381469727,21.100000381469727,21.209999084472656,21.209999084472656,13299400,SLV,spot,USD,oz,yfinance,yfinance:SLV,2026-09-14T13:24:20.029555+00:00,UTC,valid
2023-07-06,21.020000457763672,21.030000686645508,20.670000076293945,20.829999923706055,20.829999923706055,12544400,SLV,spot,USD,oz,yfinance,yfinance:SLV,2026-09-14T13:24:20.029555+00:00,UTC,valid
2023-07-07,20.920000076293945,21.239999771118164,20.920000076293945,21.18000030517578,21.18000030517578,10657900,SLV,spot,USD,oz,yfinance,yfinance:SLV,2026-09-14T13:24:20.029555+00:00,UTC,valid
2023-07-10,21.049999237060547,21.25,21.049999237060547,21.239999771118164,21.239999771118164,8670800,SLV,spot,USD,oz,yfinance,yfinance:SLV,2026-09-14T13:24:20.029555+00:00,UTC,valid
2023-07-11,21.25,21.299999237060547,21.1200008392334,21.200000762939453,21.200000762939453,6763100,SLV,spot,USD,oz,yfinance,yfinance:SLV,2026-09-14T13:24:20.029555+00:00,UTC,valid
2023-07-12,21.90999984741211,22.15999984741211,21.8799991607666,22.149999618530273,22.149999618530273,24114700,SLV,spot,USD,oz,yfinance,yfinance:SLV,2026-09-14T13:24:20.029555+00:00,UTC,valid
2023-07-13,22.489999771118164,22.780000686645508,22.40999984741211,22.780000686645508,22.780000686645508,22406700,SLV,spot,USD,oz,yfinance,yfinance:SLV,2026-09-14T13:24:20.029555+00:00,UTC,valid
2023-07-14,22.790000915527344,22.959999084472656,22.709999084472656,22.860000610351562,22.860000610351562,16802400,SLV,spot,USD,oz,yfinance,yfinance:SLV,2026-09-14T13:24:20.029555+00:00,UTC,valid
2023-07-17,22.690000534057617,22.81999969482422,22.56999969482422,22.790000915527344,22.790000915527344,9095900,SLV,spot,USD,oz,yfinance,yfinance:SLV,2026-09-14T13:24:20.029555+00:00,UTC,valid
2023-07-18,22.809999465942383,23.100000381469727,22.729999542236328,22.989999771118164,22.989999771118164,14763800,SLV,spot,USD,oz,yfinance,yfinance:SLV,2026-09-14T13:24:20.029555+00:00,UTC,valid
2023-07-19,23.0,23.15999984741211,22.920000076293945,23.100000381469727,23.100000381469727,12889300,SLV,spot,USD,oz,yfinance,yfinance:SLV,2026-09-14T13:24:20.029555+00:00,UTC,valid
2023-07-20,23.100000381469727,23.1299991607666,22.670000076293945,22.68000030517578,22.68000030517578,16215100,SLV,spot,USD,oz,yfinance,yfinance:SLV,2026-09-14T13:24:20.029555+00:00,UTC,valid
2023-07-21,22.68000030517578,22.709999084472656,22.559999465942383,22.56999969482422,22.56999969482422,11279000,SLV,spot,USD,oz,yfinance,yfinance:SLV,2026-09-14T13:24:20.029555+00:00,UTC,valid
2023-07-24,22.399999618530273,22.459999084472656,22.260000228881836,22.329999923706055,22.329999923706055,15105400,SLV,spot,USD,oz,yfinance,yfinance:SLV,2026-09-14T13:24:20.029555+00:00,UTC,valid
2023-07-25,22.56999969482422,22.690000534057617,22.459999084472656,22.6200008392334,22.6200008392334,10753400,SLV,spot,USD,oz,yfinance,yfinance:SLV,2026-09-14T13:24:20.029555+00:00,UTC,valid
2023-07-26,22.579999923706055,22.969999313354492,22.5,22.90999984741211,22.90999984741211,24549800,SLV,spot,USD,oz,yfinance,yfinance:SLV,2026-09-14T13:24:20.029555+00:00,UTC,valid
2023-07-27,22.5,22.520000457763672,22.059999465942383,22.110000610351562,22.110000610351562,27325200,SLV,spot,USD,oz,yfinance,yfinance:SLV,2026-09-14T13:24:20.029555+00:00,UTC,valid
2023-07-28,22.260000228881836,22.389999389648438,22.190000534057617,22.31999969482422,22.31999969482422,10628300,SLV,spot,USD,oz,yfinance,yfinance:SLV,2026-09-14T13:24:20.029555+00:00,UTC,valid
2023-07-31,22.479999542236328,22.790000915527344,22.479999542236328,22.690000534057617,22.690000534057617,14038900,SLV,spot,USD,oz,yfinance,yfinance:SLV,2026-09-14T13:24:20.029555+00:00,UTC,valid
2023-08-01,22.309999465942383,22.440000534057617,22.139999389648438,22.290000915527344,22.290000915527344,11580400,SLV,spot,USD,oz,yfinance,yfinance:SLV,2026-09-14T13:24:20.029555+00:00,UTC,valid
2023-08-02,22.190000534057617,22.219999313354492,21.700000762939453,21.75,21.75,16396700,SLV,spot,USD,oz,yfinance,yfinance:SLV,2026-09-14T13:24:20.029555+00:00,UTC,valid
2023-08-03,21.649999618530273,21.75,21.579999923706055,21.6299991607666,21.6299991607666,16330500,SLV,spot,USD,oz,yfinance,yfinance:SLV,2026-09-14T13:24:20.029555+00:00,UTC,valid
2023-08-04,21.68000030517578,21.829999923706055,21.59000015258789,21.65999984741211,21.65999984741211,12397000,SLV,spot,USD,oz,yfinance,yfinance:SLV,2026-09-14T13:24:20.029555+00:00,UTC,valid
2023-08-07,21.59000015258789,21.600000381469727,21.15999984741211,21.209999084472656,21.209999084472656,11803100,SLV,spot,USD,oz,yfinance,yfinance:SLV,2026-09-14T13:24:20.029555+00:00,UTC,valid
2023-08-08,20.8700008392334,20.989999771118164,20.799999237060547,20.899999618530273,20.899999618530273,16557900,SLV,spot,USD,oz,yfinance,yfinance:SLV,2026-09-14T13:24:20.029555+00:00,UTC,valid
2023-08-09,20.850000381469727,21.0,20.75,20.799999237060547,20.799999237060547,11966200,SLV,spot,USD,oz,yfinance,yfinance:SLV,2026-09-14T13:24:20.029555+00:00,UTC,valid
2023-08-10,20.8799991607666,21.100000381469727,20.770000457763672,20.829999923706055,20.829999923706055,13574900,SLV,spot,USD,oz,yfinance,yfinance:SLV,2026-09-14T13:24:20.029555+00:00,UTC,valid
2023-08-11,20.81999969482422,20.959999084472656,20.760000228881836,20.799999237060547,20.799999237060547,8428800,SLV,spot,USD,oz,yfinance,yfinance:SLV,2026-09-14T13:24:20.029555+00:00,UTC,valid
2023-08-14,20.700000762939453,20.809999465942383,20.520000457763672,20.719999313354492,20.719999313354492,10036200,SLV,spot,USD,oz,yfinance,yfinance:SLV,2026-09-14T13:24:20.029555+00:00,UTC,valid
2023-08-15,20.6299991607666,20.829999923706055,20.520000457763672,20.670000076293945,20.670000076293945,11894800,SLV,spot,USD,oz,yfinance,yfinance:SLV,2026-09-14T13:24:20.029555+00:00,UTC,valid
2023-08-16,20.739999771118164,20.84000015258789,20.549999237060547,20.559999465942383,20.559999465942383,13151800,SLV,spot,USD,oz,yfinance,yfinance:SLV,2026-09-14T13:24:20.029555+00:00,UTC,valid
2023-08-17,21.059999465942383,21.079999923706055,20.709999084472656,20.799999237060547,20.799999237060547,16299600,SLV,spot,USD,oz,yfinance,yfinance:SLV,2026-09-14T13:24:20.029555+00:00,UTC,valid
2023-08-18,20.84000015258789,20.940000534057617,20.780000686645508,20.8700008392334,20.8700008392334,10430300,SLV,spot,USD,oz,yfinance,yfinance:SLV,2026-09-14T13:24:20.029555+00:00,UTC,valid
2023-08-21,21.309999465942383,21.3799991607666,21.010000228881836,21.360000610351562,21.360000610351562,12346300,SLV,spot,USD,oz,yfinance,yfinance:SLV,2026-09-14T13:24:20.029555+00:00,UTC,valid
2023-08-22,21.3700008392334,21.489999771118164,21.280000686645508,21.459999084472656,21.459999084472656,12962900,SLV,spot,USD,oz,yfinance,yfinance:SLV,2026-09-14T13:24:20.029555+00:00,UTC,valid
2023-08-23,22.049999237060547,22.34000015258789,22.030000686645508,22.290000915527344,22.290000915527344,25176900,SLV,spot,USD,oz,yfinance,yfinance:SLV,2026-09-14T13:24:20.029555+00:00,UTC,valid
2023-08-24,22.200000762939453,22.309999465942383,22.059999465942383,22.110000610351562,22.110000610351562,13804100,SLV,spot,USD,oz,yfinance,yfinance:SLV,2026-09-14T13:24:20.029555+00:00,UTC,valid
2023-08-25,22.110000610351562,22.360000610351562,21.93000030517578,22.219999313354492,22.219999313354492,22742100,SLV,spot,USD,oz,yfinance,yfinance:SLV,2026-09-14T13:24:20.029555+00:00,UTC,valid
2023-08-28,22.079999923706055,22.34000015258789,22.040000915527344,22.219999313354492,22.219999313354492,7536600,SLV,spot,USD,oz,yfinance,yfinance:SLV,2026-09-14T13:24:20.029555+00:00,UTC,valid
2023-08-29,22.239999771118164,22.739999771118164,22.190000534057617,22.709999084472656,22.709999084472656,19726900,SLV,spot,USD,oz,yfinance,yfinance:SLV,2026-09-14T13:24:20.029555+00:00,UTC,valid
2023-08-30,22.850000381469727,22.940000534057617,22.549999237060547,22.56999969482422,22.56999969482422,13091200,SLV,spot,USD,oz,yfinance,yfinance:SLV,2026-09-14T13:24:20.029555+00:00,UTC,valid
2023-08-31,22.530000686645508,22.6200008392334,22.34000015258789,22.389999389648438,22.389999389648438,10536600,SLV,spot,USD,oz,yfinance,yfinance:SLV,2026-09-14T13:24:20.029555+00:00,UTC,valid
2023-09-01,22.610000610351562,22.700000762939453,22.149999618530273,22.170000076293945,22.170000076293945,12818500,SLV,spot,USD,oz,yfinance,yfinance:SLV,2026-09-14T13:24:20.029555+00:00,UTC,valid
2023-09-05,21.81999969482422,21.889999389648438,21.559999465942383,21.59000015258789,21.59000015258789,15054100,SLV,spot,USD,oz,yfinance,yfinance:SLV,2026-09-14T13:24:20.029555+00:00,UTC,valid
2023-09-06,21.15999984741211,21.40999984741211,21.100000381469727,21.239999771118164,21.239999771118164,14534100,SLV,spot,USD,oz,yfinance,yfinance:SLV,2026-09-14T13:24:20.029555+00:00,UTC,valid
2023-09-07,21.079999923706055,21.170000076293945,21.010000228881836,21.049999237060547,21.049999237060547,10926900,SLV,spot,USD,oz,yfinance,yfinance:SLV,2026-09-14T13:24:20.029555+00:00,UTC,valid
2023-09-08,21.059999465942383,21.239999771118164,20.959999084472656,21.010000228881836,21.010000228881836,11661200,SLV,spot,USD,oz,yfinance,yfinance:SLV,2026-09-14T13:24:20.029555+00:00,UTC,valid
2023-09-11,21.239999771118164,21.270000457763672,21.040000915527344,21.15999984741211,21.15999984741211,8858900,SLV,spot,USD,oz,yfinance,yfinance:SLV,2026-09-14T13:24:20.029555+00:00,UTC,valid
2023-09-12,21.0,21.219999313354492,20.969999313354492,21.1299991607666,21.1299991607666,8738500,SLV,spot,USD,oz,yfinance,yfinance:SLV,2026-09-14T13:24:20.029555+00:00,UTC,valid
2023-09-13,21.010000228881836,21.110000610351562,20.90999984741211,20.93000030517578,20.93000030517578,11886100,SLV,spot,USD,oz,yfinance,yfinance:SLV,2026-09-14T13:24:20.029555+00:00,UTC,valid
2023-09-14,20.600000381469727,20.860000610351562,20.450000762939453,20.729999542236328,20.729999542236328,26204900,SLV,spot,USD,oz,yfinance,yfinance:SLV,2026-09-14T13:24:20.029555+00:00,UTC,valid
2023-09-15,21.190000534057617,21.350000381469727,21.100000381469727,21.110000610351562,21.110000610351562,22811300,SLV,spot,USD,oz,yfinance,yfinance:SLV,2026-09-14T13:24:20.029555+00:00,UTC,valid
2023-09-18,21.219999313354492,21.31999969482422,21.049999237060547,21.299999237060547,21.299999237060547,11481300,SLV,spot,USD,oz,yfinance,yfinance:SLV,2026-09-14T13:24:20.029555+00:00,UTC,valid
2023-09-19,21.3700008392334,21.399999618530273,21.170000076293945,21.270000457763672,21.270000457763672,10111200,SLV,spot,USD,oz,yfinance,yfinance:SLV,2026-09-14T13:24:20.029555+00:00,UTC,valid
2023-09-20,21.31999969482422,21.6299991607666,21.299999237060547,21.34000015258789,21.34000015258789,17354000,SLV,spot,USD,oz,yfinance,yfinance:SLV,2026-09-14T13:24:20.029555+00:00,UTC,valid
2023-09-21,21.040000915527344,21.520000457763672,21.0,21.440000534057617,21.440000534057617,12395300,SLV,spot,USD,oz,yfinance,yfinance:SLV,2026-09-14T13:24:20.029555+00:00,UTC,valid
2023-09-22,21.649999618530273,21.75,21.559999465942383,21.579999923706055,21.579999923706055,11348500,SLV,spot,USD,oz,yfinance,yfinance:SLV,2026-09-14T13:24:20.029555+00:00,UTC,valid
2023-09-25,21.479999542236328,21.559999465942383,21.1299991607666,21.200000762939453,21.200000762939453,14549100,SLV,spot,USD,oz,yfinance,yfinance:SLV,2026-09-14T13:24:20.029555+00:00,UTC,valid
2023-09-26,21.0,21.15999984741211,20.940000534057617,20.959999084472656,20.959999084472656,18268200,SLV,spot,USD,oz,yfinance,yfinance:SLV,2026-09-14T13:24:20.029555+00:00,UTC,valid
2023-09-27,20.709999084472656,20.799999237060547,20.540000915527344,20.700000762939453,20.700000762939453,15643800,SLV,spot,USD,oz,yfinance,yfinance:SLV,2026-09-14T13:24:20.029555+00:00,UTC,valid
2023-09-28,20.639999389648438,20.84000015258789,20.530000686645508,20.739999771118164,20.739999771118164,14007700,SLV,spot,USD,oz,yfinance,yfinance:SLV,2026-09-14T13:24:20.029555+00:00,UTC,valid
2023-09-29,21.389999389648438,21.43000030517578,20.270000457763672,20.34000015258789,20.34000015258789,36658600,SLV,spot,USD,oz,yfinance,yfinance:SLV,2026-09-14T13:24:20.029555+00:00,UTC,valid
2023-10-02,19.690000534057617,19.739999771118164,19.399999618530273,19.420000076293945,19.420000076293945,41002700,SLV,spot,USD,oz,yfinance,yfinance:SLV,2026-09-14T13:24:20.029555+00:00,UTC,valid
2023-10-03,19.260000228881836,19.6200008392334,19.209999084472656,19.440000534057617,19.440000534057617,32235800,SLV,spot,USD,oz,yfinance,yfinance:SLV,2026-09-14T13:24:20.029555+00:00,UTC,valid
2023-10-04,19.40999984741211,19.420000076293945,18.969999313354492,19.309999465942383,19.309999465942383,25141000,SLV,spot,USD,oz,yfinance,yfinance:SLV,2026-09-14T13:24:20.029555+00:00,UTC,valid
2023-10-05,19.31999969482422,19.399999618530273,18.979999542236328,19.25,19.25,16430500,SLV,spot,USD,oz,yfinance,yfinance:SLV,2026-09-14T13:24:20.029555+00:00,UTC,valid
2023-10-06,19.65999984741211,19.81999969482422,19.260000228881836,19.729999542236328,19.729999542236328,28298500,SLV,spot,USD,oz,yfinance,yfinance:SLV,2026-09-14T13:24:20.029555+00:00,UTC,valid
2023-10-09,19.84000015258789,20.079999923706055,19.799999237060547,20.059999465942383,20.059999465942383,13077400,SLV,spot,USD,oz,yfinance,yfinance:SLV,2026-09-14T13:24:20.029555+00:00,UTC,valid
2023-10-10,19.969999313354492,20.079999923706055,19.8799991607666,19.979999542236328,19.979999542236328,12115000,SLV,spot,USD,oz,yfinance,yfinance:SLV,2026-09-14T13:24:20.029555+00:00,UTC,valid
2023-10-11,20.190000534057617,20.270000457763672,20.06999969482422,20.18000030517578,20.18000030517578,20080500,SLV,spot,USD,oz,yfinance,yfinance:SLV,2026-09-14T13:24:20.029555+00:00,UTC,valid
2023-10-12,20.239999771118164,20.31999969482422,19.93000030517578,19.959999084472656,19.959999084472656,16915500,SLV,spot,USD,oz,yfinance,yfinance:SLV,2026-09-14T13:24:20.029555+00:00,UTC,valid
2023-10-13,20.489999771118164,20.90999984741211,20.469999313354492,20.780000686645508,20.780000686645508,28957500,SLV,spot,USD,oz,yfinance,yfinance:SLV,2026-09-14T13:24:20.029555+00:00,UTC,valid
2023-10-16,20.719999313354492,20.829999923706055,20.65999984741211,20.68000030517578,20.68000030517578,11982500,SLV,spot,USD,oz,yfinance,yfinance:SLV,2026-09-14T13:24:20.029555+00:00,UTC,valid
2023-10-17,20.790000915527344,21.09000015258789,20.729999542236328,20.920000076293945,20.920000076293945,16482000,SLV,spot,USD,oz,yfinance,yfinance:SLV,2026-09-14T13:24:20.029555+00:00,UTC,valid
2023-10-18,21.209999084472656,21.329999923706055,20.780000686645508,20.950000762939453,20.950000762939453,20065700,SLV,spot,USD,oz,yfinance,yfinance:SLV,2026-09-14T13:24:20.029555+00:00,UTC,valid
2023-10-19,20.940000534057617,21.15999984741211,20.75,21.110000610351562,21.110000610351562,20356700,SLV,spot,USD,oz,yfinance,yfinance:SLV,2026-09-14T13:24:20.029555+00:00,UTC,valid
2023-10-20,21.15999984741211,21.719999313354492,21.15999984741211,21.399999618530273,21.399999618530273,35245700,SLV,spot,USD,oz,yfinance,yfinance:SLV,2026-09-14T13:24:20.029555+00:00,UTC,valid
2023-10-23,21.200000762939453,21.270000457763672,21.0,21.049999237060547,21.049999237060547,14074100,SLV,spot,USD,oz,yfinance,yfinance:SLV,2026-09-14T13:24:20.029555+00:00,UTC,valid
2023-10-24,20.920000076293945,21.09000015258789,20.860000610351562,21.020000457763672,21.020000457763672,11491700,SLV,spot,USD,oz,yfinance,yfinance:SLV,2026-09-14T13:24:20.029555+00:00,UTC,valid
2023-10-25,20.90999984741211,21.079999923706055,20.670000076293945,20.940000534057617,20.940000534057617,17639800,SLV,spot,USD,oz,yfinance,yfinance:SLV,2026-09-14T13:24:20.029555+00:00,UTC,valid
2023-10-26,20.90999984741211,20.969999313354492,20.56999969482422,20.850000381469727,20.850000381469727,14326600,SLV,spot,USD,oz,yfinance,yfinance:SLV,2026-09-14T13:24:20.029555+00:00,UTC,valid
2023-10-27,20.920000076293945,21.190000534057617,20.760000228881836,21.18000030517578,21.18000030517578,18630000,SLV,spot,USD,oz,yfinance,yfinance:SLV,2026-09-14T13:24:20.029555+00:00,UTC,valid
2023-10-30,21.59000015258789,21.610000610351562,21.229999542236328,21.34000015258789,21.34000015258789,15304600,SLV,spot,USD,oz,yfinance,yfinance:SLV,2026-09-14T13:24:20.029555+00:00,UTC,valid
2023-10-31,21.139999389648438,21.360000610351562,20.84000015258789,20.979999542236328,20.979999542236328,17624900,SLV,spot,USD,oz,yfinance,yfinance:SLV,2026-09-14T13:24:20.029555+00:00,UTC,valid
2023-11-01,20.81999969482422,21.09000015258789,20.65999984741211,20.969999313354492,20.969999313354492,25224400,SLV,spot,USD,oz,yfinance,yfinance:SLV,2026-09-14T13:24:20.029555+00:00,UTC,valid
2023-11-02,21.06999969482422,21.100000381469727,20.770000457763672,20.8700008392334,20.8700008392334,12232500,SLV,spot,USD,oz,yfinance,yfinance:SLV,2026-09-14T13:24:20.029555+00:00,UTC,valid
2023-11-03,21.030000686645508,21.350000381469727,20.989999771118164,21.219999313354492,21.219999313354492,21259900,SLV,spot,USD,oz,yfinance,yfinance:SLV,2026-09-14T13:24:20.029555+00:00,UTC,valid
2023-11-06,21.219999313354492,21.229999542236328,21.06999969482422,21.079999923706055,21.079999923706055,10278200,SLV,spot,USD,oz,yfinance,yfinance:SLV,2026-09-14T13:24:20.029555+00:00,UTC,valid
2023-11-07,20.729999542236328,20.760000228881836,20.56999969482422,20.729999542236328,20.729999542236328,16082200,SLV,spot,USD,oz,yfinance,yfinance:SLV,2026-09-14T13:24:20.029555+00:00,UTC,valid
2023-11-08,20.809999465942383,20.940000534057617,20.6200008392334,20.649999618530273,20.649999618530273,14361200,SLV,spot,USD,oz,yfinance,yfinance:SLV,2026-09-14T13:24:20.029555+00:00,UTC,valid
2023-11-09,20.75,21.06999969482422,20.649999618530273,20.690000534057617,20.690000534057617,18732000,SLV,spot,USD,oz,yfinance,yfinance:SLV,2026-09-14T13:24:20.029555+00:00,UTC,valid
2023-11-10,20.549999237060547,20.600000381469727,20.34000015258789,20.34000015258789,20.34000015258789,14049800,SLV,spot,USD,oz,yfinance,yfinance:SLV,2026-09-14T13:24:20.029555+00:00,UTC,valid
2023-11-13,20.18000030517578,20.489999771118164,20.100000381469727,20.43000030517578,20.43000030517578,11091100,SLV,spot,USD,oz,yfinance,yfinance:SLV,2026-09-14T13:24:20.029555+00:00,UTC,valid
2023-11-14,20.920000076293945,21.239999771118164,20.8700008392334,21.170000076293945,21.170000076293945,21723900,SLV,spot,USD,oz,yfinance,yfinance:SLV,2026-09-14T13:24:20.029555+00:00,UTC,valid
2023-11-15,21.360000610351562,21.520000457763672,21.239999771118164,21.450000762939453,21.450000762939453,18585600,SLV,spot,USD,oz,yfinance,yfinance:SLV,2026-09-14T13:24:20.029555+00:00,UTC,valid
2023-11-16,21.8799991607666,22.059999465942383,21.729999542236328,21.760000228881836,21.760000228881836,20259200,SLV,spot,USD,oz,yfinance,yfinance:SLV,2026-09-14T13:24:20.029555+00:00,UTC,valid
2023-11-17,21.790000915527344,21.860000610351562,21.68000030517578,21.75,21.75,12296000,SLV,spot,USD,oz,yfinance,yfinance:SLV,2026-09-14T13:24:20.029555+00:00,UTC,valid
2023-11-20,21.420000076293945,21.610000610351562,21.3799991607666,21.479999542236328,21.479999542236328,9559600,SLV,spot,USD,oz,yfinance,yfinance:SLV,2026-09-14T13:24:20.029555+00:00,UTC,valid
2023-11-21,21.8799991607666,22.0,21.739999771118164,21.770000457763672,21.770000457763672,15213000,SLV,spot,USD,oz,yfinance,yfinance:SLV,2026-09-14T13:24:20.029555+00:00,UTC,valid
2023-11-22,21.700000762939453,21.81999969482422,21.56999969482422,21.670000076293945,21.670000076293945,11143900,SLV,spot,USD,oz,yfinance,yfinance:SLV,2026-09-14T13:24:20.029555+00:00,UTC,valid
2023-11-24,22.020000457763672,22.290000915527344,22.0,22.270000457763672,22.270000457763672,10803300,SLV,spot,USD,oz,yfinance,yfinance:SLV,2026-09-14T13:24:20.029555+00:00,UTC,valid
2023-11-27,22.670000076293945,22.709999084472656,22.5,22.559999465942383,22.559999465942383,19785600,SLV,spot,USD,oz,yfinance,yfinance:SLV,2026-09-14T13:24:20.029555+00:00,UTC,valid
2023-11-28,22.68000030517578,22.920000076293945,22.59000015258789,22.920000076293945,22.920000076293945,17064400,SLV,spot,USD,oz,yfinance,yfinance:SLV,2026-09-14T13:24:20.029555+00:00,UTC,valid
2023-11-29,22.959999084472656,23.1299991607666,22.81999969482422,22.8799991607666,22.8799991607666,16675200,SLV,spot,USD,oz,yfinance,yfinance:SLV,2026-09-14T13:24:20.029555+00:00,UTC,valid
2023-11-30,22.969999313354492,23.149999618530273,22.850000381469727,23.1299991607666,23.1299991607666,14364300,SLV,spot,USD,oz,yfinance,yfinance:SLV,2026-09-14T13:24:20.029555+00:00,UTC,valid
2023-12-01,23.09000015258789,23.3700008392334,23.049999237060547,23.329999923706055,23.329999923706055,22107800,SLV,spot,USD,oz,yfinance,yfinance:SLV,2026-09-14T13:24:20.029555+00:00,UTC,valid
2023-12-04,22.75,22.920000076293945,22.360000610351562,22.459999084472656,22.459999084472656,30668300,SLV,spot,USD,oz,yfinance,yfinance:SLV,2026-09-14T13:24:20.029555+00:00,UTC,valid
2023-12-05,22.280000686645508,22.3799991607666,21.950000762939453,22.1200008392334,22.1200008392334,27205100,SLV,spot,USD,oz,yfinance,yfinance:SLV,2026-09-14T13:24:20.029555+00:00,UTC,valid
2023-12-06,22.170000076293945,22.200000762939453,21.8700008392334,21.93000030517578,21.93000030517578,13374500,SLV,spot,USD,oz,yfinance,yfinance:SLV,2026-09-14T13:24:20.029555+00:00,UTC,valid
2023-12-07,21.889999389648438,21.90999984741211,21.600000381469727,21.790000915527344,21.790000915527344,16758500,SLV,spot,USD,oz,yfinance,yfinance:SLV,2026-09-14T13:24:20.029555+00:00,UTC,valid
2023-12-08,21.350000381469727,21.559999465942383,21.020000457763672,21.100000381469727,21.100000381469727,28746500,SLV,spot,USD,oz,yfinance,yfinance:SLV,2026-09-14T13:24:20.029555+00:00,UTC,valid
2023-12-11,20.969999313354492,21.0,20.809999465942383,20.90999984741211,20.90999984741211,22883700,SLV,spot,USD,oz,yfinance,yfinance:SLV,2026-09-14T13:24:20.029555+00:00,UTC,valid
2023-12-12,20.969999313354492,20.979999542236328,20.780000686645508,20.84000015258789,20.84000015258789,12118700,SLV,spot,USD,oz,yfinance,yfinance:SLV,2026-09-14T13:24:20.029555+00:00,UTC,valid
2023-12-13,20.75,21.780000686645508,20.610000610351562,21.770000457763672,21.770000457763672,35068000,SLV,spot,USD,oz,yfinance,yfinance:SLV,2026-09-14T13:24:20.029555+00:00,UTC,valid
2023-12-14,21.989999771118164,22.18000030517578,21.989999771118164,22.149999618530273,22.149999618530273,21384100,SLV,spot,USD,oz,yfinance,yfinance:SLV,2026-09-14T13:24:20.029555+00:00,UTC,valid
2023-12-15,21.979999542236328,22.030000686645508,21.75,21.829999923706055,21.829999923706055,13078000,SLV,spot,USD,oz,yfinance,yfinance:SLV,2026-09-14T13:24:20.029555+00:00,UTC,valid
2023-12-18,21.8799991607666,21.8799991607666,21.65999984741211,21.799999237060547,21.799999237060547,12927400,SLV,spot,USD,oz,yfinance,yfinance:SLV,2026-09-14T13:24:20.029555+00:00,UTC,valid
2023-12-19,21.90999984741211,22.1299991607666,21.889999389648438,22.030000686645508,22.030000686645508,12752700,SLV,spot,USD,oz,yfinance,yfinance:SLV,2026-09-14T13:24:20.029555+00:00,UTC,valid
2023-12-20,22.260000228881836,22.309999465942383,22.040000915527344,22.040000915527344,22.040000915527344,12523600,SLV,spot,USD,oz,yfinance,yfinance:SLV,2026-09-14T13:24:20.029555+00:00,UTC,valid
2023-12-21,22.280000686645508,22.420000076293945,22.200000762939453,22.309999465942383,22.309999465942383,17063600,SLV,spot,USD,oz,yfinance,yfinance:SLV,2026-09-14T13:24:20.029555+00:00,UTC,valid
2023-12-22,22.40999984741211,22.530000686645508,22.049999237060547,22.1200008392334,22.1200008392334,17235800,SLV,spot,USD,oz,yfinance,yfinance:SLV,2026-09-14T13:24:20.029555+00:00,UTC,valid
2023-12-26,22.209999084472656,22.219999313354492,22.040000915527344,22.200000762939453,22.200000762939453,11861700,SLV,spot,USD,oz,yfinance,yfinance:SLV,2026-09-14T13:24:20.029555+00:00,UTC,valid
2023-12-27,22.100000381469727,22.399999618530273,22.09000015258789,22.229999542236328,22.229999542236328,13898400,SLV,spot,USD,oz,yfinance,yfinance:SLV,2026-09-14T13:24:20.029555+00:00,UTC,valid
2023-12-28,22.170000076293945,22.25,21.959999084472656,21.989999771118164,21.989999771118164,11257800,SLV,spot,USD,oz,yfinance,yfinance:SLV,2026-09-14T13:24:20.029555+00:00,UTC,valid
2023-12-29,21.6200008392334,21.950000762939453,21.559999465942383,21.780000686645508,21.780000686645508,13161200,SLV,spot,USD,oz,yfinance,yfinance:SLV,2026-09-14T13:24:20.029555+00:00,UTC,valid
2024-01-02,21.889999389648438,21.989999771118164,21.639999389648438,21.649999618530273,21.649999618530273,13277800,SLV,spot,USD,oz,yfinance,yfinance:SLV,2026-09-14T13:24:20.029555+00:00,UTC,valid
2024-01-03,21.079999923706055,21.219999313354492,20.90999984741211,21.059999465942383,21.059999465942383,26373800,SLV,spot,USD,oz,yfinance,yfinance:SLV,2026-09-14T13:24:20.029555+00:00,UTC,valid
2024-01-04,20.920000076293945,21.100000381469727,20.770000457763672,21.079999923706055,21.079999923706055,11972000,SLV,spot,USD,oz,yfinance,yfinance:SLV,2026-09-14T13:24:20.029555+00:00,UTC,valid
2024-01-05,21.149999618530273,21.530000686645508,21.030000686645508,21.209999084472656,21.209999084472656,21401800,SLV,spot,USD,oz,yfinance,yfinance:SLV,2026-09-14T13:24:20.029555+00:00,UTC,valid
2024-01-08,21.06999969482422,21.25,21.0,21.1299991607666,21.1299991607666,9527900,SLV,spot,USD,oz,yfinance,yfinance:SLV,2026-09-14T13:24:20.029555+00:00,UTC,valid
2024-01-09,21.219999313354492,21.25,20.959999084472656,21.0,21.0,10772300,SLV,spot,USD,oz,yfinance,yfinance:SLV,2026-09-14T13:24:20.029555+00:00,UTC,valid
2024-01-10,20.93000030517578,21.020000457763672,20.850000381469727,20.940000534057617,20.940000534057617,12093700,SLV,spot,USD,oz,yfinance,yfinance:SLV,2026-09-14T13:24:20.029555+00:00,UTC,valid
2024-01-11,20.969999313354492,21.06999969482422,20.56999969482422,20.81999969482422,20.81999969482422,21816100,SLV,spot,USD,oz,yfinance,yfinance:SLV,2026-09-14T13:24:20.029555+00:00,UTC,valid
2024-01-12,21.389999389648438,21.540000915527344,21.110000610351562,21.190000534057617,21.190000534057617,18914500,SLV,spot,USD,oz,yfinance,yfinance:SLV,2026-09-14T13:24:20.029555+00:00,UTC,valid
2024-01-16,21.139999389648438,21.170000076293945,20.920000076293945,20.959999084472656,20.959999084472656,16953000,SLV,spot,USD,oz,yfinance,yfinance:SLV,2026-09-14T13:24:20.029555+00:00,UTC,valid
2024-01-17,20.780000686645508,20.799999237060547,20.610000610351562,20.649999618530273,20.649999618530273,18249100,SLV,spot,USD,oz,yfinance,yfinance:SLV,2026-09-14T13:24:20.029555+00:00,UTC,valid
2024-01-18,20.559999465942383,20.84000015258789,20.540000915527344,20.809999465942383,20.809999465942383,10585900,SLV,spot,USD,oz,yfinance,yfinance:SLV,2026-09-14T13:24:20.029555+00:00,UTC,valid
2024-01-19,20.770000457763672,20.770000457763672,20.559999465942383,20.670000076293945,20.670000076293945,12574500,SLV,spot,USD,oz,yfinance,yfinance:SLV,2026-09-14T13:24:20.029555+00:00,UTC,valid
2024-01-22,20.1200008392334,20.40999984741211,20.06999969482422,20.219999313354492,20.219999313354492,18292200,SLV,spot,USD,oz,yfinance,yfinance:SLV,2026-09-14T13:24:20.029555+00:00,UTC,valid
2024-01-23,20.440000534057617,20.559999465942383,20.399999618530273,20.530000686645508,20.530000686645508,13096700,SLV,spot,USD,oz,yfinance,yfinance:SLV,2026-09-14T13:24:20.029555+00:00,UTC,valid
2024-01-24,20.979999542236328,21.0,20.700000762939453,20.709999084472656,20.709999084472656,24238800,SLV,spot,USD,oz,yfinance,yfinance:SLV,2026-09-14T13:24:20.029555+00:00,UTC,valid
2024-01-25,20.950000762939453,21.06999969482422,20.790000915527344,20.940000534057617,20.940000534057617,15755400,SLV,spot,USD,oz,yfinance,yfinance:SLV,2026-09-14T13:24:20.029555+00:00,UTC,valid
2024-01-26,20.809999465942383,20.920000076293945,20.770000457763672,20.860000610351562,20.860000610351562,7980600,SLV,spot,USD,oz,yfinance,yfinance:SLV,2026-09-14T13:24:20.029555+00:00,UTC,valid
2024-01-29,21.030000686645508,21.25,20.84000015258789,21.209999084472656,21.209999084472656,14309400,SLV,spot,USD,oz,yfinance,yfinance:SLV,2026-09-14T13:24:20.029555+00:00,UTC,valid
2024-01-30,21.290000915527344,21.329999923706055,20.989999771118164,21.190000534057617,21.190000534057617,10734400,SLV,spot,USD,oz,yfinance,yfinance:SLV,2026-09-14T13:24:20.029555+00:00,UTC,valid
2024-01-31,21.200000762939453,21.350000381469727,20.84000015258789,20.90999984741211,20.90999984741211,19870400,SLV,spot,USD,oz,yfinance,yfinance:SLV,2026-09-14T13:24:20.029555+00:00,UTC,valid
2024-02-01,20.940000534057617,21.280000686645508,20.8799991607666,21.209999084472656,21.209999084472656,28714400,SLV,spot,USD,oz,yfinance,yfinance:SLV,2026-09-14T13:24:20.029555+00:00,UTC,valid
2024-02-02,20.610000610351562,20.790000915527344,20.5,20.75,20.75,24324400,SLV,spot,USD,oz,yfinance,yfinance:SLV,2026-09-14T13:24:20.029555+00:00,UTC,valid
2024-02-05,20.440000534057617,20.549999237060547,20.3799991607666,20.469999313354492,20.469999313354492,16531700,SLV,spot,USD,oz,yfinance,yfinance:SLV,2026-09-14T13:24:20.029555+00:00,UTC,valid
2024-02-06,20.43000030517578,20.579999923706055,20.389999389648438,20.510000228881836,20.510000228881836,9007500,SLV,spot,USD,oz,yfinance,yfinance:SLV,2026-09-14T13:24:20.029555+00:00,UTC,valid
2024-02-07,20.43000030517578,20.540000915527344,20.31999969482422,20.329999923706055,20.329999923706055,12084100,SLV,spot,USD,oz,yfinance,yfinance:SLV,2026-09-14T13:24:20.029555+00:00,UTC,valid
2024-02-08,20.440000534057617,20.709999084472656,20.3799991607666,20.649999618530273,20.649999618530273,16547600,SLV,spot,USD,oz,yfinance,yfinance:SLV,2026-09-14T13:24:20.029555+00:00,UTC,valid
2024-02-09,20.559999465942383,20.719999313354492,20.459999084472656,20.68000030517578,20.68000030517578,10620900,SLV,spot,USD,oz,yfinance,yfinance:SLV,2026-09-14T13:24:20.029555+00:00,UTC,valid
2024-02-12,20.6299991607666,20.84000015258789,20.600000381469727,20.760000228881836,20.760000228881836,11006500,SLV,spot,USD,oz,yfinance,yfinance:SLV,2026-09-14T13:24:20.029555+00:00,UTC,valid
2024-02-13,20.43000030517578,20.440000534057617,20.110000610351562,20.200000762939453,20.200000762939453,22824200,SLV,spot,USD,oz,yfinance,yfinance:SLV,2026-09-14T13:24:20.029555+00:00,UTC,valid
2024-02-14,20.229999542236328,20.549999237060547,20.209999084472656,20.440000534057617,20.440000534057617,13085100,SLV,spot,USD,oz,yfinance,yfinance:SLV,2026-09-14T13:24:20.029555+00:00,UTC,valid
2024-02-15,20.84000015258789,21.079999923706055,20.829999923706055,20.940000534057617,20.940000534057617,26720400,SLV,spot,USD,oz,yfinance,yfinance:SLV,2026-09-14T13:24:20.029555+00:00,UTC,valid
2024-02-16,21.06999969482422,21.5,20.90999984741211,21.389999389648438,21.389999389648438,20251800,SLV,spot,USD,oz,yfinance,yfinance:SLV,2026-09-14T13:24:20.029555+00:00,UTC,valid
2024-02-20,21.170000076293945,21.190000534057617,21.030000686645508,21.06999969482422,21.06999969482422,9047200,SLV,spot,USD,oz,yfinance,yfinance:SLV,2026-09-14T13:24:20.029555+00:00,UTC,valid
2024-02-21,21.09000015258789,21.100000381469727,20.81999969482422,20.959999084472656,20.959999084472656,9408700,SLV,spot,USD,oz,yfinance,yfinance:SLV,2026-09-14T13:24:20.029555+00:00,UTC,valid
2024-02-22,20.920000076293945,20.969999313354492,20.799999237060547,20.81999969482422,20.81999969482422,16728600,SLV,spot,USD,oz,yfinance,yfinance:SLV,2026-09-14T13:24:20.029555+00:00,UTC,valid
2024-02-23,20.799999237060547,21.040000915527344,20.690000534057617,20.989999771118164,20.989999771118164,15186500,SLV,spot,USD,oz,yfinance,yfinance:SLV,2026-09-14T13:24:20.029555+00:00,UTC,valid
2024-02-26,20.610000610351562,20.690000534057617,20.540000915527344,20.6200008392334,20.6200008392334,14409300,SLV,spot,USD,oz,yfinance,yfinance:SLV,2026-09-14T13:24:20.029555+00:00,UTC,valid
2024-02-27,20.719999313354492,20.739999771118164,20.510000228881836,20.56999969482422,20.56999969482422,10175100,SLV,spot,USD,oz,yfinance,yfinance:SLV,2026-09-14T13:24:20.029555+00:00,UTC,valid
2024-02-28,20.510000228881836,20.559999465942383,20.450000762939453,20.549999237060547,20.549999237060547,8303800,SLV,spot,USD,oz,yfinance,yfinance:SLV,2026-09-14T13:24:20.029555+00:00,UTC,valid
2024-02-29,20.75,20.790000915527344,20.6200008392334,20.729999542236328,20.729999542236328,10459600,SLV,spot,USD,oz,yfinance,yfinance:SLV,2026-09-14T13:24:20.029555+00:00,UTC,valid
2024-03-01,20.799999237060547,21.280000686645508,20.639999389648438,21.170000076293945,21.170000076293945,23570200,SLV,spot,USD,oz,yfinance,yfinance:SLV,2026-09-14T13:24:20.029555+00:00,UTC,valid
2024-03-04,21.43000030517578,21.899999618530273,21.389999389648438,21.860000610351562,21.860000610351562,26016600,SLV,spot,USD,oz,yfinance,yfinance:SLV,2026-09-14T13:24:20.029555+00:00,UTC,valid
2024-03-05,21.959999084472656,22.059999465942383,21.639999389648438,21.670000076293945,21.670000076293945,22277000,SLV,spot,USD,oz,yfinance,yfinance:SLV,2026-09-14T13:24:20.029555+00:00,UTC,valid
2024-03-06,21.860000610351562,22.229999542236328,21.860000610351562,22.100000381469727,22.100000381469727,31037700,SLV,spot,USD,oz,yfinance,yfinance:SLV,2026-09-14T13:24:20.029555+00:00,UTC,valid
2024-03-07,22.139999389648438,22.40999984741211,22.1200008392334,22.239999771118164,22.239999771118164,18890500,SLV,spot,USD,oz,yfinance,yfinance:SLV,2026-09-14T13:24:20.029555+00:00,UTC,valid
2024-03-08,22.229999542236328,22.450000762939453,22.1200008392334,22.229999542236328,22.229999542236328,27245900,SLV,spot,USD,oz,yfinance,yfinance:SLV,2026-09-14T13:24:20.029555+00:00,UTC,valid
2024-03-11,22.329999923706055,22.440000534057617,22.239999771118164,22.350000381469727,22.350000381469727,15364500,SLV,spot,USD,oz,yfinance,yfinance:SLV,2026-09-14T13:24:20.029555+00:00,UTC,valid
2024-03-12,22.209999084472656,22.219999313354492,21.969999313354492,22.09000015258789,22.09000015258789,16339600,SLV,spot,USD,oz,yfinance,yfinance:SLV,2026-09-14T13:24:20.029555+00:00,UTC,valid
2024-03-13,22.309999465942383,22.8799991607666,22.260000228881836,22.790000915527344,22.790000915527344,27121500,SLV,spot,USD,oz,yfinance,yfinance:SLV,2026-09-14T13:24:20.029555+00:00,UTC,valid
2024-03-14,22.90999984741211,22.940000534057617,22.6200008392334,22.729999542236328,22.729999542236328,14705300,SLV,spot,USD,oz,yfinance,yfinance:SLV,2026-09-14T13:24:20.029555+00:00,UTC,valid
2024-03-15,23.049999237060547,23.280000686645508,22.969999313354492,23.030000686645508,23.030000686645508,28077900,SLV,spot,USD,oz,yfinance,yfinance:SLV,2026-09-14T13:24:20.029555+00:00,UTC,valid
2024-03-18,23.1299991607666,23.1299991607666,22.850000381469727,22.90999984741211,22.90999984741211,11920400,SLV,spot,USD,oz,yfinance,yfinance:SLV,2026-09-14T13:24:20.029555+00:00,UTC,valid
2024-03-19,22.790000915527344,22.84000015258789,22.6200008392334,22.790000915527344,22.790000915527344,13406900,SLV,spot,USD,oz,yfinance,yfinance:SLV,2026-09-14T13:24:20.029555+00:00,UTC,valid
2024-03-20,22.709999084472656,23.450000762939453,22.700000762939453,23.290000915527344,23.290000915527344,31945100,SLV,spot,USD,oz,yfinance,yfinance:SLV,2026-09-14T13:24:20.029555+00:00,UTC,valid
2024-03-21,23.139999389648438,23.15999984741211,22.530000686645508,22.649999618530273,22.649999618530273,31163600,SLV,spot,USD,oz,yfinance,yfinance:SLV,2026-09-14T13:24:20.029555+00:00,UTC,valid
2024-03-22,22.649999618530273,22.81999969482422,22.520000457763672,22.559999465942383,22.559999465942383,17183600,SLV,spot,USD,oz,yfinance,yfinance:SLV,2026-09-14T13:24:20.029555+00:00,UTC,valid
2024-03-25,22.600000381469727,22.729999542236328,22.549999237060547,22.579999923706055,22.579999923706055,10066700,SLV,spot,USD,oz,yfinance,yfinance:SLV,2026-09-14T13:24:20.029555+00:00,UTC,valid
2024-03-26,22.610000610351562,22.6200008392334,22.290000915527344,22.34000015258789,22.34000015258789,18183600,SLV,spot,USD,oz,yfinance,yfinance:SLV,2026-09-14T13:24:20.029555+00:00,UTC,valid
2024-03-27,22.34000015258789,22.559999465942383,22.34000015258789,22.510000228881836,22.510000228881836,12551800,SLV,spot,USD,oz,yfinance,yfinance:SLV,2026-09-14T13:24:20.029555+00:00,UTC,valid
2024-03-28,22.479999542236328,22.799999237060547,22.420000076293945,22.75,22.75,29105400,SLV,spot,USD,oz,yfinance,yfinance:SLV,2026-09-14T13:24:20.029555+00:00,UTC,valid
2024-04-01,23.190000534057617,23.200000762939453,22.6299991607666,22.860000610351562,22.860000610351562,22490700,SLV,spot,USD,oz,yfinance,yfinance:SLV,2026-09-14T13:24:20.029555+00:00,UTC,valid
2024-04-02,23.329999923706055,23.899999618530273,23.239999771118164,23.84000015258789,23.84000015258789,58416700,SLV,spot,USD,oz,yfinance,yfinance:SLV,2026-09-14T13:24:20.029555+00:00,UTC,valid
2024-04-03,24.270000457763672,24.760000228881836,24.170000076293945,24.729999542236328,24.729999542236328,61360100,SLV,spot,USD,oz,yfinance,yfinance:SLV,2026-09-14T13:24:20.029555+00:00,UTC,valid
2024-04-04,24.56999969482422,24.950000762939453,24.389999389648438,24.489999771118164,24.489999771118164,54231400,SLV,spot,USD,oz,yfinance,yfinance:SLV,2026-09-14T13:24:20.029555+00:00,UTC,valid
2024-04-05,24.489999771118164,25.139999389648438,24.389999389648438,25.030000686645508,25.030000686645508,43238200,SLV,spot,USD,oz,yfinance,yfinance:SLV,2026-09-14T13:24:20.029555+00:00,UTC,valid
2024-04-08,25.360000610351562,25.489999771118164,24.899999618530273,25.399999618530273,25.399999618530273,40708900,SLV,spot,USD,oz,yfinance,yfinance:SLV,2026-09-14T13:24:20.029555+00:00,UTC,valid
2024-04-09,25.75,25.899999618530273,25.260000228881836,25.719999313354492,25.719999313354492,40950600,SLV,spot,USD,oz,yfinance,yfinance:SLV,2026-09-14T13:24:20.029555+00:00,UTC,valid
2024-04-10,25.329999923706055,26.079999923706055,25.170000076293945,25.450000762939453,25.450000762939453,50614100,SLV,spot,USD,oz,yfinance,yfinance:SLV,2026-09-14T13:24:20.029555+00:00,UTC,valid
2024-04-11,25.690000534057617,26.040000915527344,25.3799991607666,26.010000228881836,26.010000228881836,28595200,SLV,spot,USD,oz,yfinance,yfinance:SLV,2026-09-14T13:24:20.029555+00:00,UTC,valid
2024-04-12,26.799999237060547,27.239999771118164,25.520000457763672,25.6299991607666,25.6299991607666,117678300,SLV,spot,USD,oz,yfinance,yfinance:SLV,2026-09-14T13:24:20.029555+00:00,UTC,valid
2024-04-15,26.209999084472656,26.420000076293945,25.690000534057617,26.40999984741211,26.40999984741211,51965100,SLV,spot,USD,oz,yfinance,yfinance:SLV,2026-09-14T13:24:20.029555+00:00,UTC,valid
2024-04-16,26.06999969482422,26.06999969482422,25.549999237060547,25.799999237060547,25.799999237060547,56256200,SLV,spot,USD,oz,yfinance,yfinance:SLV,2026-09-14T13:24:20.029555+00:00,UTC,valid
2024-04-17,26.1299991607666,26.34000015258789,25.709999084472656,25.850000381469727,25.850000381469727,46667300,SLV,spot,USD,oz,yfinance,yfinance:SLV,2026-09-14T13:24:20.029555+00:00,UTC,valid
2024-04-18,26.110000610351562,26.15999984741211,25.739999771118164,25.860000610351562,25.860000610351562,26818200,SLV,spot,USD,oz,yfinance,yfinance:SLV,2026-09-14T13:24:20.029555+00:00,UTC,valid
2024-04-19,25.93000030517578,26.31999969482422,25.899999618530273,26.200000762939453,26.200000762939453,29321200,SLV,spot,USD,oz,yfinance,yfinance:SLV,2026-09-14T13:24:20.029555+00:00,UTC,valid
2024-04-22,24.950000762939453,25.190000534057617,24.790000915527344,24.93000030517578,24.93000030517578,37156900,SLV,spot,USD,oz,yfinance,yfinance:SLV,2026-09-14T13:24:20.029555+00:00,UTC,valid
2024-04-23,24.65999984741211,25.040000915527344,24.6299991607666,24.989999771118164,24.989999771118164,37046800,SLV,spot,USD,oz,yfinance,yfinance:SLV,2026-09-14T13:24:20.029555+00:00,UTC,valid
2024-04-24,24.8799991607666,25.049999237060547,24.780000686645508,24.899999618530273,24.899999618530273,19783600,SLV,spot,USD,oz,yfinance,yfinance:SLV,2026-09-14T13:24:20.029555+00:00,UTC,valid
2024-04-25,24.860000610351562,25.219999313354492,24.809999465942383,25.059999465942383,25.059999465942383,32678400,SLV,spot,USD,oz,yfinance,yfinance:SLV,2026-09-14T13:24:20.029555+00:00,UTC,valid
2024-04-26,25.190000534057617,25.219999313354492,24.75,24.889999389648438,24.889999389648438,26821300,SLV,spot,USD,oz,yfinance,yfinance:SLV,2026-09-14T13:24:20.029555+00:00,UTC,valid
2024-04-29,24.8700008392334,25.079999923706055,24.68000030517578,24.829999923706055,24.829999923706055,23922200,SLV,spot,USD,oz,yfinance,yfinance:SLV,2026-09-14T13:24:20.029555+00:00,UTC,valid
2024-04-30,24.239999771118164,24.3700008392334,24.020000457763672,24.049999237060547,24.049999237060547,32400100,SLV,spot,USD,oz,yfinance,yfinance:SLV,2026-09-14T13:24:20.029555+00:00,UTC,valid
2024-05-01,24.18000030517578,24.649999618530273,24.09000015258789,24.270000457763672,24.270000457763672,42815400,SLV,spot,USD,oz,yfinance,yfinance:SLV,2026-09-14T13:24:20.029555+00:00,UTC,valid
2024-05-02,23.950000762939453,24.469999313354492,23.920000076293945,24.360000610351562,24.360000610351562,24968800,SLV,spot,USD,oz,yfinance,yfinance:SLV,2026-09-14T13:24:20.029555+00:00,UTC,valid
2024-05-03,24.209999084472656,24.299999237060547,23.8700008392334,24.219999313354492,24.219999313354492,26859100,SLV,spot,USD,oz,yfinance,yfinance:SLV,2026-09-14T13:24:20.029555+00:00,UTC,valid
2024-05-06,24.989999771118164,25.1299991607666,24.829999923706055,25.06999969482422,25.06999969482422,27627400,SLV,spot,USD,oz,yfinance,yfinance:SLV,2026-09-14T13:24:20.029555+00:00,UTC,valid
2024-05-07,25.030000686645508,25.100000381469727,24.8799991607666,24.920000076293945,24.920000076293945,14811500,SLV,spot,USD,oz,yfinance,yfinance:SLV,2026-09-14T13:24:20.029555+00:00,UTC,valid
2024-05-08,24.889999389648438,25.1200008392334,24.81999969482422,24.950000762939453,24.950000762939453,16967400,SLV,spot,USD,oz,yfinance,yfinance:SLV,2026-09-14T13:24:20.029555+00:00,UTC,valid
2024-05-09,25.31999969482422,25.8799991607666,25.299999237060547,25.860000610351562,25.860000610351562,32734900,SLV,spot,USD,oz,yfinance,yfinance:SLV,2026-09-14T13:24:20.029555+00:00,UTC,valid
2024-05-10,25.979999542236328,26.049999237060547,25.6200008392334,25.770000457763672,25.770000457763672,24489700,SLV,spot,USD,oz,yfinance,yfinance:SLV,2026-09-14T13:24:20.029555+00:00,UTC,valid
2024-05-13,25.829999923706055,25.93000030517578,25.649999618530273,25.799999237060547,25.799999237060547,15222900,SLV,spot,USD,oz,yfinance,yfinance:SLV,2026-09-14T13:24:20.029555+00:00,UTC,valid
2024-05-14,26.0,26.270000457763672,25.860000610351562,26.1299991607666,26.1299991607666,20065000,SLV,spot,USD,oz,yfinance,yfinance:SLV,2026-09-14T13:24:20.029555+00:00,UTC,valid
2024-05-15,26.579999923706055,27.18000030517578,26.06999969482422,27.1200008392334,27.1200008392334,39872400,SLV,spot,USD,oz,yfinance,yfinance:SLV,2026-09-14T13:24:20.029555+00:00,UTC,valid
2024-05-16,26.979999542236328,27.170000076293945,26.790000915527344,27.059999465942383,27.059999465942383,19821300,SLV,spot,USD,oz,yfinance,yfinance:SLV,2026-09-14T13:24:20.029555+00:00,UTC,valid
2024-05-17,27.860000610351562,28.84000015258789,27.549999237060547,28.790000915527344,28.790000915527344,52708100,SLV,spot,USD,oz,yfinance,yfinance:SLV,2026-09-14T13:24:20.029555+00:00,UTC,valid
2024-05-20,28.93000030517578,29.559999465942383,28.40999984741211,28.979999542236328,28.979999542236328,58184700,SLV,spot,USD,oz,yfinance,yfinance:SLV,2026-09-14T13:24:20.029555+00:00,UTC,valid
2024-05-21,29.100000381469727,29.510000228881836,28.81999969482422,29.270000457763672,29.270000457763672,30700300,SLV,spot,USD,oz,yfinance,yfinance:SLV,2026-09-14T13:24:20.029555+00:00,UTC,valid
2024-05-22,29.059999465942383,29.059999465942383,28.110000610351562,28.219999313354492,28.219999313354492,48609700,SLV,spot,USD,oz,yfinance,yfinance:SLV,2026-09-14T13:24:20.029555+00:00,UTC,valid
2024-05-23,28.110000610351562,28.280000686645508,27.469999313354492,27.549999237060547,27.549999237060547,39911200,SLV,spot,USD,oz,yfinance,yfinance:SLV,2026-09-14T13:24:20.029555+00:00,UTC,valid
2024-05-24,27.93000030517578,27.989999771118164,27.610000610351562,27.739999771118164,27.739999771118164,14534600,SLV,spot,USD,oz,yfinance,yfinance:SLV,2026-09-14T13:24:20.029555+00:00,UTC,valid
2024-05-28,29.299999237060547,29.34000015258789,28.690000534057617,29.239999771118164,29.239999771118164,31041700,SLV,spot,USD,oz,yfinance,yfinance:SLV,2026-09-14T13:24:20.029555+00:00,UTC,valid
2024-05-29,29.06999969482422,29.469999313354492,28.979999542236328,29.170000076293945,29.170000076293945,20708400,SLV,spot,USD,oz,yfinance,yfinance:SLV,2026-09-14T13:24:20.029555+00:00,UTC,valid
2024-05-30,28.829999923706055,29.049999237060547,28.31999969482422,28.420000076293945,28.420000076293945,22224700,SLV,spot,USD,oz,yfinance,yfinance:SLV,2026-09-14T13:24:20.029555+00:00,UTC,valid
2024-05-31,28.770000457763672,28.860000610351562,27.579999923706055,27.760000228881836,27.760000228881836,31957600,SLV,spot,USD,oz,yfinance,yfinance:SLV,2026-09-14T13:24:20.029555+00:00,UTC,valid
2024-06-03,27.81999969482422,28.149999618530273,27.559999465942383,27.889999389648438,27.889999389648438,18156000,SLV,spot,USD,oz,yfinance,yfinance:SLV,2026-09-14T13:24:20.029555+00:00,UTC,valid
2024-06-04,27.309999465942383,27.309999465942383,26.84000015258789,27.020000457763672,27.020000457763672,28858400,SLV,spot,USD,oz,yfinance,yfinance:SLV,2026-09-14T13:24:20.029555+00:00,UTC,valid
2024-06-05,27.1200008392334,27.459999084472656,26.899999618530273,27.399999618530273,27.399999618530273,18175300,SLV,spot,USD,oz,yfinance,yfinance:SLV,2026-09-14T13:24:20.029555+00:00,UTC,valid
2024-06-06,27.81999969482422,28.6299991607666,27.690000534057617,28.530000686645508,28.530000686645508,27650000,SLV,spot,USD,oz,yfinance,yfinance:SLV,2026-09-14T13:24:20.029555+00:00,UTC,valid
2024-06-07,27.290000915527344,27.299999237060547,26.610000610351562,26.670000076293945,26.670000076293945,43868900,SLV,spot,USD,oz,yfinance,yfinance:SLV,2026-09-14T13:24:20.029555+00:00,UTC,valid
2024-06-10,27.06999969482422,27.239999771118164,26.850000381469727,27.1200008392334,27.1200008392334,17066900,SLV,spot,USD,oz,yfinance,yfinance:SLV,2026-09-14T13:24:20.029555+00:00,UTC,valid
2024-06-11,26.729999542236328,26.809999465942383,26.559999465942383,26.709999084472656,26.709999084472656,13338900,SLV,spot,USD,oz,yfinance,yfinance:SLV,2026-09-14T13:24:20.029555+00:00,UTC,valid
2024-06-12,27.5,27.56999969482422,26.940000534057617,27.030000686645508,27.030000686645508,27934800,SLV,spot,USD,oz,yfinance,yfinance:SLV,2026-09-14T13:24:20.029555+00:00,UTC,valid
2024-06-13,26.790000915527344,26.93000030517578,26.170000076293945,26.43000030517578,26.43000030517578,21680300,SLV,spot,USD,oz,yfinance,yfinance:SLV,2026-09-14T13:24:20.029555+00:00,UTC,valid
2024-06-14,26.6299991607666,27.030000686645508,26.5,27.010000228881836,27.010000228881836,25973300,SLV,spot,USD,oz,yfinance,yfinance:SLV,2026-09-14T13:24:20.029555+00:00,UTC,valid
2024-06-17,26.899999618530273,26.940000534057617,26.559999465942383,26.920000076293945,26.920000076293945,15016000,SLV,spot,USD,oz,yfinance,yfinance:SLV,2026-09-14T13:24:20.029555+00:00,UTC,valid
2024-06-18,26.649999618530273,27.010000228881836,26.649999618530273,26.959999084472656,26.959999084472656,12033500,SLV,spot,USD,oz,yfinance,yfinance:SLV,2026-09-14T13:24:20.029555+00:00,UTC,valid
2024-06-20,27.510000228881836,28.1200008392334,27.40999984741211,28.0,28.0,22898000,SLV,spot,USD,oz,yfinance,yfinance:SLV,2026-09-14T13:24:20.029555+00:00,UTC,valid
2024-06-21,27.549999237060547,27.56999969482422,26.90999984741211,26.979999542236328,26.979999542236328,26827500,SLV,spot,USD,oz,yfinance,yfinance:SLV,2026-09-14T13:24:20.029555+00:00,UTC,valid
2024-06-24,27.059999465942383,27.139999389648438,26.8799991607666,27.0,27.0,12836300,SLV,spot,USD,oz,yfinance,yfinance:SLV,2026-09-14T13:24:20.029555+00:00,UTC,valid
2024-06-25,26.780000686645508,26.790000915527344,26.34000015258789,26.399999618530273,26.399999618530273,14711300,SLV,spot,USD,oz,yfinance,yfinance:SLV,2026-09-14T13:24:20.029555+00:00,UTC,valid
2024-06-26,26.15999984741211,26.450000762939453,26.09000015258789,26.309999465942383,26.309999465942383,13855700,SLV,spot,USD,oz,yfinance,yfinance:SLV,2026-09-14T13:24:20.029555+00:00,UTC,valid
2024-06-27,26.559999465942383,26.65999984741211,26.350000381469727,26.450000762939453,26.450000762939453,11124600,SLV,spot,USD,oz,yfinance,yfinance:SLV,2026-09-14T13:24:20.029555+00:00,UTC,valid
2024-06-28,26.8799991607666,26.889999389648438,26.540000915527344,26.56999969482422,26.56999969482422,10426500,SLV,spot,USD,oz,yfinance,yfinance:SLV,2026-09-14T13:24:20.029555+00:00,UTC,valid
2024-07-01,26.719999313354492,26.920000076293945,26.600000381469727,26.850000381469727,26.850000381469727,12587300,SLV,spot,USD,oz,yfinance,yfinance:SLV,2026-09-14T13:24:20.029555+00:00,UTC,valid
2024-07-02,26.850000381469727,27.229999542236328,26.780000686645508,26.969999313354492,26.969999313354492,12172000,SLV,spot,USD,oz,yfinance,yfinance:SLV,2026-09-14T13:24:20.029555+00:00,UTC,valid
2024-07-03,27.709999084472656,28.010000228881836,27.68000030517578,27.84000015258789,27.84000015258789,16834200,SLV,spot,USD,oz,yfinance,yfinance:SLV,2026-09-14T13:24:20.029555+00:00,UTC,valid
2024-07-05,28.15999984741211,28.75,28.079999923706055,28.479999542236328,28.479999542236328,23018600,SLV,spot,USD,oz,yfinance,yfinance:SLV,2026-09-14T13:24:20.029555+00:00,UTC,valid
2024-07-08,28.350000381469727,28.510000228881836,27.790000915527344,28.1299991607666,28.1299991607666,19742900,SLV,spot,USD,oz,yfinance,yfinance:SLV,2026-09-14T13:24:20.029555+00:00,UTC,valid
2024-07-09,28.31999969482422,28.43000030517578,27.8700008392334,28.1200008392334,28.1200008392334,14005300,SLV,spot,USD,oz,yfinance,yfinance:SLV,2026-09-14T13:24:20.029555+00:00,UTC,valid
2024-07-10,28.290000915527344,28.459999084472656,27.989999771118164,28.15999984741211,28.15999984741211,13142600,SLV,spot,USD,oz,yfinance,yfinance:SLV,2026-09-14T13:24:20.029555+00:00,UTC,valid
2024-07-11,28.75,28.90999984741211,28.479999542236328,28.68000030517578,28.68000030517578,20141500,SLV,spot,USD,oz,yfinance,yfinance:SLV,2026-09-14T13:24:20.029555+00:00,UTC,valid
2024-07-12,28.0,28.309999465942383,27.940000534057617,28.1200008392334,28.1200008392334,15380000,SLV,spot,USD,oz,yfinance,yfinance:SLV,2026-09-14T13:24:20.029555+00:00,UTC,valid
2024-07-15,28.09000015258789,28.389999389648438,27.8700008392334,28.030000686645508,28.030000686645508,13426700,SLV,spot,USD,oz,yfinance,yfinance:SLV,2026-09-14T13:24:20.029555+00:00,UTC,valid
2024-07-16,28.030000686645508,28.68000030517578,27.979999542236328,28.610000610351562,28.610000610351562,17280200,SLV,spot,USD,oz,yfinance,yfinance:SLV,2026-09-14T13:24:20.029555+00:00,UTC,valid
2024-07-17,28.25,28.360000610351562,27.43000030517578,27.670000076293945,27.670000076293945,34443400,SLV,spot,USD,oz,yfinance,yfinance:SLV,2026-09-14T13:24:20.029555+00:00,UTC,valid
2024-07-18,27.760000228881836,27.790000915527344,27.139999389648438,27.200000762939453,27.200000762939453,15566200,SLV,spot,USD,oz,yfinance,yfinance:SLV,2026-09-14T13:24:20.029555+00:00,UTC,valid
2024-07-19,26.399999618530273,26.739999771118164,26.3700008392334,26.690000534057617,26.690000534057617,20111200,SLV,spot,USD,oz,yfinance,yfinance:SLV,2026-09-14T13:24:20.029555+00:00,UTC,valid
2024-07-22,26.440000534057617,26.65999984741211,26.309999465942383,26.6299991607666,26.6299991607666,12069800,SLV,spot,USD,oz,yfinance,yfinance:SLV,2026-09-14T13:24:20.029555+00:00,UTC,valid
2024-07-23,26.489999771118164,26.68000030517578,26.420000076293945,26.68000030517578,26.68000030517578,10184500,SLV,spot,USD,oz,yfinance,yfinance:SLV,2026-09-14T13:24:20.029555+00:00,UTC,valid
2024-07-24,26.729999542236328,26.889999389648438,26.40999984741211,26.43000030517578,26.43000030517578,12474500,SLV,spot,USD,oz,yfinance,yfinance:SLV,2026-09-14T13:24:20.029555+00:00,UTC,valid
2024-07-25,25.239999771118164,25.540000915527344,25.170000076293945,25.40999984741211,25.40999984741211,31711400,SLV,spot,USD,oz,yfinance,yfinance:SLV,2026-09-14T13:24:20.029555+00:00,UTC,valid
2024-07-26,25.389999389648438,25.530000686645508,25.209999084472656,25.479999542236328,25.479999542236328,12442400,SLV,spot,USD,oz,yfinance,yfinance:SLV,2026-09-14T13:24:20.029555+00:00,UTC,valid
2024-07-29,25.540000915527344,25.579999923706055,24.93000030517578,25.440000534057617,25.440000534057617,16616700,SLV,spot,USD,oz,yfinance,yfinance:SLV,2026-09-14T13:24:20.029555+00:00,UTC,valid
2024-07-30,25.56999969482422,25.940000534057617,25.329999923706055,25.829999923706055,25.829999923706055,14896300,SLV,spot,USD,oz,yfinance,yfinance:SLV,2026-09-14T13:24:20.029555+00:00,UTC,valid
2024-07-31,26.229999542236328,26.5,26.059999465942383,26.389999389648438,26.389999389648438,23227900,SLV,spot,USD,oz,yfinance,yfinance:SLV,2026-09-14T13:24:20.029555+00:00,UTC,valid
2024-08-01,26.530000686645508,26.559999465942383,25.75,26.030000686645508,26.030000686645508,19796800,SLV,spot,USD,oz,yfinance,yfinance:SLV,2026-09-14T13:24:20.029555+00:00,UTC,valid
2024-08-02,26.440000534057617,26.5,25.5,26.040000915527344,26.040000915527344,25325000,SLV,spot,USD,oz,yfinance,yfinance:SLV,2026-09-14T13:24:20.029555+00:00,UTC,valid
2024-08-05,24.6299991607666,25.040000915527344,24.540000915527344,24.860000610351562,24.860000610351562,36392900,SLV,spot,USD,oz,yfinance,yfinance:SLV,2026-09-14T13:24:20.029555+00:00,UTC,valid
2024-08-06,24.530000686645508,24.889999389648438,24.479999542236328,24.639999389648438,24.639999389648438,18308000,SLV,spot,USD,oz,yfinance,yfinance:SLV,2026-09-14T13:24:20.029555+00:00,UTC,valid
2024-08-07,24.68000030517578,24.770000457763672,24.25,24.329999923706055,24.329999923706055,12709900,SLV,spot,USD,oz,yfinance,yfinance:SLV,2026-09-14T13:24:20.029555+00:00,UTC,valid
2024-08-08,24.719999313354492,25.18000030517578,24.639999389648438,25.010000228881836,25.010000228881836,17704400,SLV,spot,USD,oz,yfinance,yfinance:SLV,2026-09-14T13:24:20.029555+00:00,UTC,valid
2024-08-09,25.100000381469727,25.25,24.8799991607666,25.0,25.0,15934000,SLV,spot,USD,oz,yfinance,yfinance:SLV,2026-09-14T13:24:20.029555+00:00,UTC,valid
2024-08-12,25.3799991607666,25.600000381469727,25.1200008392334,25.489999771118164,25.489999771118164,15323100,SLV,spot,USD,oz,yfinance,yfinance:SLV,2026-09-14T13:24:20.029555+00:00,UTC,valid
2024-08-13,25.209999084472656,25.440000534057617,25.110000610351562,25.420000076293945,25.420000076293945,11860500,SLV,spot,USD,oz,yfinance,yfinance:SLV,2026-09-14T13:24:20.029555+00:00,UTC,valid
2024-08-14,25.260000228881836,25.40999984741211,24.799999237060547,25.1299991607666,25.1299991607666,14114400,SLV,spot,USD,oz,yfinance,yfinance:SLV,2026-09-14T13:24:20.029555+00:00,UTC,valid
2024-08-15,25.799999237060547,26.020000457763672,25.459999084472656,25.860000610351562,25.860000610351562,17206000,SLV,spot,USD,oz,yfinance,yfinance:SLV,2026-09-14T13:24:20.029555+00:00,UTC,valid
2024-08-16,25.860000610351562,26.440000534057617,25.770000457763672,26.43000030517578,26.43000030517578,19315700,SLV,spot,USD,oz,yfinance,yfinance:SLV,2026-09-14T13:24:20.029555+00:00,UTC,valid
2024-08-19,26.450000762939453,26.899999618530273,26.3700008392334,26.829999923706055,26.829999923706055,20102800,SLV,spot,USD,oz,yfinance,yfinance:SLV,2026-09-14T13:24:20.029555+00:00,UTC,valid
2024-08-20,27.299999237060547,27.360000610351562,26.729999542236328,26.8700008392334,26.8700008392334,20454500,SLV,spot,USD,oz,yfinance,yfinance:SLV,2026-09-14T13:24:20.029555+00:00,UTC,valid
2024-08-21,26.920000076293945,27.139999389648438,26.65999984741211,26.950000762939453,26.950000762939453,18449500,SLV,spot,USD,oz,yfinance,yfinance:SLV,2026-09-14T13:24:20.029555+00:00,UTC,valid
2024-08-22,26.920000076293945,26.93000030517578,26.260000228881836,26.389999389648438,26.389999389648438,23972700,SLV,spot,USD,oz,yfinance,yfinance:SLV,2026-09-14T13:24:20.029555+00:00,UTC,valid
2024-08-23,26.709999084472656,27.270000457763672,26.6299991607666,27.200000762939453,27.200000762939453,21713300,SLV,spot,USD,oz,yfinance,yfinance:SLV,2026-09-14T13:24:20.029555+00:00,UTC,valid
2024-08-26,27.399999618530273,27.420000076293945,27.1299991607666,27.31999969482422,27.31999969482422,8812400,SLV,spot,USD,oz,yfinance,yfinance:SLV,2026-09-14T13:24:20.029555+00:00,UTC,valid
2024-08-27,27.25,27.459999084472656,27.100000381469727,27.360000610351562,27.360000610351562,10591700,SLV,spot,USD,oz,yfinance,yfinance:SLV,2026-09-14T13:24:20.029555+00:00,UTC,valid
2024-08-28,26.860000610351562,26.860000610351562,26.530000686645508,26.690000534057617,26.690000534057617,11564200,SLV,spot,USD,oz,yfinance,yfinance:SLV,2026-09-14T13:24:20.029555+00:00,UTC,valid
2024-08-29,26.709999084472656,27.049999237060547,26.6299991607666,26.809999465942383,26.809999465942383,11793800,SLV,spot,USD,oz,yfinance,yfinance:SLV,2026-09-14T13:24:20.029555+00:00,UTC,valid
2024-08-30,26.68000030517578,26.799999237060547,26.190000534057617,26.350000381469727,26.350000381469727,15762100,SLV,spot,USD,oz,yfinance,yfinance:SLV,2026-09-14T13:24:20.029555+00:00,UTC,valid
2024-09-03,25.829999923706055,25.850000381469727,25.270000457763672,25.579999923706055,25.579999923706055,17149100,SLV,spot,USD,oz,yfinance,yfinance:SLV,2026-09-14T13:24:20.029555+00:00,UTC,valid
2024-09-04,25.6200008392334,25.8799991607666,25.579999923706055,25.68000030517578,25.68000030517578,11322400,SLV,spot,USD,oz,yfinance,yfinance:SLV,2026-09-14T13:24:20.029555+00:00,UTC,valid
2024-09-05,26.3799991607666,26.610000610351562,26.149999618530273,26.229999542236328,26.229999542236328,14573600,SLV,spot,USD,oz,yfinance,yfinance:SLV,2026-09-14T13:24:20.029555+00:00,UTC,valid
2024-09-06,26.25,26.350000381469727,25.270000457763672,25.479999542236328,25.479999542236328,23805400,SLV,spot,USD,oz,yfinance,yfinance:SLV,2026-09-14T13:24:20.029555+00:00,UTC,valid
2024-09-09,25.719999313354492,25.8799991607666,25.59000015258789,25.850000381469727,25.850000381469727,8774800,SLV,spot,USD,oz,yfinance,yfinance:SLV,2026-09-14T13:24:20.029555+00:00,UTC,valid
2024-09-10,25.959999084472656,25.959999084472656,25.579999923706055,25.940000534057617,25.940000534057617,9395400,SLV,spot,USD,oz,yfinance,yfinance:SLV,2026-09-14T13:24:20.029555+00:00,UTC,valid
2024-09-11,26.049999237060547,26.219999313354492,25.6200008392334,26.1200008392334,26.1200008392334,11052200,SLV,spot,USD,oz,yfinance,yfinance:SLV,2026-09-14T13:24:20.029555+00:00,UTC,valid
2024-09-12,26.639999389648438,27.280000686645508,26.56999969482422,27.270000457763672,27.270000457763672,22524200,SLV,spot,USD,oz,yfinance,yfinance:SLV,2026-09-14T13:24:20.029555+00:00,UTC,valid
2024-09-13,27.8700008392334,28.209999084472656,27.760000228881836,28.020000457763672,28.020000457763672,28629400,SLV,spot,USD,oz,yfinance,yfinance:SLV,2026-09-14T13:24:20.029555+00:00,UTC,valid
2024-09-16,28.270000457763672,28.290000915527344,27.899999618530273,28.06999969482422,28.06999969482422,14701600,SLV,spot,USD,oz,yfinance,yfinance:SLV,2026-09-14T13:24:20.029555+00:00,UTC,valid
2024-09-17,28.020000457763672,28.270000457763672,27.84000015258789,27.959999084472656,27.959999084472656,15504300,SLV,spot,USD,oz,yfinance,yfinance:SLV,2026-09-14T13:24:20.029555+00:00,UTC,valid
2024-09-18,27.950000762939453,28.5,27.09000015258789,27.239999771118164,27.239999771118164,35165900,SLV,spot,USD,oz,yfinance,yfinance:SLV,2026-09-14T13:24:20.029555+00:00,UTC,valid
2024-09-19,28.25,28.389999389648438,27.920000076293945,28.09000015258789,28.09000015258789,18852800,SLV,spot,USD,oz,yfinance,yfinance:SLV,2026-09-14T13:24:20.029555+00:00,UTC,valid
2024-09-20,28.399999618530273,28.600000381469727,28.18000030517578,28.40999984741211,28.40999984741211,21649400,SLV,spot,USD,oz,yfinance,yfinance:SLV,2026-09-14T13:24:20.029555+00:00,UTC,valid
2024-09-23,28.229999542236328,28.299999237060547,27.93000030517578,27.979999542236328,27.979999542236328,24206300,SLV,spot,USD,oz,yfinance,yfinance:SLV,2026-09-14T13:24:20.029555+00:00,UTC,valid
2024-09-24,28.270000457763672,29.440000534057617,28.170000076293945,29.3799991607666,29.3799991607666,41629900,SLV,spot,USD,oz,yfinance,yfinance:SLV,2026-09-14T13:24:20.029555+00:00,UTC,valid
2024-09-25,29.100000381469727,29.420000076293945,28.799999237060547,29.059999465942383,29.059999465942383,26627000,SLV,spot,USD,oz,yfinance,yfinance:SLV,2026-09-14T13:24:20.029555+00:00,UTC,valid
2024-09-26,29.31999969482422,29.459999084472656,28.940000534057617,29.260000228881836,29.260000228881836,23692000,SLV,spot,USD,oz,yfinance,yfinance:SLV,2026-09-14T13:24:20.029555+00:00,UTC,valid
2024-09-27,29.34000015258789,29.469999313354492,28.59000015258789,28.860000610351562,28.860000610351562,27109600,SLV,spot,USD,oz,yfinance,yfinance:SLV,2026-09-14T13:24:20.029555+00:00,UTC,valid
2024-09-30,28.510000228881836,28.540000915527344,28.170000076293945,28.40999984741211,28.40999984741211,16578100,SLV,spot,USD,oz,yfinance,yfinance:SLV,2026-09-14T13:24:20.029555+00:00,UTC,valid
2024-10-01,28.780000686645508,29.059999465942383,28.549999237060547,28.579999923706055,28.579999923706055,23796400,SLV,spot,USD,oz,yfinance,yfinance:SLV,2026-09-14T13:24:20.029555+00:00,UTC,valid
2024-10-02,29.1299991607666,29.459999084472656,28.68000030517578,29.0,29.0,21103100,SLV,spot,USD,oz,yfinance,yfinance:SLV,2026-09-14T13:24:20.029555+00:00,UTC,valid
2024-10-03,28.90999984741211,29.3700008392334,28.790000915527344,29.229999542236328,29.229999542236328,18907400,SLV,spot,USD,oz,yfinance,yfinance:SLV,2026-09-14T13:24:20.029555+00:00,UTC,valid
2024-10-04,29.229999542236328,30.06999969482422,28.979999542236328,29.360000610351562,29.360000610351562,39083200,SLV,spot,USD,oz,yfinance,yfinance:SLV,2026-09-14T13:24:20.029555+00:00,UTC,valid
2024-10-07,29.010000228881836,29.079999923706055,28.709999084472656,28.93000030517578,28.93000030517578,20872000,SLV,spot,USD,oz,yfinance,yfinance:SLV,2026-09-14T13:24:20.029555+00:00,UTC,valid
2024-10-08,28.40999984741211,28.530000686645508,27.469999313354492,28.010000228881836,28.010000228881836,39037200,SLV,spot,USD,oz,yfinance,yfinance:SLV,2026-09-14T13:24:20.029555+00:00,UTC,valid
2024-10-09,27.6200008392334,27.989999771118164,27.559999465942383,27.860000610351562,27.860000610351562,20157900,SLV,spot,USD,oz,yfinance,yfinance:SLV,2026-09-14T13:24:20.029555+00:00,UTC,valid
2024-10-10,27.969999313354492,28.43000030517578,27.920000076293945,28.3799991607666,28.3799991607666,18329100,SLV,spot,USD,oz,yfinance,yfinance:SLV,2026-09-14T13:24:20.029555+00:00,UTC,valid
2024-10-11,28.600000381469727,28.8700008392334,28.59000015258789,28.799999237060547,28.799999237060547,17096600,SLV,spot,USD,oz,yfinance,yfinance:SLV,2026-09-14T13:24:20.029555+00:00,UTC,valid
2024-10-14,28.469999313354492,28.760000228881836,28.299999237060547,28.540000915527344,28.540000915527344,13515700,SLV,spot,USD,oz,yfinance,yfinance:SLV,2026-09-14T13:24:20.029555+00:00,UTC,valid
2024-10-15,28.520000457763672,28.899999618530273,28.420000076293945,28.709999084472656,28.709999084472656,16871700,SLV,spot,USD,oz,yfinance,yfinance:SLV,2026-09-14T13:24:20.029555+00:00,UTC,valid
2024-10-16,29.1200008392334,29.350000381469727,28.770000457763672,28.90999984741211,28.90999984741211,17789700,SLV,spot,USD,oz,yfinance,yfinance:SLV,2026-09-14T13:24:20.029555+00:00,UTC,valid
2024-10-17,28.920000076293945,29.200000762939453,28.549999237060547,28.889999389648438,28.889999389648438,15369500,SLV,spot,USD,oz,yfinance,yfinance:SLV,2026-09-14T13:24:20.029555+00:00,UTC,valid
2024-10-18,29.469999313354492,30.719999313354492,29.420000076293945,30.639999389648438,30.639999389648438,45090400,SLV,spot,USD,oz,yfinance,yfinance:SLV,2026-09-14T13:24:20.029555+00:00,UTC,valid
2024-10-21,31.1299991607666,31.229999542236328,30.510000228881836,30.850000381469727,30.850000381469727,36669700,SLV,spot,USD,oz,yfinance,yfinance:SLV,2026-09-14T13:24:20.029555+00:00,UTC,valid
2024-10-22,31.399999618530273,31.799999237060547,31.239999771118164,31.739999771118164,31.739999771118164,37066100,SLV,spot,USD,oz,yfinance,yfinance:SLV,2026-09-14T13:24:20.029555+00:00,UTC,valid
2024-10-23,31.100000381469727,31.110000610351562,30.479999542236328,30.709999084472656,30.709999084472656,37351700,SLV,spot,USD,oz,yfinance,yfinance:SLV,2026-09-14T13:24:20.029555+00:00,UTC,valid
2024-10-24,31.190000534057617,31.229999542236328,30.299999237060547,30.690000534057617,30.690000534057617,29251500,SLV,spot,USD,oz,yfinance,yfinance:SLV,2026-09-14T13:24:20.029555+00:00,UTC,valid
2024-10-25,30.579999923706055,31.020000457763672,30.469999313354492,30.6299991607666,30.6299991607666,19517500,SLV,spot,USD,oz,yfinance,yfinance:SLV,2026-09-14T13:24:20.029555+00:00,UTC,valid
2024-10-28,30.709999084472656,30.989999771118164,30.6200008392334,30.729999542236328,30.729999542236328,16296900,SLV,spot,USD,oz,yfinance,yfinance:SLV,2026-09-14T13:24:20.029555+00:00,UTC,valid
2024-10-29,31.170000076293945,31.510000228881836,31.059999465942383,31.389999389648438,31.389999389648438,22508800,SLV,spot,USD,oz,yfinance,yfinance:SLV,2026-09-14T13:24:20.029555+00:00,UTC,valid
2024-10-30,30.739999771118164,30.979999542236328,30.450000762939453,30.809999465942383,30.809999465942383,20900100,SLV,spot,USD,oz,yfinance,yfinance:SLV,2026-09-14T13:24:20.029555+00:00,UTC,valid
2024-10-31,30.34000015258789,30.360000610351562,29.6200008392334,29.809999465942383,29.809999465942383,33075000,SLV,spot,USD,oz,yfinance,yfinance:SLV,2026-09-14T13:24:20.029555+00:00,UTC,valid
2024-11-01,30.059999465942383,30.190000534057617,29.479999542236328,29.540000915527344,29.540000915527344,22164900,SLV,spot,USD,oz,yfinance,yfinance:SLV,2026-09-14T13:24:20.029555+00:00,UTC,valid
2024-11-04,29.799999237060547,29.889999389648438,29.43000030517578,29.6299991607666,29.6299991607666,13044500,SLV,spot,USD,oz,yfinance,yfinance:SLV,2026-09-14T13:24:20.029555+00:00,UTC,valid
2024-11-05,29.950000762939453,30.020000457763672,29.690000534057617,29.75,29.75,12188500,SLV,spot,USD,oz,yfinance,yfinance:SLV,2026-09-14T13:24:20.029555+00:00,UTC,valid
2024-11-06,28.190000534057617,28.649999618530273,28.110000610351562,28.43000030517578,28.43000030517578,33038000,SLV,spot,USD,oz,yfinance,yfinance:SLV,2026-09-14T13:24:20.029555+00:00,UTC,valid
2024-11-07,28.920000076293945,29.299999237060547,28.790000915527344,29.110000610351562,29.110000610351562,21432200,SLV,spot,USD,oz,yfinance,yfinance:SLV,2026-09-14T13:24:20.029555+00:00,UTC,valid
2024-11-08,28.969999313354492,29.030000686645508,28.43000030517578,28.479999542236328,28.479999542236328,20235200,SLV,spot,USD,oz,yfinance,yfinance:SLV,2026-09-14T13:24:20.029555+00:00,UTC,valid
2024-11-11,27.969999313354492,28.020000457763672,27.719999313354492,27.969999313354492,27.969999313354492,24582600,SLV,spot,USD,oz,yfinance,yfinance:SLV,2026-09-14T13:24:20.029555+00:00,UTC,valid
2024-11-12,28.0,28.09000015258789,27.790000915527344,28.06999969482422,28.06999969482422,16561200,SLV,spot,USD,oz,yfinance,yfinance:SLV,2026-09-14T13:24:20.029555+00:00,UTC,valid
2024-11-13,28.25,28.280000686645508,27.600000381469727,27.610000610351562,27.610000610351562,16530500,SLV,spot,USD,oz,yfinance,yfinance:SLV,2026-09-14T13:24:20.029555+00:00,UTC,valid
2024-11-14,27.59000015258789,27.940000534057617,27.510000228881836,27.809999465942383,27.809999465942383,18059900,SLV,spot,USD,oz,yfinance,yfinance:SLV,2026-09-14T13:24:20.029555+00:00,UTC,valid
2024-11-15,28.040000915527344,28.079999923706055,27.5,27.56999969482422,27.56999969482422,18838400,SLV,spot,USD,oz,yfinance,yfinance:SLV,2026-09-14T13:24:20.029555+00:00,UTC,valid
2024-11-18,28.18000030517578,28.5,28.15999984741211,28.3799991607666,28.3799991607666,15731300,SLV,spot,USD,oz,yfinance,yfinance:SLV,2026-09-14T13:24:20.029555+00:00,UTC,valid
2024-11-19,28.459999084472656,28.530000686645508,28.290000915527344,28.5,28.5,12751100,SLV,spot,USD,oz,yfinance,yfinance:SLV,2026-09-14T13:24:20.029555+00:00,UTC,valid
2024-11-20,28.389999389648438,28.450000762939453,28.049999237060547,28.100000381469727,28.100000381469727,11137900,SLV,spot,USD,oz,yfinance,yfinance:SLV,2026-09-14T13:24:20.029555+00:00,UTC,valid
2024-11-21,28.270000457763672,28.299999237060547,27.920000076293945,28.040000915527344,28.040000915527344,11030500,SLV,spot,USD,oz,yfinance,yfinance:SLV,2026-09-14T13:24:20.029555+00:00,UTC,valid
2024-11-22,28.270000457763672,28.549999237060547,28.200000762939453,28.469999313354492,28.469999313354492,13173900,SLV,spot,USD,oz,yfinance,yfinance:SLV,2026-09-14T13:24:20.029555+00:00,UTC,valid
2024-11-25,27.719999313354492,27.739999771118164,27.399999618530273,27.6299991607666,27.6299991607666,22478400,SLV,spot,USD,oz,yfinance,yfinance:SLV,2026-09-14T13:24:20.029555+00:00,UTC,valid
2024-11-26,27.799999237060547,27.829999923706055,27.600000381469727,27.799999237060547,27.799999237060547,10484700,SLV,spot,USD,oz,yfinance,yfinance:SLV,2026-09-14T13:24:20.029555+00:00,UTC,valid
2024-11-27,27.75,27.84000015258789,27.31999969482422,27.450000762939453,27.450000762939453,22858600,SLV,spot,USD,oz,yfinance,yfinance:SLV,2026-09-14T13:24:20.029555+00:00,UTC,valid
2024-11-29,27.969999313354492,28.020000457763672,27.81999969482422,27.920000076293945,27.920000076293945,9663900,SLV,spot,USD,oz,yfinance,yfinance:SLV,2026-09-14T13:24:20.029555+00:00,UTC,valid
2024-12-02,27.850000381469727,27.8700008392334,27.610000610351562,27.790000915527344,27.790000915527344,9925400,SLV,spot,USD,oz,yfinance,yfinance:SLV,2026-09-14T13:24:20.029555+00:00,UTC,valid
2024-12-03,28.229999542236328,28.329999923706055,27.989999771118164,28.280000686645508,28.280000686645508,14543600,SLV,spot,USD,oz,yfinance,yfinance:SLV,2026-09-14T13:24:20.029555+00:00,UTC,valid
2024-12-04,28.360000610351562,28.690000534057617,28.299999237060547,28.530000686645508,28.530000686645508,22762400,SLV,spot,USD,oz,yfinance,yfinance:SLV,2026-09-14T13:24:20.029555+00:00,UTC,valid
2024-12-05,28.489999771118164,28.59000015258789,28.260000228881836,28.559999465942383,28.559999465942383,16123000,SLV,spot,USD,oz,yfinance,yfinance:SLV,2026-09-14T13:24:20.029555+00:00,UTC,valid
2024-12-06,28.31999969482422,28.5,28.079999923706055,28.25,28.25,13195500,SLV,spot,USD,oz,yfinance,yfinance:SLV,2026-09-14T13:24:20.029555+00:00,UTC,valid
2024-12-09,29.209999084472656,29.43000030517578,28.950000762939453,28.979999542236328,28.979999542236328,37481100,SLV,spot,USD,oz,yfinance,yfinance:SLV,2026-09-14T13:24:20.029555+00:00,UTC,valid
2024-12-10,29.170000076293945,29.25,28.969999313354492,28.989999771118164,28.989999771118164,43997000,SLV,spot,USD,oz,yfinance,yfinance:SLV,2026-09-14T13:24:20.029555+00:00,UTC,valid
2024-12-11,28.950000762939453,29.34000015258789,28.899999618530273,29.040000915527344,29.040000915527344,23582300,SLV,spot,USD,oz,yfinance,yfinance:SLV,2026-09-14T13:24:20.029555+00:00,UTC,valid
2024-12-12,28.6200008392334,28.639999389648438,28.1200008392334,28.200000762939453,28.200000762939453,34794100,SLV,spot,USD,oz,yfinance,yfinance:SLV,2026-09-14T13:24:20.029555+00:00,UTC,valid
2024-12-13,27.84000015258789,27.8700008392334,27.59000015258789,27.75,27.75,20326700,SLV,spot,USD,oz,yfinance,yfinance:SLV,2026-09-14T13:24:20.029555+00:00,UTC,valid
2024-12-16,27.90999984741211,27.90999984741211,27.760000228881836,27.799999237060547,27.799999237060547,9124900,SLV,spot,USD,oz,yfinance,yfinance:SLV,2026-09-14T13:24:20.029555+00:00,UTC,valid
2024-12-17,27.709999084472656,27.84000015258789,27.469999313354492,27.809999465942383,27.809999465942383,17504700,SLV,spot,USD,oz,yfinance,yfinance:SLV,2026-09-14T13:24:20.029555+00:00,UTC,valid
2024-12-18,27.559999465942383,27.639999389648438,26.770000457763672,26.850000381469727,26.850000381469727,27794500,SLV,spot,USD,oz,yfinance,yfinance:SLV,2026-09-14T13:24:20.029555+00:00,UTC,valid
2024-12-19,26.56999969482422,26.649999618530273,26.190000534057617,26.520000457763672,26.520000457763672,31083900,SLV,spot,USD,oz,yfinance,yfinance:SLV,2026-09-14T13:24:20.029555+00:00,UTC,valid
2024-12-20,26.610000610351562,27.059999465942383,26.579999923706055,26.920000076293945,26.920000076293945,17487600,SLV,spot,USD,oz,yfinance,yfinance:SLV,2026-09-14T13:24:20.029555+00:00,UTC,valid
2024-12-23,26.93000030517578,27.06999969482422,26.790000915527344,26.989999771118164,26.989999771118164,14473900,SLV,spot,USD,oz,yfinance,yfinance:SLV,2026-09-14T13:24:20.029555+00:00,UTC,valid
2024-12-24,27.0,27.049999237060547,26.8799991607666,27.020000457763672,27.020000457763672,3967700,SLV,spot,USD,oz,yfinance,yfinance:SLV,2026-09-14T13:24:20.029555+00:00,UTC,valid
2024-12-26,27.1200008392334,27.209999084472656,26.93000030517578,27.139999389648438,27.139999389648438,8244000,SLV,spot,USD,oz,yfinance,yfinance:SLV,2026-09-14T13:24:20.029555+00:00,UTC,valid
2024-12-27,26.889999389648438,26.959999084472656,26.719999313354492,26.760000228881836,26.760000228881836,9643500,SLV,spot,USD,oz,yfinance,yfinance:SLV,2026-09-14T13:24:20.029555+00:00,UTC,valid
2024-12-30,26.600000381469727,26.610000610351562,26.239999771118164,26.43000030517578,26.43000030517578,18853900,SLV,spot,USD,oz,yfinance,yfinance:SLV,2026-09-14T13:24:20.029555+00:00,UTC,valid
2024-12-31,26.229999542236328,26.440000534057617,26.219999313354492,26.329999923706055,26.329999923706055,8008400,SLV,spot,USD,oz,yfinance,yfinance:SLV,2026-09-14T13:24:20.029555+00:00,UTC,valid
2025-01-02,26.719999313354492,26.959999084472656,26.700000762939453,26.93000030517578,26.93000030517578,12368000,SLV,spot,USD,oz,yfinance,yfinance:SLV,2026-09-14T13:24:20.029555+00:00,UTC,valid
2025-01-03,27.190000534057617,27.229999542236328,26.90999984741211,26.979999542236328,26.979999542236328,8637600,SLV,spot,USD,oz,yfinance,yfinance:SLV,2026-09-14T13:24:20.029555+00:00,UTC,valid
2025-01-06,27.1299991607666,27.489999771118164,27.06999969482422,27.239999771118164,27.239999771118164,13037000,SLV,spot,USD,oz,yfinance,yfinance:SLV,2026-09-14T13:24:20.029555+00:00,UTC,valid
2025-01-07,27.639999389648438,27.68000030517578,27.309999465942383,27.329999923706055,27.329999923706055,17407700,SLV,spot,USD,oz,yfinance,yfinance:SLV,2026-09-14T13:24:20.029555+00:00,UTC,valid
2025-01-08,27.610000610351562,27.649999618530273,27.149999618530273,27.399999618530273,27.399999618530273,12926300,SLV,spot,USD,oz,yfinance,yfinance:SLV,2026-09-14T13:24:20.029555+00:00,UTC,valid
2025-01-10,27.93000030517578,27.940000534057617,27.549999237060547,27.610000610351562,27.610000610351562,24079100,SLV,spot,USD,oz,yfinance,yfinance:SLV,2026-09-14T13:24:20.029555+00:00,UTC,valid
2025-01-13,27.0,27.190000534057617,26.8700008392334,26.959999084472656,26.959999084472656,16965400,SLV,spot,USD,oz,yfinance,yfinance:SLV,2026-09-14T13:24:20.029555+00:00,UTC,valid
2025-01-14,27.030000686645508,27.309999465942383,27.010000228881836,27.200000762939453,27.200000762939453,11798000,SLV,spot,USD,oz,yfinance,yfinance:SLV,2026-09-14T13:24:20.029555+00:00,UTC,valid
2025-01-15,27.690000534057617,27.979999542236328,27.469999313354492,27.959999084472656,27.959999084472656,19890700,SLV,spot,USD,oz,yfinance,yfinance:SLV,2026-09-14T13:24:20.029555+00:00,UTC,valid
2025-01-16,27.979999542236328,28.200000762939453,27.8799991607666,28.040000915527344,28.040000915527344,20900100,SLV,spot,USD,oz,yfinance,yfinance:SLV,2026-09-14T13:24:20.029555+00:00,UTC,valid
2025-01-17,27.5,27.760000228881836,27.440000534057617,27.610000610351562,27.610000610351562,18974600,SLV,spot,USD,oz,yfinance,yfinance:SLV,2026-09-14T13:24:20.029555+00:00,UTC,valid
2025-01-21,27.940000534057617,28.06999969482422,27.850000381469727,28.040000915527344,28.040000915527344,15214400,SLV,spot,USD,oz,yfinance,yfinance:SLV,2026-09-14T13:24:20.029555+00:00,UTC,valid
2025-01-22,27.959999084472656,28.15999984741211,27.81999969482422,28.049999237060547,28.049999237060547,21195100,SLV,spot,USD,oz,yfinance,yfinance:SLV,2026-09-14T13:24:20.029555+00:00,UTC,valid
2025-01-23,27.520000457763672,27.780000686645508,27.40999984741211,27.770000457763672,27.770000457763672,23481100,SLV,spot,USD,oz,yfinance,yfinance:SLV,2026-09-14T13:24:20.029555+00:00,UTC,valid
2025-01-24,27.940000534057617,28.079999923706055,27.809999465942383,27.90999984741211,27.90999984741211,13750100,SLV,spot,USD,oz,yfinance,yfinance:SLV,2026-09-14T13:24:20.029555+00:00,UTC,valid
2025-01-27,27.5,27.739999771118164,27.049999237060547,27.459999084472656,27.459999084472656,22691500,SLV,spot,USD,oz,yfinance,yfinance:SLV,2026-09-14T13:24:20.029555+00:00,UTC,valid
2025-01-28,27.530000686645508,27.760000228881836,27.389999389648438,27.6299991607666,27.6299991607666,15636500,SLV,spot,USD,oz,yfinance,yfinance:SLV,2026-09-14T13:24:20.029555+00:00,UTC,valid
2025-01-29,28.059999465942383,28.209999084472656,27.850000381469727,28.0,28.0,28857800,SLV,spot,USD,oz,yfinance,yfinance:SLV,2026-09-14T13:24:20.029555+00:00,UTC,valid
2025-01-30,28.649999618530273,28.899999618530273,28.530000686645508,28.719999313354492,28.719999313354492,38787700,SLV,spot,USD,oz,yfinance,yfinance:SLV,2026-09-14T13:24:20.029555+00:00,UTC,valid
2025-01-31,28.770000457763672,28.850000381469727,28.389999389648438,28.510000228881836,28.510000228881836,26107000,SLV,spot,USD,oz,yfinance,yfinance:SLV,2026-09-14T13:24:20.029555+00:00,UTC,valid
2025-02-03,28.549999237060547,28.850000381469727,28.200000762939453,28.670000076293945,28.670000076293945,31728900,SLV,spot,USD,oz,yfinance,yfinance:SLV,2026-09-14T13:24:20.029555+00:00,UTC,valid
2025-02-04,29.110000610351562,29.479999542236328,29.020000457763672,29.219999313354492,29.219999313354492,41977300,SLV,spot,USD,oz,yfinance,yfinance:SLV,2026-09-14T13:24:20.029555+00:00,UTC,valid
2025-02-05,29.360000610351562,29.6299991607666,29.309999465942383,29.350000381469727,29.350000381469727,34873700,SLV,spot,USD,oz,yfinance,yfinance:SLV,2026-09-14T13:24:20.029555+00:00,UTC,valid
2025-02-06,29.239999771118164,29.40999984741211,28.90999984741211,29.3799991607666,29.3799991607666,17723200,SLV,spot,USD,oz,yfinance,yfinance:SLV,2026-09-14T13:24:20.029555+00:00,UTC,valid
2025-02-07,29.56999969482422,29.739999771118164,28.940000534057617,29.030000686645508,29.030000686645508,26954000,SLV,spot,USD,oz,yfinance,yfinance:SLV,2026-09-14T13:24:20.029555+00:00,UTC,valid
2025-02-10,29.149999618530273,29.360000610351562,29.079999923706055,29.200000762939453,29.200000762939453,14171300,SLV,spot,USD,oz,yfinance,yfinance:SLV,2026-09-14T13:24:20.029555+00:00,UTC,valid
2025-02-11,28.860000610351562,29.110000610351562,28.81999969482422,29.0,29.0,13779100,SLV,spot,USD,oz,yfinance,yfinance:SLV,2026-09-14T13:24:20.029555+00:00,UTC,valid
2025-02-12,29.200000762939453,29.469999313354492,29.06999969482422,29.34000015258789,29.34000015258789,16716600,SLV,spot,USD,oz,yfinance,yfinance:SLV,2026-09-14T13:24:20.029555+00:00,UTC,valid
2025-02-13,29.190000534057617,29.479999542236328,29.1200008392334,29.459999084472656,29.459999084472656,17030700,SLV,spot,USD,oz,yfinance,yfinance:SLV,2026-09-14T13:24:20.029555+00:00,UTC,valid
2025-02-14,30.239999771118164,30.280000686645508,29.200000762939453,29.309999465942383,29.309999465942383,34965900,SLV,spot,USD,oz,yfinance,yfinance:SLV,2026-09-14T13:24:20.029555+00:00,UTC,valid
2025-02-18,29.6200008392334,29.959999084472656,29.56999969482422,29.90999984741211,29.90999984741211,20511100,SLV,spot,USD,oz,yfinance,yfinance:SLV,2026-09-14T13:24:20.029555+00:00,UTC,valid
2025-02-19,29.75,29.84000015258789,29.530000686645508,29.809999465942383,29.809999465942383,13660600,SLV,spot,USD,oz,yfinance,yfinance:SLV,2026-09-14T13:24:20.029555+00:00,UTC,valid
2025-02-20,29.979999542236328,30.1299991607666,29.8799991607666,29.950000762939453,29.950000762939453,15420400,SLV,spot,USD,oz,yfinance,yfinance:SLV,2026-09-14T13:24:20.029555+00:00,UTC,valid
2025-02-21,30.020000457763672,30.030000686645508,29.579999923706055,29.59000015258789,29.59000015258789,15515800,SLV,spot,USD,oz,yfinance,yfinance:SLV,2026-09-14T13:24:20.029555+00:00,UTC,valid
2025-02-24,29.56999969482422,29.6200008392334,29.209999084472656,29.440000534057617,29.440000534057617,13995200,SLV,spot,USD,oz,yfinance,yfinance:SLV,2026-09-14T13:24:20.029555+00:00,UTC,valid
2025-02-25,29.170000076293945,29.299999237060547,28.469999313354492,28.829999923706055,28.829999923706055,22142400,SLV,spot,USD,oz,yfinance,yfinance:SLV,2026-09-14T13:24:20.029555+00:00,UTC,valid
2025-02-26,28.780000686645508,29.100000381469727,28.65999984741211,28.940000534057617,28.940000534057617,10231000,SLV,spot,USD,oz,yfinance,yfinance:SLV,2026-09-14T13:24:20.029555+00:00,UTC,valid
2025-02-27,28.940000534057617,28.940000534057617,28.3799991607666,28.399999618530273,28.399999618530273,16680000,SLV,spot,USD,oz,yfinance,yfinance:SLV,2026-09-14T13:24:20.029555+00:00,UTC,valid
2025-02-28,28.18000030517578,28.399999618530273,28.040000915527344,28.309999465942383,28.309999465942383,13692000,SLV,spot,USD,oz,yfinance,yfinance:SLV,2026-09-14T13:24:20.029555+00:00,UTC,valid
2025-03-03,28.860000610351562,28.989999771118164,28.65999984741211,28.75,28.75,16522000,SLV,spot,USD,oz,yfinance,yfinance:SLV,2026-09-14T13:24:20.029555+00:00,UTC,valid
2025-03-04,29.040000915527344,29.139999389648438,28.639999389648438,29.0,29.0,13767900,SLV,spot,USD,oz,yfinance,yfinance:SLV,2026-09-14T13:24:20.029555+00:00,UTC,valid
2025-03-05,29.229999542236328,29.780000686645508,29.209999084472656,29.770000457763672,29.770000457763672,25486300,SLV,spot,USD,oz,yfinance,yfinance:SLV,2026-09-14T13:24:20.029555+00:00,UTC,valid
2025-03-06,29.5,29.829999923706055,29.469999313354492,29.690000534057617,29.690000534057617,16888500,SLV,spot,USD,oz,yfinance,yfinance:SLV,2026-09-14T13:24:20.029555+00:00,UTC,valid
2025-03-07,29.389999389648438,29.68000030517578,29.219999313354492,29.59000015258789,29.59000015258789,18786400,SLV,spot,USD,oz,yfinance,yfinance:SLV,2026-09-14T13:24:20.029555+00:00,UTC,valid
2025-03-10,29.559999465942383,29.579999923706055,29.059999465942383,29.110000610351562,29.110000610351562,15889000,SLV,spot,USD,oz,yfinance,yfinance:SLV,2026-09-14T13:24:20.029555+00:00,UTC,valid
2025-03-11,29.59000015258789,30.020000457763672,29.579999923706055,29.959999084472656,29.959999084472656,23227800,SLV,spot,USD,oz,yfinance,yfinance:SLV,2026-09-14T13:24:20.029555+00:00,UTC,valid
2025-03-12,30.020000457763672,30.34000015258789,29.940000534057617,30.219999313354492,30.219999313354492,18764800,SLV,spot,USD,oz,yfinance,yfinance:SLV,2026-09-14T13:24:20.029555+00:00,UTC,valid
2025-03-13,30.200000762939453,30.899999618530273,30.1299991607666,30.739999771118164,30.739999771118164,37624000,SLV,spot,USD,oz,yfinance,yfinance:SLV,2026-09-14T13:24:20.029555+00:00,UTC,valid
2025-03-14,30.90999984741211,30.93000030517578,30.510000228881836,30.709999084472656,30.709999084472656,23520700,SLV,spot,USD,oz,yfinance,yfinance:SLV,2026-09-14T13:24:20.029555+00:00,UTC,valid
2025-03-17,30.420000076293945,30.850000381469727,30.420000076293945,30.809999465942383,30.809999465942383,20973700,SLV,spot,USD,oz,yfinance,yfinance:SLV,2026-09-14T13:24:20.029555+00:00,UTC,valid
2025-03-18,31.100000381469727,31.149999618530273,30.81999969482422,30.850000381469727,30.850000381469727,20424600,SLV,spot,USD,oz,yfinance,yfinance:SLV,2026-09-14T13:24:20.029555+00:00,UTC,valid
2025-03-19,30.68000030517578,30.8799991607666,30.450000762939453,30.75,30.75,23258500,SLV,spot,USD,oz,yfinance,yfinance:SLV,2026-09-14T13:24:20.029555+00:00,UTC,valid
2025-03-20,30.270000457763672,30.540000915527344,30.229999542236328,30.5,30.5,12842100,SLV,spot,USD,oz,yfinance,yfinance:SLV,2026-09-14T13:24:20.029555+00:00,UTC,valid
2025-03-21,30.209999084472656,30.25,29.719999313354492,30.020000457763672,30.020000457763672,17198900,SLV,spot,USD,oz,yfinance,yfinance:SLV,2026-09-14T13:24:20.029555+00:00,UTC,valid
2025-03-24,30.1299991607666,30.239999771118164,29.920000076293945,29.959999084472656,29.959999084472656,17493700,SLV,spot,USD,oz,yfinance,yfinance:SLV,2026-09-14T13:24:20.029555+00:00,UTC,valid
2025-03-25,30.549999237060547,30.760000228881836,30.520000457763672,30.579999923706055,30.579999923706055,19168000,SLV,spot,USD,oz,yfinance,yfinance:SLV,2026-09-14T13:24:20.029555+00:00,UTC,valid
2025-03-26,30.709999084472656,30.760000228881836,30.479999542236328,30.530000686645508,30.530000686645508,13616800,SLV,spot,USD,oz,yfinance,yfinance:SLV,2026-09-14T13:24:20.029555+00:00,UTC,valid
2025-03-27,30.770000457763672,31.3799991607666,30.68000030517578,31.31999969482422,31.31999969482422,34298400,SLV,spot,USD,oz,yfinance,yfinance:SLV,2026-09-14T13:24:20.029555+00:00,UTC,valid
2025-03-28,31.389999389648438,31.40999984741211,30.860000610351562,31.0,31.0,25160200,SLV,spot,USD,oz,yfinance,yfinance:SLV,2026-09-14T13:24:20.029555+00:00,UTC,valid
2025-03-31,30.770000457763672,31.020000457763672,30.479999542236328,30.989999771118164,30.989999771118164,18403300,SLV,spot,USD,oz,yfinance,yfinance:SLV,2026-09-14T13:24:20.029555+00:00,UTC,valid
2025-04-01,30.8700008392334,30.90999984741211,30.440000534057617,30.6299991607666,30.6299991607666,22261800,SLV,spot,USD,oz,yfinance,yfinance:SLV,2026-09-14T13:24:20.029555+00:00,UTC,valid
2025-04-02,30.739999771118164,30.969999313354492,30.639999389648438,30.760000228881836,30.760000228881836,20976600,SLV,spot,USD,oz,yfinance,yfinance:SLV,2026-09-14T13:24:20.029555+00:00,UTC,valid
2025-04-03,28.950000762939453,29.510000228881836,28.860000610351562,28.889999389648438,28.889999389648438,46008100,SLV,spot,USD,oz,yfinance,yfinance:SLV,2026-09-14T13:24:20.029555+00:00,UTC,valid
2025-04-04,27.959999084472656,28.020000457763672,26.56999969482422,27.079999923706055,27.079999923706055,73174500,SLV,spot,USD,oz,yfinance,yfinance:SLV,2026-09-14T13:24:20.029555+00:00,UTC,valid
2025-04-07,27.299999237060547,27.84000015258789,26.920000076293945,27.139999389648438,27.139999389648438,37531600,SLV,spot,USD,oz,yfinance,yfinance:SLV,2026-09-14T13:24:20.029555+00:00,UTC,valid
2025-04-08,27.6299991607666,27.780000686645508,26.959999084472656,27.139999389648438,27.139999389648438,19629400,SLV,spot,USD,oz,yfinance,yfinance:SLV,2026-09-14T13:24:20.029555+00:00,UTC,valid
2025-04-09,27.610000610351562,28.239999771118164,27.450000762939453,28.059999465942383,28.059999465942383,38180100,SLV,spot,USD,oz,yfinance,yfinance:SLV,2026-09-14T13:24:20.029555+00:00,UTC,valid
2025-04-10,28.110000610351562,28.420000076293945,27.809999465942383,28.280000686645508,28.280000686645508,23059800,SLV,spot,USD,oz,yfinance,yfinance:SLV,2026-09-14T13:24:20.029555+00:00,UTC,valid
2025-04-11,28.790000915527344,29.3700008392334,28.68000030517578,29.190000534057617,29.190000534057617,36908500,SLV,spot,USD,oz,yfinance,yfinance:SLV,2026-09-14T13:24:20.029555+00:00,UTC,valid
2025-04-14,29.100000381469727,29.459999084472656,28.8799991607666,29.3799991607666,29.3799991607666,29268900,SLV,spot,USD,oz,yfinance,yfinance:SLV,2026-09-14T13:24:20.029555+00:00,UTC,valid
2025-04-15,29.360000610351562,29.459999084472656,29.200000762939453,29.40999984741211,29.40999984741211,24273700,SLV,spot,USD,oz,yfinance,yfinance:SLV,2026-09-14T13:24:20.029555+00:00,UTC,valid
2025-04-16,29.850000381469727,30.020000457763672,29.700000762939453,29.760000228881836,29.760000228881836,21282500,SLV,spot,USD,oz,yfinance,yfinance:SLV,2026-09-14T13:24:20.029555+00:00,UTC,valid
2025-04-17,29.540000915527344,29.690000534057617,29.170000076293945,29.549999237060547,29.549999237060547,13649400,SLV,spot,USD,oz,yfinance,yfinance:SLV,2026-09-14T13:24:20.029555+00:00,UTC,valid
2025-04-21,29.950000762939453,30.010000228881836,29.549999237060547,29.790000915527344,29.790000915527344,17295400,SLV,spot,USD,oz,yfinance,yfinance:SLV,2026-09-14T13:24:20.029555+00:00,UTC,valid
2025-04-22,29.790000915527344,30.149999618530273,29.5,29.5,29.5,27253600,SLV,spot,USD,oz,yfinance,yfinance:SLV,2026-09-14T13:24:20.029555+00:00,UTC,valid
2025-04-23,29.809999465942383,30.6200008392334,29.709999084472656,30.559999465942383,30.559999465942383,31975000,SLV,spot,USD,oz,yfinance,yfinance:SLV,2026-09-14T13:24:20.029555+00:00,UTC,valid
2025-04-24,30.309999465942383,30.59000015258789,30.1299991607666,30.559999465942383,30.559999465942383,15405500,SLV,spot,USD,oz,yfinance,yfinance:SLV,2026-09-14T13:24:20.029555+00:00,UTC,valid
2025-04-25,29.959999084472656,30.100000381469727,29.790000915527344,30.049999237060547,30.049999237060547,19326000,SLV,spot,USD,oz,yfinance,yfinance:SLV,2026-09-14T13:24:20.029555+00:00,UTC,valid
2025-04-28,30.079999923706055,30.200000762939453,29.829999923706055,30.190000534057617,30.190000534057617,18288000,SLV,spot,USD,oz,yfinance,yfinance:SLV,2026-09-14T13:24:20.029555+00:00,UTC,valid
2025-04-29,30.450000762939453,30.5,29.81999969482422,29.829999923706055,29.829999923706055,24967300,SLV,spot,USD,oz,yfinance,yfinance:SLV,2026-09-14T13:24:20.029555+00:00,UTC,valid
2025-04-30,29.68000030517578,29.809999465942383,29.440000534057617,29.600000381469727,29.600000381469727,22126700,SLV,spot,USD,oz,yfinance,yfinance:SLV,2026-09-14T13:24:20.029555+00:00,UTC,valid
2025-05-01,29.40999984741211,29.549999237060547,29.170000076293945,29.389999389648438,29.389999389648438,14830500,SLV,spot,USD,oz,yfinance,yfinance:SLV,2026-09-14T13:24:20.029555+00:00,UTC,valid
2025-05-02,29.6200008392334,29.649999618530273,29.040000915527344,29.1200008392334,29.1200008392334,14040900,SLV,spot,USD,oz,yfinance,yfinance:SLV,2026-09-14T13:24:20.029555+00:00,UTC,valid
2025-05-05,29.549999237060547,29.559999465942383,29.25,29.479999542236328,29.479999542236328,10052300,SLV,spot,USD,oz,yfinance,yfinance:SLV,2026-09-14T13:24:20.029555+00:00,UTC,valid
2025-05-06,30.200000762939453,30.239999771118164,30.0,30.219999313354492,30.219999313354492,17870800,SLV,spot,USD,oz,yfinance,yfinance:SLV,2026-09-14T13:24:20.029555+00:00,UTC,valid
2025-05-07,29.770000457763672,29.8700008392334,29.31999969482422,29.489999771118164,29.489999771118164,14080800,SLV,spot,USD,oz,yfinance,yfinance:SLV,2026-09-14T13:24:20.029555+00:00,UTC,valid
2025-05-08,29.600000381469727,29.780000686645508,29.360000610351562,29.459999084472656,29.459999084472656,13209300,SLV,spot,USD,oz,yfinance,yfinance:SLV,2026-09-14T13:24:20.029555+00:00,UTC,valid
2025-05-09,29.700000762939453,29.889999389648438,29.649999618530273,29.799999237060547,29.799999237060547,8963000,SLV,spot,USD,oz,yfinance,yfinance:SLV,2026-09-14T13:24:20.029555+00:00,UTC,valid
2025-05-12,29.670000076293945,29.739999771118164,29.43000030517578,29.6299991607666,29.6299991607666,14642000,SLV,spot,USD,oz,yfinance,yfinance:SLV,2026-09-14T13:24:20.029555+00:00,UTC,valid
2025-05-13,29.690000534057617,30.010000228881836,29.610000610351562,29.93000030517578,29.93000030517578,13094100,SLV,spot,USD,oz,yfinance,yfinance:SLV,2026-09-14T13:24:20.029555+00:00,UTC,valid
2025-05-14,29.43000030517578,29.510000228881836,29.15999984741211,29.25,29.25,14048500,SLV,spot,USD,oz,yfinance,yfinance:SLV,2026-09-14T13:24:20.029555+00:00,UTC,valid
2025-05-15,29.25,29.6200008392334,29.18000030517578,29.610000610351562,29.610000610351562,10062200,SLV,spot,USD,oz,yfinance,yfinance:SLV,2026-09-14T13:24:20.029555+00:00,UTC,valid
2025-05-16,29.200000762939453,29.3799991607666,29.100000381469727,29.299999237060547,29.299999237060547,9275600,SLV,spot,USD,oz,yfinance,yfinance:SLV,2026-09-14T13:24:20.029555+00:00,UTC,valid
2025-05-19,29.43000030517578,29.530000686645508,29.309999465942383,29.420000076293945,29.420000076293945,11078100,SLV,spot,USD,oz,yfinance,yfinance:SLV,2026-09-14T13:24:20.029555+00:00,UTC,valid
2025-05-20,29.530000686645508,30.1299991607666,29.5,30.1299991607666,30.1299991607666,14474100,SLV,spot,USD,oz,yfinance,yfinance:SLV,2026-09-14T13:24:20.029555+00:00,UTC,valid
2025-05-21,30.18000030517578,30.530000686645508,30.100000381469727,30.510000228881836,30.510000228881836,19504900,SLV,spot,USD,oz,yfinance,yfinance:SLV,2026-09-14T13:24:20.029555+00:00,UTC,valid
2025-05-22,30.010000228881836,30.110000610351562,29.780000686645508,30.030000686645508,30.030000686645508,15320500,SLV,spot,USD,oz,yfinance,yfinance:SLV,2026-09-14T13:24:20.029555+00:00,UTC,valid
2025-05-23,30.190000534057617,30.5,30.020000457763672,30.450000762939453,30.450000762939453,15098100,SLV,spot,USD,oz,yfinance,yfinance:SLV,2026-09-14T13:24:20.029555+00:00,UTC,valid
2025-05-27,30.040000915527344,30.25,29.979999542236328,30.229999542236328,30.229999542236328,12301000,SLV,spot,USD,oz,yfinance,yfinance:SLV,2026-09-14T13:24:20.029555+00:00,UTC,valid
2025-05-28,30.149999618530273,30.229999542236328,29.959999084472656,29.979999542236328,29.979999542236328,11211700,SLV,spot,USD,oz,yfinance,yfinance:SLV,2026-09-14T13:24:20.029555+00:00,UTC,valid
2025-05-29,30.290000915527344,30.31999969482422,30.049999237060547,30.299999237060547,30.299999237060547,12160600,SLV,spot,USD,oz,yfinance,yfinance:SLV,2026-09-14T13:24:20.029555+00:00,UTC,valid
2025-05-30,30.1200008392334,30.190000534057617,29.780000686645508,30.0,30.0,14305400,SLV,spot,USD,oz,yfinance,yfinance:SLV,2026-09-14T13:24:20.029555+00:00,UTC,valid
2025-06-02,30.850000381469727,31.600000381469727,30.719999313354492,31.59000015258789,31.59000015258789,37873300,SLV,spot,USD,oz,yfinance,yfinance:SLV,2026-09-14T13:24:20.029555+00:00,UTC,valid
2025-06-03,31.270000457763672,31.469999313354492,31.06999969482422,31.440000534057617,31.440000534057617,23158800,SLV,spot,USD,oz,yfinance,yfinance:SLV,2026-09-14T13:24:20.029555+00:00,UTC,valid
2025-06-04,31.31999969482422,31.43000030517578,31.229999542236328,31.34000015258789,31.34000015258789,19730500,SLV,spot,USD,oz,yfinance,yfinance:SLV,2026-09-14T13:24:20.029555+00:00,UTC,valid
2025-06-05,32.630001068115234,32.779998779296875,32.09000015258789,32.45000076293945,32.45000076293945,51807500,SLV,spot,USD,oz,yfinance,yfinance:SLV,2026-09-14T13:24:20.029555+00:00,UTC,valid
2025-06-06,32.91999816894531,32.97999954223633,32.54999923706055,32.689998626708984,32.689998626708984,30260200,SLV,spot,USD,oz,yfinance,yfinance:SLV,2026-09-14T13:24:20.029555+00:00,UTC,valid
2025-06-09,33.099998474121094,33.540000915527344,33.0,33.38999938964844,33.38999938964844,33931400,SLV,spot,USD,oz,yfinance,yfinance:SLV,2026-09-14T13:24:20.029555+00:00,UTC,valid
2025-06-10,33.310001373291016,33.36000061035156,33.0099983215332,33.22999954223633,33.22999954223633,29120900,SLV,spot,USD,oz,yfinance,yfinance:SLV,2026-09-14T13:24:20.029555+00:00,UTC,valid
2025-06-11,32.91999816894531,33.040000915527344,32.75,32.95000076293945,32.95000076293945,34712100,SLV,spot,USD,oz,yfinance,yfinance:SLV,2026-09-14T13:24:20.029555+00:00,UTC,valid
2025-06-12,32.849998474121094,33.060001373291016,32.790000915527344,33.060001373291016,33.060001373291016,21111600,SLV,spot,USD,oz,yfinance,yfinance:SLV,2026-09-14T13:24:20.029555+00:00,UTC,valid
2025-06-13,33.02000045776367,33.060001373291016,32.790000915527344,32.970001220703125,32.970001220703125,21713100,SLV,spot,USD,oz,yfinance,yfinance:SLV,2026-09-14T13:24:20.029555+00:00,UTC,valid
2025-06-16,33.099998474121094,33.150001525878906,32.900001525878906,33.029998779296875,33.029998779296875,14883300,SLV,spot,USD,oz,yfinance,yfinance:SLV,2026-09-14T13:24:20.029555+00:00,UTC,valid
2025-06-17,33.630001068115234,33.869998931884766,33.45000076293945,33.7400016784668,33.7400016784668,26824900,SLV,spot,USD,oz,yfinance,yfinance:SLV,2026-09-14T13:24:20.029555+00:00,UTC,valid
2025-06-18,33.7400016784668,33.75,33.209999084472656,33.27000045776367,33.27000045776367,21945600,SLV,spot,USD,oz,yfinance,yfinance:SLV,2026-09-14T13:24:20.029555+00:00,UTC,valid
2025-06-20,32.779998779296875,32.790000915527344,32.56999969482422,32.720001220703125,32.720001220703125,25415200,SLV,spot,USD,oz,yfinance,yfinance:SLV,2026-09-14T13:24:20.029555+00:00,UTC,valid
2025-06-23,32.810001373291016,33.04999923706055,32.779998779296875,32.959999084472656,32.959999084472656,18661900,SLV,spot,USD,oz,yfinance,yfinance:SLV,2026-09-14T13:24:20.029555+00:00,UTC,valid
2025-06-24,32.54999923706055,32.630001068115234,32.060001373291016,32.61000061035156,32.61000061035156,20982400,SLV,spot,USD,oz,yfinance,yfinance:SLV,2026-09-14T13:24:20.029555+00:00,UTC,valid
2025-06-25,32.529998779296875,33.0099983215332,32.4900016784668,33.0099983215332,33.0099983215332,12254300,SLV,spot,USD,oz,yfinance,yfinance:SLV,2026-09-14T13:24:20.029555+00:00,UTC,valid
2025-06-26,33.130001068115234,33.369998931884766,33.0,33.34000015258789,33.34000015258789,15255200,SLV,spot,USD,oz,yfinance,yfinance:SLV,2026-09-14T13:24:20.029555+00:00,UTC,valid
2025-06-27,32.560001373291016,32.900001525878906,32.529998779296875,32.619998931884766,32.619998931884766,17596300,SLV,spot,USD,oz,yfinance,yfinance:SLV,2026-09-14T13:24:20.029555+00:00,UTC,valid
2025-06-30,32.720001220703125,32.81999969482422,32.619998931884766,32.810001373291016,32.810001373291016,10565300,SLV,spot,USD,oz,yfinance,yfinance:SLV,2026-09-14T13:24:20.029555+00:00,UTC,valid
2025-07-01,32.93000030517578,33.119998931884766,32.709999084472656,32.72999954223633,32.72999954223633,13436400,SLV,spot,USD,oz,yfinance,yfinance:SLV,2026-09-14T13:24:20.029555+00:00,UTC,valid
2025-07-02,33.029998779296875,33.2400016784668,32.93000030517578,33.2400016784668,33.2400016784668,13673500,SLV,spot,USD,oz,yfinance,yfinance:SLV,2026-09-14T13:24:20.029555+00:00,UTC,valid
2025-07-03,33.41999816894531,33.54999923706055,33.290000915527344,33.5099983215332,33.5099983215332,10356200,SLV,spot,USD,oz,yfinance,yfinance:SLV,2026-09-14T13:24:20.029555+00:00,UTC,valid
2025-07-07,33.060001373291016,33.439998626708984,33.02000045776367,33.43000030517578,33.43000030517578,12133000,SLV,spot,USD,oz,yfinance,yfinance:SLV,2026-09-14T13:24:20.029555+00:00,UTC,valid
2025-07-08,33.33000183105469,33.36000061035156,32.970001220703125,33.290000915527344,33.290000915527344,17473100,SLV,spot,USD,oz,yfinance,yfinance:SLV,2026-09-14T13:24:20.029555+00:00,UTC,valid
2025-07-09,33.09000015258789,33.13999938964844,32.959999084472656,33.0,33.0,17764100,SLV,spot,USD,oz,yfinance,yfinance:SLV,2026-09-14T13:24:20.029555+00:00,UTC,valid
2025-07-10,33.310001373291016,33.7599983215332,33.11000061035156,33.75,33.75,44301500,SLV,spot,USD,oz,yfinance,yfinance:SLV,2026-09-14T13:24:20.029555+00:00,UTC,valid
2025-07-11,34.20000076293945,35.06999969482422,34.150001525878906,35.029998779296875,35.029998779296875,57917800,SLV,spot,USD,oz,yfinance,yfinance:SLV,2026-09-14T13:24:20.029555+00:00,UTC,valid
2025-07-14,35.220001220703125,35.290000915527344,34.61000061035156,34.630001068115234,34.630001068115234,40685400,SLV,spot,USD,oz,yfinance,yfinance:SLV,2026-09-14T13:24:20.029555+00:00,UTC,valid
2025-07-15,34.689998626708984,34.720001220703125,34.130001068115234,34.2599983215332,34.2599983215332,34082300,SLV,spot,USD,oz,yfinance,yfinance:SLV,2026-09-14T13:24:20.029555+00:00,UTC,valid
2025-07-16,34.38999938964844,34.56999969482422,34.04999923706055,34.40999984741211,34.40999984741211,26483200,SLV,spot,USD,oz,yfinance,yfinance:SLV,2026-09-14T13:24:20.029555+00:00,UTC,valid
2025-07-17,34.29999923706055,34.68000030517578,34.16999816894531,34.650001525878906,34.650001525878906,14813500,SLV,spot,USD,oz,yfinance,yfinance:SLV,2026-09-14T13:24:20.029555+00:00,UTC,valid
2025-07-18,34.790000915527344,34.86000061035156,34.599998474121094,34.61000061035156,34.61000061035156,18305300,SLV,spot,USD,oz,yfinance,yfinance:SLV,2026-09-14T13:24:20.029555+00:00,UTC,valid
2025-07-21,35.11000061035156,35.4900016784668,35.09000015258789,35.349998474121094,35.349998474121094,28710500,SLV,spot,USD,oz,yfinance,yfinance:SLV,2026-09-14T13:24:20.029555+00:00,UTC,valid
2025-07-22,35.54999923706055,35.720001220703125,35.16999816894531,35.720001220703125,35.720001220703125,25205300,SLV,spot,USD,oz,yfinance,yfinance:SLV,2026-09-14T13:24:20.029555+00:00,UTC,valid
2025-07-23,35.7599983215332,35.90999984741211,35.470001220703125,35.689998626708984,35.689998626708984,21882800,SLV,spot,USD,oz,yfinance,yfinance:SLV,2026-09-14T13:24:20.029555+00:00,UTC,valid
2025-07-24,35.36000061035156,35.54999923706055,35.2400016784668,35.4900016784668,35.4900016784668,11319800,SLV,spot,USD,oz,yfinance,yfinance:SLV,2026-09-14T13:24:20.029555+00:00,UTC,valid
2025-07-25,35.279998779296875,35.38999938964844,34.47999954223633,34.65999984741211,34.65999984741211,24958300,SLV,spot,USD,oz,yfinance,yfinance:SLV,2026-09-14T13:24:20.029555+00:00,UTC,valid
2025-07-28,34.650001525878906,34.689998626708984,34.43000030517578,34.63999938964844,34.63999938964844,16543400,SLV,spot,USD,oz,yfinance,yfinance:SLV,2026-09-14T13:24:20.029555+00:00,UTC,valid
2025-07-29,34.63999938964844,34.779998779296875,34.47999954223633,34.65999984741211,34.65999984741211,10705700,SLV,spot,USD,oz,yfinance,yfinance:SLV,2026-09-14T13:24:20.029555+00:00,UTC,valid
2025-07-30,34.119998931884766,34.29999923706055,33.400001525878906,33.5099983215332,33.5099983215332,35325600,SLV,spot,USD,oz,yfinance,yfinance:SLV,2026-09-14T13:24:20.029555+00:00,UTC,valid
2025-07-31,33.29999923706055,33.349998474121094,33.099998474121094,33.31999969482422,33.31999969482422,15454400,SLV,spot,USD,oz,yfinance,yfinance:SLV,2026-09-14T13:24:20.029555+00:00,UTC,valid
2025-08-01,33.7599983215332,33.77000045776367,33.38999938964844,33.59000015258789,33.59000015258789,16787200,SLV,spot,USD,oz,yfinance,yfinance:SLV,2026-09-14T13:24:20.029555+00:00,UTC,valid
2025-08-04,33.93000030517578,34.04999923706055,33.849998474121094,33.97999954223633,33.97999954223633,9725800,SLV,spot,USD,oz,yfinance,yfinance:SLV,2026-09-14T13:24:20.029555+00:00,UTC,valid
2025-08-05,34.0099983215332,34.40999984741211,33.9900016784668,34.349998474121094,34.349998474121094,16451200,SLV,spot,USD,oz,yfinance,yfinance:SLV,2026-09-14T13:24:20.029555+00:00,UTC,valid
2025-08-06,34.38999938964844,34.470001220703125,34.290000915527344,34.349998474121094,34.349998474121094,8747600,SLV,spot,USD,oz,yfinance,yfinance:SLV,2026-09-14T13:24:20.029555+00:00,UTC,valid
2025-08-07,34.849998474121094,34.9900016784668,34.52000045776367,34.7599983215332,34.7599983215332,21996100,SLV,spot,USD,oz,yfinance,yfinance:SLV,2026-09-14T13:24:20.029555+00:00,UTC,valid
2025-08-08,34.779998779296875,34.88999938964844,34.5099983215332,34.880001068115234,34.880001068115234,15786100,SLV,spot,USD,oz,yfinance,yfinance:SLV,2026-09-14T13:24:20.029555+00:00,UTC,valid
2025-08-11,34.34000015258789,34.43000030517578,34.18000030517578,34.18000030517578,34.18000030517578,10749300,SLV,spot,USD,oz,yfinance,yfinance:SLV,2026-09-14T13:24:20.029555+00:00,UTC,valid
2025-08-12,34.2400016784668,34.529998779296875,34.11000061035156,34.40999984741211,34.40999984741211,12098000,SLV,spot,USD,oz,yfinance,yfinance:SLV,2026-09-14T13:24:20.029555+00:00,UTC,valid
2025-08-13,34.869998931884766,35.040000915527344,34.849998474121094,35.0,35.0,13185600,SLV,spot,USD,oz,yfinance,yfinance:SLV,2026-09-14T13:24:20.029555+00:00,UTC,valid
2025-08-14,34.650001525878906,34.75,34.349998474121094,34.5,34.5,15819700,SLV,spot,USD,oz,yfinance,yfinance:SLV,2026-09-14T13:24:20.029555+00:00,UTC,valid
2025-08-15,34.34000015258789,34.52000045776367,34.220001220703125,34.5,34.5,13881700,SLV,spot,USD,oz,yfinance,yfinance:SLV,2026-09-14T13:24:20.029555+00:00,UTC,valid
2025-08-18,34.65999984741211,34.68000030517578,34.470001220703125,34.54999923706055,34.54999923706055,8670800,SLV,spot,USD,oz,yfinance,yfinance:SLV,2026-09-14T13:24:20.029555+00:00,UTC,valid
2025-08-19,34.470001220703125,34.540000915527344,33.849998474121094,33.869998931884766,33.869998931884766,18812900,SLV,spot,USD,oz,yfinance,yfinance:SLV,2026-09-14T13:24:20.029555+00:00,UTC,valid
2025-08-20,34.209999084472656,34.45000076293945,34.20000076293945,34.43000030517578,34.43000030517578,10903400,SLV,spot,USD,oz,yfinance,yfinance:SLV,2026-09-14T13:24:20.029555+00:00,UTC,valid
2025-08-21,34.47999954223633,34.689998626708984,34.45000076293945,34.61000061035156,34.61000061035156,10597900,SLV,spot,USD,oz,yfinance,yfinance:SLV,2026-09-14T13:24:20.029555+00:00,UTC,valid
2025-08-22,34.459999084472656,35.470001220703125,34.400001525878906,35.34000015258789,35.34000015258789,26003300,SLV,spot,USD,oz,yfinance,yfinance:SLV,2026-09-14T13:24:20.029555+00:00,UTC,valid
2025-08-25,35.06999969482422,35.349998474121094,35.02000045776367,35.02000045776367,35.02000045776367,10286400,SLV,spot,USD,oz,yfinance,yfinance:SLV,2026-09-14T13:24:20.029555+00:00,UTC,valid
2025-08-26,34.900001525878906,35.099998474121094,34.880001068115234,35.02000045776367,35.02000045776367,13836600,SLV,spot,USD,oz,yfinance,yfinance:SLV,2026-09-14T13:24:20.029555+00:00,UTC,valid
2025-08-27,34.72999954223633,35.08000183105469,34.61000061035156,34.9900016784668,34.9900016784668,10084200,SLV,spot,USD,oz,yfinance,yfinance:SLV,2026-09-14T13:24:20.029555+00:00,UTC,valid
2025-08-28,35.40999984741211,35.52000045776367,35.22999954223633,35.52000045776367,35.52000045776367,21079100,SLV,spot,USD,oz,yfinance,yfinance:SLV,2026-09-14T13:24:20.029555+00:00,UTC,valid
2025-08-29,35.349998474121094,36.290000915527344,35.31999969482422,36.189998626708984,36.189998626708984,28952900,SLV,spot,USD,oz,yfinance,yfinance:SLV,2026-09-14T13:24:20.029555+00:00,UTC,valid
2025-09-02,36.630001068115234,37.16999816894531,36.43000030517578,37.150001525878906,37.150001525878906,35875300,SLV,spot,USD,oz,yfinance,yfinance:SLV,2026-09-14T13:24:20.029555+00:00,UTC,valid
2025-09-03,37.33000183105469,37.63999938964844,37.18000030517578,37.34000015258789,37.34000015258789,27291200,SLV,spot,USD,oz,yfinance,yfinance:SLV,2026-09-14T13:24:20.029555+00:00,UTC,valid
2025-09-04,37.20000076293945,37.220001220703125,36.630001068115234,36.93000030517578,36.93000030517578,45258500,SLV,spot,USD,oz,yfinance,yfinance:SLV,2026-09-14T13:24:20.029555+00:00,UTC,valid
2025-09-05,37.40999984741211,37.599998474121094,36.970001220703125,37.209999084472656,37.209999084472656,25435500,SLV,spot,USD,oz,yfinance,yfinance:SLV,2026-09-14T13:24:20.029555+00:00,UTC,valid
2025-09-08,37.56999969482422,37.83000183105469,37.36000061035156,37.5099983215332,37.5099983215332,25019700,SLV,spot,USD,oz,yfinance,yfinance:SLV,2026-09-14T13:24:20.029555+00:00,UTC,valid
2025-09-09,37.43000030517578,37.58000183105469,37.0099983215332,37.18000030517578,37.18000030517578,24001200,SLV,spot,USD,oz,yfinance,yfinance:SLV,2026-09-14T13:24:20.029555+00:00,UTC,valid
2025-09-10,37.349998474121094,37.4900016784668,37.2400016784668,37.40999984741211,37.40999984741211,17743600,SLV,spot,USD,oz,yfinance,yfinance:SLV,2026-09-14T13:24:20.029555+00:00,UTC,valid
2025-09-11,37.369998931884766,37.91999816894531,37.33000183105469,37.790000915527344,37.790000915527344,19051500,SLV,spot,USD,oz,yfinance,yfinance:SLV,2026-09-14T13:24:20.029555+00:00,UTC,valid
2025-09-12,38.2400016784668,38.45000076293945,38.150001525878906,38.34000015258789,38.34000015258789,19902300,SLV,spot,USD,oz,yfinance,yfinance:SLV,2026-09-14T13:24:20.029555+00:00,UTC,valid
2025-09-15,38.29999923706055,38.790000915527344,38.25,38.7599983215332,38.7599983215332,22225100,SLV,spot,USD,oz,yfinance,yfinance:SLV,2026-09-14T13:24:20.029555+00:00,UTC,valid
2025-09-16,39.0,39.0099983215332,38.34000015258789,38.599998474121094,38.599998474121094,25319700,SLV,spot,USD,oz,yfinance,yfinance:SLV,2026-09-14T13:24:20.029555+00:00,UTC,valid
2025-09-17,38.040000915527344,38.34000015258789,37.349998474121094,37.790000915527344,37.790000915527344,31045500,SLV,spot,USD,oz,yfinance,yfinance:SLV,2026-09-14T13:24:20.029555+00:00,UTC,valid
2025-09-18,37.849998474121094,38.0,37.61000061035156,37.9900016784668,37.9900016784668,13289200,SLV,spot,USD,oz,yfinance,yfinance:SLV,2026-09-14T13:24:20.029555+00:00,UTC,valid
2025-09-19,38.2599983215332,39.119998931884766,38.189998626708984,39.040000915527344,39.040000915527344,36776300,SLV,spot,USD,oz,yfinance,yfinance:SLV,2026-09-14T13:24:20.029555+00:00,UTC,valid
2025-09-22,39.5,40.04999923706055,39.34000015258789,40.040000915527344,40.040000915527344,32055400,SLV,spot,USD,oz,yfinance,yfinance:SLV,2026-09-14T13:24:20.029555+00:00,UTC,valid
2025-09-23,40.310001373291016,40.36000061035156,39.790000915527344,39.959999084472656,39.959999084472656,28492600,SLV,spot,USD,oz,yfinance,yfinance:SLV,2026-09-14T13:24:20.029555+00:00,UTC,valid
2025-09-24,40.130001068115234,40.15999984741211,39.63999938964844,39.81999969482422,39.81999969482422,31533200,SLV,spot,USD,oz,yfinance,yfinance:SLV,2026-09-14T13:24:20.029555+00:00,UTC,valid
2025-09-25,40.459999084472656,41.060001373291016,40.119998931884766,41.029998779296875,41.029998779296875,36395800,SLV,spot,USD,oz,yfinance,yfinance:SLV,2026-09-14T13:24:20.029555+00:00,UTC,valid
2025-09-26,41.22999954223633,42.33000183105469,41.09000015258789,41.86000061035156,41.86000061035156,44578500,SLV,spot,USD,oz,yfinance,yfinance:SLV,2026-09-14T13:24:20.029555+00:00,UTC,valid
2025-09-29,42.459999084472656,42.75,42.18000030517578,42.5,42.5,41290300,SLV,spot,USD,oz,yfinance,yfinance:SLV,2026-09-14T13:24:20.029555+00:00,UTC,valid
2025-09-30,41.790000915527344,42.459999084472656,41.70000076293945,42.369998931884766,42.369998931884766,34884200,SLV,spot,USD,oz,yfinance,yfinance:SLV,2026-09-14T13:24:20.029555+00:00,UTC,valid
2025-10-01,43.029998779296875,43.400001525878906,42.869998931884766,42.90999984741211,42.90999984741211,44341800,SLV,spot,USD,oz,yfinance,yfinance:SLV,2026-09-14T13:24:20.029555+00:00,UTC,valid
2025-10-02,43.56999969482422,43.59000015258789,41.65999984741211,42.529998779296875,42.529998779296875,58242300,SLV,spot,USD,oz,yfinance,yfinance:SLV,2026-09-14T13:24:20.029555+00:00,UTC,valid
2025-10-03,43.33000183105469,43.95000076293945,43.04999923706055,43.52000045776367,43.52000045776367,47523500,SLV,spot,USD,oz,yfinance,yfinance:SLV,2026-09-14T13:24:20.029555+00:00,UTC,valid
2025-10-06,44.0099983215332,44.2599983215332,43.88999938964844,44.060001373291016,44.060001373291016,34114000,SLV,spot,USD,oz,yfinance,yfinance:SLV,2026-09-14T13:24:20.029555+00:00,UTC,valid
2025-10-07,43.970001220703125,43.9900016784668,42.95000076293945,43.38999938964844,43.38999938964844,42769100,SLV,spot,USD,oz,yfinance,yfinance:SLV,2026-09-14T13:24:20.029555+00:00,UTC,valid
2025-10-08,44.43000030517578,45.0099983215332,44.279998779296875,44.560001373291016,44.560001373291016,59455700,SLV,spot,USD,oz,yfinance,yfinance:SLV,2026-09-14T13:24:20.029555+00:00,UTC,valid
2025-10-09,46.27000045776367,46.349998474121094,42.810001373291016,44.709999084472656,44.709999084472656,110701700,SLV,spot,USD,oz,yfinance,yfinance:SLV,2026-09-14T13:24:20.029555+00:00,UTC,valid
2025-10-10,45.47999954223633,46.0,44.880001068115234,45.43000030517578,45.43000030517578,67017000,SLV,spot,USD,oz,yfinance,yfinance:SLV,2026-09-14T13:24:20.029555+00:00,UTC,valid
2025-10-13,46.939998626708984,47.439998626708984,46.58000183105469,47.2599983215332,47.2599983215332,57830400,SLV,spot,USD,oz,yfinance,yfinance:SLV,2026-09-14T13:24:20.029555+00:00,UTC,valid
2025-10-14,45.9900016784668,47.2599983215332,45.77000045776367,46.79999923706055,46.79999923706055,57821500,SLV,spot,USD,oz,yfinance,yfinance:SLV,2026-09-14T13:24:20.029555+00:00,UTC,valid
2025-10-15,47.75,48.40999984741211,47.41999816894531,48.33000183105469,48.33000183105469,41672900,SLV,spot,USD,oz,yfinance,yfinance:SLV,2026-09-14T13:24:20.029555+00:00,UTC,valid
2025-10-16,48.099998474121094,49.25,48.0,49.16999816894531,49.16999816894531,48853000,SLV,spot,USD,oz,yfinance,yfinance:SLV,2026-09-14T13:24:20.029555+00:00,UTC,valid
2025-10-17,48.459999084472656,48.59000015258789,45.880001068115234,46.9900016784668,46.9900016784668,86492600,SLV,spot,USD,oz,yfinance,yfinance:SLV,2026-09-14T13:24:20.029555+00:00,UTC,valid
2025-10-20,47.7599983215332,47.83000183105469,47.060001373291016,47.720001220703125,47.720001220703125,35933500,SLV,spot,USD,oz,yfinance,yfinance:SLV,2026-09-14T13:24:20.029555+00:00,UTC,valid
2025-10-21,45.189998626708984,45.380001068115234,43.310001373291016,43.790000915527344,43.790000915527344,81395300,SLV,spot,USD,oz,yfinance,yfinance:SLV,2026-09-14T13:24:20.029555+00:00,UTC,valid
2025-10-22,43.7400016784668,44.130001068115234,43.279998779296875,43.880001068115234,43.880001068115234,43270000,SLV,spot,USD,oz,yfinance,yfinance:SLV,2026-09-14T13:24:20.029555+00:00,UTC,valid
2025-10-23,44.720001220703125,44.869998931884766,44.16999816894531,44.18000030517578,44.18000030517578,24565600,SLV,spot,USD,oz,yfinance,yfinance:SLV,2026-09-14T13:24:20.029555+00:00,UTC,valid
2025-10-24,44.08000183105469,44.38999938964844,43.84000015258789,43.9900016784668,43.9900016784668,24014000,SLV,spot,USD,oz,yfinance,yfinance:SLV,2026-09-14T13:24:20.029555+00:00,UTC,valid
2025-10-27,42.970001220703125,43.060001373291016,41.70000076293945,42.400001525878906,42.400001525878906,42914100,SLV,spot,USD,oz,yfinance,yfinance:SLV,2026-09-14T13:24:20.029555+00:00,UTC,valid
2025-10-28,42.36000061035156,42.90999984741211,42.22999954223633,42.70000076293945,42.70000076293945,27782000,SLV,spot,USD,oz,yfinance,yfinance:SLV,2026-09-14T13:24:20.029555+00:00,UTC,valid
2025-10-29,43.84000015258789,43.939998626708984,42.83000183105469,43.22999954223633,43.22999954223633,27351700,SLV,spot,USD,oz,yfinance,yfinance:SLV,2026-09-14T13:24:20.029555+00:00,UTC,valid
2025-10-30,43.68000030517578,44.439998626708984,43.540000915527344,44.34000015258789,44.34000015258789,30333200,SLV,spot,USD,oz,yfinance,yfinance:SLV,2026-09-14T13:24:20.029555+00:00,UTC,valid
2025-10-31,44.47999954223633,44.52000045776367,43.88999938964844,44.0099983215332,44.0099983215332,21310900,SLV,spot,USD,oz,yfinance,yfinance:SLV,2026-09-14T13:24:20.029555+00:00,UTC,valid
2025-11-03,44.25,44.36000061035156,43.560001373291016,43.7599983215332,43.7599983215332,17946700,SLV,spot,USD,oz,yfinance,yfinance:SLV,2026-09-14T13:24:20.029555+00:00,UTC,valid
2025-11-04,43.040000915527344,43.439998626708984,42.5099983215332,42.7400016784668,42.7400016784668,26679100,SLV,spot,USD,oz,yfinance,yfinance:SLV,2026-09-14T13:24:20.029555+00:00,UTC,valid
2025-11-05,43.4900016784668,43.790000915527344,43.349998474121094,43.650001525878906,43.650001525878906,16178500,SLV,spot,USD,oz,yfinance,yfinance:SLV,2026-09-14T13:24:20.029555+00:00,UTC,valid
2025-11-06,43.65999984741211,43.900001525878906,43.2400016784668,43.54999923706055,43.54999923706055,15957900,SLV,spot,USD,oz,yfinance,yfinance:SLV,2026-09-14T13:24:20.029555+00:00,UTC,valid
2025-11-07,44.02000045776367,44.22999954223633,43.5099983215332,43.91999816894531,43.91999816894531,16493100,SLV,spot,USD,oz,yfinance,yfinance:SLV,2026-09-14T13:24:20.029555+00:00,UTC,valid
2025-11-10,45.16999816894531,45.869998931884766,45.0099983215332,45.790000915527344,45.790000915527344,20763800,SLV,spot,USD,oz,yfinance,yfinance:SLV,2026-09-14T13:24:20.029555+00:00,UTC,valid
2025-11-11,46.279998779296875,46.47999954223633,45.599998474121094,46.45000076293945,46.45000076293945,19693700,SLV,spot,USD,oz,yfinance,yfinance:SLV,2026-09-14T13:24:20.029555+00:00,UTC,valid
2025-11-12,47.099998474121094,48.70000076293945,46.88999938964844,48.31999969482422,48.31999969482422,51559700,SLV,spot,USD,oz,yfinance,yfinance:SLV,2026-09-14T13:24:20.029555+00:00,UTC,valid
2025-11-13,48.290000915527344,48.41999816894531,47.209999084472656,47.41999816894531,47.41999816894531,39328400,SLV,spot,USD,oz,yfinance,yfinance:SLV,2026-09-14T13:24:20.029555+00:00,UTC,valid
2025-11-14,45.77000045776367,46.709999084472656,45.400001525878906,45.959999084472656,45.959999084472656,31793500,SLV,spot,USD,oz,yfinance,yfinance:SLV,2026-09-14T13:24:20.029555+00:00,UTC,valid
2025-11-17,45.810001373291016,46.2599983215332,44.95000076293945,45.470001220703125,45.470001220703125,23582000,SLV,spot,USD,oz,yfinance,yfinance:SLV,2026-09-14T13:24:20.029555+00:00,UTC,valid
2025-11-18,45.869998931884766,46.439998626708984,45.59000015258789,46.099998474121094,46.099998474121094,20909400,SLV,spot,USD,oz,yfinance,yfinance:SLV,2026-09-14T13:24:20.029555+00:00,UTC,valid
2025-11-19,46.79999923706055,47.5,45.689998626708984,46.45000076293945,46.45000076293945,30797100,SLV,spot,USD,oz,yfinance,yfinance:SLV,2026-09-14T13:24:20.029555+00:00,UTC,valid
2025-11-20,46.2599983215332,46.63999938964844,45.540000915527344,45.779998779296875,45.779998779296875,28460400,SLV,spot,USD,oz,yfinance,yfinance:SLV,2026-09-14T13:24:20.029555+00:00,UTC,valid
2025-11-21,44.900001525878906,45.95000076293945,44.7599983215332,45.29999923706055,45.29999923706055,26351900,SLV,spot,USD,oz,yfinance,yfinance:SLV,2026-09-14T13:24:20.029555+00:00,UTC,valid
2025-11-24,45.40999984741211,46.63999938964844,45.36000061035156,46.630001068115234,46.630001068115234,21486800,SLV,spot,USD,oz,yfinance,yfinance:SLV,2026-09-14T13:24:20.029555+00:00,UTC,valid
2025-11-25,46.54999923706055,46.77000045776367,45.970001220703125,46.66999816894531,46.66999816894531,24006600,SLV,spot,USD,oz,yfinance,yfinance:SLV,2026-09-14T13:24:20.029555+00:00,UTC,valid
2025-11-26,47.310001373291016,48.45000076293945,47.150001525878906,48.400001525878906,48.400001525878906,26280300,SLV,spot,USD,oz,yfinance,yfinance:SLV,2026-09-14T13:24:20.029555+00:00,UTC,valid
2025-11-28,49.66999816894531,51.27000045776367,49.58000183105469,51.209999084472656,51.209999084472656,41350000,SLV,spot,USD,oz,yfinance,yfinance:SLV,2026-09-14T13:24:20.029555+00:00,UTC,valid
2025-12-01,51.9900016784668,53.36000061035156,51.61000061035156,52.52000045776367,52.52000045776367,66064100,SLV,spot,USD,oz,yfinance,yfinance:SLV,2026-09-14T13:24:20.029555+00:00,UTC,valid
2025-12-02,52.83000183105469,53.20000076293945,51.77000045776367,53.130001068115234,53.130001068115234,43952700,SLV,spot,USD,oz,yfinance,yfinance:SLV,2026-09-14T13:24:20.029555+00:00,UTC,valid
2025-12-03,52.9900016784668,53.38999938964844,52.41999816894531,53.06999969482422,53.06999969482422,33817700,SLV,spot,USD,oz,yfinance,yfinance:SLV,2026-09-14T13:24:20.029555+00:00,UTC,valid
2025-12-04,52.279998779296875,52.36000061035156,51.13999938964844,51.7599983215332,51.7599983215332,48740300,SLV,spot,USD,oz,yfinance,yfinance:SLV,2026-09-14T13:24:20.029555+00:00,UTC,valid
2025-12-05,52.709999084472656,53.81999969482422,52.529998779296875,52.95000076293945,52.95000076293945,43566000,SLV,spot,USD,oz,yfinance,yfinance:SLV,2026-09-14T13:24:20.029555+00:00,UTC,valid
2025-12-08,52.88999938964844,52.970001220703125,52.2599983215332,52.709999084472656,52.709999084472656,19711200,SLV,spot,USD,oz,yfinance,yfinance:SLV,2026-09-14T13:24:20.029555+00:00,UTC,valid
2025-12-09,53.38999938964844,55.189998626708984,53.36000061035156,55.16999816894531,55.16999816894531,59738900,SLV,spot,USD,oz,yfinance,yfinance:SLV,2026-09-14T13:24:20.029555+00:00,UTC,valid
2025-12-10,55.130001068115234,56.220001220703125,54.47999954223633,56.06999969482422,56.06999969482422,54915000,SLV,spot,USD,oz,yfinance,yfinance:SLV,2026-09-14T13:24:20.029555+00:00,UTC,valid
2025-12-11,56.77000045776367,58.29999923706055,56.470001220703125,57.619998931884766,57.619998931884766,67910900,SLV,spot,USD,oz,yfinance,yfinance:SLV,2026-09-14T13:24:20.029555+00:00,UTC,valid
2025-12-12,58.529998779296875,58.560001373291016,55.130001068115234,56.099998474121094,56.099998474121094,78667400,SLV,spot,USD,oz,yfinance,yfinance:SLV,2026-09-14T13:24:20.029555+00:00,UTC,valid
2025-12-15,57.84000015258789,58.20000076293945,57.02000045776367,58.11000061035156,58.11000061035156,43227800,SLV,spot,USD,oz,yfinance,yfinance:SLV,2026-09-14T13:24:20.029555+00:00,UTC,valid
2025-12-16,57.61000061035156,57.9900016784668,57.099998474121094,57.72999954223633,57.72999954223633,32461300,SLV,spot,USD,oz,yfinance,yfinance:SLV,2026-09-14T13:24:20.029555+00:00,UTC,valid
2025-12-17,59.27000045776367,60.63999938964844,59.04999923706055,60.2599983215332,60.2599983215332,65128000,SLV,spot,USD,oz,yfinance,yfinance:SLV,2026-09-14T13:24:20.029555+00:00,UTC,valid
2025-12-18,59.81999969482422,60.029998779296875,58.58000183105469,59.31999969482422,59.31999969482422,47603400,SLV,spot,USD,oz,yfinance,yfinance:SLV,2026-09-14T13:24:20.029555+00:00,UTC,valid
2025-12-19,59.790000915527344,61.15999984741211,59.689998626708984,60.93000030517578,60.93000030517578,42610000,SLV,spot,USD,oz,yfinance,yfinance:SLV,2026-09-14T13:24:20.029555+00:00,UTC,valid
2025-12-22,62.599998474121094,62.81999969482422,61.7400016784668,62.470001220703125,62.470001220703125,50621700,SLV,spot,USD,oz,yfinance,yfinance:SLV,2026-09-14T13:24:20.029555+00:00,UTC,valid
2025-12-23,63.68000030517578,64.87999725341797,62.369998931884766,64.83999633789062,64.83999633789062,75680000,SLV,spot,USD,oz,yfinance,yfinance:SLV,2026-09-14T13:24:20.029555+00:00,UTC,valid
2025-12-24,65.08000183105469,65.52999877929688,63.61000061035156,65.22000122070312,65.22000122070312,58826000,SLV,spot,USD,oz,yfinance,yfinance:SLV,2026-09-14T13:24:20.029555+00:00,UTC,valid
2025-12-26,67.83000183105469,71.2300033569336,67.3499984741211,71.12000274658203,71.12000274658203,139161200,SLV,spot,USD,oz,yfinance,yfinance:SLV,2026-09-14T13:24:20.029555+00:00,UTC,valid
2025-12-29,65.66000366210938,66.48999786376953,63.91999816894531,66.01000213623047,66.01000213623047,153207900,SLV,spot,USD,oz,yfinance,yfinance:SLV,2026-09-14T13:24:20.029555+00:00,UTC,valid
2025-12-30,69.11000061035156,70.76000213623047,68.02999877929688,68.9800033569336,68.9800033569336,117759200,SLV,spot,USD,oz,yfinance,yfinance:SLV,2026-09-14T13:24:20.029555+00:00,UTC,valid
2025-12-31,65.54000091552734,66.87999725341797,63.529998779296875,64.41999816894531,64.41999816894531,114745300,SLV,spot,USD,oz,yfinance,yfinance:SLV,2026-09-14T13:24:20.029555+00:00,UTC,valid
2026-01-02,67.30000305175781,67.36000061035156,64.75,65.75,65.75,75553300,SLV,spot,USD,oz,yfinance,yfinance:SLV,2026-09-14T13:24:20.029555+00:00,UTC,valid
2026-01-05,69.44999694824219,70.5999984741211,68.5199966430664,69.08000183105469,69.08000183105469,103313300,SLV,spot,USD,oz,yfinance,yfinance:SLV,2026-09-14T13:24:20.029555+00:00,UTC,valid
2026-01-06,71.43000030517578,73.83999633789062,71.3499984741211,73.70999908447266,73.70999908447266,105539100,SLV,spot,USD,oz,yfinance,yfinance:SLV,2026-09-14T13:24:20.029555+00:00,UTC,valid
2026-01-07,69.81999969482422,71.55000305175781,69.22000122070312,70.95999908447266,70.95999908447266,93679500,SLV,spot,USD,oz,yfinance,yfinance:SLV,2026-09-14T13:24:20.029555+00:00,UTC,valid
2026-01-08,67.23999786376953,69.7699966430664,66.91999816894531,69.70999908447266,69.70999908447266,77918300,SLV,spot,USD,oz,yfinance,yfinance:SLV,2026-09-14T13:24:20.029555+00:00,UTC,valid
2026-01-09,71.30999755859375,72.98999786376953,70.87000274658203,72.37999725341797,72.37999725341797,90650100,SLV,spot,USD,oz,yfinance,yfinance:SLV,2026-09-14T13:24:20.029555+00:00,UTC,valid
2026-01-12,76.11000061035156,78.18000030517578,76.0,77.2300033569336,77.2300033569336,105429600,SLV,spot,USD,oz,yfinance,yfinance:SLV,2026-09-14T13:24:20.029555+00:00,UTC,valid
2026-01-13,80.02999877929688,80.80000305175781,77.86000061035156,78.5999984741211,78.5999984741211,140656900,SLV,spot,USD,oz,yfinance,yfinance:SLV,2026-09-14T13:24:20.029555+00:00,UTC,valid
2026-01-14,83.33999633789062,84.77999877929688,81.27999877929688,84.55999755859375,84.55999755859375,177419400,SLV,spot,USD,oz,yfinance,yfinance:SLV,2026-09-14T13:24:20.029555+00:00,UTC,valid
2026-01-15,80.73999786376953,84.33000183105469,80.54000091552734,83.31999969482422,83.31999969482422,160702100,SLV,spot,USD,oz,yfinance,yfinance:SLV,2026-09-14T13:24:20.029555+00:00,UTC,valid
2026-01-16,80.33000183105469,81.5199966430664,78.75,81.0199966430664,81.0199966430664,132767200,SLV,spot,USD,oz,yfinance,yfinance:SLV,2026-09-14T13:24:20.029555+00:00,UTC,valid
2026-01-20,86.19000244140625,86.33000183105469,84.37999725341797,85.38999938964844,85.38999938964844,101272300,SLV,spot,USD,oz,yfinance,yfinance:SLV,2026-09-14T13:24:20.029555+00:00,UTC,valid
2026-01-21,85.5999984741211,85.9000015258789,81.88999938964844,83.95999908447266,83.95999908447266,141683900,SLV,spot,USD,oz,yfinance,yfinance:SLV,2026-09-14T13:24:20.029555+00:00,UTC,valid
2026-01-22,84.79000091552734,87.5199966430664,84.70999908447266,87.12999725341797,87.12999725341797,86965000,SLV,spot,USD,oz,yfinance,yfinance:SLV,2026-09-14T13:24:20.029555+00:00,UTC,valid
2026-01-23,90.19000244140625,92.9800033569336,89.66999816894531,92.91000366210938,92.91000366210938,143739100,SLV,spot,USD,oz,yfinance,yfinance:SLV,2026-09-14T13:24:20.029555+00:00,UTC,valid
2026-01-26,99.37000274658203,106.69999694824219,96.51000213623047,98.33999633789062,98.33999633789062,393030300,SLV,spot,USD,oz,yfinance,yfinance:SLV,2026-09-14T13:24:20.029555+00:00,UTC,valid
2026-01-27,97.9800033569336,101.73999786376953,95.06999969482422,101.58999633789062,101.58999633789062,215489700,SLV,spot,USD,oz,yfinance,yfinance:SLV,2026-09-14T13:24:20.029555+00:00,UTC,valid
2026-01-28,102.77999877929688,106.44999694824219,100.0,105.5999984741211,105.5999984741211,184566000,SLV,spot,USD,oz,yfinance,yfinance:SLV,2026-09-14T13:24:20.029555+00:00,UTC,valid
2026-01-29,109.52999877929688,109.83000183105469,96.73999786376953,105.56999969482422,105.56999969482422,246351300,SLV,spot,USD,oz,yfinance,yfinance:SLV,2026-09-14T13:24:20.029555+00:00,UTC,valid
2026-01-30,89.33000183105469,92.13999938964844,69.12000274658203,75.44000244140625,75.44000244140625,510687700,SLV,spot,USD,oz,yfinance,yfinance:SLV,2026-09-14T13:24:20.029555+00:00,UTC,suspicious
2026-02-02,73.80000305175781,74.91999816894531,68.26000213623047,72.44000244140625,72.44000244140625,220063200,SLV,spot,USD,oz,yfinance,yfinance:SLV,2026-09-14T13:24:20.029555+00:00,UTC,valid
2026-02-03,79.05000305175781,80.72000122070312,74.91000366210938,76.95999908447266,76.95999908447266,175508800,SLV,spot,USD,oz,yfinance,yfinance:SLV,2026-09-14T13:24:20.029555+00:00,UTC,valid
2026-02-04,82.5999984741211,82.80000305175781,75.76000213623047,79.18000030517578,79.18000030517578,130805800,SLV,spot,USD,oz,yfinance,yfinance:SLV,2026-09-14T13:24:20.029555+00:00,UTC,valid
2026-02-05,68.2300033569336,70.5199966430664,65.51000213623047,66.69000244140625,66.69000244140625,170928000,SLV,spot,USD,oz,yfinance,yfinance:SLV,2026-09-14T13:24:20.029555+00:00,UTC,suspicious
2026-02-06,67.72000122070312,70.83999633789062,67.45999908447266,70.19000244140625,70.19000244140625,71262700,SLV,spot,USD,oz,yfinance,yfinance:SLV,2026-09-14T13:24:20.029555+00:00,UTC,valid
2026-02-09,72.87999725341797,76.16000366210938,72.55000305175781,76.04000091552734,76.04000091552734,88229100,SLV,spot,USD,oz,yfinance,yfinance:SLV,2026-09-14T13:24:20.029555+00:00,UTC,valid
2026-02-10,74.72000122070312,75.25,72.45999908447266,73.41000366210938,73.41000366210938,68588500,SLV,spot,USD,oz,yfinance,yfinance:SLV,2026-09-14T13:24:20.029555+00:00,UTC,valid
2026-02-11,76.91999816894531,76.98999786376953,74.80000305175781,76.55999755859375,76.55999755859375,75806900,SLV,spot,USD,oz,yfinance,yfinance:SLV,2026-09-14T13:24:20.029555+00:00,UTC,valid
2026-02-12,75.19000244140625,75.66999816894531,67.36000061035156,67.7300033569336,67.7300033569336,128437700,SLV,spot,USD,oz,yfinance,yfinance:SLV,2026-09-14T13:24:20.029555+00:00,UTC,valid
2026-02-13,71.20999908447266,71.31999969482422,68.86000061035156,69.72000122070312,69.72000122070312,69570800,SLV,spot,USD,oz,yfinance,yfinance:SLV,2026-09-14T13:24:20.029555+00:00,UTC,valid
2026-02-17,67.2699966430664,67.69999694824219,65.13999938964844,66.37000274658203,66.37000274658203,82561700,SLV,spot,USD,oz,yfinance,yfinance:SLV,2026-09-14T13:24:20.029555+00:00,UTC,valid
2026-02-18,69.66000366210938,70.97000122070312,69.06999969482422,70.08999633789062,70.08999633789062,63749400,SLV,spot,USD,oz,yfinance,yfinance:SLV,2026-09-14T13:24:20.029555+00:00,UTC,valid
2026-02-19,70.68000030517578,71.66999816894531,69.8499984741211,71.01000213623047,71.01000213623047,49022500,SLV,spot,USD,oz,yfinance,yfinance:SLV,2026-09-14T13:24:20.029555+00:00,UTC,valid
2026-02-20,73.11000061035156,76.68000030517578,72.25,76.62000274658203,76.62000274658203,86636800,SLV,spot,USD,oz,yfinance,yfinance:SLV,2026-09-14T13:24:20.029555+00:00,UTC,valid
2026-02-23,78.4000015258789,80.69999694824219,77.91000366210938,80.56999969482422,80.56999969482422,94752100,SLV,spot,USD,oz,yfinance,yfinance:SLV,2026-09-14T13:24:20.029555+00:00,UTC,valid
2026-02-24,78.2300033569336,79.94000244140625,77.94000244140625,79.08000183105469,79.08000183105469,56012600,SLV,spot,USD,oz,yfinance,yfinance:SLV,2026-09-14T13:24:20.029555+00:00,UTC,valid
2026-02-25,81.86000061035156,82.7300033569336,79.87999725341797,80.04000091552734,80.04000091552734,64933100,SLV,spot,USD,oz,yfinance,yfinance:SLV,2026-09-14T13:24:20.029555+00:00,UTC,valid
2026-02-26,78.76000213623047,80.56999969482422,72.5199966430664,80.44999694824219,80.44999694824219,52050400,SLV,spot,USD,oz,yfinance,yfinance:SLV,2026-09-14T13:24:20.029555+00:00,UTC,valid
2026-02-27,83.25,85.2699966430664,82.36000061035156,84.98999786376953,84.98999786376953,69525200,SLV,spot,USD,oz,yfinance,yfinance:SLV,2026-09-14T13:24:20.029555+00:00,UTC,valid
2026-03-02,81.16999816894531,82.37000274658203,78.33999633789062,81.56999969482422,81.56999969482422,96957600,SLV,spot,USD,oz,yfinance,yfinance:SLV,2026-09-14T13:24:20.029555+00:00,UTC,valid
2026-03-03,74.20999908447266,76.13999938964844,71.68000030517578,74.68000030517578,74.68000030517578,89651700,SLV,spot,USD,oz,yfinance,yfinance:SLV,2026-09-14T13:24:20.029555+00:00,UTC,valid
2026-03-04,76.33999633789062,77.05999755859375,74.41000366210938,75.33999633789062,75.33999633789062,39022500,SLV,spot,USD,oz,yfinance,yfinance:SLV,2026-09-14T13:24:20.029555+00:00,UTC,valid
2026-03-05,74.94000244140625,75.5199966430664,73.01000213623047,74.2699966430664,74.2699966430664,49446300,SLV,spot,USD,oz,yfinance,yfinance:SLV,2026-09-14T13:24:20.029555+00:00,UTC,valid
2026-03-06,75.08999633789062,76.97000122070312,74.58000183105469,75.94000244140625,75.94000244140625,40550700,SLV,spot,USD,oz,yfinance,yfinance:SLV,2026-09-14T13:24:20.029555+00:00,UTC,valid
2026-03-09,76.43000030517578,78.55999755859375,75.23999786376953,78.26000213623047,78.26000213623047,34865500,SLV,spot,USD,oz,yfinance,yfinance:SLV,2026-09-14T13:24:20.029555+00:00,UTC,valid
2026-03-10,80.88999938964844,81.27999877929688,78.7300033569336,80.08999633789062,80.08999633789062,37263700,SLV,spot,USD,oz,yfinance,yfinance:SLV,2026-09-14T13:24:20.029555+00:00,UTC,valid
2026-03-11,78.02999877929688,78.05999755859375,76.44999694824219,77.91000366210938,77.91000366210938,30665400,SLV,spot,USD,oz,yfinance,yfinance:SLV,2026-09-14T13:24:20.029555+00:00,UTC,valid
2026-03-12,78.52999877929688,78.54000091552734,76.36000061035156,76.4800033569336,76.4800033569336,29762300,SLV,spot,USD,oz,yfinance,yfinance:SLV,2026-09-14T13:24:20.029555+00:00,UTC,valid
2026-03-13,76.06999969482422,76.27999877929688,71.91999816894531,72.69000244140625,72.69000244140625,46251900,SLV,spot,USD,oz,yfinance,yfinance:SLV,2026-09-14T13:24:20.029555+00:00,UTC,valid
2026-03-16,73.26000213623047,73.95999908447266,72.01000213623047,73.22000122070312,73.22000122070312,37193100,SLV,spot,USD,oz,yfinance,yfinance:SLV,2026-09-14T13:24:20.029555+00:00,UTC,valid
2026-03-17,73.16000366210938,73.72000122070312,70.83999633789062,71.66000366210938,71.66000366210938,32991800,SLV,spot,USD,oz,yfinance,yfinance:SLV,2026-09-14T13:24:20.029555+00:00,UTC,valid
2026-03-18,69.51000213623047,70.55000305175781,68.66000366210938,68.69999694824219,68.69999694824219,46745900,SLV,spot,USD,oz,yfinance,yfinance:SLV,2026-09-14T13:24:20.029555+00:00,UTC,valid
2026-03-19,61.900001525878906,65.73999786376953,60.849998474121094,65.68000030517578,65.68000030517578,96191600,SLV,spot,USD,oz,yfinance,yfinance:SLV,2026-09-14T13:24:20.029555+00:00,UTC,valid
2026-03-20,64.68000030517578,64.95999908447266,61.25,61.52000045776367,61.52000045776367,56912300,SLV,spot,USD,oz,yfinance,yfinance:SLV,2026-09-14T13:24:20.029555+00:00,UTC,valid
2026-03-23,61.29999923706055,64.11000061035156,60.97999954223633,62.470001220703125,62.470001220703125,72440000,SLV,spot,USD,oz,yfinance,yfinance:SLV,2026-09-14T13:24:20.029555+00:00,UTC,valid
2026-03-24,61.619998931884766,63.689998626708984,61.27000045776367,62.95000076293945,62.95000076293945,48268000,SLV,spot,USD,oz,yfinance,yfinance:SLV,2026-09-14T13:24:20.029555+00:00,UTC,valid
2026-03-25,66.04000091552734,66.4000015258789,64.4800033569336,65.20999908447266,65.20999908447266,38165900,SLV,spot,USD,oz,yfinance,yfinance:SLV,2026-09-14T13:24:20.029555+00:00,UTC,valid
2026-03-26,62.099998474121094,63.13999938964844,60.369998931884766,60.77000045776367,60.77000045776367,56080500,SLV,spot,USD,oz,yfinance,yfinance:SLV,2026-09-14T13:24:20.029555+00:00,UTC,valid
2026-03-27,61.43000030517578,64.87999725341797,61.220001220703125,63.439998626708984,63.439998626708984,52470800,SLV,spot,USD,oz,yfinance,yfinance:SLV,2026-09-14T13:24:20.029555+00:00,UTC,valid
