date,open,high,low,close,volume,sma_5,sma_10,sma_20,sma_50,sma_100,sma_200,ema_9,ema_20,ema_50,ema_200,rsi_14,stoch_rsi,macd,macd_signal,macd_hist,roc_12,momentum_10,atr_14,volatility_20d,volatility_60d,bollinger_upper,bollinger_lower,bollinger_width,volume_sma_20,relative_volume,volume_change_pct,obv,dist_sma_20_pct,dist_sma_50_pct,dist_sma_200_pct,dist_52w_high_pct,dist_52w_low_pct,gap_pct,intraday_range_pct,trend_strength
2021-08-16,4461.64990234375,4480.259765625,4437.66015625,4479.7099609375,3370640000,4479.7099609375,4479.7099609375,4479.7099609375,4479.7099609375,4479.7099609375,4479.7099609375,4479.7099609375,4479.7099609375,4479.7099609375,4479.7099609375,50.0,0.5,0.0,0.0,0.0,,,42.599609375,,,,,,3370640000.0,1.0,,0,0.0,0.0,0.0,-0.012271714504556228,0.9475670332320753,,0.9599565508639213,0.0
2021-08-17,4462.1201171875,4462.1201171875,4417.830078125,4448.080078125,3836960000,4463.89501953125,4463.89501953125,4463.89501953125,4463.89501953125,4463.89501953125,4463.89501953125,4473.383984375,4476.697591145833,4478.4695733762255,4479.3952357353855,0.0,0.0,-2.523181534899777,-0.5046363069799554,-2.0185452279198217,,,52.23974609375,,,4508.626428780959,4419.163610281541,0.02004142528172907,3603800000.0,1.0646983739386204,13.834761350960045,-3836960000,-0.35428569303385443,-0.35428569303385443,-0.35428569303385443,-0.7182549491192484,0.6847252942068474,-0.3926558617272367,1.0025292571075397,0.0
2021-08-18,4440.93994140625,4454.31982421875,4397.58984375,4400.27001953125,3755590000,4442.686686197917,4442.686686197917,4442.686686197917,4442.686686197917,4442.686686197917,4442.686686197917,4458.76119140625,4469.4187748015875,4475.402924205835,4478.607920151265,0.0,0.0,-8.285186767330742,-2.060746399050113,-6.2244403682806295,,,53.736490885416664,4.176710373143741,4.176710373143741,4522.673999692407,4362.699372703427,0.03600853228880013,3654396666.6666665,1.0276908454564775,-2.120689295692424,-7592550000,-0.9547526004577978,-0.9547526004577978,-0.9547526004577978,-1.7853818813693578,0.06094647014566751,-0.16052176654516936,1.2900243652639984,0.0
2021-08-19,4382.43994140625,4418.60986328125,4367.72998046875,4405.7998046875,4398410000,4433.4649658203125,4433.4649658203125,4433.4649658203125,4433.4649658203125,4433.4649658203125,4433.4649658203125,4448.1689140625,4463.359825266913,4472.673390107077,4477.883461290929,6.507947453711694,0.13015894907423387,-12.264037785775145,-4.10140467639512,-8.162633109380025,,,53.0223388671875,9.805716119938445,9.805716119938445,4508.471336044941,4358.458595595684,0.033836455595291096,3840400000.0,1.1452999687532548,17.116351891447156,-3194140000,-0.624007663218191,-0.624007663218191,-0.624007663218191,-1.6619563336214898,0.8716157910170148,-0.4052041816947269,1.1649044936390394,0.0
2021-08-20,4410.56005859375,4444.35009765625,4406.7998046875,4441.669921875,3652610000,4435.10595703125,4435.10595703125,4435.10595703125,4435.10595703125,4435.10595703125,4435.10595703125,4446.869115625001,4461.2941201819685,4471.457567823466,4477.523127565397,34.26014223371587,0.6852028446743174,-12.380176240701076,-5.757158989256311,-6.6230172514447645,,,50.1279296875,13.47423867679773,13.47423867679773,4500.476621122974,4369.735292939526,0.02947873837741721,3802842000.0,0.9604948088824096,-16.95612732782983,458470000,0.14800018099553489,0.14800018099553489,0.14800018099553489,-0.8613304979787637,1.6928688755231767,0.10804517039529084,0.852098906984789,0.0
2021-08-23,4450.2900390625,4489.8798828125,4450.2900390625,4479.52978515625,3576530000,4435.069921875,4442.509928385417,4442.509928385417,4442.509928385417,4442.509928385417,4442.509928385417,4453.401249531251,4463.030850179519,4471.774125365928,4477.543094307594,49.9432337385429,0.998864674770858,-9.309923244310994,-6.467711840267248,-2.842211404043746,,,49.808268229166664,13.892653377898043,13.892653377898043,4511.316250642562,4373.7036061282715,0.030976327961591013,3765123333.3333335,0.9499104500339519,-2.0828941496628395,4035000000,0.8333094887260614,0.8333094887260614,0.8333094887260614,-0.23052059133855063,2.5596775713571356,0.1940737906940441,0.8896014282776952,0.0
2021-08-24,4484.39990234375,4492.81005859375,4482.27978515625,4486.22998046875,3979220000,4442.69990234375,4448.755650111607,4448.755650111607,4448.755650111607,4448.755650111607,4448.755650111607,4459.966995718751,4465.240291159445,4472.34102164447,4477.629530985815,51.97098651173913,1.0,-6.2638698661494345,-6.426943445443686,0.16307357929425148,,,44.58998325892857,12.464068866926423,12.464068866926423,4519.731078503856,4377.7802217193575,0.03190799134606045,3795708571.428571,1.0483470806881154,11.259237305432922,8014220000,0.8423553304439859,0.8423553304439859,0.8423553304439859,-0.1464579637061168,2.7130798041522346,0.10871938397726551,0.23493119444200244,0.0
2021-08-25,4490.4501953125,4501.7099609375,4485.66015625,4496.18994140625,3444700000,4461.88388671875,4454.6849365234375,4454.6849365234375,4454.6849365234375,4454.6849365234375,4454.6849365234375,4467.211584856251,4468.1878768972365,4473.276273399833,4477.814211686516,54.69890320406976,1.0,-3.01145087837358,-5.743844932029665,2.732394053656085,,,41.0224609375,11.439643156916432,11.439643156916432,4528.460765491977,4380.909107554898,0.03312280442715959,3751832500.0,0.9181380032290887,-13.432783309291773,11458920000,0.9317158334255662,0.9317158334255662,0.9317158334255662,-0.12262050596659126,2.9411149844870565,0.09407040793992119,0.3578025113012038,0.0
2021-08-26,4493.75,4495.89990234375,4468.990234375,4470.0,3263980000,4474.72392578125,4456.386610243056,4456.386610243056,4456.386610243056,4456.386610243056,4456.386610243056,4467.769267885001,4468.36046004988,4473.147792090036,4477.7364583364015,47.59117580080141,0.8700572225963845,-2.518166930292864,-5.098709331682305,2.580542401389441,,,39.486599392361114,11.177574495634312,11.177574495634312,4526.148768944068,4386.624451542043,0.03130884494655983,3697626666.6666665,0.8827229718522152,-5.2463204342903635,8194940000,0.30548044744712705,0.30548044744712705,0.30548044744712705,-0.7043981334349729,2.341491346502017,-0.054266866792706536,0.6021420177149568,0.0
2021-08-27,4474.10009765625,4513.330078125,4474.10009765625,4509.3701171875,3331200000,4488.26396484375,4461.6849609375,4461.6849609375,4461.6849609375,4461.6849609375,4461.6849609375,4476.089437745501,4472.266141682035,4474.568275427192,4478.051221111039,56.15560473769974,1.0,1.0376422853587428,-3.8714390082740957,4.9090812936328385,,,39.870947265625,11.498021977920244,11.498021977920244,4535.501684067061,4387.868237807939,0.03308916867767845,3660984000.0,0.9099193003848146,2.0594488936819477,11526140000,1.068770132079875,1.068770132079875,1.068770132079875,-0.08773922733222983,3.2428775897806075,0.09172477978187919,0.8768239335838856,0.0
2021-08-30,4513.759765625,4537.35986328125,4513.759765625,4528.7900390625,3168660000,4498.116015625,4466.59296875,4467.785422585227,4467.785422585227,4467.785422585227,4467.785422585227,4486.629558008901,4477.649370003984,4476.694619099165,4478.556084971253,59.42615571593621,1.0,5.360875270152064,-2.024976152588864,7.385851422740928,,49.080078125,38.79083806818182,10.987092218126234,10.987092218126234,4548.66499710256,4386.905848067894,0.036205666506934873,3616227272.7272725,0.8762336438025567,-4.8793227665706045,14694800000,1.3654329988384588,1.3654329988384588,1.3654329988384588,-0.18887248261046286,3.6875003563399047,0.09734504650147967,0.5228478891583678,0.0
2021-08-31,4529.75,4531.39013671875,4515.7998046875,4522.68017578125,4290710000,4505.4060546875,4474.052978515625,4472.3599853515625,4472.3599853515625,4472.3599853515625,4472.3599853515625,4493.839681563371,4481.938018173247,4478.497974263168,4478.995130650955,58.0634757160214,0.9770693563549934,8.199534523321745,0.01992598259325784,8.179608540728488,,74.60009765625,36.857462565104164,10.48847607722396,10.48847607722396,4555.734449219925,4388.9855214832,0.037284326011967496,3672434166.6666665,1.1683558656939845,35.41086768539383,10404090000,1.1251373009887964,1.1251373009887964,1.1251373009887964,-0.3235292756652587,3.547613886512979,0.021196852342899086,0.34523966308397663,0.0
2021-09-01,4528.7998046875,4537.10986328125,4522.02001953125,4524.08984375,4057340000,4510.98603515625,4486.4349609375,4476.339205228365,4476.339205228365,4476.339205228365,4476.339205228365,4499.8897140006975,4485.952477751985,4480.2858907136315,4479.4438342638805,58.2841757568687,0.9807832099298782,10.442565462505627,2.1044538785757316,8.338111583929894,0.9906865221071648,123.81982421875,35.18303034855769,10.00361742163561,10.00361742163561,4561.164932730571,4391.513477726159,0.037899597690509955,3702042307.6923075,1.0959734283882805,-5.4389599856433986,14461430000,1.0667341399387695,1.0667341399387695,1.0667341399387695,-0.2924612534843911,3.5798884999861933,0.1353097868609047,0.3336969691603489,0.0
2021-09-02,4534.47998046875,4545.85009765625,4524.66015625,4536.9501953125,3735990000,4524.37607421875,4499.55,4480.668561662947,4480.668561662947,4480.668561662947,4480.668561662947,4507.3018102630585,4490.809403233939,4482.508020305744,4480.01603686138,60.19526398730941,1.0,13.106819280669697,4.304926958994525,8.801892321675172,1.9979432839923428,131.150390625,34.22426060267857,9.618819860443638,9.618819860443638,4568.369974120456,4392.967149205437,0.03914657433396971,3704467142.857143,1.0085094173945202,-7.920213736093107,18197420000,1.256099014577976,1.256099014577976,1.256099014577976,-0.19578081442541656,3.8743286695939267,0.22966247527342773,0.46832117052989997,0.0
2021-09-03,4532.419921875,4541.4501953125,4521.2998046875,4535.43017578125,3217530000,4529.5880859375,4508.926025390625,4484.3193359375,4484.3193359375,4484.3193359375,4484.3193359375,4512.927483366697,4495.059000619397,4484.583398951842,4480.567421328245,59.87107868663575,0.9946144384258867,14.923577047044091,6.428656976604438,8.494920070439653,3.0716332327350715,93.76025390625,32.62074497767857,9.258205530218122,9.258205530218122,4573.436289217482,4395.202382657518,0.03974603350202814,3672004666.6666665,0.8762325465454202,-13.877446138774463,14979890000,1.1397680676785404,1.1397680676785404,1.1397680676785404,-0.2292183343303006,3.839527536326827,-0.09985283599058684,0.44567694016019227,0.0
2021-09-07,4535.3798828125,4535.3798828125,4513.0,4520.02978515625,3822960000,4527.83603515625,4512.976025390625,4486.551239013672,4486.551239013672,4486.551239013672,4486.551239013672,4514.347943724608,4497.437170575287,4485.973453312799,4480.960081664842,63.52385969613924,1.0,14.948372317883695,8.13260004486029,6.815772273023406,2.592718360630375,40.5,29.802908761160715,9.092614059161894,9.092614059161894,4574.478396272568,4398.624081754776,0.039195877891378295,3681439375.0,1.0384416557178808,18.816607770556914,11156930000,0.7461977888820028,0.7461977888820028,0.7461977888820028,-0.5679974470190392,3.4869326942952408,-0.001108890817425864,0.49589813455572795,0.0
2021-09-08,4518.08984375,4521.7900390625,4493.9501953125,4514.06982421875,3750880000,4526.11396484375,4515.760009765625,4488.169979319853,4488.169979319853,4488.169979319853,4488.169979319853,4514.292319823437,4499.021232827045,4487.0752717796995,4481.289531839508,75.38359327350352,1.0,14.322008511499916,9.370481738188214,4.951526773311702,1.6300153684807528,27.83984375,27.739327566964285,8.817175808153792,8.817175808153792,4574.345194401197,4401.99476423851,0.03840104785621456,3685524117.647059,1.0177331311006768,-1.8854500177872602,7406050000,0.5770691622250403,0.5770691622250403,0.5770691622250403,-0.6991051784546366,3.3504782668431954,-0.042918774841279934,0.6194960455734217,0.0
2021-09-09,4513.02001953125,4529.89990234375,4492.06982421875,4493.27978515625,3735390000,4519.951953125,4515.468994140625,4488.453857421875,4488.453857421875,4488.453857421875,4488.453857421875,4510.08981289,4498.47442828697,4487.31858602976,4481.4088378426595,68.26911507077843,0.8269970534369376,12.009589210783815,9.898303232707335,2.1112859780764808,0.30695186011628905,-2.91015625,26.807198660714285,8.759560974973478,8.759560974973478,4572.09079034306,4404.81692450069,0.03726759172666422,3688294444.4444447,1.0127689251129324,-0.4129697564304924,3670660000,0.10751871106784569,0.10751871106784569,0.10751871106784569,-1.1564462393316535,2.874486409391678,-0.023256279330630195,0.8421524955164585,0.0
2021-09-10,4506.919921875,4520.47021484375,4457.66015625,4458.580078125,3623180000,4504.2779296875,4514.327001953125,4486.881553248355,4486.881553248355,4486.881553248355,4486.881553248355,4499.787865937,4494.674966366782,4486.19158571977,4481.181686004673,53.5488260755509,0.21436243466769783,7.292935474557453,9.37722968107736,-2.084294206519907,-0.6163282413992777,-11.419921875,28.5400390625,9.001183999796455,9.001183999796455,4569.309706950807,4404.453399545903,0.03674184518767892,3684867368.4210525,0.9832592703472296,-3.003970134309941,47480000,-0.630760468879898,-0.630760468879898,-0.630760468879898,-1.9197733681593392,2.080030085708271,0.30356749125239874,1.4090364987937722,0.0
2021-09-13,4474.81005859375,4492.990234375,4445.7001953125,4468.72998046875,3914220000,4490.937890625,4510.26298828125,4485.973974609375,4485.973974609375,4485.973974609375,4485.973974609375,4493.57628884335,4492.204015328874,4485.506816886396,4481.057788437151,47.43521357372457,0.0,4.324119936850366,8.366607732231962,-4.0424877953815965,-0.6107384540100513,-40.64013671875,28.474330357142858,8.796220899063876,8.796220899063876,4566.613272809162,4405.334676409588,0.035951745888944335,3696335000.0,1.0589462264648632,8.032722635916523,3961700000,-0.3843979978088525,-0.3843979978088525,-0.3843979978088525,-1.6964949466165107,2.3124140102900905,0.36401679871981385,1.0637253297548521,0.0
2021-09-14,4479.330078125,4485.68017578125,4435.4599609375,4443.0498046875,3670460000,4475.54189453125,4501.68896484375,4484.140966796875,4483.929966517857,4483.929966517857,4483.929966517857,4483.47099201218,4487.522661934458,4483.841836015851,4480.679599544121,40.59337484602932,0.0,-0.09971389361089678,6.673343407063391,-6.773057300674288,-0.6029126468120816,-85.740234375,31.112897600446427,8.792085896271118,8.792085896271118,4567.015451614668,4401.266481979082,0.03696337177240535,3711326000.0,0.9889888411850644,-6.227549805580679,291240000,-0.9163664214313718,-0.91170384318254,-0.91170384318254,-2.2614096540876214,1.7244615522378648,0.23720604517568317,1.1322436745237852,0.0
2021-09-15,4447.490234375,4486.8701171875,4438.3701171875,4480.7001953125,4032020000,4468.86796875,4497.490966796875,4485.77197265625,4483.783158735795,4483.783158735795,4483.783158735795,4482.916832672245,4486.872903208557,4483.718634419642,4480.679804477139,46.98889641909991,0.18383102671238127,-0.5610942648436321,5.226455872681987,-5.787550137525619,-0.635785511722009,-41.97998046875,33.43076869419643,8.954294011620421,9.101244242472733,4566.924335821835,4404.619609490665,0.03618211699580895,3721079000.0,1.083562052834675,9.85053644502325,4323260000,-0.11306364600487588,-0.06875808472781464,-0.06875808472781464,-1.4331731347089511,2.586474332179891,0.0999410288584941,1.092743478336444,0.0
2021-09-16,4477.08984375,4485.8701171875,4443.7998046875,4473.75,3984560000,4464.96201171875,4492.456982421875,4489.445971679687,4483.346934442935,4483.346934442935,4483.346934442935,4481.083466137796,4485.62310290298,4483.327707579656,4480.61085119876,50.787912114969515,0.29302883769449006,-1.4706119109387146,3.887042315957846,-5.35765422689656,-1.2153365156644336,-50.33984375,34.492954799107146,7.971511469919163,8.897641223608087,4560.299537777704,4418.59240558167,0.03156450330173265,3732527500.0,1.067523280136583,-1.1770774946552875,338700000,-0.3496193467679667,-0.21405736792768235,-0.21405736792768235,-1.5860641267828732,2.427348302329619,-0.08057561106804204,0.9467193471592157,0.0
2021-09-17,4469.740234375,4471.52001953125,4427.759765625,4432.990234375,7289530000,4459.84404296875,4482.060986328125,4490.805493164063,4481.2487386067705,4481.2487386067705,4481.2487386067705,4471.464819785237,4480.610448757458,4481.3536890226105,4480.137014215439,34.04500112196814,0.0,-5.41792912613073,2.0260480275401314,-7.443977153670861,-1.9831148328050219,-103.9599609375,34.68296595982143,8.718614363382752,9.1992854896616,4555.693550999124,4425.917435329001,0.028898182267673295,3877083500.0,1.8801581136955137,82.94441544361236,-6950830000,-1.287414003502701,-1.0768985844506858,-1.0768985844506858,-2.4827009438661056,1.4941457965138722,-0.08962873707739592,0.9883159029083645,0.0
2021-09-20,4402.9501953125,4402.9501953125,4305.91015625,4357.72998046875,4898070000,4437.64404296875,4464.290966796875,4486.60849609375,4476.30798828125,4476.30798828125,4476.30798828125,4448.71785192194,4468.907547015676,4476.505700451871,4478.919033780149,21.026479933705062,0.0,-14.452480770143666,-1.2696577319966282,-13.182823038147038,-3.677200697308769,-177.7001953125,41.76084681919643,10.198940093672833,10.49362409866969,4572.377067519153,4400.839924668347,0.038233142695680775,3939356500.0,1.2433680475478672,-32.80677903788036,-11848900000,-2.872515302755016,-2.6490136094953964,-2.6490136094953964,-4.138282458642686,1.2034580922115587,-0.6776473096998666,2.2536475574541894,0.0
2021-09-21,4374.4501953125,4394.8701171875,4347.9599609375,4354.18994140625,3920920000,4419.8720703125,4447.706982421875,4480.34150390625,4471.6111403245195,4471.6111403245195,4471.6111403245195,4429.812269818802,4457.982060767159,4471.7090040187095,4477.677948283892,21.21113017012955,0.0033969838550880825,-21.648528840722065,-5.345431953741716,-16.30309688698035,-4.028262291595686,-165.83984375,43.997977120535715,9.57204627312423,10.27324013075774,4584.609618743973,4376.073389068527,0.04654471751620523,3956576000.0,0.990988167546889,-19.949694471495917,-15769820000,-2.8156684571926744,-2.625925985812529,-2.625925985812529,-4.216156541299418,1.1212446011250887,0.38369093355232275,1.0789003733117475,0.0
2021-09-22,4367.43017578125,4416.75,4367.43017578125,4395.64013671875,3939170000,4402.86005859375,4435.864013671875,4475.81201171875,4468.797399450232,4468.797399450232,4468.797399450232,4422.977843198792,4452.044734667311,4468.725911183417,4476.861651651403,30.694205729835573,0.17785576168652292,-23.733183072333304,-9.022982177460033,-14.710200894873271,-3.0821781759305833,-118.4296875,47.388706752232146,10.286651627077523,10.593939044824854,4586.6656946799385,4364.9583287575615,0.049534557157873006,3954573500.0,0.9961048896929088,0.46545198575844715,-11830650000,-1.7912252523137877,-1.637068235415681,-1.637068235415681,-3.3043315927849286,2.0838795333085978,0.3040803123697417,1.129264172149647,0.0
2021-09-23,4406.75,4465.39990234375,4406.75,4448.97998046875,3916350000,4397.9060546875,4431.434033203125,4473.451513671875,4468.089634486607,4468.089634486607,4468.089634486607,4428.178270652783,4451.752853315067,4467.951560959313,4476.584222087397,38.212514050402184,0.31616899906482127,-20.840965284310187,-11.386578798830065,-9.454386485480121,-1.57188797562412,-44.2998046875,50.81724330357143,11.246310412062918,11.09881101730205,4584.488557500878,4362.414469842871,0.049642672325674965,3978156000.0,0.9844636560255555,-0.5793098546140407,-7914300000,-0.5470391962075396,-0.42769182315324394,-0.42769182315324394,-2.1309571390716187,3.3226383976239053,0.2527473345336971,1.3309105881602088,0.0
2021-09-24,4438.0400390625,4463.1201171875,4430.27001953125,4455.47998046875,3384290000,4402.40400390625,4431.1240234375,4472.725512695312,4467.654818830819,4467.654818830819,4467.654818830819,4433.638612615977,4452.107817805894,4467.462479371447,4476.37422963348,39.4282371657464,0.33853448245141066,-17.818960290454015,-12.673055097154855,-5.145905193299161,-1.2979383578795245,-3.10009765625,51.724365234375,11.086224455387477,10.903482247057886,4584.0470864748095,4361.403938915815,0.04977795908267735,3984171500.0,0.8494338157883012,-13.585609049242276,-4530010000,-0.38557099418716567,-0.272510721077932,-0.272510721077932,-1.9879695820610765,3.4735937070505383,-0.24589774407340342,0.7414919973596947,0.0
2021-09-27,4442.1201171875,4457.2998046875,4436.18994140625,4443.10986328125,4058650000,4419.47998046875,4428.56201171875,4469.4125,4466.836653645833,4466.836653645833,4466.836653645833,4435.532862749032,4451.250869755928,4466.507474818891,4476.043240913557,39.7467606345173,0.3443943129170157,-16.2350174607609,-13.385447569876064,-2.849569890884837,-1.1165545942796284,-25.6201171875,51.630057198660715,10.599420206146972,10.734121147705466,4580.084209251401,4358.7407907485995,0.04952405232293993,4020544000.0,1.0094778219066873,19.92618835856266,-8588660000,-0.5885032253959633,-0.5311765843332905,-0.5311765843332905,-2.2600884799956518,3.186311419714727,-0.2998523916573505,0.47585571312481445,0.0
2021-09-28,4419.5400390625,4419.5400390625,4346.330078125,4352.6298828125,4416550000,4419.16796875,4419.52001953125,4460.6044921875,4463.152564264113,4463.152564264113,4463.152564264113,4418.952266761726,4441.8583948089345,4462.0416868970715,4474.815247300612,32.43769540732367,0.24154485541522494,-22.02679838701897,-15.113717733304647,-6.913080653714324,-2.3763214623489737,-90.419921875,56.55433872767857,12.53220905464629,12.076197442454095,4579.1393609952365,4342.0696233797635,0.05314744627789518,4082938500.0,1.0817086762389392,8.81820309708894,-13005210000,-2.420627284129573,-2.476336622157028,-2.476336622157028,-4.250474843932282,1.0850139660876719,-0.530480337961835,1.684408676321304,0.0
2021-09-29,4362.41015625,4385.56982421875,4355.080078125,4359.4599609375,3712660000,4411.93193359375,4407.39599609375,4452.4434814453125,4459.912170410156,4459.912170410156,4459.912170410156,4407.053805596881,4434.010924916417,4458.018874114343,4473.667433505954,34.98635387027467,0.429239448952538,-25.76865130346596,-17.24470444733691,-8.523946856129047,-2.4452141885688117,-121.240234375,56.205043247767854,12.59442778208784,11.895065485915868,4575.376694478791,4329.510268411834,0.05522056082049278,4054036000.0,0.9157935450005871,-15.937553067439513,-9292550000,-2.0883705968487445,-2.252336046864756,-2.252336046864756,-4.100226200042299,1.2436349748211262,0.2246980262695887,0.7000961072310937,0.0
2021-09-30,4370.669921875,4382.5498046875,4306.240234375,4307.5400390625,4448140000,4383.6439453125,4390.775,4441.615991210938,4455.294833096591,4455.294833096591,4455.294833096591,4387.151052290005,4421.966078644616,4452.117743327996,4472.01442460602,33.68478237937509,0.4253257157980032,-32.54840275448896,-20.305444108767322,-12.24295864572164,-3.0499267751181836,-166.2099609375,57.16929408482143,13.063341878408227,12.10938225749785,4575.626082036318,4307.605900385558,0.060342943239829284,4073576000.0,1.0919496776296798,19.810055324214982,-13740690000,-3.0186299854320393,-3.3163864473453057,-3.3163864473453057,-5.242365090670674,0.03785222527539819,0.2571410458622334,1.7720695121315133,0.0
2021-10-01,4317.16015625,4375.18994140625,4288.52001953125,4357.0400390625,4010370000,4363.95595703125,4383.17998046875,4432.6204833984375,4452.404986213235,4452.404986213235,4452.404986213235,4381.128849644504,4415.782646303462,4448.389205905821,4470.870400869268,38.880619579240665,0.5999086178646745,-33.54053391692014,-22.952462070397885,-10.588071846522254,-2.759839999546665,-75.9501953125,59.982142857142854,13.856227424080657,12.420786749307428,4563.809334094811,4301.431632702064,0.05919245790958956,4087295000.0,0.9811794842310134,-9.841641674947276,-9730320000,-1.7050962205993072,-2.1418749517627083,-2.1418749517627083,-4.153459848821163,1.5977544518665783,0.22333204335330423,2.0209751028391683,0.0
2021-10-04,4348.83984375,4355.509765625,4278.93994140625,4300.4599609375,4307870000,4335.4259765625,4377.452978515625,4420.87197265625,4448.063699776786,4448.063699776786,4448.063699776786,4364.995071903103,4404.799533411466,4442.5880590443185,4469.174774601292,36.6271252880427,0.5241900073666019,-38.44912685566851,-26.05179502745201,-12.397331828216501,-3.8734850866163684,-57.27001953125,61.973563058035715,14.378101407288646,12.676203689679507,4555.3385326585385,4286.405412653962,0.06083259629954623,4141812000.0,1.04009308003357,7.41826813984745,-14038190000,-2.723716327084714,-3.3183818578563327,-3.3183818578563327,-5.39811325598414,0.5029287586630058,-0.18820564509350773,1.7894577925201203,0.0
2021-10-05,4309.8701171875,4369.22998046875,4309.8701171875,4345.72021484375,3902890000,4334.04404296875,4376.606005859375,4412.156494140625,4445.2208251953125,4445.2208251953125,4445.2208251953125,4361.140100491233,4399.172931643112,4438.789320056061,4467.946371021615,37.518973991297024,0.5541565996267609,-38.24621928119086,-28.49067987819978,-9.75553940299108,-1.968649036366621,-8.4697265625,63.421421595982146,15.107752921326432,12.875040276541542,4542.081402381728,4282.231585899522,0.058894061628885816,4145808500.0,0.9414062419911581,-9.400933640058772,-10135300000,-1.505755278288584,-2.2383727212739917,-2.2383727212739917,-4.402474312025445,1.5606733058177262,0.2188174366341173,1.377300514104276,0.0
2021-10-06,4319.56982421875,4365.56982421875,4290.490234375,4363.5498046875,4009630000,4334.86201171875,4373.39697265625,4404.6304931640625,4443.013500316723,4443.013500316723,4443.013500316723,4361.622041330487,4395.7802528854345,4435.838750825921,4466.907599217296,40.011224039981656,1.0,-36.22908829620155,-30.038361561800137,-6.190726734401416,0.13355174012237292,-32.09033203125,65.77922712053571,15.259955534907437,12.757507135379898,4526.912099182756,4282.348887145369,0.05552411545462122,4158746000.0,0.9641439991766749,2.734896448529156,-6125670000,-0.9326704825823475,-1.7885089843539468,-1.7885089843539468,-4.010257466755017,1.9773557105230937,-0.6017504425544394,1.7499070209324674,0.0
2021-10-07,4383.72998046875,4429.97021484375,4383.72998046875,4399.759765625,3843740000,4353.30595703125,4368.474951171875,4399.9544921875,4441.875244140625,4441.875244140625,4441.875244140625,4369.24958618939,4396.159254098727,4434.423888661179,4466.239461569611,46.962870403427345,1.0,-31.34730402182322,-30.300150053804757,-1.0471539680184634,1.0465741006243867,-49.22021484375,67.238525390625,15.613814568565376,12.796180571150154,4514.89473787452,4285.014246500481,0.05224610658637751,4164163500.0,0.9230521327993005,-4.137289475587524,-2281930000,-0.004425649466286927,-0.9481463616336467,-0.9481463616336467,-3.2137076430780525,2.8235924288071037,0.46247153543593444,1.0548148398970403,0.0
2021-10-08,4406.509765625,4412.02001953125,4386.22021484375,4391.33984375,3280160000,4360.16591796875,4362.0609375,4396.59248046875,4440.57946464343,4440.57946464343,4440.57946464343,4373.667637701513,4395.700262636943,4432.734318272506,4465.49419174056,53.499350795263084,1.0,-27.836984708314958,-29.807516984706798,1.9705322763918396,-0.09783086956614007,-64.14013671875,60.004220145089285,15.417808310793237,12.627436848107882,4508.197682911686,4284.987278025815,0.05076895479338876,4147012500.0,0.7909694026724058,-14.66228204821346,-5562090000,-0.11947062963156783,-1.108855753747524,-1.108855753747524,-3.3989298060204938,2.6268165452869243,0.15341746730667558,0.5882013082742373,0.0
2021-10-11,4385.43994140625,4415.8798828125,4360.58984375,4361.18994140625,3281970000,4372.3119140625,4353.8689453125,4391.215478515625,4438.5947265625,4438.5947265625,4438.5947265625,4371.17209844246,4392.413565376877,4429.928656434614,4464.4563385034035,50.690553444674805,0.8768349272705832,-27.17462435383368,-29.280938458532177,2.106314104698498,-1.9732621735297218,-81.919921875,60.602783203125,15.521424952383622,12.564789482043556,4498.464282826766,4283.966674204485,0.04884697862624328,4115400000.0,0.7974850561306313,0.055180235110485754,-8844060000,-0.6837636926786608,-1.7439029675997624,-1.7439029675997624,-4.062169941441912,1.9222050584091395,-0.13435312578112282,1.2679486272194755,0.0
2021-10-12,4368.31005859375,4374.89013671875,4342.08984375,4350.64990234375,3558450000,4373.2978515625,4353.670947265625,4386.595483398438,4436.449730849848,4436.449730849848,4436.449730849848,4367.067659222718,4388.436073659436,4426.819685685953,4463.323936153556,45.27343685877969,0.6094364956140238,-27.186799564239664,-28.862110679673677,1.6753111154340132,-2.352834679642557,-1.97998046875,58.477085658482146,15.436708457298842,12.410274537787666,4492.393538426936,4280.79742836994,0.048236978052297236,4109799500.0,0.8658451586263515,8.424208630791874,-12402510000,-0.8194414367754661,-1.9339749960304802,-1.9339749960304802,-4.294030623956151,1.6758814547402345,0.16326088253803833,0.7554033690934034,0.0
2021-10-13,4358.009765625,4372.8701171875,4329.919921875,4363.7998046875,3620070000,4373.3478515625,4354.104931640625,4380.750463867187,4434.719970703125,4434.719970703125,4434.719970703125,4366.414088315675,4386.089762328776,4424.348317803661,4462.333646288223,40.22579687246119,0.36977632202629407,-25.837522410335623,-28.257193025806068,2.4196706154704444,-1.7850123232194703,4.33984375,56.56211635044643,15.111263977844994,12.289357566185052,4477.158037520497,4284.342890213878,0.04401418179304557,4089202000.0,0.885275415594534,1.7316528263710218,-8782440000,-0.3869350541533387,-1.599202801623134,-1.599202801623134,-4.0047579453315345,1.9831982790896867,0.16916698531143928,0.9919397145317442,0.0
2021-10-14,4386.75,4439.72998046875,4386.75,4438.259765625,3598280000,4381.0478515625,4367.176904296875,4378.9759521484375,4434.8022915152615,4434.8022915152615,4434.8022915152615,4380.78322377754,4391.058334071273,4424.893864777047,4462.094105187096,48.29062687516298,0.7526916178163854,-18.54612579148943,-26.314979578942744,7.768853787453313,1.9673136728356244,130.7197265625,59.63926478794643,16.438110435467024,12.877999215662944,4469.289935975756,4288.661968321119,0.041248906052113794,4069888000.0,0.8841226097622342,-0.6019220622805688,-5184160000,1.3538282494444014,0.07796230547534079,0.07796230547534079,-2.366781343861766,3.7233479880624456,0.5259222773658726,1.2077273714880037,0.0
2021-10-15,4447.68994140625,4475.81982421875,4447.68994140625,4471.3701171875,3819380000,4397.05390625,4378.609912109375,4380.894946289062,4435.6333784623575,4435.6333784623575,4435.6333784623575,4398.900602459533,4398.707075320437,4426.716462910791,4462.186403813966,52.69432700248498,0.9617777530801741,-9.980859645908822,-23.04815559233596,13.067295946427137,2.5670646651823725,114.330078125,60.814278738839285,16.32040394997874,12.857969136701225,4477.456257854846,4284.333634723279,0.0440829158195532,3896380500.0,0.9802379413406879,6.144602421156775,-1364780000,2.0652211935617575,0.805673861565422,0.805673861565422,-1.6384169928337584,4.497145985134086,0.2124746247231438,0.6324605173265748,0.0
2021-10-18,4463.72021484375,4488.75,4447.47021484375,4486.4599609375,3662010000,4422.10791015625,4397.209912109375,4387.3314453125,4436.762858072917,4436.762858072917,4436.762858072917,4416.412474155126,4407.064492998253,4429.059345186349,4462.427931745544,64.90147381515223,1.0,-1.9526908321813607,-18.82906264030504,16.87637180812368,4.153645009738338,186.0,56.84999302455357,14.961474921039192,12.733792351278684,4494.021551415608,4280.641339209393,0.048635535032165,3834577500.0,0.9549969977135682,-4.120302248008834,2297230000,2.259426187891736,1.1201207829748352,1.1201207829748352,-1.3064693169132517,4.849799772208294,-0.17108631455813822,0.9281632739995821,0.0
2021-10-19,4497.33984375,4520.39990234375,4496.41015625,4519.6298828125,3459130000,4455.90390625,4414.60087890625,4395.603442382812,4438.564315132473,4438.564315132473,4438.564315132473,4437.055955886601,4417.785006313896,4432.61113097561,4462.997105388002,66.84617265031358,1.0,7.005471559851685,-13.662155800273695,20.66762736012538,3.7316582425757083,173.90966796875,56.921421595982146,15.07823139176768,12.70726760490806,4516.219577804708,4274.987306960917,0.05488035351820132,3811488000.0,0.9075536903172724,-5.540126870216088,5756360000,2.8216021316621367,1.826391642082301,1.826391642082301,-0.576794533046055,5.624989943821192,0.2425048458523748,0.5335310894715489,0.0
2021-10-20,4524.419921875,4540.8701171875,4524.39990234375,4536.18994140625,3670760000,4490.38193359375,4431.864892578125,4402.630932617188,4440.641456117021,4440.641456117021,4440.641456117021,4456.882752990531,4429.061666798882,4436.673045110145,4463.725392313557,75.98118468986807,1.0,15.26517073989362,-7.8766904922402325,23.141861232133852,5.481506225147159,172.64013671875,52.98789760044643,14.828146540330694,12.59135533074989,4538.65031790035,4266.611547334025,0.06179004661755943,3798067500.0,0.9664809801300267,6.118012332580736,9427120000,3.0336180986596313,2.1516820538980874,2.1516820538980874,-0.2125049450042487,6.012003055024329,0.1059829938888542,0.3640309256309997,0.0
2021-10-21,4532.240234375,4551.43994140625,4526.89013671875,4549.77978515625,3822330000,4512.6859375,4446.86689453125,4407.670922851563,4442.915171305339,4442.915171305339,4442.915171305339,4475.462159423675,4440.558630451964,4441.108603543325,4464.5816549289075,73.84686764849808,0.945766279926106,22.64657306625304,-1.7720377805415781,24.418610846794618,4.695644455330794,150.02001953125,48.550746372767854,14.318022857075736,12.46964528098095,4557.672725020673,4257.669120682453,0.06806397518990186,3793366500.0,1.0076353023099667,4.129117675903626,13249450000,3.2241259565890905,2.4052814364113573,2.4052814364113573,-0.03647540715405034,6.329601430698978,-0.08707102397095752,0.5423105917320663,0.0
2021-10-22,4546.1201171875,4559.669921875,4524.0,4544.89990234375,3758220000,4527.39189453125,4462.222900390625,4412.141918945313,4444.996492346939,4444.996492346939,4444.996492346939,4489.34970800769,4450.495894441658,4445.178850555107,4465.380841470349,84.68025853648399,1.0,27.782364031307225,4.138842581828182,23.643521449479042,4.15602217858122,153.56005859375,45.52001953125,14.338269333131922,12.340466173932892,4573.075941914011,4251.207895976614,0.07295051969097523,3812063000.0,0.985875626924319,-1.6772492171005626,9491230000,3.008923689158486,2.247547555297679,2.247547555297679,-0.3239273847519287,6.215557230983095,-0.08043615606825065,0.7884598115605659,0.0
2021-10-25,4553.68994140625,4572.6201171875,4537.35986328125,4566.47998046875,3899400000,4543.3958984375,4482.751904296875,4418.3104248046875,4447.426162109375,4447.426162109375,4447.426162109375,4504.775762499903,4461.54199787281,4449.935757610544,4466.386803052423,83.57672690112854,0.9752953774847796,33.21101145798639,9.953276357059824,23.257735100926563,3.789302682985629,205.2900390625,43.12646484375,14.324138476949432,12.252610371749922,4593.102977443163,4243.517872166212,0.07912189766349517,3804100500.0,1.0250517829379113,3.756565608186846,13390630000,3.3535343019863153,2.67691500701406,2.67691500701406,-0.13428049042758966,6.719889575454091,0.19340445887415658,0.7771094858839583,0.0
2021-10-26,4578.68994140625,4598.52978515625,4569.169921875,4574.7900390625,3879740000,4554.4279296875,4505.16591796875,4429.418432617187,4449.327763671875,4449.9234930300245,4449.9234930300245,4518.778617812422,4472.327525605161,4454.832003941993,4467.465442216702,83.08696436929647,0.9641589593586962,37.748662845820036,15.512353654811868,22.236309191008168,4.177544937078759,224.14013671875,40.052908761160715,11.74805275929368,12.131167812092222,4614.566028082072,4244.270837152302,0.08359905404352948,3777260000.0,1.0271307773359526,-0.5041801302764548,17270370000,3.2819569579344963,2.8198029467508925,2.806038041509156,-0.5162464353363618,6.9140979239596545,0.2673823380311118,0.6425644872756651,0.0
2021-10-27,4580.22021484375,4584.56982421875,4551.66015625,4551.68017578125,4226050000,4557.5259765625,4523.953955078125,4439.029443359375,4451.399765625,4451.880352313702,4451.880352313702,4525.358929406188,4479.884920860027,4458.629971465102,4468.303399764609,74.81389558373861,0.7780568567602233,39.03009677287446,20.215902278424387,18.81419449445007,4.367849988977479,187.88037109375,37.65928431919643,12.04905200168723,12.070964242209365,4628.785279848251,4249.2736068705,0.08549429054711194,3802929500.0,1.1112617259930797,8.926113605550889,13044320000,2.5377333910320417,2.25278374076047,2.2417454102440235,-1.0187953881744432,6.374014080818472,0.11869781421406593,0.7230255959149521,0.0
2021-10-28,4562.83984375,4597.5498046875,4562.83984375,4596.419921875,4132950000,4566.85400390625,4539.769970703125,4453.4734375,4455.322763671875,4454.607514003537,4454.607514003537,4539.571127899951,4490.983492385262,4464.033498932156,4469.578191029389,79.94399101118469,0.8934579939108254,43.15826438960903,24.80437470066132,18.35388968894771,5.649041523631926,158.16015625,39.092843191964285,11.101116921626849,12.132440219951851,4645.056475969049,4261.890399030951,0.08603757995089599,3787170000.0,1.0913030046182242,-2.2030028040368688,17177270000,3.209775164960781,3.166934601318073,3.1834994985677225,-0.04588125726749665,7.419594217637276,0.24517689156036884,0.7607096046784186,0.0
2021-10-29,4572.8701171875,4608.080078125,4567.58984375,4605.3798828125,4510200000,4578.95,4553.170947265625,4465.8904296875,4459.314365234375,4457.399594907408,4457.399594907408,4552.732878882461,4501.878386711666,4469.576494378444,4470.929451644147,88.00627432860276,1.0,46.61550639329471,29.166601039188,17.44890535410671,5.536002771380577,134.009765625,38.035714285714285,10.676464549331898,12.019391427700853,4663.260945206165,4268.5199141688345,0.0883902185358705,3812161500.0,1.1831083231914492,9.127862664682617,21687470000,3.1234410096075944,3.2755151490748933,3.319879332204366,-0.058596970250540725,7.628990962162637,-0.5123510272728393,0.8864682635724017,1.0
2021-11-01,4610.6201171875,4620.33984375,4595.06005859375,4613.669921875,3971540000,4588.38798828125,4565.891943359375,4481.550927734375,4462.754365234375,4460.240873579545,4460.240873579545,4564.920287480969,4512.525199584365,4475.227217025368,4472.349754830523,91.22577149320921,1.0,49.45425459611579,33.22413175057356,16.230122845542226,3.9522282496526673,127.2099609375,37.49853515625,8.908281873612083,11.908653800088418,4673.2762445264325,4289.825610942318,0.08556203862620518,3795345000.0,1.0464239746320823,-11.943151079774728,25659010000,2.948064102607815,3.3816684560612034,3.4399274085016183,-0.1443599843423314,7.822731448732203,0.11378506243441085,0.5501513545828715,1.0
2021-11-02,4613.33984375,4635.14990234375,4613.33984375,4630.64990234375,3975250000,4599.5599609375,4576.9939453125,4495.797412109375,4465.776767578125,4463.283891950335,4463.283891950335,4578.066210453526,4523.7751712757345,4481.322224292756,4473.924880676426,91.32986969772595,1.0,52.46929217593424,37.0731638356457,15.396128340288541,3.5622142873835028,111.02001953125,35.988525390625,8.522905980347394,11.81685667616773,4687.369639271636,4304.225184947114,0.08522280236483226,3798963000.0,1.0464039791911635,0.09341464520060683,29634260000,2.999523285260845,3.6919251307547705,3.7498401276975657,-0.09708423880152373,8.219558249324539,-0.007154350670709792,0.4727607185344809,1.0
2021-11-03,4630.64990234375,4663.4599609375,4621.18994140625,4660.56982421875,4319660000,4621.337890625,4589.43193359375,4510.648413085937,4469.263564453125,4466.745048656799,4466.745048656799,4594.566933206571,4536.803233460783,4488.351541936912,4475.782044293763,89.94222168415105,0.9640836412077672,56.620334849001665,40.982598038316894,15.637736810684771,3.8807849573423425,124.3798828125,33.584228515625,8.596827612774085,11.774247818410167,4705.083673624316,4316.213152547558,0.08621166747303957,3814464500.0,1.1324420505158719,8.663857619017667,33953920000,3.3237219442302948,4.28048731086716,4.339284500247819,-0.06197408668582185,8.918795029571728,0.0,0.9146998947718439,1.0
2021-11-04,4662.93017578125,4683.0,4662.58984375,4680.06005859375,4462300000,4638.06591796875,4602.4599609375,4524.663427734375,4472.940966796875,4470.422893655711,4470.422893655711,4611.665558284007,4550.446740616304,4495.869522982279,4477.814661351475,89.42463974260345,0.9279097390705134,60.782106809677316,44.94249979258898,15.839607017088333,3.549630831306394,130.2802734375,32.50352260044643,8.403528741937276,11.691388666085594,4725.739315924308,4323.587539544441,0.08887993169057352,3845392500.0,1.1604277066645343,3.3021117402758593,38416220000,3.4344351428850213,4.630490170434679,4.689425808809937,-0.06277901785714286,9.374287152431359,0.050645128203731286,0.43774290542323663,1.0
2021-11-05,4699.259765625,4718.5,4681.31982421875,4697.52978515625,4467180000,4656.4958984375,4617.72294921875,4539.972924804688,4477.4915625,4474.272163003178,4474.272163003178,4628.838403658456,4564.454649620108,4503.777768557729,4480.000881488836,89.51888494963586,0.9260330355916779,64.74367719627935,48.90273527332706,15.84094192295229,3.5567259271330975,152.6298828125,32.30067661830357,8.19399904842216,11.60477284718926,4744.896361765375,4335.049487844,0.09027518020694072,3904743500.0,1.1440392947705784,0.10936064361428688,42883400000,3.4704361228837133,4.914319091053556,4.989808711216593,-0.444425449692699,9.782559453555518,0.41024488555429073,0.7942242183261828,1.0
2021-11-08,4701.47998046875,4714.919921875,4694.39013671875,4701.7001953125,4269710000,4674.101953125,4631.244970703125,4556.9984375,4481.3381640625,4478.062630208334,4478.062630208334,4643.410761989265,4577.525653971765,4511.539432352034,4482.206844810465,88.2420629874099,0.8233823515194045,67.44233426723349,52.610655072108344,14.831679195125147,3.339071720611475,135.22021484375,31.342808314732142,7.321028862139734,11.50430551897134,4755.871401208391,4358.12547379161,0.08728243664594877,3954130500.0,1.07981008719869,-4.420462125994473,47153110000,3.1753743126557663,4.917326548064683,4.994069613844635,-0.3560412141040585,9.880023082710345,0.08409090507488093,0.43732592644291296,1.0
2021-11-09,4707.25,4708.52978515625,4670.8701171875,4685.25,4117080000,4685.02197265625,4642.290966796875,4573.728442382812,4484.46736328125,4481.459144467213,4481.459144467213,4651.778609591412,4587.785115498263,4518.351611475484,4484.227174712849,81.32304263689178,0.4276253567518107,67.47582682761458,55.58368942320959,11.892137404404991,3.0880789604161185,110.4599609375,32.515625,7.451474492922848,11.440776122418967,4755.031067325192,4392.425817440432,0.07928001289378056,3982062000.0,1.0339065539411492,-3.5747158472121066,43036030000,2.438307368311692,4.477290622354732,4.5474219213709866,-0.7046730952633252,9.495577506521824,0.1180382512060859,0.8062666489092241,1.0
2021-11-10,4670.259765625,4684.85009765625,4630.85986328125,4646.7099609375,4503720000,4682.25,4651.7939453125,4587.873950195312,4486.947958984375,4484.124480216734,4484.124480216734,4650.76487986063,4593.397005540095,4523.3852722387,4485.843918854388,68.43549115061506,0.0,63.65869307560388,57.19869015368845,6.460002921915425,1.7569327099188126,95.02978515625,34.64707728794643,8.579318781576003,11.477583196760493,4742.378189553062,4433.369710837563,0.06735330614354483,4026244500.0,1.1185907860290154,9.391121863068008,38532310000,1.2824243076617865,3.5605940477474873,3.6258021256561497,-1.5214589183532903,8.59488622339449,-0.3199452403820501,1.1658792528596318,1.0
2021-11-11,4659.39013671875,4664.5498046875,4648.31005859375,4649.27001953125,3926870000,4676.0919921875,4657.078955078125,4598.424462890625,4489.4515625,4486.745837983631,4486.745837983631,4650.4659077947545,4598.718244967824,4528.32192899527,4487.4700492093825,70.02724642460949,0.06952603106124892,60.1468272252323,57.788317567997225,2.358509657235075,1.6280524315387623,52.85009765625,33.373500279017854,6.894817459997145,11.223260863096,4738.009348699859,4458.839577081391,0.06070987440837042,4042674000.0,0.9713546034134832,-12.80830069364881,42459180000,1.1057169047996604,3.559865939220713,3.622317541852528,-1.4672031465243192,8.65471549486841,0.27288502807030596,0.349368821981359,1.0
2021-11-12,4655.240234375,4688.47021484375,4650.77001953125,4682.85009765625,3728600000,4673.1560546875,4664.8259765625,4608.998461914062,4492.369560546875,4489.809967041016,4489.809967041016,4656.942745767054,4606.730802366721,4534.381857178054,4489.414129293431,71.34680701653816,0.12716291293656837,59.3886841190988,58.10839087821754,1.2802932408812566,2.8817912684844016,77.47021484375,33.65492466517857,6.872106670338872,11.296710784478687,4739.823703790284,4478.173220037841,0.05676948819023521,4038135000.0,0.9233470401559135,-5.049059429010894,46187780000,1.6023358730199702,4.2400905478085225,4.299516728599015,-0.7555346475309951,9.439491130535876,0.12841187581425806,0.8106226528978053,1.0
2021-11-15,4689.2998046875,4697.419921875,4672.85986328125,4682.7998046875,3488410000,4669.3759765625,4671.73896484375,4618.815454101563,4495.316953125,4492.779041466346,4492.779041466346,4662.114157551143,4613.975469254414,4540.202168845091,4491.338364869492,70.43236013508022,0.08722092981716435,58.11389125930327,58.10949095443469,0.004400304868582339,1.8792861461896848,69.1298828125,33.119942801339285,6.907691297509576,11.201135703417805,4740.038081695117,4497.592826508008,0.05249078634908758,4029455000.0,0.865727499128294,-6.441828031969099,42699370000,1.3852978371135887,4.17062586503869,4.229470478457704,-0.7566005152590866,9.43831577006252,0.13773037566327515,0.5255894529758933,1.0
2021-11-16,4679.419921875,4714.9501953125,4679.419921875,4700.89990234375,3972640000,4672.50595703125,4678.76396484375,4627.878955078125,4498.93435546875,4495.932387843277,4495.932387843277,4669.8713065096645,4622.253986691494,4546.504040747,4493.423554297096,78.77348186981214,0.45155148884797586,57.89673779176519,58.06694032190079,-0.17020253013559739,2.0740964255247407,70.25,33.30712890625,6.663702284494444,11.106634521378401,4744.910695204243,4510.847214952007,0.050576837148128266,4055130500.0,0.9796577446767742,13.881109158613803,46672010000,1.57784911780158,4.489186347640244,4.5589545575616865,-0.373001963680195,9.861320016537208,-0.07217653868347575,0.7592879893382886,1.0
2021-11-17,4701.5,4701.5,4684.41015625,4688.669921875,3969070000,4680.89794921875,4681.573974609375,4635.502954101563,4502.426357421875,4498.809067455691,4498.809067455691,4673.631029582732,4628.579313851828,4552.079173340255,4495.366304223245,70.33810725389047,0.08310407287799051,56.091200447420306,57.6717923470047,-1.580591899584391,1.6256039393802046,28.10009765625,31.251429966517858,6.82180318505587,11.127503830478338,4747.126563308943,4523.879344894182,0.0481603011852745,4070046000.0,0.9751904523929213,-0.08986467437270829,42702940000,1.146951437629744,4.1365155067138,4.220246993649044,-0.6321940897530994,9.575502018710141,0.012765591029726171,0.36482381303008904,1.0
2021-11-18,4700.72021484375,4708.7998046875,4672.77978515625,4704.5400390625,4226410000,4691.951953125,4684.02197265625,4643.240966796875,4506.6515625,4501.834522920496,4501.834522920496,4679.812831478685,4635.8136686337975,4558.058030819559,4497.447634918162,71.2151602523923,0.12141273439929232,55.30338195672357,57.198110268948476,-1.8947283122249061,1.595675299947663,24.47998046875,30.93212890625,6.833268694475534,11.136652594575752,4751.241272571988,4535.240661021762,0.04651936289647981,4090250000.0,1.0332889187702463,6.483634705359198,46929350000,1.3201785714755176,4.391031208383992,4.50273138894723,-0.29585590627318004,9.946391010021488,0.2570087715607646,0.7708477862721611,1.0
2021-11-19,4708.43994140625,4717.75,4694.22021484375,4697.9599609375,4253180000,4694.97392578125,4684.064990234375,4650.893969726562,4511.43916015625,4504.676920572917,4504.676920572917,4683.442257370449,4641.732363138912,4563.544381020262,4499.442782440743,68.16664491768361,0.0,53.531000759378,56.464688367034384,-2.933687607656381,0.8022653479935249,0.43017578125,30.80712890625,6.851627284236775,11.061215028373617,4750.953055440283,4550.834884012842,0.04302789371893727,4114998000.0,1.0335800892248308,0.6333980848994836,42676170000,1.0119772997900618,4.134396899963732,4.290719262947736,-0.4353086587368867,9.792612779546081,0.08289657036327733,0.5012501348327393,1.0
2021-11-22,4712.0,4743.830078125,4682.169921875,4682.93994140625,4441100000,4695.001953125,4682.18896484375,4656.716967773437,4515.723359375,4507.22353515625,4507.22353515625,4683.34179417761,4645.6568944024675,4568.226559858928,4501.268624818509,61.3658555223475,0.0,50.334164921250704,55.23858367787765,-4.904418756626946,0.06153516784921376,-18.76025390625,33.653564453125,6.95690735816405,10.965847530050446,4749.372782036151,4564.061153510724,0.039794479631866525,4142083000.0,1.0721900068154115,4.418341100070999,38235070000,0.5631214826730372,3.7029855180144144,3.8985509566901952,-1.283564877239803,9.441590803614496,0.29885395318904,1.3169141077500208,1.0
2021-11-23,4678.47998046875,4699.39013671875,4652.66015625,4690.7001953125,4277590000,4692.96201171875,4682.733984375,4662.512475585938,4520.6763671875,4509.80771346831,4509.80771346831,4684.813474404588,4649.946732584375,4573.029447523774,4503.153516067206,57.247352139077,0.0,47.87496433493925,53.76585980928997,-5.890895474350721,-0.14538683427470778,5.4501953125,33.972133091517854,6.955415554314275,10.941445260257392,4747.798748306428,4577.226202865448,0.03658382606676982,4161975500.0,1.0277787555452933,-3.681745513498913,42512660000,0.6045607357440858,3.761026322500924,4.011090790056613,-1.1199786235492566,9.622950065780248,-0.09523848251960944,1.0043712392356188,1.0
2021-11-24,4675.77978515625,4702.8701171875,4659.89013671875,4701.4599609375,3418430000,4695.52001953125,4688.208984375,4670.00146484375,4525.0915625,4512.469550238715,4512.469550238715,4688.142771711171,4654.852754332292,4578.065938245881,4505.126714523627,55.37304979146285,0.0,46.26098547147831,52.26488494172764,-6.00389947024933,-0.005109521343782397,54.75,35.439976283482146,6.547713565018909,10.939381205905661,4739.073072579601,4600.929857107899,0.02958097904500855,4121594500.0,0.8293950314617317,-20.08514139971339,45931090000,0.6736292553776008,3.897565297884516,4.18818140698118,-0.8931626236546567,9.874408739478383,-0.31808492410493916,0.9223389223294918,1.0
2021-11-26,4664.6298828125,4664.6298828125,4585.43017578125,4594.6201171875,3517700000,4673.53603515625,4682.743994140625,4669.911474609375,4527.50896484375,4513.59490047089,4513.59490047089,4669.438240806437,4649.116312699454,4578.715121733788,4506.017196142173,32.1653965078672,0.0,35.946444860829615,49.00119692554804,-13.054752064718421,-1.9343659956779224,-54.64990234375,40.982107979910715,10.354545631673481,11.963884803766035,4739.390218608018,4600.432730610732,0.029755914807552,4090832000.0,0.8598984265303489,2.9039646855427703,42413390000,-1.6122651967010264,1.4822975032157972,1.795137102537865,-3.145347925203832,7.377532288464499,-0.7833753436380613,1.7272034246548356,0.0
2021-11-29,4628.75,4672.9501953125,4625.259765625,4655.27001953125,4336410000,4664.998046875,4679.985986328125,4672.405981445312,4531.954560546875,4515.509429106841,4515.509429106841,4666.6045965513995,4649.702380016768,4581.717274588591,4507.502298862462,43.2708080635094,0.22591422556103907,32.29377482736254,45.65971250591094,-13.365937678548399,0.18421762205322878,-27.580078125,45.11070033482143,11.346970537757525,12.240677623643355,4735.410158334606,4609.401804556018,0.02696862264944077,4082142500.0,1.0622877569805562,23.274014270688227,46749800000,-0.36674813751440066,2.7210215225435683,3.095123432220439,-1.8668471917264242,8.794937140466645,0.7428227348943897,1.0310865141442647,0.0
2021-11-30,4640.25,4646.02001953125,4560.0,4567.0,6625990000,4641.81005859375,4668.406005859375,4670.072485351562,4536.1399609375,4516.195970052083,4516.195970052083,4646.68367724112,4641.8259628723135,4581.140126565509,4508.094315789204,35.81489829293322,0.078301903129576,22.022493045629744,40.9322686138547,-18.90977556822496,-1.7695255209019822,-115.7998046875,49.22572544642857,13.304679974152918,12.880975892458265,4744.6334347770235,4595.511535926101,0.031931388499572035,4214865000.0,1.5720527229223238,52.798974266732166,40123810000,-2.207085343425946,0.6803149666511118,1.124929703777474,-3.7275803562275174,6.732042574523274,-0.32264550645254303,1.886403937088816,0.0
2021-12-01,4602.81982421875,4652.93994140625,4510.27001953125,4513.0400390625,5366730000,4606.27802734375,4649.62001953125,4664.1919921875,4539.316962890625,4516.154444644326,4516.154444644326,4619.954949605396,4629.560636795189,4578.469534898724,4508.143526966053,34.53719351835953,0.05088810218385154,9.419725614266099,34.62976001393698,-25.21003439967088,-3.626211709803384,-187.85986328125,55.531424386160715,13.793382667611068,13.095483329726413,4765.5722427720575,4562.811741602942,0.043471731332830776,4284439000.0,1.2526097349034495,-19.00485814195313,34757080000,-3.240688920571419,-0.5788739592969999,-0.06896144983525088,-4.865057037492368,5.470983488011152,0.7843184632964748,3.1632235156029,0.0
2021-12-02,4504.72998046875,4595.4599609375,4504.72998046875,4577.10009765625,5077180000,4581.4060546875,4638.463037109375,4660.018505859375,4542.946162109375,4516.945946631494,4516.945946631494,4611.383979215567,4624.564394972433,4578.415831477451,4508.829661997796,42.69136437359073,0.22583995424789283,4.548619330911606,28.61353187733191,-24.064912546420302,-2.257190386944241,-111.56982421875,60.737862723214285,14.6057333780607,13.40773072292755,4768.640307945831,4551.396703772919,0.04661861404622246,4322315000.0,1.17464368052768,-5.3952779439248815,39834260000,-1.779357916687797,0.7518014594083716,1.331743875961501,-3.5146701657292514,6.9680846268669825,-0.184134386617945,2.0141047490555444,0.0
2021-12-03,4589.490234375,4608.02978515625,4495.1201171875,4538.43017578125,5240070000,4570.16806640625,4621.85205078125,4652.93701171875,4544.735166015625,4517.221385466747,4517.221385466747,4596.793218528704,4616.361136001844,4576.847766548189,4509.124194473254,35.52385315353412,0.07205738273919887,-2.40439069115655,22.409947363634217,-24.814338054790767,-3.456140950406039,-166.10986328125,66.00282505580357,14.71287639519718,13.490642491605644,4773.830973485448,4532.043049952052,0.05196458127940196,4361203500.0,1.2015192595346675,3.208277035677276,34594190000,-2.460958221637354,-0.1387317413239327,0.4695096499529107,-4.329832623872868,6.064357946789035,0.2706983997377399,2.5118276047180506,0.0
2021-12-06,4548.3701171875,4612.60009765625,4540.509765625,4591.669921875,4770800000,4557.448046875,4611.223046875,4647.644018554687,4547.45896484375,4518.163772003561,4518.163772003561,4595.7685591979625,4614.009591799288,4577.429027541398,4509.945544994664,41.745627660289635,0.20554869563993294,-3.5774599295591543,17.212465904995543,-20.789925834554698,-2.068816991092637,-106.2900390625,69.54638671875,15.34550965025602,13.590259841183801,4769.582517101856,4525.705520007518,0.052473252280233355,4376384500.0,1.0901235940306433,-8.955414717742316,39364990000,-1.2043542159473268,0.972212336011011,1.626903175288032,-3.207538080920077,7.308585414872007,0.21901717160469322,1.5877145023897286,0.0
2021-12-07,4631.97021484375,4694.0400390625,4631.97021484375,4686.75,4492400000,4581.398046875,4611.604052734375,4646.896508789063,4552.331767578125,4520.271099853516,4520.271099853516,4613.96484735837,4620.937249723165,4581.716124500558,4511.7047933031745,48.875188154367706,0.4279101854705401,3.128973080861215,14.395767340168678,-11.266794259307463,-0.3781461931408048,3.81005859375,74.32066127232143,17.160207521777146,14.192140485008602,4767.616951312789,4526.176066265337,0.05195744828635514,4387519000.0,1.023904397906881,-5.835499287331269,43857390000,0.8576367288481441,2.9527336601257,3.682940612829153,-1.2032487923252284,9.530632917921384,0.8776827092199487,1.3400307286052744,1.0
2021-12-08,4690.85986328125,4705.06005859375,4674.52001953125,4701.2099609375,4234600000,4619.03203125,4612.655029296875,4647.694506835937,4559.303369140625,4522.504912953318,4522.504912953318,4631.413870074196,4628.5822698388165,4586.402157302007,4513.590416861725,50.99331805826085,0.48215199645179374,9.501144282548921,13.416842728644728,-3.9156984460958064,0.06917896335905116,10.509765625,75.28138950892857,17.149129158155915,14.133225402889854,4769.686736686338,4525.702276985537,0.05249580396085486,4393395000.0,0.9638559701551989,-5.738580714094921,48091990000,1.1514408707984336,3.1124621528227534,3.9514616661296813,-0.8984326269195884,9.868566170911791,0.08769111391155919,0.6533299447835605,1.0
2021-12-09,4691.0,4695.259765625,4665.97998046875,4667.4501953125,3903840000,4637.10205078125,4609.254052734375,4648.731518554688,4565.463173828125,4524.272538347942,4524.272538347942,4638.621135121857,4632.283977026786,4589.580511733791,4515.121359930888,47.14302048479888,0.41603068333729654,11.692224242189695,13.071919031353723,-1.3796947891640272,-0.3307696935591853,-34.009765625,75.22495814732143,17.08443673399645,14.142455712009722,4771.04070804794,4526.422329061435,0.05262045743234435,4363401000.0,0.8946782567084712,-7.810891229395933,44188150000,0.40266203120355815,2.233881155126243,3.1646558811605106,-1.6100889271879057,9.079591189087086,-0.21717730163798007,0.6275163048022447,1.0
2021-12-10,4687.64013671875,4713.56982421875,4670.240234375,4712.02001953125,3870110000,4671.82001953125,4620.99404296875,4651.8690185546875,4573.5527734375,4526.534556193524,4526.534556193524,4653.300912003736,4639.877885836734,4594.382061059182,4517.080550573678,51.0231463090339,0.6458031975393014,16.83106518252498,13.823748261587975,3.007316920937006,0.4545126171153546,117.39990234375,76.83851841517857,17.39990958262241,14.24900551577666,4777.412947508421,4526.325089600954,0.05397569383530896,4360563000.0,0.8875253034986538,-0.8640210664371484,48058260000,1.2930501855628582,3.0275641925014334,4.09773660258336,-0.670556450586926,10.121200205083285,0.4325689736663215,0.9277807493675673,1.0
2021-12-13,4710.2998046875,4710.2998046875,4667.60009765625,4668.97021484375,4397230000,4687.280078125,4622.3640625,4651.175024414062,4579.791376953125,4528.230218796503,4528.230218796503,4656.434772571739,4642.648583837403,4597.307086697793,4518.5918905166645,49.023272137344115,0.6721116916617316,17.231243150079536,14.505247239286287,2.725995910793248,-0.6910565306031291,13.7001953125,75.60707310267857,17.55544700972587,14.249773003752514,4776.150021539837,4526.200027288287,0.05373910741684853,4393994500.0,1.0007363459376202,13.620284694750273,43661030000,0.38259558791661763,1.9472248962998484,3.1080574362814097,-1.5780468956181157,9.11511446242264,-0.0365069510872139,0.914810740806413,1.0
2021-12-14,4642.990234375,4660.47021484375,4606.52001953125,4634.08984375,4485430000,4676.748046875,4629.073046875,4648.739526367188,4586.463974609375,4529.475626148897,4529.475626148897,4651.965786807392,4641.833465733841,4598.749547758664,4519.7411238821705,46.186566113598474,0.6041614563262263,14.565925708063332,14.517382933041697,0.04854277502163562,0.859042217981254,67.08984375,76.72994559151786,17.747818325191094,13.862108026439508,4773.016132721125,4524.46292001325,0.05346679703134708,4443845500.0,1.0093577735769617,2.005808201981707,39175600000,-0.31513236080654383,1.0384005936660805,2.3096319802928025,-2.3133255738024845,8.299950623448852,-0.556439199079779,1.1711703212784443,0.0
2021-12-15,4636.4599609375,4712.60009765625,4611.22021484375,4709.85009765625,4910130000,4678.47607421875,4648.754052734375,4649.187036132813,4593.746572265625,4531.573003724564,4531.573003724564,4663.5426489771635,4648.311240202642,4603.106432068374,4521.632755462012,50.51967431363855,0.9733015868433997,18.355273599768225,15.284961066387003,3.0703125333812213,1.1724363548410333,196.81005859375,80.9013671875,18.67056552736768,14.200861168669226,4774.316020123437,4524.058052142189,0.05382832870269125,4490720000.0,1.0933948231018633,9.468434464477205,44085730000,1.3048100894193446,2.5274255678706887,3.934110601002292,-0.716298432050513,10.070488535727934,0.051145257589180725,2.198547848271333,1.0
2021-12-16,4719.1298828125,4731.990234375,4651.89013671875,4668.669921875,4829500000,4678.72001953125,4657.91103515625,4648.187036132813,4599.848974609375,4533.148830369972,4533.148830369972,4664.56810355673,4650.250162266676,4605.677549315693,4523.09581184423,54.99263880914631,1.0,17.82993073351372,15.793954999812348,2.035975733701372,2.226186158857013,91.56982421875,78.3349609375,18.916169653397567,14.245275647645622,4772.303010832464,4524.071061433162,0.05340403634140876,4533741500.0,1.065234972042407,-1.6421153818737988,39256230000,0.44066397464135687,1.4961566704800289,2.9895575145713416,-1.5843770753211097,9.10809653338269,0.19702931014445396,1.721882832614557,1.0
2021-12-17,4652.5,4666.7001953125,4600.22021484375,4620.64013671875,7987090000,4660.44404296875,4666.13203125,4643.992041015625,4604.26658203125,4534.143049760299,4534.143049760299,4655.782510189134,4647.43015983354,4606.264317449146,4524.06640214149,47.624737931450234,0.6398073582385123,13.383711373032384,15.311906274456357,-1.9281949014239732,2.384204366123943,82.2099609375,77.62922014508929,19.195413731666715,14.242407469189683,4765.737152778971,4522.246929252278,0.05243123187468734,4721775500.0,1.6915437847479196,65.381302412258,31269140000,-0.5028411782499019,0.3556169999234947,1.9076832382477222,-2.596845573670734,7.985627281326181,-0.34634964873477164,1.4451477834525372,0.0
2021-12-20,4587.89990234375,4587.89990234375,4531.10009765625,4568.02001953125,4635700000,4640.25400390625,4663.767041015625,4637.495043945312,4607.800185546875,4534.523689870084,4534.523689870084,4638.230012057557,4639.86728932856,4604.764541060209,4524.503751568253,50.0735605340868,0.759522307868063,5.550069062848706,13.359538832134827,-7.809469769286121,-0.19838058882849507,-23.64990234375,77.21993582589286,19.558449033454934,14.454598350370492,4760.970066248677,4514.020021641948,0.05325074038173803,4740901500.0,0.977809811066524,-41.96008809215872,26633440000,-1.4981153350183851,-0.863322288592325,0.7386956591713287,-3.7060783311875913,6.755880710725644,-0.7085649045642793,1.2535544009914983,0.0
2021-12-21,4594.9599609375,4651.14013671875,4583.16015625,4649.22998046875,4072430000,4643.28203125,4660.0150390625,4635.809545898437,4613.560986328125,4535.798204210069,4535.798204210069,4640.430005739796,4640.758974199055,4606.508283782113,4525.744808572238,59.45015575374037,1.0,5.827638848313654,11.853158835370593,-6.0255199870569385,2.441368499591978,-37.52001953125,72.96637834821429,20.669531104299868,14.860939816176543,4757.5811503471205,4514.037941449754,0.05253520587635942,4722468000.0,0.8623520582881663,-12.150700002157166,30705870000,0.2894949509344421,0.7731336866755786,2.5008117899379814,-1.9941712940451846,8.653779770996417,0.5897509487932248,1.4832556173287228,1.0
2021-12-22,4650.35986328125,4697.669921875,4645.52978515625,4696.56005859375,3319610000,4640.6240234375,4659.550048828125,4636.1025390625,4620.479189453125,4537.564817994506,4537.564817994506,4651.656016310587,4646.073363189025,4610.03972593159,4527.444462801308,58.486302814360954,0.959715759033696,9.75431498252783,11.433390064802042,-1.6790750822742115,2.2843570749510267,-4.64990234375,70.2099609375,20.995440265505717,14.300211324653201,4758.457038549414,4513.748039575586,0.05278334482725077,4674569000.0,0.7101424751672293,-18.485768938938175,34025480000,1.304059153606977,1.6466012727487136,3.5039772868636727,-0.9964526290522928,9.759896677826504,0.02430257950771628,1.1223722401985696,1.0
2021-12-23,4703.9599609375,4740.740234375,4703.9599609375,4725.7900390625,2913040000,4652.048046875,4665.384033203125,4637.31904296875,4627.718994140625,4539.610744310462,4539.610744310462,4666.48282086097,4653.665427557928,4614.578953897508,4529.418050624802,63.49077546301993,1.0,15.051346692225707,12.156981390286775,2.8943653019389313,0.8329874446578067,58.33984375,65.30071149553571,21.09624388135469,14.335895702148951,4762.852112014587,4511.785973922913,0.054140363379213255,4649299500.0,0.6265546024729102,-12.24752305240676,36938520000,1.907804817265966,2.1192091621390023,4.101217157999247,-0.38028425903548235,10.443009338181906,0.15756004930054462,0.781900223278467,1.0
2021-12-27,4733.990234375,4791.490234375,4733.990234375,4791.18994140625,2770290000,4686.1580078125,4673.301025390625,4647.147534179688,4634.77759765625,4542.315896967406,4542.315896967406,4691.424244970026,4666.763000305386,4621.504874976282,4532.022746055463,64.11911253010466,1.0,24.247003669498554,14.574985846129131,9.672017823369423,1.9139749387157012,79.169921875,64.69573102678571,19.71194690999114,14.283856777392314,4788.400714561388,4505.894353797988,0.06079134752782667,4611929000.0,0.6006792385572285,-4.9003789855271425,39708810000,3.0995875677957923,3.374754029817871,5.479012250226812,-0.006267214458575853,11.971422992949321,0.17352009388311188,1.2146201650876742,1.0
2021-12-28,4795.490234375,4807.02001953125,4780.0400390625,4786.35009765625,2707920000,4729.8240234375,4685.039013671875,4653.7015380859375,4641.077197265625,4544.912005485372,4544.912005485372,4710.409415507271,4678.152247672136,4627.969393512751,4534.553366469402,58.08022829563398,0.6632444665576257,30.789174692497,17.817823615402705,12.971351077094294,2.5474273397316782,117.3798828125,59.310721261160715,19.297986947512666,14.151682586502165,4808.094385727636,4499.308690444239,0.06635270714210874,4530504500.0,0.5977082684720874,-2.2513888437672547,37000890000,2.850388201407319,3.130154794154585,5.312272094145721,-0.42999450368454256,11.858314517105432,0.08975417425191522,0.5644300099637143,1.0
2021-12-29,4788.64013671875,4804.06005859375,4778.080078125,4793.06005859375,2963310000,4758.5900390625,4700.93603515625,4665.004541015625,4647.20919921875,4547.524090254934,4547.524090254934,4726.939544124567,4689.095848712289,4634.443537241417,4537.125572361187,57.546389419994846,0.6334751932352515,36.09920101387797,21.47409909509776,14.625101918780214,1.7198576985367309,158.97021484375,58.98500279017857,17.711631919767225,13.819235731904147,4825.644676389156,4504.364405642094,0.06887030182335374,4347370500.0,0.6816327248850771,9.431223965257463,39964200000,2.7450245000242908,3.138461238188276,5.3993329879215946,-0.29040779694654334,12.015128144531454,0.04784520596647061,0.5437326299258045,1.0
2021-12-30,4794.22998046875,4808.93017578125,4775.330078125,4778.72998046875,3124950000,4775.0240234375,4707.8240234375,4678.289038085937,4652.391201171875,4549.932484944661,4549.932484944661,4737.297631393404,4697.6324326890945,4640.1018291326845,4539.529596322456,59.44425428014709,0.7393087327712394,38.704951004830036,24.920269477044215,13.784681527785821,2.3508345646765516,68.8798828125,58.868582589285715,17.027420733412203,13.733982536831318,4829.693453420043,4526.884622751832,0.06472640493202651,4235281500.0,0.7378376148078941,5.454711116960431,36839250000,2.1469588895667506,2.715566551347877,5.028591001760142,-0.6280023666094036,11.680230288491659,0.024408662956400484,0.7036183280851414,1.0
2021-12-31,4775.2099609375,4786.830078125,4765.75,4766.18017578125,2677820000,4783.10205078125,4717.575048828125,4687.7430419921875,4656.991005859375,4552.161842582152,4552.161842582152,4743.074140270974,4704.160789174061,4645.046078020864,4541.784825968813,54.86072523492921,0.483710395604861,39.30428693714475,27.797072969064324,11.507213968080428,2.850405073811868,97.51025390625,57.080043247767854,16.59324161125055,13.750589467868934,4836.126433948758,4539.359650035617,0.06330696483462148,4115313500.0,0.6506964779232494,-14.308388934222949,34161430000,1.6732387651463176,2.3446291776061914,4.701465822175149,-0.888971110774236,11.386937910955375,-0.0736601470607619,0.4423244636206264,1.0
2022-01-03,4778.14013671875,4796.64013671875,4758.169921875,4796.56005859375,3831020000,4784.17607421875,4735.167041015625,4700.6495361328125,4661.926611328125,4554.6557019292095,4554.6557019292095,4753.771323935529,4712.960719594985,4650.987802749212,4544.319902910354,61.71731086226967,0.8660646618695365,41.7494064596176,30.58753966717498,11.161866792442623,1.8410344095802333,175.919921875,56.655064174107146,16.17763746952469,13.715811714789158,4838.908641900476,4562.390430365149,0.05882553238861892,4044861000.0,0.9471326703192026,43.0648811346543,37992450000,2.040367436961538,2.8879357932936225,5.311144738384449,-0.2572322062357741,12.096924104463756,0.2509338819852646,0.80850863830837,1.0
2022-01-04,4804.509765625,4818.6201171875,4774.27001953125,4793.5400390625,4683170000,4785.6140625,4757.71904296875,4710.7430419921875,4666.8994140625,4557.068675031565,4557.068675031565,4761.725066960924,4720.634940496652,4656.578086526204,4546.799705260127,65.55339003071109,1.0,42.948408442428445,33.05971342222568,9.888695020202768,2.674640085443225,225.52001953125,55.36220005580357,15.86648286011821,13.704906653256932,4844.917726683087,4576.568357301288,0.0569654016340302,4040479500.0,1.15906292805099,22.243423422482778,33309280000,1.7576207475603975,2.713592339667769,5.189111266340454,-0.5204825762367541,12.026345419728642,0.16573767312695104,0.9289398688137962,1.0
2022-01-05,4787.990234375,4797.7001953125,4699.43994140625,4700.580078125,4887960000,4767.11806640625,4762.854052734375,4711.434545898437,4669.581416015625,4558.5037890625,4558.5037890625,4749.4960691937395,4718.724953604114,4658.303654824196,4548.329858223957,49.125122464421956,0.08368641014756369,35.982747488734276,33.6443202355274,2.3384272532068735,1.7300620485675378,51.35009765625,55.139369419642854,16.09702603023514,14.27047422474989,4845.230600260853,4577.638491536021,0.056796312485713145,4060257500.0,1.2038546816304139,4.372892720101973,28421320000,-0.23038562178236238,0.6638424164327958,3.1167307440523038,-2.4496647627702353,9.853845636827991,-0.11577674625172019,2.0908928538588114,0.0
2022-01-06,4693.39013671875,4725.009765625,4671.259765625,4696.0498046875,4295280000,4750.58203125,4762.80302734375,4711.176538085938,4672.006611328125,4560.6671875,4559.8656308013615,4738.806816292492,4716.565415612055,4659.783895995306,4549.799708437525,52.77607802366454,0.2873244493615156,29.75387168112502,32.86623052464693,-3.1123588435219105,2.8027413323242767,-0.51025390625,53.25721958705357,16.063265694436303,14.257603879285902,4845.07547211565,4577.277604056226,0.056843097662441965,4063291500.0,1.0570937379215841,-12.125303807723464,24126040000,-0.32108186301555086,0.5146224172944954,2.98658304679485,-2.5436807533925507,9.747971904091955,-0.15295859844425785,1.1506532005678005,0.0
2022-01-07,4697.66015625,4707.9501953125,4662.740234375,4677.02978515625,4181510000,4732.751953125,4757.927001953125,4711.655517578125,4674.513603515625,4562.956684570312,4561.014298981311,4726.451410065244,4712.800117473407,4660.460205374166,4551.065679350149,56.07477028798428,0.4230298657798238,23.017356351517265,30.896455690021,-7.879099338503735,0.5979442790372991,-48.76025390625,51.597237723214285,15.915533863612538,14.294327141493781,4844.963085013748,4578.347950142502,0.056586296234214385,4077175000.0,1.0255900225033265,-2.648721387197106,19944530000,-0.7348952463246559,0.0538276675188818,2.543633467688328,-2.9383999690328877,9.30346883109488,0.03429162018027535,0.9696006782492356,0.0
2022-01-10,4655.33984375,4673.02001953125,4582.240234375,4670.2900390625,4511810000,4707.49794921875,4745.83701171875,4709.569018554687,4675.991005859375,4565.656884765625,4562.075228496663,4715.219135864696,4708.75153857713,4660.845689048219,4552.251991387088,62.22595803052856,0.797456914628635,16.939510107435126,28.105066573503827,-11.1655564660687,-0.5593459724459682,-120.89990234375,51.972202845982146,15.527512804160507,13.919846464361985,4844.152751975282,4574.985285134093,0.05715331185947737,4109260000.0,1.0979616767982556,7.899060387276369,15432720000,-0.8340249253686824,-0.1219199692585227,2.3720523039576666,-3.0782687681878587,9.14595911639823,-0.46375461356026804,1.9811223443773025,0.0
2022-01-11,4669.14013671875,4714.1298828125,4638.27001953125,4713.06982421875,4101590000,4691.40390625,4738.508984375,4711.773999023438,4678.1448046875,4568.729584960937,4563.527099609375,4714.789273535507,4709.162803876332,4662.893694349024,4553.8521688282,58.403974957255066,0.564810163664083,15.397254343396526,25.563504127482368,-10.166249784085842,-0.2691658905412009,-73.2802734375,51.45361328125,15.520858231320615,13.958133551355544,4844.995196310987,4578.552801735888,0.056548211911335626,4094478000.0,1.0017369735531612,-9.092138188443222,19534310000,0.02750185377271683,0.7465570432162527,3.2769110678048876,-2.190467196039452,10.145734428556285,-0.02462164735235219,1.635520635103441,1.0
2022-01-12,4728.58984375,4748.830078125,4706.7099609375,4726.35009765625,4048220000,4696.55791015625,4731.83798828125,4716.38701171875,4680.398408203125,4571.57638671875,4565.077794828869,4717.101438359656,4710.79968899823,4665.3821807532295,4555.568566129972,54.30778833444423,0.3154724531427238,15.07286204643242,23.46537571127238,-8.39251366483996,-1.3533139896968693,-66.7099609375,50.73789760044643,15.247887537195274,13.954363089949373,4844.576429239298,4588.197594198202,0.05435915975599003,4072617500.0,0.9940093809448101,-1.301202704317106,23582530000,0.2112440288030864,0.9817901265111916,3.532739420345999,-1.9148639504104663,10.45609806112308,0.3292974666213997,0.8948951079855865,1.0
2022-01-13,4733.56005859375,4744.1298828125,4650.2900390625,4659.02978515625,4251730000,4689.15390625,4719.86796875,4713.84599609375,4680.966005859375,4573.37138671875,4565.96413436026,4705.487107718975,4705.86922196566,4665.133067200407,4556.598030995906,41.30408512424553,0.0,9.276656690732125,20.62763190716433,-11.350975216432204,-2.660071033298328,-119.7001953125,54.28501674107143,15.057013565370447,14.229257850655458,4844.570686400938,4583.121305786562,0.055464132861156944,4039697500.0,1.052487222124924,5.027147734065829,19330800000,-1.1628765764287736,-0.46862593481061066,2.0382475213864053,-3.311950893618039,8.882803894300174,0.15254817752657274,2.0179352892345217,0.0
2022-01-14,4637.990234375,4665.1298828125,4614.75,4662.85009765625,4338490000,4686.31796875,4709.5349609375,4713.555004882813,4681.011611328125,4575.137587890625,4566.869610652745,4696.95970570643,4701.772162507621,4665.043538982989,4557.655265490039,30.08878384315865,0.0,4.934507546628993,17.48900703505726,-12.554499488428267,-2.7166352882234235,-103.330078125,53.190708705357146,14.742600472495134,14.214293867524328,4844.728251171036,4582.381758594589,0.05565788291526892,4015147000.0,1.080530799993126,2.04058112815253,23669290000,-1.0757253744580688,-0.38798266656556696,2.101669090346253,-3.232668601030305,8.972085645208425,-0.45158652662583043,1.0917142383119345,0.0
2022-01-18,4632.240234375,4632.240234375,4568.7001953125,4577.10986328125,4748700000,4667.68193359375,4687.58994140625,4711.378491210938,4678.952607421875,4575.946787109375,4566.964427806713,4672.9897372213945,4689.8995625812995,4661.595159543705,4557.848843577514,24.051305900105845,0.0,-5.363371676490715,12.918531292747666,-18.28190296923838,-4.219115078934066,-219.4501953125,57.988560267857146,15.756302539327185,14.727185643135456,4850.261143137288,4572.495839284587,0.05895627030833351,3853227500.0,1.2323954399266588,9.455133007106165,18920590000,-2.849879885052016,-2.17661414178633,0.22214833583474528,-5.012021035748572,6.968312852201615,-0.6564625205651762,1.3907684099668494,0.0
2022-01-19,4588.02978515625,4611.5498046875,4530.2001953125,4532.759765625,4465740000,4631.619921875,4661.5119140625,4709.615478515625,4675.65720703125,4576.574384765625,4566.650623566514,4644.943742902115,4674.933867633081,4656.542791154737,4557.599201010822,20.475497922576523,0.0,-16.908289152350335,6.953167203728066,-23.8614563560784,-4.897431518479866,-260.7802734375,61.943533761160715,15.60873249359625,14.86305998267807,4856.807219367508,4562.423737663742,0.06250690381129578,3844729500.0,1.161522546644699,-5.958683429149025,14454850000,-3.7552049354646324,-3.056200125008338,-0.7421381825580807,-5.932411034911569,5.931838906234648,0.23857679193157272,1.795717757885717,0.0
2022-01-20,4547.35009765625,4602.10986328125,4477.9501953125,4482.72998046875,4640870000,4582.8958984375,4639.726904296875,4701.290478515625,4671.277802734375,4576.3079833984375,4565.887708629261,4612.500990415443,4656.628735522192,4649.726602500385,4556.854233642245,18.94152558524624,0.0,-29.751745373510857,-0.3878153117197183,-29.363930061791137,-6.542815565557792,-217.85009765625,68.41207449776786,14.503891415517883,14.999155590336999,4878.612783391533,4523.968173639717,0.07543558760568038,3873151500.0,1.1982154583935072,3.9216344883490795,9813980000,-4.648946901827751,-4.036322184804693,-1.821282814365937,-6.970670618351216,4.762629105645393,0.321886285302354,2.7726897922786153,0.0
2022-01-21,4471.3798828125,4494.52001953125,4395.33984375,4397.93994140625,5589100000,4530.6779296875,4609.91591796875,4686.35947265625,4665.5316015625,4574.999482421875,4564.374665681306,4569.588780613605,4631.99170751115,4639.852615790811,4555.272996903578,16.448015859598414,0.0,-46.23910882956534,-9.558074015288843,-36.681034814276494,-8.252775494363451,-298.10986328125,73.99065290178571,15.010702160440667,15.477277615721935,4909.681601030842,4463.037344281657,0.09530729756333117,3986626000.0,1.4019624614899917,20.432160349244867,4224880000,-6.154447453996143,-5.735502039395319,-3.646386120018772,-8.730303812096103,2.781062637698329,-0.2531961038407926,2.25648480679555,0.0
2022-01-24,4356.31982421875,4417.35009765625,4222.6201171875,4410.1298828125,6928110000,4480.13388671875,4583.225927734375,4670.57646484375,4660.8,4573.873979492188,4562.997480119978,4537.697001053384,4610.862009920803,4630.843881164211,4553.828786813119,13.583542930345686,0.0,-57.657200441308305,-19.177899300492737,-38.479301140815565,-6.179028768473971,-266.89990234375,85.15206473214286,14.770210130258436,15.46524616909482,4924.66373616656,4416.48919352094,0.10880338786244892,4187379500.0,1.6545216405630299,23.957524467266644,11152990000,-5.576326262757435,-5.378263757026694,-3.3501573904761037,-8.477328040821464,4.4406022900751,-0.9463548329900996,4.611591264772617,0.0
2022-01-25,4366.64013671875,4411.009765625,4287.10986328125,4356.4501953125,5145050000,4436.001953125,4551.841943359375,4648.8394775390625,4654.943603515625,4572.197583007813,4561.169628042036,4501.447639905207,4586.632313291441,4620.083344464144,4551.864820728536,12.399610201955724,0.0,-70.22807691271555,-29.387934822937304,-40.84014208977825,-7.2316015267985145,-313.83984375,90.83419363839286,13.589952311289426,15.497003515914523,4932.1802216389915,4365.4987334391335,0.12189740922176127,4306117500.0,1.1948234111122142,-25.736600602473114,6007940000,-6.289511256287632,-6.4123958016954115,-4.488310004322622,-9.591333423991852,3.1693610699258987,-0.9861329994665602,2.8900566184445764,0.0
2022-01-26,4408.43017578125,4453.22998046875,4304.7998046875,4349.93017578125,5570640000,4399.43603515625,4515.527978515625,4627.018481445312,4648.285205078125,4570.3273828125,4559.316650390625,4471.144147080416,4564.089252576186,4609.4891025550105,4549.855520778812,14.565823013408263,0.04347524765221359,-79.7968497584734,-39.46971781004453,-40.32713194842887,-6.993746552847158,-363.1396484375,94.41775948660714,13.573237092814466,15.486106344209007,4932.151368679225,4321.8855942114,0.13189179531377201,4449253500.0,1.2520392465837247,8.271834092963148,437300000,-5.988484955813489,-6.418604197757273,-4.592496873219709,-9.726642275336944,3.0149541057589992,1.1931728388558183,3.448015761839244,0.0
2022-01-27,4380.580078125,4428.740234375,4309.5,4326.509765625,5214200000,4368.1919921875,4475.5439453125,4603.690966796875,4641.159404296875,4568.238178710937,4557.292242697011,4442.217270789332,4541.462634771311,4598.391873655794,4547.633174956386,14.03017819086746,0.03272501517714468,-88.25268057877201,-49.22631036379003,-39.02637021498199,-7.361004789041104,-399.84033203125,99.09563337053571,13.375692609553019,15.501760643565248,4926.215906277827,4281.166027315922,0.14011580786247116,4561798000.0,1.1430142237775545,-6.398546666092231,-4776900000,-6.020847254322331,-6.779548196094422,-5.064026285385497,-10.212682045783092,2.460312449482107,0.704606766205052,2.7669157529875856,0.0
2022-01-28,4336.18994140625,4432.72021484375,4292.4599609375,4431.85009765625,5031090000,4374.9740234375,4452.8259765625,4586.34697265625,4635.778408203125,4567.356381835937,4556.210844894936,4440.143836162716,4531.023345522258,4591.860823616597,4546.481104535489,29.56839262956929,0.3445723633344075,-85.46867333202499,-56.47478295743702,-28.99389037458797,-5.966805862230473,-227.1796875,105.88494001116071,16.922208595865975,16.309940932614392,4906.537851297477,4266.156094015023,0.1396278478493674,4657105000.0,1.0803041803867424,-3.511756357638751,254190000,-3.3686259657437274,-4.399009024806247,-2.729477442380158,-8.026572133206411,4.954979957044036,0.2237409899813694,3.267596091347496,0.0
2022-01-31,4431.7900390625,4516.89013671875,4414.02001953125,4515.5498046875,5098610000,4396.0580078125,4438.095947265625,4573.815454101563,4632.316005859375,4567.371181640625,4555.863314636752,4455.225029867674,4529.549674966567,4588.868234638986,4546.173330407649,38.570962827895805,0.5688884688474118,-75.63656939168777,-60.307140244287176,-15.329429147400596,-4.460107453175843,-147.30029296875,106.46212332589286,18.71313005421539,16.728820753113524,4883.827991380948,4263.802916822177,0.1355597051915954,4778144500.0,1.067069026480886,1.3420551013796134,5352800000,-1.2738959409001345,-2.5206872981933515,-0.8848709270915921,-6.289566413815871,6.937154642627608,-0.001355158510026355,2.330531278343055,0.0
2022-02-01,4519.56982421875,4550.490234375,4483.52978515625,4546.5400390625,4816830000,4434.0759765625,4435.03896484375,4561.314453125,4629.156005859375,4567.903784179687,4555.784303826801,4473.488031706639,4531.167804880466,4587.208305400693,4546.176979249986,37.48218966710735,0.5985127624936489,-64.5992433983547,-61.16556087510069,-3.4336825232540136,-2.414445738298221,-30.56982421875,105.82645089285714,18.745069981436295,16.76969184425861,4853.138196598698,4269.490709651302,0.12795598570222108,4827435000.0,0.9978031811924967,-5.526604309802085,10169630000,-0.3239069398598009,-1.7846874612197874,-0.20291269620767632,-5.646431374710772,7.671064715401127,0.08902613646464268,1.493476176748906,0.0
2022-02-02,4566.39013671875,4595.31005859375,4544.31982421875,4589.3798828125,4481580000,4481.96591796875,4440.7009765625,4551.1064453125,4626.984404296875,4569.211782226563,4556.066619616597,4496.666401927811,4536.711812302565,4587.293465299194,4546.606858887424,40.142211639088586,0.9598029893889903,-51.79816862126063,-59.29208242433268,7.493913803072054,-1.575650370589421,56.6201171875,106.46003069196429,19.220620560788905,16.869988958443795,4822.2793709408725,4279.9335196841275,0.1191679117537109,4817355500.0,0.9302987915257656,-6.9599715995789735,14651210000,0.8409699478556576,-0.8127220279682292,0.7311847252731071,-4.7573834168276665,8.685596985913154,0.43659788511052255,1.1220652671330442,0.0
2022-02-03,4535.41015625,4542.8798828125,4470.39013671875,4477.43994140625,4401970000,4512.151953125,4440.17197265625,4539.949438476562,4622.874404296875,4569.298881835937,4555.411397298177,4492.8211098235,4531.066872217201,4582.985483970059,4545.918630852786,37.719638882835035,0.9126767991911894,-50.10822594658566,-57.455311128783286,7.347085182197624,-2.1775732908352885,-5.2900390625,108.25645228794643,19.90775652125338,17.586730120742615,4803.482078992286,4276.416797960838,0.1160949671739761,4793056000.0,0.918405710260844,-1.7763824365513936,10249240000,-1.3768765030847567,-3.1459747804406293,-1.7116227074062247,-7.080453895178351,6.034637669193747,-1.1759699118527935,1.6215530161078338,0.0
2022-02-04,4482.7900390625,4539.66015625,4451.5,4500.52978515625,4706290000,4525.887890625,4450.43095703125,4530.1734375,4619.07099609375,4569.873681640625,4554.957830255682,4494.36284489005,4528.158578211397,4579.751927153831,4545.467000547348,39.30160769386234,0.9696998874769862,-46.37123801404505,-55.23849650583564,8.867258491790594,-0.7110454146097012,102.58984375,110.95504324776786,20.084746300118773,17.619505350282225,4783.637887728794,4276.708987271205,0.11190055026620367,4813606500.0,0.9777055935087341,6.9132683775673165,14955530000,-0.6543602083391457,-2.566343124791716,-1.1949187484876624,-6.60127431288173,6.581450858853325,0.11949010430656207,1.980459536111423,0.0
2022-02-07,4505.75,4521.85986328125,4471.47021484375,4483.8701171875,4228480000,4519.551953125,4457.80498046875,4520.515454101563,4614.71919921875,4569.905380859375,4554.375144082992,4492.26429934954,4523.940629542454,4575.99185617476,4544.85409623531,43.23898491478051,1.0,-44.24392767108202,-53.03958273888492,8.795655067802898,0.025433981607592138,73.740234375,107.82931082589286,20.08066599677964,17.560361336975934,4764.97910268546,4276.051805517665,0.1081574218984652,4815955000.0,0.8780148485606697,-10.15258303249481,10727050000,-0.8106450975809312,-2.835472243975367,-1.548072450445623,-6.9470095558266305,6.1869169555798695,0.11599111866712741,1.1269145497206627,0.0
2022-02-08,4480.02001953125,4531.31982421875,4465.39990234375,4521.5400390625,4459620000,4514.551953125,4474.31396484375,4513.077954101563,4613.25759765625,4570.38328125,4554.108192009655,4498.1194472921325,4523.712001877697,4573.856490797809,4544.622115566924,49.17847458984509,1.0,-39.06801921666829,-50.245270034441596,11.177250817773306,2.8104089483479644,165.08984375,106.72719029017857,20.422760879602237,17.654921811204108,4747.187264545767,4278.968643657358,0.10374707143334042,4813345500.0,0.9265115084716026,5.466266838201905,15186670000,0.18750141360281247,-1.9881300068816241,-0.7151378837309327,-6.16525210330126,7.079015245967646,-0.08586550358566067,1.4762378133344938,0.0
2022-02-09,4547.0,4590.02978515625,4547.0,4587.18017578125,4524350000,4514.11201171875,4498.03896484375,4506.783471679688,4611.89580078125,4571.925180664062,4554.3749015562,4515.931592989957,4529.756589868512,4574.37898824814,4545.045578852639,57.47707390458774,1.0,-29.331350470356483,-46.06248612162457,16.73113565126809,4.0146276339561915,237.25,102.75076729910714,20.87343805241452,17.84953174189448,4724.443774295266,4289.12316906411,0.09659230534741249,4834483500.0,0.9358497138318912,1.4514689592386887,19711020000,1.7839042990809166,-0.5359103082036897,0.7203024549832482,-4.803033561013216,8.633503570682729,0.5630816208094198,0.9463335200406862,0.0
2022-02-10,4553.240234375,4588.919921875,4484.31005859375,4504.080078125,5314860000,4519.4400390625,4515.79599609375,4495.669970703125,4610.63740234375,4573.388681640625,4553.97254296875,4513.561290016965,4527.311207797701,4571.622168243311,4544.637961929976,57.61647646644546,1.0,-27.99771351097752,-42.44953159949517,14.451818088517648,3.388765536017102,177.5703125,103.13860212053571,21.64376938355231,18.22379119661151,4687.263642642745,4304.076298763504,0.08523475841784493,4897815500.0,1.085149083300504,17.472344093626702,14396160000,0.18707128140368892,-2.3111191559887865,-1.0955811519062115,-6.527595689491468,6.665528821592599,-0.7398868172966333,2.3327972846296663,0.0
2022-02-11,4506.27001953125,4526.330078125,4401.41015625,4418.64013671875,5251500000,4503.062109375,4514.475,4483.65048828125,4608.749404296875,4574.03318359375,4552.898476252481,4494.5770593573225,4516.961581980659,4565.622872889406,4543.384252226382,50.552592514620926,0.8437776755579359,-33.449500808703306,-40.64952544133679,7.200024632633486,1.5795646863494772,-13.2099609375,98.15216936383929,22.058562512611623,18.58723842351202,4661.781988522482,4305.518988040018,0.07945824533237268,4947804000.0,1.061379957653941,-1.1921292376468995,9144660000,-1.4499424460585135,-4.124964299444881,-2.9488542350331404,-8.300716195536237,4.642141942472681,0.0486212804449438,2.838179525205434,0.0
2022-02-14,4412.60986328125,4426.22021484375,4364.83984375,4401.669921875,4600390000,4486.6220703125,4503.08701171875,4470.591479492187,4605.24080078125,4574.093481445312,4551.70770023376,4475.995631860858,4505.981423875358,4559.193345398645,4541.974159387065,53.083217919352265,0.8959934950559166,-38.693402572990635,-40.258300867667565,1.5648982946769294,1.7372006610770319,-113.8798828125,93.68648856026786,22.023417226436802,18.593475746268066,4630.801215777893,4310.381743206482,0.07167272474822678,4960899000.0,0.9273299053256274,-12.398552794439688,4544270000,-1.5416653016351225,-4.420417687425065,-3.2962964285042875,-8.652896164719095,4.240253674696106,-0.13647351336418262,1.406245665156314,0.0
2022-02-15,4429.27978515625,4472.77001953125,4429.27978515625,4471.06982421875,4430830000,4476.52802734375,4495.539990234375,4465.289477539062,4603.89359375,4574.314379882812,4551.077716827393,4475.010470332437,4502.656509622348,4555.737521038649,4541.268643614246,57.607361135471336,0.9997908670537586,-36.82474761362391,-39.57159021685884,2.7468426032349242,0.8849515596937918,-75.47021484375,88.16291155133929,22.140387101838545,18.88592676590132,4617.474161973481,4313.104793104643,0.06816341256257905,4945005500.0,0.8960212481057908,-3.685774466947367,8975100000,0.1294506595544032,-2.885031263788644,-1.757998821088403,-7.212651848795374,5.883780689150208,0.6272588306550914,0.981880497157752,0.0
2022-02-16,4455.75,4489.5498046875,4429.68017578125,4475.009765625,4283640000,4454.0939453125,4484.102978515625,4462.4019775390625,4601.560390625,4574.509677734375,4550.488042787064,4475.01032939095,4500.023486384505,4552.571726708702,4540.609351295945,59.55943276072123,1.0,-34.6267491416711,-38.58262200182129,3.955872860150194,-0.8977874415296294,-114.3701171875,83.92215401785714,21.91526385220193,18.888865870756153,4611.353638676417,4313.450316401708,0.0667585134136656,4935900500.0,0.8678537989167326,-3.3219509662975155,13258740000,0.2825336701937031,-2.75016764438924,-1.6586853201757963,-7.130886917955595,5.97708629791698,-0.3426433677185281,1.3515564675206144,0.0
2022-02-17,4456.06005859375,4456.06005859375,4373.81005859375,4380.259765625,4539420000,4429.3298828125,4474.3849609375,4457.278466796875,4595.4305859375,4573.881176757813,4549.178594501202,4456.06021663776,4488.617417740743,4545.8143949014975,4539.013833030563,46.633053606903104,0.41449305517874,-40.06846829735787,-38.87979126092861,-1.1886770364292545,-3.6572926227168345,-97.18017578125,81.13211495535714,22.852308653190313,19.349859233607756,4610.280321252449,4304.276612341302,0.06865258950963621,4930828000.0,0.9206202284890084,5.971090007563662,8719320000,-1.7279311074145913,-4.682277673194438,-3.713172067598784,-9.097217479313544,3.73321880876409,-0.42345621627047775,1.8805114739354887,0.0
2022-02-18,4384.56982421875,4394.60009765625,4327.22021484375,4348.8701171875,4708060000,4415.37587890625,4459.218994140625,4454.824975585938,4588.3837890625,4573.843579101563,4547.649522155296,4434.622196747709,4475.308151021386,4538.091089893106,4537.1218557584925,38.32479878952215,0.03816641049074351,-46.37932029415151,-40.3796970675732,-5.999623226578315,-5.240572185486836,-151.65966796875,78.59709821428571,21.9871435414894,19.380706390596842,4613.3088201915025,4296.341130980373,0.07115154713108317,4886776000.0,0.9634286490725174,3.715012049997579,4011260000,-2.378429208310294,-5.22000083005126,-4.371036158335859,-9.748641490215263,2.989849820639076,0.09839732856882329,1.5571170281874132,0.0
2022-02-22,4332.740234375,4362.1201171875,4267.10986328125,4304.759765625,5121900000,4395.99384765625,4441.307958984375,4449.556469726563,4581.12998046875,4573.296577148438,4545.8094482421875,4408.649710523167,4459.065447650301,4528.9408418825915,4534.809795160149,33.3699854645305,0.0,-54.31395522774619,-43.166548699607795,-11.147406528138397,-3.8566720724570014,-179.1103515625,80.60065569196429,22.207200682900368,19.45175186613061,4620.789235649906,4278.323703803219,0.07696621768410371,4796465500.0,1.0678488149242396,8.790032412501114,-1110640000,-3.254182862645203,-6.032795751747496,-5.302678991755773,-10.664056079656817,1.945229411074979,-0.37089824202272365,2.226571542575438,0.0
2022-02-23,4324.93017578125,4341.509765625,4221.509765625,4225.5,4797430000,4346.8798828125,4411.703955078125,4443.008959960937,4571.399580078125,4572.476176757813,4543.401106526081,4372.019768418534,4436.821119302654,4517.041201024451,4531.732085755571,26.165886296182578,0.0,-66.23430344235476,-47.78009964815719,-18.454203794197568,-6.111053548925716,-296.0400390625,85.52992466517857,22.732662062494967,19.263727059490098,4637.646686171398,4248.371233750477,0.08761527512749913,4779084500.0,1.0038387059278822,-6.334953825728729,-5908070000,-4.8955327779228615,-7.566601300519293,-6.996985277602986,-12.308920453635768,0.09452150051841086,0.46856064576048406,2.8425849201425177,0.0
2022-02-24,4155.77001953125,4294.72998046875,4114.64990234375,4288.7001953125,6752130000,4309.61796875,4381.85595703125,4439.9474609375,4563.7941796875,4571.792778320312,4541.5003534573225,4355.355853797328,4422.714364636925,4508.086651780845,4529.313857989968,36.79439113765859,0.31828020581050476,-69.77718970018395,-52.179517658562546,-17.597672041621408,-4.352711313534208,-298.47998046875,89.89351981026786,23.4638809821767,19.32263708795397,4642.514326032432,4237.380595842568,0.09124741537016283,4838159000.0,1.3955990284734339,40.74473207529865,844060000,-3.406510256161097,-6.027747386141698,-5.566445854229044,-10.997337598472074,4.230014633070216,-1.650218446781446,4.376558939374755,0.0
2022-02-25,4298.3798828125,4385.33984375,4286.830078125,4384.64990234375,5177060000,4310.49599609375,4369.912939453125,4442.854467773437,4558.805380859375,4572.634677734375,4540.338498263889,4361.214663506612,4419.089177751861,4503.245994940175,4527.874415645229,42.64235551769081,0.4934027968249782,-64.10366595439154,-54.56434731772835,-9.539318636663197,-3.027511324374621,-119.43017578125,90.63277762276786,24.733999679447553,19.550663866949456,4640.167489701902,4245.541445844972,0.0888226356994986,4836302000.0,1.07045837915002,-23.327009402958765,6021120000,-1.3100713933323298,-3.820199898131978,-3.429008563561295,-9.006109722072194,6.561919152494725,0.22570212556661776,2.297962919679961,0.0
2022-02-28,4354.169921875,4388.83984375,4315.1201171875,4373.93994140625,6071370000,4315.5099609375,4365.442919921875,4439.958959960937,4552.087177734375,4572.916875,4539.114979463465,4363.75971908654,4414.789250480851,4498.175169311393,4526.342729334394,42.96698744762031,0.5031241940498652,-59.78242724310803,-55.607963302804286,-4.174463940303745,-4.648612572508837,-44.7001953125,92.29921177455357,23.148345000602585,19.414797778066557,4639.637371112453,4240.280548809421,0.0899460616425486,4888316000.0,1.2420166781361925,17.274476247136406,-50250000,-1.486928576368372,-3.9135286599847254,-3.6389260638808256,-9.228371711542971,6.301630642130829,-0.6951519767281162,1.7084049704402873,0.0
2022-03-01,4363.14013671875,4378.4501953125,4279.5400390625,4306.259765625,5846230000,4315.8099609375,4355.901904296875,4429.494458007813,4544.838974609375,4572.343974609375,4537.415306369754,4352.259728394232,4404.4531090660075,4490.649075049181,4524.15284909848,36.736312253539936,0.3165409810120745,-61.114548517465664,-56.70928034573656,-4.405268171729105,-4.392024765739744,-95.41015625,94.65565708705357,22.536264364183037,19.413538820694168,4634.361991675192,4224.626924340433,0.09250154192969451,4925697000.0,1.1868838054797117,-3.7082240087492613,-5896480000,-2.782138990150991,-5.249453507973426,-5.094432075024105,-10.632926835941387,4.656771969156037,-0.24691250525099329,2.3112333416015383,0.0
2022-03-02,4322.56005859375,4401.47998046875,4322.56005859375,4386.5400390625,5337870000,4348.01796875,4347.44892578125,4421.494458007813,4540.15697265625,4572.21177734375,4536.322007331295,4359.115790527886,4402.747102399007,4486.566367755586,4522.78356740658,37.85736195321915,0.350111829824724,-55.057646808430945,-56.37895363827543,1.321306829844488,-0.7264700600870255,-84.52978515625,96.56497628348214,23.523477382327997,19.75365458319686,4619.49832252594,4223.490593489685,0.08956422603200181,4951749000.0,1.077976690660209,-8.695518308379935,-558610000,-0.7905566608142274,-3.383515911871117,-3.301837215848601,-8.966884037689894,6.60785590929324,0.37852553853968945,1.8257680819980293,0.0
2022-03-03,4401.31005859375,4416.77978515625,4345.56005859375,4363.490234375,5039890000,4362.9759765625,4336.29697265625,4410.199975585938,4536.066376953125,4571.93328125,4535.07861328125,4359.990679297309,4399.008353063387,4481.7398527210535,4521.198559117709,40.82467301537124,0.43897064765957555,-51.52350428430418,-55.40786376748119,3.8843594831770076,-0.8673909715550931,-111.51953125,94.17996651785714,23.172992870719195,19.610158321067576,4593.074068979163,4227.325882192713,0.08293233613241238,4979664500.0,1.0120942886814965,-5.582376490997342,-5598500000,-1.059129778003593,-3.8045330080474735,-3.7835811358097104,-9.445232696163382,6.047667187662984,0.33671229259785074,1.6389078876416945,0.0
2022-03-04,4342.1201171875,4342.1201171875,4284.97998046875,4328.8701171875,5797380000,4351.82001953125,4331.1580078125,4402.771484375,4529.6591796875,4571.610083007812,4533.605695452009,4353.766566875347,4392.328521075207,4475.744961131502,4519.284843277607,43.725097357939326,0.5258264820839939,-50.92914550931255,-54.512120115847466,3.5829746065349184,-3.1804403111977186,-51.3896484375,90.864990234375,21.768585447315054,19.14900620689382,4586.21435940328,4219.32860934672,0.08333063647718268,5049435000.0,1.1481244931363608,15.029891525410278,-11395880000,-1.6785192565584799,-4.43276314033526,-4.515954673118006,-10.163698073087653,5.206280483832362,-0.4897482528813526,1.3334983355628005,-1.0
2022-03-07,4327.009765625,4327.009765625,4199.85009765625,4201.08984375,6940470000,4317.25,4316.37998046875,4387.799487304687,4519.749775390625,4570.114482421875,4531.247427000221,4323.231222250278,4374.115313710902,4464.974172214581,4516.118723879323,37.86011416790886,0.35019424738683097,-60.07638884575135,-55.62497386182825,-4.451414983923101,-6.121102214773444,-147.7802734375,95.69639369419643,23.781247288840113,20.002746165132514,4585.937772221603,4189.6612023877715,0.0903132814023036,5161144000.0,1.3447541862811812,19.71735508108836,-18336350000,-4.255199994778664,-7.050388793107114,-7.2862404573831085,-12.815500255661075,2.100784840941458,-0.04297545345871187,3.027719204542852,-1.0
2022-03-08,4202.66015625,4276.93994140625,4157.8701171875,4170.7001953125,7243120000,4290.1380859375,4302.9740234375,4372.1409912109375,4508.647978515625,4568.183486328125,4528.708361988336,4292.725016862722,4354.742445292007,4453.434016257636,4512.681723595076,30.919459727382304,0.14235006264601607,-68.98264673289668,-58.29650843604195,-10.686138296854736,-4.784181339131122,-134.0595703125,99.122802734375,23.81989841334711,20.00335321718223,4587.0965417792995,4157.1854406425755,0.09832965176579381,5311876000.0,1.3635709869733406,4.360655690464776,-25579470000,-4.607371910086667,-7.495545999898338,-7.905304074794783,-13.446171437419174,1.362212929387337,0.03737869358676459,2.863721589728064,-1.0
2022-03-09,4223.10009765625,4299.39990234375,4223.10009765625,4277.8798828125,5662670000,4268.4060546875,4308.21201171875,4359.957983398437,4498.38177734375,4566.5796875,4526.954316679415,4289.7559900526785,4347.42220124634,4446.549540436258,4510.345386870871,38.92963613748988,0.6236207310731153,-66.62441049937297,-59.962088848708156,-6.662321650664815,-1.6323834113700975,52.3798828125,104.03923688616071,25.64973839665756,20.643117463661127,4566.724843662313,4153.191123134561,0.09484809764277055,5372028500.0,1.0541027472210915,-21.820016788345352,-19916800000,-1.8825433845571165,-4.901804814384931,-5.502031088522543,-11.221889695065142,3.967044204071224,1.256381420142423,1.8067249869318778,-1.0
2022-03-10,4252.5498046875,4268.27978515625,4209.7998046875,4259.52001953125,4980830000,4247.61201171875,4305.293994140625,4343.574975585938,4487.84517578125,4564.461186523437,4525.09713406033,4283.708795948393,4339.050564892522,4439.215049420376,4507.849612071472,42.583184412134685,0.9349678671901336,-65.48214145566453,-61.06609937009944,-4.4160420855650955,-1.0509238275038024,-29.18017578125,101.67354910714286,24.83423582566041,20.59088820748759,4524.89431578346,4162.255635388416,0.08348852786779061,5394852500.0,0.9232560111699069,-12.040963008616078,-24897630000,-1.9351560989999728,-5.0876344282588315,-5.868981519315588,-11.602908800841139,3.520837024432635,-0.592117563346512,1.3891392270870957,-1.0
2022-03-11,4279.5,4291.009765625,4200.490234375,4204.31005859375,4938640000,4222.7,4287.260009765625,4328.586474609375,4476.07017578125,4561.6396875,4522.8848094019395,4267.829048477465,4326.21813572121,4430.0030889958025,4504.829318007018,41.372430968432305,0.8660152565378616,-68.24517949956044,-62.50191539599164,-5.743264103568798,-0.5014777282274285,-180.33984375,103.32638113839286,24.493864900544622,20.690720633809022,4503.487388391819,4153.685560826931,0.080812022496664,5376041500.0,0.9186387419070333,-0.8470475804233435,-29836270000,-2.871062337430602,-6.071399833226867,-7.043618492028644,-12.748671687202984,2.1790470241205355,0.46906647643714444,2.154975400471764,-1.0
2022-03-14,4202.75,4247.56982421875,4161.72021484375,4173.10986328125,5574920000,4217.10400390625,4267.177001953125,4316.3099609375,4463.9577734375,4558.174487304687,4520.489090592894,4248.8852114382225,4311.636395488833,4419.928844850134,4501.528626915219,42.019956988941786,0.9028919714558664,-72.12113452184894,-64.4257592211631,-7.695375300685839,-2.695229947702782,-200.830078125,102.67204938616071,23.8420395024522,20.38543422593326,4498.895557101538,4133.724364773463,0.08460263410942793,5392212500.0,1.0338835867466276,12.883708875317911,-35411190000,-3.317650932213111,-6.515471805914517,-7.684549621733142,-13.396164009770853,1.4207760641847211,-0.03710617371240706,2.0628395217150173,-1.0
2022-03-15,4188.81982421875,4271.0498046875,4187.89990234375,4262.4501953125,5392470000,4235.45400390625,4262.796044921875,4309.348974609375,4453.883173828125,4555.43708984375,4518.733723958333,4251.598208213079,4306.951995472039,4413.753211534932,4499.149737048526,52.212718526203254,1.0,-67.20909405508792,-64.98242618794808,-2.226667867139838,-2.7869889216452615,-43.8095703125,101.09633091517857,25.314345813650384,20.87964419369332,4488.8210480622265,4129.876901156523,0.08329428621831227,5431816500.0,0.9927562906442071,-3.272692702316804,-30018720000,-1.0883031189444532,-4.298114051139064,-5.671578462059346,-11.542099363492085,3.592050271022118,0.37645692186851526,1.9854796982424368,-1.0
2022-03-16,4288.14013671875,4358.89990234375,4251.990234375,4357.85986328125,6309750000,4251.45,4259.92802734375,4303.6884765625,4445.109169921875,4553.517890625,4517.6467384132175,4272.850539226713,4311.800363834821,4411.561315524984,4497.743867657807,53.9877124434737,1.0,-54.983686055929866,-62.98267816154444,7.998992105614576,-0.3676337201792945,-28.68017578125,95.869873046875,25.996946640715468,21.34903058608096,4468.202061231811,4139.174891893189,0.07645236664560515,5525762500.0,1.1418786095131668,17.010386705906576,-23708970000,1.258719979704909,-1.9628158343332318,-3.5369493097658884,-9.56207882548715,5.910830002789908,0.6027036148012177,2.5143441559306554,0.0
2022-03-17,4345.10986328125,4412.669921875,4335.64990234375,4411.669921875,4985090000,4281.87998046875,4264.74599609375,4300.521484375,4437.471767578125,4552.185590820312,4516.935484610948,4300.61441575637,4321.311750314838,4411.565574597534,4496.887410485839,51.6375372046488,0.8981207953740893,-40.48623994590889,-58.48339051841734,17.997150572508446,2.4478355228693793,48.1796875,94.33489118303571,26.433461420322963,21.405325715512134,4453.158535456779,4147.884433293221,0.07098536846582533,5560835000.0,0.8964642899852271,-20.993858710725465,-18723880000,2.584533943239987,-0.5814537433599705,-2.330464163027887,-8.445367873282901,7.218597610505431,-0.29257480506497724,1.776435396446904,0.0
2022-03-18,4407.33984375,4465.39990234375,4390.56982421875,4463.1201171875,8278430000,4333.6419921875,4278.17099609375,4304.664501953125,4432.722568359375,4551.1519921875,4516.576715494792,4333.115556042596,4334.817309064615,4413.587321365768,4496.551417517696,55.1503967396791,1.0,-24.562171259900424,-51.69914666671396,27.136975406813534,1.7457968568176385,134.25,94.41420200892857,25.58973792647194,21.22126973923421,4470.354548331237,4138.974455575013,0.07698163064876938,5747785500.0,1.4402816528208995,66.06380225833435,-10445450000,3.681021254094944,0.6857534700028722,-1.1835644930794773,-7.377630760556735,8.46901250687835,-0.09815054620314109,1.7043363645472858,0.0
2022-03-21,4462.39990234375,4481.75,4424.2998046875,4461.18017578125,4869820000,4391.2560546875,4304.180029296875,4310.280004882812,4428.02517578125,4550.015893554688,4516.209850993378,4358.728479990327,4346.851867799533,4415.4537078134335,4496.199464863602,59.68228334129822,1.0,-11.960891447030917,-43.75149562277735,31.79060417574643,2.2388027968221813,260.09033203125,91.45277622767857,25.416867653704617,21.101531962202614,4489.3507064443465,4131.209303321278,0.0830900551048553,5755873500.0,0.8460609844882797,-41.174594699719634,-15315270000,3.5009366149645427,0.7487536471413604,-1.2184924312147132,-7.417890033109274,8.421865326625056,-0.016137025776573853,1.2985149706995922,0.0
2022-03-22,4469.10009765625,4522.0,4469.10009765625,4511.60986328125,4754840000,4441.08798828125,4338.27099609375,4320.622509765625,4424.71677734375,4549.615190429688,4516.179587916324,4389.304756648512,4362.543105464458,4419.2245374396225,4496.35280216129,58.11963048410994,0.945671089940132,2.0710936365230737,-34.586977770917265,36.65807140744034,4.221419011122407,340.90966796875,88.99560546875,25.272413308755436,21.198534738946822,4520.979502968687,4120.265516562564,0.09274450278875665,5737520500.0,0.8287273221943172,-2.3610728938646575,-10560430000,4.420366581064381,1.9638112518845396,-0.10118562705745072,-6.371331344655649,9.647478409071624,0.17752974690409246,1.183681304687996,0.0
2022-03-23,4493.10009765625,4501.06982421875,4455.81005859375,4456.240234375,4550670000,4460.7640625,4356.10703125,4332.159521484375,4420.43578125,4548.213393554687,4515.787827435662,4402.69185219381,4371.4666415511765,4420.676133397873,4495.953672133566,55.77889355508799,0.8642904521960177,8.624261482837028,-25.94472992016641,34.56899140300344,6.073433325987776,178.3603515625,87.89418247767857,24.67743222554669,21.109596734810758,4535.996770816006,4128.322272152744,0.09410422138000499,5725182500.0,0.794851517833711,-4.293940490111126,-15111100000,2.864176913968077,0.8099756426022567,-1.3186534739050495,-7.520407793092672,8.301807933566264,-0.41026964178897385,1.0157471936603137,0.0
2022-03-24,4469.97998046875,4520.580078125,4465.169921875,4520.16015625,4131390000,4482.462109375,4382.171044921875,4343.73251953125,4416.577587890625,4547.361196289063,4515.81621918121,4426.185513005048,4385.62792866535,4424.577467627369,4496.194532672039,61.49871089237242,1.0,18.759252720173208,-17.003933392098485,35.7631861122717,8.37892786756196,260.64013671875,86.88201032366071,24.638762933004827,21.345798214505752,4562.887622014812,4124.577417047687,0.10090635254272633,5594145500.0,0.7385202976933654,-9.213588328751587,-10979710000,4.061659780510366,2.345313000803553,0.0961938408905801,-6.19388857554729,9.85527963570526,0.3083259737157559,1.2409417159813785,0.0
2022-03-25,4522.91015625,4546.02978515625,4501.06982421875,4543.06005859375,4305020000,4498.45009765625,4416.046044921875,4351.65302734375,4412.911787109375,4546.65509765625,4515.991985887097,4449.560422122789,4400.621464849007,4429.223843743697,4496.660856313051,73.52222630480503,1.0,28.31276509912368,-7.940593693854053,36.253358792977735,6.198869137178931,338.75,80.87772042410714,23.568909616491954,21.37610940261765,4587.824286221304,4115.481768466197,0.10854323972686422,5550543500.0,0.7756033260526649,4.202701754131177,-6674690000,4.39849018401255,2.949260664229754,0.5993826559312582,-5.718650814801874,10.411825220074565,0.060838552284427146,0.9988727723259369,0.0
2022-03-28,4541.08984375,4575.64990234375,4517.68994140625,4575.52001953125,4312260000,4521.31806640625,4456.287060546875,4361.73203125,4411.241591796875,4546.103798828125,4516.3735758463545,4474.7523416044805,4417.27847005684,4434.960948676543,4497.4455246037805,77.76621974360812,1.0,38.064456694750334,1.2604163838668248,36.80404031088351,7.418676248756673,402.41015625,76.51273018973214,23.586305415535065,21.434053065896517,4618.2381505888825,4105.225911911117,0.11761663371391134,5462588000.0,0.7894170309018362,0.16817575760390557,-2362430000,4.901447102883629,3.7240859362558325,1.3096003395558717,-5.0450147914573735,11.200712773278312,-0.04336757204041578,1.2829557072139048,0.0
2022-03-29,4602.85986328125,4637.2998046875,4589.66015625,4631.60009765625,5085910000,4545.31611328125,4493.20205078125,4377.999047851563,4410.616591796875,4545.8141015625,4517.107502736863,4506.121892814835,4437.690053637736,4442.672287852218,4498.780395977437,76.09020260074033,0.9539477147262282,49.74451239138307,10.957235585370075,38.787276806013,10.163142896397591,369.14990234375,71.73273577008929,22.847908271059367,21.59217451813134,4659.718349511494,4096.279746191632,0.1286977446000957,5424572000.0,0.93756889944497,17.940708584361786,2723480000,5.792624599339236,5.010263333030885,2.534644013896435,-3.8811945117684146,12.563649583359194,0.5975242952341163,1.0379776893203387,0.0
2022-03-30,4624.2001953125,4627.77001953125,4581.31982421875,4602.4501953125,4385570000,4574.55810546875,4517.661083984375,4388.7945556640625,4411.1233984375,4545.0380029296875,4517.64764636076,4525.387553314368,4453.3814957019995,4448.938088144778,4499.811936269329,74.89802502135927,0.9211899937110907,56.003315814128655,19.966451631121792,36.03686418300686,10.288258543322094,244.59033203125,70.46132114955357,22.403810329295567,21.57705799324208,4687.9026659181545,4089.6864454099705,0.13630535968837776,5376957000.0,0.8156230373424969,-13.770200416444645,-1662090000,4.868207817399408,4.337371222550044,1.8771395113130172,-4.486137454661452,11.855207722311771,-0.1597698891900146,1.01390422617834,0.0
2022-03-31,4599.02001953125,4603.06982421875,4530.41015625,4530.41015625,4823020000,4576.60810546875,4529.535107421875,4397.140551757812,4411.07640625,4543.366806640625,4517.727913718553,4526.392073901495,4460.717558611333,4452.133071207728,4500.116396169634,73.11129152037252,0.8697786044045137,54.52193856127542,26.877549017152518,27.6443895441229,6.286524150644168,118.740234375,69.18561662946429,23.178100482015747,21.797454297773744,4702.525020163547,4091.756083352077,0.13890139048825892,5366113500.0,0.8987920214509066,9.974758127221772,-6485110000,3.0308243032829933,2.7053204027687494,0.2807216984656327,-5.98117207682519,10.104389529457375,-0.074529340583491,1.6038209668171255,0.0
2022-04-01,4540.31982421875,4548.7001953125,4507.56982421875,4545.85986328125,4562940000,4577.16806640625,4537.80908203125,4407.9900390625,4412.33900390625,4541.808403320312,4517.90373840332,4530.285631777446,4468.826349532277,4455.8086316812,4500.5715550463665,77.02069791576703,0.9714673012414815,53.972437986048135,32.29652681093164,21.675911175116497,4.314044184487509,82.73974609375,65.99138532366071,22.887273162014456,21.464282465523972,4718.536519427778,4097.443558697221,0.14090162528195102,5304391500.0,0.8602193107352653,-5.392471936670384,-1922170000,3.127725403119845,3.0260788950439697,0.6187853149746407,-5.660546946486682,10.479870005267715,0.21873666239863424,0.9124732993099823,0.0
2022-04-04,4547.97021484375,4583.5,4539.2099609375,4582.64013671875,4547350000,4578.59208984375,4549.955078125,4427.067553710937,4416.0330078125,4540.7823046875,4518.305827833851,4540.756532765707,4479.665757835751,4460.782416192476,4501.388157849076,75.12519512047467,0.89892239613706,55.86088598068727,37.009398644882765,18.851487335804507,3.8754081305132138,121.4599609375,62.159249441964285,19.470957367244285,21.536510796880535,4730.903291086893,4123.231816334982,0.1372627517830708,5184735500.0,0.8770649920328626,-0.34166568046040124,2625180000,3.514122635815796,3.7727781611120634,1.4238591041930788,-4.897252215982637,11.373755859725213,0.04642359478667972,0.9757213137008672,0.0
2022-04-05,4572.4501953125,4593.4501953125,4514.169921875,4525.1201171875,4800620000,4557.29609375,4551.306103515625,4444.788549804687,4418.3328125,4539.56640625,4518.34789134838,4537.6292496500655,4483.994744440679,4463.30546329032,4501.624296747966,63.95465081699413,0.47140201554287436,52.115356373074974,40.03059019052121,12.084766182553764,1.3891627016991537,13.51025390625,60.185721261160715,19.982236101073674,21.66983196684139,4726.180258958835,4163.396840650539,0.12661646600332108,5062610500.0,0.9482499196807654,5.569617469515209,-2175440000,1.807320336674796,2.416914008500807,0.14988278906296099,-6.090955353652325,9.975823571525288,-0.22235962463214876,1.7562536370932673,0.0
2022-04-06,4494.169921875,4503.93994140625,4450.0400390625,4481.14990234375,4986830000,4533.03603515625,4553.7970703125,4454.95205078125,4420.826806640625,4537.885205078125,4518.1196828268785,4526.333380188802,4483.723807098114,4464.005245213984,4501.420571430511,55.893533287000714,0.032859142344389046,45.07932194797286,41.040336542011545,4.038985405961313,0.44763326688554983,24.90966796875,60.047154017857146,18.877688939912034,21.75142710079249,4725.432658591881,4184.47144297062,0.12142918923816341,5028818500.0,0.9916504244486056,3.8788739787777304,-7162270000,0.5880613587727708,1.3645206732033006,-0.8182558913534002,-7.003461709712912,8.907197664404876,-0.6839640608642338,1.2112228625049677,0.0
2022-04-07,4474.64990234375,4521.16015625,4450.2998046875,4500.2099609375,4821490000,4526.99599609375,4551.80205078125,4466.986547851562,4423.83240234375,4536.058803710937,4518.010477205602,4521.108696338542,4485.293916987579,4465.425037987456,4501.408525554959,53.32901502176394,0.0,40.57349541216081,40.9469683160414,-0.3734729038805895,-0.2526792583847026,-19.9501953125,59.763602120535715,18.723172250038257,21.68038366872786,4721.820600523673,4212.152495179451,0.11409662865211719,5020851500.0,0.9602932888973116,-3.3155331142228683,-2340780000,0.7437544915356185,1.7265020834262443,-0.39399015026436274,-6.607911570249442,9.37042197379006,-0.1450520545318143,1.5922601773449692,0.0
2022-04-08,4494.14990234375,4520.41015625,4474.60009765625,4488.27978515625,4083200000,4515.47998046875,4546.3240234375,4481.185034179687,4427.067802734375,4534.113603515625,4517.830291193181,4514.542914102084,4485.578285384596,4466.321302582311,4501.277891322136,52.38948523168965,0.0,35.62921848660062,39.88341835015325,-4.254199863552628,0.7189816772915414,-54.7802734375,58.932163783482146,17.906005020057446,21.670734842832974,4704.032348947843,4258.337719411531,0.09945909979990368,4978079500.0,0.820235996632838,-15.312486389062308,-6423980000,0.1583230980744719,1.3826755123124106,-0.6540862345922029,-6.8554964698910705,9.080478088784085,-0.1346616857069386,1.02377994891085,0.0
2022-04-11,4462.64013671875,4464.35009765625,4408.3798828125,4412.52978515625,4266290000,4481.45791015625,4530.025,4493.156030273438,4426.681396484375,4531.22990234375,4517.195950795369,4494.140288312918,4478.6212853628485,4464.211831310701,4500.394825589143,41.63711656997974,0.0,25.30673122598546,36.96808092531969,-11.661349699334231,-2.381118530610693,-162.990234375,60.29502650669643,18.957415767342177,21.748633479964553,4666.559444564403,4319.752615982473,0.07718557429238096,4912648000.0,0.8684298162620241,4.483983150470228,-10690270000,-1.7944234425413719,-0.3196889511715043,-2.317060556575804,-8.427523277520248,7.239495215445288,-0.5712578017595089,1.2696322987492084,0.0
2022-04-12,4437.58984375,4471.0,4381.33984375,4397.4501953125,4152090000,4455.92392578125,4506.610009765625,4499.906030273438,4424.319404296875,4528.317705078125,4516.478910343376,4474.8022697128345,4470.890705358053,4461.593727938222,4499.370500909774,44.67568189054374,0.08410298218478714,15.727986390664228,32.720062018388596,-16.99207562772437,-3.205105400396613,-234.14990234375,62.713623046875,17.765602347866764,21.751637082008514,4643.432817780472,4356.379242766404,0.06379101543074336,4850629000.0,0.8559900169648101,-2.6767988111450425,-14842360000,-2.2768438778867592,-0.6073071704154104,-2.635431658017561,-8.740467429103452,6.87300984726948,0.5679295056104104,2.046409533328043,0.0
2022-04-13,4394.2998046875,4453.919921875,4392.7001953125,4446.58984375,3828150000,4449.0119140625,4491.023974609375,4504.342529296875,4422.320400390625,4525.738203125,4516.062903994605,4469.159784520268,4468.576337585858,4461.005340322998,4498.845320241518,43.15382448360157,0.04198022592293173,11.96400741908019,28.568851098526913,-16.604843679446724,-2.8178256292376247,-155.8603515625,62.490757533482146,16.454581838758507,21.57650082477583,4634.218227517138,4374.466831076612,0.05766688362420635,4726549000.0,0.8099249579344253,-7.801854006054787,-11014210000,-1.2821557235322012,0.548794324292546,-1.538354573917782,-7.720680700902485,8.067270588857957,-0.07164130314331214,1.3936695845491176,0.0
2022-04-14,4449.1201171875,4460.4599609375,4390.77001953125,4392.58984375,4083090000,4427.487890625,4477.241943359375,4503.388525390625,4418.384599609375,4522.684501953125,4515.332294170673,4453.845796366215,4461.3395286491095,4458.322379673076,4497.788051818716,36.76392896504862,0.0,4.570986772750075,23.769278233371548,-19.198291460621473,-5.160425098600319,-137.8203125,64.25718470982143,16.527203372192655,21.62789844833107,4636.3735334775765,4370.403517303673,0.059059975543823084,4681449000.0,0.8721850862841826,6.659613651502694,-15097300000,-2.460340275237832,-0.5838051278210494,-2.718348117571198,-8.841333474657938,6.754886758359012,0.05690368409077532,1.5871917931536292,0.0
2022-04-18,4385.6298828125,4410.31005859375,4370.2998046875,4391.68994140625,3910490000,4408.169921875,4461.824951171875,4499.8170166015625,4416.669599609375,4519.772001953125,4514.604986213235,4441.414625374222,4454.70623462598,4455.709342878298,4496.732349227547,32.878810479249964,0.0,-1.345143969291712,18.746393792838894,-20.091537762130606,-4.579305477784523,-154.169921875,62.975062779017854,15.928634899716224,21.51532391484746,4640.943107478708,4358.690925724417,0.06272525765224538,4463052000.0,0.8761918973832257,-4.22719068156715,-19007790000,-2.402921603176084,-0.5655767912848679,-2.722609069505409,-8.860008994243724,6.733016067896687,-0.1584477764843669,0.9155036426410785,0.0
2022-04-19,4390.6298828125,4471.02978515625,4390.6298828125,4462.2099609375,4108120000,4418.10595703125,4449.78193359375,4499.868505859375,4415.903203125,4517.487099609375,4514.298582556652,4445.573692486878,4455.420875227077,4455.964269076699,4496.388842876403,34.63691752558145,0.03982854264806691,-0.3394312379805342,14.92922878667501,-15.268660024655544,-1.505386774272821,-120.43017578125,64.30507114955357,17.002342609081783,21.40847195589356,4640.935982355762,4358.801029362988,0.06269848832813668,4424967000.0,0.9283956241933555,5.0538423573516456,-14899670000,-0.8368810082525444,1.0486361607684296,-1.1538585821598863,-7.396519077706983,8.4468926115871,-0.0241378286694475,1.831170116581276,0.0
2022-04-20,4472.259765625,4488.2900390625,4448.759765625,4459.4501953125,4290450000,4430.50595703125,4443.21494140625,4497.260522460938,4415.4148046875,4515.067001953125,4513.9796965843025,4448.348993052003,4455.804619997118,4456.100972066338,4496.021294144424,36.37834257679578,0.07927916771974672,0.23223625080208876,11.989830279500426,-11.757594028698337,-1.9008431972731055,-65.669921875,63.53721400669643,16.47651619842447,21.402653517517713,4639.339007219967,4355.1820377019085,0.06318445820491754,4401747500.0,0.9747151557421229,4.438283204969662,-19190120000,-0.8407413126190817,0.9973103903681098,-1.2080138799264997,-7.453792022199042,8.379820911916418,0.22522034542248565,0.8885683992861424,0.0
2022-04-21,4489.169921875,4512.93994140625,4384.47021484375,4393.66015625,4636890000,4419.92001953125,4434.465966796875,4494.131518554687,4412.85720703125,4513.05740234375,4513.28420791185,4437.411225691602,4449.886099640249,4453.65231262256,4495.002775359405,36.816720862667275,0.08921028556109299,-4.570730926799115,8.677718038240519,-13.248448965039634,-4.12382327284514,-87.48974609375,67.52364676339286,16.73678551760695,21.474158667243522,4642.6253346476105,4345.637702461764,0.06608343146160477,4406058500.0,1.0523895676827713,8.074677481383063,-23827010000,-2.2356124178804384,-0.4350254241325219,-2.650487896422462,-8.819121462215158,6.78089899574014,0.6664437376997628,2.9301083202153375,0.0
2022-04-22,4385.830078125,4385.830078125,4267.6201171875,4271.77978515625,4651940000,4395.7580078125,4411.62294921875,4481.7125,4406.54919921875,4509.2225,4511.896251459231,4404.284937584533,4432.923593498916,4446.52005664349,4492.781651078777,28.07640271090267,0.0,-18.004301983090954,3.3413140339742244,-21.34561601706518,-5.59853275648976,-228.43017578125,73.588623046875,18.393701612437514,22.241042177808172,4659.664372063928,4303.760627936072,0.07941244426719833,4432086000.0,1.0496050843778753,0.32457099478313545,-28478950000,-4.684207539947055,-3.0583889562924558,-5.321852563106325,-11.348483979484692,3.818791064654057,-0.17821310357519757,2.7699269778352296,0.0
2022-04-25,4255.33984375,4299.02001953125,4200.81982421875,4296.1201171875,5240040000,4376.64404296875,4392.406982421875,4469.365502929688,4402.39,4506.513701171875,4510.663244977679,4382.651973505126,4419.894690993066,4440.622019802078,4490.824819895779,26.61596079340903,0.0,-26.382323452244236,-2.6034134632694674,-23.778909988974767,-4.129069305614497,-192.15966796875,77.43934849330357,18.430718337251896,22.24851794521399,4662.973718034883,4275.757287824493,0.08663789747259833,4478837000.0,1.1699555040739371,12.642037515531147,-23238910000,-3.8762859208678453,-2.4139134154970443,-4.756354357179253,-10.843353227541193,4.41034399403902,-0.38484992750272756,2.3376435891478122,0.0
2022-04-26,4278.14013671875,4278.14013671875,4175.0400390625,4175.2001953125,4689970000,4319.24208984375,4368.6740234375,4449.34951171875,4397.521201171875,4503.135302734375,4508.757204922763,4341.161617866601,4396.5904533092025,4430.213320802487,4487.684276367588,24.119881837157735,0.0,-42.29168078189741,-10.541066926995057,-31.750613854902355,-7.222102267363828,-237.32958984375,80.425048828125,20.154382438733105,22.418658935135817,4676.599116324751,4222.09990711275,0.10214958568998356,4497722500.0,1.0427432995254822,-10.497438950847704,-27928880000,-6.161559474799464,-5.055598272047663,-7.397981183064766,-13.352783706272886,1.4715782485955824,-0.4185167075943115,2.4694397345085344,0.0
2022-04-27,4186.52001953125,4240.7099609375,4162.89990234375,4183.9599609375,4769680000,4264.14404296875,4347.325,4426.967504882812,4393.167001953125,4499.203901367187,4506.92219224488,4309.721286480781,4376.339930226183,4420.556326297978,4484.662143875747,26.81209278439279,0.09217017602747292,-53.575535781974395,-19.147960697990925,-34.42757508398347,-6.780322056240884,-213.490234375,80.62004743303571,19.34363228264193,22.050503767184352,4666.483934935119,4187.451074830506,0.10820790068512005,4481911000.0,1.0642067635881212,1.6995844323097975,-23159200000,-5.48925519957583,-4.762100801599735,-7.1659153970553335,-13.17099378691911,1.684470373877258,0.27112051372910867,1.869131144612491,0.0
2022-04-28,4222.580078125,4308.4501953125,4188.6298828125,4287.5,4854180000,4242.91201171875,4331.416015625,4411.219995117188,4389.49560546875,4496.694599609375,4505.689483299684,4305.277029184625,4367.878984490356,4415.338431149037,4482.700331498873,35.33660869483262,0.39677694452001033,-53.54601124676992,-26.027570807746727,-27.518440439023195,-2.8335170807651022,-159.08984375,84.45075334821429,21.98502819288266,22.615082928946165,4643.461203782111,4178.978786452265,0.10529568188482659,4505341500.0,1.0774277599156468,1.7716073195686022,-18305020000,-2.8046661752108135,-2.323629287649281,-4.842532626990882,-11.022245046731358,4.200845801189371,0.9230517870167761,2.860608739666093,0.0
2022-04-29,4253.75,4269.68017578125,4124.27978515625,4131.93017578125,5084030000,4214.94208984375,4305.350048828125,4391.29599609375,4382.634013671875,4492.097202148438,4503.6014424755585,4270.60765850395,4345.407669375203,4404.224381918928,4479.210081193226,29.495372014511062,0.2615072224575303,-65.32279696174555,-33.88661603854649,-31.43618092319906,-6.038044951919719,-260.65966796875,92.83719308035714,24.67005373053692,23.677631096105543,4647.607112222198,4134.984879965301,0.1167359778782613,4518392000.0,1.1251856855270637,4.735094289869757,-23389050000,-5.906361596740846,-5.720391826206354,-8.252756631368488,-14.250759028645998,0.4199694712217671,-0.7871720116618075,3.525473493537283,0.0
2022-05-02,4130.60986328125,4169.81005859375,4062.510009765625,4155.3798828125,5163790000,4186.79404296875,4281.71904296875,4371.771997070313,4378.136416015625,4486.783500976562,4501.666878255209,4247.56210336566,4327.3097849406595,4394.465774110833,4475.9878901645625,34.25578640798757,0.49309219512281754,-71.9345721380887,-41.49620725845493,-30.438364879633767,-6.549062791271753,-236.31005859375,94.79434640066964,24.77986456341777,23.23435962729988,4637.81346075625,4105.730533384376,0.12170875510626863,4548434500.0,1.1352895155465028,1.5688341728903987,-18225260000,-4.94975754460263,-5.087930389474881,-7.692417160305859,-13.764111265158533,2.2860220116044183,-0.03195389185758349,2.6412254633266827,-1.0
2022-05-03,4159.77978515625,4200.10009765625,4147.080078125,4175.47998046875,4582050000,4186.85,4253.046044921875,4351.413989257812,4374.66861328125,4481.526201171875,4499.864740698377,4233.145678786278,4312.8498035623825,4385.878095928791,4472.997761709878,36.4927301802554,0.6500412748385223,-74.69154407702626,-48.135274622169206,-26.55626945485706,-4.942639103675139,-286.72998046875,92.17719377790179,24.588551894283146,23.23071416630263,4611.766786629532,4091.061191886092,0.1196635383415342,4550169500.0,1.0070064422874796,-11.26575635337611,-13643210000,-4.043145727420664,-4.5532279224025,-7.208766905719992,-13.346977372728311,2.7807924271340436,0.10588447910500061,1.2784903723205099,-1.0
2022-05-04,4181.18017578125,4307.66015625,4148.91015625,4300.169921875,5136360000,4210.0919921875,4237.118017578125,4340.166479492187,4374.57681640625,4477.8533984375,4498.767516419128,4246.550527404022,4311.6421957826315,4382.516991063936,4471.278081711522,41.840353174356984,1.0,-66.05360318678322,-51.718940335092014,-14.334662851691206,-2.0839362694613284,-159.2802734375,99.14364188058036,27.174358851351755,24.058581017509955,4588.06034759946,4092.272611384914,0.11423242370015149,4566956500.0,1.1246789847899799,12.097423642256189,-8506850000,-0.9215443187761512,-1.7008935413408972,-4.414488942122642,-10.759308322796477,5.850075729981675,0.1365159296455322,3.8263060423435746,-1.0
2022-05-05,4270.43017578125,4270.43017578125,4106.009765625,4146.8701171875,5077030000,4181.966015625,4212.439013671875,4323.452490234375,4373.00421875,4472.201899414063,4496.844579811304,4226.614445360718,4295.949616868809,4373.2759371864295,4468.050141766009,37.671103332301094,0.7647212784174822,-70.76228231409368,-55.527608730892354,-15.234673583201328,-7.066898386909337,-246.7900390625,108.03437151227679,29.63035908375456,25.06049560831866,4576.348980891891,4070.5559995768585,0.11698821311382412,4571466500.0,1.1105910980644833,-1.155098162901358,-13583880000,-4.084290817251518,-5.171138426825929,-7.782667521911329,-13.940712977226404,2.076551373881831,-0.6915946726305783,4.004384293791921,-1.0
2022-05-06,4128.169921875,4157.68994140625,4067.909912109375,4123.33984375,5116940000,4180.24794921875,4197.59501953125,4304.608984375,4369.69701171875,4466.745595703125,4494.814662767493,4205.959525038574,4279.510590857494,4363.47452175755,4464.6201885519195,36.83461103027522,0.717516422174754,-75.52206945655507,-59.5265008760249,-15.995568580530175,-7.537035662284075,-148.43994140625,111.58935546875,29.47869960963511,24.855090278129406,4558.212209391802,4051.005759358197,0.1178286928904992,4586239000.0,1.1157159493868505,0.786089505084675,-18700820000,-4.211047769564573,-5.637854691253516,-8.264519160146488,-14.429032721577489,1.4973460702410528,-0.45094721522609177,2.207030913580887,-1.0
2022-05-09,4081.27001953125,4081.27001953125,3975.47998046875,3991.239990234375,5954520000,4147.419970703125,4167.107006835938,4279.756994628906,4361.828813476563,4460.317097167968,4492.092637510557,4163.015618077734,4252.056247941006,4348.877089148798,4459.909937822392,28.21055741913389,0.2308446262029673,-88.92847710552451,-65.40689612192482,-23.52158098359969,-9.159109983578972,-304.880126953125,116.40792410714286,31.113637558143292,25.42583488355693,4554.139388303048,4005.3746009547644,0.1282233519419404,4679805000.0,1.2723863494312262,16.368767271064357,-24655340000,-6.741434262660699,-8.49617990731765,-11.149650901984659,-17.17047841148442,0.3964303642089208,-1.020285152641925,2.661063307631756,-1.0
2022-05-10,4035.179931640625,4068.820068359375,3958.169921875,4001.050048828125,5885820000,4112.533984375,4149.6919921875,4259.1830078125,4354.371015625,4453.229096679687,4489.45262359291,4130.622504227812,4228.150895644541,4335.2368130577925,4455.344167782648,28.929556797403322,0.2714191326361054,-97.6360741266626,-71.85273172287238,-25.78334240379023,-6.337633256959252,-174.150146484375,121.4879150390625,30.95534470239343,25.188301773041506,4552.68822496865,3965.677790656351,0.13782230846515908,4760781500.0,1.2363138278872912,-1.1537453900566264,-18769520000,-6.0606214504258045,-8.114167707093314,-10.878889158962012,-16.96689194159943,1.0833321408498935,1.1009095297140912,2.7954875275278632,-1.0
2022-05-11,3990.080078125,4049.090087890625,3928.820068359375,3935.179931640625,5816140000,4039.535986328125,4124.813989257813,4236.069494628906,4346.949418945313,4445.8941967773435,4486.488598502256,4091.533989710375,4200.24889907274,4319.548307904179,4450.168404238946,28.9274272729823,0.27129895951088207,-108.60019995445782,-79.20222536918948,-29.397974585268344,-8.40153849755878,-248.780029296875,120.9022216796875,31.22448304039933,25.370651241702134,4555.399623347675,3916.7393659101376,0.15076718128617148,4843984000.0,1.2006934787563295,-1.1838622316006964,-24585660000,-7.103036514622615,-9.472608204504803,-12.288199440553052,-18.33388322926181,0.1618771837496187,-0.2741772926919026,3.0612249336598714,-1.0
2022-05-12,3903.949951171875,3964.800048828125,3858.8701171875,3930.080078125,6286450000,3996.177978515625,4089.0719970703126,4210.244006347656,4337.820219726563,4438.988596191406,4483.528978713015,4059.2432073933,4174.518535172955,4304.27504399127,4444.993396018907,32.406194579466415,0.46761243449060236,-116.359543832702,-86.63368906189199,-29.725854770810017,-5.870859018034547,-357.419921875,119.46578543526786,30.651443755370806,25.10742570724244,4541.219378775361,3879.2686339199504,0.15722384352484275,4966899000.0,1.2656689817932678,8.086290907715421,-30872110000,-6.654339458716916,-9.399655148162523,-12.344046469102583,-18.439719617929065,1.8453578061704934,-0.7936099749250815,2.745102281852155,-1.0
2022-05-13,3963.89990234375,4038.8798828125,3963.89990234375,4023.889892578125,5183340000,3976.28798828125,4078.26796875,4191.809008789062,4331.028212890625,4433.547294921875,4481.097025876323,4052.172544430265,4160.172950163924,4293.279547857421,4440.803311407556,36.918914644907694,0.7222738359606674,-113.62936316745618,-92.03282388300482,-21.596539284451353,-3.8258030634573337,-108.040283203125,120.222900390625,32.305620177026576,25.649939310586678,4521.088343119446,3862.5296744586785,0.15710607694194856,5021911500.0,1.0321448317040234,-17.547423426576202,-25688770000,-4.005886619806805,-7.091579763861865,-10.203017936412264,-16.492900566588713,4.276375477257526,0.8605377892168824,1.8915709860487726,-1.0
2022-05-16,4013.02001953125,4046.4599609375,3983.989990234375,4008.010009765625,4415030000,3979.6419921875,4063.5309814453126,4172.625012207031,4324.611010742187,4427.135095214844,4478.6070942125825,4043.3400374973376,4145.681241554562,4282.092507147939,4436.496910396193,41.064213192339466,0.9483546357410855,-111.46218249263438,-95.91869560493075,-15.543486887703637,-6.518716973396499,-147.369873046875,116.03646414620536,32.26869174643177,25.326836690132414,4497.55005632513,3847.699968088933,0.15574131064618982,5047138500.0,0.8747590342527751,-14.822681900087586,-30103800000,-3.945118527541405,-7.320912798634054,-10.507666212896417,-16.822453061417228,3.86485909214338,-0.27013346132865035,1.5680252926401037,-1.0
2022-05-17,4052.0,4090.719970703125,4033.929931640625,4088.85009765625,4841410000,3997.202001953125,4054.8679931640627,4153.957019042969,4322.366215820312,4421.057995605469,4476.566481665167,4052.44204952912,4140.268751659484,4274.514373442383,4433.037738130124,45.28032611871912,1.0,-102.04524267359147,-97.1440050186629,-4.901237654928579,-1.042613894530653,-86.6298828125,116.38645717075893,32.638748417967825,25.674507415755354,4450.490061420604,3857.4239766653327,0.14277135801754356,5083803000.0,0.9523205364173238,9.657465521185582,-25262390000,-1.567347016068033,-5.4025065555382366,-8.661021468058184,-15.144792529467901,5.959775102157848,1.0975519054890632,1.4078092585857862,-1.0
2022-05-18,4051.97998046875,4051.97998046875,3911.909912109375,3923.679931640625,5103220000,3994.902001953125,4017.218994140625,4127.168505859375,4317.425810546875,4413.03689453125,4473.686864217122,4026.689625951421,4119.641244991021,4260.756160038392,4427.969501249631,32.98665174266695,0.27979842068094996,-106.6803572818717,-99.05127547130466,-7.62908181056703,-5.575902990969206,-376.489990234375,120.13288225446429,35.110269794516356,26.90633240646167,4403.621693013619,3850.7153187051313,0.13396748243342183,5124441500.0,0.9958587682189366,5.407722130536352,-30365610000,-4.930464407495246,-9.119922291296435,-12.294265317846428,-18.572540764413436,1.6795023539263612,-0.9017233771576547,3.580605676163094,-1.0
2022-05-19,3899.0,3945.9599609375,3876.580078125,3900.7900390625,5113550000,3989.043994140625,3992.610986328125,4102.525,4309.884013671875,4404.1328955078125,4470.718486884715,4001.509708573637,4098.7982729978285,4246.63984156875,4422.7239344617,37.6598838497565,0.5535708536491307,-110.92210110049564,-101.42544059714287,-9.496660503352771,-6.578643477902935,-246.080078125,113.43000139508929,34.96759714143066,26.68758153614452,4366.545970119033,3838.5040298809663,0.12871144971403384,5148274500.0,0.993255118778146,0.2024212164084549,-35479160000,-4.917336541215462,-9.49199498899835,-12.748028074103871,-19.047570794203068,1.0863263235600407,-0.6289996144080354,1.7897188092153955,-1.0
2022-05-20,3927.760009765625,3943.419921875,3810.320068359375,3901.360107421875,5130730000,3964.538037109375,3970.4130126953123,4084.004016113281,4302.720815429688,4395.282995605468,4467.783649877175,3981.479788343285,4079.994638181071,4233.0994598375,4417.53623469016,36.09877854856479,0.4621164626338827,-112.93585959524535,-103.72752439676337,-9.208335198481976,-9.274280358652254,-221.979736328125,115.27284458705357,34.016055076472576,26.476152922639677,4349.994989435535,3818.013042791027,0.13025989801811985,5172214000.0,0.9919794501928961,0.33597011860644344,-30348430000,-4.472177499600675,-9.328067639632136,-12.677953697934132,-19.035740262940777,2.3893016184779325,0.6913976510667785,3.4931410256287037,-1.0
2022-05-23,3919.419921875,3981.8798828125,3909.0400390625,3973.75,4420030000,3957.68603515625,3968.664013671875,4067.8855102539064,4298.109614257813,4387.0898950195315,4465.250143980368,3979.933830674628,4069.876101211445,4222.928892785049,4413.120451260407,39.557945977915,0.664765220811506,-107.45187998125039,-104.47239551366079,-2.9794844675896,-4.174717613410905,-17.489990234375,117.23711286272321,34.81168195907848,26.343866819575158,4318.373359768568,3817.397660739245,0.12315383453307983,5131213500.0,0.8614005244568366,-13.851830051474156,-25928400000,-2.3141140530287623,-7.546564498537626,-11.007225309492743,-17.53344519054198,4.289139198508163,0.46291072743498723,1.863369088628447,-1.0
2022-05-24,3942.93994140625,3955.679931640625,3875.1298828125,3941.47998046875,4923190000,3928.21201171875,3962.7070068359376,4056.199499511719,4293.477016601562,4378.717395019531,4462.577847227758,3972.243060633453,4057.6478992359503,4211.891680537352,4408.42751125253,29.46893468881028,0.07371964388169855,-104.50503848011431,-104.4789241069515,-0.0261143731628124,-4.410499017123371,-59.570068359375,112.94212123325893,33.62893333469291,26.37727692814215,4307.413575748864,3804.985423274574,0.12386672611511634,5142874500.0,0.957283713611911,11.383633142761473,-30851590000,-2.8282513978116377,-8.198414356749726,-11.677059417186959,-18.203139392335274,3.4422282054076643,-0.7753396311733249,2.0786412653003317,-1.0
2022-05-25,3929.590087890625,3999.330078125,3925.030029296875,3978.72998046875,4802560000,3939.222021484375,3967.06201171875,4045.9380004882814,4287.8026123046875,4370.842893066406,4460.121766685835,3973.5404446005123,4050.1319069724077,4202.748084456231,4404.151913931299,38.901347820789915,0.6262996640321082,-98.03380894526299,-103.1899010746138,5.15609212935081,-0.31343667121581653,43.550048828125,104.38068498883929,33.87165370707966,26.313753363162146,4291.889752755759,3799.986248220804,0.12157959525716658,5144518500.0,0.9335295421719253,-2.4502405960363127,-26049030000,-1.6611233294089152,-7.208182367093887,-10.793243131000672,-17.43009650673545,4.419836367759204,-0.30166061066003347,1.8929803918324422,-1.0
2022-05-26,3984.60009765625,4075.139892578125,3984.60009765625,4057.840087890625,4709970000,3970.63203125,3979.8380126953125,4034.4550048828123,4281.802216796875,4363.455693359375,4458.090041035353,3990.4003732585347,4050.8660194408094,4197.0654179242465,4400.706025114973,45.97202108042746,1.0,-85.53578511142359,-99.65907788197578,14.123292770552183,1.419378372413349,127.760009765625,104.854248046875,33.40833832031323,26.35400093221071,4252.8175871899675,3816.092422575657,0.10824886238308558,5137308000.0,0.9168167452681443,-1.927930103944564,-21339060000,0.5796342499671016,-5.230557544850614,-8.978058977287361,-15.78833796387589,6.4960427231989915,0.14753746085599953,2.272242952941016,0.0
2022-05-27,4077.429931640625,4158.490234375,4077.429931640625,4158.240234375,4375620000,4022.008056640625,3993.273046875,4035.7705078125,4276.733623046875,4357.1026953125,4456.583258087311,4023.9683454818282,4061.0921351488278,4195.542861706629,4398.293430182237,60.68650949506804,1.0,-66.75999081993086,-93.0792604695668,26.31926964963594,5.668363495678297,134.350341796875,101.48212541852679,32.155979872156216,26.86128860493303,4256.905044409509,3814.635971215491,0.10958727022209706,5101887500.0,0.8576472923011337,-7.098771329753695,-16963440000,3.0346058162975673,-2.7706516027401573,-6.694433974074454,-13.704750877891286,9.13099581593497,0.4827652969484889,1.988024419631387,0.0
2022-05-31,4151.08984375,4168.33984375,4104.8798828125,4132.14990234375,6822640000,4053.688037109375,4005.6870361328124,4034.6090087890625,4270.11421875,4351.418393554687,4454.9610913085935,4045.6046568542124,4067.859541548344,4193.056863300242,4395.645235875387,58.21797997327934,0.9222732727436297,-53.370093108918354,-85.13742699743712,31.767333888518763,5.1416210408403495,124.139892578125,98.11139787946429,32.17254145822542,26.844429922605496,4253.329161189371,3815.888856388754,0.10842198186929376,5184830000.0,1.3158849952650329,55.92396049017054,-23786080000,2.4176046140332983,-3.2309280112567236,-7.246105686414007,-14.246199080836119,8.446267720573578,-0.17195713143001543,1.5459638953922268,0.0
2022-06-01,4149.77978515625,4166.5400390625,4073.85009765625,4101.22998046875,4531800000,4085.638037109375,4006.9250244140626,4030.8965087890624,4262.91521484375,4345.4701953125,4453.06869140625,4056.72972157712,4071.0376785883827,4189.455809071556,4392.715730846465,60.885812612696824,1.0,-44.73777279420574,-77.05749615679085,32.31972336258511,1.9220229667137545,12.3798828125,96.14139229910714,32.210865141108094,26.1880872706852,4241.934529381579,3819.858488196546,0.10471021527462385,5182317500.0,0.8744736307646145,-33.57703176483003,-28317880000,1.7448592769953488,-3.792832515457993,-7.9010393802479495,-14.88787493664206,7.6347893848884265,0.42665157918158664,2.2752418273705257,0.0
2022-06-02,4095.409912109375,4177.509765625,4074.3701171875,4176.81982421875,4405790000,4125.256005859375,4032.239013671875,4024.72900390625,4256.2194140625,4340.468095703125,4451.712390136719,4080.7477421054464,4081.112168648418,4188.960280253799,4390.56751287007,64.80710614978261,1.0,-31.4347676582438,-67.93295045708145,36.49818279883765,4.211811199119153,253.139892578125,95.94208635602679,31.039616515523537,26.42388028172408,4208.018047886739,3841.4399599257613,0.09108143370775786,5145789000.0,0.8561932873656498,-2.7805728408137997,-23912090000,3.7789083479878123,-1.8654956927599733,-6.174984855873095,-13.319171824305414,9.618608129609969,-0.14191031439572663,2.5314256061915246,0.0
2022-06-03,4137.56982421875,4142.669921875,4098.669921875,4108.5400390625,3711110000,4135.39599609375,4053.014013671875,4022.8125,4249.26541015625,4334.850595703125,4450.253740234375,4086.3062014968573,4083.7243467830926,4185.806545305121,4387.761269349596,55.240520716355284,0.7292846506222679,-26.1007747846038,-59.56651532258592,33.46574053798212,0.4815520485218272,207.75,93.7528076171875,28.805580566678447,26.099166249509587,4201.467137791828,3844.1578622081724,0.08882076298203187,5077493000.0,0.7308941637142582,-15.767433309349743,-27623200000,2.1310349180455215,-3.311757621856236,-7.678521745456216,-14.736170539616117,7.826638323103675,-0.939710153940899,1.073518991250496,0.0
2022-06-06,4134.72021484375,4168.77978515625,4109.18017578125,4121.43017578125,4332700000,4128.033984375,4075.0210205078124,4022.7170166015626,4241.290810546875,4328.93419921875,4448.831892089844,4093.330996353736,4087.3153781162505,4183.281981794382,4385.111208717075,57.04770397304035,0.7804243441030392,-20.596002797383335,-51.77241281754541,31.176410020162074,5.039917821684781,220.070068359375,93.593505859375,28.76349553445135,26.09949393681779,4201.14733318717,3844.286700015955,0.08871134402406841,5038281000.0,0.8599560048357763,16.7494361525258,-23290500000,2.4538926991956647,-2.826041413325537,-7.359273720607959,-14.468663734654003,8.164933702166152,0.6372135973445174,1.4504014627119322,0.0
2022-06-07,4096.47021484375,4164.85986328125,4080.18994140625,4160.68017578125,4248210000,4133.7400390625,4093.7140380859373,4031.1890258789062,4233.643212890625,4323.2775,4447.426943359375,4106.800832239239,4094.3025017033933,4182.395636460534,4382.878064110749,54.70664871561229,0.7141771343396949,-12.917380838194731,-44.00140642167528,31.084025583480546,6.662500009388128,186.93017578125,93.73350306919643,26.2139112608007,26.047008985214877,4219.161630933892,3843.2164208239196,0.09325913711724464,4952965500.0,0.8577103959234119,-1.9500542386964304,-19042290000,3.212232149647491,-1.723410156227077,-6.447475612978377,-13.654115190766936,9.19503089336878,-0.6056140677615298,2.07514657628459,0.0
2022-06-08,4147.1201171875,4160.14013671875,4107.2001953125,4115.77001953125,4159470000,4136.648046875,4111.143041992187,4036.9250244140626,4224.448212890625,4317.84490234375,4445.60814453125,4108.594669697642,4096.347027210809,4179.78286716919,4380.220272622396,64.94142883783255,1.0,-10.336736430417659,-37.26847242342375,26.931735993006093,5.495773427874173,174.2900390625,84.9149169921875,26.61118159494988,26.096909409385372,4228.000996716425,3845.8490521116996,0.09466411743928604,4866648000.0,0.8546888946971304,-2.0888797870161735,-23201760000,1.9530953545175471,-2.572600914546672,-7.419415168333031,-14.586127990236442,8.016385649812191,-0.32590965949945505,1.288954491837767,0.0
2022-06-09,4101.64990234375,4119.10009765625,4017.169921875,4017.820068359375,4134170000,4104.848095703125,4115.05205078125,4041.05703125,4212.172612304687,4311.394602050781,4443.266094970703,4090.4397494299883,4088.868269224958,4173.431384862923,4376.614300440674,58.15119522975979,0.808577497270236,-16.010737783557943,-33.01692549545059,17.00618771189265,1.1090297164988883,39.090087890625,87.23993791852679,27.40416781312094,26.159372659219134,4226.355706219656,3855.7583562803434,0.09170802269639773,4782549500.0,0.8644280628982512,-0.6082505703851715,-27335930000,-0.5750218992439495,-4.614068838906688,-9.575074225081574,-16.61886659153224,5.445736743300521,-0.3430735225849222,2.537362814209125,-1.0
2022-06-10,3974.389892578125,3974.389892578125,3900.159912109375,3900.860107421875,4889640000,4063.312109375,4099.354052734375,4039.5960327148437,4198.140810546875,4304.632104492188,4440.289445800781,4052.5238210283655,4070.962730005617,4162.742315159352,4371.880427873322,49.97003333206521,0.5779435344221491,-29.603861222957676,-32.33431264095201,2.730451417994331,-1.03057413073665,-156.97998046875,86.13710239955357,29.479063417278596,26.351643148187897,4228.994358713527,3850.197706716161,0.09377092385715416,4712709000.0,1.0375433747341498,18.27380102898526,-32225570000,-3.4344009690426907,-7.081246593209787,-12.14851745507377,-19.046116677512586,2.37617936126516,-1.0809387937320984,1.903254793175986,-1.0
2022-06-13,3838.14990234375,3838.14990234375,3734.300048828125,3749.6298828125,5636890000,3988.95205078125,4058.493017578125,4025.8830322265626,4182.525205078125,4296.800805664063,4436.687595214844,3991.945033385193,4040.35960170151,4146.541827616338,4365.688880161275,37.727523087864896,0.23281668225413601,-51.98032786115073,-36.26351568499175,-15.716812176158975,-5.758121279425421,-408.6103515625,92.2828369140625,31.14308280134526,27.288628495781868,4255.511315642268,3796.254748810858,0.1140759836177884,4735386500.0,1.190375907014137,15.282311172192632,-37862460000,-6.861926866794176,-10.350094764283401,-15.485825802640798,-22.184571690182146,0.4105142539144843,-1.6075994357965049,2.7809723953010823,-1.0
2022-06-14,3763.52001953125,3778.179931640625,3705.679931640625,3735.47998046875,5153890000,3903.91201171875,4018.826025390625,4012.2565307617188,4166.317607421875,4289.328305664062,4432.81814453125,3940.6520228019044,4011.32344729839,4130.421755179178,4359.418144840951,38.49136896318443,0.02806821932645373,-70.0481463217875,-43.0204418123509,-27.027704509436596,-7.944130385617198,-396.669921875,90.4171142578125,31.14283007088052,27.125817627783967,4276.140202214059,3748.372859309379,0.13153878343977293,4772329500.0,1.0799526730080142,-8.568554646267712,-43016350000,-6.898276522723319,-10.340969353503716,-15.731260370398987,-22.478222195920893,0.8041722269017322,0.3704402075100641,1.9564560711508048,-1.0
2022-06-15,3764.050048828125,3837.56005859375,3722.300048828125,3789.989990234375,5530480000,3838.756005859375,3987.7020263671875,3997.313525390625,4150.464604492187,4283.248806152344,4429.12414428711,3910.519616288399,3990.24407043515,4117.071489887225,4353.752193053821,39.65514057535093,0.07083207773247774,-79.05719822477977,-50.22779309483668,-28.82940512994309,-8.855915564868145,-311.239990234375,93.34282575334821,30.651343213668287,27.3566901163796,4276.347303628465,3718.2797471527847,0.13961065423837246,4806783000.0,1.15055745183421,7.306907986006683,-37485870000,-5.186571777253569,-8.68516295423068,-14.430260548851845,-21.34698527663785,2.275157599928583,0.7648299149976935,3.0964728327559676,-1.0
2022-06-16,3728.179931640625,3728.179931640625,3639.77001953125,3666.77001953125,5644930000,3768.54599609375,3936.6970458984374,3984.4680297851564,4133.297602539063,4275.815207519531,4424.844593505859,3861.7696969369695,3959.4370179681123,4099.412608696794,4346.916549536184,29.55403729847589,0.0,-95.04414882338733,-59.19106424054681,-35.85308458284052,-11.262415299806449,-510.0498046875,97.1864013671875,29.439540410717296,27.89217682567129,4299.151246479849,3669.7848130904636,0.157954946227369,4833868500.0,1.1677872494876516,2.0694406272149912,-43130800000,-7.973410951700792,-11.287055224894216,-17.132230476234128,-23.9041482757216,0.7418051100788289,-1.6308765657169357,2.428997206827945,-1.0
2022-06-17,3665.89990234375,3707.7099609375,3636.8701171875,3674.840087890625,8520740000,3723.3419921875,3893.32705078125,3973.1705322265625,4117.17140625,4268.9991064453125,4420.598344726563,3824.3837751277006,3932.332548436923,4082.7627059200818,4340.229221559612,22.02611056654837,0.0,-105.84264712897402,-68.52138081823226,-37.32126631074176,-10.396634536680892,-433.699951171875,95.05709402901786,29.48876373348811,27.8533757584582,4315.511095156151,3630.829969296974,0.17232613609350467,5004228000.0,1.7027081899545744,50.94500728972724,-34610060000,-7.508624206189139,-10.743573067856763,-16.87007501429236,-23.736671525882162,1.044028779682908,-0.023729799874692807,1.9478244058048069,-1.0
2022-06-21,3715.31005859375,3779.64990234375,3715.31005859375,3764.7900390625,5292260000,3726.3740234375,3857.663037109375,3966.3420288085936,4102.4630078125,4263.147705078125,4416.737543945313,3812.465027914661,3916.376118972692,4070.2931895727256,4334.503458549691,30.20434163483833,0.19056671132186942,-105.92133035606275,-76.00137072579837,-29.919959630264387,-9.864677014965995,-356.64013671875,98.01065499441964,31.021563294850157,28.191893340556696,4319.975548153449,3612.7085094637378,0.17831720853941582,5012304500.0,1.055853649753322,-37.88966685992061,-29317800000,-5.081558480891664,-8.23098143985588,-14.760838704951695,-21.869955557735324,3.517307953079289,1.1012716127834272,1.7317489720993224,-1.0
2022-06-22,3733.889892578125,3801.7900390625,3717.68994140625,3759.889892578125,5058990000,3731.256005859375,3817.5840087890624,3955.6490234375,4087.8952099609373,4257.481506347656,4412.859842529297,3801.950000847354,3901.472668839876,4058.120511259212,4328.785910629576,31.07577410944556,0.2108725720194081,-105.16679094747997,-81.8344547701347,-23.33233617734527,-8.485986339905093,-400.790283203125,97.3970947265625,30.09745897608115,28.143936842787674,4321.075943990985,3590.2221028840154,0.18476205466577272,5044252500.0,1.0029216420074134,-4.407757744328511,-34376790000,-4.948849852438586,-8.023819118052849,-14.796979130361688,-21.971647460504265,3.3825726909862777,-0.8207667934669124,2.262160077406519,-1.0
2022-06-23,3774.7099609375,3802.580078125,3743.52001953125,3795.72998046875,5098640000,3732.40400390625,3785.5800048828123,3948.3615234375,4075.5592138671873,4251.120305175781,4409.238343505859,3800.7059967716336,3891.401936614054,4047.8306865223312,4323.481871523499,27.897850138366408,0.13682153152635437,-100.5181072948094,-85.57118527506964,-14.946922019739759,-7.902601316077396,-320.0400390625,94.24855259486607,30.329129520665767,28.185000427598737,4320.725563806629,3575.9974830683714,0.1886169937371608,5053025000.0,1.0090272658457062,0.7837532788165236,-29278150000,-3.8656932011602363,-6.8660328243130815,-13.914157395022977,-21.22786424001782,4.36803785019689,0.39416229684356535,1.5776610859729097,-1.0
2022-06-24,3821.75,3913.64990234375,3821.75,3911.739990234375,8120260000,3781.397998046875,3774.9719970703127,3945.0120239257812,4065.845009765625,4245.08220703125,4406.226694335937,3822.912795464182,3893.3388941017038,4042.4937964718233,4319.384937381319,39.184915798317384,0.3998293831424395,-86.47611097828121,-85.75217041571196,-0.7239405625692541,-5.983160806156684,-106.080078125,97.08926827566964,32.18437008317462,28.832387356010887,4317.43104620331,3572.5930016482525,0.18880501251650184,5218910000.0,1.5559302612997734,59.263254514929464,-21157890000,-0.8433949881424293,-3.7902334978610854,-11.222452642693328,-18.820328328402173,7.557868831990075,0.685507653735598,2.4046549968927846,-1.0
2022-06-27,3920.760009765625,3927.719970703125,3889.659912109375,3900.110107421875,4325310000,3826.452001953125,3774.8969970703124,3937.125524902344,4054.9154150390623,4238.617907714844,4403.260845947266,3838.3522578557213,3893.9837715607678,4036.9101223914336,4315.213048526001,37.82055571006128,0.36803746959699024,-75.41680410589288,-83.68509715374815,8.268293047855266,-5.23984360365054,-0.75,95.5050048828125,31.25838904044884,28.82320354863625,4306.149195939697,3568.101853864991,0.18745842300596008,5199677000.0,0.8318420548045581,-46.73434101863734,-25483200000,-0.9401635087920385,-3.8177197739572573,-11.426775658509708,-19.0616812993703,7.238091593932046,0.2305884223841155,0.9784932218691044,-1.0
2022-06-28,3913.0,3945.860107421875,3820.139892578125,3821.550048828125,4270120000,3837.80400390625,3782.089013671875,3920.291015625,4043.494619140625,4230.939609375,4400.075695800781,3834.9918160502025,3887.0853217767067,4028.4646293105197,4310.300978877266,32.11132142486437,0.235002587993488,-72.1595534913481,-81.37998842126814,9.220434929920032,-4.884987784218875,71.920166015625,98.43716866629464,30.26416663116552,28.926445177731217,4277.368537314435,3563.213493935564,0.1821688850476871,5194402000.0,0.8220619043347049,-1.2759779067858745,-29753320000,-2.5187152281125496,-5.488929532931361,-13.14808396420937,-20.692024772879133,5.077990846245658,0.3305007351868258,3.290984581166851,-1.0
2022-06-29,3825.090087890625,3836.5,3799.02001953125,3818.830078125,4211240000,3849.592041015625,3790.4240234375,3904.6250244140624,4032.037421875,4224.353510742188,4396.826196289063,3831.759468465162,3880.5848223813064,4020.2436665189307,4305.410721158339,33.60716145678899,0.3205819722834968,-69.00222314012944,-78.9044353650404,9.902212224910954,-2.102870316748928,83.35009765625,97.2943115234375,30.278331897054723,28.900805474001785,4249.862505363848,3559.387543464277,0.17683515256453736,5063832000.0,0.8316310651696186,-1.3788839657901897,-33964560000,-2.197264673371216,-5.287831471833241,-13.14575769794798,-20.748471860156737,5.003202068657185,0.0926335915340308,0.9865697015562067,-1.0
2022-06-30,3785.989990234375,3818.989990234375,3738.669921875,3785.3798828125,4840070000,3847.522021484375,3789.9630126953125,3888.83251953125,4018.5008203125,4217.20201171875,4393.537846679687,3822.4835513346297,3871.5176852795153,4011.033322059855,4300.236284955893,36.184019013471556,0.5066542935193846,-68.41057279712186,-76.8056628514567,8.395090054334844,0.9534274346348237,-4.610107421875,95.750732421875,30.301884482334195,28.834083439865754,4224.979477537627,3552.685561524873,0.17287808426725215,5079245500.0,0.9529112148644912,14.932181495236563,-38804630000,-2.660249218735188,-5.801191736023364,-13.842101401875675,-21.44265804829775,4.083449802706922,-0.859951535386175,2.148359444341994,-1.0
2022-07-01,3781.0,3829.820068359375,3752.10009765625,3825.330078125,4046950000,3830.2400390625,3805.8190185546873,3871.2580322265626,4005.81841796875,4210.616611328125,4390.26099609375,3823.052856692704,3867.118865550514,4003.750841905547,4295.510850062054,45.05816860349027,1.0,-63.980511246507376,-74.24063253046684,10.260121283959464,2.405316000247315,158.56005859375,92.89786202566964,29.66363015936817,28.900010689461457,4179.613197533134,3562.9028669199915,0.1593048888705669,5061303500.0,0.7995865096807572,-16.386539864092875,-34757680000,-1.186383178781473,-4.505654550743994,-12.867820807724167,-20.61357847072321,5.181927175426372,-0.11570523826120696,2.0713725295248064,-1.0
2022-07-05,3792.610107421875,3832.18994140625,3742.06005859375,3831.389892578125,5076590000,3816.49599609375,3821.4739990234375,3857.400524902344,3994.5730126953126,4203.715109863281,4387.04919555664,3824.7202638697886,3863.71610621981,3996.9915889907465,4290.892731082115,56.60398492293651,1.0,-59.29713866504744,-71.25193375738297,11.95479509233553,1.0923485932792687,156.5498046875,87.43856375558036,29.379064023638477,28.876768455085987,4145.073555842728,3569.7274939619606,0.1491538299345601,5129577500.0,0.9896702018830985,25.442370180012098,-29681090000,-0.674304681515473,-4.085120477171623,-12.665900887122644,-20.48782017673547,5.34854886544733,-0.8553502582753021,2.4085632352563153,-1.0
2022-07-06,3831.97998046875,3870.909912109375,3809.3701171875,3845.080078125,4417720000,3821.202001953125,3829.5030029296877,3843.5830200195314,3986.0390185546876,4196.294108886719,4384.109644775391,3828.792226720831,3861.941246401257,3991.0342748391486,4286.456784286522,58.85928614506336,1.0,-53.85998422096145,-67.77354385009868,13.913559629137225,4.862864527744359,80.2900390625,86.65569196428571,29.39245391689485,28.870231277762503,4103.0203011579515,3584.1457388811114,0.13499762059886597,5133828500.0,0.8605117993326034,-12.978593898660318,-25263370000,0.03894954519444622,-3.53631612168208,-12.295074948519146,-20.203710095136724,5.724976538301977,0.015401405421256476,1.615484792202615,0.0
2022-07-07,3858.85009765625,3910.6298828125,3858.85009765625,3902.6201171875,4057770000,3837.960009765625,3843.776025390625,3830.6800170898437,3978.1690185546877,4190.279509277344,4381.834095458984,3843.557804814165,3865.8154245713754,3987.5670529704566,4282.637513967128,59.05983224896751,1.0,-44.39622780284844,-63.09808064064863,18.70185283780019,6.198365747871826,142.730224609375,83.10496303013393,29.76609565097664,29.091518970068293,4045.556535592979,3615.8034985867084,0.11218714042650646,5124306500.0,0.7918671531455037,-8.147868131072133,-21205600000,1.8779981563771808,-1.8990872689123557,-10.936378873132295,-19.00959149555547,7.307107249832512,0.3581204877783653,1.3418449498128857,0.0
2022-07-08,3888.260009765625,3918.5,3869.340087890625,3899.3798828125,3521620000,3860.760009765625,3854.141015625,3819.8605102539063,3972.6526123046874,4185.086906738281,4379.560045166016,3854.7222204138325,3869.012039641959,3984.1087325721055,4278.824005199421,73.18628753654,1.0,-36.734144145605114,-57.825293341639934,21.09114919603482,3.574962809440363,103.64990234375,75.88638741629464,29.636729719083544,28.931084575414662,3991.796078947192,3647.9249415606205,0.09002190956017779,5092414000.0,0.6915423608528293,-13.212922368690194,-24727220000,2.081734983388386,-1.8444283113312316,-10.964118710588739,-19.076835525925127,7.218013213735733,-0.36796067745952926,1.2704986119784207,0.0
2022-07-11,3880.93994140625,3880.93994140625,3847.219970703125,3854.429931640625,3423480000,3866.57998046875,3848.410009765625,3811.6910034179687,3966.06201171875,4179.614506835937,4376.853994140625,3854.663762659191,3867.6232674513553,3979.023289398322,4274.601178596846,66.6752959887707,0.8562328063888582,-33.89821551451769,-53.03987777621549,19.141662261697803,2.514436373499085,-57.31005859375,74.55210658482143,28.759898144285074,28.99591544569391,3957.57558676334,3665.806420072597,0.07654586020459468,5056879500.0,0.6769945773871021,-2.7867856270693547,-28150700000,1.121258994612419,-2.814683173089057,-11.936063281968714,-20.00967418260909,5.982061702587567,-0.47289420267896165,0.8764762857311296,0.0
2022-07-12,3851.949951171875,3873.409912109375,3802.360107421875,3818.800048828125,3817210000,3864.06201171875,3840.27900390625,3807.588000488281,3956.6880126953124,4173.091809082031,4373.703094482422,3847.491019892978,3862.973437106286,3972.7400250622363,4270.065843972282,55.577579856017884,0.6111875637106384,-34.13229951207586,-49.25836212338757,15.12606261131171,0.6077900292719374,-81.31005859375,72.14067731584821,27.041607229184418,28.897199807275253,3947.4026877159895,3667.7733132605726,0.07344002933604095,5003258000.0,0.762944865125884,11.500870459298728,-31967910000,0.2944659017311251,-3.4849339504344075,-12.687259140985732,-20.749095053024085,5.002376377997156,-0.06434104427199705,1.8685711684387016,0.0
2022-07-13,3779.669921875,3829.43994140625,3759.070068359375,3801.780029296875,4109390000,3855.402001953125,3838.302001953125,3810.1955078125,3950.085009765625,4166.35951171875,4370.434594726563,3838.3488217737577,3857.14549350539,3966.03571150281,4265.406283627253,54.22032402501763,0.5812184168604759,-35.28444893701908,-46.46357948611388,11.1791305490948,-2.81102428106198,-19.77001953125,71.15994698660714,22.984132109230718,28.82985990080692,3947.3794445487683,3673.011571076232,0.072008870124897,4926883000.0,0.8340750125383534,7.65428153022758,-36077300000,-0.2208673675240527,-3.754475665766732,-13.011396306349846,-21.102308610377186,4.534391022930033,-1.024670746119134,1.872002164556287,-1.0
2022-07-14,3763.989990234375,3796.409912109375,3721.56005859375,3790.3798828125,4199690000,3832.953955078125,3835.456982421875,3812.9405029296877,3942.785009765625,4160.460712890625,4367.170944824219,3828.755033981506,3850.7868639155904,3959.147247632602,4260.679652773376,49.433072903192425,0.42171066997920953,-36.69444152298456,-44.509751893488016,7.815310370503454,-2.813516069727351,-28.4501953125,72.67136928013393,22.965716228900217,28.826432082667502,3945.9635348663496,3679.9174709930257,0.06977451226131284,4879173000.0,0.8607380799983931,2.197406427717974,-40276990000,-0.5916856058953226,-3.865418139098197,-13.207430377675204,-21.338893902579652,4.2209306540678355,-0.9940090897234032,2.011249377603977,-1.0
2022-07-15,3818.0,3863.6201171875,3817.179931640625,3863.159912109375,4143800000,3825.7099609375,3843.2349853515625,3816.5989990234375,3936.5386083984376,4155.603610839844,4364.723594970703,3835.63600960708,3851.9652494578554,3955.3830383963973,4256.724232468261,44.33297448779071,0.2975450552946972,-31.575151992318297,-41.92283191325408,10.347679920935782,1.0888216234145487,77.780029296875,69.47996303013393,23.37844802479735,28.917389118741752,3950.9821312072086,3682.2158668396664,0.07042035708658731,4809839000.0,0.8615257184284131,-1.3308125123520975,-36133190000,1.21995821667016,-1.8640410672592496,-11.491304591183269,-19.828502389513986,6.222102732029145,0.7286899477475486,1.2166098108693293,0.0
2022-07-18,3883.7900390625,3902.43994140625,3818.6298828125,3830.85009765625,4046870000,3820.993994140625,3843.7869873046875,3824.8030029296874,3927.1522119140627,4150.864514160156,4362.080545654297,3834.678827216914,3849.954282619607,3950.4993936614896,4252.486678888043,42.292463056997775,0.24786731666321202,-29.781902920481116,-39.494646114699485,9.712743194218369,0.3147565952227982,5.52001953125,72.74782017299107,20.01826994583478,28.94083617588038,3939.22390793758,3710.382097921795,0.05983100563362321,4729936000.0,0.8555866295019636,-2.3391572952362605,-40180060000,0.15810212243429772,-2.4522124191075303,-12.178373196874658,-20.499022448521735,5.333706572363395,0.5340220809513544,2.194767787550601,0.0
2022-07-19,3860.72998046875,3939.81005859375,3860.72998046875,3936.68994140625,4041070000,3844.57197265625,3854.3169921875,3837.8954956054686,3922.9486083984375,4147.976413574219,4360.226295166016,3855.081050054782,3858.214821551668,3949.9578465142254,4249.344422793697,62.0797992698019,0.7193852071326997,-19.594476335189484,-35.51461215879749,15.920135823608007,3.997222558316338,105.300048828125,71.5506591796875,21.90645382404439,29.456901957914162,3939.243489601928,3736.547501609009,0.05281435834430964,4505952500.0,0.8968292497535205,-0.14332064039616066,-36138990000,2.5741828018481665,0.3502807296122715,-9.713632391725204,-18.302546254590602,8.24389693769459,0.7799804756333534,2.04831932108856,0.0
2022-07-20,3935.320068359375,3974.1298828125,3922.030029296875,3959.89990234375,4185300000,3876.195947265625,3865.798974609375,3847.650988769531,3919.6798095703125,4144.688410644531,4358.240594482422,3876.044820512576,3867.899114960438,3950.34773105656,4246.464377814096,64.19012770137525,0.7568754513103367,-9.538068578648108,-30.319303442767616,20.781234864119508,3.5178617654011646,114.81982421875,72.59493582589286,20.528083915353328,28.980625792507297,3956.643021325732,3738.65895621333,0.056653804034890655,4450604500.0,0.940389108940145,3.5691042223965352,-31953690000,2.9173361591747655,1.0261065884829648,-9.139942678772156,-17.82087390082458,8.882081975642798,-0.03479758546556143,1.3283899696445018,0.0
2022-07-21,3955.469970703125,3999.2900390625,3927.639892578125,3998.949951171875,4132790000,3917.9099609375,3875.4319580078127,3859.6039916992186,3919.8340087890624,4140.831411132813,4356.733044433594,3900.625846644436,3880.380146980575,3952.253700472847,4244.0015476982535,71.24355917640996,0.9371159643437315,1.5646829157985849,-23.942506171054376,25.50718908685296,4.373349183760555,96.329833984375,71.97565569196429,20.632034554810236,29.03523006758598,3979.917949809736,3739.290033588701,0.06234523457291189,4404294500.0,0.9383545991304624,-1.2546292977803297,-27820900000,3.610369348056052,2.0183493026852313,-8.21218765558387,-17.010474909444504,9.955808767357963,-0.11186978837528323,1.824254474545105,0.0
2022-07-22,3998.429931640625,4012.43994140625,3938.860107421875,3961.6298828125,3979240000,3937.603955078125,3881.6569580078126,3867.8989868164062,3919.04560546875,4136.708310546875,4354.812592773437,3912.826653878049,3888.118217059806,3952.6213938979313,4241.1918793909335,63.628889092865606,0.6906372517911059,7.268489227044483,-17.700307091434606,24.96879631847909,3.0311411549154066,62.25,71.679931640625,20.93958202067525,28.52507778615953,3992.4712103985485,3743.326763234264,0.06441337998057453,4348324500.0,0.9151202951849615,-3.7154077511801997,-31800140000,2.4233025814679268,1.086598157580164,-9.028694153530314,-17.78497191173481,8.929649813179097,-0.013003901964254655,1.8680489272957612,0.0
2022-07-25,3965.719970703125,3975.300048828125,3943.4599609375,3966.840087890625,3568340000,3964.801953125,3892.8979736328124,3870.6539916992188,3919.67880859375,4133.314113769531,4352.829044189453,3923.6293406805644,3895.6155380913124,3953.178989740782,4238.462010818791,63.56698639007299,0.6886335276217787,12.070080454599974,-11.74622958222769,23.816310036827666,1.6455603869896196,112.41015625,67.51637486049107,18.14728358185475,28.522050554250573,4001.5835762953466,3739.724407103091,0.06765243541629495,4120728500.0,0.8659488243401622,-10.326092419658028,-28231800000,2.485008900244801,1.2031924450920712,-8.86754228986045,-17.676845415945266,9.072910499160212,0.10324255449429576,0.8074150164074567,0.0
2022-07-26,3953.219970703125,3953.219970703125,3910.739990234375,3921.050048828125,3778950000,3961.673974609375,3903.1229736328123,3871.7009887695312,3919.4982080078125,4128.659213867188,4350.4354956054685,3923.1134823100765,3898.037872447199,3951.919031273619,4235.303682838784,57.14957275758043,0.48090872369722243,12.04169348026744,-6.9886449697286634,19.030338449996105,0.5557336465508822,102.25,67.12782505580357,18.63153593169746,28.108358081206287,4003.950607091784,3739.4513704472784,0.06831602890092155,4093410500.0,0.9231788504964259,5.902184208903849,-32010750000,1.274609279015563,0.039592844235569316,-9.86994169229911,-18.627118273088993,7.813859788327822,-0.3433492877385568,1.086238936232734,0.0
2022-07-27,3951.429931640625,4039.56005859375,3951.429931640625,4023.610107421875,4112180000,3974.416015625,3925.3059814453127,3881.803991699219,3919.4926123046876,4125.260412597656,4348.596846923828,3943.2128073324366,3909.9971329209775,3954.7304460245314,4233.197279103292,60.496948402650716,0.5892596870843196,20.063654872753432,-1.578185001232244,21.641839873985674,4.389239881946416,221.830078125,70.91069684709821,19.058416957247527,27.665704722229012,4028.0533587939117,3735.554624604526,0.0753512374181849,4085513500.0,1.0065270864972053,8.818057926143496,-27898570000,3.6530983023844548,2.65640238204112,-7.473370168399182,-16.498706900133293,10.633868622546592,0.7747894679788534,2.2303350553538364,0.0
2022-07-28,4026.1298828125,4078.949951171875,3992.969970703125,4072.429931640625,4413000000,3989.11201171875,3953.510986328125,3894.483984375,3920.7810107421874,4122.696010742187,4347.153046875,3969.0562321940743,3925.46692327523,3959.3461121271234,4231.597604004161,63.91323857272576,0.7468033481893247,30.01448063220505,4.740348125455215,25.274132506749837,6.641612013447307,282.050048828125,73.54070172991071,19.303820872283538,27.756958288091376,4060.3971248949238,3728.5708438550764,0.08520417143096813,4095601500.0,1.0774974078899033,7.3153412545170715,-23485570000,4.569179074289666,3.8678243054878267,-6.319609921069206,-15.485557429300037,11.976226821923362,0.06262474055269594,2.153283923986278,0.0
2022-07-29,4087.330078125,4140.14990234375,4079.219970703125,4130.2900390625,4616360000,4022.84404296875,3980.2239990234375,3911.7294921875,3921.6098095703123,4121.988012695312,4346.051247558594,4001.3029935677596,3944.9738866835414,3966.049795536354,4230.589568532106,71.72811012941222,1.0,42.08428738187149,12.209135976738471,29.875151405133018,8.640952586264738,267.130126953125,74.65213448660714,19.12476315713187,27.89552363516198,4100.077824633376,3723.381159741624,0.09629926242192613,4084416000.0,1.130237468465504,4.608203036483127,-18869210000,5.587312397534359,5.321289970841148,-4.964534383189758,-14.284796505742392,13.567158187562011,0.36587852300683554,1.4936662420321172,0.0
2022-08-01,4112.3798828125,4144.9501953125,4096.02001953125,4118.6298828125,4202810000,4053.202001953125,4009.0019775390624,3926.394482421875,3925.50880859375,4121.467309570313,4344.825397949218,4024.768371416708,3961.5125529815377,3972.0333283707128,4229.475541808528,74.54280862091775,1.0,50.13094074834089,19.793496931058957,30.337443817281933,8.660081842678924,287.77978515625,73.07216099330357,19.142425660839667,27.208080609437925,4131.3583417321,3721.4306231116507,0.10440309053398979,4092209000.0,1.0270272119532506,-8.958356800596146,-23072020000,4.895977753922738,4.919644398605553,-5.2060898751762,-14.526777736186549,13.246548545911757,-0.4336295049648687,1.1945785310602457,0.0
2022-08-02,4104.2099609375,4140.47021484375,4079.81005859375,4091.18994140625,4727710000,4087.22998046875,4024.4519775390627,3939.384484863281,3929.316806640625,4119.60041015625,4343.090048828125,4038.0526854146165,3973.862780450558,3976.7061367250476,4228.099565685122,73.2925391047303,0.9612323683878229,53.67506483213219,26.569810511273605,27.105254320858588,5.902681599643267,154.5,72.37860979352679,19.485232701201625,26.21258293533124,4151.79185917912,3726.977110547442,0.1078378488477044,4074765000.0,1.160241142740747,12.489263135854344,-27799730000,3.8535323760924376,4.1196254395180345,-5.80002036775277,-15.096234151901387,12.492055244746796,-0.3501145353015559,1.486837754179876,0.0
2022-08-03,4107.9599609375,4167.66015625,4107.9599609375,4155.169921875,4351760000,4113.541943359375,4043.9789794921876,3954.8889770507812,3934.3930029296876,4118.556909179688,4341.509047851562,4061.4761327066935,3991.130127252886,3983.7047165348495,4227.3738975875085,77.0683998017397,1.0,60.94393468067619,33.444635345154126,27.499299335522068,8.466001434438052,195.27001953125,72.11077008928571,19.964399693780535,26.38350078333102,4183.0013631512065,3726.776590950356,0.11535716295658546,4071467000.0,1.068843244953232,-7.952052896645522,-23447970000,5.064135706119649,5.611460745810451,-4.292035877911481,-13.768468548621303,14.251259681726458,0.4099056697789421,1.453280846945633,0.0
2022-08-04,4154.85009765625,4161.2900390625,4135.419921875,4151.93994140625,4283320000,4129.4439453125,4059.277978515625,3967.3549682617186,3937.9568017578126,4118.033208007812,4339.836447753906,4079.5688944466046,4006.445347648444,3990.302176333728,4226.62331095884,73.89455345999869,0.9087344112385156,65.68673814649355,39.89305590542201,25.793682241071544,5.467791550865941,152.989990234375,68.72719029017857,19.592187138324835,25.490438702838365,4210.213609577642,3724.4963269457953,0.12242849115280001,4082744500.0,1.049127615014851,-1.5726970237329274,-27731290000,4.652595359406588,5.433862036092429,-4.329575748065404,-13.835499781426503,14.162447588781884,-0.0076970190091692064,0.6255741297432857,0.0
2022-08-05,4115.8701171875,4151.580078125,4107.31005859375,4145.18994140625,4085940000,4132.42392578125,4077.633984375,3979.645471191406,3942.0310009765626,4117.754008789063,4337.964248046875,4092.6931038385337,4019.6591184825206,3996.3762063365716,4225.813028674735,77.15818764295881,1.0,68.11558145280105,45.53756101489782,22.578020437903234,4.679159666456023,183.56005859375,65.92860630580357,19.61538623768927,25.491874819499532,4232.685952487777,3726.604989895035,0.1271673485128901,4110960500.0,0.9939137094603561,-4.608107729518229,-31817230000,4.1597793424871075,5.153661662715455,-4.443888783256326,-13.975581378145932,13.976848439444653,-0.8687462903553769,1.0778348578438477,0.0
2022-08-08,4155.93017578125,4186.6201171875,4128.97021484375,4140.06005859375,4221090000,4136.7099609375,4094.9559814453123,3993.9269775390626,3945.2576025390626,4116.530107421875,4335.983598632813,4102.166494789577,4031.12587468359,4002.010867209402,4224.959765290844,71.27256847793333,0.705845747007381,68.83305400172821,50.1966596122639,18.636394389464314,3.5286790068608687,173.219970703125,62.263602120535715,18.92165856663974,25.24260514718489,4249.440798203529,3738.413156874596,0.12795117291899333,4150841000.0,1.0169240402125739,3.307684400651989,-36038320000,3.6588821447289006,4.937635908218456,-4.518548919346458,-14.082040959680537,13.835796308155809,0.25910113955734415,1.3962295522621397,0.0
2022-08-09,4133.10986328125,4137.2998046875,4112.08984375,4122.47021484375,3913090000,4142.966015625,4115.097998046875,4009.110485839844,3946.550205078125,4114.1762109375,4333.84705078125,4106.227238800412,4039.8253356512246,4006.734763195063,4223.939968768983,67.20720860401775,0.5026652721367086,67.207575682492,53.59884282630953,13.608732856182478,4.059953523903248,201.420166015625,60.54005650111607,18.54881551183222,25.260627427377656,4256.776593342314,3761.444378337373,0.1235516498620958,4155635000.0,0.9416346719574746,-7.296693508074926,-39951410000,2.8275531294109255,4.457564217459192,-4.877348772596753,-14.44707998168725,13.352142969344724,-0.16787667845719043,0.6130693125739174,0.0
2022-08-10,4181.02001953125,4211.02978515625,4177.259765625,4210.240234375,4546010000,4153.980078125,4133.761010742188,4029.53349609375,3947.590205078125,4112.1619140625,4332.173752441407,4127.02983791533,4056.0553260058696,4014.715369908002,4223.803653003869,70.27309393867415,0.6558935366727433,72.16975148407255,57.313024557862136,14.856726926210413,6.135869888665058,186.630126953125,61.747872488839285,19.23643842816892,25.16854813456867,4272.533669108479,3786.5333230790206,0.12060958086105748,4177466000.0,1.088221902943076,16.17442992622198,-35405400000,4.48455729320598,6.653426917490209,-2.8146035924272583,-12.62560376242307,15.765482371168762,1.4202602235106543,0.8084251740613825,0.0
2022-08-11,4227.39990234375,4257.91015625,4201.41015625,4207.27001953125,4630200000,4165.04609375,4147.24501953125,4050.3780029296877,3949.092607421875,4109.603413085937,4330.377702636719,4143.077874238515,4070.456725389239,4022.2665326383253,4223.639139237973,75.23214814146064,0.9037394885887052,74.99810853214603,60.85004135271892,14.148067179427116,7.299574530773123,134.840087890625,60.527884347098215,19.125006141493657,25.15138898508268,4278.038461608671,3822.717544250704,0.11241442577177438,4198991500.0,1.1026933491053745,1.851953691258923,-40035600000,3.8735154222169,6.537638839468072,-2.8428855762514647,-12.687244123595256,15.683812838080048,0.40756980631765094,1.3447865811423063,0.0
2022-08-12,4225.02001953125,4280.47021484375,4219.77978515625,4280.14990234375,3788010000,4192.0380859375,4162.231005859375,4071.227502441406,3952.671005859375,4107.793110351562,4328.904501953125,4170.492279859562,4090.4275041468118,4032.379605960107,4224.20143538828,78.25513167425896,1.0,82.173158312321,65.11466474463933,17.058493567681666,6.375861181198106,149.85986328125,63.482177734375,18.958887325592755,25.06682985577797,4303.034854738547,3839.420150144265,0.11387590212442444,4181202000.0,0.9059619697876352,-18.189063107425163,-36247590000,5.131680795953031,8.285002622250264,-1.1262572225231062,-11.174780367580434,17.687730505309258,0.4218887762753484,1.438236893332403,0.0
2022-08-15,4269.3701171875,4301.7900390625,4256.89990234375,4297.14013671875,3696830000,4223.4541015625,4180.08203125,4094.5420043945314,3955.077412109375,4105.648413085937,4327.631801757812,4195.8218512314,4110.114421534615,4042.76237187221,4224.927193610473,85.77516475993053,1.0,88.21353614365717,69.7344390244429,18.47909711921426,5.517840916850303,178.51025390625,62.681466238839285,18.28518810470505,23.494684439963294,4318.206924034668,3870.8770847543947,0.10925027482931418,4163700000.0,0.887871364411461,-2.407068619143038,-32550760000,4.948004736714801,8.648698595938264,-0.7045808524347461,-10.822184936486007,18.154896882648547,-0.25185531820619506,1.0545264805036767,0.0
2022-08-16,4290.4599609375,4325.27978515625,4277.77001953125,4305.2001953125,4329820000,4260.00009765625,4201.483056640625,4112.967517089844,3959.010615234375,4104.138012695313,4326.175703125,4217.69752004762,4128.694019037271,4053.05405122281,4225.725929945817,82.6572037403966,0.8573794004775847,92.58371107148469,74.30429343385127,18.279417637633415,4.234815342161813,214.01025390625,57.610020228794646,16.4527829312352,23.444522391444195,4342.517691203069,3883.4173429766183,0.11162265355095494,4178137500.0,1.0363038554858475,17.122507661969856,-28220940000,4.67381950924504,8.744345841003266,-0.48485103823564846,-10.65491591760235,18.376517626146065,-0.15545631672954724,1.1106199119653943,0.0
2022-08-17,4280.39990234375,4302.18017578125,4253.080078125,4274.0400390625,3885030000,4272.76005859375,4213.370068359375,4128.674523925782,3962.0628125,4101.676811523437,4324.51900390625,4228.966023850597,4142.536497134912,4061.720168392994,4226.206667349964,74.38023116779593,0.38631190765139745,92.4668418004494,77.9368031071709,14.530038693278499,3.773346007577527,118.8701171875,55.191458565848215,16.95765279945193,23.513828666181666,4357.11249336809,3900.2365544834724,0.11065922882441068,4163124000.0,0.9332006445159933,-10.272713415338286,-32105970000,3.520876113976078,7.874111071087422,-1.1672735117628885,-11.301577316347089,17.519732664188254,-0.5760543492437947,1.154459750447401,0.0
2022-08-18,4273.1298828125,4292.52978515625,4261.97998046875,4283.740234375,3340330000,4288.0541015625,4226.55009765625,4142.914038085937,3964.524013671875,4099.08361328125,4322.86935546875,4239.920865955477,4155.984472110158,4070.4268376471905,4226.779140653696,71.0027053181422,0.2044111200098787,92.09532912812392,80.7685083113615,11.326820816762421,4.70646182960075,131.80029296875,52.536446707589285,16.81471425022646,23.250620847393247,4372.804257861187,3913.0238183106876,0.11097996128418867,4123501000.0,0.8100713447141155,-14.020483754308199,-28765640000,3.3992063314479437,8.0518170555227,-0.9051654786709783,-11.100270820367038,17.78645088617418,-0.021294986515840886,0.7167984088967966,0.0
2022-08-19,4266.31005859375,4266.31005859375,4218.7001953125,4228.47998046875,3761340000,4277.7201171875,4234.8791015625,4156.25654296875,3966.778212890625,4095.613212890625,4320.858505859375,4237.632688858132,4162.888806239547,4076.6250001107815,4226.7960644329505,63.432041831801094,0.0,86.3465131430039,81.88410927768999,4.462403865313917,1.7643095221643534,83.2900390625,53.68715122767857,17.223214556122045,23.35491371515473,4372.410642125703,3940.1024438117975,0.1040138388582516,4112606000.0,0.9145879765773819,12.603844530330832,-32526980000,1.7377040313399836,6.59733802932785,-2.137966917115055,-12.247077428116476,16.26700553548389,-0.40689152067114254,1.1285434156745833,0.0
2022-08-22,4195.080078125,4195.080078125,4129.85986328125,4137.990234375,3907430000,4245.89013671875,4234.672119140625,4164.814050292969,3969.1816162109376,4090.6771142578127,4318.245607910157,4217.704197961506,4160.517513681019,4079.031479885849,4225.9124243328715,54.95807361042858,0.0,73.63989394327473,80.23526621080694,-6.595372267532213,-0.33598046282252714,-2.06982421875,56.39857700892857,19.36036441662767,23.750377906933036,4362.123729522762,3967.5043710631767,0.09475077487116772,4129560500.0,0.9462096511238908,3.88398815315818,-36434410000,-0.6440579481833582,4.2529829694517876,-4.174273302217111,-14.12499566804958,13.778884069003572,-0.7898796375535267,1.5792355431627487,0.0
2022-08-23,4133.08984375,4159.77001953125,4124.02978515625,4128.72998046875,3823520000,4210.59609375,4235.298095703125,4175.198046875,3973.739013671875,4085.939912109375,4315.488957519531,4199.909354462955,4157.490129565565,4080.9804406930216,4224.945434841686,46.83157228303037,0.0,62.10665472654091,76.60954391395374,-14.502889187412833,-0.39708580716848463,6.259765625,53.489292689732146,18.755772651975867,23.422675045854927,4337.190505564962,4013.205588185038,0.07759749687141584,4131789000.0,0.9253909142020563,-2.1474472991198867,-40257930000,-1.1129547840498168,3.900381133829368,-4.327643492757933,-14.317172135192521,13.52426255083368,-0.11842441251532225,0.8666337596212557,0.0
2022-08-24,4126.5498046875,4156.56005859375,4119.97021484375,4140.77001953125,3583630000,4183.94208984375,4228.35107421875,4181.056042480469,3981.56181640625,4082.0435107421877,4312.705158691406,4188.081487476614,4155.897738133726,4083.325130059227,4224.107868520189,48.6891325674573,0.04769873979984677,53.3233319067167,71.95230151250634,-18.628969605789635,0.017148566142810573,-69.47021484375,54.25498744419643,16.63377085621454,22.8838379275731,4327.715302150346,4034.3967828105915,0.07015417070701105,4105361500.0,0.8729146020393088,-6.274061597690084,-36674300000,-0.9635370236587093,3.998636978810019,-3.986712117652061,-14.067307261645956,13.855317514979909,-0.05280499794279297,0.8881094241451372,0.0
2022-08-25,4153.259765625,4200.5400390625,4147.58984375,4199.1201171875,3566870000,4167.01806640625,4227.536083984375,4187.390551757812,3990.834619140625,4078.57611328125,4310.192258300781,4190.289213418791,4160.014155186467,4087.8661099466103,4223.859234178571,55.64535502423256,0.22632176901579343,50.48884652579545,67.65961051516416,-17.17076398936871,1.8593197366898462,-8.14990234375,55.33642578125,16.81074024358005,23.02542123340747,4324.957084029513,4049.8240194861114,0.0657051357265694,4063055000.0,0.8778788374757418,-0.4676822104960565,-33107430000,0.280116346557733,5.219096202280783,-2.5769648882685603,-12.856377654472285,15.459721735534638,0.3016285868289754,1.2766497485832793,0.0
2022-08-26,4198.740234375,4203.0400390625,4057.659912109375,4057.659912109375,3832750000,4132.854052734375,4205.287084960937,4183.759045410156,3996.188017578125,4073.3263110351563,4307.054307861328,4163.763353156908,4150.266132036268,4086.6815531686793,4222.205509580867,43.28968490182582,0.0,36.40814963678076,61.409318339487484,-25.00116870270672,-3.6240288860446723,-222.489990234375,61.602870396205354,20.39837957315255,24.042074268867335,4331.155703125925,4036.362387694387,0.07046135119921519,4023874500.0,0.9525023705386438,7.454154482781816,-36940180000,-3.014015193803286,1.5382633214666666,-5.790370353509432,-15.79207712107999,11.57010784996865,-0.009046724120729347,3.5828563778660576,0.0
2022-08-29,4034.580078125,4062.989990234375,4017.419921875,4030.610107421875,3396510000,4111.37802734375,4178.63408203125,4179.358056640625,4003.4648193359376,4068.3812109375,4303.97380859375,4137.132704009901,4138.87032016823,4084.4826729433144,4220.299087668837,42.63281661487734,0.0,22.803537744256573,53.6881622204413,-30.884624476184726,-4.198920233055481,-266.530029296875,62.86000279017857,20.49292635025378,23.766851326323042,4339.636002850346,4019.0801104309044,0.07669979170846751,3983559500.0,0.8526319237857499,-11.381905942208592,-40336690000,-3.5591099686326997,0.6780448763988401,-6.351425759749027,-16.35343709612796,10.826341814451869,-0.5687966582782672,1.1343118032358106,0.0
2022-08-30,4041.25,4044.97998046875,3965.2099609375,3986.159912109375,3835860000,4082.864013671875,4146.730053710938,4174.106555175781,4009.6912158203127,4063.4313110351563,4300.658258056641,4106.938145629796,4124.326471781673,4080.626878400807,4217.9693446284455,30.686771229584338,0.0,8.33889988052033,44.61830975245711,-36.27940987193678,-6.868684437276141,-319.040283203125,62.232177734375,20.71118195224032,23.638212453316438,4352.4162717391755,3995.796838612387,0.08543611151579009,3938967000.0,0.973823847724543,12.935336566063405,-44172550000,-4.502679569436416,-0.5868607442412138,-7.312795555380395,-17.275904404848784,9.604131675507599,0.2639772216750248,2.0117476834036268,0.0
2022-08-31,4000.669921875,4015.3701171875,3954.530029296875,3955.0,4542490000,4045.710009765625,4114.8260498046875,4164.098059082031,4013.4954150390627,4057.979211425781,4297.0190075683595,4076.550516503837,4108.2001411358,4075.7003341497953,4215.352734234133,29.264717804564228,0.0,-5.5745147950119645,34.579744842963294,-40.15425963797526,-7.962042796677437,-319.0400390625,62.542184012276785,19.83695690660431,23.673147632807613,4367.577722055698,3960.618396108363,0.09773048573141646,3948503500.0,1.1504333223967005,18.421683794507615,-48715040000,-5.0214489696269595,-1.4574680917753917,-7.9594483283867214,-17.922560736984845,8.74735342648198,0.3640097257901194,1.5384909822379707,0.0
2022-09-01,3936.72998046875,3970.22998046875,3903.64990234375,3966.85009765625,4152250000,3999.256005859375,4083.1370361328127,4154.843566894531,4017.634619140625,4052.764914550781,4293.439259033203,4054.6104327343196,4094.7382322329854,4071.4316974245585,4212.880071183607,21.37670944441271,0.0,-15.466504089075443,24.570495056555547,-40.036999145630986,-7.859102534294349,-316.89013671875,62.06931849888393,19.924505089541853,23.591363095791348,4376.661367355634,3933.025766433429,0.10677552446428037,3941950000.0,1.0533492307106889,-8.590882973875559,-44562790000,-4.524682246431575,-1.264040319705278,-7.606702731145522,-17.676637684989483,9.073185729380222,-0.4619473964917825,1.7055852802021345,0.0
2022-09-02,3994.659912109375,4018.429931640625,3906.2099609375,3924.260009765625,3665850000,3972.576025390625,4052.7150390625,4143.7970703125,4020.2052197265625,4047.882216796875,4289.556059570313,4028.540348140581,4078.5022110456175,4065.6602586928357,4210.008229776463,17.45571422544269,0.0,-26.4378815832315,14.368819728598137,-40.80670131182964,-8.183826686228201,-304.219970703125,66.87859235491071,20.149121342532993,23.59030866812836,4388.466549386907,3899.1275912380934,0.11808950820844868,3920945500.0,0.934940309677857,-11.714130892889397,-48228640000,-5.297968428997393,-2.3865749313032163,-8.515940687840775,-18.560502502195362,7.902121420832377,0.7010553403456304,2.8728606968221424,0.0
2022-09-06,3930.889892578125,3942.550048828125,3886.75,3908.18994140625,4127340000,3948.0919921875,4029.735009765625,4132.203564453125,4020.13421875,4042.9896142578127,4285.653659667969,4004.4702667937154,4062.281994889487,4059.4849521325777,4207.005062728003,15.827480845448079,0.0,-36.01434653657134,4.292186475564241,-40.30653301213558,-8.766878298434989,-229.80029296875,67.47075544084821,20.14649440546282,23.097913382706718,4398.625686115527,3865.781442790723,0.12894917566708097,3916258000.0,1.0538989004299513,12.588894799296213,-52355980000,-5.421166202312257,-2.7845905448041814,-8.807611352592662,-18.894001885183755,7.460256084937389,0.16894606361457604,1.435648004840162,0.0
2022-09-07,3909.429931640625,3987.889892578125,3906.030029296875,3979.8701171875,3890320000,3946.834033203125,4014.8490234375,4125.073559570313,4021.7294189453123,4038.3224169921873,4282.030310058593,3999.5502368724724,4054.433244632155,4056.362801742575,4204.7450135186455,26.330491494126434,0.19035737052372537,-37.38877831476884,-4.044006482502375,-33.34477183226647,-5.879414456957899,-148.85986328125,69.59502301897321,21.473227212276377,22.596549372374017,4400.086496872251,3850.060622268375,0.13333722821203922,3915119500.0,0.9936657105868671,-5.742681727214139,-48465660000,-3.520020680502429,-1.0408283948846515,-7.056470202028037,-17.406435444210864,9.431186403358614,0.03172799308543395,2.0957305158246724,0.0
2022-09-08,3959.93994140625,4010.5,3944.81005859375,4006.179931640625,3966850000,3957.07001953125,4001.3900146484375,4114.870544433594,4025.4220166015625,4034.4583178710936,4278.57140991211,4000.876175826103,4049.837691013914,4054.3948460523025,4202.76924155966,28.24833268473631,0.26091726468917475,-35.94074076792458,-10.423353339586818,-25.517387428337763,-3.1853700774691074,-134.590087890625,72.10503278459821,19.996057286935496,21.04401768465166,4391.71473447319,3838.026354393997,0.1345579099270079,3886161500.0,1.02076303313694,1.96719035966193,-44498810000,-2.641410261132039,-0.4780141034053003,-6.366411873842724,-16.860432360064827,10.15460554139127,-0.5007745276706237,1.6652244450438058,0.0
2022-09-09,4022.93994140625,4076.81005859375,4022.93994140625,4067.360107421875,3901940000,3977.172021484375,3988.214013671875,4107.875048828125,4030.3926171875,4031.21501953125,4275.493510742188,4014.1729621452578,4051.506492576577,4054.9032876746387,4201.421886991125,37.4895406055776,0.544028535096215,-29.51618746214399,-14.241920164098254,-15.274267298045736,-1.4864104297735548,-131.760009765625,72.50432477678571,20.95294091477786,21.213478590639237,4381.945224572694,3833.8048730835553,0.13343647140521225,3849748500.0,1.0135571193806556,-1.6363109268059062,-40596870000,-0.9862749213320822,0.9172180912779591,-4.868055647783753,-15.590770625099939,11.836826071954578,0.41835389452318933,1.3390733635627998,0.0
2022-09-12,4083.669921875,4119.27978515625,4083.669921875,4110.41015625,3814200000,4014.40205078125,3993.4890380859374,4099.3880615234375,4036.89322265625,4027.697021484375,4272.592060546875,4033.420400966206,4057.116365307379,4057.0800276187706,4200.516297630516,47.688178292352696,0.8001606842155436,-20.71214678942124,-15.535965489162852,-5.1761813002583885,-0.7331936605522227,52.750244140625,69.1685791015625,20.28139959417486,21.124648828875454,4361.236114449574,3837.5400085973,0.12774982460617682,3851058000.0,0.990429123633038,-2.2486250429273658,-36782670000,0.2688717086829395,1.821126533175336,-3.795866818048525,-14.697360317145383,13.020537544758476,0.4009926345927381,0.8720064050842748,0.0
2022-09-13,4037.1201171875,4037.1201171875,3921.280029296875,3932.68994140625,4224550000,4019.30205078125,3983.697021484375,4081.1655517578124,4039.040419921875,4022.4294189453126,4268.748210449219,4013.274309054215,4045.266229697748,4052.2019850222014,4197.851358762614,37.18627125568095,0.5364121227148066,-27.755469420386362,-17.979866275407556,-9.775603144978806,-6.344904845439392,-97.920166015625,80.125,25.042535419207084,22.00523334581184,4335.69177671793,3826.6393267976946,0.12473212455225688,3877444000.0,1.0895192812584786,10.758481464002934,-41007220000,-3.6380687935487446,-2.633062991671725,-7.872524976299886,-18.38555757116508,8.13391225660586,-1.7830346918314304,2.9541396438192224,0.0
2022-09-14,3940.72998046875,3961.93994140625,3912.179931640625,3946.010009765625,4293240000,4012.530029296875,3979.68203125,4063.2060424804686,4041.332822265625,4017.952917480469,4265.50515991211,3999.8214491964973,4035.813256370879,4048.037593835669,4195.345474692992,37.291203537460134,0.5390474286909126,-31.894870935404015,-20.76286720740685,-11.132003727997166,-2.751583542291225,-40.14990234375,81.06572614397321,25.098526014316807,22.008936601987536,4301.33326001146,3825.0788249494776,0.1172114901589492,3875615000.0,1.1077570914551627,1.625971997017439,-36713980000,-2.88432413935127,-2.358697407321202,-7.490206626618356,-18.109128468321636,8.500163124252346,0.20444121408729837,1.2719253877660344,0.0
2022-09-15,3932.409912109375,3959.139892578125,3888.280029296875,3901.35009765625,4441830000,3991.5640625,3974.317041015625,4044.5715454101564,4042.45822265625,4014.2486206054687,4261.7355603027345,3980.127178888448,4023.0072412552004,4042.285143005104,4192.420147558299,30.215951737060934,0.45160564722699587,-38.33713153925237,-24.277720073775953,-14.059411465476416,-3.2069589049957603,-53.64990234375,81.85785784040179,25.20416140919407,21.625305874939478,4271.286390118062,3817.856700702251,0.11210821327425144,3903455000.0,1.137922686440602,3.461022444587303,-41155810000,-3.5410783601154585,-3.490651411291018,-8.456307472556658,-19.03594799389656,7.272186576552264,-0.34465441351117565,1.8223960915197697,0.0
2022-09-16,3880.949951171875,3880.949951171875,3837.080078125,3873.330078125,7954650000,3952.758056640625,3964.9650390625,4024.0510375976564,4041.872421875,4010.0207202148435,4258.26721069336,3958.7677587357584,4008.7522733380383,4035.6594541862764,4189.245121991798,35.57919120542961,0.6199396731002975,-45.18281155855857,-28.458738370732476,-16.724073187826093,-2.830539578746305,-93.52001953125,76.06427873883929,25.08780844286051,21.681219848180035,4233.234086307617,3814.867988887696,0.10396639940970631,4134171000.0,1.9241221516961926,79.0849717346229,-49110460000,-3.745503177381077,-4.169907561600228,-9.039759919286078,-19.617442671829473,6.501743348491135,-0.5228996622638522,1.1433139823423266,-1.0
2022-09-19,3849.909912109375,3900.449951171875,3838.5,3899.889892578125,3766850000,3910.65400390625,3962.52802734375,4007.621533203125,4041.8826220703127,4007.2676171875,4255.201459960937,3946.992185504232,3998.3844275513798,4030.3351576526234,4186.3659654802195,39.76542459448197,0.7513314417842272,-47.912600602397106,-32.3495108170654,-15.563089785331705,-1.3934287590866012,-24.3701171875,77.23427036830357,25.24083344210193,21.641001164947042,4200.152912642667,3815.0901537635837,0.09608261550868512,4134446500.0,0.9110893078432627,-52.64593665340398,-45343610000,-2.6881690232584106,-3.513034463614801,-8.350052770147203,-19.066251380397535,7.232036529091834,-0.6046519543452445,1.6139104121890062,-1.0
2022-09-20,3875.22998046875,3876.010009765625,3827.5400390625,3855.929931640625,4058050000,3895.302001953125,3957.3020263671874,3993.518518066406,4041.9126220703124,4003.9873168945314,4251.595609130859,3928.779734731511,3984.8173327027366,4023.495737024702,4183.078044745498,39.79597380347711,0.7522902785782444,-53.012089180448584,-36.48202648974204,-16.530062690706544,-2.7961774023465225,-52.260009765625,76.70425851004464,24.54427838575593,20.868272792166078,4187.160086215649,3799.8769499171635,0.09697792424060216,4141977500.0,0.9797373356084141,7.73059718332294,-49401660000,-3.445297318726325,-4.60135356252271,-9.306286718343816,-19.97854493889366,6.023305957995841,-0.6323232908781667,1.2663478424381684,-1.0
2022-09-21,3871.39990234375,3907.070068359375,3789.489990234375,3789.929931640625,4078330000,3864.085986328125,3938.3080078125,3976.578515625,4041.3352197265626,3999.0116162109375,4247.853107910156,3901.0097741133336,3966.2566278396785,4014.336293676307,4179.166123222067,37.735712158265216,0.6876256035928555,-61.6682458819937,-41.51927036819237,-20.148975513801325,-3.423067732278595,-189.940185546875,80.75711495535714,25.01448095132802,21.15182303567967,4179.472275561851,3773.6847556881485,0.10204438772659948,4154718000.0,0.9816141552808156,0.49974741563065805,-53479990000,-4.693697942866829,-6.220847180871765,-10.780108554526224,-21.348231662372548,4.208558720031792,0.4011994765823668,3.1027942659304353,-1.0
2022-09-22,3782.360107421875,3790.89990234375,3749.449951171875,3757.989990234375,4284600000,3835.41396484375,3913.489013671875,3957.4395141601562,4040.4594189453123,3995.272214355469,4243.684708251953,3872.405817337542,3946.4217099725065,4004.2834974628977,4174.975315928657,34.93203934795818,0.5996277556179543,-70.2952785565576,-47.27447200586542,-23.020806550692186,-3.843210115776252,-248.18994140625,78.96210588727679,24.9062973650679,20.81244058941259,4167.218337830412,3747.660690489901,0.1060174503840898,4189766500.0,1.0226345549328346,5.057707443978288,-57764590000,-5.039862851020939,-6.991022540319704,-11.445117896556562,-22.01107580923367,3.3303326526420087,-0.19973520237280729,1.1054941847915583,-1.0
2022-09-23,3727.139892578125,3727.139892578125,3647.469970703125,3693.22998046875,5144270000,3799.3939453125,3876.0760009765627,3932.1450073242186,4038.5164208984374,3990.6507153320313,4238.7171081542965,3836.5706499637836,3922.30821192453,3992.0853203258725,4170.181830003683,33.84925431366854,0.5656427797368052,-81.41930460988033,-54.1034385266684,-27.31586608321193,-7.2022485226556405,-374.130126953125,78.84068080357143,24.239134675334974,21.105592851732393,4141.220620883456,3723.0693937649808,0.10634176164398944,4268636500.0,1.205131896332705,20.064183354338795,-62908860000,-6.075946497661022,-8.549833761796926,-12.869156250983519,-23.35502922723882,1.549680397298179,-0.8209201657380137,2.1842516186539562,-1.0
2022-09-26,3682.719970703125,3715.669921875,3644.760009765625,3655.0400390625,4886140000,3750.423974609375,3830.5389892578123,3912.014013671875,4034.3540234375,3985.4463159179686,4233.486258544922,3800.2645277835272,3896.854100223384,3978.8678583155443,4165.056041039094,32.83380560005246,0.3044952464826911,-92.25334536657374,-61.73341989464947,-30.519925471924267,-8.76495560783075,-455.3701171875,79.91995675223214,21.976826504747514,21.134732659758964,4146.226216995924,3677.8018103478257,0.11973996131175105,4321306000.0,1.1307090958150152,-5.017815938899006,-67795000000,-6.56884085055144,-9.402099621683742,-13.663590340346063,-24.147578556247566,0.4996032657072544,-0.28457501485707787,1.9455303482089852,-1.0
2022-09-27,3686.43994140625,3717.530029296875,3623.2900390625,3647.2900390625,4577740000,3708.69599609375,3801.9989990234376,3892.848010253906,4030.682822265625,3978.917517089844,4228.385457763672,3769.669630039322,3873.086094398538,3965.864806580131,4159.904140521915,25.306635033977102,0.0,-100.30846737974844,-69.44842939166926,-30.86003798807917,-10.327830761600287,-285.39990234375,80.80425153459821,21.99625005851408,21.009966633488197,4147.997080168948,3637.6989403388643,0.13108606821687857,4380367500.0,1.0450584340240858,-6.3117307322344445,-72372740000,-6.3079259848983895,-9.511856926207406,-13.742725787551652,-24.308412982110617,0.6623814196836924,0.8590850444364467,2.600950771767609,-1.0
2022-09-28,3651.93994140625,3736.739990234375,3640.610107421875,3719.0400390625,4684850000,3694.518017578125,3779.302001953125,3879.4920166015627,4026.32982421875,3974.639216308594,4223.420557861328,3759.5437118439577,3858.415041509392,3956.1854039323807,4155.517433044707,30.028110503452083,0.21095397287709894,-99.7526972489909,-75.5092829631336,-24.2434142858573,-9.521437090466755,-226.969970703125,82.97853306361607,23.4985505053211,21.41279816624575,4141.935765327741,3617.048267875384,0.1352979965434131,4422817000.0,1.059245725066174,2.3398008624343047,-67687890000,-4.1359017328154914,-7.632007276400294,-11.942464925970771,-22.819397491055916,2.642625872279731,0.12748923979035162,2.6404882691647273,-1.0
2022-09-29,3687.010009765625,3687.010009765625,3610.39990234375,3640.469970703125,4681810000,3671.014013671875,3753.2139892578125,3863.765515136719,4019.9412255859374,3969.810517578125,4218.278056640625,3735.728963615791,3837.6583680992712,3943.804406550841,4150.392582673149,21.009158796689306,0.0,-104.44817969659289,-81.29706230982546,-23.151117386767424,-7.430536733303539,-260.880126953125,85.69353376116071,24.30744814472665,21.81606499879906,4144.234315096991,3583.296715176447,0.14517899642796914,4429783000.0,1.056893757549749,-0.06489001782340464,-72369700000,-5.779220906621002,-9.439721468253595,-13.697724004416587,-24.44994869552053,0.832873619896082,-0.8612445405387238,2.121928581156406,-1.0
2022-09-30,3633.47998046875,3671.43994140625,3584.1298828125,3585.6201171875,5645360000,3649.492041015625,3724.4429931640625,3844.7040161132813,4011.67462890625,3965.754318847656,4213.035708007813,3705.707194330133,3813.6547251552934,3929.75796383071,4144.772956150904,14.92278750866511,0.0,-111.31217073004427,-87.30008399386924,-24.012086736175036,-9.133020232747214,-287.7099609375,88.22141810825893,24.45544821867756,21.757309780737195,4146.66939166927,3542.7386405572925,0.15708120796318367,4504438500.0,1.2532882844332318,20.58071557794956,-78015060000,-6.738721572322659,-10.620365586201842,-14.892244792223568,-25.588238334082853,0.04157869339909633,-0.1920079080620721,2.4360182651984976,-1.0
2022-10-03,3609.780029296875,3698.35009765625,3604.929931640625,3678.429931640625,4806680000,3654.17001953125,3702.2969970703125,3832.4125122070313,4006.0106298828123,3962.5281176757812,4207.878607177734,3700.2517417922318,3800.7761733919915,3919.901962568354,4140.1327270513,30.829067906527413,0.6394950855644901,-108.01779479440756,-91.44362615397691,-16.574168640430656,-5.713923652982212,-221.4599609375,82.76426478794643,26.630393857576628,22.448391789905294,4140.689886230505,3524.1351381835575,0.16087901448058958,4561480000.0,1.053754483194051,-14.856094208341009,-73208380000,-4.017902041493179,-8.177229880485115,-12.582318193162315,-23.66217211188612,2.6310444071889183,0.6738001048567752,2.5914558059970094,-1.0
2022-10-04,3726.4599609375,3791.919921875,3726.4599609375,3790.929931640625,5146580000,3682.897998046875,3695.7969970703125,3826.54951171875,4002.4924267578126,3961.085617675781,4203.4899072265625,3718.387379761911,3799.8384360823375,3914.844235865306,4136.6580723705965,39.82840452719971,1.0,-95.23140003236267,-92.20118092965407,-3.0302191027085996,-2.1273721790388445,-65.0,87.31640625,29.136091168702965,23.220180992192613,4133.21478511536,3519.8842383221395,0.1602829245812462,4612442000.0,1.1158037325997812,7.071408955869751,-68061800000,-0.9308537618300966,-5.285768780043942,-9.814701229011447,-21.327478833228927,5.769881549768143,1.3057209241295245,1.7566259029664077,-1.0
2022-10-05,3753.25,3806.909912109375,3722.659912109375,3783.280029296875,4293180000,3695.74599609375,3695.1320068359373,3816.720007324219,3999.7370263671874,3959.6176171875,4199.303106689453,3731.365909668904,3798.2614449599128,3909.684855215564,4133.141872937027,41.86070934848312,1.0,-84.73855987832621,-90.7086567193885,5.970096841062286,-2.9900809123655003,-6.64990234375,88.27284458705357,28.191797657333378,23.14738937679678,4115.186159500253,3518.253855148185,0.1563992913304003,4632585000.0,0.9267352892607476,-16.581885446257516,-72354980000,-0.8761443847904249,-5.411780715666505,-9.906955197634023,-21.486235949534148,5.556443348757775,-0.9939495669949777,2.263166713831276,-1.0
2022-10-06,3771.969970703125,3797.929931640625,3739.219970703125,3744.52001953125,4252100000,3716.556005859375,3693.785009765625,3803.63701171875,3994.155224609375,3956.823918457031,4195.185606689453,3733.9967316413736,3793.1432139667068,3903.2078028357873,4129.274988823537,41.24990298050521,0.9773254087078443,-78.64395871469196,-88.2957171184492,9.651758403757242,-2.88931370861224,-13.469970703125,87.87569754464286,28.10422418776186,23.224493551506693,4089.8221519450753,3517.4518714924243,0.15047973260571834,4646847500.0,0.9150504723901527,-0.9568664719392106,-76607080000,-1.5542227611458281,-6.250012606922138,-10.742446923911839,-22.290615809805185,4.475009052765977,-0.2989484919479244,1.5701125207260846,-1.0
2022-10-07,3706.739990234375,3706.739990234375,3620.72998046875,3639.659912109375,4449660000,3727.36396484375,3688.4280029296874,3782.252001953125,3985.49982421875,3953.140417480469,4190.137756347656,3715.129367734974,3778.525756646961,3892.8725914347515,4124.403197015436,34.02221985048459,0.7090165475789544,-81.33766769746762,-86.90410723425289,5.566439536785268,-3.9649814704146635,-53.570068359375,92.2928466796875,28.54426631530193,23.925744561093467,4048.700944014121,3515.8030598921287,0.1408943359265348,4674233500.0,0.9519550103776373,4.646174831259842,-81056740000,-3.7700314460833493,-8.677453954653416,-13.137464118079656,-24.466759703112945,1.5493308309826113,-1.008941843008344,2.375488098521224,-1.0
2022-10-10,3647.510009765625,3652.169921875,3588.10009765625,3612.389892578125,3834320000,3714.15595703125,3684.16298828125,3757.3509887695313,3975.1418212890626,3948.3758154296875,4184.716905517578,3694.5814727036045,3762.70329340231,3881.8732699109623,4119.308537269791,34.73408843130569,0.7354428095992437,-84.69658463863107,-86.46260271512853,1.7660180764974598,-3.8744141957432254,-42.650146484375,91.701416015625,27.90728582602427,23.608732332427568,3984.9196420378385,3529.782335501224,0.12113249677684862,4675239500.0,0.8201333856800277,-13.828921760314273,-84891060000,-3.8580664043546977,-9.125509101793607,-13.676600493209854,-25.03268975918814,0.7884761626844032,0.21568217486837815,1.785619756277158,-1.0
2022-10-11,3595.860107421875,3640.659912109375,3568.449951171875,3588.840087890625,4759030000,3673.73798828125,3678.3179931640625,3740.15849609375,3964.546025390625,3945.0274169921877,4179.032155761719,3673.433195741009,3746.144892877388,3870.3817725768313,4114.030244241142,36.68648560228465,0.8079204558923975,-88.24162837514223,-86.81840784713127,-1.4232205280109582,-2.8265202310763127,-58.449951171875,88.460693359375,24.09335162303365,23.58731956225704,3963.8740702542455,3516.442921933254,0.11962892716666734,4701963500.0,1.012136738194586,24.116662146091095,-89650090000,-4.04577528896604,-9.476644616907475,-14.122697454179283,-25.52141483223344,0.5714003838572516,-0.45758585445639327,2.0235665884507172,-1.0
2022-10-12,3590.830078125,3608.340087890625,3573.860107421875,3577.030029296875,4006830000,3632.48798828125,3664.1169921875,3721.7094970703124,3954.2628271484373,3941.789816894531,4172.961356201172,3654.1525624521823,3730.0387153935294,3858.8777826442843,4108.686958520304,37.69113144768683,0.8452153092732984,-90.95559462774872,-87.64584520325477,-3.3097494244939583,-2.1343134119437446,-142.010009765625,87.96283830915179,23.916842544543705,22.838532447556943,3934.539978552875,3508.87901558775,0.11437243108313538,4687643000.0,0.8547643239896895,-15.805741926400973,-93656920000,-3.887446558828072,-9.539901982782428,-14.280777511124596,-25.76650696040567,0.24044272001579597,0.05544939829137485,0.9647826001119921,-1.0
2022-10-13,3520.3701171875,3685.409912109375,3491.580078125,3669.909912109375,5021680000,3617.565966796875,3667.060986328125,3710.137487792969,3944.557626953125,3939.4753149414064,4167.379155273437,3657.3040323836212,3724.3121626998004,3851.4672779174252,4104.321017759997,48.472216668559355,1.0,-84.63616904998753,-87.04390997260131,2.407740922613783,0.6201830072359416,29.43994140625,93.91353934151786,26.09785044508785,23.46499793163586,3906.361897148242,3513.9130784376957,0.10577743277756542,4716635500.0,1.0646741729353477,25.328002435840812,-88635240000,-1.0842610500540728,-6.962700024131592,-11.937220603855076,-23.838986621518455,5.107425005132325,-1.5839931911478096,5.551350095010934,-1.0
2022-10-14,3690.409912109375,3712.0,3579.679931640625,3583.070068359375,4243030000,3606.247998046875,3666.8059814453127,3695.6244873046876,3933.1802294921877,3935.568515625,4161.329205322266,3642.4572395787723,3710.860534667379,3840.941897150443,4099.134441149045,45.56752928652301,0.9134206615500727,-85.64793234034596,-86.76471444615025,1.1167821058042904,-3.656050197765559,-2.550048828125,98.29997907366071,27.107763425030885,23.80168229638727,3883.799016207037,3507.4499584023383,0.10183639033065814,4531054500.0,0.9364332298364542,-15.505766994312664,-92878270000,-3.045612976425572,-8.901452277919523,-13.896019959759675,-25.64115906172082,2.6203033637282545,0.558596818204104,3.6964217719524037,-1.0
2022-10-17,3638.64990234375,3689.72998046875,3638.64990234375,3677.949951171875,4352780000,3619.360009765625,3666.7579833984373,3684.527490234375,3923.8354296875,3932.933215332031,4155.825305175781,3649.555781897393,3707.726193382093,3834.5500561316753,4094.943550701512,51.70526250611383,1.0,-77.89581398347173,-84.99093435361455,7.095120370142823,1.0295368666785265,-0.47998046875,99.18711635044643,28.925831054823064,24.425281089516037,3846.307730952662,3522.747249516088,0.08781600416719713,4560351000.0,0.9544835474286957,2.5865949569057856,-88525490000,-0.1785178446879089,-6.266457473095595,-11.498927864189737,-23.672133064546365,5.3376943640644425,1.5511790984825489,1.4038195346053486,-1.0
2022-10-18,3746.260009765625,3762.7900390625,3686.530029296875,3719.97998046875,4483740000,3645.58798828125,3659.66298828125,3677.7299926757814,3915.433828125,3930.3457153320314,4150.594304199219,3663.6406216116643,3708.893220723679,3830.0571119880315,4091.2125699031762,50.05406565283503,0.9551091422370753,-67.58169254647237,-81.50908599218612,13.927393445713747,3.747186229718036,-70.949951171875,98.38070242745536,29.172023882354026,24.55659363822002,3819.3558768289054,3536.1041085226575,0.07701809781314703,4581635500.0,0.9786330667291189,3.008651941977303,-84041750000,1.1488061352276986,-4.991882285234482,-10.374763038025895,-22.799891047646998,6.541448204917074,1.857286246431519,2.0686121951967373,0.0
2022-10-19,3703.110107421875,3728.580078125,3666.510009765625,3695.159912109375,4223800000,3669.21396484375,3650.8509765625,3672.991491699219,3906.8876220703123,3926.7189135742187,4145.087303466797,3669.9444797112064,3707.5852865699358,3824.7670257182804,4087.2717474375663,53.353115833604264,1.0,-60.71061490744614,-77.34939177523813,16.63877686779199,0.4548130800275496,-88.1201171875,95.05426897321429,28.66546330238164,24.487045135965353,3804.813453373114,3541.1695300253236,0.0717790727105175,4588909000.0,0.9204366440912208,-5.79739235548894,-88265550000,0.6035521851944309,-5.419344768579239,-10.854473221375075,-23.314977685642063,5.830593296708768,-0.4534936514564051,1.69289237433018,0.0
2022-10-20,3689.050048828125,3736.0,3656.43994140625,3665.780029296875,4496620000,3668.38798828125,3642.9769775390623,3668.380993652344,3895.99841796875,3921.7943115234375,4139.448503417969,3669.1115896283404,3703.603833496311,3818.5322415448923,4083.0777999933807,55.073159742534074,1.0,-56.979127466956015,-73.2753389135817,16.29621144662569,-3.3012982197111795,-78.739990234375,94.50069754464286,28.649962475573588,23.87871884349558,3793.9894220443957,3542.772565260292,0.06848167003885411,4599510000.0,0.9776302258284034,6.459112647379128,-92762170000,-0.07090224161474946,-5.909098617958461,-11.442791804994863,-23.924693373909438,4.989143805214442,-0.16534773667649463,2.175888565618052,-1.0
2022-10-21,3657.10009765625,3757.889892578125,3647.419921875,3752.75,5078020000,3702.323974609375,3654.285986328125,3671.3569946289062,3886.908017578125,3918.0003125,4134.709353027344,3685.8392717026727,3708.2844207823764,3815.9525457980335,4079.7909562123523,54.73859469919968,0.984106883348199,-46.46848719433501,-67.91396856973238,21.445481375397364,-0.8069724963644553,113.090087890625,94.33926827566964,29.258543592979354,24.266876569607845,3802.1573990583993,3540.556590199413,0.07125452775137389,4596197500.0,1.1048306779680377,12.929711650083831,-87684150000,2.2169733286675597,-3.451535692931497,-9.237876726393884,-22.119820431281887,7.479992325287005,-0.2367826648422731,3.0287154500800275,0.0
2022-10-24,3762.010009765625,3810.739990234375,3741.64990234375,3797.340087890625,4747930000,3726.202001953125,3672.781005859375,3678.4719970703127,3877.2518212890627,3914.9614135742186,4130.215804443359,3708.1394349402635,3716.765912887924,3815.222645487939,4076.9804998111413,50.44745565833038,0.7802613988769816,-34.14705561403389,-61.16058597859268,27.01353036455879,1.410596500589345,184.9501953125,91.1678466796875,29.193468743099327,24.208854971308398,3820.5317132750984,3536.412280865527,0.0772384383069535,4589287000.0,1.0345681148291663,-6.500368253768196,-82936220000,3.231452921620276,-2.061040579300563,-8.059523577306068,-21.194449955788773,8.757067084934796,0.2467526418126707,1.8465139629270853,0.0
2022-10-25,3799.43994140625,3862.85009765625,3799.43994140625,3859.110107421875,4843120000,3754.02802734375,3699.8080078125,3689.0630004882814,3868.491220703125,3911.78431640625,4126.126206054688,3738.333569436586,3730.322502843538,3816.9437224265253,4074.812635210253,54.921412676773144,0.9927914351312056,-19.176849192627287,-52.76383862139961,33.58698942877232,6.0294148522606505,270.27001953125,89.82927594866071,29.57589390534407,24.471636535059957,3851.4621186068807,3526.663882369682,0.0880435590810481,4602556000.0,1.0522674792006876,2.0048737028557806,-78093100000,4.6094931669935235,-0.24250057053366403,-6.471350736702933,-19.9125472942587,10.526180728303412,0.055298010371029015,1.6689342963144882,0.0
2022-10-26,3825.969970703125,3886.14990234375,3824.070068359375,3830.60009765625,4817310000,3781.116064453125,3725.1650146484376,3694.641003417969,3858.99921875,3909.0049169921876,4121.927756347656,3756.7868750805187,3739.8727499685583,3817.4792665531813,4072.382659712204,55.66197351373677,1.0,-9.503818169207989,-44.11183453096129,34.6080163617533,6.040605016818668,253.570068359375,90.06998116629464,29.103802163209036,24.479232625326393,3868.6257844441457,3520.656222391792,0.09418223901332809,4609179000.0,1.0451557641827318,-0.5329209270057311,-82910410000,3.679899998741508,-0.7359193273677099,-7.067752661185524,-20.504210655807643,9.709644686519859,-0.8587507429501582,1.6233968749168044,0.0
2022-10-27,3834.68994140625,3859.949951171875,3803.7900390625,3807.300048828125,4687320000,3809.420068359375,3738.9040283203126,3702.9825073242187,3849.6644189453127,3905.863615722656,4117.398907470703,3766.88950983004,3746.2943974789932,3817.080081544356,4069.745021792959,62.35191815635945,1.0,-3.6756203431982613,-36.02459169340868,32.34897135021042,6.087202427174798,137.39013671875,85.2392578125,27.99955125577992,24.25241630544219,3881.9572424512025,3524.0077721972348,0.09666517990456905,4609454500.0,1.0168925628835257,-2.6983939169370474,-87597730000,2.817122179150837,-1.100469170993201,-7.531426165192006,-20.987752588175713,9.042323636829448,0.10676770338157637,1.4764198741951708,0.0
2022-10-28,3808.260009765625,3905.419921875,3808.260009765625,3901.06005859375,4459410000,3839.082080078125,3770.70302734375,3718.754504394531,3842.0108154296877,3903.2674145507813,4113.2724572753905,3793.7236195827822,3761.033984251827,3820.3734139776657,4068.0665644476935,69.37150687427156,1.0,8.411949904559606,-27.137283373815023,35.54923327837463,9.058633185714914,317.989990234375,87.67140415736607,28.25019341102389,24.821553582383657,3909.397437639429,3528.111571149633,0.10253052898200787,4550157000.0,0.9800562925630918,-4.862266711041707,-83138320000,4.902328292544845,1.5369358911463213,-5.159210844550007,-19.0419671250056,11.727641105360048,0.025213692779361398,2.5512940781413347,0.0
2022-10-31,3881.85009765625,3893.72998046875,3863.179931640625,3871.97998046875,4820620000,3854.01005859375,3790.1060302734377,3728.4320068359375,3834.8808154296876,3900.829514160156,4109.337208251953,3809.374891759976,3771.6002696058194,3822.397200898885,4066.115454159346,68.86040476312058,0.9838669174759185,15.466627485799563,-18.616501201892106,34.08312868769167,5.506131572674766,194.030029296875,85.21927315848214,27.360428982723782,24.856461871631023,3929.8043261914067,3527.0596874804683,0.10801984265034781,4550854000.0,1.0592781047249593,8.099950441874594,-87958940000,3.850089618628495,0.9674137691527076,-5.776046494957048,-19.64546101781683,10.894778118565366,-0.49242925381735314,0.7908005676336937,0.0
2022-11-01,3901.7900390625,3911.7900390625,3843.800048828125,3856.10009765625,4481210000,3853.408056640625,3803.7180419921874,3731.6905151367187,3829.2430126953127,3899.212314453125,4105.303458251953,3818.7199329392306,3779.647872277289,3823.718883124664,4064.0257491195143,68.48906042910718,0.9629286138456729,19.55076738935395,-10.983047483642896,30.533814872996846,7.6200025142654,136.1201171875,87.61284528459821,25.416080316798105,24.863929200921675,3939.33248713571,3524.0485431377274,0.11128574095667408,4517585500.0,0.9919480217917293,-7.040795582310988,-92440150000,3.333866568379487,0.7013679954992785,-6.070278680490392,-19.975013512645344,10.439973060191118,0.7698918575023502,1.7688222428506233,0.0
2022-11-02,3852.89990234375,3894.43994140625,3758.679931640625,3759.68994140625,4899000000,3839.226025390625,3810.171044921875,3730.5110107421874,3821.8622119140623,3897.800612792969,4101.216358642578,3806.9139346326347,3777.7471169562377,3821.207944233746,4060.9975321273428,55.920447414067624,0.43492387309560654,14.83695265693268,-5.81904745552778,20.65600011246046,2.2224334566687265,64.530029296875,83.46500069754464,27.057948206913174,25.34514849604927,3937.184824851102,3523.837196633273,0.11080187862402079,4547876500.0,1.0772060323098043,9.323151559511821,-97339150000,0.7821698040842244,-1.6267533223463655,-8.327442089628411,-21.975797013011253,7.678754526094863,-0.08299046268132637,3.611906633038774,0.0
2022-11-03,3733.25,3750.590087890625,3698.14990234375,3719.889892578125,4625290000,3821.743994140625,3815.58203125,3729.279504394531,3813.444609375,3897.503212890625,4097.1520092773435,3789.509126221733,3772.2369051107034,3817.2346873060746,4057.6034262611815,59.6192096516505,0.49515584849824973,7.799778214679009,-3.0952823214864225,10.895060536165431,-0.002421730522694787,54.10986328125,78.40928431919643,27.075080628657272,24.967641299424784,3935.895361786769,3522.663647002293,0.11080738633227397,4566536000.0,1.0128662075586397,-5.587058583384364,-101964440000,-0.2517808548632938,-2.4532863691498026,-9.207911150110345,-22.801760626249045,6.53886805814658,-0.7032479225231157,1.4180113551816913,-1.0
2022-11-04,3766.97998046875,3796.340087890625,3708.840087890625,3770.550048828125,5400180000,3795.6419921875,3817.3620361328126,3735.824011230469,3804.8732080078125,3897.853913574219,4093.5911096191408,3785.7173107430112,3772.0762521314105,3815.4039171696845,4054.74717374941,56.94194818933551,0.3565628831243453,6.238702119298978,-1.2284854333293427,7.467187552628321,2.04024016583666,17.800048828125,77.04071916852679,25.344422600917234,25.170259357045587,3938.7463503395556,3532.901672121382,0.1086359199464807,4614062000.0,1.1703743902877768,16.753327899439817,-96564260000,0.9295415815430353,-0.902084177403082,-7.8913856352661185,-21.750419059203725,7.989791568891456,1.2659000467884418,2.3592281663932555,0.0
2022-11-07,3780.7099609375,3813.949951171875,3764.699951171875,3806.800048828125,4341620000,3782.606005859375,3818.3080322265623,3745.5445190429687,3799.8560107421877,3898.0220141601562,4090.63541015625,3789.9338583600343,3775.38328038824,3815.066510568055,4052.2800381780544,56.56553534734389,0.323296508723237,7.836278373695222,0.5844673280755703,7.251811045619652,3.8469307597351676,9.4599609375,74.49857003348214,25.23956967945944,24.972513067169828,3942.096298985406,3548.9927391005313,0.10495231277756044,4639427000.0,0.9358095299268638,-19.602309552644538,-92222640000,1.6354238876009373,0.18274476891509966,-6.938661916029409,-20.998129002747522,9.028003472639815,0.26945437609381867,1.3082051860379862,0.0
2022-11-08,3817.02001953125,3859.39990234375,3786.280029296875,3828.110107421875,4607640000,3777.0080078125,3815.2080322265624,3757.508020019531,3795.8060107421875,3899.6354150390625,4087.725311279297,3797.5691081724026,3780.4048829628723,3815.5780241701655,4050.0494916033663,60.10766131936159,0.5104723904410954,10.6985860577106,2.607291074002576,8.091294983708023,2.008130235743777,-31.0,75.287841796875,25.021835171900797,24.99110989558492,3942.698193097636,3572.3178469414265,0.09857074001781746,4631857500.0,0.9947715360414261,6.127205973807004,-87615000000,1.8789603914664925,0.8510470921924471,-6.351092211139123,-20.555884997710905,9.638330548546195,0.26846618083529467,1.9311797458481592,0.0
2022-11-09,3810.93994140625,3818.199951171875,3744.219970703125,3748.570068359375,4645010000,3774.784033203125,3807.005029296875,3766.0850219726562,3791.0542138671876,3900.37271484375,4084.6859106445313,3787.769300209797,3777.3729958577774,3812.9502611971934,4047.0496963472074,55.8481537102047,0.2853880487981822,6.474139263189954,3.380660711840052,3.0934785513499024,-1.2843205612995567,-82.030029296875,75.59713309151786,26.385571094066762,25.280426571836127,3930.8428561075057,3601.327187837807,0.0874955467938693,4663766500.0,0.9959782506263982,0.8110442656110273,-92260010000,-0.465070584203301,-1.1206419932590543,-8.228682685472869,-22.20656583845179,7.360277710496624,-0.4485285306275745,1.9758449302554555,-1.0
2022-11-10,3859.889892578125,3958.330078125,3859.889892578125,3956.3701171875,5781260000,3822.080078125,3821.9120361328123,3780.4080322265627,3791.0816162109377,3902.288515625,4082.7181103515627,3821.489463605338,3794.420340746322,3818.574569275245,4046.1474119774593,62.28609796611507,0.6255870993316747,19.667250208037785,6.637978611079599,13.029271596958186,2.5202704006442644,149.070068359375,82.68927873883929,31.180229381646324,27.759214589846543,3959.172933300494,3601.643131152631,0.09457439490659614,4701745500.0,1.229598667133302,24.46173420509321,-86478750000,4.654579174018425,4.359929901529337,-3.094702836419507,-17.89412692908592,13.311739346161442,2.9696610224354427,2.5503366232326417,0.0
2022-11-11,3963.719970703125,4001.47998046875,3944.820068359375,3992.929931640625,5593310000,3866.5560546875,3831.0990234375,3800.901025390625,3791.603212890625,3904.618916015625,4081.0502111816404,3855.7775572123955,3813.3260160695886,3825.412034466044,4045.617884809929,61.91704881025269,0.4841239121258199,32.69605736954327,11.849594362772333,20.846463006770936,4.237712886910239,91.869873046875,81.80140904017857,29.445579771632,27.83336576174611,3978.3800128417633,3623.4220379394865,0.09338785002058748,4769259500.0,1.1727837413753646,-3.251021403638654,-80885440000,5.052194334112263,5.309804519247507,-2.1592549706831656,-17.135407346217786,14.358824437583943,0.1857726476017834,1.436311698062809,0.0
2022-11-14,3977.969970703125,4008.969970703125,3956.39990234375,3957.25,4561930000,3896.646044921875,3839.626025390625,3814.8660278320312,3792.2630126953127,3906.2341162109374,4078.6772106933595,3876.0720457699163,3827.0330621581993,3830.5821507614933,4044.7386023740096,56.1758915597383,0.03748618078285058,39.68494527267285,17.416664544752436,22.268280727920413,3.938485258550317,85.27001953125,80.87712751116071,28.799183138178623,27.772768912294527,3995.5354651640214,3634.196590500041,0.09471862760782908,4779717000.0,0.954435168441981,-18.439528651192227,-85447370000,3.7323452810447666,4.350620902410049,-2.977122346799229,-17.8758668714117,13.336939478846713,-0.3746612435884447,1.3287349524054122,0.0
2022-11-15,4006.409912109375,4028.840087890625,3953.169921875,3991.72998046875,5015310000,3929.37001953125,3853.189013671875,3828.4535278320313,3793.9338134765626,3907.0340161132813,4076.0581115722657,3899.203632709683,3842.71848294968,3836.901673495111,4044.211153399828,60.0641985549988,0.3117603151854841,47.45885936211698,23.425103508225348,24.033755853891634,2.3242380407669128,135.6298828125,81.84786551339286,28.719534619805582,27.50928081857203,4019.644784605194,3637.2622710588685,0.09987910543160244,4806295500.0,1.043487650728092,9.938337501890636,-80432060000,4.264814799232486,5.213484913458133,-2.0688647903252697,-17.160309727868395,14.324457441982357,1.2422746126571482,1.9141642659199032,0.0
2022-11-16,3976.820068359375,3983.090087890625,3954.340087890625,3958.7900390625,4165320000,3971.414013671875,3873.0990234375,3841.6350341796874,3793.5122119140624,3907.6208154296874,4073.1193615722655,3911.1209139802468,3853.7729168651867,3841.6816093997145,4043.3611920631383,59.34950088522244,0.25891116888977156,50.381003458338455,28.81628349824797,21.564719960090486,2.242006906844618,199.10009765625,80.50714983258929,28.800108966976694,27.55255119591089,4030.4693169398433,3652.8007514195315,0.09830932979320776,4803371500.0,0.8671659062806197,-16.94790551331822,-84597380000,3.049613090271834,4.356855017610308,-2.806922959056942,-17.843906703873138,13.381046703313606,-0.37352005727662285,0.7270492512275594,0.0
2022-11-17,3919.260009765625,3954.330078125,3906.5400390625,3946.56005859375,4051780000,3969.452001953125,3895.7660400390623,3855.674035644531,3792.319814453125,3908.8709155273436,4069.905262451172,3918.2087429029475,3862.6097875060022,3845.7944897602647,4042.397996705234,53.122340361369076,0.0,51.120679126436244,33.27716262388563,17.843516502550614,2.3458924469435205,226.670166015625,77.23073032924107,28.594361892650603,27.54641041670039,4030.7047047794827,3680.6433665095797,0.09079121705665277,4781129500.0,0.8474524691288952,-2.725840991808548,-88649160000,2.357201934318235,4.067173964410677,-3.0306652342844727,-18.09771339897091,13.03077604661661,-0.9985381620854108,1.2233341674380678,0.0
2022-11-18,3966.389892578125,3979.889892578125,3935.97998046875,3965.340087890625,4037360000,3963.934033203125,3915.2450439453123,3866.3035400390627,3790.2794140625,3910.336015625,4067.344763183594,3927.6350119004833,3872.393625637871,3850.4825524320436,4041.6312513438947,56.49850335067953,0.2197061555379399,52.6157472533132,37.14487954977115,15.470867703542055,5.469869848029418,194.7900390625,77.66142926897321,27.634981605400082,27.399099698831243,4040.8364810005155,3691.77059907761,0.09028413788726451,4729096500.0,0.85372755662736,-0.3558929655608112,-84611800000,2.5615305892553306,4.618674633290194,-2.5078935087156884,-17.707974659660692,13.568642252651328,0.5024586903522463,1.1156030347528751,0.0
2022-11-21,3956.22998046875,3962.0,3933.340087890625,3949.93994140625,3850690000,3962.472021484375,3929.559033203125,3873.9335327148438,3787.070009765625,3911.9816162109373,4064.591813964844,3932.095997801637,3879.7789890443833,3854.382842195738,4040.7189000012318,56.536261586505205,0.37254599831056495,51.95898555620579,40.107700751058076,11.851284805147714,6.184324145914055,143.139892578125,75.09071568080357,27.51429907936896,26.51452255885769,4049.113473088873,3698.7535923408145,0.09044034384929858,4684234500.0,0.8220532084804891,-4.623565894544946,-88462490000,1.9619956834453258,4.300684466372059,-2.820747514293584,-18.027571268437644,13.127577000250042,-0.22974340712150998,0.7286405820236297,0.0
2022-11-22,3965.510009765625,4005.8798828125,3956.8798828125,4003.580078125,3887990000,3964.842041015625,3947.1060302734377,3881.15703125,3788.4878125,3913.7641162109376,4062.1903637695314,3946.39281386631,3891.569568956823,3860.2337141929643,4040.3493594850506,68.0640543809094,1.0,55.13128874479753,43.11241834980597,12.01887039499156,6.18026617546954,175.469970703125,69.3892822265625,27.349084924030514,26.633874370090787,4065.441119061528,3696.872943438472,0.09496347935820358,4636478000.0,0.8385653938183251,0.9686575652675167,-84574500000,3.154292544447024,5.677522966163692,-1.4428246929851811,-16.914386675873033,14.663848130183718,0.3941849392735773,1.238349443278309,0.0
2022-11-23,4000.300048828125,4033.780029296875,3998.659912109375,4027.260009765625,3279720000,3978.53603515625,3974.9750244140623,3890.990026855469,3790.1128125,3915.7228173828125,4059.718963623047,3962.566253046173,3904.4924680814706,3866.7837649997355,4040.2191171992854,73.32271235170762,1.0,58.87743207192261,46.2654210942293,12.61201097769331,5.791214618833629,278.68994140625,67.50214494977679,27.159307867099912,26.562257303769638,4084.6632674561715,3697.316786254766,0.09954959496887793,4559598500.0,0.7193001752237614,-15.644844765547239,-81294780000,3.502193065765417,6.256995741221752,-0.7995369666784589,-16.422961100402553,15.342049148369766,-0.08192740579354513,0.8782971785408331,0.0
2022-11-25,4023.340087890625,4034.02001953125,4020.760009765625,4026.1201171875,1706460000,3994.448046875,3981.9500244140627,3901.9310302734375,3792.608212890625,3917.5332177734376,4056.913663330078,3975.2770258744386,3916.076053710616,3873.0322493992558,4040.0788286419543,70.9679616220493,0.8834303283729352,61.05054516162136,49.22244590770772,11.828099253913635,5.172526500262542,69.75,62.199288504464285,26.992845257337066,26.509908089981636,4100.362409035536,3703.4996515113394,0.10170932147316442,4410555500.0,0.386903645130415,-47.96933884599904,-83001240000,3.1827596631137696,6.15702680554231,-0.7590387348125519,-16.446617096318462,15.309402250615179,-0.09733471058473148,0.3297886402923596,0.0
2022-11-28,4005.360107421875,4012.27001953125,3955.77001953125,3963.93994140625,3615430000,3994.168017578125,3979.051025390625,3905.0750244140627,3794.42041015625,3918.146416015625,4054.2129626464844,3973.0096089808007,3920.6345192054387,3876.597256928942,4039.3212277739376,62.36620703302869,0.4576087349322466,57.097151991096325,50.79738712438545,6.299764866710873,5.745387417584946,-28.989990234375,63.70643833705357,26.48132702969968,26.70142381742177,4105.431527652856,3704.7185211752694,0.10261339512618238,4368356500.0,0.8276407843544821,111.86725736319633,-86616670000,1.5073952900820313,4.467600131926852,-2.226647245025493,-17.737031660426968,13.528541597559753,-0.5156331445999476,1.4282933467071255,0.0
2022-11-29,3964.18994140625,3976.77001953125,3937.64990234375,3957.6298828125,3546040000,3995.706005859375,3979.089013671875,3909.35751953125,3795.5752099609376,3918.728916015625,4051.907911376953,3969.933663747141,3924.157887168016,3879.7750069635913,4038.5083785703414,60.43907996670596,0.36220816175248366,52.845717887154024,51.20705327693917,1.6386646102148532,0.0318414503114095,0.3798828125,61.277884347098215,26.31906007683183,26.60915060112357,4110.395822125204,3708.319216937296,0.1028497913478425,4304627500.0,0.8237739502430814,-1.9192737793291559,-90162710000,1.2347901935312886,4.269568217915253,-2.3267564472464706,-17.867983228309292,13.347819447342351,0.00630685640285735,0.9934889631557926,0.0
2022-11-30,3957.179931640625,4080.110107421875,3938.580078125,4080.110107421875,6579360000,4011.01201171875,3987.9270263671874,3920.5580200195313,3800.0588134765626,3920.9857177734375,4050.3001123046874,3991.968952482088,3939.0104795731454,3887.631285412936,4038.922326121103,74.99170003216928,1.0,58.6830940664413,52.7022614348396,5.9808326316017,2.183363526878357,88.380126953125,65.39501953125,28.20797443707222,27.30817727404266,4133.6994185198255,3707.416621519237,0.10873013352279497,4409535000.0,1.4920756950562815,85.541054246427,-83583350000,4.069626991556391,7.369656831418925,0.7359947236162996,-15.32617205351879,16.855693300120993,-0.011369207965330023,3.593427745266303,0.0
2022-12-01,4087.139892578125,4100.509765625,4050.8701171875,4076.570068359375,4527130000,4020.8740234375,3999.705029296875,3936.4020263671873,3805.7916162109377,3923.56341796875,4048.3276135253905,4008.889175657546,3952.1113927908814,3895.040649450051,4039.2969305214842,63.092527559143065,0.4558975364553588,62.305387454726315,54.622886638816944,7.682500815909371,3.0152269469802206,117.780029296875,53.957850864955354,26.238949506072302,27.06601073920204,4146.278950001374,3726.5251027330005,0.10663388659408718,4390941500.0,1.0310157855667172,-31.191939641545684,-88110480000,3.560816223884161,7.11490484647253,0.6976326406891329,-15.39963787934459,16.75430541889557,0.17229400607259482,1.2254070607419172,0.0
2022-12-02,4040.169921875,4080.47998046875,4026.6298828125,4071.699951171875,4012620000,4029.989990234375,4012.2190185546874,3953.992529296875,3812.0658154296875,3926.2626171875,4046.311064453125,4021.4513307604116,3963.500779303357,3901.968465203848,4039.6193486374086,59.216088865123275,0.27864320654484115,64.04483432284542,56.50727617562264,7.537558147222775,2.0033912888500094,125.139892578125,53.757149832589285,25.747215684120324,27.036985439238535,4145.64410081714,3762.3409577766106,0.09694078585138108,4360308000.0,0.9202606788327797,-11.365037010202927,-92123100000,2.976925752966241,6.810851341844478,0.6274576105082916,-15.500706589246182,16.614823663400067,-0.8929110961908309,1.3373490790923415,0.0
2022-12-05,4052.02001953125,4052.449951171875,3984.489990234375,3998.840087890625,4280820000,4036.97001953125,4015.5690185546873,3965.40703125,3818.178017578125,3928.3472192382815,4044.403966064453,4016.9290821864547,3966.8664277402395,3905.7673523680355,4039.213584848884,54.47657218598457,0.06192370718671092,58.86561033300541,56.9789430070992,1.8866673259062097,1.0116739820232867,33.5,56.23142787388393,26.704518321921718,27.112627849732533,4137.222958389251,3793.5911041107483,0.08665739773255539,4304340000.0,0.9945357476407533,6.683912256829694,-96403920000,0.843117903840661,4.731630360888572,-1.1265906807564903,-17.012754883349444,14.528093253356708,-0.48333452554530504,1.7056125402263207,0.0
2022-12-06,3996.6298828125,4001.510009765625,3918.389892578125,3941.260009765625,4368380000,4033.696044921875,4014.701025390625,3972.130029296875,3823.9024169921877,3929.1282202148436,4042.3659155273435,4001.7952677022886,3964.4277212664665,3907.1592212855885,4038.238922410245,44.824979284897125,0.0,49.54369800811082,55.491894007301525,-5.948195999190702,-0.13429540535140339,-8.679931640625,56.76356724330357,27.27297021081502,27.17155225715292,4127.555635537661,3816.7044230560887,0.07825806561941721,4305678000.0,1.0145626310188547,2.0454025163403333,-100772300000,-0.7771653823909273,3.069053024259669,-2.501156695720082,-18.20770440675383,12.878980907752972,-0.05527115437343923,2.121282451880017,0.0
2022-12-07,3933.280029296875,3957.570068359375,3922.679931640625,3933.919921875,4118050000,4004.4580078125,4007.735009765625,3977.420520019531,3829.6350146484374,3930.158918457031,4040.511716308594,3988.220198536831,3961.5222165625173,3908.208660524389,4037.2009224049193,47.308608078931435,0.08233008867093695,41.09007082202561,52.611529370246345,-11.521458548220735,-0.7923700191964866,-69.66015625,56.585013253348215,27.261753873489177,25.617537362291266,4118.771002064643,3836.07003797442,0.07107645838987996,4281198500.0,0.96189186275759,-5.730499636020681,-104890350000,-1.0936886840498692,2.723103032734727,-2.638076608053396,-18.360031996647123,12.668758380232802,-0.20247282465448266,0.8894464327136045,0.0
2022-12-08,3947.7900390625,3974.18994140625,3935.830078125,3963.510009765625,4006900000,3981.84599609375,4001.360009765625,3988.167517089844,3834.5244140625,3930.427119140625,4039.201766357422,3983.27816078259,3961.7115302009083,3910.3773408867905,4036.4676794930856,51.7678633723521,0.23015044113082106,36.35905857551779,49.36103521130064,-13.001976635782846,0.3435512580108657,-63.75,55.729300362723215,26.009476010899885,25.65452176801881,4080.4095537773264,3895.9254804023612,0.046257854662429716,4249293000.0,0.9429568636476703,-2.6990930173261596,-100883450000,-0.6182665903214457,3.363796439268743,-1.8739285871340938,-17.7459539583083,13.516228214191619,0.35257751715721686,0.974632098434604,0.0
2022-12-09,3954.169921875,3977.02001953125,3933.0400390625,3934.3798828125,3888260000,3954.381982421875,3992.185986328125,3987.068005371094,3840.4026123046874,3930.1719189453124,4037.430164794922,3973.4985051885724,3959.108516163917,3911.31861704074,4035.4518805211396,46.839124437494114,0.06676712293228355,29.914305992101617,45.47168936746084,-15.557383375359223,-1.7284578792516214,-91.740234375,55.734305245535715,17.833837502653985,25.591179248892153,4081.4063380035827,3892.729672738605,0.04732215879207624,4154643000.0,0.9358830590257695,-2.9608924605056264,-104771710000,-1.3214753921331728,2.447068185161329,-2.5523731130011074,-18.350486505898445,12.68193181252444,-0.23565193143481705,1.118218478122417,0.0
2022-12-12,3939.2900390625,3990.7099609375,3935.300048828125,3990.56005859375,3904130000,3952.7259765625,3994.847998046875,3986.94951171875,3848.5014111328123,3930.088020019531,4035.4597155761717,3976.910815869608,3962.1039011572343,3914.4261245526227,4035.0051957258424,53.8283232413597,0.2984528557773952,29.005704104543838,42.178492314877445,-13.172788210333607,-0.9112883469873267,26.6201171875,57.47216796875,18.267178327426894,25.70395217037152,4081.262792816911,3892.636230620589,0.047310998456814246,4070184000.0,0.9592023358157764,0.4081517182492833,-100867580000,0.09055913209805601,3.6912718038765764,-1.1126280559589485,-17.184588916651652,14.290950495304273,0.1248012748197046,1.4080225502976644,0.0
2022-12-13,4069.3798828125,4100.9599609375,3993.030029296875,4019.64990234375,5079360000,3968.403955078125,4001.05,3990.0695068359373,3855.325810546875,3930.6682202148436,4033.6882653808593,3985.458633164437,3967.584472698807,3918.5525472110985,4034.8524067369663,51.588019239009185,0.22418876784025696,30.2838445304792,39.7995627579978,-9.515718227518597,-0.16070595648969288,62.02001953125,61.36216517857143,18.121257234758108,25.708625240222016,4084.3744917683066,3895.764521903568,0.047269845686047536,4096055500.0,1.2400613224112809,30.10222507959519,-95788220000,0.7413503814190312,4.262262124444572,-0.34802796134727637,-16.580892359493316,15.124093172805782,1.9751569469305432,2.702958175839969,0.0
2022-12-14,4015.5400390625,4053.760009765625,3965.64990234375,3995.320068359375,4472340000,3980.683984375,3992.57099609375,3990.2490112304686,3859.41361328125,3930.9530200195313,4032.133566894531,3987.4309202034246,3970.2259579998135,3921.5630382365216,4034.4590501361945,46.847745525796604,0.06705290435263465,28.999280107253526,37.63950622784895,-8.640226120595422,0.7916398183871687,-84.7900390625,65.14716448102679,18.02510316133075,25.62757210073675,4084.5809672567348,3895.9170552042024,0.047281237717631645,4068907000.0,1.0991502140501122,-11.950718200718203,-100260560000,0.12708623232871064,3.5214275715470187,-0.9130029530125223,-17.08580524726368,14.427278738080282,-0.10224430935772912,2.2218327283455053,0.0
2022-12-15,3958.3701171875,3958.3701171875,3879.449951171875,3895.75,4493900000,3967.131982421875,3974.4889892578126,3987.0970092773437,3861.6630126953123,3930.70001953125,4029.679616699219,3969.09473616274,3963.133009618879,3920.5507622272467,4033.078860582601,39.22651443254376,0.0,19.71946742668797,34.05549846761676,-14.336031040928788,-1.563559116056723,-180.820068359375,72.47645786830357,19.964247442130564,25.91531777208576,4089.7047488276307,3884.4892697270566,0.05146989868143921,4085336000.0,1.1000074412484064,0.482074260901455,-104754460000,-2.2910656315809126,0.8827022760045574,-3.3235797740397794,-19.1521658637443,11.57555928352191,-0.9248308155458496,2.0343132920631026,0.0
2022-12-16,3890.909912109375,3890.909912109375,3827.909912109375,3852.360107421875,7493660000,3950.72802734375,3952.5550048828127,3982.38701171875,3863.819814453125,3928.98751953125,4027.1239660644533,3945.747810414567,3952.583209409641,3917.876618901546,4031.280664033738,40.483766656963674,0.035152962394610895,8.762933668710957,28.9969855078356,-20.234051839124643,-5.58195720222634,-219.33984375,72.29717145647321,20.29231059437756,25.9615935639843,4100.331477540182,3864.4425458973174,0.059233050667533725,4257430000.0,1.7601369840490624,66.75181913260198,-112248120000,-3.2650494267446097,-0.2965900994757488,-4.339669205995861,-20.052628890978134,10.332858511743375,-0.12424020767823911,1.6458067573822228,0.0
2022-12-19,3853.7900390625,3854.860107421875,3800.0400390625,3817.659912109375,3969610000,3916.147998046875,3934.4369873046876,3975.0030029296877,3867.379814453125,3926.4398193359375,4024.5679150390624,3920.130230753529,3939.73337157152,3913.9465519685195,4029.1550844126,38.613859419790764,0.0,-2.6892144420257864,22.65974551786332,-25.348959959889108,-6.351176403407166,-181.18017578125,73.41859654017857,20.34613392620028,25.773078499297725,4114.045373490316,3835.960632369059,0.06995837258897679,4254042500.0,0.9331383031551753,-47.027086897457316,-116217730000,-3.958313759872545,-1.285622429892651,-5.14112340250268,-20.77275611554867,9.33903352316874,0.037118327486314794,1.4426181775942433,0.0
2022-12-20,3810.469970703125,3838.239990234375,3795.6201171875,3821.6201171875,3985370000,3876.542041015625,3922.472998046875,3968.58701171875,3871.5644189453124,3923.3531201171877,4022.67056640625,3900.4282080403236,3928.4844902016134,3910.3259074673033,4027.090059863097,23.94940139782919,0.0,-11.315135041731992,15.864769405944259,-27.17990444767625,-6.141902325400961,-119.639892578125,66.35358537946429,20.35728694067558,25.671978370312615,4123.4421648027055,3813.7318586347947,0.07804044745733793,4260776500.0,0.9353623688076574,0.3970163315791808,-112232360000,-3.703254939283803,-1.2900289483344856,-4.997934727684236,-20.69057065618865,9.452455097055472,-0.18833373248999896,1.1228698270904864,0.0
2022-12-21,3839.489990234375,3889.820068359375,3839.489990234375,3878.43994140625,3775200000,3853.166015625,3916.925,3962.3300048828123,3877.356416015625,3920.951220703125,4021.209265136719,3896.030554713509,3923.718342697293,3909.075477425694,4025.61095420681,31.968840887225966,0.2273941803248153,-13.411751983689555,10.009465128017496,-23.42121711170705,-3.0108767502099787,-55.47998046875,67.6793212890625,20.487130139754566,25.824161293905895,4121.290138562615,3803.36987120301,0.08023568631785562,4255137000.0,0.8872099770230665,-5.273537965107378,-108457160000,-2.117190223257121,0.027944952033536075,-3.550407708652655,-19.511398552206437,11.07979352113259,0.4675994080758145,1.3108532188653443,0.0
2022-12-22,3853.260009765625,3853.260009765625,3764.489990234375,3822.389892578125,3956950000,3838.493994140625,3902.81298828125,3952.0864990234377,3882.26361328125,3918.263220214844,4018.931815185547,3881.3024222864324,3914.068014114515,3905.6760427257896,4023.588854091102,29.244582763215547,0.17345797952035893,-19.37278907283826,4.133014287846345,-23.505803360684602,-3.0160435214364067,-141.1201171875,71.97216796875,20.780429811389915,25.72706180614748,4119.602896162453,3784.5701018844215,0.08477364914983986,4288998500.0,0.9225813438731676,4.81431447340539,-112414110000,-3.2817248933534415,-1.542237381776357,-4.890402018386765,-20.674595639028045,9.47450171702125,-0.6492283500848856,2.358088871574426,0.0
2022-12-23,3815.110107421875,3845.800048828125,3797.010009765625,3844.820068359375,2819280000,3836.985986328125,3893.8570068359377,3943.0214965820314,3885.76181640625,3915.1597216796877,4016.8583154296875,3874.005951501021,3907.4729716616444,3903.2895339271067,4021.810060203224,36.00226851354673,0.40339029563502377,-22.033042979816855,-1.100197165686295,-20.93284581413056,-2.264912740601943,-89.559814453125,69.22788783482143,20.984619107937604,25.343269994529972,4113.268936237107,3772.7740569269563,0.08635379736207496,4344639500.0,0.6489099958696228,-28.751184624521407,-109594830000,-2.490512118886021,-1.0536350394409943,-4.282905533647368,-20.20910603337841,10.11690931700089,-0.19045114080028952,1.2849594532807571,0.0
2022-12-27,3843.340087890625,3846.64990234375,3813.219970703125,3829.25,3030300000,3839.30400390625,3877.7260009765623,3936.286999511719,3890.6854150390627,3911.932822265625,4014.9830151367187,3865.054761200817,3900.0231648367258,3900.3860227927103,4019.89403970369,38.97866084362095,0.5030054137996264,-25.108255420165733,-5.901808816582183,-19.20644660358355,-3.387401808872037,-161.31005859375,65.6785888671875,20.40982211187132,25.143342786709,4113.56122001004,3759.0127790133974,0.09007179635037367,4315383000.0,0.7022088190086488,7.484889759087432,-112625130000,-2.719237685793654,-1.5790383566245205,-4.625997530661884,-20.532229001795,9.670977446300782,-0.038492840820546464,0.8766851085818897,0.0
2022-12-28,3829.56005859375,3848.320068359375,3780.780029296875,3783.219970703125,3083520000,3831.623974609375,3854.0830078125,3927.56650390625,3892.7908154296874,3908.313122558594,4013.033565673828,3848.6878031012793,3888.8990511097163,3895.791275651942,4017.5390738429883,36.22085140180699,0.41070591730989303,-30.903387100301643,-10.902124473326076,-20.001262626975567,-3.8420263576916747,-236.429931640625,68.01072474888393,20.738279965362253,24.7599792425239,4117.15179354307,3737.9812142694295,0.09654084250299212,4292257000.0,0.7183912799256894,1.7562617562617566,-115708650000,-3.6752155070973838,-2.8147118589640416,-5.7266801089443415,-21.487482335268844,8.352662291931091,0.008097110236991577,1.7864048830965884,0.0
2022-12-29,3805.449951171875,3858.18994140625,3805.449951171875,3849.280029296875,3003680000,3825.7919921875,3839.47900390625,3916.025,3895.37681640625,3905.405322265625,4010.96771484375,3848.8062483403983,3885.1258109370647,3893.9673052066455,4015.8648544942707,40.208476335571135,0.5441653826362017,-29.821808818282534,-14.686061342317368,-15.135747475965166,-3.5403559205336554,-146.0400390625,70.48929268973214,18.37365678522718,24.238163024099883,4094.2751846793694,3737.7748153206308,0.09103628535536384,4113473000.0,0.730205352022488,-2.589248650892484,-112704970000,-1.704406144065094,-1.1833717065632252,-4.03113904279266,-20.11654922605526,10.244644062809583,0.5875941827569301,1.3859068155168854,0.0
2022-12-30,3829.06005859375,3839.85009765625,3800.340087890625,3839.5,2979870000,3829.214013671875,3833.85400390625,3904.171496582031,3898.2636181640623,3902.5756201171876,4008.3759155273438,3846.944998672319,3880.780495609725,3891.831332453444,4014.1099803201987,41.58807298065526,0.5903382884829648,-29.414742030488014,-17.631797479951498,-11.782944550536516,-4.4817311636694885,-56.25,70.84357561383929,18.358554606234396,24.240501034116697,4068.452132844608,3739.890860319454,0.08415646515856134,4036110000.0,0.7383024744122435,-0.7926942949981308,-115684840000,-1.6564717159235642,-1.50743058756344,-4.213075796438278,-20.319512503072897,9.96454081218825,-0.5252922767174842,1.0396440542655485,0.0
2023-01-03,3853.2900390625,3878.4599609375,3794.330078125,3824.139892578125,3959140000,3825.077978515625,3831.031982421875,3891.793493652344,3901.4308154296873,3898.714616699219,4005.4382653808593,3842.3839774534804,3875.3861524638583,3889.1767661838235,4012.2197306909247,34.094119656540116,0.367048682282363,-29.985912039169307,-20.10262039179506,-9.883291647374246,-4.284517206441052,-28.22021484375,72.82927594866071,18.349120898148655,24.15778334966717,4039.3836664838827,3744.203320820805,0.07584686755464483,4033436000.0,0.9815799730056458,32.86284300992997,-119643980000,-1.7383656451598555,-1.9810917201424165,-4.526305507432292,-20.638278188026714,9.524622291684963,0.359162366519078,2.217252613248489,-1.0
2023-01-04,3840.360107421875,3873.159912109375,3815.77001953125,3852.969970703125,4414080000,3829.82197265625,3834.56298828125,3884.4999877929686,3903.43521484375,3895.1716162109374,4002.3875146484374,3844.5011761034093,3873.2512780104553,3887.756891851247,4010.6351559646782,34.061377799795395,0.44160295370946545,-27.791854821877678,-21.640467277811588,-6.15138754406609,-1.0981204978983472,35.31005859375,69.0428466796875,17.82880262878122,23.44262088604248,4024.012649995037,3744.9873255909,0.0718304351347595,4040099000.0,1.0925672860986821,11.490879332380267,-115229900000,-0.8116879183659819,-1.2928418524462486,-3.7332103250486233,-20.039972502501385,10.35032519638483,0.4241532815059963,1.5040186458924767,-1.0
2023-01-05,3839.739990234375,3839.739990234375,3802.419921875,3808.10009765625,3893450000,3834.797998046875,3833.210986328125,3877.8419921875,3903.6504150390624,3890.4511181640623,3999.1221142578124,3837.2209604139775,3867.046403691007,3884.633096000463,4008.6198817526542,32.7739367999026,0.5002947847084718,-29.33551092236121,-23.17947600672151,-6.156034915639697,-1.148906346536882,-13.52001953125,66.3599853515625,17.59227083942373,23.522943330295192,4018.652902241622,3737.0310821333783,0.07262333552414296,4016352500.0,0.9693994737762683,-11.794756778309413,-119123350000,-1.7984717962143837,-2.4477170654087956,-4.776598742022004,-20.62655141776303,9.065237297986394,-0.3433709727650868,0.9814820331830213,-1.0
2023-01-06,3823.3701171875,3906.18994140625,3809.56005859375,3895.080078125,3923560000,3843.9580078125,3834.875,3875.9,3904.369814453125,3886.430517578125,3996.0394653320313,3848.792783956182,3869.7162774466256,3885.0427815739745,4007.4901324628268,49.93689870955101,1.0,-23.2720463377982,-23.19799007293685,-0.0740562648613512,2.027948214298836,16.64013671875,65.0899658203125,19.592196736927374,23.885026150196374,4014.5085928751278,3737.2914071248724,0.07152330703843116,4006628000.0,0.9792673539944312,0.7733501136524268,-115199790000,0.49485482404086556,-0.23793177310551805,-2.5264862392604677,-17.978112207735375,11.556372501033458,0.40098787163310523,2.5365102879666814,0.0
2023-01-09,3910.820068359375,3950.570068359375,3890.419921875,3892.090087890625,4311770000,3854.476025390625,3841.84501953125,3872.32900390625,3905.5996142578124,3882.2994165039063,3993.2187145996095,3857.452244743071,3871.8471165365304,3885.3191465275686,4006.3418733128547,54.05051961266505,1.0,-18.494777906050786,-22.257347639559637,3.762569733508851,1.8439815717472996,69.7001953125,64.54068429129464,19.3634883511642,23.869568455693972,4004.9862111119296,3739.67179670057,0.06851546295361806,4021871500.0,1.0720804978478302,9.894330658891427,-119511560000,0.5103152124842931,-0.34590146716190284,-2.5325090844447873,-18.041074878228645,11.470738198870162,0.4040992718679063,1.5461093581740002,0.0
2023-01-10,3888.570068359375,3919.830078125,3877.2900390625,3919.25,3851030000,3873.498046875,3849.2880126953123,3871.572509765625,3907.83861328125,3878.7515161132815,3990.2141638183593,3869.811795794457,3876.3616768663846,3886.6497682323698,4005.475287508747,60.51895957316756,1.0,-12.374534403437337,-20.280784992335178,7.906250588897841,1.0522287107777917,74.429931640625,63.663539341517854,19.39679025112289,23.361330590909276,4002.905763738583,3740.239255792667,0.06784491502699956,4020010000.0,0.9579652786933366,-10.68563490167611,-115660530000,1.2314761021293974,0.29201274279768974,-1.7784550128119323,-17.469146389262814,12.248607000434639,-0.09044034058208879,1.097159063003341,0.0
2023-01-11,3932.35009765625,3970.070068359375,3928.5400390625,3969.610107421875,4303360000,3896.82607421875,3863.3240234375,3870.525012207031,3909.2096142578125,3875.61021484375,3987.3469140625,3889.7714581199407,3885.2424797764315,3889.9031148672525,4005.118420045196,63.98004034183082,1.0,-3.421120988495204,-16.908852191567185,13.48773120307198,3.851522711736055,140.360107421875,64.249267578125,19.264173694765265,22.887222690729956,3998.144018258328,3742.9060061557343,0.06594402860015443,4039971500.0,1.0651956331870163,11.745688815719424,-111357170000,2.559991083957474,1.545081976258515,-0.4448272754515385,-16.408672407389812,13.690937014212205,0.3342501156152325,1.0571364650463293,0.0
2023-01-12,3977.570068359375,3997.760009765625,3937.56005859375,3983.169921875,4440260000,3931.8400390625,3883.3190185546873,3868.7010131835937,3911.4334130859374,3873.1571142578123,3984.385163574219,3908.451150870953,3894.568902833438,3893.560636710694,4004.900027028578,60.7740182240127,0.9077017450954239,4.714343335580907,-12.584213086137567,17.298556421718473,3.5983440331620153,199.949951171875,63.67783900669643,19.11246608303727,22.318012590699013,3988.125514080089,3749.2765122870983,0.06173881129067647,4008016500.0,1.1078447406591265,3.1812351279000506,-106916910000,2.958846090750464,1.8340209640042373,-0.03050010602209977,-16.123132301088962,14.079294552911609,0.20052248765231304,1.528864329078314,0.0
2023-01-13,3960.60009765625,4003.949951171875,3947.669921875,3999.090087890625,3939700000,3952.642041015625,3898.3000244140626,3868.889514160156,3914.293212890625,3871.7681127929686,3981.2226135253904,3926.5789382748876,3904.5233014103133,3897.6990465608874,4004.8422166888968,69.81386415302605,1.0,12.304542663831853,-7.606461936143683,19.911004599975534,4.435335585052558,149.81005859375,59.558558872767854,19.05396013597666,22.22739078526249,3989.1643916483285,3748.6146366719836,0.062175400485315384,3981384500.0,0.9895301496250865,-11.273213730727482,-102977210000,3.3653215801054577,2.1663393718371764,0.44879365209404426,-15.704456103132387,14.535253335451525,-0.5666297110449583,1.4256518506021403,0.0
2023-01-17,3999.280029296875,4015.389892578125,3984.570068359375,3990.969970703125,4235560000,3972.418017578125,3913.447021484375,3873.6505126953125,3918.9188134765627,3870.3905126953123,3978.165212402344,3939.4571447605354,3912.756317533438,3901.356729860583,4004.7041843905313,66.9315542421798,0.9221837050767544,17.46329868481098,-2.592509811952751,20.05580849676373,5.491353968545187,151.469970703125,58.274972098214285,16.591054551483058,22.17709456775587,4005.393907028409,3741.907118362216,0.0680202790114014,3968467500.0,1.0673036883885278,7.509708861080799,-107212770000,3.0286536594696774,1.8385468200767356,0.32187598093867154,-14.451042715726908,14.302690512723409,0.004749615589434926,0.7734792886059071,0.0
2023-01-18,4002.25,4014.159912109375,3926.590087890625,3928.860107421875,4298710000,3974.3400390625,3923.91904296875,3877.4755126953123,3923.0982177734377,3868.271413574219,3975.157462158203,3937.3377372928035,3914.290011808527,3902.435293686516,4003.9495169580077,60.41663156185518,0.7462945188422885,16.35141418097919,1.1962749866336373,15.155139194345553,2.067401631456156,104.72021484375,62.14210728236607,17.10432232643567,22.369889153684216,4011.0457069419026,3743.905318448722,0.06889544179416,3808720000.0,1.1286495200487303,1.4909480682601561,-111511480000,1.3252074592946739,0.14687089969691072,-1.1646671905970791,-15.276987193053944,12.523843632757151,0.28263879156393895,2.2301748402210415,0.0
2023-01-19,3911.840087890625,3922.93994140625,3885.5400390625,3898.85009765625,3991500000,3960.188037109375,3928.5070556640626,3881.535021972656,3925.66421875,3865.2687133789063,3971.922413330078,3929.640209365493,3912.8195437940244,3902.2946977637607,4002.903751591821,62.51110126093418,0.8028407879294599,12.899977802872854,3.537015549881481,9.362962252991373,1.5457767328102667,45.880126953125,60.412109375,17.003650060572564,21.95042998221118,4012.357609154027,3750.712434791285,0.067407655188377,3809814500.0,1.047688804796139,-7.1465625734231875,-115502980000,0.446088353849095,-0.6830467304279078,-1.8397216277083313,-15.924131243030834,11.664347098404699,-0.43320502807157896,0.9625406498905573,0.0
2023-01-20,3909.0400390625,3972.9599609375,3897.860107421875,3972.610107421875,4013360000,3958.07607421875,3944.958056640625,3889.084521484375,3928.980419921875,3864.418215332031,3968.8722631835935,3938.2341889767695,3918.513883187153,3905.052164809177,4002.6023222965982,63.125525504302246,0.8194289479846997,15.93284207138231,6.0161808541816475,9.916661217200662,3.8824472695651258,164.510009765625,60.42138671875,18.125894938787813,22.146189159302104,4022.7448023786906,3755.424240590059,0.06873611522503022,3811214000.0,1.0530397925700314,0.5476637855442723,-111489620000,2.1476927404401174,1.1104582572816017,0.0941790007442364,-14.333550239597187,13.776857999349998,0.26135760932115776,1.9266944283769485,0.0
2023-01-23,3978.139892578125,4039.31005859375,3971.639892578125,4019.81005859375,3945210000,3962.220068359375,3957.4310546875,3896.15302734375,3932.8144189453124,3864.31021484375,3966.345712890625,3954.5493629001658,3928.1611379877813,3909.552474369357,4002.7735435532863,67.77399459187318,0.9449278196011134,21.892685200633878,9.191481723472094,12.701203477161783,4.330168393712608,124.72998046875,61.75925990513393,17.877893782454915,22.035340111139867,4041.8532742368434,3750.452780450657,0.07479185025359547,3819714500.0,1.0328546806312358,-1.698078418083604,-107544410000,3.1738237790496773,2.2120453797504083,1.3479497142512333,-13.315717596468007,15.128680100397776,0.1391977819801373,1.7038343819156783,0.0
2023-01-24,4001.739990234375,4023.919921875,3989.7900390625,4016.949951171875,3320430000,3967.416064453125,3969.917041015625,3905.8810302734373,3938.1820166015623,3864.618115234375,3964.0247131347655,3967.0294805545077,3936.6172154338856,3913.7641401263186,4002.914602335561,69.48639320494232,0.9911589743424236,26.084431958266123,12.5700717704309,13.514360187835223,5.484358293106961,124.85986328125,58.187831333705354,16.844424672735673,21.972892686589624,4056.7339633072197,3755.028097239655,0.07724399789167244,3787888500.0,0.8765912724199775,-15.836419354102826,-110864840000,2.8436329739070962,2.0001090411327707,1.3351389526342279,-13.377393734357215,15.046765684635302,-0.4495254277187527,0.8554305484335627,0.0
2023-01-25,3982.7099609375,4019.550048828125,3949.06005859375,4016.219970703125,3724020000,3984.888037109375,3979.6140380859374,3914.451025390625,3939.379013671875,3865.230314941406,3961.6047631835936,3976.8675785842315,3944.1984302214323,3917.7820158352133,4003.0469940606117,67.49245022801044,0.9373267149558854,29.013073489294584,15.858672114203639,13.154401375090945,3.1100745080557823,96.969970703125,59.12355259486607,16.82051138278493,21.92702048294195,4070.09652648533,3758.8055242959203,0.07952353987066312,3833125500.0,0.9715361524166115,12.154751041280786,-114588860000,2.599826761208344,1.9505855304749433,1.378613233381766,-13.393135232631966,15.025858804299851,-0.8523877730760892,1.7849814687162873,0.0
2023-01-26,4036.080078125,4061.570068359375,4013.2900390625,4060.429931640625,3809590000,4017.20400390625,3988.6960205078126,3926.0100219726564,3940.729013671875,3866.16611328125,3959.4655139160154,3993.5800491955106,3955.26809702326,3923.376051749151,4003.6179685638954,77.07576129891183,1.0,34.503680421846184,19.58767377573215,14.916006646114035,4.325178501745164,90.81982421875,58.96140834263393,16.92538029691922,21.483118950889715,4089.169387305429,3762.8506566398837,0.0831171415353606,3872090000.0,0.9838588462561563,2.2977857261776258,-110779270000,3.42383001866175,3.037532333572357,2.5499506781851755,-12.439779555847572,16.292046603184335,0.49449750179888835,1.2030037407451657,0.0
2023-01-27,4053.719970703125,4094.2099609375,4048.699951171875,4070.56005859375,3907760000,4036.793994140625,3997.4350341796876,3940.3770263671877,3942.99521484375,3867.629113769531,3957.755665283203,4008.976051075159,3966.248283839497,3929.147973586194,4004.284059011954,72.5483048444131,0.8033698618154774,39.22033495019923,23.514206010625568,15.706128939573663,3.860689126586725,87.39013671875,55.20570591517857,15.973222410097069,21.41865882930467,4101.182332573938,3779.571720160437,0.08161924868139032,3913302000.0,0.9985838046744157,2.576917726054506,-106871510000,3.3038217245567476,3.2352269480259808,2.8502111512352535,-12.221330730458167,16.582176765645478,-0.16525247450308364,1.1240647692959407,0.0
2023-01-30,4049.27001953125,4063.85009765625,4015.550048828125,4017.77001953125,3802000000,4036.385986328125,3999.30302734375,3948.8015258789064,3943.516015625,3868.7249145507812,3955.857264404297,4010.734844766377,3971.15511581014,3932.6233479369807,4004.418247673838,64.31694660802518,0.23412477768836354,38.25759296087199,26.46288340067485,11.794709560197138,1.213215172425408,18.679931640625,54.838553292410715,16.166845294339666,21.58461058371429,4107.147392871902,3790.45565888591,0.08019945593885086,3953218000.0,0.9617481251982563,-2.7064098102237644,-110673510000,1.7465677421453303,1.8829390729501505,1.565090724684585,-13.359709556195043,15.070252711741247,-0.5230248112308908,1.20282522296592,0.0
2023-01-31,4020.85009765625,4077.159912109375,4020.43994140625,4076.60009765625,4679320000,4048.316015625,4007.8660400390627,3960.656530761719,3945.872216796875,3869.692214355469,3954.007315673828,4023.9078953443523,3981.1974950335793,3938.269494984795,4005.136475036847,66.71837338615373,0.3782755716393109,41.76032164631761,29.522371049803404,12.237950596514203,2.3456236518594187,85.630126953125,56.0421142578125,16.640142457615514,21.073132946455893,4120.045854279106,3801.2672072443315,0.0804863144680375,4038190500.0,1.1587665316928462,23.075223566543922,-105994190000,2.927382518378405,3.3130287469241857,3.1004692757259122,-12.091081677843658,16.755165467819065,0.07666138454981428,1.4107901505745604,0.0
2023-02-01,4070.070068359375,4148.9501953125,4037.199951171875,4119.2099609375,4856930000,4068.914013671875,4026.901025390625,3975.4100341796875,3949.32521484375,3870.8225146484374,3952.6404162597655,4042.9683084629823,3994.3415394053814,3945.36519953196,4006.2715345980478,66.16107349272838,0.3448224500044099,47.42780105881684,33.10345705160609,14.324344007210748,3.0036800973952005,190.349853515625,60.39426967075893,16.621589164953136,21.00280797287148,4136.212380065492,3814.607688293883,0.08089849575428035,4083080000.0,1.1895260440647746,3.7956369728934902,-101137260000,3.6172350907567488,4.3016144999968375,4.214133519267937,-11.172230944100308,17.975525944389656,-0.16018321985100512,2.7680136107251103,0.0
2023-02-02,4158.68017578125,4195.43994140625,4141.8798828125,4179.759765625,5624360000,4092.77998046875,4054.9919921875,3991.7495239257814,3953.6136083984375,3871.946511230469,3951.5807653808592,4070.3265998953857,4012.000418092964,3954.5571433003147,4007.9977856530427,69.27993778564397,0.5320389698432568,56.15783002021908,37.71433164532869,18.44349837489039,4.730423839511233,280.90966796875,61.539271763392854,17.021275278819335,21.029555568449513,4166.015073678643,3817.48397417292,0.08731286805865296,4143594000.0,1.357362714590281,15.800721855163658,-95512900000,4.709970918072921,5.719986311919127,5.774372682526926,-9.866518412288267,19.70969223394002,0.9581986647450932,1.2931340383869512,1.0
2023-02-03,4136.68994140625,4182.35986328125,4123.35986328125,4136.47998046875,4694510000,4105.96396484375,4071.3789794921877,4008.1685180664062,3957.3444091796873,3872.2072094726564,3949.9521154785157,4083.557276010059,4023.8556145097054,3961.691372208881,4009.2762154522043,62.78783763700792,0.14233673142470418,58.905102555631856,41.952485827389324,16.952616728242532,5.284481182077916,163.869873046875,61.733555385044646,16.866335849979315,21.109374547381805,4171.088204192894,3845.248831939918,0.08129383053239626,4183647000.0,1.1221094896390638,-16.532547703205346,-100207410000,3.201249194588328,4.526661133499762,4.722281676765022,-10.799815524381422,18.470144974880977,-1.0304377914961285,1.4308719577303524,1.0
2023-02-06,4119.56982421875,4124.6298828125,4093.3798828125,4111.080078125,4114240000,4124.6259765625,4080.5059814453125,4018.9685180664064,3959.4944091796874,3873.9911108398437,3948.210264892578,4089.0618364330476,4032.1627062825905,3967.549752833043,4010.289189210143,60.83108369618869,0.024878378455244234,58.36003780175997,45.23399622226346,13.126041579496516,5.443399339624011,91.27001953125,62.6107177734375,15.745260638202478,21.146759207581095,4178.933914687177,3859.003121445636,0.07960520014112103,4193181000.0,0.9811739583862467,-12.360608455408551,-104321650000,2.291920418000935,3.8284097230665752,4.125155508577085,-11.347545958330832,17.742683430954713,-0.4088054657545743,0.763427800366493,1.0
2023-02-07,4105.35009765625,4176.5400390625,4088.389892578125,4164.0,4355860000,4142.10595703125,4095.210986328125,4032.564013671875,3962.229208984375,3876.1710107421877,3947.061964111328,4104.049469146438,4044.7186390175816,3975.2536840944927,4011.8186500140223,71.56140794684492,0.6605439955827427,61.48945334015934,48.48508764584263,13.00436569431671,4.817736636690295,147.050048828125,62.652169363839285,16.081297552365942,20.762935713697807,4193.3428112030815,3871.7852161406677,0.07974023325413195,4195385500.0,1.0382502394595206,5.872773586373192,-99965790000,3.259365155333154,5.092355347795346,5.496190276747151,-10.206366304138383,19.258327371259767,-0.1393789554049104,2.156109099193272,1.0
2023-02-08,4153.47021484375,4156.85009765625,4111.669921875,4117.85986328125,4029820000,4141.8359375,4105.374975585937,4042.4945068359375,3964.06400390625,3878.3361083984373,3946.292364501953,4106.811547973401,4051.6844698998357,3980.8460832782876,4012.8737864644427,69.50534325650327,0.5339754824595895,59.55984545290585,50.70003920725527,8.859806245650574,2.439165116219466,101.639892578125,63.295741489955354,16.813627164154116,17.85490902402963,4198.260644376556,3886.7283692953183,0.07706436571637407,4204325000.0,0.958493931843994,-7.48508905244889,-103995610000,1.8643279865406919,3.8797521741184586,4.347561785401313,-11.201344818835887,17.93685870417058,-0.2528766848282901,1.0988278884178275,1.0
2023-02-09,4144.25,4156.22998046875,4069.669921875,4081.5,4270200000,4122.183984375,4107.481982421875,4048.089001464844,3966.415205078125,3880.4178076171875,3945.2192639160157,4101.74923837872,4054.5240441950896,3984.793295698747,4013.556634360319,60.39006812983759,0.0,54.46879780993913,51.45379092779205,3.015006882147084,1.6069418243384703,21.070068359375,64.11432756696429,16.810463926215856,17.870097182160062,4200.841295641087,3895.3367072886012,0.07546884177742517,4202667000.0,1.0160690818473126,5.965030696160123,-108265810000,0.8253523705399249,2.9014812865414146,3.4543260327871437,-11.985418844942556,16.895500279970395,0.6408701994467934,2.126955263090958,1.0
2023-02-10,4068.919921875,4094.360107421875,4060.7900390625,4090.4599609375,3891520000,4112.97998046875,4109.47197265625,4053.453503417969,3969.071806640625,3882.323508300781,3944.7955627441406,4099.491382890476,4057.946512456271,3988.9370864924235,4014.321841589943,57.271956946532974,0.0,50.57411294724534,51.27785533168271,-0.7037423844373691,1.8485040853321921,19.89990234375,61.67860630580357,16.79660900871057,17.767017373475806,4204.127955360762,3902.779051475176,0.07434374259664786,4175230000.0,0.9320492523765158,-8.867968713409214,-104374290000,0.9129611944068518,3.0583511765592544,3.69257153828347,-11.792203799229036,17.152116503485786,-0.3082219312752665,0.8266881083840818,1.0
2023-02-13,4096.6201171875,4138.89990234375,4092.669921875,4137.2900390625,3448620000,4118.22197265625,4121.423974609375,4060.3635009765626,3970.2154052734377,3885.137109375,3944.5622131347654,4107.051114124881,4065.5030387997213,3994.7548493383088,4015.5454057438988,61.35842120956967,0.20634743659976754,50.68211123348556,51.15870651204328,-0.4765952785577241,1.892905645851628,119.52001953125,62.700753348214285,17.15323407221429,17.828468462597453,4213.200860118559,3907.5261418345663,0.07528259925754788,4150676000.0,0.830857431415991,-11.381156977222274,-100925670000,1.8945726920123216,4.208200733067165,4.885911680793917,-10.782347199540073,18.493345319012423,0.1505981309883826,1.1295799893769682,1.0
2023-02-14,4126.7001953125,4159.77001953125,4095.010009765625,4136.1298828125,3929200000,4112.64794921875,4127.376953125,4067.6214965820313,3971.4066015625,3888.5991088867186,3943.8053625488283,4112.866867862405,4072.229404896176,4000.298968298081,4016.7452512868704,61.30863543741294,0.20383348669040321,50.09660328129803,50.94628586589424,-0.8496825845962093,1.6108305313004667,59.52978515625,62.291469029017854,17.11391452024745,17.733332456322387,4220.370337376076,3914.8726557879863,0.0751047465563833,4135358000.0,0.9501474842081387,13.935429244161423,-104854870000,1.6842369991415216,4.147731465853731,4.876623022272453,-10.807365125895133,18.46011806304117,-0.25596087414745605,1.581437154272829,1.0
2023-02-15,4119.5,4148.10986328125,4103.97998046875,4147.60009765625,4075980000,4118.59599609375,4130.215966796875,4078.55849609375,3972.9246044921874,3892.4952099609377,3943.8837121582033,4119.813513821175,4079.407566111421,4006.0754831748723,4018.0472895592025,58.76205476097107,0.09754280436653798,49.98197341134937,50.75342337498527,-0.7714499636358951,3.231396458579461,28.39013671875,61.995029994419646,15.819942283187228,17.720029546013293,4220.4090357253135,3936.7079564621863,0.06955915418029254,4124221500.0,0.9883028833441657,3.735620482540969,-100778890000,1.6927941974750358,4.396647572082212,5.165375055811863,-10.560018279090972,18.788628782746887,-0.4020638443102264,1.075294787560332,1.0
2023-02-16,4114.75,4136.5400390625,4089.489990234375,4090.409912109375,4143660000,4120.377978515625,4121.280981445312,4088.1364868164064,3974.7560009765625,3896.4670092773435,3943.5588623046874,4113.932793478815,4080.455408587417,4009.382715682108,4018.7673156542296,51.822793244287254,0.0,44.760388501965735,49.55481640038136,-4.794427898415627,0.33875813477668437,-89.349853515625,62.89503696986607,16.500100791950658,17.95388331452135,4202.004437611986,3974.268536020827,0.055706530915876,4131829500.0,1.0028632594834805,1.6604595704591274,-104922550000,0.055610308029098464,2.9097109635005856,3.7238204102490604,-11.793283065833156,17.150683088613288,-0.7920266390873393,1.1505114070575946,1.0
2023-02-17,4077.389892578125,4081.510009765625,4047.949951171875,4079.090087890625,4045480000,4118.10400390625,4115.5419921875,4093.460485839844,3977.5126025390623,3900.707509765625,3943.076912841797,4106.964252361177,4080.3253780448654,4012.116338121658,4019.3675422436468,56.095194598637434,0.2164488956662483,39.2563073560591,47.495114591516916,-8.23880723545782,-0.9739700920159966,-57.389892578125,61.998604910714285,15.404586493387345,17.94360046824276,4193.730297871193,3993.1906738084945,0.048990243036767606,4133435500.0,0.9787209695179712,-2.3694028950251744,-108968030000,-0.35105744879983874,2.5537941799787203,3.4494172458533825,-12.037386848109808,16.82647960579273,-0.3183059842659078,0.8290630812773367,0.0
2023-02-21,4052.35009765625,4052.35009765625,3995.18994140625,3997.340087890625,4121590000,4090.114013671875,4104.167993164063,4092.3369873046877,3978.781005859375,3904.208010253906,3941.562763671875,4085.039419467067,4072.422017077795,4011.5368773282844,4019.1483635933682,42.46491468720654,0.0,27.97526022059219,43.591143717331974,-15.615883496739784,-4.364357952689602,-113.739990234375,63.749337332589285,16.660995099774034,18.233001756500087,4196.509079447827,3988.164895161548,0.050910808404246284,4142254500.0,0.9950112915563252,1.881358948752676,-113089620000,-2.3213361878252834,0.4664514584723024,1.4151068386588121,-13.800266183997584,14.485132760787812,-0.6555381140945273,1.4307243732667296,0.0
2023-02-22,4001.830078125,4017.3701171875,3976.89990234375,3991.050048828125,4079320000,4061.098046875,4086.872998046875,4091.0419921875,3979.331806640625,3906.9281103515623,3940.783663330078,4066.2415453392787,4064.672305815922,4010.7334722890623,4018.8687783718237,36.912304916072586,0.0,18.316257095561923,38.53616639297797,-20.219909297416045,-3.515789568118366,-172.949951171875,58.657906668526785,16.666774952744177,18.193584501309406,4199.707065406488,3982.3769189685117,0.05312342108758679,4180199000.0,0.9758674168382893,-1.025575081461283,-117168940000,-2.4441681007021105,0.2944776348618335,1.2755428816300551,-13.935906304917559,14.304983976519406,0.11232444914999323,1.0176322220204548,0.0
2023-02-23,4018.60009765625,4028.300048828125,3969.18994140625,4012.320068359375,3952940000,4034.042041015625,4076.3190185546873,4090.8469970703127,3980.8906103515624,3910.646611328125,3940.228564453125,4055.457249943298,4059.6863784391076,4010.7956917428,4018.8036170781675,31.409638874266577,0.0,12.23668347479088,33.276269809340555,-21.039586334549675,-2.4022886416425138,-105.539794921875,57.43505859375,16.786761354004323,18.227986056217922,4200.089857450579,3981.604136690046,0.05340843128990237,4191645000.0,0.9430521907270296,-3.098065363835145,-113216000000,-1.919576282544306,0.7895082051761532,1.8296274626458366,-13.4772337923112,14.914164320527787,0.6902957490150845,1.4892234509929447,0.0
2023-02-24,3973.239990234375,3978.25,3943.080078125,3970.0400390625,3877700000,4009.96806640625,4065.1730224609373,4086.327502441406,3980.4802099609374,3914.490810546875,3940.1225646972657,4038.3738077671387,4051.1486318318116,4009.1974308533768,4018.3184073466687,31.479523476798136,0.0017405111691401567,3.9612695148944113,27.413269750451327,-23.452000235556916,-4.658020195425072,-111.4599609375,58.16648646763393,16.656185209466713,18.07517653160753,4207.677035595176,3964.9779692876364,0.059392955205508385,4195050500.0,0.9243512086445682,-1.9033934236289962,-117093700000,-2.845769540239476,-0.2622842056169858,0.7593031402954074,-14.38897189589763,13.70325039758034,-0.9740020102877716,0.8919403404995995,0.0
2023-02-27,3992.360107421875,4018.050048828125,3973.550048828125,3982.239990234375,3836950000,3990.598046875,4054.351025390625,4081.9114990234375,3979.73201171875,3917.5289111328125,3940.028514404297,4027.147044260586,4044.585904060627,4008.1402763192987,4017.9594181216708,35.229516281345326,0.09513596773716092,-1.5942441153579239,21.61176697728948,-23.206011092647405,-3.2934552789469773,-108.219970703125,58.51719447544643,16.674040600166812,18.082589275092126,4211.80432518752,3952.0186728593553,0.06364313689562252,4191510000.0,0.9154099596565438,-1.0508806766897916,-113256750000,-2.4417851492593132,0.06301877885847373,1.0713495010444158,-14.125888815533857,14.052661005353839,0.5622126764405566,1.119905360525757,0.0
2023-02-28,3977.18994140625,3997.5,3968.97998046875,3970.14990234375,5043400000,3985.160009765625,4037.63701171875,4079.5304931640626,3979.2286083984377,3919.3211108398436,3940.2033642578126,4015.7476158772192,4037.4967610399717,4006.6504577320225,4017.4837015467665,25.481289433248193,0.0,-6.89313794098598,15.91078599363439,-22.80392393462037,-2.728166057975012,-167.14013671875,54.257899693080354,16.09031772838751,16.946795031156885,4215.955399205629,3943.105587122496,0.06688265047665126,4253580000.0,1.1856835888827764,31.442942962509292,-118300150000,-2.6812053740889574,-0.2281524121415508,0.7600251895013089,-14.386602774083704,13.706396918032162,-0.12681427639994594,0.7185730256034621,0.0
2023-03-01,3963.340087890625,3971.72998046875,3939.050048828125,3951.389892578125,4249480000,3977.227978515625,4019.1630126953123,4073.269982910156,3980.34140625,3921.0022094726564,3940.309913330078,4002.8760712174003,4029.2961069007483,4004.4833767455953,4016.8260517062827,27.377520084032113,0.0528534628299192,-12.462663649593651,10.236096064988782,-22.698759714582433,-3.3998638218549204,-184.739990234375,52.854317801339285,15.110830052065207,16.969347682456124,4221.262431311415,3925.277534508898,0.07266518007506334,4232088000.0,1.0041095553778654,-15.7417615100924,-122549630000,-2.992192779840085,-0.7273625731304085,0.2811956290687553,-14.791148750314568,13.169104077946445,-0.17152537361636833,0.8296399191563291,0.0
2023-03-02,3938.679931640625,3990.840087890625,3928.159912109375,3981.35009765625,4244900000,3971.033984375,4002.5380126953123,4066.376989746094,3982.9212060546874,3923.370510253906,3940.0972143554686,3998.5708765051704,4024.729820306034,4003.576189330327,4016.473057138621,36.14918660480947,0.2973453184070299,-14.294239641278182,5.330028923735389,-19.624268565013573,-3.76913244983873,-166.25,51.148611886160715,14.843654339549664,17.049009674066212,4218.153764442417,3914.6002150497707,0.07464963286928307,4201486500.0,1.0103328905138693,-0.10777789282453432,-118304730000,-2.090974159657365,-0.039446133055534856,1.0470016615447808,-14.14507870222666,14.027174189694069,-0.3216579806860632,1.5956625286059574,0.0
2023-03-03,3998.02001953125,4048.2900390625,3995.169921875,4045.639892578125,4084730000,3986.153955078125,3998.0610107421876,4059.67099609375,3987.4808056640627,3927.430310058594,3940.285363769531,4007.9846797197615,4026.721255760519,4005.225746320437,4016.7632744066755,44.62409390316968,0.5335656314241801,-10.437807109470668,2.1764617170941776,-12.614268826564846,-2.1877937298439787,-44.77001953125,53.532174246651785,15.058406496102043,16.969543733416113,4201.906431509401,3917.4355606780987,0.07007239530125044,4124505000.0,0.9903564185277991,-3.7732337628683887,-114220000000,-0.34562169025829775,1.4585421159005847,2.6737791576548378,-12.758715999153432,15.868455027692177,0.41870022645869015,1.3296084578692924,0.0
2023-03-06,4055.14990234375,4078.489990234375,4044.610107421875,4048.419921875,4000870000,3999.38994140625,3994.993994140625,4055.2679931640623,3992.0168017578126,3931.7906103515625,3940.083212890625,4016.071728150809,4028.78779539047,4006.919635557871,4017.0782659237734,38.08106182450663,0.35168031675563616,-7.075667522583444,0.32603586915865335,-7.401703391742098,-2.391266598660158,-30.670166015625,52.49217006138393,14.711633644885461,16.69085650006271,4192.86856198312,3917.6674243450043,0.06786262661358528,4089823000.0,0.9782501589922107,-2.0530120717893174,-110219130000,-0.16886852609016384,1.412897863865486,2.7496045928658006,-12.69876668783082,15.948075979658654,0.23506812316814113,0.8376550993216945,0.0
2023-03-07,4048.260009765625,4050.0,3980.31005859375,3986.3701171875,3922500000,4002.633984375,3993.8969970703124,4049.0324951171874,3994.1754052734377,3935.7659106445312,3940.3966638183592,4010.1314059581478,4024.7480165139964,4006.1137720923666,4016.7727122050046,32.734643972538265,0.21794434316232592,-9.310720157243395,-1.6013153361217562,-7.709404821121639,-2.5435053492773974,-10.969970703125,52.844308035714285,15.486110370499063,17.000390990599808,4187.285050689154,3910.7799395452216,0.0682891805579173,4080236000.0,0.961341451817983,-1.9588239557896125,-114141630000,-1.5475889118018509,-0.19541675800297947,1.1667214570370474,-14.036825629475667,14.170949197539393,-0.003949988204310034,1.750867153069768,0.0
2023-03-08,3987.550048828125,4000.409912109375,3969.760009765625,3992.010009765625,3535570000,4010.7580078125,3993.9929931640627,4040.432995605469,3997.5678076171876,3939.9157104492188,3940.852763671875,4006.507126719643,4021.6301111093894,4005.560683373671,4016.5263171558568,31.818059918233672,0.20698994299327608,-10.505818737628033,-3.382216016423012,-7.123602721205021,-2.134791736605912,0.9599609375,51.88145228794643,14.59043064999509,16.934831979451573,4169.67810110172,3911.1878901092177,0.06397586874318825,4039221500.0,0.8753097595662926,-9.864372211599747,-110606060000,-1.1984603108753602,-0.13902948290138864,1.2981262980777908,-13.915205444978989,14.332477573000673,0.029599149249530197,0.7720845156470699,0.0
2023-03-09,3998.659912109375,4017.81005859375,3908.699951171875,3918.320068359375,4445260000,3998.152001953125,3984.5929931640626,4030.456005859375,3999.0378076171874,3942.399812011719,3940.9375634765624,3988.86971504759,4011.791059418912,4002.139482784875,4015.549140550917,30.636633046505253,0.16839875819193,-17.20082498842703,-6.145937810823815,-11.054887177603215,-1.976815026838219,-94.0,55.52430943080357,15.423818640699691,17.300757737954807,4165.223839616978,3895.688172101773,0.06687473256707445,4059993500.0,1.094893378523882,25.729656038488848,-115051320000,-2.782214651071238,-2.0184290107001446,-0.5739115312762035,-15.504275475166866,12.22197345287687,0.16658030234098592,2.7914679761786907,0.0
2023-03-10,3912.77001953125,3934.050048828125,3846.320068359375,3861.590087890625,5518190000,3961.342041015625,3973.747998046875,4019.4605102539062,3999.684609375,3945.1850122070314,3940.3767639160155,3963.413789616197,3997.4862049876465,3996.6277418086297,4014.0172096786755,27.796143635183626,0.12092555223936458,-26.775647985979504,-10.271879845854954,-16.50376814012455,-3.2437568898819658,-108.449951171875,58.757882254464285,15.864728944930775,17.29329847128092,4171.473974523259,3867.4470459845534,0.07563874001575913,4122393000.0,1.338589018562762,24.136495952992632,-120569510000,-3.9276520309266254,-3.452635269308247,-1.9994706279581993,-16.727616273866268,10.597208183302577,-0.14164358018993684,2.2808809175927656,0.0
2023-03-13,3835.1201171875,3905.050048828125,3808.860107421875,3855.760009765625,6558020000,3922.81005859375,3961.1,4007.7255126953123,4001.13541015625,3946.963112792969,3939.9481640625,3941.883033646083,3983.988472109359,3991.1035170226296,4012.442511172078,32.89516685642148,0.38729316986037715,-34.437231803309714,-15.104950237345907,-19.332281565963807,-3.9019832896274087,-126.47998046875,59.63572474888393,15.765244105637304,17.217352878206853,4172.3726133137625,3843.0784120768626,0.08216485889410124,4255718000.0,1.5409902629826506,18.843678814973753,-127127530000,-3.7918141461610753,-3.633353673100207,-2.1367832974246066,-16.85333767145861,10.430232831325807,-0.6854681646850842,2.5254259461726107,0.0
2023-03-14,3894.010009765625,3937.2900390625,3873.6298828125,3919.2900390625,5665870000,3909.39404296875,3956.014013671875,3996.8255126953127,4002.5356103515624,3948.9562133789063,3939.6509643554687,3937.3644347293666,3977.8267165810867,3988.287302200664,4011.515620902331,42.383779231716005,0.8829683145448299,-34.979527536188016,-19.07986569711433,-15.899661839073687,-1.2783246390629444,-50.85986328125,62.568568638392854,16.44692613055632,17.528288077962454,4154.054034467521,3839.5969909231044,0.07867670043277879,4366580500.0,1.2975530853032482,-13.603953632346343,-121461660000,-1.9399264087594756,-2.079820878389399,-0.5168205375853576,-15.48335876190747,12.249753732332637,0.9920223225284464,1.6434238214772006,0.0
2023-03-15,3876.739990234375,3894.260009765625,3838.239990234375,3891.929931640625,6594010000,3889.37802734375,3950.068017578125,3984.615515136719,4003.584208984375,3950.9239135742187,3938.8214135742187,3928.2775341116185,3969.646070396281,3984.5085817865447,4010.3257135464933,37.38551190287378,0.6218640789195927,-37.18834868778049,-22.701562295247562,-14.486786392532927,-2.2678205938169715,-59.4599609375,64.13570731026786,16.488537249217874,16.804600244981906,4134.028072110697,3835.2029581627403,0.07499471726011786,4499821000.0,1.4653938456663054,16.38124418668272,-128055670000,-2.3260859961017757,-2.788857971144669,-1.19049525251369,-16.073359593732462,11.46615127127817,-1.0856570553350278,1.459523627333924,0.0
2023-03-16,3878.929931640625,3964.4599609375,3864.110107421875,3960.280029296875,5695790000,3897.77001953125,3947.9610107421877,3975.24951171875,4006.30701171875,3953.868913574219,3937.831612548828,3934.6780331486702,3968.754066482052,3983.5584424732247,4009.8277465390347,49.03032134719284,1.0,-33.04267828197453,-24.769785492592955,-8.272892789381576,-0.24860202485171845,-21.070068359375,66.35784040178571,17.929017795666578,17.012923027725304,4103.651294124499,3846.847729313001,0.06460061539645746,4580811500.0,1.24340196054782,-13.621756715564581,-122359880000,-0.3765671155419563,-1.1488630873081493,0.5700705097828376,-14.599439413131673,13.423720512908005,-0.3340245129880823,2.596971895880529,0.0
2023-03-17,3958.68994140625,3958.909912109375,3901.27001953125,3916.639892578125,9354280000,3908.77998046875,3935.0610107421876,3966.5610107421876,4007.58041015625,3955.5078125,3936.7540625,3931.0704050345616,3963.790811824535,3980.9341856145934,4008.9005042110657,43.865712203647995,0.7806869869463041,-32.89935564208963,-26.395699522492293,-6.503656119597338,-0.8794373864566163,-129.0,67.1435546875,17.715290473762174,17.066452616981493,4085.3059411353884,3847.816080348987,0.05987298824932597,4841342500.0,1.9321665426480361,64.23147623068968,-131714160000,-1.2585491066157026,-2.2692125489898585,-0.5109328548987849,-15.540507244774506,12.173852666766983,-0.04015089536250069,1.477464832978944,0.0
2023-03-20,3917.469970703125,3956.6201171875,3916.889892578125,3951.570068359375,5347140000,3927.9419921875,3925.376025390625,3960.185009765625,4010.4498095703125,3957.0501123046874,3936.0057629394532,3935.1703376995247,3962.62693149452,3979.7826516045848,4008.330052113039,48.33376757302342,0.9678307778423798,-29.625691623822604,-27.041697942758358,-2.5839936810642463,-0.7479882091857681,-96.849853515625,67.96214076450893,18.14046704567998,17.15387682952286,4066.5365323860487,3853.8334871452016,0.05371038088279504,4906425500.0,1.0898239461701804,-42.837503260539556,-126367020000,-0.21753886207351805,-1.4681580372962197,0.3954340099415446,-14.787263390539728,13.174264371487435,0.021193628920875892,1.0143309028077958,0.0
2023-03-21,3975.889892578125,4009.080078125,3971.18994140625,4002.8701171875,4920240000,3944.6580078125,3927.026025390625,3960.4615112304687,4012.6056103515625,3958.4877124023437,3935.136014404297,3948.7102935971197,3966.4596158462323,3980.688042411758,4008.2757244023373,54.362137040235105,1.0,-22.630928835485975,-26.159544121303885,3.52861528581791,-1.0571819669142557,16.5,69.7357177734375,17.42012926348505,17.092234770706423,4067.2476326739093,3853.675389787028,0.053926099844996814,4946358000.0,0.9947197513807129,-7.983707178042843,-121446780000,1.07079959839972,-0.24262272721114866,1.721264589972672,-13.681015121314832,14.643514615797267,0.6154471209679746,0.9541255210102746,0.0
2023-03-22,4002.0400390625,4039.489990234375,3936.169921875,3936.969970703125,4533010000,3953.666015625,3921.522021484375,3957.7575073242188,4013.5032080078126,3959.5514111328125,3934.2781640625,3946.362229018321,3963.6510782135556,3978.9736082271056,4007.5662144152807,46.45537616523651,0.7023728510940931,-22.14979099909806,-25.357593496862723,3.207802497764664,-2.7529246798157603,-55.0400390625,72.63856724330357,18.3972651462364,17.174175978983367,4064.0198647063303,3851.495149942107,0.05369826584143299,4969042500.0,0.9122501970953156,-7.870144545794511,-125979790000,-0.5252352268329824,-1.9068936372590204,0.0684193269609999,-15.102103885465068,12.756112780243095,-0.02073707366711239,2.6248884171686964,0.0
2023-03-23,3959.2099609375,4007.659912109375,3919.050048828125,3948.719970703125,4991600000,3951.35400390625,3924.56201171875,3954.577502441406,4014.092607421875,3960.9656103515626,3933.4146130371096,3946.833777355282,3962.229067974467,3977.7871910693025,4006.9806796519756,41.549849806894585,0.5177184968018442,-20.58308994780691,-24.402692787051564,3.819602839244652,-0.9444719225152665,30.39990234375,74.18641880580357,18.31478656616682,17.14597072923592,4057.725710797186,3851.429294085626,0.05216648721240135,5020975500.0,0.9941494436688647,10.116677439493849,-120988190000,-0.14812029185582656,-1.6285781896979417,0.38911122197203846,-14.848723675108111,13.092636638699462,0.564901190506237,2.2610036150915227,0.0
2023-03-24,3939.2099609375,3972.739990234375,3909.159912109375,3970.989990234375,4583970000,3962.2240234375,3935.502001953125,3954.625,4014.120205078125,3961.664909667969,3932.466162109375,3951.6650199311007,3963.0634415230297,3977.5206341738153,4006.622563339363,43.47101272353053,0.5900351193103267,-17.344526711991875,-22.991059572039628,5.646532860047753,-0.5265522751653595,109.39990234375,76.307861328125,18.067511415982988,17.152191265715125,4057.804058268643,3851.445941731357,0.05218146260069821,5056289000.0,0.9065878156885415,-8.166319416619917,-116404220000,0.4138190153143471,-1.074462463510368,0.9796353366289546,-14.368486889279882,13.730457311087108,-0.24083778632526348,1.6264384050406449,0.0
2023-03-27,3982.929931640625,4003.830078125,3970.489990234375,3977.530029296875,4233540000,3967.416015625,3947.67900390625,3954.389501953125,4014.0074072265625,3962.72041015625,3931.774962158203,3956.8380218042557,3964.4412117872057,3977.5210026100135,4006.333085388692,49.17760610219043,0.8048433251113115,-14.087819901601506,-21.210411637952003,7.122591736350497,1.5111057775913483,121.77001953125,73.71144321986607,18.042632218822387,16.947604443181234,4057.324386127093,3851.454617779157,0.052061074976618785,5076118500.0,0.8340112627394337,-7.644683538504838,-112170680000,0.5851858379737378,-0.9087521329436493,1.1637254822324958,-14.227455700054437,13.917766177450327,0.30067921187444957,0.8396970644083392,0.0
2023-03-28,3974.1298828125,3979.199951171875,3951.530029296875,3971.27001953125,4014600000,3961.09599609375,3952.877001953125,3954.4455078125,4013.451005859375,3963.872109375,3931.5422119140626,3959.7244213496547,3965.0915744294957,3977.2758660186896,4005.9841991612548,48.07278109274181,0.7632553824884493,-11.875098024033377,-19.343348915168278,7.4682508911349,2.840278982084743,51.97998046875,73.49858747209821,18.01799526963551,16.60184060142525,4057.417709707422,3851.4733059175783,0.052079211455303906,5024678500.0,0.7989764917297694,-5.171558553834377,-116185280000,0.42545817575462597,-1.0509904385663011,1.0104891535132727,-14.362448261011943,13.738477442105424,-0.0854838671067446,0.7002331165359641,0.0
2023-03-29,3999.530029296875,4030.590087890625,3999.530029296875,4027.81005859375,4145250000,3979.264013671875,3966.4650146484373,3958.2665161132813,4014.1878076171874,3966.553310546875,3932.176961669922,3973.341548798474,3971.06476339752,3979.2575990608493,4006.2013718919266,60.50907025386963,1.0,-5.495838758570699,-16.573846883848763,11.078008125278064,4.462156575937493,135.880126953125,69.94215611049107,18.59425858952059,16.820869792520284,4066.308000994494,3850.225031232069,0.05459030332666989,5019467000.0,0.8258346951977172,3.254371543864898,-112040030000,1.7569191512843145,0.3393526070383012,2.4320649313609306,-13.143203410693058,15.357802727431896,0.7116113894708342,0.776592708799099,0.0
2023-03-30,4046.739990234375,4057.85009765625,4032.10009765625,4050.830078125,3930860000,3999.68603515625,3975.52001953125,3961.740515136719,4016.62720703125,3969.8627124023437,3933.682962646484,3988.8392546637792,3978.6614600382327,3982.064362945718,4006.6454386206137,69.42034628195125,1.0,1.401141867957449,-12.978849133487522,14.37999100144497,3.3562210949298565,90.550048828125,65.82144601004464,18.51850373074018,16.820039221508377,4077.1257824203094,3846.3552478531283,0.05824978533689183,5003765000.0,0.7855804579151898,-5.1719437910861865,-108109170000,2.2487480603006302,0.8515321271009882,2.9780517797423656,-12.466910390345816,16.01710364610399,0.46998074301532733,0.6386250186340309,0.0
2023-03-31,4056.179931640625,4110.75,4056.179931640625,4109.31005859375,4525120000,4027.350048828125,3994.7870361328123,3964.9240234375,4020.83640625,3973.2503125,3935.5521130371094,4012.9334154497737,3991.1041837101866,3987.0543902260333,4007.6669771278093,73.48247261466162,1.0,11.453861406272154,-8.092307025535586,19.54616843180774,5.585407002984999,192.670166015625,63.23073032924107,18.344426378867603,16.990782936515323,4092.8839922378124,3836.964054637188,0.06454598778887764,5025784500.0,0.9003808261177931,15.117811369522194,-103584050000,3.6415839068479894,2.200379309295606,4.415084353248462,-10.72674941898807,17.691989490342,0.1320680801822543,1.3453562040898603,0.0
2023-04-03,4102.2001953125,4127.66015625,4098.7900390625,4124.509765625,4234700000,4056.74599609375,4012.081005859375,3968.728515625,4023.8743994140623,3976.4274096679687,3937.2247119140625,4035.2486854848194,4003.8094772258833,3992.4447971044247,4008.829591938727,70.87515831822584,0.9277691460715048,20.411907629310008,-2.3914640945664676,22.803371723876474,4.146922316432322,172.939697265625,59.469308035714285,18.373378248432196,16.78768845394941,4110.878836735099,3826.578194514901,0.07163519527750462,5037476000.0,0.8406392407626359,-6.4179513471466,-99349350000,3.9252180991137253,2.5009569440236943,4.756778376002059,-10.208893310001312,18.127314090985625,-0.17301841866084622,0.7043570642155496,0.0
2023-04-04,4128.02978515625,4133.1298828125,4086.8701171875,4100.60009765625,4227800000,4082.61201171875,4021.85400390625,3974.4400146484377,4025.4902001953124,3979.1523095703124,3939.3938623046874,4048.3189679191055,4013.027631552585,3996.6861814397903,4009.7427312991003,71.37619377986482,0.9340399049750313,25.290381639832503,3.1449050523133266,22.145476587519177,4.69688840750262,97.72998046875,56.984287806919646,17.53364522480113,16.25234847568017,4128.274070237696,3820.605959059179,0.07741168819872904,5052741000.0,0.8367339628134511,-0.16293952346092544,-103577150000,3.174285749510096,1.8658571683342662,4.092158362079873,-10.729409848814537,17.44253334892143,0.08534394949399762,1.1319118126718208,0.0
2023-04-05,4094.5,4099.68994140625,4072.56005859375,4090.3798828125,3968020000,4095.1259765625,4037.1949951171873,3979.358508300781,4026.958798828125,3982.570407714844,3941.471561279297,4056.7311508977846,4020.3945126249578,4000.36044423872,4010.5450910156515,65.12929010395106,0.7384122638157116,28.009050616212335,8.117734165093129,19.891316451119206,3.5127762396164774,153.409912109375,51.819301060267854,17.588435887155963,16.26357810028514,4141.617476643142,3817.09953995842,0.08155031420461138,5074363500.0,0.7819739362385055,-6.144566914234351,-107545170000,2.789931449507071,1.5749126612080302,3.7779879727172583,-10.951905237012705,17.14982303968979,-0.14876109620483569,0.6661628661620749,0.0
2023-04-06,4081.14990234375,4107.31982421875,4069.840087890625,4105.02001953125,3486690000,4105.96396484375,4052.825,3988.693505859375,4028.7347998046876,3984.056906738281,3943.172711181641,4066.388924624478,4028.454084711271,4004.4647413090156,4011.485140055608,73.49112512505076,1.0,30.987744616681084,12.69173625541072,18.296008361270363,2.5519164837534802,156.300048828125,50.281424386160715,15.955086214163039,16.223895553117483,4157.5161480809,3819.87086363785,0.08465059647903517,5026435000.0,0.6936705637295618,-12.130231198431463,-104058480000,2.916406424835398,1.893527956475585,4.1044945328075375,-9.204277714946299,17.569121362832128,-0.2256509354432764,0.9209142255894023,0.0
2023-04-10,4085.199951171875,4109.5,4072.550048828125,4109.10986328125,3423650000,4105.92392578125,4066.6369873046874,4001.0694946289063,4029.7083984375,3985.2187060546876,3944.918811035156,4074.9331123558327,4036.1355874322217,4008.568471582437,4012.45653033646,71.2822664215497,0.93084625828182,33.29459788352506,16.81230858103359,16.482289302491466,4.372395366464565,138.119873046875,50.064976283482146,14.671689073209887,16.03035084874448,4166.924009072686,3835.214980185127,0.08290509058461751,4921708000.0,0.695622332734896,-1.8080184931840826,-100634830000,2.700287230636174,1.9704022473322793,4.16208951593125,-9.113817664679196,17.68625583085201,-0.48282513276605754,0.9072927460402195,0.0
2023-04-11,4110.2900390625,4124.259765625,4102.60986328125,4108.93994140625,3665830000,4102.8099609375,4079.777978515625,4013.7284912109376,4030.47599609375,3986.73560546875,3946.484860839844,4081.7344781659162,4043.069335429748,4012.5046076539593,4013.4165642774533,66.62589871894761,0.7850672417515906,34.708980915855136,20.391643047997903,14.317337867857233,4.057516660888849,131.409912109375,47.5035400390625,14.619530609708622,16.019886958383385,4171.327484544617,3856.1294978772585,0.0785299721586956,4777098500.0,0.7673758454007176,7.073737093452892,-104300660000,2.372144762751185,1.9467662228616578,4.116450114338826,-9.102497353582924,17.68138921255319,0.028720959539095738,0.5277104834539276,0.0
2023-04-12,4121.72021484375,4134.3701171875,4086.93994140625,4091.949951171875,3633120000,4101.079931640625,4091.8459716796874,4022.3614868164063,4031.9595947265625,3987.7378051757814,3947.385910644531,4083.7775727671083,4047.7246321670937,4015.6201113213287,4014.197991012721,78.6915387716656,1.0,34.06624497188068,23.126563432774457,10.939681539106221,3.046090804433388,120.679931640625,43.511404854910715,13.967175202938497,16.031323122277712,4177.068174397332,3867.654799235481,0.0769233138732003,4675461000.0,0.7770613421863641,-0.8922945144755778,-107933780000,1.7300400419890183,1.4878709728087167,3.6622728002730134,-9.328508593074538,17.194790313080183,0.31103578099820217,1.1605302857699946,0.0
2023-04-13,4100.0400390625,4150.259765625,4099.39990234375,4146.22021484375,3596590000,4112.247998046875,4103.686987304687,4035.0760009765627,4033.3519970703123,3989.6121069335936,3948.6164611816407,4096.266101182437,4057.1051638505846,4020.7416840084825,4015.511644981189,81.58994508785864,1.0,37.5037094115728,26.001992628534126,11.501716783038674,4.241078868151127,118.41015625,41.347115652901785,14.04838404034114,16.235138713984558,4186.408797458285,3883.74320449484,0.07500864739355459,4525590000.0,0.7947228980088784,-1.0054718809177743,-104337190000,2.7544515602751565,2.7983726155173474,5.004379523935214,-8.125960711283668,18.749108485871982,0.19770740080308452,1.2406660607122493,1.0
2023-04-14,4140.10986328125,4163.18994140625,4113.2001953125,4137.64013671875,3575690000,4118.772021484375,4112.367993164063,4043.9440063476563,4033.7206005859375,3991.5229077148438,3950.196911621094,4104.5409082896995,4064.7751612666007,4025.325937055944,4016.7268538542,77.8763165310148,0.8892021843678395,39.085036180145835,28.618601338856468,10.466434841289367,4.18934286435495,86.81005859375,40.376377650669646,13.098211778181934,15.88658316016934,4197.590769245679,3890.2972434496332,0.0759885708886416,4419585000.0,0.8090556013743372,-0.581105992064701,-107912880000,2.316949251127654,2.576270059897484,4.7451615524840385,-8.31608241102706,18.503372230852232,-0.147371611874944,1.2153492103476873,1.0
2023-04-17,4137.169921875,4151.72021484375,4123.18017578125,4151.31982421875,3611180000,4127.214013671875,4116.5689697265625,4055.6780029296874,4033.1518017578123,3993.382705078125,3951.8593603515624,4113.89669147551,4073.017510119186,4030.266873807427,4018.0660873901656,78.392426803576,0.9046005716728155,40.969811013869275,31.088843273859034,9.880967740010242,3.066424777441501,42.009765625,40.033517020089285,12.124169018549269,15.793780714659922,4204.146891872115,3907.20911398726,0.07321532371908143,4132430000.0,0.8738635621172046,0.9925357063951257,-104301700000,2.3582202832664256,2.929917550076722,5.047256131337715,-8.012960993999352,18.89516297297796,-0.0113643243059531,0.6921851058107666,1.0
2023-04-18,4164.259765625,4169.47998046875,4140.35986328125,4154.8701171875,3536640000,4136.400048828125,4119.605004882813,4065.8430053710936,4033.5196044921877,3995.4320068359375,3953.7068115234374,4122.091376617908,4080.8129965066446,4035.1532755086064,4019.4273215175026,80.26310282660486,0.9370594308014919,42.262808274107556,33.32363627390874,8.939172000198816,2.568363447885158,30.3603515625,40.13710239955357,11.933253443214731,15.357156866797114,4212.122025107032,3919.563985635156,0.07195507526616213,4041905000.0,0.8749933509075547,-2.0641452378446945,-100765060000,2.189634762060392,3.0085514536773923,5.087967197713141,-7.934291811274892,18.996844529445557,0.31170668496217846,0.7033233378033523,1.0
2023-04-19,4139.330078125,4162.56982421875,4134.490234375,4154.52001953125,3572560000,4148.9140625,4124.996997070312,4073.425500488281,4034.3884033203126,3996.94140625,3955.352761230469,4128.577105200577,4087.832712985178,4039.8343242938085,4020.7715274678885,75.6342324508113,0.6381849541910803,42.76628485272295,35.21216598967158,7.5541188630513645,1.1001837362686562,53.919921875,37.9056396484375,11.307421239094836,15.18364060495309,4221.668908948075,3925.1820920284877,0.07278562401203793,3974521000.0,0.8988655488296577,1.0156532754252545,-104337620000,1.9908187601135223,2.9776908963963105,5.035385471884495,-7.942049451766356,18.986817617605748,-0.37401985198563337,0.6791548232546429,1.0
2023-04-20,4130.47998046875,4148.56982421875,4114.56982421875,4129.7900390625,3772080000,4145.62802734375,4128.938012695313,4083.06650390625,4033.7042041015625,3997.966706542969,3956.8447619628905,4128.819691972962,4091.8286488020663,4043.361999382777,4021.856288777288,65.86434226403617,0.04465509791704599,40.70061951535354,36.309856694807976,4.390762820545561,0.12802184350506618,39.41015625,38.61350795200893,9.489173604083728,15.240435067942323,4218.467961087691,3947.665046724809,0.06632341503715554,3936474500.0,0.9582381392283883,5.584790738294099,-108109700000,1.1443246175772481,2.3820743936363815,4.370787521464848,-8.490028835268722,18.278542856167935,-0.5786478088800354,0.8263318269597166,1.0
2023-04-21,4132.14013671875,4138.02001953125,4113.85986328125,4133.52001953125,3611750000,4144.80400390625,4131.788012695312,4092.306506347656,4034.0174072265627,3999.0407055664064,3958.2869616699218,4129.7597574846195,4095.799255538179,4046.8976080160505,4022.9673706753374,56.23614908800941,0.0,38.91594432243892,36.831074220334166,2.0848701021047518,0.8028074206459568,28.5,36.059238978794646,9.500704840021799,15.240099981904615,4213.592074314079,3971.020938381234,0.05927491881573092,3867482000.0,0.9338763567613243,-4.250440075502116,-104497950000,1.0070974185258814,2.4665885706501354,4.4269922711061085,-8.407378046266913,18.38537072164118,0.05690598393674012,0.5872868073520048,1.0
2023-04-24,4132.06982421875,4142.41015625,4117.77001953125,4137.0400390625,3290940000,4141.948046875,4134.581030273437,4100.6090087890625,4035.1282080078126,4000.771706542969,3959.4590612792967,4131.215813800196,4099.726949207162,4050.43260531199,4024.1024221020753,53.43426557142742,0.0,37.35500726128157,36.93586082852365,0.41914643275791974,1.1407291642046014,27.93017578125,35.75709751674107,9.42914194954874,15.083558378508508,4208.973072231116,3992.244945347009,0.05285266808407767,3802830500.0,0.8653922387547907,-8.882397729632451,-101207010000,0.8884297477607072,2.5256156880577123,4.484980777294034,-5.672587278366722,18.486185236917606,-0.03508378586888894,0.5983854513942702,1.0
2023-04-25,4126.43017578125,4126.43017578125,4071.3798828125,4071.6298828125,3978640000,4125.3,4130.850024414062,4105.314001464843,4034.7516064453125,4001.9117065429687,3960.3203112792967,4119.298627602657,4097.051038121956,4051.263871096324,4024.5753321588954,43.53143193563158,0.0,30.488448583608715,35.646378379540664,-5.157929795931949,-0.8133976584738467,-37.31005859375,37.14283970424107,11.3903544760489,15.438450646737573,4198.25062287387,4012.377380055816,0.04527625481308655,3790085500.0,1.0497494053894034,20.896765058007748,-105185650000,-0.8205004206821779,0.9140160278584757,2.8106204242163217,-5.864358259880452,16.612816882578567,-0.256460251316647,1.3521286284570768,0.0
2023-04-26,4087.780029296875,4089.669921875,4049.35009765625,4055.989990234375,3837030000,4105.593994140625,4127.2540283203125,4109.55,4033.12560546875,4001.670505371094,3961.3281115722657,4106.636900129,4093.140462132662,4051.449209101738,4024.887915821338,42.502759684443255,0.0,23.513592677961697,33.21982123922487,-9.706228561263174,-1.292734310210364,-35.9599609375,38.019967215401785,11.491144657404696,15.21961599189448,4182.290301454227,4036.8096985457732,0.035400616346912404,3781207000.0,1.0147632753245195,-3.5592564293326356,-109022680000,-1.3033059523700934,0.5669147703860683,2.3896500364504685,-6.225950881745028,16.16488522332464,0.396650652176155,0.9957109967371548,0.0
2023-04-27,4075.2900390625,4138.240234375,4075.2900390625,4135.35009765625,3750550000,4106.706005859375,4126.167016601563,4114.927001953125,4033.110009765625,4002.2583056640624,3962.9108618164064,4112.37953963445,4097.160427420623,4054.7394400254443,4025.98704200875,55.156943226800564,0.3237425107936169,24.111721632512854,31.398201317882467,-7.286479685369613,0.642748656018588,-10.8701171875,41.217860630580354,12.397198012230014,15.44560927656983,4177.400496850423,4052.4535070558263,0.030364327176470342,3761472000.0,0.9970963495142328,-2.2538265272880276,-105272130000,0.49631732697642755,2.5350185748235154,4.351327644064288,-4.391153796612461,18.43778476010089,0.47584064247184565,1.5446801260550618,1.0
2023-04-28,4129.6298828125,4170.06005859375,4127.18017578125,4169.47998046875,4087800000,4113.897998046875,4129.351000976562,4120.8594970703125,4033.547607421875,4003.236105957031,3964.7493615722656,4123.799627801311,4104.048003901397,4059.2390690624366,4027.414832441188,59.31320411342346,0.4300755926905735,27.02817546362894,30.524196147031763,-3.496020683402822,1.8946964215598827,31.83984375,41.641427176339285,12.546719264347644,15.390755837316034,4180.1583393180545,4061.5606548225705,0.02877984182178496,3769319000.0,1.084492981358171,8.992014504539325,-101184330000,1.1798626823604104,3.3700450887639075,5.163772037667879,-3.6020746038714755,19.415275811396725,-0.1383248022215093,1.0389631900279976,1.0
2023-05-01,4166.7900390625,4186.919921875,4164.1201171875,4167.8701171875,3321370000,4120.064013671875,4131.006030273437,4123.7875,4035.0968115234373,4004.92640625,3966.6368127441406,4132.613725678549,4110.126300404836,4063.49911016538,4028.8123974635396,59.050855897541275,0.42336371990734517,28.876710876243123,30.194699092874036,-1.317988216630912,0.5221599727443849,16.55029296875,41.723563058035715,11.592705994816619,15.095884646088,4186.376922577346,4061.1980774226554,0.030355309325393317,3709131500.0,0.8954576024063854,-18.749204951318553,-104505700000,1.0689837240037132,3.2904614651348254,5.073146696890183,-3.639294468509477,19.369168798376005,-0.06451503350179381,0.5475299474045738,1.0
2023-05-02,4164.10009765625,4164.10009765625,4089.719970703125,4119.580078125,4486130000,4129.654052734375,4127.477026367187,4123.541015625,4035.906611328125,4006.709606933594,3967.9189135742185,4130.006996167839,4111.026660187709,4065.6983638108554,4029.7155584651464,53.87138860705541,0.2908530968724798,26.143717432407357,29.3845027607807,-3.2407853283733417,-0.43648210083518935,-35.2900390625,43.9178466796875,12.325355872016253,15.134499531569734,4186.157283527106,4060.9247477228932,0.030370144332184292,3721703000.0,1.2053970991237075,35.06866142585741,-108991830000,-0.09605670187324779,2.0732260395227495,3.8221840681257326,-4.755754939534372,17.986126222178466,-0.09045434299171559,1.818709532338401,0.0
2023-05-03,4122.25,4148.2998046875,4088.860107421875,4090.75,4246510000,4136.6060546875,4121.100024414062,4123.048510742187,4037.7748095703123,4008.277907714844,3969.2184130859373,4122.155596934272,4109.095549693642,4066.6807809163124,4030.3228663411155,41.63118362584128,0.0,21.404713858947616,27.788544980414084,-6.383831121466468,-1.4590498150825804,-63.77001953125,43.99855259486607,12.407418508729663,15.150369833889481,4186.5728940354065,4059.5241274489686,0.030814278865607624,3722638500.0,1.1407258588229827,-5.341352123099419,-113238340000,-0.7833648005362247,1.31198972028173,3.061851837464794,-5.422303222120408,17.1604233174786,0.06481053467505837,1.4536984808488145,0.0
2023-05-04,4082.550048828125,4082.610107421875,4048.280029296875,4061.219970703125,4920090000,4121.780029296875,4114.243017578125,4121.590515136719,4039.1782080078124,4009.2550073242187,3969.8410632324217,4109.968471688042,4104.535970742165,4066.4666314961873,4030.6303002153645,39.155956590152755,0.0,15.092219105528784,25.249279805437027,-10.157060699908243,-2.253984934377884,-68.570068359375,43.46142578125,12.640358490928232,14.978686792408899,4189.461776607187,4053.7192536662506,0.03293450002915528,3770242000.0,1.304979892537402,15.861966650261028,-118158430000,-1.4647390179077793,0.5456991883055335,2.3018278569645947,-6.1050342999623055,16.314673581366783,-0.20045104618651838,0.8480163890975352,0.0
2023-05-05,4084.72998046875,4147.02001953125,4084.72998046875,4136.25,4186270000,4115.134033203125,4114.516015625,4123.152014160156,4041.656806640625,4011.2737084960936,3970.722813720703,4115.224777350433,4107.556354481007,4069.203234182611,4031.6812425017793,48.178699106197605,0.2194932838233333,15.959842714361912,23.391392387222005,-7.431549672860093,-0.4397624622184737,2.72998046875,47.551426478794646,14.229937060275374,15.290586106001896,4190.854874587028,4055.449153733284,0.03284034165820687,3805221000.0,1.100138467647477,-14.914767819287855,-113972160000,0.3176692441816759,2.3404558547364602,4.168691546720995,-4.37034815192704,18.463558258735162,0.5788903318515564,1.5249487569641458,1.0
2023-05-08,4136.97998046875,4142.2998046875,4123.81005859375,4138.1201171875,3641640000,4109.184033203125,4114.6240234375,4124.602526855469,4045.018408203125,4012.7493090820312,3971.418664550781,4119.803845317847,4110.467189024482,4071.905857045548,4032.7403357822345,47.9673823648615,0.24155269312527405,16.60690938906737,22.034495787591077,-5.427586398523708,0.20170706128419535,1.080078125,46.7921142578125,14.228119615958562,15.176629463454342,4192.281723049142,4056.9233306617953,0.032817317912701205,3816120500.0,0.9542780423207287,-13.00991097086428,-110330520000,0.3277307387564694,2.301638697009848,4.1975290624660175,-4.327111245174372,18.517119029092868,0.017648364309459052,0.44836560925541613,1.0
2023-05-09,4124.25,4130.35009765625,4116.64990234375,4119.169921875,3810140000,4109.102001953125,4119.37802734375,4125.114025878906,4047.7570068359373,4013.7445092773437,3972.2063647460936,4119.677060629278,4111.296020724531,4073.759349783958,4033.600331663755,45.89554058083909,0.2523396237038985,15.412921438178273,20.710180917708517,-5.2972594795302435,-0.3471641019867966,47.5400390625,46.320016043526785,14.335989666906702,15.202789990340204,4192.448561596829,4057.7794901609846,0.0326461451952595,3823336000.0,0.9965485638719694,4.627036170516585,-114140660000,-0.1440955078239314,1.7642589443600258,3.6997966277187713,-4.765237707595009,17.97437921249166,-0.335179182689528,0.3327996219620233,0.0
2023-05-10,4143.740234375,4154.27978515625,4098.919921875,4137.64013671875,4057160000,4118.480029296875,4127.543041992188,4127.39853515625,4051.1068115234375,4015.1677099609374,3973.0603649902346,4123.269675847172,4113.804984152552,4076.2644786833616,4034.635553604601,50.92491062706605,0.5838571969375543,15.775222416462384,19.723189217459293,-3.947966800996909,0.014505483403204344,81.650146484375,47.420706612723215,14.32206913479836,15.049243321224658,4193.0753860415325,4061.7216842709663,0.03182481668579494,3844538000.0,1.055304954717576,6.4832263381398025,-110083500000,0.24813696751754674,2.136041561510229,4.142392931624133,-4.338208341607237,18.503372230852232,0.5964869856307329,1.3505963604169735,1.0
2023-05-11,4132.240234375,4132.7998046875,4109.2900390625,4130.6201171875,3752900000,4132.36005859375,4127.070043945312,4126.6185302734375,4054.691416015625,4017.5164111328127,3974.1082153320312,4124.739764115238,4115.406425393975,4078.3960723501905,4035.590623889008,49.66095753948455,0.5211525500792807,15.319300286795624,18.84241143132656,-3.5231111445309367,1.4488113132290037,-4.72998046875,47.71998814174107,13.535267733328332,15.053181115655606,4191.722231094217,4061.5148294526575,0.03155305019990101,3852353500.0,0.9741837035464165,-7.499334509854183,-113836400000,0.0969701193533231,1.8726135575191853,3.938289884801046,-4.500510432568882,18.30231656624838,-0.13050681464126201,0.5721125888296645,1.0
2023-05-12,4138.5400390625,4143.740234375,4099.1201171875,4124.080078125,3533740000,4129.92607421875,4122.530053710938,4125.94052734375,4057.546015625,4020.2336108398435,3974.610565185547,4124.60782691719,4116.232487558835,4080.1876019884185,4036.471115970958,48.495409474011204,0.4633297712436402,14.265804900598596,17.927090125180968,-3.6612852245823717,1.6787538444267724,-45.39990234375,49.147129603794646,13.527383916793333,15.045138074916814,4190.84306238286,4061.0379923046394,0.03146072252325655,3850256000.0,0.917793518145287,-5.839750592874848,-117370140000,-0.045091518077391674,1.6397611325610901,3.760607749818011,-4.651715427097664,18.115007699885158,0.19173687364871017,1.0885291455697785,0.0
2023-05-15,4126.64990234375,4141.25,4110.27001953125,4136.27978515625,3562170000,4129.5580078125,4119.371020507812,4125.188525390625,4059.3588134765623,4023.4198095703123,3974.929814453125,4126.942218565002,4118.141753996684,4082.3872954459803,4037.4642370573793,58.56357664809543,0.9628110204797248,14.251039504782057,17.191880001101186,-2.9408404963191295,0.02248147020313951,-31.59033203125,46.669974190848215,13.516154783655388,14.779348566588816,4189.19525515585,4061.1817956254004,0.031032147680651143,3847805500.0,0.9257666480283372,0.8045300446552384,-113807970000,0.2688667365711467,1.8949044717190235,4.059190431902603,-4.369659522341684,18.46441131539099,0.06231266537187034,0.7537212962053298,1.0
2023-05-16,4127.9501953125,4135.5400390625,4109.85986328125,4109.89990234375,3654200000,4127.70400390625,4118.403002929687,4122.940014648438,4060.5884130859376,4026.302607421875,3974.827863769531,4123.533755320752,4117.356815744024,4083.4662212066773,4038.184989945801,56.94339193099341,0.882433741030654,11.9726880500275,16.14804161088645,-4.175353560858952,-1.4289570498981496,-9.68017578125,45.6771240234375,13.686522032886053,14.828951040701757,4185.70393489818,4060.176094398695,0.030446196173966992,3853683500.0,0.9482356296255258,2.583537562777738,-117462170000,-0.31628188279134134,1.2143926998091628,3.398185863730037,-4.979559554775008,17.708882809034456,-0.20137878181360366,0.6248431001427708,0.0
2023-05-17,4122.85009765625,4164.669921875,4113.6201171875,4158.77001953125,4039080000,4131.92998046875,4125.205004882812,4123.152514648437,4064.0364111328126,4029.105908203125,3975.028564453125,4130.5810081628515,4121.300930390426,4086.419311337053,4039.3848409864527,53.27349712193784,0.7003704506524002,13.949684856273961,15.708370259963955,-1.7586854036899933,-0.21833928122478863,68.02001953125,43.71425083705357,14.374658792482634,14.397391817951958,4186.393591274323,4059.9114380225524,0.03067607923849863,3877009500.0,1.0418029669517188,10.532537901592697,-113423090000,0.8638415570676415,2.331022629101673,4.62239332620755,-3.8496877403500696,19.108539013217623,0.31509758437461943,1.2409946284102424,1.0
2023-05-18,4157.68017578125,4202.2001953125,4153.5,4198.0498046875,3980500000,4145.41591796875,4138.88798828125,4126.565502929688,4068.15720703125,4032.8625073242188,3975.5628637695313,4144.074767467781,4128.610346990147,4090.796977742953,4040.963596844175,53.93664604296798,0.7429386409272254,18.47307336529866,16.261310881030894,2.2117624842677657,1.9047991560881439,136.829833984375,44.12998744419643,14.555034116916547,14.499971449130314,4198.134222891317,4054.996782968058,0.034686821237088696,3887430500.0,1.0239411354106525,-1.4503302732305379,-109442590000,1.7322953363289997,3.1929099846915583,5.596363296014191,-2.941543363400105,20.233524958759606,-0.026205915327889188,1.172509818526544,1.0
2023-05-19,4204.14990234375,4212.91015625,4180.2001953125,4191.97998046875,4041900000,4158.9958984375,4144.460986328125,4129.488500976562,4073.6304052734376,4036.3341064453125,3975.7469140625,4153.655810067976,4134.645550178586,4094.764938634161,4042.466247427504,53.28177090810483,0.7278488694532647,21.322316865001085,17.273512077824932,4.048804787176152,2.474606868392115,55.72998046875,44.837855747767854,14.577135317627429,14.477090858456584,4206.798128870745,4052.178873082379,0.03744271372878284,3908938000.0,1.0340148654186891,1.5425197839467497,-113484490000,1.5132983050421271,2.905260502820905,5.438803602951143,-3.081877041687942,20.05968319993019,0.145307891522361,0.7824974740247983,1.0
2023-05-22,4190.77978515625,4209.22021484375,4179.68017578125,4192.6298828125,3728520000,4170.26591796875,4149.911962890625,4132.267993164062,4080.251201171875,4039.9679052734373,3975.950363769531,4161.45062461688,4140.167867572292,4098.602779582331,4043.9604129537233,61.425102142120735,1.0,23.363484843870538,18.491506631034053,4.871978212836485,3.235725054474803,54.509765625,41.36570521763393,14.57828601969719,14.284307227502163,4214.55759092156,4049.9783954065642,0.039827812665407136,3930817000.0,0.9485356352127305,-7.753284346470723,-109755970000,1.4607447955527881,2.754209878263111,5.4497541271500864,-3.06685136991567,20.078296616469643,-0.02863075010119188,0.7067535749186477,1.0
2023-05-23,4176.7998046875,4185.68017578125,4142.5400390625,4145.580078125,4155320000,4177.401953125,4152.552978515625,4135.965502929687,4086.0476025390626,4043.5915063476564,3975.952314453125,4158.276515318505,4140.68331619636,4100.445026584004,4044.9715539007016,58.11312657234635,0.8512751393157204,20.943179212997165,18.981841147426678,1.9613380655704873,0.2255685252342099,26.41015625,40.69785853794643,13.955788046861137,14.49300995298573,4213.277985247729,4058.6530206116463,0.03738545800891105,3939651000.0,1.0547431739511952,11.446901183311331,-113911290000,0.2324626544515967,1.4569697021871213,4.266343010585293,-4.154637756566732,18.73077476003936,-0.37756917656611433,1.0413933555730475,1.0
2023-05-24,4132.9599609375,4132.9599609375,4103.97998046875,4115.240234375,0,4168.69599609375,4150.31298828125,4138.928015136718,4089.9666064453127,4046.2511083984373,3975.828215332031,4149.669259129804,4138.260165546706,4101.025230811102,4045.670744751192,57.974189037728976,0.7777842541932679,16.387987217720365,18.463070361485418,-2.0750831437650525,-0.5529052363045128,-22.39990234375,40.63572474888393,14.167201526188133,14.566750441448944,4207.368875792343,4070.487154481094,0.033071781101447185,3747799500.0,0.0,-100.0,-113911290000,-0.5723168094513459,0.6179421584973098,3.5064900064181046,-4.856091656823591,17.861831672063765,-0.3044234329012874,0.7061433195743794,0.0
2023-05-25,4155.7099609375,4165.740234375,4129.72998046875,4151.27978515625,4147760000,4159.3419921875,4152.378955078125,4139.724499511719,4095.153603515625,4049.36890625,3975.972263183594,4149.991364335094,4139.5001293190435,4102.995997648167,4046.7215809741283,52.50722902361345,0.42574855810859735,15.507296831119675,17.87191565541227,-2.364618824292595,0.7795226681649892,20.65966796875,38.114292689732146,12.739318584380158,14.617210121989821,4208.360528360343,4071.088470663095,0.03315970850558754,3767660000.0,1.1008848993805174,inf,-109763530000,0.2791317549246095,1.3705513168649284,4.409173665419032,-4.022861147552661,18.894016241079964,0.9834110345357838,0.8719759905988481,1.0
2023-05-26,4156.16015625,4212.8701171875,4156.16015625,4205.4501953125,3715460000,4162.03603515625,4160.515966796875,4141.523010253906,4100.0570068359375,4053.1820092773437,3975.948312988281,4161.0831305305755,4145.781087985087,4107.013809321278,4048.300970171525,59.56313561437869,0.8801017967960982,18.961862189339627,18.089904962197743,0.8719572271418841,1.6388582949005581,81.3701171875,41.192905970982146,13.237514494732538,14.764956497646075,4215.145921147668,4067.9000993601453,0.03555354429347842,3749043000.0,0.9910422473148481,-10.422493104711938,-106048070000,1.5435670621729694,2.5705298316789906,5.772255176821647,-2.7704471339631773,20.44547457639444,0.11756304913970785,1.3644796833014248,1.0
2023-05-30,4226.7099609375,4231.10009765625,4192.18017578125,4205.52001953125,4228510000,4164.6140625,4167.439990234375,4143.405505371094,4105.834609375,4056.707509765625,3975.939562988281,4169.970508330711,4151.470510037102,4110.876797956963,4049.865338821871,62.95968423937657,1.0,21.457910915487446,18.763506152855683,2.6944047626317627,1.8132846937943148,69.240234375,42.43931361607143,13.234994560376572,14.425996589376341,4221.645558629047,4065.16545211314,0.0377660613505151,3794400000.0,1.1144080750579801,13.808518998993403,-101819560000,1.4991174308099324,2.4278963874637096,5.77424412282611,-2.7688328055909497,20.447474364948263,0.505528888410013,0.9283933476868496,1.0
2023-05-31,4190.740234375,4195.43994140625,4166.14990234375,4179.830078125,5980670000,4171.4640625,4174.4330078125,4146.418005371093,4110.399809570313,4060.4248095703124,3975.4379638671876,4171.942422289569,4154.171421283569,4113.580848159631,4051.158520307474,56.19768317612882,0.5325032763177778,21.119629994273964,19.23473092113934,1.8848990731346227,1.3518166219834038,69.93017578125,41.297188895089285,12.699204322074827,14.492611389428504,4225.431326802796,4067.40468393939,0.03811160443995404,3869127000.0,1.5457414553722326,41.43681816999369,-107800230000,0.8058057029133588,1.6891366234747185,5.141373506907547,-3.3627814674651306,19.711706007029186,-0.3514377553218107,0.7030481319460519,1.0
2023-06-01,4183.02978515625,4232.43017578125,4171.64013671875,4221.02001953125,4391860000,4192.62001953125,4180.6580078125,4152.931506347656,4114.762807617188,4063.684208984375,3975.05736328125,4181.757941737906,4160.537954450015,4117.794148997734,4052.848684478855,62.06816981833115,0.9383643884323777,23.899722832063162,20.16772930332411,3.7319935287390535,2.048706537674372,62.25,43.614327566964285,12.742186486181426,14.225015452398715,4234.071759675171,4071.7912530201406,0.039076133667744956,3876394500.0,1.132975500816545,-26.56575266650727,-103408370000,1.6395289226302499,2.5823411186025234,6.187650485802487,-2.4104744849756266,20.891399454826875,0.07655112699426608,1.457221550042787,1.0
2023-06-02,4241.009765625,4290.669921875,4241.009765625,4282.3701171875,4454200000,4218.8380859375,4189.0900390625,4163.989013671875,4121.670810546875,4067.587009277344,3974.943212890625,4201.880376827825,4172.14101756787,4124.248108534588,4055.13247982919,68.43374206476471,1.0,30.699521616789752,22.27408776601724,8.425433850772514,4.196457795611885,84.3203125,45.402169363839285,13.072518427500718,14.490639116475107,4252.450420319807,4075.5276070239433,0.04248878004119656,3853100000.0,1.1560042563130986,1.4194441535021696,-98954170000,2.8429734835259466,3.8988874664472006,7.734120661142992,-0.9920668742866052,22.648486397801854,0.47357619725219613,1.1709512355409906,1.0
2023-06-05,4282.990234375,4299.27978515625,4266.81982421875,4273.7900390625,3813290000,4232.5060546875,4197.271044921875,4170.866015625,4128.172211914062,4071.1324096679687,3974.941962890625,4216.26230927476,4181.821876757835,4130.112497967055,4057.308176935989,66.1499748248925,0.856605947957888,34.99269652229577,24.817809517272945,10.174887005022828,2.765722052219033,81.81005859375,45.507882254464285,11.769693361587773,13.909147416121954,4270.878326861061,4070.8537043889382,0.047957575650425126,3834451000.0,0.9944813481773531,-14.388891383413405,-102767460000,2.467689517043312,3.527416485392231,7.51830036669389,-1.1904373509074613,22.402750142782104,0.014480700418936926,0.7607530262528341,1.0
2023-06-06,4271.33984375,4288.330078125,4263.08984375,4283.85009765625,3996560000,4248.1720703125,4206.39306640625,4178.152514648437,4134.4294140625,4074.2748095703123,3974.942512207031,4229.779866951058,4191.538850176731,4136.141423445063,4059.5623254008674,71.24405166553365,1.0,38.760029723292064,27.606253558476773,11.15377616481529,2.043813126584304,91.22021484375,45.423618861607146,11.763668092159921,13.502521783928781,4288.789849131107,4067.5151801657676,0.052959931019645475,3852197000.0,1.0374754977484277,4.806086083146055,-98770900000,2.529768423657134,3.614058159646488,7.771372403514393,-0.9578498862011388,22.690873524421754,-0.05733073665540845,0.5920643312738065,1.0
2023-06-07,4285.47021484375,4299.18994140625,4263.9599609375,4267.52001953125,4537800000,4265.71005859375,4218.587060546875,4185.57001953125,4140.229213867187,4077.118310546875,3975.137712402344,4237.327897467096,4198.775152020018,4141.293525252365,4061.6315561882348,64.42808501375954,0.6362261210433496,39.96725001925006,30.078452850631432,9.888797168618627,1.8020133544161876,121.93994140625,44.027901785714285,11.711817289065475,13.534433444518621,4299.402917437061,4071.7371216254396,0.05439302048448776,3888580000.0,1.1669555467548565,13.54264667614149,-103308700000,1.9579173115631583,3.0744869206206693,7.355274918317413,-1.3353995231296565,22.223174724462698,0.037819184858648235,0.8262268124347988,1.0
2023-06-08,4268.68994140625,4298.009765625,4261.06982421875,4293.93017578125,3826740000,4280.29208984375,4236.4560546875,4193.384521484375,4146.682416992187,4080.0667114257812,3975.917412109375,4248.648353129927,4207.837535235373,4147.279276253497,4063.9429852389117,63.1703983119397,0.5691023228489855,42.56440374093472,32.57564302869209,9.98876071224263,2.416151575506964,178.68994140625,43.18788364955357,11.77903042848683,13.22101819679357,4314.583342086037,4072.1857008827124,0.057804773199649453,3877059000.0,0.9870213478825058,-15.669707787914843,-99481960000,2.397720833416055,3.550977479868577,7.998475086612953,-0.7247995721013802,22.9795702720104,0.02741456090763707,0.866917063792138,1.0
2023-06-09,4304.8798828125,4322.6201171875,4291.7001953125,4298.85986328125,3786510000,4283.5900390625,4251.2140625,4201.7965087890625,4152.103413085937,4083.1456103515625,3976.7680615234376,4258.690655160191,4216.506328382599,4153.223612999684,4066.2804666124675,64.72745231020971,0.6522036057093139,44.50739778224397,34.961993979402465,9.545403802841506,3.6974267115249315,147.580078125,43.060023716517854,11.708320539025637,13.101469100927964,4327.90751145568,4075.685506122445,0.060027182374408704,3878739500.0,0.9762217854537537,-1.0512864736041627,-95695450000,2.310044151094806,3.534508551323394,8.099335862057393,-0.6108257312201962,23.120758140817557,0.25500431034041626,0.7204585704465446,1.0
2023-06-12,4308.31982421875,4340.1298828125,4304.3701171875,4338.93017578125,3945670000,4296.61806640625,4264.562060546875,4212.539013671875,4157.865415039062,4087.2463110351564,3977.7588623046877,4274.738559284404,4228.165742420566,4160.506223304843,4068.9933990420077,68.18389816827676,0.8366770313334578,48.71897191395601,37.713389566313175,11.005582347642836,5.435647220246009,133.47998046875,43.897879464285715,11.901034884173502,12.78607457012538,4347.096142626101,4077.9818847176493,0.06388409864811607,3899336000.0,1.0118825358984196,4.203342919997577,-91749780000,3.0003558827388876,4.354752803861181,9.079768934693593,-0.027642191907689257,24.268385049077327,0.2200574393760155,0.8307781313277408,1.0
2023-06-13,4352.60986328125,4375.3701171875,4349.31005859375,4369.009765625,4275400000,4313.65,4280.91103515625,4224.175512695312,4163.0594091796875,4091.947907714844,3978.608310546875,4293.592800552523,4241.579458916226,4168.682832807594,4071.9786365204454,78.99352945201834,1.0,53.86294773785994,40.94330120062253,12.919646537237412,5.244888124555902,163.48974609375,42.922886439732146,12.001674579174193,12.558226255424481,4370.686632170179,4077.6643932204456,0.06936791287887688,3934997500.0,1.086506408199751,8.356755633390534,-87474380000,3.4286987482978355,4.947091458536119,9.812512934314528,-0.14536716648301404,25.129874379715933,0.3152778898438229,0.5991768405257344,1.0
2023-06-14,4366.2900390625,4391.81982421875,4337.85009765625,4372.58984375,4252110000,4334.66396484375,4300.18701171875,4237.310009765625,4168.021010742187,4095.947705078125,3980.182960205078,4309.3922091920185,4254.056638424205,4176.679186177885,4074.969792811287,85.88756792090534,1.0,57.56489573820727,44.267620108139475,13.297275630067794,3.9743580514589816,192.759765625,43.806431361607146,11.537527626568792,12.473112509723009,4387.733105620957,4086.8869139102935,0.07099933472351809,3964893000.0,1.072440038104433,-0.5447443514057126,-83222270000,3.192587600921308,4.908056664795599,9.859016217804806,-0.43785904792145647,25.232408992839357,-0.06225041161268577,1.24415840445155,1.0
2023-06-15,4365.330078125,4439.2001953125,4362.60009765625,4425.83984375,4176690000,4361.0458984375,4320.668994140625,4250.663500976562,4174.525805664062,4100.008002929688,3982.159108886719,4332.681736103616,4270.416943693328,4186.450192357183,4078.4610370992345,86.53394095564072,1.0,64.05713538818691,48.22552316414897,15.83161222403794,5.238824763537964,204.81982421875,45.670724051339285,11.566398832785445,12.443654348706767,4418.176212561831,4083.150789391294,0.07881720655929757,3971773500.0,1.0515931988568834,-1.7737076416179276,-79045580000,4.121152914908274,6.02018168734161,11.14171289321786,-0.3009630333096408,26.757506479035225,-0.16602896417044033,1.755835876348199,1.0
2023-06-16,4440.9501953125,4448.47021484375,4407.43994140625,4409.58984375,6848600000,4383.19189453125,4333.390966796875,4261.240502929688,4180.910004882812,4103.934401855468,3984.276258544922,4348.063357632893,4283.671505603487,4195.200766921607,4081.75585109576,80.21248858209904,0.7916205611289678,67.1173557932907,52.00388968997731,15.113466103313385,5.4968685647639015,127.2197265625,44.2021484375,11.554977476028162,11.903174920583302,4441.02946550959,4081.4515403497853,0.08438339138863157,4115178500.0,1.6642291458317058,63.971949079294845,-85894180000,3.481365126383244,5.469618781559912,10.67480158517936,-0.8740166667636248,26.292101142872166,0.3414120730970022,0.9309321053257227,1.0
2023-06-20,4396.10986328125,4400.14990234375,4367.18994140625,4388.7099609375,4055790000,4393.1478515625,4344.882958984375,4271.077001953125,4186.583803710938,4107.6593017578125,3986.4448083496095,4356.192678293814,4293.675168016251,4202.7893627653675,4084.810120845429,75.53882493890526,0.6375585908898365,67.08446254394676,55.02000426077121,12.064458283175547,3.972735041064124,114.919921875,44.450718470982146,11.760395687058042,11.978024766596649,4456.353833835569,4085.8001700706795,0.08675883473780475,4115873000.0,0.9854021248954961,-40.77928335718249,-89949970000,2.7541755611191947,4.82794962917976,10.090824579970255,-1.343388873479263,25.694094442601596,-0.3056969229883378,0.7547178249564932,1.0
2023-06-21,4380.009765625,4386.22021484375,4360.14013671875,4365.68994140625,3709330000,4392.48388671875,4353.066943359375,4279.730004882813,4191.715405273438,4110.711901855469,3988.4390075683596,4358.092130916301,4300.533717862917,4209.177620751285,4087.6049449306115,76.10538140888036,0.5737489945347721,64.45784134559835,56.90757167773664,7.550269667861713,1.945647432115738,81.83984375,43.679268973214285,12.044539484874587,12.035616139897114,4465.744047742826,4093.715962022799,0.08692793360692719,4114913500.0,0.9014357166924651,-8.542355496709641,-93659300000,2.0085364363023848,4.150437692261779,9.458611078720992,-1.860870578862752,25.0347935239295,-0.19824038020141793,0.5981477041383978,1.0
2023-06-22,4355.39990234375,4382.25,4351.81982421875,4381.89013671875,3511000000,4394.3439453125,4364.503955078125,4291.5455078125,4197.174409179687,4113.825202636719,3990.727158203125,4362.851732076791,4308.281948230139,4215.9506605931465,4090.5331557941754,74.30133890373938,0.4764234928558945,62.95770822258328,58.11759898670597,4.840109235877307,2.529373148147518,114.3701171875,41.510707310267854,10.97574498276674,12.043489842812887,4471.6064227498355,4111.484592875164,0.08391425168836998,4082697500.0,0.8599706444085069,-5.346787694812805,-90148300000,2.105176998397976,4.400954297611958,9.801797091328869,-1.4966960530124307,25.498772437487727,-0.23570247087188775,0.6992517385922085,1.0
2023-06-23,4354.169921875,4366.5498046875,4341.33984375,4348.330078125,6053620000,4378.8419921875,4369.9439453125,4303.2,4202.30201171875,4117.130803222656,3992.9278588867187,4359.947401286434,4312.0960558391735,4221.142010300278,4093.098299299955,60.87729525858598,0.0,58.38776781704382,58.17163275277355,0.21613506427027573,1.5051875999122277,54.39990234375,39.432163783482146,11.018244523725762,12.177045594582825,4464.398521861493,4142.001478138507,0.07492030203638815,4385378500.0,1.3804099235676008,72.41868413557391,-96201920000,1.048756230828225,3.4749541084631486,8.900792395918021,-2.251114020829009,24.537601338935353,-0.6326086227371156,0.5806954038346817,1.0
2023-06-26,4344.83984375,4362.06005859375,4328.080078125,4328.81982421875,3415030000,4362.68798828125,4372.93994140625,4312.077001953125,4205.95400390625,4119.653000488282,3994.672607421875,4353.7218858728975,4313.688795684848,4225.3646696696305,4095.4437871100927,58.75906792530843,0.0,52.58556897896233,57.05441999801131,-4.468851019048984,1.4364268804117675,29.9599609375,39.540736607142854,11.06793814259836,11.948530117920889,4456.757540658509,4167.39646324774,0.0671048029243692,4348742000.0,0.7852914704988248,-43.5869777092054,-99616950000,0.3882774416607547,2.9212354723420386,8.364821091371756,-2.6896974655635106,23.97882126029751,-0.08026608634331157,0.7851051703153958,1.0
2023-06-27,4337.35986328125,4384.419921875,4335.0,4378.41015625,3573500000,4360.62802734375,4376.887939453125,4320.725,4210.769404296875,4122.2450024414065,3996.533758544922,4358.6595399483185,4319.852734786291,4231.366453457096,4098.259372872679,63.368756187033775,0.16596613265130727,51.39634487778585,55.92280497396622,-4.526460096180372,1.9674279042830367,39.47998046875,41.709298270089285,10.875327079389585,12.096068262664888,4459.109841648287,4182.340158351713,0.06405630612838677,4341644000.0,0.8230753143279366,4.640369191485871,-96043450000,1.335080484177994,3.9812380080005343,9.555190091628639,-1.5749247541317037,25.3991046541093,0.1972833106779,1.1400212658592848,1.0
2023-06-28,4367.47998046875,4390.35009765625,4360.22021484375,4376.85986328125,3739330000,4362.86201171875,4377.67294921875,4329.2919921875,4215.280205078125,4124.216003417969,3998.0812573242188,4362.299604614906,4325.281985119144,4237.072077371769,4101.031517055849,66.13249033180217,0.2654709671738698,49.75523316707404,54.68929061258778,-4.934057445513744,1.8144345822072028,7.85009765625,41.345005580357146,10.885155492017931,11.790583907411856,4458.56143673003,4200.02254764497,0.059718515071658776,4317185000.0,0.8661500491639808,4.640548481880513,-99782780000,1.0987448104583715,3.8331890252152436,9.474009695604211,-1.6097747788340597,25.354703754400234,-0.2496380053761666,0.6910174561809309,1.0
2023-06-29,4374.93994140625,4398.39013671875,4371.97021484375,4396.43994140625,3696660000,4365.77197265625,4380.057958984375,4340.122485351562,4220.1116015625,4126.815603027344,3999.51140625,4369.127671973175,4332.058933336964,4243.321797529985,4103.970904362818,65.43585671431092,0.24038953415595896,49.46439423370066,53.64431133681036,-4.179917103109702,1.3254365314750771,23.85009765625,40.593575613839285,10.478368826723287,11.799021910122805,4451.760331060576,4228.484639642548,0.051444559956916096,4202984500.0,0.8795321514985364,-1.1411135149879792,-96086120000,1.2976006148390027,4.178286180357506,9.924425631990278,-1.1696217109397355,25.9154836215919,-0.04386528093135407,0.6043024214872018,1.0
2023-06-30,4422.43994140625,4458.47998046875,4422.43994140625,4450.3798828125,3923450000,4386.18193359375,4382.511962890625,4351.590478515625,4226.028798828125,4130.208601074219,4002.099855957031,4385.37811414104,4343.327595191777,4251.441722443024,4107.417759869781,69.88133206392,0.4004433837182696,52.97573348088736,53.510595765625766,-0.5348622847384092,1.862438436913405,24.5400390625,42.816441127232146,10.729705213196823,11.927142815903311,4458.745349034173,4244.435607997078,0.049248600504843226,4179564000.0,0.9387223164904281,6.134997538318365,-92162670000,2.270190744846302,5.308792122916606,11.201120486491973,-0.18167845749524666,27.460341256225217,0.5913875851033146,0.814935635983786,1.0
2023-07-03,4450.47998046875,4456.4599609375,4442.2900390625,4455.58984375,2034280000,4411.5359375,4387.111962890625,4360.25146484375,4232.544794921875,4133.124499511719,4004.647755126953,4399.420460062832,4354.019237911608,4259.447531121729,4110.88215871436,66.84856118101209,0.29125221371378773,55.53868010568203,53.916212633637016,1.6224674720450167,1.8981885556596856,46.0,40.88071986607143,9.789344322943158,11.900104032980241,4471.762092775762,4248.740836911738,0.05114871416527699,4058568000.0,0.501230976048695,-48.150734685034855,-90128390000,2.1865339573864797,5.26976227388615,11.260468240826622,-0.06482336427237115,27.609556248318363,0.002249193526974633,0.31897786390351085,1.0
2023-07-05,4442.0400390625,4454.06005859375,4436.60986328125,4446.81982421875,3482620000,4425.21787109375,4392.92294921875,4368.9029541015625,4238.810791015625,4136.414099121093,4007.375103759766,4408.900332894015,4362.857388988478,4266.795464184358,4114.224822052713,61.974790231703224,0.11577811005231169,56.21416459149623,54.37580302520887,1.838361566287361,0.47403388304656513,58.10986328125,39.633579799107146,9.78744293857077,11.911596047013491,4479.009106750246,4258.796801452879,0.05040448543051988,4042034500.0,0.8616007607060256,71.1966887547437,-93611010000,1.7834424553660202,4.9072497796790255,10.965899350093084,-0.26152761257378326,27.35838000905079,-0.3041079893497547,0.3933227362839179,1.0
2023-07-06,4422.6201171875,4422.6201171875,4385.0498046875,4411.58984375,3682020000,4432.1638671875,4397.512939453125,4375.28994140625,4244.301787109375,4139.7149975585935,4010.0664025878905,4409.438235065212,4367.498575156242,4272.473675147717,4117.1836779899995,55.46921648434119,0.0,53.29240425562057,54.15912327129121,-0.8667190156706397,0.045355692272264214,45.89990234375,40.190743582589285,10.400595688425906,12.062673943227658,4479.272017862217,4271.307864950284,0.047531513498986856,4026307500.0,0.9144905102255603,5.725574423853308,-97293030000,0.8296570702713837,3.9414741229925117,10.01288758966652,-1.0517067907484496,26.349381799630695,-0.5442025534619357,0.856781887855375,1.0
2023-07-07,4404.5400390625,4440.39013671875,4397.39990234375,4398.9501953125,3630480000,4432.66591796875,4399.2189453125,4381.8614501953125,4250.848193359375,4142.799899902344,4012.5617041015626,4407.3406271146705,4370.493967552075,4277.43353868359,4119.987324928532,45.744375032842576,0.0,49.38766389767716,53.204831396568395,-3.817167498891237,0.2333313084287969,17.06005859375,37.7900390625,10.341824005561028,12.088834782824417,4472.98317337009,4290.739727020535,0.04159041731943224,3980941500.0,0.9119651720579165,-1.3997751234376743,-100923510000,0.389988257534382,3.484057656645758,9.629471636934047,-1.3352035989178364,25.987378117782235,-0.1598019067318241,0.9776284925118326,1.0
2023-07-10,4394.22998046875,4412.60009765625,4389.919921875,4409.52978515625,3429600000,4424.4958984375,4405.338916015625,4387.641430664063,4257.918989257812,4145.522297363281,4015.3297033691406,4407.778458722986,4374.2116644667585,4282.613783643302,4122.8683444332855,49.990321255624295,0.13984866542937793,46.60952789083876,51.88577069542247,-5.27624280458371,1.0041905022663666,61.19970703125,36.479317801339285,10.20253717059529,12.041055788523133,4469.469896073069,4305.812965255056,0.03729952262604195,3961084500.0,0.8658234884915987,-5.533152640973094,-97493910000,0.49886379363672273,3.5606782628070732,9.817377672781095,-1.0979121926516655,26.290381045025168,-0.10730321177038644,0.5166421298082121,1.0
2023-07-11,4415.5498046875,4443.64013671875,4408.4599609375,4439.259765625,3624220000,4421.2298828125,4416.38291015625,4394.66142578125,4263.997182617188,4148.5535961914065,4018.5763525390626,4414.074720103389,4380.4067217199245,4288.756763328859,4126.0165177784775,57.92042696828646,0.40104243530786754,46.27338526884796,50.763293610107574,-4.489908341259614,1.3092438905647485,110.43994140625,35.963623046875,10.379624705083678,11.838852130561326,4468.07760567936,4321.245245883139,0.033411529483211105,3952970000.0,0.9168346837947163,5.674714252390944,-93869690000,1.0148299384820487,4.110288433639122,10.468468835241527,-0.4310934427865088,27.141857448359307,0.13652293610795244,0.7980150912784655,1.0
2023-07-12,4467.68994140625,4488.33984375,4463.22998046875,4472.16015625,3920290000,4426.29794921875,4425.75791015625,4401.322924804687,4270.050786132812,4151.799196777344,4022.1472033691407,4425.6918073327115,4389.145144056122,4295.9490532473355,4129.460733086652,66.18134000620387,0.7156560853511872,48.107226224337865,50.232080132953634,-2.124853908615769,2.847761690124395,93.75,37.428641183035715,10.214424825601412,11.887846972487747,4477.570117124863,4325.075732484512,0.0346473974406498,3951701000.0,0.9920512710855401,8.169206063649547,-89949400000,1.6094531725016779,4.733184222856251,11.188376012292817,-0.360482674290588,28.084135439665403,0.6404260458330565,0.562593982186256,1.0
2023-07-13,4491.5,4517.3798828125,4489.35986328125,4510.0400390625,3839530000,4445.98798828125,4439.075927734375,4408.374438476562,4276.894184570312,4155.995498046875,4026.2312536621093,4442.56145367867,4400.658943580539,4304.344778181264,4133.2475918525815,68.27212941728526,0.9333303429855379,52.01752273890361,50.58916865414363,1.428354084759981,4.186365388318181,133.18017578125,38.485037667410715,10.334995847965565,11.971094492217462,4497.102950329711,4319.645926623413,0.04025452605782356,3929907500.0,0.9770026393750998,-2.0600516798502166,-86109870000,2.3061924980463115,5.451288819192787,12.01641820648867,-0.1624801088331373,29.16902772238348,0.4324497127629004,0.6241428708005224,1.0
2023-07-14,4514.60986328125,4527.759765625,4499.56005859375,4505.419921875,3647450000,4467.28193359375,4449.97392578125,4415.015942382813,4284.610981445312,4160.258796386719,4030.4831530761717,4455.133147317936,4410.636179608583,4312.230077933959,4136.950799116486,74.41326809368285,1.0,54.11979672551388,51.295294268417685,2.8245024570961945,2.900819272120936,108.97998046875,37.602852957589285,10.373858537559519,11.980820290736256,4511.970249602366,4318.06163516326,0.043920252377265954,3899674500.0,0.9353216531277162,-5.002695642435406,-89757320000,2.047647860664252,5.153535324114846,11.783618756385174,-0.4933972848914228,29.03670604898279,0.10132557979906376,0.6267214275180332,1.0
2023-07-17,4508.85986328125,4532.85009765625,4504.89990234375,4522.7900390625,3538240000,4489.933984375,4457.21494140625,4419.863452148437,4293.251782226563,4165.513295898438,4034.8606530761717,4468.664525666849,4421.317499556575,4320.4873313115495,4140.78999553386,80.3466962862918,1.0,56.53577803795088,52.343391022324326,4.192387015626551,3.3341294978507463,72.41015625,37.172154017857146,9.642226764989555,11.98781466424712,4528.130943576669,4311.595960720206,0.048991328623785496,3867752000.0,0.9148052925833922,-2.994146595566771,-86219080000,2.3287277543389133,5.346489525403385,12.09284354378711,-0.22193671480448124,29.53419190921911,0.07635118292854744,0.620439874767438,1.0
2023-07-18,4521.77978515625,4562.2998046875,4514.58984375,4554.97998046875,4090010000,4513.07802734375,4467.153955078125,4427.132958984375,4303.126982421875,4171.152595214844,4039.040352783203,4485.927616627229,4434.047259643448,4329.683121474577,4144.911288916297,79.2150399508794,0.967295363593574,60.35221709248981,53.94515623635742,6.407060856132389,3.6061004170521826,99.39013671875,36.608572823660715,9.694549862859635,11.942887555030376,4550.909328363166,4303.356589605584,0.0559171683008077,3729822500.0,1.0965696088754895,15.59447634982365,-82129070000,2.8878062319073408,5.852790286591252,12.773817110542746,-0.16044154334682922,30.45612240160341,-0.022336962306996878,1.0567950265415516,1.0
2023-07-19,4563.8701171875,4578.43017578125,4557.47998046875,4565.72021484375,4115670000,4531.7900390625,4479.043994140625,4435.983471679688,4311.71638671875,4176.686596679688,4043.6666040039063,4501.886136270534,4446.587541091096,4338.93947807729,4149.0984424081125,80.32635728690023,0.9994122070816408,63.51130095040662,55.858385179167264,7.652915771239357,2.5916963285920414,118.900390625,36.13145228794643,9.39905318336491,11.942802435114734,4572.817039342743,4299.149904016633,0.06169255072144931,3732816500.0,1.1025642433803,0.6273823291385705,-78013400000,2.9246444219716046,5.891014281630403,12.910401918964421,-0.27760521509605,30.763726240973682,0.19517400201252086,0.45968814788617485,1.0
2023-07-20,4554.3798828125,4564.740234375,4527.56005859375,4534.8701171875,3761770000,4536.7560546875,4491.372021484375,4444.44248046875,4319.65138671875,4182.334897460937,4048.4128540039064,4508.482932453928,4454.99540548123,4346.6230325522,4152.936966535271,71.45207154499104,0.7429471659964394,62.8016146904356,57.247031081420936,5.554583609014664,1.779344064820254,123.2802734375,36.970040457589285,9.568313671917695,12.066559961002572,4583.871814809439,4305.013146128061,0.06274322817919942,3735438500.0,1.007049105479852,-8.598842958740615,-81775170000,2.034622725260539,4.98231711777632,12.015999373741842,-0.9514190873581913,29.880169313566284,-0.24837991593048359,0.8211967439433168,1.0
2023-07-21,4550.16015625,4555.0,4535.7900390625,4536.33984375,3570190000,4542.9400390625,4505.110986328125,4452.164965820312,4327.99478515625,4187.875895996094,4052.702403564453,4514.054314713143,4462.74249484016,4354.062907501133,4156.751920537407,65.90792441372929,0.5827224489708699,61.64714791976985,58.12705444909072,3.5200934706791287,2.0131245040263757,137.3896484375,33.97645786830357,9.5590574835457,11.508426716538143,4594.093157911719,4310.236773728906,0.06375693316892,3738398000.0,0.9550053258106814,-5.09281535022077,-78204980000,1.8906504717571364,4.813893475757229,11.93370230590274,-0.9193179848826203,29.922262764944012,0.33716597537269255,0.4235196244108005,1.0
2023-07-24,4543.39013671875,4563.41015625,4541.2900390625,4554.64013671875,3856250000,4549.31005859375,4519.622021484375,4462.48046875,4336.33478515625,4193.720798339844,4056.5209545898438,4522.171479114265,4471.494651209549,4361.928681195942,4160.7110072655805,67.48337030735843,0.6282525127515504,61.49997199245536,58.80163795776365,2.6983340346917046,3.2426018291662473,145.1103515625,34.897914341517854,8.910304681548798,11.456340625346472,4602.6108143558795,4322.3501231441205,0.06280379111446592,3628529500.0,1.0627583432903054,8.012458720684323,-74348730000,2.0652116824741005,5.0343288140432065,12.2794677435426,-0.5196112673803208,30.446389165005773,0.15541809501912937,0.48708884473862973,1.0
2023-07-25,4555.18994140625,4580.6201171875,4552.419921875,4567.4599609375,3812470000,4551.8060546875,4532.442041015625,4474.4124755859375,4345.07158203125,4199.881499023438,4060.441854248047,4531.229175478912,4480.634204516973,4369.988731381885,4164.758260535948,70.99405027947202,0.729710445194844,61.70647287605516,59.38260494142195,2.3238679346332063,3.830681370399769,128.2001953125,35.55650111607143,8.538867464821177,10.866802350718379,4607.062795877565,4341.76215529431,0.059292843927741125,3648401500.0,1.0449699683546343,-1.1352998379254409,-70536260000,2.0795464401027903,5.118175263807443,12.48677175758616,-0.28730075652028386,30.81355314039523,0.012071309060568062,0.6194550545962205,1.0
2023-07-26,4558.9599609375,4582.47021484375,4547.580078125,4566.75,3990290000,4552.01201171875,4541.901025390625,4483.8294677734375,4353.92498046875,4205.735498046875,4064.5530041503907,4538.33334038313,4488.83570884869,4377.7048595629885,4168.758178341561,80.68834575283833,1.0,61.108418588978566,59.727767670933275,1.3806509180452906,3.5654644033247918,94.58984375,33.636509486607146,7.9397966944313865,10.786009762929032,4614.510025469506,4353.148910077369,0.05828970911374181,3669241000.0,1.087497387061793,4.664167849189638,-74526550000,1.8493239500417231,4.888118662722968,12.355528279168867,-0.3430511079554506,30.79321962600877,-0.1860990588356536,0.7672242405709424,1.0
2023-07-27,4598.259765625,4607.06982421875,4528.56005859375,4537.41015625,4553210000,4552.52001953125,4544.638037109375,4491.856982421875,4361.947587890625,4210.653200683594,4069.0417553710936,4538.148703556504,4493.461846696434,4383.967812374244,4172.426357226222,75.68830444109462,0.8371217238360896,57.602964947092005,59.30280712616503,-1.6998421790730234,2.21096299398873,27.3701171875,36.173618861607146,8.467002950519365,10.90252273201763,4614.3377115807525,4369.376253262997,0.05453456316093116,3709935000.0,1.2273018260427744,14.107245338058139,-79079760000,1.0141278764303905,4.022573972380675,11.51053316817565,-1.5120167617724924,29.952916866412448,0.6899822767832704,1.7336584832526118,1.0
2023-07-28,4565.75,4590.16015625,4564.009765625,4582.22998046875,3981010000,4561.698046875,4552.31904296875,4501.146484375,4371.394189453125,4215.9913012695315,4073.890955810547,4546.964958938954,4501.91595467475,4391.742799358342,4176.504005218685,78.42892968523937,0.9007631708027707,57.77545345654471,58.99733639224097,-1.2218829356962573,2.461222773180949,76.81005859375,38.321463448660715,8.894230764336642,10.689430784521745,4621.316743373323,4380.976225376677,0.05339540022324308,3724152500.0,1.0689707255543375,-12.566958255823913,-75098750000,1.80139651920279,4.823078905222245,12.477973273515447,-0.5391679461730808,31.236571349938387,0.6245819261228485,0.5729696466023871,1.0
2023-07-31,4584.81982421875,4594.22021484375,4573.14013671875,4588.9599609375,4503600000,4568.56201171875,4558.93603515625,4508.07548828125,4379.99798828125,4222.017199707031,4078.8915551757814,4555.363959338663,4510.205860033107,4399.47680569478,4180.608044579071,76.66169237298159,0.7275684307319303,57.78904883944597,58.75567888168197,-0.9666300422360052,1.7498718679092917,66.169921875,37.31431361607143,8.049597982645176,10.531448366517852,4631.847749335528,4384.303227226972,0.0549113524722574,3753160000.0,1.1999488431082075,13.127070768473326,-70595150000,1.7942129156113182,4.770823484744295,12.505073960951066,-0.39308853506080743,31.429320200549427,0.05651928779303796,0.46095412549778225,1.0
2023-08-01,4578.830078125,4584.6201171875,4567.52978515625,4576.72998046875,4042370000,4570.416015625,4561.11103515625,4514.132495117187,4387.571591796875,4227.864399414062,4083.8900549316404,4559.637163564681,4516.541490550787,4406.427910587877,4184.549556378969,70.10418250807794,0.2839065272953578,56.16552485601369,58.237648076548325,-2.0721232205346354,1.5827616477549933,21.75,35.339320591517854,8.18672636765185,10.402403773421762,4638.942177316058,4389.322812918316,0.05529730566565083,3853564500.0,1.0489950278501892,-10.241362465583093,-74637520000,1.386700222451881,4.311231958597124,12.067903859017065,-0.658549683586463,31.079049543852427,-0.22074463274311332,0.37417012773054875,1.0
2023-08-02,4550.93017578125,4550.93017578125,4505.75,4513.39013671875,4270710000,4559.74404296875,4555.87802734375,4517.461010742188,4393.999794921875,4233.815100097656,4088.1074560546876,4550.387758195495,4516.241361614402,4410.622507691049,4187.821601954489,50.58664591759083,0.0,49.20071910140359,56.430262281519376,-7.229543180115783,-0.20783415242725534,-52.330078125,37.17933872767857,9.776238078179546,10.341063268927584,4638.196384503819,4396.725636980556,0.053452757411533394,3892969000.0,1.0970315972205276,5.648666500097721,-78908230000,-0.09011420383612487,2.7171221522325473,10.402923241026794,-2.0333897916532195,29.264975619361085,-0.5637169943955832,1.0027226495311548,0.0
2023-08-03,4494.27001953125,4519.490234375,4485.5400390625,4501.89013671875,4149120000,4552.6400390625,4552.580029296875,4521.976025390625,4400.185,4240.2181005859375,4092.701556396484,4540.688233900146,4514.874578291006,4414.201630398017,4190.946662001895,49.39643152349066,0.0,42.26589158310344,53.59738814183619,-11.331496558732752,-1.1655340743020437,-32.97998046875,37.590087890625,9.316034585903832,10.371766769396029,4632.350446282727,4411.601604498524,0.0488168978660461,3916324000.0,1.0594424771801312,-2.847067583610219,-83057350000,-0.44418388242427903,2.3113831968144427,9.998006810018797,-2.2830061516993827,28.93561184299954,-0.42363094277953095,0.7568808887412307,0.0
2023-08-04,4513.9599609375,4540.33984375,4474.5498046875,4478.02978515625,4143310000,4531.8,4546.7490234375,4525.930004882813,4406.833994140625,4246.440798339844,4096.7019555664065,4528.156544151367,4511.365550373411,4416.704695290497,4193.803210490993,42.512501082256385,0.0,34.447569709556774,49.76742445538031,-15.319854745823534,-1.920626441418971,-58.31005859375,40.292933872767854,9.489974301068496,10.390688877683543,4622.557530466855,4429.302479298771,0.04269952274109189,3941965500.0,1.0510771847191458,-0.140029693043342,-87200660000,-1.0583508731881712,1.6155768769662742,9.30816626949669,-2.8009134653039935,28.25224353900483,0.26810570343120854,1.4703163878873116,0.0
2023-08-07,4491.580078125,4519.83984375,4491.14990234375,4518.43994140625,3493920000,4517.69599609375,4543.12900390625,4531.375512695313,4414.89798828125,4252.432297363282,4100.694255371094,4526.2132236023435,4512.039301900348,4420.694312785232,4197.033426719006,44.05118111488087,0.04030506845105069,31.153141165215857,46.04456779734742,-14.891426632131562,-0.3623075271544929,-36.2001953125,39.871512276785715,9.90736272444217,10.488458911191287,4611.196618754089,4451.554406636536,0.03523040888363628,3945181500.0,0.885617049557796,-15.673217789641614,-83706740000,-0.2854667694792004,2.3452852908456343,10.187194168109267,-1.923779890345585,29.40960368386224,0.3025949718705856,0.6388105948384818,0.0
2023-08-08,4498.02978515625,4503.31005859375,4464.39013671875,4499.3798828125,3884910000,4502.2259765625,4536.32099609375,4534.381518554687,4421.859990234375,4258.506796875,4104.715355224609,4520.846555444376,4510.8336429396,4423.780021413752,4200.041849167697,39.48447496288821,0.0,26.696554113991624,42.174965060676264,-15.47841094668464,-0.8147529111696139,-68.080078125,42.057198660714285,9.863312154302589,10.533769956610934,4603.392395909164,4465.37064120021,0.030438937293690266,3958216000.0,0.9814800405030953,11.190582497595813,-87591650000,-0.7719164256241042,1.7531059949733114,9.61490611244333,-2.3374931467315383,28.863717346809203,-0.4517080345135196,0.8717858583839062,0.0
2023-08-09,4501.56982421875,4502.43994140625,4461.330078125,4467.7099609375,3803100000,4493.08994140625,4526.4169921875,4534.159008789063,4427.105185546875,4263.581096191407,4108.725004882813,4510.219236543,4506.7266256060675,4425.502764140174,4202.705213463915,39.382121352477995,0.0,20.37431631330128,37.81483531120127,-17.440518997899993,-1.9086068969628056,-99.0400390625,42.267892020089285,9.892655723095304,10.659730117960217,4604.037834923269,4464.280182654857,0.030823279906484178,3952356500.0,0.9622360735930577,-2.105840289736438,-91394750000,-1.4655208986442059,0.9171856933326777,8.737137570123801,-3.0249132007649164,27.956680384563537,0.04867207178072499,0.9214710088998298,0.0
2023-08-10,4487.16015625,4527.3701171875,4457.919921875,4468.830078125,4504370000,4486.4779296875,4519.558984375,4532.0985107421875,4432.37138671875,4269.102998046875,4112.305405273438,4501.941404859401,4503.11743060787,4427.201874492521,4205.353222067509,39.31503715702397,0.0,15.278164235827717,33.30750109612656,-18.02933686029884,-2.159403336997301,-68.580078125,45.790771484375,9.374715130765408,10.656579110206907,4607.206461910055,4456.99055957432,0.03314488905739489,3985598500.0,1.1301615052293903,18.439430990507756,-86890380000,-1.396007444834347,0.8225549762254978,8.669703188736195,-3.0006001942284906,27.988760908636795,0.4353504476019878,1.5579058513749449,0.0
2023-08-11,4450.68994140625,4476.22998046875,4443.97998046875,4464.0498046875,3753290000,4483.68193359375,4507.740966796875,4530.030004882812,4438.05578125,4274.227795410156,4115.638953857422,4494.363084825021,4499.39670432974,4428.646891362912,4207.927317416961,35.0209512429456,0.0,10.730010006487646,28.792002878198776,-18.06199287171113,-2.2488683486615257,-118.18017578125,46.16074916294643,9.375091918417299,10.547813738408172,4610.330788811584,4449.72922095404,0.03545264991278986,3990890500.0,0.9404642898621247,-16.67447389979064,-90643670000,-1.4565069132918245,0.5857074520631317,8.465534871651617,-3.1043597120975437,27.851852307644116,-0.40592585534962006,0.7257008389267828,0.0
2023-08-14,4458.1298828125,4490.330078125,4453.43994140625,4489.72021484375,3896410000,4477.93798828125,4497.8169921875,4528.376513671875,4443.42978515625,4279.096296386719,4118.792004394531,4493.434510828767,4498.475133902502,4431.041923656278,4210.731226844094,37.6697805031807,0.05800263598706715,9.09214399873872,24.852031102306764,-15.759887103568044,-1.0510388032820894,-99.23974609375,46.781459263392854,9.512960822995034,10.362554644024202,4610.642842305039,4446.11018503871,0.03633369636327261,4008799000.0,0.9719644212643238,3.8131878964854815,-86747260000,-0.8536458642830477,1.0417725029016656,9.005752416083599,-2.5471636821762242,28.587061284149534,-0.1326132577818409,0.8283515036491388,0.0
2023-08-15,4478.8701171875,4478.8701171875,4432.18994140625,4437.85986328125,3832250000,4465.633984375,4483.92998046875,4522.5205078125,4446.539580078125,4284.1051953125,4121.828303222656,4482.319581319264,4492.702250986193,4431.30929383765,4212.991213276305,32.410853859900925,0.0,3.5682933666139434,20.5952835551682,-17.026990188554258,-3.150651927180903,-138.8701171875,48.398611886160715,9.878536991539578,10.552257515590277,4613.070256147795,4431.970759477205,0.04004393044934703,3995911000.0,0.959042881585701,-1.6466439620060558,-90579510000,-1.87197922894991,-0.19520160881425805,7.667266484911658,-3.672832568067145,27.101763785535404,-0.24166534075726592,1.0532079265185839,0.0
2023-08-16,4433.7900390625,4449.9501953125,4403.5498046875,4404.330078125,3753910000,4452.9580078125,4473.023974609375,4514.451000976563,4449.150380859375,4288.661296386719,4124.813453369141,4466.721680680412,4484.285853570841,4430.251285378331,4214.895082578282,32.04440345213783,0.0,-3.474914843287479,15.781243875477067,-19.256158718764546,-4.023349176809576,-109.06005859375,46.10508510044643,10.019458449783706,10.68531779264356,4616.78882601301,4412.113175940115,0.04533788273006395,3977823000.0,0.94370966229518,-2.0442298910561707,-94333420000,-2.439298218714555,-1.0073901508745577,6.776467055196165,-4.400622387530883,26.141459728174194,-0.09170691153237243,1.053704231427282,0.0
2023-08-17,4416.31982421875,4421.169921875,4364.830078125,4370.35986328125,3943700000,4433.26396484375,4459.870947265625,4506.22548828125,4450.880576171875,4292.654995117187,4127.159952392578,4447.44931720058,4473.435759257547,4427.902602158838,4216.441995819108,20.551626783217728,0.0,-11.663372432960387,10.292320613789576,-21.955693046749964,-4.509117165928222,-131.5302734375,46.361502511160715,10.088538647743798,10.828058547201499,4626.522514565653,4385.928461996848,0.05339148100655128,3986919500.0,0.9891596757847757,5.055795157582366,-98277120000,-3.015064944116274,-1.8090962341631605,5.892669867269994,-5.137972072685927,25.16854161993501,0.27222632911414857,1.290768317244595,0.0
2023-08-18,4344.8798828125,4381.81982421875,4335.31005859375,4369.7099609375,3940400000,4414.39599609375,4449.03896484375,4497.893994140625,4452.924375,4296.576794433594,4129.648602294922,4431.901445947964,4463.557111798495,4425.620537797217,4217.967050198396,19.001957811779462,0.0,-17.99775879493427,4.634304732044807,-22.632063526979078,-3.1834202545961587,-108.31982421875,48.177908761160715,10.076430049091325,10.538565445759417,4631.728430696805,4364.059557584445,0.05950982247715261,4005430000.0,0.9837645396374421,-0.08367776453583886,-102217520000,-2.8498678130278217,-1.8687587539031496,5.813118300408694,-5.152078703767001,25.149928203395554,-0.5830179039219834,1.0728129014164776,0.0
2023-08-21,4380.27978515625,4407.5498046875,4360.2998046875,4399.77001953125,3726850000,4396.40595703125,4437.17197265625,4490.15048828125,4455.041171875,4300.861794433594,4132.366951904297,4425.475160664621,4457.482150630186,4424.606791982866,4219.7760349678765,26.181857375321044,0.22732216127917151,-20.357541056297123,-0.364064425623579,-19.993476630673545,-2.2683831476600913,-118.669921875,50.022181919642854,10.342614026519472,10.466903629370933,4628.020999593578,4352.279976968921,0.0614101962382571,3998960000.0,0.931954808250145,-5.419500558318957,-98490670000,-2.012860570840148,-1.240642907919257,6.470941974398647,-4.499601972554283,26.010858152620507,0.24188846200863856,1.0836410824137441,0.0
2023-08-22,4415.330078125,4418.58984375,4382.77001953125,4387.5498046875,3522760000,4386.3439453125,4425.98896484375,4481.15498046875,4456.814970703125,4304.459191894532,4135.506251220703,4417.890089469197,4450.821927207073,4423.153576794813,4221.445425711356,30.35965499214298,0.3736763889413001,-22.949210495825355,-4.881093639663934,-18.06811685616142,-2.0205310105053886,-111.830078125,47.5107421875,10.20660063253712,10.374954137709244,4621.245990338956,4341.063970598544,0.06252451007867259,3984474500.0,0.8841216075043271,-5.476206447804444,-102013430000,-2.0888627193040894,-1.5541404898103208,6.094623926451556,-4.764851150665497,25.660867186630337,0.3536561803157103,0.8172873333331104,0.0
2023-08-23,4396.43994140625,4443.18017578125,4396.43994140625,4436.009765625,3837270000,4392.6798828125,4422.8189453125,4474.61796875,4458.7565625,4308.310988769531,4139.086850585937,4421.514024700357,4449.411245151638,4423.657741062663,4223.580394267711,40.781366366263775,0.8694644257408073,-20.852439406472513,-8.07536279302565,-12.777076613446862,-1.8243061067576227,-31.7001953125,49.059326171875,11.193245866214676,10.284320004382815,4610.014474248845,4339.221463251155,0.060517571084026334,3976823500.0,0.9649082992996798,8.92794286298244,-98176160000,-0.8628268020785953,-0.5101600985868971,7.173633358213537,-3.7129903630830627,27.048776381126693,0.20262189865633204,1.0631382436228531,0.0
2023-08-24,4455.16015625,4458.2998046875,4375.5498046875,4376.31005859375,3723470000,4393.869921875,4413.566943359375,4466.562963867187,4458.902568359375,4310.980988769531,4142.115650634765,4412.473231479036,4442.44922738422,4421.800969201137,4225.10009242021,37.06386287031449,0.7210564910529077,-23.73440518902771,-11.207171272226063,-12.527233916801649,-2.7352619121775668,-92.52001953125,50.270751953125,11.876722306650702,10.700857552609417,4605.356213662231,4327.769714072143,0.06214767413683824,3935336500.0,0.9461630536550051,-2.9656500585051315,-101899630000,-2.0206343446526818,-1.8523057747820406,5.653980422374139,-5.0088184991667974,25.338957167605773,0.43170307634121846,1.8911909061428218,0.0
2023-08-25,4389.3798828125,4418.4599609375,4356.2900390625,4405.7099609375,3296180000,4401.069921875,4407.732958984375,4457.736962890625,4459.564970703125,4313.792990722656,4145.110200195312,4411.12057737073,4438.950249627389,4421.16994926923,4226.897205539784,35.250592541957076,0.7460549118920895,-23.376586681397384,-13.641054354060328,-9.735532327337056,-1.387735563456094,-58.33984375,51.725027901785715,11.5160856102924,10.675941344782819,4587.731458942104,4327.742466839147,0.05832308955581958,3901095000.0,0.8449371266272675,-11.475585945368161,-98603450000,-1.167116911254189,-1.2076292221197107,6.286919964875931,-4.370670967970317,26.1809800250491,0.2986494111194159,1.4271299963392552,0.0
2023-08-28,4426.02978515625,4439.56005859375,4414.97998046875,4433.31005859375,2957230000,4407.7779296875,4402.091943359375,4449.9544677734375,4459.714375,4317.120090332031,4148.136199951172,4415.558473615334,4438.413088576566,4421.646031987839,4228.951064774153,41.54448936741924,1.0,-20.628127505617158,-15.038468984371695,-5.589658521245463,-0.7948393407285925,-56.41015625,50.282191685267854,11.825614782907113,10.573177986152078,4564.601804923966,4335.307130622909,0.05152742032791746,3823776500.0,0.7733794064585103,-10.283115606550608,-95646220000,-0.3740354940758671,-0.5920629481176037,6.874746751226127,-3.771589584155381,26.971455885223882,0.46121565874540915,0.5567426858952658,0.0
2023-08-29,4432.75,4500.14013671875,4431.68017578125,4497.6298828125,3354820000,4429.7939453125,4408.0689453125,4445.999462890625,4461.47517578125,4321.192590332032,4151.881499023438,4431.972755454768,4444.052783265703,4424.625790843708,4231.624485849161,53.53378654259159,1.0,-13.1087717748851,-14.652529542474376,1.5437577675892769,0.7522335008390613,59.77001953125,52.235770089285715,13.126285024832498,10.57176362589088,4546.8611502671965,4345.137775514054,0.045371884643006594,3789399000.0,0.8853171703481212,13.444676267994037,-92291400000,1.1612781412327615,0.810375618080602,8.32751088561621,-2.3754782449994325,28.813596772145488,-0.012632966933236588,1.544785684482102,0.0
2023-08-30,4500.33984375,4521.64990234375,4493.58984375,4514.8701171875,3064110000,4445.566015625,4419.12294921875,4446.073461914062,4463.99837890625,4325.291091308593,4154.673999023437,4448.552227801315,4450.7972912582545,4428.164784033661,4234.4428503400895,55.23824020906295,1.0,-5.692861588130654,-12.860595951605633,7.167734363474979,0.5601663609371643,110.5400390625,49.279331752232146,12.267692282239784,10.57280344521389,4547.145280563549,4345.001643264575,0.045465653914757785,3729069000.0,0.8216823019364887,-8.665442557275805,-89227290000,1.5473575923286809,1.1396002857356442,8.66966020074565,-2.0012656753446296,29.307362745980985,0.06025308902931297,0.6244463684814915,0.0
2023-08-31,4517.009765625,4532.259765625,4507.39013671875,4507.66015625,3946360000,4471.83603515625,4432.852978515625,4446.361962890625,4466.837783203125,4329.276594238281,4157.247650146484,4460.373813491052,4456.2128022098495,4431.282249610772,4237.161430498398,54.93451875817687,0.9916183054443563,-0.3929532079027922,-10.367067402865064,9.974114194962272,1.5728367978961266,137.30029296875,48.752162388392854,12.245881744228548,10.58086090823221,4548.135126110552,4344.588799670699,0.04577817283852564,3718931000.0,1.0611544016277796,28.793026360019702,-93173650000,1.3786145588454084,0.9138987137697668,8.428954336919729,-2.1577634323266963,29.100867097129314,0.04739114043069916,0.5517523034816412,0.0
2023-09-01,4530.60009765625,4541.25,4501.35009765625,4515.77001953125,3246260000,4493.848046875,4447.458984375,4448.248974609375,4469.515380859375,4333.344895019532,4160.04025024414,4471.453054699092,4461.8849181452215,4434.595495490006,4239.933655264895,53.06952135029021,0.9401506248627943,4.410815422495034,-7.411490837793044,11.822306260288078,2.530235913964285,146.06005859375,48.96714564732143,12.090838527071575,10.537546177326483,4553.82294535082,4342.67500386793,0.04746765360664913,3674078500.0,0.8835576049885706,-17.740398747199947,-89927390000,1.5179241384033413,1.034891587351052,8.551113640456558,-1.9817326016538568,29.333136244615254,0.5089101798067699,0.8863985577243806,0.0
2023-09-05,4510.06005859375,4514.2900390625,4496.009765625,4496.830078125,3526250000,4506.55205078125,4457.164990234375,4447.168481445313,4472.485380859375,4337.393696289062,4162.565750732422,4476.528459384273,4465.213028619486,4437.036067358045,4242.489838576936,57.53305547481497,1.0,6.613307594273465,-4.606531151379743,11.219838745653208,2.8938169578739625,97.06005859375,46.269287109375,11.753379638775467,10.532190867773812,4550.127699897559,4344.209262993067,0.04630326864467471,3675695000.0,0.95934238286909,8.625002310350993,-93453640000,1.116701489653194,0.5443214497650741,8.03024738609264,-2.392838621942181,28.790690103256217,-0.12644490115315285,0.406588828548926,0.0
2023-09-06,4490.35009765625,4490.35009765625,4442.3798828125,4465.47998046875,3418850000,4500.1220703125,4464.9580078125,4445.473486328125,4475.218583984375,4340.586293945313,4165.099200439453,4474.318763601169,4465.23845260513,4438.151514931014,4244.7086459589445,57.855240527734665,1.0,5.762679054349974,-2.5326891102337994,8.295368164583774,2.191679090543186,77.93017578125,46.844273158482146,11.917909229528947,10.65126299665683,4545.898555069086,4345.048417587163,0.045180820018301544,3652392000.0,0.9360577944536074,-3.0457284650833083,-96872490000,0.4500419179678955,-0.21761179555512578,7.211851760880133,-3.0733166449026044,27.892813011659186,-0.1441010746719586,1.0798314441623067,0.0
2023-09-07,4434.5498046875,4457.81005859375,4430.4599609375,4451.14013671875,3763760000,4487.37607421875,4466.471044921875,4444.644995117187,4476.67318359375,4343.721293945313,4167.622100830078,4469.683038224685,4463.895755854046,4438.660872648181,4246.762690643122,60.92807884376569,1.0,3.886641476868135,-1.2488229928134125,5.135464469681548,1.1675636899078912,15.13037109375,45.32142857142857,11.708066751242136,10.525204107782116,4544.5698044491,4344.720185785274,0.04496413524215709,3650425000.0,1.0310470698617284,10.088480044459391,-100636250000,0.1461340918948154,-0.5703576255817413,6.802872933997607,-3.384574001468319,27.482115177751837,-0.6926506426304301,0.6173195988089378,0.0
2023-09-08,4451.2998046875,4473.52978515625,4448.3798828125,4457.490234375,3259290000,4477.34208984375,4474.5890625,4444.0780029296875,4478.285791015625,4346.782998046875,4170.0828515625,4467.244477454748,4463.285706189375,4439.39927899041,4248.859482123042,61.69468679987614,1.0,2.8790797522515277,-0.42324244380042453,3.302322196051952,1.5940657724905716,81.18017578125,43.795724051339285,11.721296609043655,10.44059732312254,4543.552673653099,4344.603332206276,0.04476729285932182,3588171000.0,0.9083429970310779,-13.403351967181754,-97376960000,0.3018000907380721,-0.46436421459178834,6.892126440720732,-3.2467402394778153,27.663984059867236,0.003587125182441516,0.5653721805757495,0.0
2023-09-11,4480.97998046875,4490.77001953125,4467.89013671875,4487.4599609375,3369920000,4471.680078125,4482.7640625,4445.248510742187,4480.10619140625,4350.108896484375,4172.770451660156,4471.287574151299,4465.588016165387,4441.284011615786,4251.233616240598,61.68546475991927,0.9997056955290982,4.4476169330819175,0.5509294315760439,3.8966875015058737,1.159830524071248,81.75,42.7978515625,11.960509099159072,10.521538436153513,4546.251864196812,4344.2451572875625,0.04544328768596153,3569002500.0,0.9442190079721154,3.3942975310573775,-94007040000,0.949585835151996,0.16414275057488142,7.541500615068418,-2.5962242345986803,28.52232687005402,0.5269724633966266,0.5120959135602906,0.0
2023-09-12,4473.27001953125,4487.10986328125,4456.830078125,4461.89990234375,3435740000,4464.69404296875,4485.623046875,4443.857495117188,4480.336591796875,4353.1826953125,4175.06205078125,4469.410039789789,4465.236767229992,4442.0924779188435,4253.329798191874,59.56765261407806,0.9195648690005289,3.586863703370909,1.1581162859350171,2.428747417435892,1.9557536509993811,28.58984375,42.42714146205357,11.955995980348844,10.30873611785928,4543.031776142611,4344.683214091764,0.04463432103049845,3545969000.0,0.9689142798484702,1.9531620928686655,-97442780000,0.40600778144634286,-0.411502329688376,6.870265593030552,-3.151024998836812,27.79027839853576,-0.31621321482020537,0.6794018310204185,0.0
2023-09-13,4462.64990234375,4479.39013671875,4453.52001953125,4467.43994140625,3529430000,4465.08603515625,4482.604052734375,4445.336499023438,4480.57359375,4356.559194335938,4177.262950439454,4469.016020113081,4465.446593342017,4443.08649609482,4255.460247378087,54.54680306110484,0.7296982959954939,3.313548890738275,1.5892028068956687,1.7243460838426063,1.4011358218327663,-30.18994140625,40.30140904017857,11.189764668453108,10.280264406500505,4545.015158212869,4345.657839834006,0.0448463954129588,3530828000.0,0.9996040588779742,2.7269234575375334,-93913350000,0.4972276539170445,-0.293124352696061,6.946581874532686,-3.0307741827242203,27.948946936519718,0.016808983088258872,0.5808914538173093,0.0
2023-09-14,4487.77978515625,4511.990234375,4478.68994140625,4505.10009765625,3648720000,4475.87802734375,4481.62705078125,4450.375,4481.73919921875,4360.274995117187,4179.657850341797,4476.232835621715,4469.22311756242,4445.518402038406,4257.944225987821,69.90019797438404,1.0,6.065881101458217,2.4845384658081784,3.5813426356500386,1.6193326907812056,-9.77001953125,37.57285853794643,11.127778775278824,10.36169456139634,4551.50300438776,4349.24699561224,0.045446958688991186,3525568500.0,1.0349309621980114,3.3798658706930107,-90264630000,1.2296738512204026,0.5212462706792897,7.786337039234915,-2.213331476472503,29.027546178334152,0.4552908156969532,0.7435275360520748,0.0
2023-09-15,4497.97998046875,4497.97998046875,4447.2099609375,4450.31982421875,6932230000,4474.4439453125,4475.893017578125,4454.372998046875,4482.513798828125,4363.40779296875,4182.089749755859,4471.050233341122,4467.422803910642,4445.706693104301,4259.8584110448455,56.391643381545315,0.5236037025179219,3.7832035438868843,2.7442714814239197,1.0389320624629645,-1.0518886575025532,-57.34033203125,37.267159598214285,11.702195939586838,10.620807749029085,4548.243624820874,4360.502371272876,0.04214762742821887,3674995000.0,1.8863236548621154,89.99073647744962,-97196860000,-0.09099313932403937,-0.7182125042825622,6.41378092085541,-3.4023795162813943,27.45862115837822,-0.15804570449398442,1.1416150795036302,0.0
2023-09-18,4445.1298828125,4466.35986328125,4442.10986328125,4453.52978515625,3161230000,4467.65791015625,4469.668994140625,4458.563989257813,4483.605390625,4367.226791992188,4184.569249267578,4467.546143704149,4466.099659267366,4446.013481027907,4261.785489394212,53.11475163221711,0.0026873715737695805,2.207732785317603,2.6369637422026564,-0.4292309568850534,-1.358628940348372,-62.240234375,36.58143833705357,11.695864463318978,10.59778270485022,4543.586762950974,4373.541215564652,0.038139084197517256,3636036500.0,0.8694164648787217,-54.39807969441291,-94035630000,-0.1129108859644487,-0.6707906438786194,6.427436609771673,-3.3327048410545146,27.55055549371283,-0.11661951525385233,0.5459117569435185,0.0
2023-09-19,4445.41015625,4449.85009765625,4416.60986328125,4443.9501953125,3614880000,4464.06796875,4464.381005859375,4460.772998046875,4484.293798828125,4371.1063940429685,4186.388449707031,4462.826954025819,4463.99018650976,4445.932567862596,4263.598073532702,40.0534171021584,0.0,0.18404644522433955,2.146380282806993,-1.9623338375826536,-1.413370989140883,-52.8798828125,34.328578404017854,11.52851501906351,10.480303198499573,4541.553897198042,4379.992098895707,0.03621834116487744,3630438000.0,0.9957145666721205,14.35042689079884,-97650510000,-0.37712752345256284,-0.8996645921408536,6.152361365880734,-3.5406372191007813,27.27619289484916,-0.1823189536828286,0.7526187597268258,0.0
2023-09-20,4452.81005859375,4461.02978515625,4401.3798828125,4402.2001953125,3308450000,4451.02001953125,4458.05302734375,4461.505517578125,4483.552607421875,4373.774895019531,4188.016600341797,4450.701602283156,4458.105425443354,4444.217572860632,4264.977199122551,30.861207508609425,0.0,-4.734044521461328,0.770295321953329,-5.504339843414657,-2.51496032188413,-63.27978515625,36.584995814732146,12.011921414827079,10.626111781051092,4539.7154717145195,4383.295563441731,0.0350598934948082,3619722500.0,0.9140065295060602,-8.476906563979991,-100958960000,-1.329267038491046,-1.8144631998899245,5.114201193787596,-4.446853134920547,26.080459185014842,0.19936909487859306,1.3552545776992433,0.0
2023-09-21,4374.35986328125,4375.7001953125,4329.169921875,4330.0,3662340000,4416.0,4445.939013671875,4456.205029296875,4480.709404296875,4375.380095214844,4189.308100585938,4426.561281826525,4445.904908734463,4439.738452356293,4265.624192166108,25.27964692198151,0.0,-14.292860209502578,-2.242335784337852,-12.050524425164726,-3.7099484576157638,-121.14013671875,40.02504185267857,12.678649367757671,10.91631741366397,4553.685445320892,4358.724613272859,0.04375041784798553,3610976000.0,1.0142244091348156,10.696549743837757,-104621300000,-2.8321189996230607,-3.363516592982991,3.3583564645050696,-6.014014000009962,24.01262188221777,-0.6324185815287233,1.0748082028932546,0.0
2023-09-22,4341.740234375,4357.39990234375,4316.490234375,4320.06005859375,3349570000,4389.948046875,4432.19599609375,4453.392529296875,4476.9098046875,4376.901994628906,4190.914200439453,4405.26103717997,4433.919684911538,4435.045182012665,4266.165842578323,22.906110242863093,0.0,-22.41200902075161,-6.276270431620604,-16.13573858913101,-3.256535075983813,-137.43017578125,40.09716796875,11.82664257029143,10.924869094064677,4563.062458239781,4343.722600353969,0.049252307413477164,3592281000.0,0.9324354080318327,-8.540168307693985,-107970870000,-2.9939528084710827,-3.503527051841023,3.0815676956773412,-6.229768086349116,23.727938696272112,0.2711370525404157,0.9477530527686566,0.0
2023-09-25,4310.6201171875,4338.509765625,4302.7001953125,4337.43994140625,3195650000,4366.730078125,4417.193994140625,4449.979028320313,4473.550205078125,4379.080593261719,4192.895100097656,4391.696818025226,4424.731137911034,4431.217525518296,4266.875037591536,27.838464264522784,0.10495690542687883,-27.131328588445285,-10.447282062985542,-16.684046525459742,-2.554406103158924,-150.02001953125,41.24354771205357,11.642770710450721,10.917043322778763,4569.688262698294,4330.2697939423315,0.05380215664664234,3587254500.0,0.8908344807986163,-4.59521669945695,-104775220000,-2.5289801636782503,-3.0425558545731834,3.4473755688576047,-5.852524339767801,24.22570424721526,-0.21851412429953243,0.8322580864804873,0.0
2023-09-26,4312.8798828125,4313.009765625,4265.97998046875,4273.52978515625,3472340000,4332.64599609375,4398.356982421875,4441.990014648438,4468.565,4380.908391113281,4194.593149414062,4368.063411451431,4410.331009077245,4425.033692562921,4266.941253985216,25.527165062179094,0.055774139808611435,-35.61785833705562,-15.481397317799559,-20.136461019256064,-4.126996124413129,-188.3701171875,42.458530970982146,12.340539435488957,11.009154304707316,4585.369469133756,4298.61056016312,0.06455640558060367,3613010000.0,0.96106570421892,8.658332420634295,-108247560000,-3.792449531328374,-4.3646050766577105,1.8818663200557195,-7.239743520037935,22.395296385445118,-0.5662339750066334,1.1024380182647346,0.0
2023-09-27,4282.6298828125,4292.06982421875,4238.6298828125,4274.509765625,3875880000,4307.10791015625,4379.06396484375,4430.834008789063,4462.955595703125,4383.0412890625,4196.14814819336,4349.352682286146,4397.395652557983,4419.130793467317,4267.016562558746,26.686156150466033,0.0804366270327129,-41.78277228119896,-20.741672310479437,-21.04109997071952,-4.74545059267808,-192.93017578125,43.774239676339285,10.795579159847739,11.004104614816121,4589.853128724776,4271.81488885335,0.0717784144566376,3639063000.0,1.0650763671857288,11.621557796759529,-104371680000,-3.5280997404546404,-4.222444656620792,1.8674654627096203,-7.2184722889487425,22.423363347875387,0.21294101395662274,1.2607833871729905,0.0
2023-09-28,4269.64990234375,4317.27001953125,4264.3798828125,4299.7001953125,3846230000,4301.04794921875,4358.523974609375,4420.075512695313,4457.6351953125,4384.675791015625,4197.974749755859,4339.422184891417,4388.091323296509,4414.447240598501,4267.341772834903,30.159702746111194,0.15435117167691725,-44.12718314804988,-25.41877447799353,-18.70840867005635,-3.6352161765450974,-205.39990234375,45.755684988839285,10.978979270425873,11.082365869487967,4584.188911973488,4255.9621134171375,0.07425818803629472,3678169000.0,1.045691483996521,-0.7649875641144721,-100525450000,-2.723376943155642,-3.5430220975929014,2.423202892360342,-6.671694604897215,23.144825526140174,-0.11369405025887015,1.2402773245395575,0.0
2023-09-29,4328.18017578125,4333.14990234375,4274.85986328125,4288.0498046875,3865960000,4294.6458984375,4342.29697265625,4409.094995117188,4452.6987890625,4386.175087890625,4199.462198486328,4329.1477088506335,4378.56355961946,4409.490478405913,4267.547822903088,23.71555086436598,0.017224307579439622,-46.39047429702896,-29.61311444180062,-16.77735985522834,-4.015501922165332,-162.27001953125,47.54213169642857,10.974752871488816,10.984648122981191,4577.8558159758495,4240.334174258526,0.07655122924117275,3674149000.0,1.0522055583483414,0.5129698431971086,-104391410000,-2.7453522902940004,-3.6977346138804474,2.1094988361391365,-6.924575309325776,22.81115451289346,0.6623713090461203,1.3635543836929047,0.0
2023-10-02,4284.52001953125,4300.580078125,4260.2099609375,4288.39013671875,3938660000,4284.8359375,4325.7830078125,4397.726000976562,4447.739794921875,4387.867290039063,4200.805899658203,4320.996194424257,4369.975614581297,4404.741445398573,4267.755209110209,25.50067565704201,0.055210464537619484,-47.60789273550836,-33.212070100542164,-14.395822634966194,-4.810325103547464,-165.1396484375,48.237862723214285,10.902281544981165,10.973795581526604,4566.863777934053,4228.588224019071,0.07692056163568725,3708769000.0,1.061985796365317,1.8805160943206944,-100452750000,-2.4861909139753844,-3.5827108947573634,2.084938917736551,-6.9171881403824935,22.820901734026442,-0.08231679474411423,0.9476086286276879,0.0
2023-10-03,4269.75,4281.14990234375,4216.4501953125,4229.4501953125,3953830000,4276.02001953125,4304.3330078125,4384.357006835938,4441.23599609375,4388.785390625,4201.976550292969,4302.686994601906,4356.592241317602,4397.867278728531,4267.374064694311,20.79960890648384,0.0,-52.720932219880524,-37.11384252440983,-15.607089695470691,-4.9630057530758105,-214.5,51.528564453125,11.606057924872545,11.295216088295186,4562.538800252771,4206.175213419105,0.08128069549948515,3730148000.0,1.0599659852638554,0.3851563729796448,-104406580000,-3.533170571691866,-4.768622990706292,0.653826709661574,-8.19652497822269,21.1328424574968,-0.4346651336394606,1.5344591785568291,0.0
2023-10-04,4233.830078125,4268.5,4220.47998046875,4263.75,3777600000,4273.86806640625,4290.48798828125,4374.2705078125,4435.161796875,4390.116689453125,4203.816550292969,4294.899595681525,4347.750123096878,4392.607777601923,4267.338004349094,20.141089596363912,0.0,-53.38989973575826,-40.36905396667952,-13.02084576907874,-4.261334139692785,-138.4501953125,51.776402064732146,12.14948909133554,11.336625811182257,4555.921957541332,4192.619058083668,0.08305451133138658,3748085500.0,1.0078745535554086,-4.457197198665597,-100628980000,-2.5266043244264167,-3.8648375127098156,1.4256913685459098,-7.452021291580249,22.11520012709146,0.10355678894987874,1.1377857436470207,0.0
2023-10-05,4259.31005859375,4267.1298828125,4225.91015625,4258.18994140625,3581470000,4265.566015625,4283.306982421875,4364.622998046875,4428.990595703125,4391.457788085938,4205.8456994628905,4287.5576648264705,4339.220581983485,4387.336489907975,4267.246978847175,22.93416682945889,0.08470630984383792,-53.74912511623825,-43.045068196591274,-10.704056919646973,-4.180070562046145,-71.81005859375,50.585658482142854,12.149550373016039,11.212061473776505,4549.550410720486,4179.695585373264,0.0847392376186278,3738971000.0,0.9578758433804381,-5.191920796272765,-104210450000,-2.438539518493416,-3.8564239549883172,1.2445592559433212,-7.572706647042446,21.955958223158504,-0.1041323109058927,0.9754047066414133,0.0
2023-10-06,4234.7900390625,4324.10009765625,4219.5498046875,4308.5,3902030000,4269.6560546875,4282.1509765625,4357.173486328125,4424.412392578125,4393.179990234375,4208.299899902344,4291.746131861177,4336.294812270772,4384.244862852761,4267.657456669592,31.96284974112143,0.5936905236877702,-49.40470585282401,-44.31699572783782,-5.087710124986188,-2.128485556206028,-11.56005859375,56.32139369419643,13.076674863677043,11.348463867993805,4538.314179324267,4176.032793331984,0.0831459631178432,3771108000.0,1.0347171176216645,8.950514732777325,-100308420000,-1.1170885547902167,-2.6198369928753946,2.3810113936979946,-6.4806880644440925,23.39685482206357,-0.5495269742716614,2.4777594247757198,0.0
2023-10-09,4289.02001953125,4341.72998046875,4283.7900390625,4335.66015625,3174630000,4279.11005859375,4281.972998046875,4349.58349609375,4419.48099609375,4395.437592773437,4210.870100097656,4300.528936738941,4336.2343688402225,4382.339580240889,4268.334100446511,37.09638756103352,1.0,-43.27131982476112,-44.10786054722249,0.8365407224613648,0.13071954387990914,-1.77978515625,57.822823660714285,13.041945248298022,11.439717229486245,4520.15088638774,4179.01610579976,0.07842929809126414,3761343500.0,0.8440149111613975,-18.641578870485365,-97133790000,-0.3201074276710447,-1.89662179603978,2.9635218656935005,-5.891155947799741,24.17473061589572,-0.4521290581118719,1.3525392439385302,0.0
2023-10-10,4339.75,4385.4599609375,4339.64013671875,4358.240234375,3520240000,4304.86806640625,4290.44404296875,4344.4005126953125,4414.8666015625,4397.432294921875,4213.2691015625,4312.0711962661535,4338.330165557821,4381.394507853991,4269.22868884381,44.5110620116473,1.0,-36.17158015377481,-42.52060446853295,6.3490243147581396,0.8837880784851482,84.71044921875,57.11924525669643,13.173179522686546,11.465579615949665,4506.696903138796,4182.104122251829,0.07471520637621566,3765568500.0,0.9348495452944223,10.886623008035578,-93613550000,0.318564589964593,-1.2826291776847636,3.4408230122006103,-5.401037955528395,24.821431468225178,0.09433035806794848,1.0558438666620609,0.0
2023-10-11,4366.58984375,4378.64013671875,4345.33984375,4376.9501953125,3601660000,4327.50810546875,4300.6880859375,4339.876025390625,4410.871005859375,4399.221298828125,4216.041903076172,4325.0469960754235,4342.008263629695,4381.2202210876585,4270.300544629569,56.766109919555944,1.0,-28.704361816491655,-39.75735593812469,11.052994121633034,0.910911838319084,102.4404296875,54.28138950892857,13.290961884382227,11.399177176167214,4492.486243218323,4187.265807562927,0.07032929831859042,3769180000.0,0.9555553197247146,2.3129104833761405,-90011890000,0.854267949244891,-0.7690274891697114,3.816572414019969,-4.994923838500165,25.3572908934384,0.19158212778505518,0.7663449618709699,0.0
2023-10-12,4380.93994140625,4385.85009765625,4325.43017578125,4349.60986328125,3713140000,4345.79208984375,4305.679052734375,4332.101513671875,4407.595400390625,4400.79759765625,4218.565852050781,4329.959569516589,4342.732225501271,4379.980599212898,4271.08969207884,54.055122542187526,0.9259799079032389,-24.707856992719826,-36.74745614904372,12.039599156323895,1.7802632004404906,49.90966796875,55.674979073660715,12.926964189739929,11.438490406694454,4463.662039006858,4200.540988336892,0.060737508075369574,3772401000.0,0.9842909065075531,3.0952394173797693,-93725030000,0.40415372433262303,-1.3155821222664041,3.1063640067812126,-5.58836680929096,24.57425480606526,0.09115356391358584,1.396853478604289,0.0
2023-10-13,4360.490234375,4377.10009765625,4311.97021484375,4327.77978515625,3566560000,4349.648046875,4309.65205078125,4325.97451171875,4404.113193359375,4402.149096679687,4221.058500976563,4329.523612644522,4341.30818356365,4377.933508465579,4271.653772606974,48.690332130288915,0.7795010700880565,-23.036551958509335,-34.005275310936845,10.96872335242751,1.2462252387312356,39.72998046875,57.769287109375,12.394511233839566,11.405068228661102,4445.187829153563,4206.761194283938,0.05511512705952038,3604117500.0,0.9895792798098286,-3.947602298862962,-97291590000,0.041731023440135434,-1.7332299341947532,2.528306209331066,-6.06220547373321,23.94903420002025,0.2501459081560498,1.510443708268056,0.0
2023-10-16,4342.3701171875,4383.330078125,4342.3701171875,4373.6298828125,3409960000,4357.2419921875,4318.176025390625,4321.979516601563,4402.0251953125,4404.429594726563,4224.010550537109,4338.344866678118,4344.386440634969,4377.764738832125,4272.668460270711,64.2697742924801,1.0,-17.80704248096754,-30.765628744942987,12.958586263975448,1.7194149392229185,85.23974609375,56.632882254464285,13.08747230317138,11.637022225040116,4427.797243102078,4216.161790101048,0.048967250350932356,3616554000.0,0.9428754554750185,-4.390785518819252,-93881630000,1.1950627255991855,-0.6450511126159976,3.5421154962874235,-5.066993779410232,22.179355873529033,0.33713203433531985,0.9432627765969721,0.0
2023-10-17,4345.22998046875,4393.56982421875,4337.5400390625,4373.2001953125,3794850000,4360.233984375,4332.551025390625,4318.4420166015625,4399.120400390625,4407.0091943359375,4226.630151367188,4345.315932404995,4347.130607747115,4377.585737125473,4273.668776042271,64.09092683688607,0.9959471383109281,-13.54119625234216,-27.320742246422824,13.779545994080664,1.9857602990505763,143.75,56.81787109375,13.081806624033993,11.597490724522526,4410.989633632112,4225.894399571013,0.042861576779201674,3625552500.0,1.046695641560838,11.287229175708813,-97676480000,1.2680077328913624,-0.5892133590120294,3.4677754782471593,-5.076320477645653,20.18744074541513,-0.6493439798222523,1.2917410479595266,0.0
2023-10-18,4357.35009765625,4364.2001953125,4303.83984375,4314.60009765625,3686030000,4347.76396484375,4337.63603515625,4314.06201171875,4395.4248046875,4408.642397460938,4229.005651855468,4339.172765455246,4344.032463928937,4375.1157120482485,4274.07605287425,51.9421090483252,0.7206428125141952,-14.719345074260673,-24.800462811990393,10.08111773772972,0.6111841530713535,50.85009765625,57.994315011160715,13.508626475450317,11.866125085991678,4397.790496113435,4230.333527324065,0.038816541888941215,3644431500.0,1.0114142631024894,-2.8675705232090842,-101362510000,0.012472837340732224,-1.8388372142108884,2.023985136156704,-6.348280745063288,18.291838890825545,-0.36243704720491043,1.402476712746521,0.0
2023-10-19,4321.35986328125,4339.5400390625,4269.68994140625,4278.0,3969730000,4333.4419921875,4339.617041015625,4311.46201171875,4391.63060546875,4409.367895507812,4231.274952392578,4326.938212364197,4337.743657840467,4371.307252752239,4274.115097124258,48.77006664180746,0.6487611684461382,-18.394320231256643,-23.519234295843646,5.124914064587003,1.147898720767726,19.81005859375,58.820033482142854,12.551852914443309,11.965605019073529,4396.3283833851565,4226.595640052343,0.03936779284416107,3659801000.0,1.084684659083923,7.696627536943534,-105332240000,-0.7761175125235563,-2.587435412424029,1.1042782171600924,-7.142714062827395,17.288387178651003,0.15667189245816773,1.6359524605958722,0.0
2023-10-20,4273.85009765625,4276.56005859375,4223.02978515625,4224.16015625,4004030000,4312.71806640625,4331.183056640625,4306.667016601563,4386.73720703125,4409.554296875,4233.130903320312,4306.3826011413585,4326.9261814985175,4365.536778379602,4273.618033035957,43.0494600429683,0.5191265183714071,-25.358868699201594,-23.887161176515235,-1.4717075226863585,-0.9285216945177366,-84.33984375,59.86289760044643,13.257051372251114,12.150992983401258,4399.911209798943,4213.422823404183,0.043302253384316626,3692524000.0,1.0843612661691568,0.864038612197815,-109336270000,-1.9157938153451646,-3.7061041751182384,-0.2119175446069032,-8.311349351725582,15.812279549060527,-0.09700566488429173,1.267579822090206,0.0
2023-10-23,4210.39990234375,4255.83984375,4189.22021484375,4217.0400390625,3776100000,4281.40009765625,4319.321044921875,4300.647021484375,4381.79701171875,4409.926396484375,4235.175603027344,4288.514088725587,4316.4608345998495,4359.713376837754,4273.055067921793,48.48741656271722,0.6423560357974618,-31.094420366262057,-25.3286130144646,-5.765807351797456,-0.9663707563538182,-118.6201171875,59.482875279017854,13.117754916499635,11.932065241695202,4400.815293918344,4200.478749050406,0.04658288482340766,3721546500.0,1.014658825302868,-5.692514791347714,-113112370000,-1.944055906104513,-3.7600320648268495,-0.4282127983519779,-8.465896980894788,15.617069857278182,-0.3257512356838684,1.5902632349141088,0.0
2023-10-24,4235.7900390625,4259.3798828125,4219.43017578125,4247.68017578125,3821820000,4256.29609375,4308.2650390625,4299.354541015625,4376.9562109375,4410.192998046875,4236.938603515625,4280.347306136719,4309.910295664745,4355.3199179727935,4272.802581432833,48.02373606418969,0.6069723121203894,-32.78950640287712,-26.820791692147107,-5.968714710730016,-1.4116240969885063,-110.56005859375,59.0771484375,12.44237724853269,12.049046255148477,4401.640749823994,4197.0683322072555,0.047582123238529915,3739020500.0,1.0221447034056113,1.2107730197823185,-109290550000,-1.201909838823572,-2.9535601666108633,0.2535220183911144,-7.800829207064252,14.859599744435133,0.444624661523687,0.9468033683921099,0.0
2023-10-25,4232.419921875,4232.419921875,4181.419921875,4186.77001953125,3869370000,4230.730078125,4289.247021484375,4294.967553710938,4371.9344140625,4409.236997070312,4238.412003173828,4261.631848815626,4298.182650318698,4348.71011803391,4271.946536040778,42.26924760098688,0.3190151338447972,-38.60282551813998,-29.177198457345686,-9.425627060794294,-3.4340822701271922,-190.18017578125,60.865757533482146,13.411413575970851,12.344688885807097,4408.633568532085,4181.301538889791,0.05292985960880521,3738695000.0,1.0349520354027275,1.2441716250372936,-113159920000,-2.5191700013240617,-4.235296712952995,-1.218427647050538,-9.122931076017995,13.212555739772222,-0.35926089711882025,1.2196813750562268,0.0
2023-10-26,4175.990234375,4183.60009765625,4127.89990234375,4137.22998046875,4277640000,4202.57607421875,4268.009033203125,4286.84404296875,4366.592412109375,4407.871396484375,4239.501903076172,4236.75147514625,4282.853824618703,4340.416779305864,4270.606072801255,31.430153625916816,0.0,-46.66941397504888,-32.675641560886326,-13.993772414162557,-5.071089293404785,-212.3798828125,57.60288783482143,13.678147524022123,12.26386323447106,4420.543422548866,4153.1446633886335,0.0623766007067176,3760265500.0,1.1375898856078115,10.551330061482878,-117437560000,-3.4900747729648742,-5.252664091215844,-2.4123570397082275,-10.198235791437646,11.872965934851027,-0.25747258879667106,1.3493591567197256,0.0
2023-10-27,4152.93017578125,4156.7001953125,4103.77978515625,4117.3701171875,4019500000,4181.21806640625,4246.96806640625,4278.31005859375,4361.5326171875,4406.206596679687,4240.240703125,4212.8752035545,4267.093471530017,4331.669851379655,4269.081336924502,25.951332241690565,0.0,-54.041808110730926,-36.94887487085525,-17.092933239875677,-5.930615303847819,-210.40966796875,57.244349888392854,13.71440516462141,12.281268810978583,4431.982382128461,4124.637735059039,0.0718378618800816,3767942500.0,1.0667625633883744,-6.034635920741338,-121457060000,-3.761764322877286,-5.598089511880038,-2.897726674972637,-10.629309424766348,11.335944348228388,0.37948567970884617,1.2895528738571207,0.0
2023-10-30,4139.39013671875,4177.47021484375,4132.93994140625,4166.81982421875,3911140000,4171.1740234375,4226.287060546875,4272.23154296875,4357.474814453125,4405.199594726562,4241.158952636719,4203.664127687351,4257.543600357516,4325.205144432168,4268.063809434892,30.09024748226284,0.10801366180509925,-55.2573333471837,-40.610566566120944,-14.646766781062759,-4.202446766676382,-206.81005859375,57.98008510044643,14.575448606368235,12.557552878462191,4433.647394723784,4110.815691213716,0.07556512334669346,3766566500.0,1.0383833658585346,-2.695857693742998,-117545920000,-2.467369047997563,-4.37535495562704,-1.7528022233581309,-9.55596543568028,12.673091525521299,0.5348078726109634,1.077447871704334,0.0
2023-10-31,4171.330078125,4195.5498046875,4153.1201171875,4193.7998046875,4249470000,4160.39794921875,4208.347021484375,4270.4490234375,4353.35541015625,4404.198291015625,4242.1325012207035,4201.69126308738,4251.472762674657,4320.0519938539455,4267.324864114023,31.272592196131214,0.13886942343291347,-53.42770557940821,-43.173994368778395,-10.253711210629817,-3.0958132603762456,-179.400390625,58.63218470982143,14.05614188093891,12.480395253001966,4434.617975585496,4106.280071289503,0.07688603762601467,3781348500.0,1.1237975023989457,8.650419059404669,-113296450000,-1.7948749260165855,-3.6651178329366783,-1.1393490542621054,-8.970344173182372,13.402644982823048,0.10824211500663199,1.0216340077525488,0.0
2023-11-01,4201.27001953125,4245.64013671875,4197.740234375,4237.85986328125,4224900000,4170.61591796875,4200.672998046875,4269.154516601562,4350.361611328125,4403.588291015625,4243.366950683594,4208.924983126154,4250.176296065762,4316.828773047173,4267.031680026134,38.95117669890913,0.3392581681684188,-47.87061128003188,-44.11331775102909,-3.757293529002787,-3.104286900562836,-76.740234375,58.019356863839285,14.270199442440987,12.691222208658221,4433.952973748288,4104.356059454836,0.07720425976894033,3803713500.0,1.1107303428609963,-0.5781897507218581,-109071550000,-0.733041008438928,-2.586032107168427,-0.12978107871290426,-8.0139866558265,14.594053112759218,0.17812521321118813,1.1410878155704125,0.0
2023-11-02,4268.259765625,4319.72021484375,4268.259765625,4317.77978515625,4669780000,4206.72587890625,4204.6509765625,4272.134008789062,4347.99701171875,4403.376787109375,4245.311549072266,4230.695943532173,4256.614723598189,4316.866067639686,4267.536636296086,49.113160388061615,0.6044564159385967,-36.595850055106894,-42.60982421184465,6.01397415673776,-1.267273568121885,39.77978515625,59.214390345982146,15.769380027134419,13.250200862462233,4438.247268742762,4106.020748835363,0.07776594068067841,3858129000.0,1.210374251353441,10.529953371677436,-104401770000,1.068453758081577,-0.6949688898372913,1.7070180891628757,-6.279263178121177,16.755131597553728,0.7173409061292615,1.2056541083369292,0.0
2023-11-03,4334.22998046875,4373.6201171875,4334.22998046875,4358.33984375,4570960000,4254.91982421875,4218.0689453125,4274.626000976563,4347.637607421875,4403.270087890625,4247.608997802734,4256.224723575739,4266.302830279314,4318.492490232247,4268.440150798115,48.63117531656857,0.5946534910922996,-24.1097407169309,-38.9098075128619,14.800066795931002,1.013761301250371,134.1796875,59.235107421875,15.568355678385101,13.404562349436022,4444.489371485069,4104.762630468057,0.07947519641236428,3891575500.0,1.1745782652809897,-2.1161596477778377,-99830810000,1.958389874443103,0.2461621067463169,2.606898280998711,-5.398875857301093,17.851897809438338,0.38098736227940133,0.9088151043265574,0.0
2023-11-06,4364.27001953125,4372.2099609375,4347.52978515625,4365.97998046875,3656340000,4294.75185546875,4232.962939453125,4276.1419921875,4346.8430078125,4403.203989257812,4249.575847167969,4278.175774954341,4275.795892202117,4320.3547447513265,4269.4106963669765,49.36185638639905,0.9007242961177099,-13.442951944876768,-33.81643639926488,20.373484454388112,2.056568033397621,148.93994140625,56.995849609375,15.430430551503903,13.411163202066497,4448.816830457224,4103.467153917777,0.08076197590500958,3915661000.0,0.9337733782367779,-20.009363459754624,-96174470000,2.1009121877941235,0.44024991521099927,2.7391941569499374,-5.233040803562884,17.718205072353722,0.1360650154382537,0.5676827302141875,0.0
2023-11-07,4366.2099609375,4386.259765625,4355.41015625,4378.3798828125,3791230000,4331.66787109375,4246.03291015625,4277.148974609375,4345.744404296875,4402.729389648437,4251.368696289062,4298.216596525973,4285.565796069773,4322.630240361569,4270.494966878872,56.13833757684612,1.0,-3.9434192220287514,-27.841832963817655,23.898413741788904,3.650896766646472,130.69970703125,54.245082310267854,15.354717617985706,13.3679057602374,4452.060100042727,4102.237849176023,0.08178865242790678,3929210500.0,0.9648834034216288,3.689208334017069,-92383240000,2.366784715801732,0.7509755632051659,2.987536381737561,-4.963891369825948,16.937036741201037,0.005267556648881114,0.7083054928990076,0.0
2023-11-08,4384.3701171875,4391.2001953125,4359.759765625,4382.77978515625,3729510000,4360.65185546875,4265.63388671875,4277.440454101563,4343.44740234375,4402.4612890625,4253.197845458984,4315.129234252028,4294.824271220866,4324.989046039792,4271.612228752279,60.75061796677659,1.0,3.8951632318066913,-21.49443372469279,25.38959695649948,3.9302388537576283,196.009765625,51.501534598214285,15.28386182728385,13.164974723134835,4453.069799946299,4101.811108256827,0.08211889691010349,3935603000.0,0.9476336917112829,-1.6279677044125473,-88653730000,2.4626720625340113,0.9055567886300717,3.046694379280204,-4.868388099599386,17.054548596224976,0.13681394797456697,0.7211505077732835,0.0
2023-11-09,4391.41015625,4393.39990234375,4343.93994140625,4347.35009765625,3900780000,4366.56591796875,4286.6458984375,4277.327465820313,4340.097001953125,4402.0476904296875,4254.85349609375,4321.573406932873,4299.826730881378,4325.865950024751,4272.365839388141,63.13578603954695,1.0,7.165813579035785,-15.762384263947077,22.92819784298286,2.3464554239107205,210.1201171875,51.107945033482146,15.399244264025146,13.178166019865559,4452.764122940618,4101.890808700007,0.08203096841296434,3944985000.0,0.98879463420013,4.592292285045496,-92554510000,1.637065022387952,0.16711828560193237,2.173908024034619,-5.637416763192695,16.108298435250948,0.1969154627156865,1.1385967947219933,0.0
2023-11-10,4364.14990234375,4418.02978515625,4353.33984375,4415.240234375,3665080000,4377.94599609375,4316.43291015625,4281.70048828125,4338.248603515625,4402.543193359375,4256.627547607422,4340.306772421299,4310.818493118866,4329.37082392084,4273.787475159154,68.70943892977772,1.0,15.062364631163291,-9.597434484925003,24.659799116088294,5.4569564073961185,297.8701171875,51.39794921875,16.21645704792373,13.468695006081703,4466.540462789794,4096.860513772705,0.08633951628071138,3949911000.0,0.9278892613023433,-6.042381267336272,-88889430000,3.1188483748277167,1.7747168937479125,3.7262524144667526,-4.163809040516979,17.286544680123047,0.38643781407338545,1.4859841806084588,0.0
2023-11-13,4406.66015625,4421.759765625,4393.81982421875,4411.5498046875,3326240000,4387.0599609375,4340.905908203125,4283.596484375,4336.16419921875,4402.839790039063,4258.332496337891,4354.555378874539,4320.411951363498,4332.593529048944,4275.158244607198,66.29797657516431,0.9436022185873524,20.78307702307393,-3.5213321833252174,24.304409206399146,6.630519103694343,244.72998046875,50.369384765625,15.827071352078592,13.470127270504198,4473.125297463534,4094.067671286466,0.08849050734814348,3945725000.0,0.8429984350151113,-9.245091512327154,-92215670000,2.9870535373541207,1.7385320759378213,3.5980588289283166,-4.243912660134375,17.188512019734166,-0.194328681329716,0.63589183271114,0.0
2023-11-14,4458.97021484375,4508.669921875,4458.97021484375,4495.7001953125,4700350000,4410.5240234375,4371.095947265625,4289.721484375,4336.1416015625,4404.313491210937,4260.722147216797,4382.784342162132,4337.106069834831,4338.989868902418,4277.352691877897,79.36764925681427,1.0,31.741124137555744,3.5311590808509754,28.209965056704768,9.188634185343304,301.900390625,52.573660714285715,17.12547545978908,13.943456490353231,4498.393682046872,4081.049286703128,0.09728939206517029,3991000000.0,1.1777374091706339,41.311210255423546,-87515320000,4.801680288283581,3.6797366970788987,5.514981732596586,-2.417363598893048,19.423884961176384,1.0749149903252448,1.1146005610398892,0.0
2023-11-15,4505.2998046875,4521.169921875,4495.31005859375,4502.8798828125,4347170000,4434.54404296875,4397.59794921875,4299.135473632812,4336.889599609375,4406.054091796875,4262.853546142578,4406.8034502922055,4352.894052023181,4345.416928271441,4279.596743528988,87.80422300145491,1.0,40.53750507753375,10.932428280187532,29.60507679734622,8.065144949164171,265.02001953125,50.215785435267854,16.200148705485926,13.93019299186614,4528.495912765751,4069.7750344998735,0.10670072647844567,4024057000.0,1.0802953337887609,-7.513908538725844,-83168150000,4.7391949016094115,3.8274039352552482,5.630649377741813,-2.2615229501957494,19.614606347569364,0.21352868202842257,0.5752631730443892,0.0
2023-11-16,4497.080078125,4511.990234375,4487.830078125,4508.240234375,3964520000,4466.7220703125,4416.643994140625,4310.647485351563,4338.0316015625,4407.352392578125,4264.798697509766,4427.090807108765,4367.688926532878,4351.802155961776,4281.871803139396,91.66078577093859,1.0,47.394897048854546,18.224922033920933,29.169975014933613,7.4977453462619525,190.46044921875,48.16148158482143,15.712473659699272,13.756846831425602,4557.951716008788,4063.343254694338,0.11474110629440884,4023796500.0,0.9852685144489787,-8.802278263790008,-79203630000,4.583829916384872,3.923637456933067,5.708160082851765,-2.1451723897088786,19.75699885163779,-0.12880211860942292,0.5383482847927707,0.0
2023-11-17,4509.5498046875,4520.1201171875,4499.66015625,4514.02001953125,3777240000,4486.47802734375,4432.21201171875,4325.140478515625,4339.162197265625,4408.723994140625,4266.4699987792965,4444.476649593263,4381.625221104152,4358.163640807637,4284.181735640808,90.8047955817845,0.9858252062450965,52.68845029185468,25.117627685507685,27.570822606346994,6.516500430860805,155.68017578125,45.330043247767854,14.657362498957156,13.452958116227109,4584.770360595174,4065.5105964360755,0.12005616158328959,4012457000.0,0.9413783125900166,-4.723901001886732,-75426390000,4.36701517450939,4.0297599932036166,5.802221059160885,-2.019717699921751,19.910533199484206,0.029048370193642807,0.4547001379444454,0.0
2023-11-20,4511.7001953125,4557.10986328125,4510.35986328125,4547.3798828125,3644790000,4513.64404296875,4450.352001953125,4341.657470703125,4340.360595703125,4410.233393554688,4268.524498291015,4465.057296237111,4397.41137936209,4365.583885592142,4286.800622677343,90.94064914153384,0.9863376594498992,58.896568561178356,31.87341586064182,27.023152700536535,5.31754996967595,181.39990234375,45.638636997767854,14.599384277837245,13.4667439115235,4614.0483997660485,4069.266541640201,0.1254778530554187,4005891500.0,0.9098573937911199,-3.5065285764208753,-71781600000,4.73833814614718,4.769633364433365,6.532828489871141,-1.2956161656692928,20.796705386627494,-0.051391535897328554,1.0365026609204915,1.0
2023-11-21,4538.77001953125,4542.14013671875,4525.509765625,4538.18994140625,3511080000,4522.1419921875,4466.3330078125,4356.182958984375,4341.886396484375,4411.111494140625,4270.660047607422,4479.6838252709385,4410.818861461534,4372.352750526029,4289.302008933353,87.82969270094003,0.9109661224086336,62.35619218067677,37.96997112464881,24.386221056027964,4.126573514320153,159.81005859375,43.49790736607143,14.677520694218952,13.423340950331704,4638.283489965251,4074.0824280034985,0.12951730156285568,3990354500.0,0.8798917489661633,-3.6685241125003043,-75292680000,4.178129893431049,4.521158017418927,6.264368758377481,-1.4950909241793486,20.55258356853022,-0.1893367940028996,0.36748061445080643,1.0
2023-11-22,4553.0400390625,4568.43017578125,4545.0498046875,4556.6201171875,3042810000,4532.8900390625,4483.717041015625,4374.675463867187,4343.67,4412.121796875,4272.623148193359,4495.071083654251,4424.704695340197,4379.578921767655,4291.961890607524,85.59888096905053,0.8591224801275786,65.82632508242841,43.54124191620473,22.28508316622368,4.366491316304244,173.84033203125,39.810756138392854,13.093571802223472,13.12609004923028,4658.500178529012,4090.850749205362,0.12975806640107923,3949026500.0,0.7705215449934306,-13.336921972726346,-72249870000,4.159043449579107,4.902539032373545,6.646899554299013,-1.095049759524864,21.042163188320963,0.32722512384857116,0.514413969009467,1.0
2023-11-24,4555.83984375,4560.31005859375,4552.7998046875,4559.33984375,1639500000,4543.1099609375,4504.916015625,4395.78095703125,4344.754794921875,4413.246997070312,4274.830548095703,4507.9248356734015,4437.527090426845,4386.628369688531,4294.62236775322,83.76787864668611,0.8134017281501841,68.0118908698978,48.43537170694335,19.576519162954447,4.1330347247360955,211.98974609375,36.358607700892854,11.731450088998866,13.104836946877768,4667.792940079341,4123.768973983159,0.12376048110995855,3817119500.0,0.42951235873018906,-46.11888353199838,-70610370000,3.720815216170633,4.938944979793352,6.655452010396909,-1.0360159991029412,21.114410068231795,-0.017123951908056167,0.1649590192504741,1.0
2023-11-27,4554.85986328125,4560.52001953125,4546.31982421875,4550.43017578125,3403990000,4550.3919921875,4518.435009765625,4417.4339599609375,4346.757001953125,4414.635400390625,4277.175198974609,4516.425903694972,4448.279765222503,4393.051969927462,4297.167719076882,80.8559022162104,0.6958294232511517,68.23842171020988,52.39598170759666,15.842440002613216,3.825206805799475,135.18994140625,35.610037667410715,11.4599142455412,13.107096556914103,4663.874600525271,4170.993319396604,0.1115763779597114,3786344000.0,0.8990176275584046,107.62366575175358,-74014360000,3.0107120338588733,4.685635146768241,6.388678604330961,-1.2294072067185295,20.87773344027255,-0.09825941084192734,0.3123448384967108,1.0
2023-11-28,4545.5498046875,4568.14013671875,4540.509765625,4554.89013671875,3586240000,4551.89404296875,4532.76904296875,4436.837475585938,4348.784208984375,4416.194799804687,4279.4973498535155,4524.118750299727,4458.433133936431,4399.398564703591,4299.732121242474,80.33346479487804,0.6335406184842729,67.99403766603609,55.515592899284556,12.478444766751537,4.77394353802767,143.34033203125,35.380092075892854,11.238007106651368,13.103796637381182,4660.226928478005,4213.44802269387,0.10069760459844929,3770099000.0,0.9512323151195764,5.354011028234518,-70428120000,2.6607389110465904,4.739391927255668,6.435166664483645,-1.1326003184431535,20.996207946754698,-0.1072507632294809,0.6085301545419468,1.0
2023-11-29,4571.83984375,4587.64013671875,4547.14990234375,4550.580078125,4418760000,4554.3720703125,4538.25703125,4454.676489257812,4350.916806640625,4417.605302734375,4281.563800048828,4529.411015864782,4467.209033382961,4405.32725150443,4302.228120813445,78.84555659824638,0.5507369222307438,66.68388551949192,57.74925142332603,8.934634096165894,3.0652883323608826,54.8798828125,36.02650669642857,11.369451765227012,13.074621034475511,4651.7839877838405,4257.568990731784,0.08849464108172228,3778563500.0,1.1694285407668814,23.214285714285722,-74846880000,2.1528743804057076,4.5889930871497615,6.283131366000061,-1.2261534608568543,20.88171544963209,0.3721210945267765,0.8904530363982505,1.0
2023-11-30,4554.8701171875,4569.89013671875,4537.240234375,4567.7998046875,5399300000,4556.6080078125,4544.7490234375,4471.173486328125,4354.228798828125,4418.890703125,4283.722149658203,4537.088773629326,4476.789106840536,4411.698724178276,4304.870625130599,90.42724848536946,0.9513643273484608,66.2711361216925,59.453628362999325,6.817507758693182,3.5418391929742388,64.919921875,34.82578822544643,11.117626336077672,13.00767660250953,4645.824057969318,4296.522914686932,0.07812292328858918,3837283500.0,1.4070630955466283,22.19038825371824,-69447580000,2.161095261788362,4.90491004783337,6.631561177513885,-0.8523860290723783,21.339140668112424,0.09427455376782751,0.7195982724561969,1.0
2023-12-01,4559.43017578125,4599.39013671875,4554.7099609375,4594.6298828125,4397120000,4563.666015625,4553.38798828125,4485.0159912109375,4359.521396484375,4420.115400390625,4285.957298583984,4548.596995465961,4488.012037885485,4418.872495105109,4307.753801823951,88.73003356553713,0.8844468614348225,67.33282147388218,61.0294669851759,6.303354488706276,2.200540142849161,86.3896484375,32.968680245535715,9.670509790286818,13.03347685665904,4652.201964416583,4317.830018005292,0.07455312245631744,3823650500.0,1.1499795810312685,-18.56129498268294,-65050460000,2.444002246956697,5.392988471572179,7.201951926364192,-0.2700185124361453,22.05185548989708,-0.18323107982230402,0.9809664317693115,1.0
2023-12-04,4564.3701171875,4572.3701171875,4546.72021484375,4569.77978515625,4369910000,4567.5359375,4558.96396484375,4495.58798828125,4364.515791015625,4420.712797851563,4288.354147949219,4552.83355340402,4495.7994423874625,4424.790428048291,4310.3610255387,81.30173811073911,0.19166114623424568,65.41495666357332,61.90656492085539,3.508391742717933,1.485713678464018,55.759765625,34.395089285714285,9.826214709695275,13.08880794928654,4655.634476765576,4335.541499796923,0.07120158204066902,3813598000.0,1.145875889383202,-0.6188141328869801,-69420370000,1.6503246531576692,4.7030187074397105,6.562555878031084,-0.8094090275443895,21.391736915516095,-0.6585898406789006,0.5641407681081927,1.0
2023-12-05,4557.25,4578.56005859375,4551.68017578125,4567.18017578125,3909950000,4569.9939453125,4560.943994140625,4505.647998046875,4369.110595703125,4421.330400390625,4290.794598388672,4555.7028778794665,4502.597607472585,4430.374339724093,4312.916439968974,70.87631732812343,0.0,62.95951019066888,62.11715397481809,0.842356215850792,1.307382445079952,19.80029296875,29.3779296875,9.879923857567398,13.024313052415563,4656.417115681822,4354.878880411928,0.06692449907329784,3826278500.0,1.0218675927536378,-10.525617232391514,-73330320000,1.3656676633649227,4.5334073317558,6.441361175768455,-0.8658355518686834,21.3226808313787,-0.2741879422056567,0.5905485836971475,1.0
2023-12-06,4586.22998046875,4590.740234375,4546.5,4549.33984375,4245680000,4569.7458984375,4562.058984375,4514.19599609375,4374.626796875,4421.5958984375,4293.5545971679685,4554.430271053573,4507.049249022814,4435.039653607462,4315.268911648388,62.77359524014091,0.0,58.89507965595021,61.47273911104452,-2.577659455094306,0.782447221455107,11.14990234375,30.690813337053573,10.114793281105731,12.994074562799485,4653.535975067894,4374.856017119607,0.06173412899870446,3849001000.0,1.1030602486203562,8.58655481527897,-77576000000,0.7785184269061577,3.993781755275806,5.957423873234258,-1.253073703490909,20.848769834735588,0.41710210577014056,0.9730613521390079,1.0
2023-12-07,4568.83984375,4590.919921875,4565.22021484375,4585.58984375,3818880000,4573.30390625,4564.95595703125,4524.336499023438,4380.8483984375,4421.901997070312,4296.527296142578,4560.662185592859,4514.529305663499,4440.94358263266,4317.958672166813,68.17860503545937,0.1918912007709536,57.93126565118837,60.76444441907329,-2.833178767884924,0.8402632267851651,28.9697265625,31.935093470982142,10.329049805941402,13.086393500411262,4652.476641269174,4396.196356777701,0.05664483279411033,3853469500.0,0.9910238033543538,-10.052571084019524,-73757120000,1.353863593916669,4.673556961832428,6.727818251426967,-0.4662395250845258,21.811715681159345,0.4286336187170014,0.5629456153656676,1.0
2023-12-08,4576.2001953125,4609.22998046875,4574.06005859375,4604.3701171875,3707010000,4575.251953125,4569.458984375,4537.1875,4386.941796875,4422.28849609375,4299.487546386718,4569.403771911788,4523.08557342769,4447.352466340693,4320.8085372913965,70.01113910908757,0.25695068764677387,58.01409682593385,60.21437490044541,-2.2002780745115587,1.4582945323073693,45.0302734375,32.985804966517854,9.58422820181176,13.004006718660516,4639.551901198678,4434.823098801322,0.0451224028976885,3843781000.0,0.964417587786609,-2.929392911010553,-70050110000,1.4807106205661547,4.956261796483892,7.091137432343639,-0.1054376392986093,22.31059530326536,-0.20476424533035298,0.7688994334239819,1.0
2023-12-11,4593.39013671875,4623.7099609375,4593.39013671875,4622.43994140625,3823210000,4585.783984375,4576.6599609375,4547.5474853515625,4393.629599609375,4423.164194335937,4302.749545898438,4580.01100581068,4532.547894187553,4454.21864183346,4323.809844795027,67.83242579827896,0.1829353435973571,58.85933119595211,59.94336615954675,-1.0840349635946396,1.4444878556032936,72.009765625,31.812220982142858,8.36522192238982,12.754595458665516,4639.340149601803,4455.754821101322,0.040370183949005815,3851687500.0,0.9926064874162299,3.1346017410257776,-66226900000,1.6468757345784526,5.207774952563546,7.4299094590005765,-0.027467543206202573,22.790602535735776,-0.23846867626395185,0.6600750930424716,1.0
2023-12-12,4618.2998046875,4643.93017578125,4608.08984375,4643.7001953125,3808380000,4601.08798828125,4585.540966796875,4559.155004882812,4400.73580078125,4424.237797851562,4306.056846923828,4592.748843711044,4543.133827628024,4461.649290989501,4326.99283335739,73.70699585949038,0.3953691225674117,60.546764917735345,60.06404591118447,0.4827190065508731,1.8502755761482081,88.81005859375,32.810093470982146,8.317577669749214,12.78034752767581,4636.039439063645,4482.2705707019795,0.03372749296678446,3875794500.0,0.9826062759519371,-0.38789394252474185,-62418520000,1.8544048258754255,5.520994795645703,7.841126125166664,-0.004952280935432245,23.35536041692027,-0.08956604674652577,0.7777698188732282,1.0
2023-12-13,4646.2001953125,4709.68994140625,4643.22998046875,4707.08984375,5063650000,4632.63798828125,4601.191943359375,4569.7244873046875,4410.28859375,4425.762294921875,4309.741546630859,4615.617043718836,4558.748686306307,4471.274410705599,4330.774893162292,78.12631202333621,0.5551786104732586,66.23556084385928,61.298348897719436,4.93721194613984,3.4427441344455634,156.509765625,35.397216796875,7.046336784522063,13.033795274679836,4665.643533831527,4473.805440777848,0.041980231759404935,3893959500.0,1.3003858925600023,32.9607339603716,-57354870000,3.0059877094764036,6.729746675095359,9.21977090319413,-0.05520740619017578,25.039244518138283,0.05383637820812765,1.4313303716821417,1.0
2023-12-14,4721.0400390625,4738.56982421875,4694.33984375,4719.5498046875,6314040000,4659.42998046875,4616.366943359375,4580.5579833984375,4419.40458984375,4427.283193359375,4313.582346191406,4636.403595912569,4574.063078533087,4481.0107006656735,4334.643300242145,78.89482638974508,0.5829693099368626,70.93173048077915,63.22502521433138,7.70670526644777,3.6150085518279473,151.75,38.020054408482146,7.042312831302393,12.856096432785517,4692.323088006564,4468.792878790311,0.04879977723814553,3992303000.0,1.5815533039451164,24.693452351564595,-51040830000,3.0343862427419985,6.791530595173725,9.41137611188842,-0.4013873433718123,25.370231211417394,0.29636560540740153,0.9421980926165237,1.0
2023-12-15,4714.22998046875,4725.52978515625,4704.68994140625,4719.18994140625,8218980000,4682.3939453125,4628.82294921875,4591.10546875,4428.62458984375,4428.807592773437,4317.271545410156,4652.960865011305,4587.884684521006,4490.351063047657,4338.469634980097,81.40538222209298,0.6737549942037716,73.77401981512321,65.33482413448975,8.43919568063346,3.7052389011188014,124.56005859375,38.494315011160715,7.084185605998837,12.319693988241896,4713.449511171142,4468.761426328858,0.05329611495701588,4205026000.0,1.9545610419531294,30.169907064256797,-59259810000,2.7898394739148302,6.561074339623617,9.309546359746292,-0.40898168712107497,25.360671794811594,-0.11271889139651205,0.4429589199191922,1.0
2023-12-18,4725.580078125,4749.52001953125,4725.580078125,4740.56005859375,4060340000,4706.01796875,4645.9009765625,4602.432470703125,4437.265791015625,4430.839091796875,4320.746146240234,4670.480703727794,4602.425196337458,4500.163180520052,4342.470534717547,82.50639438661761,0.7135693418691964,76.86489380069088,67.64083806772999,9.224055732960892,3.7821327836864205,170.7802734375,38.68715122767857,7.116367145789411,12.310678513106616,4736.146065555727,4468.718875850523,0.05810561945395551,4219181000.0,0.9623526461652154,-50.59800607861315,-55199470000,3.0011866283726976,6.8351611524426055,9.716236458807547,-0.1886498193639427,25.92834808676448,0.1354074914993956,0.506603231994088,1.0
2023-12-19,4743.72021484375,4768.68994140625,4743.72021484375,4768.3701171875,4026970000,4730.951953125,4666.019970703125,4613.481982421875,4445.919990234375,4432.700493164062,4324.345897216797,4690.058586419736,4618.229474513653,4510.68109960505,4346.708341508293,85.23086304295626,0.8120904534264455,80.62903172505958,70.23847679919591,10.390554925863668,3.781376058709851,201.18994140625,37.804268973214285,6.996988344952951,12.332098594503126,4763.56229550565,4463.4016693381,0.06506162315388053,4238290000.0,0.9501402688348367,-0.8218523571917657,-51172500000,3.35729358770175,7.252719969351633,10.268008862484432,-0.006706752225029046,26.66709513260318,0.06666208656656984,0.5263743524410716,1.0
2023-12-20,4764.72998046875,4778.009765625,4697.81982421875,4698.35009765625,4201320000,4729.20400390625,4680.92099609375,4621.489990234375,4452.7221875,4433.79439453125,4327.9057971191405,4691.716888667039,4625.860010051044,4518.040668156077,4350.20726445504,68.03728255105909,0.20278927505119626,77.07365068638683,71.60551157663409,5.468139109752741,2.8134903331146877,149.01025390625,41.199986049107146,9.186709517955366,12.329200809100525,4771.746345590584,4471.233634878166,0.06502507012834122,4272802000.0,0.9832704628016932,4.3295579554851304,-55373820000,1.6631023238022224,5.5163538126361145,8.559435392140347,-1.6672144235002395,24.807081698834146,-0.07633922345140945,1.7069607691815987,1.0
2023-12-21,4724.2900390625,4748.7099609375,4708.35009765625,4746.75,3431180000,4734.64404296875,4697.03701171875,4630.996484375,4460.11818359375,4435.494594726562,4331.679497070312,4702.723510933632,4637.373342427135,4527.009661561721,4354.152963316184,69.83520219628537,0.314446397404549,77.2707244107296,72.7385541434532,4.532170267276399,3.9317438180120234,161.16015625,41.605678013392854,9.645908604237448,12.452706784429186,4787.884053601047,4474.108915148954,0.06775542575140599,4292220500.0,0.7993950916547741,-18.330905524930262,-51942640000,2.499537972346825,6.42655204654905,9.58220716030391,-0.6542423971147113,26.092777834812892,0.5521074604293541,0.857197583954952,1.0
2023-12-22,4753.919921875,4772.93994140625,4736.77001953125,4754.6298828125,3046770000,4741.73203125,4712.06298828125,4640.760986328125,4468.218583984375,4437.9069921875,4335.861046142578,4713.104785309405,4648.5406319876465,4535.9359447480265,4358.137808286297,75.21899993471636,0.5541816040959018,77.17314348566288,73.62547201189514,3.5476714737677355,4.512523709226346,150.259765625,40.767124720982146,9.632131490849147,12.422933130982225,4803.085387087881,4478.436585568369,0.06995594094932721,4362584000.0,0.6983865525569249,-11.203434387003885,-48895870000,2.453668629344142,6.409966151940755,9.658262389254428,-0.48932262509601077,26.302099225836418,0.15104907304998158,0.7635988601063509,1.0
2023-12-26,4758.85986328125,4784.72021484375,4758.4501953125,4774.75,2513910000,4748.57001953125,4727.293994140625,4651.976977539062,4477.15798828125,4440.635590820312,4340.426845703125,4725.433828247525,4660.560571798347,4545.301201816732,4362.283203228722,77.02659917375863,0.6346722165298707,77.82224876461987,74.46482736244009,3.3574214021797815,4.1250997733218275,152.31005859375,40.99644252232143,9.536521868223478,12.399558304668687,4818.953927674414,4485.00002740371,0.0717875221401824,4318080000.0,0.582182358826145,-17.489341171141902,-46381960000,2.6391579978516084,6.646895474711475,10.006461800567848,-0.20837613060047205,26.290076730223767,0.08896550463456569,0.5520709149615209,1.0
2023-12-27,4773.4501953125,4785.39013671875,4768.89990234375,4781.580078125,2748450000,4751.21201171875,4741.081982421875,4663.311474609375,4485.3169921875,4443.67109375,4345.055946044922,4736.66307822302,4672.086239067552,4554.56704010333,4366.455311436646,81.13139870978551,0.7643774394493452,77.98879333486093,75.16962055692426,2.8191727779366715,3.8487340597576747,137.8798828125,39.01429966517857,9.528932601627906,12.39468048079061,4833.288486341565,4493.334462877186,0.07289970342220291,4276190500.0,0.6427332926351152,9.329689607026515,-43633510000,2.5361506337196067,6.605176099114729,10.046455960536548,-0.0796185574194894,26.470729348785927,-0.02722246583590764,0.3457869679104738,1.0
2023-12-28,4786.43994140625,4793.2998046875,4780.97998046875,4783.35009765625,2698860000,4768.21201171875,4748.7080078125,4674.949975585938,4493.519990234375,4446.3201953125,4349.376246337891,4746.000482109666,4682.682797028381,4563.538924713249,4370.603518264702,79.20953599436888,0.6539156382893248,77.37171393415429,75.61003923237027,1.7616747017840169,3.4810653743409636,76.26025390625,36.924281529017854,9.478401199515716,11.962749859185044,4844.301485223027,4505.598465948849,0.07245061894629728,4190195500.0,0.6440892793665594,-1.8042896905528516,-40934650000,2.318744000179932,6.449957005905256,9.977841114200196,-0.20757531213716085,26.517545601451626,0.10163718272717284,0.2576840787679288,1.0
2023-12-29,4782.8798828125,4788.43017578125,4751.990234375,4769.830078125,3126060000,4772.82802734375,4753.73603515625,4685.051489257812,4502.62458984375,4449.024697265625,4353.7657470703125,4750.766401312733,4690.982538085202,4571.628773866651,4374.575921845401,74.82447297938803,0.4018778860870478,74.92799815692979,75.47363101728217,-0.5456328603523843,2.7161504297762207,50.2802734375,37.01499720982143,9.64846859432185,11.9369007505005,4851.5699875459895,4518.532990969635,0.07108502379108607,4076533500.0,0.7668427108473412,15.828905537893778,-44060710000,1.8095551150627411,5.934438524676615,9.556424374339866,-0.4896361070415063,25.709413253842467,-0.009830241026689564,0.7668353596909847,1.0
2024-01-02,4745.2001953125,4754.330078125,4722.669921875,4742.830078125,3743050000,4770.46806640625,4756.100048828125,4692.461499023438,4511.92119140625,4451.7758984375,4357.678497314453,4749.179136675187,4695.9203990413735,4578.342550504232,4378.2401423058955,67.59112734640877,0.0,70.00567954905364,74.38004072363647,-4.37436117458283,0.7592851541267098,23.64013671875,38.21787806919643,9.927533508231164,12.019889977156978,4855.184435858129,4529.738562188746,0.06935504398642647,4043830000.0,0.9256200186456899,19.7369852146152,-47803760000,1.0733935507418584,5.117750885333656,8.838457932312075,-1.0529223837228847,24.997825188385015,-0.5163681390969361,0.6703868102945938,1.0
2024-01-03,4725.06982421875,4729.2900390625,4699.7099609375,4704.81005859375,3950760000,4756.480078125,4752.525048828125,4699.2130126953125,4521.534189453125,4454.135698242188,4361.619348144532,4740.3053210589,4696.767033284457,4583.3020606253895,4381.489594209257,58.51231552557442,0.0,62.3184405683196,71.9677206925731,-9.649280124253494,-0.31231254470733827,-35.75,38.737862723214285,10.213066737771214,12.00461937460709,4851.365365418599,4547.060659972026,0.06475652510845305,4022872500.0,0.9820743759589696,5.54921788381133,-51754520000,0.11910602654777763,4.053400050985621,7.868424157537143,-1.846113318578851,23.995803257018462,-0.37446532162651763,0.6294022050479761,1.0
2024-01-04,4697.419921875,4726.77978515625,4687.52978515625,4688.68017578125,3715480000,4737.90009765625,4744.5560546875,4705.288012695312,4530.9669921875,4456.382001953125,4365.30489868164,4729.98029200337,4695.99685637939,4587.4345357295415,4384.546216911466,47.04679787135716,0.0,54.2987790277939,68.43393235961726,-14.13515333182336,-0.6465042942498833,-79.68994140625,36.79429408482143,10.338291292840648,12.003260707580585,4844.386058930962,4566.189966459663,0.059124136869135126,4013149000.0,0.9258265765861173,-5.955309864431147,-55470000000,-0.35296111246012574,3.4807842093241037,7.4078508742258045,-2.182622267940336,23.307795354418108,-0.15707619705605894,0.8373280128115853,0.0
2024-01-05,4690.56982421875,4721.490234375,4682.10986328125,4697.240234375,3844370000,4720.678125,4744.445068359375,4712.683032226562,4539.958193359375,4458.457202148437,4368.776749267578,4723.432280477696,4696.115273331353,4591.740641558776,4387.65760016981,46.37584595322628,0.0,48.07963259152348,64.36307240599851,-16.28343981447503,-0.9138123699164891,-1.10986328125,36.44789341517857,10.152509400339396,11.976453207100523,4831.053969962562,4594.312094490562,0.0502350516368483,3993083500.0,0.9627572275911586,3.4689999677026906,-51625630000,-0.32768590091802097,3.464394038819168,7.518431450233481,-2.0040384333681924,23.532916692135302,0.04030235304298907,0.8410817397213317,0.0
2024-01-08,4703.7001953125,4764.5400390625,4699.81982421875,4763.5400390625,3742320000,4719.4201171875,4746.124072265625,4721.580541992187,4551.49359375,4461.71400390625,4372.909599609375,4731.453832194657,4702.536679591462,4598.477872833432,4391.397723939887,55.93344125090312,0.24598098298618612,47.948039232291194,61.080065771257054,-13.13202653896586,-0.10129411111755582,16.7900390625,39.76646205357143,10.8604477219531,12.244872474409611,4825.610818722678,4617.550265261696,0.044065869810026526,3989255500.0,0.9380998534688991,-2.6545311715573727,-47883310000,0.8886748133837573,4.658832116201956,8.932963980961777,-0.620861761993212,25.064715025378675,0.1375267309137222,1.377078638424366,1.0
2024-01-09,4741.93017578125,4765.47021484375,4730.35009765625,4756.5,3529960000,4722.1541015625,4746.311083984375,4729.187036132813,4563.878994140625,4465.235703125,4376.948499755859,4736.463065755725,4707.676043439895,4604.6748189968275,4395.030582408147,52.21757731461542,0.15034689980700594,46.73692406286682,58.211437429579014,-11.474513366712195,1.2376664389645686,1.8701171875,40.108607700892854,10.891698295164504,12.155664035563273,4818.311228095067,4640.0628441705585,0.037691125887519855,3980403000.0,0.8868348255189236,-5.674554821607991,-51413270000,0.5775403607111658,4.220554622650454,8.671600779979743,-0.7677342579638448,24.879881798010153,-0.45365134131428403,0.7424422392097573,1.0
2024-01-10,4759.93994140625,4790.7998046875,4756.2001953125,4783.4501953125,3498680000,4737.88212890625,4747.181103515625,4737.237548828125,4577.200595703125,4469.366606445313,4381.01080078125,4745.860491667081,4714.892629332524,4611.685618068031,4398.89545417834,52.102983834724704,0.16478339221399865,47.40530326772932,56.05021059720908,-8.644907329479757,0.7731646982145568,8.7001953125,40.570731026785715,10.957239010039139,12.107897014418295,4813.991647892114,4660.483449764136,0.03240458105503962,3964176500.0,0.8825742244322371,-0.8861290212920259,-47914590000,0.9755188758859445,4.506020553326698,9.185994119427528,-0.20548702931887955,25.5874476983693,0.07232085370019972,0.7274632680327426,1.0
2024-01-11,4792.1298828125,4798.5,4739.580078125,4780.240234375,3759890000,4756.194140625,4747.047119140625,4744.06455078125,4589.46900390625,4473.471909179688,4385.024351806641,4752.736440208665,4721.116210765141,4618.295603021245,4402.689929603182,64.03526243466123,0.5081034563060484,47.13266555267637,54.26670158830254,-7.134036035626167,0.5386402768190024,-1.33984375,39.051443917410715,10.933125955135015,11.974345861806455,4809.1976065541785,4678.931495008321,0.027458756125990226,3961752000.0,0.9490472901887852,7.465958590096844,-51674480000,0.7625461923319102,4.156716829471525,9.01285490935824,-0.3805306996978222,25.503171541015945,0.18145244845458167,1.2431464582049851,1.0
2024-01-12,4791.18017578125,4802.39990234375,4768.97998046875,4783.830078125,3486340000,4773.512109375,4747.0951171875,4747.9015625,4601.269609375,4477.312509765625,4389.08715209961,4758.955167791933,4727.088960037508,4624.78715106453,4406.482368891956,57.508522974458764,0.32031362295429094,46.66830541350191,52.747022353342416,-6.078716939840504,0.19016866066285942,0.47998046875,37.84144810267857,9.952958659549635,11.970825202168067,4812.904738226956,4682.898386773044,0.02738185485578134,3882886500.0,0.897873270310631,-7.275478803901181,-48188140000,0.7567241054189362,3.96761077373159,8.993736336189107,-0.3866780067542321,25.597421359826694,0.2288575650985114,0.7007771475634316,1.0
2024-01-16,4772.35009765625,4782.33984375,4747.1201171875,4765.97998046875,4260550000,4774.00009765625,4746.710107421875,4750.223071289062,4611.83201171875,4481.096811523437,4392.778001708984,4760.360130327296,4730.792866745245,4630.324124766656,4410.059459554412,52.20913457426284,0.16783760171777654,44.34871853514778,51.067361589703495,-6.718643054555713,-0.3262540290314919,-3.85009765625,37.88002232142857,10.054191509598109,11.610796951112562,4814.272279383661,4686.173863194464,0.026966821192764646,3780212000.0,1.1270664184971637,22.206956292272118,-52448690000,0.33170882594807805,3.3424454394328915,8.495807860414834,-0.7583692032232826,25.12877464787559,-0.23997467053113902,0.7419177457714391,1.0
2024-01-17,4739.1298828125,4744.22998046875,4714.81982421875,4739.2099609375,3928600000,4770.54208984375,4746.348095703125,4751.224072265625,4620.260615234375,4484.128813476563,4396.219901123047,4756.1300964493375,4731.594494763555,4634.594157557669,4413.334588921408,43.25718414762937,0.0,39.8904797529176,48.83198522234632,-8.94150546942872,-0.9227870805521343,-3.6201171875,39.385009765625,10.28643816215877,11.517429646496014,4813.84090775784,4688.6072367734105,0.026358190874527967,3565693000.0,1.1017774104500864,-7.791247608876784,-56377290000,-0.2528634967619248,2.574515933385088,7.801931375790229,-1.3157992397803222,24.425939185919752,-0.563369921113458,0.6237811273068805,0.0
2024-01-18,4760.10009765625,4785.7900390625,4740.56982421875,4780.93994140625,4019000000,4770.0400390625,4753.961083984375,4753.24306640625,4628.7126171875,4488.175112304688,4399.578050537109,4761.09206544072,4736.294061110479,4640.333207904672,4416.99235362275,49.892752840699934,0.18456563624424868,39.27185259907128,46.919958697691314,-7.648106098620033,0.23291947719901174,76.1298828125,41.53428431919643,10.627254961598902,11.208546744086313,4817.005633147694,4689.480499664806,0.026829078946998836,3563626000.0,1.127783892024584,2.3010741740060014,-52358290000,0.5826942702709333,3.288761623555853,8.66814695610601,-0.44685909907308513,25.521542051129632,0.44079365318133235,0.9538982974731806,1.0
2024-01-19,4796.27978515625,4842.06982421875,4785.8701171875,4839.81005859375,4287200000,4781.95400390625,4769.074072265625,4756.8150634765625,4638.18921875,4492.51611328125,4403.154552001954,4776.835664071326,4746.152727537457,4648.155829500322,4421.199494965745,57.94002851076569,0.46512845754319154,43.03582240974265,46.143131440101584,-3.107309030358934,2.044770292658038,151.1298828125,45.020717075892854,11.281680183998748,11.371647760904438,4831.255773289019,4682.374353664106,0.03129855116042746,3576637500.0,1.1986677430966934,6.6733018163722235,-48071090000,1.7447597606733491,4.346973146949089,9.916878942922072,-0.04666941425952288,27.067151906235274,0.3208541403573455,1.174283999672702,1.0
2024-01-22,4853.419921875,4868.41015625,4844.0498046875,4850.43017578125,4297610000,4795.2740234375,4784.39306640625,4764.4190673828125,4647.630224609375,4496.687314453125,4406.903702392578,4791.5545664133115,4756.083913084485,4656.088156805457,4425.47044701366,61.428094715227076,0.7467310340606519,46.341553718990326,46.18281589587934,0.1587378231109895,3.0951327550729157,153.18994140625,44.460728236607146,9.676031901237774,11.324873438048483,4844.564935822654,4684.273198942971,0.0336435008366579,3581452000.0,1.1999630317536016,0.2428158238477307,-43773480000,1.8052800809918064,4.363513045810789,10.06435591383297,-0.3693193443380595,27.34597856008916,0.28120655803596695,0.502892260499199,1.0
2024-01-23,4856.7998046875,4866.47998046875,4844.3701171875,4864.60009765625,3912800000,4814.998046875,4794.499072265625,4770.311572265625,4657.266630859375,4500.3570166015625,4410.774803466797,4806.1636726619,4766.4187878056055,4664.265095662351,4429.839896273786,67.91736537099224,1.0,49.53376941034912,46.85300659877329,2.680762811575832,3.7520136857210007,101.06005859375,42.671421595982146,9.141346037738346,10.780151117987181,4861.549343404644,4679.073801126606,0.03825233205708043,3605533000.0,1.0852209645564193,-8.954046551455342,-39860680000,1.9765695376967491,4.451827289059825,10.289015295742466,-0.0782608381682611,27.71800382421973,0.13132090712395536,0.45640326288872285,1.0
2024-01-24,4888.56005859375,4903.68017578125,4865.93994140625,4868.5498046875,4330030000,4840.866015625,4805.704052734375,4776.007568359375,4667.690625,4503.893813476562,4414.592452392578,4818.640899067021,4776.145551318166,4672.276260722161,4434.20516899432,76.77763493064816,1.0,51.78538204384586,47.83948168778781,3.945900356058047,3.647025950660021,112.0498046875,42.382847377232146,9.140976083416948,10.36131347627891,4876.84252385518,4675.17261286357,0.042225626342733434,3669696000.0,1.179942425748618,10.663207932938047,-35530650000,1.9376484438845758,4.303181076562884,10.2831089662397,-0.7164082859085128,27.821701700220835,0.4925371141821881,0.77560008609751,1.0
2024-01-25,4886.66015625,4898.14990234375,4869.33984375,4894.16015625,4020430000,4863.51005859375,4816.775048828125,4781.978076171875,4677.2690234375,4507.758813476563,4418.517703857422,4833.744750503616,4787.38503750215,4680.9775899585475,4438.781835534178,82.59308426183952,1.0,55.002310219874744,49.272047394205195,5.7302628256695485,2.7420808078944425,110.7099609375,41.693568638392854,9.19319444067435,10.253810550662905,4895.803457175581,4668.152695168169,0.04760598195582974,3745022000.0,1.0735397549066468,-7.150065934878047,-31510220000,2.3459346381598323,4.637131876008666,10.764751535958226,-0.19414030258882614,28.494090573537452,0.3719865727790877,0.5916625152119729,1.0
2024-01-26,4888.91015625,4906.68994140625,4881.47021484375,4890.97021484375,3353400000,4873.74208984375,4827.848046875,4787.447583007813,4686.857431640625,4511.510815429688,4422.42785522461,4845.189843371643,4797.250292487064,4689.212594856006,4443.2812223929795,81.26188791518075,0.9661582335018724,56.641420328573986,50.74592198107896,5.895498347495028,2.8270832512088617,110.72998046875,40.682094029017854,9.217015696613819,10.10229463346116,4911.266508737699,4663.628657277926,0.05172648831471678,3775269500.0,0.8882544676611829,-16.591011409227374,-34863620000,2.16237629845541,4.3550030309259045,10.594686334240803,-0.3203733423187272,28.410340020451137,-0.10727070288649178,0.516642024892643,1.0
2024-01-29,4892.9501953125,4929.31005859375,4887.39990234375,4927.93017578125,3525160000,4889.24208984375,4842.258056640625,4794.676586914063,4695.50203125,4515.82181640625,4426.6077563476565,4861.737909853565,4809.695995657939,4698.5740686177805,4448.103600038635,79.30198351567056,0.9163334069739503,60.22851008591897,52.64243960204696,7.586070483872007,3.020413604605565,144.10009765625,38.86854771205357,9.484984739601412,10.12185914820261,4933.465521547232,4655.887652280893,0.05789292859166396,3816584500.0,0.9236425919562373,5.1219657660881435,-31338460000,2.7791986894563756,4.95001690946718,11.32520537232395,-0.027993426992775895,29.380708054327737,0.04048236611093845,0.8575143652538441,1.0
2024-01-30,4925.89013671875,4931.08984375,4916.27001953125,4924.97021484375,3836130000,4901.31611328125,4858.157080078125,4802.43359375,4703.943837890625,4520.41671875,4430.501506347657,4874.384370851602,4820.674492723255,4707.452348861937,4452.848541479482,80.47247182179326,0.9460896424414047,62.116421016620734,54.53723588496172,7.579185131659017,3.027671693735967,158.990234375,37.418526785714285,9.382785277144547,10.012664288631488,4952.276955591566,4652.590231908434,0.06240309581232953,3852088000.0,0.9958573116709691,8.82144356568213,-35174590000,2.55155263892086,4.698746085630115,11.160558410546964,-0.12410296912368035,29.302995540504185,-0.04139748311625747,0.3014444723311398,1.0
2024-01-31,4899.18994140625,4906.75,4845.14990234375,4845.64990234375,4696120000,4896.7361328125,4868.80107421875,4807.5745849609375,4710.69203125,4524.36181640625,4434.0415551757815,4868.637477150032,4823.053103163302,4712.8718607631845,4456.757012731863,59.45858449054995,0.4118731310553589,56.56012777410342,54.94181426279006,1.6183135113133602,1.2922663056414319,106.43994140625,40.64857700892857,11.06673103177443,10.159107064136338,4955.854818664348,4659.294351257527,0.06168608768640277,3899741500.0,1.2042131510511658,22.418166224815117,-39870710000,0.791985994391429,2.864926643441362,9.28291586910152,-1.7326786595572259,27.220474516814242,-0.5234604944370798,1.2713765084224147,1.0
2024-02-01,4861.10986328125,4906.97021484375,4853.52001953125,4906.18994140625,4386090000,4899.14208984375,4881.32607421875,4817.643579101563,4718.5354296875,4528.848813476562,4437.815905761719,4876.147970001276,4830.970897281678,4720.452961964874,4461.228982171409,66.30922046801004,0.5860304773362257,56.391751537526034,55.231801717737255,1.1599498197887783,2.941891520990181,125.25,40.820033482142854,11.212887118131759,10.273654344762006,4963.877083359715,4671.410074843411,0.060707481513367835,3921508000.0,1.1184702415499344,-6.601833002563817,-35484620000,1.8379600078509761,3.976965194286519,10.554156494784532,-0.5049573853396696,28.80992745956036,0.319048244282409,1.101266608511119,1.0
2024-02-02,4916.06005859375,4975.2900390625,4907.990234375,4958.60986328125,3974350000,4912.67001953125,4893.2060546875,4831.140063476562,4726.760029296875,4533.5603125,4441.834604492187,4892.640348657271,4843.126989281638,4729.792448291007,4466.17804566504,70.09145721986665,0.6821827642007705,59.798837979950804,56.145208970179965,3.653629009770839,4.629461537938462,118.7998046875,43.368617466517854,11.402497729282254,10.425391628751186,4977.08306710683,4685.197059846295,0.06041762470668035,3934451500.0,1.0101408036164634,-9.387404271230182,-31510270000,2.6385035028969632,4.90504769752113,11.634275131866218,-0.3352603697530982,30.18619018375061,0.20117682571154086,1.3712293927591765,1.0
2024-02-05,4957.18994140625,4957.18994140625,4918.08984375,4942.81005859375,4023640000,4915.64599609375,4902.44404296875,4843.4185546875,4734.852431640625,4538.3694140625,4445.7760546875,4902.674290644567,4852.620614930411,4738.146080067585,4470.9206527588585,70.42341529438303,0.69062182555573,60.52635618079694,57.02143841230336,3.504917768493577,3.3857383521092244,92.3798828125,43.64076450892857,11.59668883258513,10.480777176111083,4983.115789798342,4703.721319576657,0.057685386275626485,3943415000.0,1.020344041902767,1.2402028004579346,-35533910000,2.0520940485322803,4.39206142019231,11.179915447657148,-0.6528258697229689,29.771373040513645,-0.028635482809700182,0.7950260954654811,1.0
2024-02-06,4950.16015625,4957.77001953125,4934.8798828125,4954.22998046875,4440880000,4921.49794921875,4911.40703125,4852.953051757812,4742.80462890625,4543.237314453125,4449.898254394531,4912.985428609404,4862.297697362633,4746.61995851469,4475.729700795773,75.74719673325436,0.7906477631550992,61.31758094720499,57.88066691928369,3.436914027921297,2.364140751181587,89.6298828125,41.62147739955357,10.77676764529438,10.478781466006767,4995.691841713973,4710.214261801651,0.058825539185654696,3978343000.0,1.1162637309050527,10.369714984441947,-31093030000,2.0869134242758367,4.457812794436293,11.333556347634737,-0.4232930829841304,30.07119822581639,0.14870281417087539,0.4638438475163937,1.0
2024-02-07,4973.0498046875,4999.89013671875,4969.0498046875,4995.06005859375,4895590000,4951.37998046875,4924.058056640625,4864.8810546875,4751.519033203125,4548.1369140625,4454.205954589844,4929.400354606273,4874.941731765596,4756.362707537398,4480.89716704252,75.69481554399287,0.7201860577650226,64.49581078900974,59.2036956932289,5.2921150957808365,2.981794966035256,126.51025390625,41.55576869419643,10.914139874306125,10.335867671975528,5013.434702889344,4716.327406485656,0.06107185213036486,4046624500.0,1.2097959669843348,10.239186827835933,-26197440000,2.675892841836643,5.125540352228102,12.142548178460007,-0.09660368513956605,31.14317453824223,0.37987385109177635,0.6206484789538053,1.0
2024-02-08,4995.16015625,5000.39990234375,4987.08984375,4997.91015625,4341860000,4969.7240234375,4934.433056640625,4875.604052734375,4760.4686328125,4553.612817382813,4458.5103051757815,4943.1023149350185,4886.653010287921,4765.8351565065195,4486.041574895331,71.91937080197295,0.5386235464181987,66.47824012723049,60.65860458002922,5.819635547201273,2.7404114607072927,103.75,38.140066964285715,10.865245145235827,9.968990915629862,5030.244544901189,4720.96356056756,0.06343439315179329,4088783500.0,1.0618953045569666,-11.310791957659848,-21855580000,2.5085323211804393,4.987776241206297,12.098208014637574,-0.04979093957231351,31.218002638405224,0.0020039329873078704,0.26689029094654554,1.0
2024-02-09,5004.169921875,5030.06005859375,5000.33984375,5026.60986328125,3912990000,4983.3240234375,4947.997021484375,4887.922534179687,4769.90302734375,4559.343618164063,4463.285205078125,4959.803824604265,4899.9822343825235,4776.061615595724,4491.420363834494,73.2599037154888,0.5965687333368062,69.56327404283365,62.439538472590115,7.123735570243539,3.2465531818441695,135.6396484375,38.393624441964285,10.878863340218905,9.978102247454231,5049.665400872173,4726.179667487201,0.06618061786432568,4096438500.0,0.9552175627682437,-9.877563993311622,-17942590000,2.8373471169349824,5.3818040841902395,12.621300954781015,-0.06859153314890178,31.97150122385672,0.12524766210877203,0.5943638987037599,1.0
2024-02-12,5026.830078125,5048.39013671875,5016.830078125,5021.83984375,3805740000,4999.12998046875,4957.38798828125,4899.823022460938,4779.32822265625,4565.122514648438,4468.114454345703,4972.211028433412,4911.5877209889495,4785.699977484127,4496.698169604798,71.28774787900582,0.5113213384944733,70.80706516461305,64.1130438109947,6.6940213536183535,2.608817109038597,93.90966796875,39.068638392857146,10.931993835637678,9.367961248387326,5064.318909382129,4735.327135539746,0.06714360341879176,4112408500.0,0.9254284928163143,-2.740870791900818,-21748330000,2.490229151741467,5.074177997320459,12.392820171957363,-0.5259160296594395,31.846266392523447,0.0043809814117192905,0.6290836664243832,1.0
2024-02-13,4967.93994140625,4971.2998046875,4920.31005859375,4953.169921875,4302190000,4998.91796875,4960.207958984375,4909.18251953125,4787.035625,4570.632211914062,4472.203553466797,4968.40280712173,4915.547930597145,4792.267426283769,4501.240177090073,59.74796212007011,0.012508488723809993,65.49668478094009,64.38977200498377,1.1069127759563173,1.2717253284936891,28.19970703125,43.529331752232146,12.189781494496579,9.899492631678255,5062.537757593686,4755.827281468814,0.062476894045927225,4114490500.0,1.045619135589206,13.044769217024822,-26050520000,0.8960229563424287,3.4705047108355194,10.754572386030242,-1.8861500847800818,30.043366838896073,-1.0733098629346347,1.0363116447243395,1.0
2024-02-14,4976.43994140625,5002.52001953125,4956.4501953125,5000.6201171875,3845600000,5000.02998046875,4975.70498046875,4922.25302734375,4795.1554296875,4577.338413085938,4476.35925415039,4974.846269134884,4923.65004360575,4800.4381200447,4506.209131717908,61.67631704657674,0.10171543792402836,64.37493014879237,64.3868036337455,-0.0118734849531279,1.475060295364794,154.97021484375,44.94004603794643,12.131108977606944,10.031956125023525,5058.181095043926,4786.3249596435735,0.05523002045814314,4110340500.0,0.9355915890666479,-10.612966884307761,-22204920000,1.5920979561272264,4.284838948659272,11.71176916935399,-0.9462426285916681,31.289151508698975,0.4698005499161482,0.9294923262281531,1.0
2024-02-15,5003.14013671875,5032.72021484375,4999.43994140625,5029.72998046875,4137970000,5006.3939453125,4988.058984375,4934.692529296875,4804.35443359375,4584.435112304687,4480.668553466797,4985.823011401658,4933.7528947355595,4809.4299577083875,4511.418294392047,64.4001475586941,0.235157017369036,65.08459945773666,64.52636279854374,0.5582366591929144,2.1271147043540717,123.5400390625,45.515799386160715,11.978737704385619,10.066128853444827,5061.391651601282,4807.993406992468,0.05135036136586196,4116289000.0,1.0052671228866583,7.602714790929888,-18066950000,1.9259042099917043,4.691068279623456,12.254006750334874,-0.36962587566832444,32.05341857181655,0.05039414057045659,0.665680032714602,1.0
2024-02-16,5031.1298828125,5038.7001953125,4999.52001953125,5005.56982421875,3833270000,5002.1859375,4992.75498046875,4942.980517578125,4813.1222265625,4591.116411132813,4485.098502197266,4989.772373965076,4940.592602305387,4817.121717179382,4516.335225037089,58.277148021055446,0.0,62.971597426763765,64.21540972418775,-1.243812297423986,3.3002780864884507,46.9599609375,45.32080078125,11.672425935580318,10.088192743780207,5065.151462318481,4820.809572837768,0.04943209640656871,4093592500.0,0.9364073243733957,-7.363513993576564,-21900220000,1.2662260435388404,3.998394152431376,11.604456886877818,-0.848197372634744,31.41910395881929,0.027832554613986153,0.7836787457233443,1.0
2024-02-20,4989.31982421875,4993.7099609375,4955.02001953125,4975.509765625,4034880000,4992.919921875,4996.024951171875,4949.2344970703125,4821.645625,4598.1362109375,4489.52230102539,4986.919852297062,4943.918046431065,4823.333013196858,4520.904125938462,55.093684824898894,0.0,58.200533071067184,63.01243439356364,-4.811901322496453,1.412905432660061,32.69970703125,47.87294224330357,11.98508135206548,10.182429785714287,5064.0410664597075,4834.4279276809175,0.04639366732667627,4080456000.0,0.9888306601026944,5.259478200074619,-25935100000,0.5308956075983282,3.191112590838732,10.824925950108588,-1.4436358744080604,30.62988992244196,-0.3246383642752649,0.7808231097704043,1.0
2024-02-21,4963.02978515625,4983.2099609375,4946.0,4981.7998046875,3788390000,4998.6458984375,4998.78193359375,4955.094482421875,4829.56982421875,4605.209111328125,4494.125200195313,4985.8958427751495,4947.5258329316775,4829.547397176883,4525.490152592682,66.09071299225457,0.5324531835627809,54.301035246705396,61.27015456419199,-6.969119317486594,0.4676702149522427,27.56982421875,44.829345703125,11.969358481769124,10.168987281751722,5063.497564443202,4846.691400400548,0.04375419375185878,4074235500.0,0.9298407026299781,-6.108979697041795,-22146710000,0.538946782152424,3.152040161120878,10.851380029888649,-1.3190409264710874,30.79503221922108,-0.2508281775461921,0.7523243214213506,1.0
2024-02-22,5038.830078125,5094.39013671875,5038.830078125,5087.02978515625,4051710000,5015.92783203125,5007.97890625,4966.018481445312,4839.223017578125,4613.082407226562,4498.8790991210935,5006.12263125137,4960.811923619733,4839.644745725094,4531.0776116231655,69.33041884313946,0.6893129885809411,59.02147231348317,60.82041811405023,-1.7989458005670542,2.9177679266018774,91.9697265625,48.491489955357146,13.860311020701566,10.917077521639197,5081.502453156918,4850.534509733707,0.046509682613180725,4060319500.0,0.9978796003614987,6.95070993218756,-18095000000,2.43678722024648,5.12079659643676,13.073271654489632,-0.14447954249614528,33.557800541000624,1.144772485314219,1.1026380674147374,1.0
2024-02-23,5100.919921875,5111.06005859375,5081.4599609375,5088.7998046875,3672790000,5027.741796875,5017.06787109375,4975.750463867187,4848.55021484375,4621.089907226563,4503.632497558594,5022.658065938596,4973.001245626187,4849.415532351071,4536.627086181019,65.60619310007363,0.5089937402327134,62.18840921087576,61.09401633341534,1.0943928774604217,2.7162611495483713,90.8896484375,45.67006138392857,13.826293308008738,10.893177285554556,5098.324614555782,4853.176313178592,0.04926860845562971,4042937500.0,0.9084459010311191,-9.352100717968458,-14422210000,2.2720058339189735,4.955080987059395,12.9932295196405,-0.43553105717905916,33.604271649976276,0.27305003716079795,0.5825116774272281,1.0
2024-02-26,5093.0,5097.66015625,5068.91015625,5069.52978515625,3683930000,5040.5337890625,5021.35986328125,4984.678442382812,4857.066806640625,4628.901303710937,4508.384296875,5032.032409782128,4982.194439867145,4858.047463833627,4541.9296005986835,65.0648750563071,0.48278424878310033,62.423718222456046,61.35995671122348,1.0637615112325634,1.4908674908598707,42.919921875,44.829345703125,13.949151121964837,10.953485976204203,5107.263494232191,4862.093390533433,0.04918473809948709,4059464000.0,0.9074917279719688,0.30331165136041616,-18106140000,1.7022430584885755,4.374306283478407,12.446709316022819,-0.8125569443792955,33.09834549391449,0.08253803399047119,0.5671830652699784,1.0
2024-02-27,5074.60009765625,5080.68994140625,5057.2900390625,5078.18017578125,3925950000,5061.06787109375,5026.993896484375,4992.190942382813,4864.48861328125,4637.388603515625,4513.0869970703125,5041.261962981952,4991.335938525631,4866.680119204122,4547.265427217415,64.83330138977837,0.4727709705687366,62.58675538141415,61.605316445261614,0.9814389361525357,1.6060716783968365,56.34033203125,44.865757533482146,13.783755294295668,10.938720325553488,5118.492299804843,4865.8895849607825,0.05059956996025706,4079503500.0,0.9623597577499321,6.569614514933786,-14180190000,1.7224748490367994,4.39288853337162,12.52121173550986,-0.6433084807370963,33.32545781573866,0.10001543959453679,0.4626964671396972,1.0
2024-02-28,5067.2001953125,5077.3701171875,5058.35009765625,5069.759765625,3789370000,5078.65986328125,5038.652880859375,4999.430419921875,4871.4928125,4645.448701171875,4517.7826953125,5046.961523510562,4998.804874439857,4874.644026906902,4552.464375858286,59.691169781870286,0.25307880438195574,61.32953803900091,61.550160764009476,-0.2206227250085675,0.8584295085034332,116.58984375,43.020751953125,13.810271477036157,10.95408460535253,5126.1063443067305,4872.7544955370195,0.05067614257819197,4077165500.0,0.9294128482152613,-3.4789031954049365,-17969560000,1.4067471650945393,4.0699424335854,12.217875615956748,-0.8080572815674036,33.10438353317726,-0.21621880454568138,0.3760123195123008,1.0
2024-02-29,5085.35986328125,5104.990234375,5061.89013671875,5096.27001953125,5219740000,5080.50791015625,5048.21787109375,5011.96142578125,4879.0344140625,4653.829501953125,4522.6436450195315,5056.8232227147,5008.087269210466,4883.335242303935,4557.875377287868,62.02263902301025,0.3814197241507725,61.760404671636934,61.59220954553497,0.1681951261019634,1.4821296197624179,95.64990234375,45.148611886160715,12.168356554279246,10.944572409300452,5123.232730019846,4900.690121542654,0.04440229873527055,4103346500.0,1.272069029510425,37.74690779733834,-12749820000,1.6821476980313794,4.452430276831555,12.683430743950227,-0.2893732198985216,33.80039895927791,0.30770881417350193,0.8514625266874838,1.0
2024-03-01,5098.509765625,5140.330078125,5094.16015625,5137.080078125,4748110000,5090.16396484375,5058.952880859375,5023.505932617188,4886.964814453125,4662.115302734375,4527.647646484375,5072.87459379676,5020.372298630898,4893.286020179271,4563.63860814197,63.11463911454174,0.495302152575519,64.64965921839848,62.20369948010767,2.44595973829081,3.712978943802958,107.35009765625,46.15004185267857,11.785515521187735,10.915129796911618,5136.468662794957,4910.543202439419,0.044973662495076165,4121447500.0,1.1520491283705543,-9.035507515700015,-8001710000,2.260854212799576,5.118008276469745,13.460244242147162,-0.06322551179797929,34.87184966743672,0.043948732801956394,0.9063303951752351,1.0
2024-03-04,5130.990234375,5149.669921875,5127.18017578125,5130.9501953125,4758440000,5102.448046875,5071.49091796875,5032.12294921875,4894.216416015625,4670.068203125,4532.752897949219,5084.489714099907,5030.903526886288,4902.606183909986,4569.283499556602,62.911512646993565,0.5491307073713829,65.68757843417097,62.90047527092034,2.7871031632506345,2.6062783229033215,125.38037109375,45.502162388392854,11.418865607070602,10.922040000747957,5150.409361404931,4913.83653703257,0.047012528660312074,4160652000.0,1.1436765199300494,0.21756025028907278,-12760150000,1.9639274932480102,4.837010854734522,13.19721835341889,-0.36351313475416164,34.71091220479388,-0.1185467942369073,0.4386377174725119,1.0
2024-03-05,5110.52001953125,5114.5400390625,5056.81982421875,5078.64990234375,4418410000,5102.5419921875,5081.804931640625,5038.91494140625,4901.822412109375,4677.2722998046875,4537.352297363282,5083.3217517486755,5035.45080073938,4909.509859142682,4574.351821972395,65.44705037995044,0.7272289797496028,61.58008346971383,62.63639691067904,-1.0563134409652122,0.9726152708985136,103.14013671875,43.54506138392857,12.075934964194634,11.141847939733015,5151.048132408103,4926.781750404398,0.04450687987622932,4180390500.0,1.0569371449868141,-7.145829305402607,-17178560000,0.7885618511038108,3.6073826297244698,11.929812135042365,-1.3791178970436135,33.33779028658957,-0.39817528924592693,1.1414330913533675,1.0
2024-03-06,5108.02978515625,5127.97021484375,5092.22021484375,5104.759765625,4559050000,5109.5419921875,5094.100927734375,5046.441430664063,4908.982607421875,4684.550395507813,4541.885847167969,5087.609354523941,5042.051654538011,4917.16671822042,4579.629512954013,63.53091050279529,0.5926377262570438,59.743031397834784,62.0577238081102,-2.3146924102754127,1.9815914049651884,122.9599609375,43.542933872767854,12.14671368979429,11.090897503210265,5154.784780540547,4938.0980807875785,0.04293851473957458,4186299000.0,1.089040701583905,3.1830454846879297,-12619510000,1.1556328506375435,3.988141206838454,12.392956084706615,-0.8720977641543318,34.023293627349524,0.5784978956502093,0.7020513350107926,1.0
2024-03-07,5132.3798828125,5165.6201171875,5128.2099609375,5157.35986328125,4137980000,5121.7599609375,5101.133935546875,5054.556420898438,4917.03720703125,4692.627895507812,4546.712746582031,5101.559456275403,5053.033388704033,4926.5860572424135,4585.378073653787,65.62898369093375,0.7400081263396994,61.81893250614576,62.00996554771731,-0.19103304157155065,3.6549038434739556,70.330078125,45.512939453125,12.316946645358072,11.216720573610436,5170.725652185811,4938.387189611065,0.04596614286747799,4148418500.0,0.9974837398878633,-9.235915377107073,-8481530000,2.033876641632957,4.887550086184919,13.430518942686001,-0.1599082727505603,35.40428678994309,0.5410659552187239,0.7294973594092268,1.0
2024-03-08,5164.4599609375,5189.259765625,5117.5,5123.68994140625,4208870000,5119.08193359375,5104.62294921875,5060.84541015625,4924.016005859375,4700.5869970703125,4551.368046875,5105.9855533015725,5059.762584199483,4934.31562132727,4590.73441064635,64.13524397626266,0.6350866104388427,60.054941800335655,61.61896079824098,-1.5640189979053218,2.8481701851054364,34.89013671875,47.840053013392854,12.650596499808806,11.34037569415697,5177.718932038493,4943.971888274007,0.04618735108869277,4141769000.0,1.0162010483926072,1.713154727669064,-12690400000,1.2417793107033384,4.0551033000151016,12.574722339236224,-1.2635679688479171,34.52029733048798,0.13766923085589625,1.402242611138251,1.0
2024-03-11,5111.9599609375,5124.66015625,5091.14013671875,5117.93994140625,3896430000,5116.4798828125,5109.46396484375,5065.4119140625,4930.743203125,4708.03009765625,4556.229846191406,5108.376430922508,5065.303284885842,4941.516575055857,4595.980236823065,68.09734573668806,0.8720778871244307,57.529821540225385,60.801132946637864,-3.2713114064124795,0.6076267990447803,48.41015625,46.62363978794643,12.561967421055748,11.338983769897387,5183.780561428809,4947.043266696191,0.046736040177777625,4140941000.0,0.940952793097028,-7.423370168239929,-16586830000,1.0369941918824583,3.796521752798009,12.32839681440528,-1.3743737534819702,34.36933352930253,-0.22893618862367351,0.6583990742956394,1.0
2024-03-12,5134.2998046875,5179.8701171875,5114.47998046875,5175.27001953125,4080510000,5135.80390625,5119.17294921875,5073.083422851562,4938.5816015625,4716.050795898437,4561.529995117187,5121.755148644256,5075.7763072330235,4950.683376799991,4601.744314262948,71.76016897305811,1.0,59.469180029708696,60.534742363252036,-1.0655623335433404,1.6992261075803983,97.08984375,48.636509486607146,13.049342549932335,11.24062520635048,5199.196268151373,4946.970577551751,0.049718419662384876,4154679500.0,0.9821479611122832,4.724324574033156,-12506320000,2.0142896964672614,4.792639609191948,13.454696671314895,-0.269590398738982,35.8745103146953,0.3196571954448301,1.2785295273119222,1.0
2024-03-13,5173.490234375,5179.14013671875,5151.8798828125,5165.31005859375,4282890000,5147.91396484375,5128.727978515625,5083.6904296875,4946.491201171875,4724.557895507813,4566.600146484375,5130.466130634155,5084.303331172141,4959.100109419353,4607.351933609524,61.20590833855238,0.12550655880299358,59.51638218993321,60.331070328588275,-0.8146881386550646,1.8893324922944155,95.55029296875,42.54150390625,11.831189581181368,11.261160929497937,5202.8298606556145,4964.5509987193855,0.046871237584558495,4153714500.0,1.031098791214466,4.959674158377259,-16789210000,1.6055192587969453,4.42371872348695,13.110627007058975,-0.4615245355397134,34.57496330963765,-0.03439018929511245,0.5291321716795958,1.0
2024-03-14,5175.14013671875,5176.85009765625,5123.2998046875,5150.47998046875,4687970000,5146.53798828125,5134.148974609375,5091.183422851563,4954.64419921875,4733.2826953125,4571.325295410156,5134.468900601074,5090.605869200389,4966.6052024016835,4612.756192782253,58.51133645521005,0.0,57.69208839449766,59.80327394177016,-2.1111855472724983,1.4237345305767368,54.2099609375,44.252232142857146,11.614576969640721,11.29250483137773,5207.132356618256,4975.234489084869,0.045548912359457246,4195833000.0,1.1172918464581407,9.458099554272925,-21477180000,1.1646910490601696,3.9525700206864363,12.669294955668425,-0.7473086125527447,34.18858626800576,0.19030954605803913,1.0452305156874642,1.0
2024-03-15,5123.31005859375,5136.85986328125,5104.35009765625,5117.08984375,7753670000,5145.21796875,5132.149951171875,5095.551416015625,4962.889794921875,4742.2119921875,4575.88314453125,5130.993089230859,5093.128152490828,4972.506560885931,4617.774438065514,56.31672401694957,0.0,52.94173803709691,58.43096676083552,-5.489228723738606,0.9335763490395887,-19.990234375,45.49365234375,11.826085259307053,11.39041061231068,5208.290301265615,4982.8125307656355,0.044249925492124254,4376618000.0,1.7716122357491562,65.39504305701615,-29230850000,0.42269081353350807,3.1070617160571468,11.827371506756231,-1.390755620928292,32.42608780535268,-0.5275221334328386,0.6369031317018677,1.0
2024-03-18,5154.77001953125,5175.60009765625,5145.47021484375,5149.419921875,4036220000,5151.51396484375,5133.996923828125,5102.743920898438,4972.10458984375,4751.535791015625,4580.73109375,5134.6784557596875,5098.489273384559,4979.444339748247,4623.064442879539,58.90182784637744,0.16739165625123986,51.19566649027638,56.983906706723694,-5.7882402164473135,1.0429177053032035,18.4697265625,48.001534598214285,11.77647051416073,11.398481348438983,5209.508052177218,4995.979789619658,0.041845772758270075,4386765500.0,0.9200902122531965,-47.9443927843202,-25194630000,0.9147235624621334,3.566202778466142,12.414804896557357,-0.7677365472029255,31.993425117847114,0.7363594725090173,0.5855613103265226,1.0
2024-03-19,5139.08984375,5180.31005859375,5131.58984375,5178.509765625,4031760000,5152.1619140625,5143.98291015625,5112.8939208984375,4981.72998046875,4760.844086914062,4585.518542480469,5143.44471773275,5106.110272645554,4987.250827037532,4628.591262011334,62.9214917268107,0.42767450712146066,51.564792654559824,55.90008389629092,-4.335291241731099,0.8064831941479333,99.85986328125,50.065115792410715,11.523912897156853,10.927077799836834,5206.516608955752,5019.271232841123,0.03662219068330037,4386609500.0,0.9191062026378232,-0.11049942768233123,-21162870000,1.2833406235628,3.9500291249774686,12.931824779488549,-0.20715864083757732,32.471167259839376,-0.20060663689743574,0.9494175553233,1.0
2024-03-20,5181.68994140625,5226.18994140625,5171.5498046875,5224.6201171875,4064850000,5164.02392578125,5155.9689453125,5125.034936523438,4990.95158203125,4771.222587890625,4590.229792480469,5159.6797976237,5117.396924506692,4996.559426651257,4634.521897386222,64.571638906782,0.5345254840026645,54.9446797437613,55.709003065785,-0.7643233220236993,1.8255862619866114,119.8603515625,50.889404296875,11.772712141022879,10.884003678368378,5209.619029951011,5040.450843095865,0.033008201690406615,4400432500.0,0.9237387461346129,0.8207333769867153,-17098020000,1.9431122304039479,4.681843358238914,13.820448068771285,-0.0300376418834788,33.65071357155879,0.06141102218943448,1.0565524607193013,1.0
2024-03-21,5253.43017578125,5261.10009765625,5240.66015625,5241.52978515625,4207730000,5182.23388671875,5164.3859375,5132.759936523437,5000.652177734375,4782.2655859375,4595.068491210937,5176.04979513021,5129.219101711412,5006.166107376943,4640.5617768665215,62.53867174357249,0.4028859975417516,58.315508614646205,56.230304175557244,2.0852044390889617,3.2071492610138863,84.169921875,50.197265625,9.545377879582677,10.889144446157871,5230.00284758112,5035.517025465755,0.03789108092343302,4408233500.0,0.9545161344107566,3.5150128541028502,-12890290000,2.1191298634255933,4.8169238503408245,14.06858886177235,-0.37198137531575026,34.083278837471006,0.551428772763271,0.39002608062408645,1.0
2024-03-22,5242.47998046875,5246.08984375,5229.8701171875,5234.18017578125,3374700000,5205.651953125,5175.4349609375,5140.028955078125,5009.66677734375,4793.433686523437,4599.820141601563,5187.675871260419,5139.2153944799675,5015.10783554966,4646.468427601992,62.3560655561413,0.39106181013083574,59.70561357913175,56.92536605627215,2.7802475228595966,2.535288947929648,110.490234375,49.74940708705357,9.593427584130165,10.892856233623483,5244.8733730880385,5035.184537068212,0.040795263577778657,4393329000.0,0.7681418805648291,-19.797610588131842,-16264990000,1.8317254927155093,4.4816034362377755,13.790974747956476,-0.511678572452793,33.89526889312893,0.018128205914061682,0.3101363169459088,1.0
2024-03-25,5219.52001953125,5229.08984375,5216.08984375,5218.18994140625,3331360000,5219.40595703125,5185.4599609375,5147.461962890625,5018.425771484375,4803.9473876953125,4604.573491210937,5193.778685289585,5146.736779901518,5023.0718397009,4652.157198883627,68.29218022705044,0.7754394336325886,58.8387470504058,57.30804225509888,1.5307047953069173,1.1794809696738628,100.25,45.746547154017854,9.544027709190459,10.933421009093944,5252.340525913746,5042.583399867503,0.040749621378154084,4375700500.0,0.7613318141860943,-1.2842623047974677,-19596350000,1.3740359622960079,3.980614220837375,13.326238605303272,-0.8156118578529974,33.48622360630228,-0.28008505167309866,0.24922883595605247,1.0
2024-03-26,5228.85009765625,5235.16015625,5203.419921875,5203.580078125,3871790000,5224.42001953125,5188.290966796875,5153.731958007813,5026.820771484375,4814.045190429688,4609.121740722656,5195.738963856668,5152.150427351374,5030.150594148904,4657.643993701949,63.356987101304654,0.45587387427896114,56.32359190659918,57.11115218539895,-0.7875602787997735,1.55923050833211,28.31005859375,44.49082728794643,9.661214718800457,10.966187340926863,5256.1353982466135,5051.328517769012,0.039739528975575554,4372992500.0,0.8853868375031514,16.22250372220355,-23468140000,0.9672237617971898,3.5163240281676047,12.897431893589777,-1.0933078341709257,31.68519635547124,0.20428839060479265,0.6099879473798595,1.0
2024-03-27,5226.31005859375,5249.259765625,5213.919921875,5248.490234375,3850500000,5229.19404296875,5196.608984375,5162.668481445313,5036.4709765625,4824.151494140625,4613.869892578125,5206.289217960335,5161.32564706791,5038.712932981301,4663.523060773323,62.57907627853183,0.4055022878237559,57.29374103146165,57.14766995461149,0.14607107685016274,2.5508367519623265,83.18017578125,43.406494140625,9.937513256662374,11.027549512648166,5265.411164159841,5059.925798730785,0.03980216164713521,4376049000.0,0.8799033100406325,-0.549874864080957,-19617640000,1.6623525844847769,4.2096789358887055,13.754621534034289,-0.23968111321180766,32.82172210415677,0.4368142726255549,0.6777979769449793,1.0
2024-03-28,5248.02978515625,5264.85009765625,5245.81982421875,5254.35009765625,3998270000,5231.75810546875,5206.99599609375,5170.572485351562,5046.773779296875,4833.517197265625,4618.4469921875,5215.901393899519,5170.185118552514,5047.169292380318,4669.401936762209,69.53534279857263,0.855937183652442,57.86836273256267,57.291808510201726,0.5765542223609472,1.5280377222165242,103.8701171875,39.640101841517854,9.853122344047692,10.923644589421826,5276.092328330119,5065.052642373005,0.040815535717756125,4314975500.0,0.9266031753830352,3.837683417737958,-15619370000,1.6202773008604594,4.113049790559371,13.76876483684743,-0.19943587766486034,31.37418794627665,-0.00877298419523174,0.3627702451700987,1.0
2024-04-01,5257.97021484375,5263.9501953125,5229.2001953125,5243.77001953125,3325930000,5233.67607421875,5219.664013671875,5175.906982421875,5056.030380859375,4842.3714990234375,4622.820793457031,5221.475119025865,5177.193204360012,5054.87912481761,4675.117042063393,68.5453320744289,0.7918316212628705,56.815101562682685,57.19646712069792,-0.38136555801523286,1.5189787263005128,126.68017578125,39.727957589285715,9.621409548283054,10.762295254339397,5285.0236051931915,5066.7903596505585,0.042163285832567045,4243866500.0,0.7837027861267549,-16.8157728217454,-18945300000,1.3111332436971461,3.7131825667543654,13.43225822106467,-0.4003927506764951,30.0505913178919,0.06889752529270529,0.6645375717523724,1.0
2024-04-02,5204.2900390625,5208.33984375,5184.0498046875,5205.81005859375,3886590000,5231.20009765625,5225.30302734375,5179.649975585938,5063.350380859375,4850.769799804688,4626.98689453125,5218.342106939443,5179.918619048939,5060.797984965694,4680.397569591058,54.77367297905403,0.0,52.314286365482076,56.22003096965476,-3.905744604172682,1.074270326936877,56.39013671875,39.322963169642854,10.03963887637586,10.870094141604293,5287.400622216946,5071.899328954929,0.04160537763705536,4200274000.0,0.92531820543136,16.857239929884283,-22831890000,0.5050550352073359,2.8135457161508155,12.509721277720178,-1.121400191218793,28.593131426679502,-0.7528930582710641,0.46855335071311555,1.0
2024-04-03,5194.3701171875,5228.75,5194.3701171875,5211.490234375,3703250000,5232.78212890625,5228.60107421875,5186.2919921875,5070.57158203125,4859.100903320313,4630.915146484375,5216.971732426555,5182.925439556183,5066.70748494253,4685.682073718262,57.31624865204402,0.17224173850766342,48.644951884521106,54.70501515262803,-6.060063268106923,1.8448061985915754,32.98046875,39.831508091517854,9.165153604343544,10.870902112027798,5283.710155822712,5088.873828552288,0.03756755839507709,4164516000.0,0.8892389895968703,-4.717245708963381,-19128640000,0.48586238926497,2.7791472827861896,12.536940745532263,-1.0135115395783858,28.73344226832443,-0.2197533386252721,0.661868177216356,1.0
2024-04-04,5244.0498046875,5256.58984375,5146.06005859375,5147.2099609375,4075680000,5212.52607421875,5220.86005859375,5188.414501953125,5076.223779296875,4866.745205078125,4634.603247070312,5203.0193781287435,5179.523965402022,5069.8644447854695,4690.274391004025,49.552113832774005,0.0,40.08798765075426,51.78160965225328,-11.693622001499023,-0.04291669685185795,-77.41015625,43.90147181919643,10.242488236385933,10.94425394650955,5280.030081670544,5096.798922235706,0.03531544354558836,4140347500.0,0.9843811419210585,10.056841963140496,-23204320000,-0.7941644022487825,1.3984052856404445,11.060422792203923,-2.2344441823921977,27.14560069184474,0.624765064275416,2.1478526075821622,0.0
2024-04-05,5158.9501953125,5222.18017578125,5157.2099609375,5204.33984375,3386780000,5202.5240234375,5217.141064453125,5190.763500976563,5082.939580078125,4875.3151025390625,4638.681396484375,5203.283471252995,5181.887382387544,5075.137989842902,4695.389470135827,61.2207092818515,0.5839194190812876,37.48433979850597,48.922155681503824,-11.437815882997853,0.49879365481668714,-37.18994140625,45.961495535714285,10.345978880500876,11.108339820925664,5281.430722028539,5100.096279924586,0.03493405971392022,4102787500.0,0.825482674888719,-16.902700898991085,-19817540000,0.2615480896188612,2.388386911929596,12.194380232587944,-1.1493252948110966,28.55681440233558,0.22808928456576233,1.259793867921938,1.0
2024-04-08,5211.3701171875,5219.56982421875,5197.35009765625,5202.39013671875,3278180000,5194.248046875,5213.962060546875,5194.698510742188,5089.1041796875,4883.1866015625,4642.864897460938,5203.104804346146,5183.840025657182,5080.128270112544,4700.434252887896,57.38961858143409,0.3922041208692553,34.86174060922622,46.11007266704831,-11.24833205782209,-0.42548510647921756,-31.7900390625,43.369315011160715,10.018593821665375,11.080781694525173,5279.767175083976,5109.629846400399,0.032752108391227636,4056253000.0,0.808179371454394,-3.206585606387191,-23095720000,0.14806684085046548,2.2260490850907813,12.051292717214366,-1.1863578217603055,28.508653034615456,0.1350848262905583,0.42752029678585646,1.0
2024-04-09,5217.02978515625,5224.81005859375,5160.77978515625,5209.91015625,3400680000,5195.06806640625,5213.13408203125,5199.297021484375,5095.482978515625,4891.170205078125,4647.0049975585935,5204.465874726917,5186.32289523745,5085.217755843424,4705.503664861648,54.661026776913175,0.2556600313634546,33.009600459329704,43.489978225504586,-10.480377766174882,-0.6032519169459905,-8.27978515625,44.462890625,9.995947582895013,11.072376009745323,5276.471886526646,5122.122156442105,0.029686653685438987,4031465500.0,0.8435344417557338,3.7368295822682196,-19695040000,0.20412634096050614,2.2456591105659762,12.113289290352414,-1.0435233745915686,28.694411417850525,0.28140235647020345,1.2407092746268265,1.0
2024-04-10,5167.8798828125,5178.43017578125,5138.7001953125,5160.64013671875,3845930000,5184.898046875,5208.840087890625,5198.56552734375,5100.137177734375,4897.819604492188,4651.066547851562,5195.700727125284,5183.876918235669,5088.175496269908,4710.032385974654,40.5911658306035,0.0,27.251943792851307,40.24237133897393,-12.990427546122625,-1.4049963240236218,-42.93994140625,45.646449497767854,9.873519481539974,11.296519741528709,5276.966877045158,5120.164177642341,0.03016268595212582,4019736500.0,0.9567617180877404,13.092969641365837,-23540970000,-0.7295356849022528,1.1863006204717885,10.956058865736335,-1.9793528591420122,27.477350859423506,-0.8067370103701104,0.7731523334440004,0.0
2024-04-11,5172.9501953125,5211.77978515625,5138.77001953125,5199.06005859375,3509380000,5195.26806640625,5203.8970703125,5200.25302734375,5105.618974609375,4904.78140625,4655.417749023438,5196.372593418978,5185.322931603106,5092.523910478686,4714.8983329658895,44.12606095314247,0.12212802341731246,25.495232835720344,37.292943638323216,-11.797710802602872,-0.36659997101110564,-49.43017578125,48.25571986607143,10.201118104974361,11.316866891120808,5277.077544401696,5123.428510285803,0.029546453472164235,3981061000.0,0.881518771000997,-8.750809297101092,-20031590000,-0.022940590462172103,1.830161718864342,11.677626775477913,-1.2496089697176318,28.42639394925326,0.23853743465199279,1.4207634384786074,0.0
2024-04-12,5171.509765625,5175.02978515625,5107.93994140625,5123.41015625,3963220000,5179.08212890625,5190.803076171875,5198.8995361328125,5111.1741796875,4910.93310546875,4659.142749023437,5181.780105985183,5179.426476807572,5093.735135803051,4718.963127227424,37.114073145046135,0.0,17.793598333785667,33.39307457741571,-15.599476243630043,-1.5406685526378472,-130.93994140625,53.605747767857146,11.46990423498486,11.702662396319967,5280.237508587174,5117.561563678451,0.03129045748587945,3944823500.0,1.004663453257161,12.932198849939303,-23994810000,-1.45202613280281,0.23939658740504488,9.96465298951988,-2.686495128687799,26.557701521943848,-0.5299091116135682,1.3134422980613534,0.0
2024-04-15,5149.669921875,5168.43017578125,5052.47021484375,5061.81982421875,3950210000,5150.96806640625,5172.608056640625,5196.13603515625,5114.28677734375,4916.411103515625,4662.567548828125,5157.788049631897,5168.225843227684,5092.483554956608,4722.374636650223,33.5541884063925,0.0,6.64358927896501,28.04317751772557,-21.39958823876056,-3.5566496615284104,-181.9501953125,60.596435546875,12.03121350809777,11.913121361132715,5291.690533545949,5100.581536766551,0.03677905957164785,3754650500.0,1.0520846081412905,-0.32826842819727586,-27945020000,-2.584924837008446,-1.0258899316602332,8.562927425919478,-3.8563353119566095,25.036306470575642,0.512544668963619,2.295114191803031,0.0
2024-04-16,5064.58984375,5079.83984375,5039.830078125,5051.41015625,4006200000,5119.26806640625,5157.16806640625,5191.235546875,5116.142783203125,4921.45140625,4665.8423999023435,5136.5124709555175,5157.100539706,5090.8728334387015,4725.648621919872,33.85327831650153,0.008312404511791707,-2.998284083759245,21.83488519742861,-24.833169281187853,-3.862322411610397,-154.39990234375,61.18711635044643,11.763684257057506,11.692851906349361,5305.163995657184,5077.307098092816,0.04389261390798051,3753149500.0,1.067423506577609,1.4173929993595236,-31951220000,-2.6934896203885743,-1.2652623215608738,8.263625800042593,-4.054055432675413,24.77916842939725,0.054723787638520496,0.7938713211514681,0.0
2024-04-17,5068.97021484375,5077.9599609375,5007.25,5022.2099609375,3596130000,5091.58203125,5138.2400390625,5183.420556640625,5117.73078125,4926.291606445313,4668.701550292969,5113.651968951914,5144.253817918524,5088.180171771988,4728.599481014575,25.161331126509324,0.0,-12.84765020103714,14.898378117735458,-27.7460283187726,-4.22520548705444,-189.2802734375,62.97499302455357,11.612633154831881,11.764115193440192,5320.179858138912,5046.661255142339,0.05276797435356873,3731368000.0,0.9637564560772349,-10.235884379212223,-35547350000,-3.110119928366491,-1.866468253126231,7.571878537028091,-4.608680821259583,24.05786962839579,0.3476268616204788,1.4121515989315492,0.0
2024-04-18,5031.52001953125,5056.66015625,5001.89013671875,5011.1201171875,3619760000,5053.99404296875,5124.6310546875,5172.745556640625,5118.868583984375,4930.836606445312,4671.479201660156,5093.1455985990315,5131.574417848902,5085.158208847106,4731.41063162326,23.603847070980052,0.0,-21.30263796869258,7.6581749004498505,-28.96081286914243,-3.739858719679101,-136.08984375,65.52783203125,10.943641780099751,11.767541307042732,5328.038611517293,5017.452501763957,0.06004279668359377,3709113500.0,0.9759097423144372,0.6570952663001561,-39167110000,-3.12455808396829,-2.104927388329366,7.270521838278593,-4.819320128064099,23.783929988110426,0.18537772546674022,1.0949864558036704,0.0
2024-04-19,5005.43994140625,5019.02001953125,4953.56005859375,4967.22998046875,3878750000,5022.7580078125,5100.920068359375,5159.03056640625,5118.311982421875,4934.9155078125,4674.081252441406,5067.9624749729755,5115.92256666984,5080.533572440112,4733.757092805802,22.012385920454165,0.0,-31.185358516714587,-0.11053178298303656,-31.07482673373155,-4.686955993798259,-237.10986328125,67.72140066964286,11.001228594571517,11.92025918569831,5335.721819015276,4982.339313797223,0.06849785064642812,3692664500.0,1.0503932864737644,7.154894247132404,-43045860000,-3.717764092859542,-2.951793530210638,6.271793582412033,-5.652964693524538,22.69976247990638,-0.1133514194115548,1.321473044905066,0.0
2024-04-22,4987.330078125,5038.83984375,4969.39990234375,5010.60009765625,3820250000,5012.5140625,5081.741064453125,5147.8515625,5118.56578125,4939.51720703125,4677.076303710937,5056.489999509631,5105.891855335213,5077.791083232903,4736.5117495704835,30.457514806320233,0.2153912272153097,-35.11311759189812,-7.111048944766053,-28.002068647132063,-2.6540565533170524,-191.7900390625,68.57066127232143,11.71799121526487,12.001577457809136,5332.629541224972,4963.073583775028,0.0717883864682518,3714942000.0,1.0283471451236654,-1.5082178536899749,-39225610000,-2.6661892476381985,-2.1092956153702906,7.131031702020439,-4.8291973234562615,23.7710845444285,0.4046540573978655,1.3973506413420178,0.0
2024-04-23,5028.85009765625,5076.1201171875,5027.9599609375,5070.5498046875,3751400000,5016.3419921875,5067.805029296875,5140.469555664063,5119.444580078125,4944.673803710937,4680.434301757812,5059.301960545205,5102.525945749717,5077.50711152524,4739.835511312942,37.2733060674522,0.38922654269943135,-33.00795941079468,-12.29043103797178,-20.717528372822905,-2.570739864791327,-139.3603515625,70.79495675223214,12.728173816176088,12.228228632175643,5325.2123216178625,4955.726789710263,0.07187777846101225,3735944000.0,1.0041371069801903,-1.8022380734245114,-35474210000,-1.3601821821806357,-0.9550796893259628,8.335027858059533,-3.6905189960725857,25.251953125588937,0.3642278298868152,0.9578468528818631,0.0
2024-04-24,5084.85986328125,5089.47998046875,5047.02001953125,5071.6298828125,3656740000,5026.2259765625,5058.90400390625,5133.872045898437,5120.440380859375,4949.884301757813,4683.744802246094,5061.767544998664,5099.58346356522,5077.2766319678785,4743.136947845276,42.29591552324146,0.5173271352571405,-30.8962997955623,-16.011604789489887,-14.884695006072413,-2.5134649741728743,-89.01025390625,65.93282645089286,12.730194351923382,12.14282594643647,5318.549514549001,4949.194577247873,0.07194471034707887,3725191500.0,0.9816247030521786,-2.5233246254731556,-31817470000,-1.2123824382351673,-0.9532480493149148,8.281516114635354,-3.670004107614872,25.278633051809052,0.282219071796139,0.8412877455049909,0.0
2024-04-25,5019.8798828125,5057.75,4990.580078125,5048.419921875,3958050000,5033.6859375,5043.839990234375,5123.8685302734375,5122.345380859375,4954.690502929688,4686.790603027343,5059.098020373931,5094.710745309008,5076.144996277962,4746.174589377911,32.925968542940126,0.3084916993669584,-30.741277894931955,-18.957539410578303,-11.783738484353652,-3.099674073674197,-150.64013671875,66.36708286830357,12.223397081322691,12.18537113852864,5304.023858080704,4943.713202466171,0.07032004304671416,3730569000.0,1.0609775613317969,8.239852983805251,-35775520000,-1.472493057787553,-1.4431955186116807,7.715926515131036,-4.110851624770819,24.705304112863807,-1.020382030939958,1.345934156420475,0.0
2024-04-26,5084.64990234375,5114.6201171875,5073.14013671875,5099.9599609375,3604140000,5060.23193359375,5041.494970703125,5116.1490234375,5124.332177734375,4959.743803710938,4689.929602050781,5067.270408486645,5095.210670606961,5077.078916460689,4749.6948418312395,39.88223911594451,0.5473383493682273,-26.158037929111742,-20.397639114284992,-5.76039881482675,-1.175826528757573,-23.4501953125,69.508544921875,12.924734280456457,11.840749388491314,5285.680942306141,4946.617104568858,0.0662732528282511,3710862500.0,0.9712405134924832,-8.941524235418951,-32171380000,-0.3164306283072719,-0.47561742587208833,8.7427828065356,-3.131905631884069,25.978438349861037,0.7176498989666863,0.8176391613652287,0.0
2024-04-29,5114.1298828125,5123.490234375,5088.64990234375,5116.169921875,3447450000,5081.3458984375,5046.92998046875,5109.769018554687,5126.0609765625,4965.207705078125,4692.960251464844,5077.050311164316,5097.206789775345,5078.611897065171,4753.34136004063,40.896883185360664,0.8539737170321778,-20.97598081068736,-20.513307453565467,-0.4626733571218935,-1.594329278457507,54.35009765625,67.42354910714286,13.027646283286447,11.604358705701037,5268.327579706669,4951.210457402705,0.062060950534641036,3716938500.0,0.9274971861923462,-4.347500374569247,-28723930000,0.12526795823979098,-0.1929562432582156,9.017968355433156,-2.824015366504696,26.37885434925314,0.277843786687204,0.6846674992359586,0.0
2024-04-30,5103.77978515625,5110.830078125,5035.31005859375,5035.68994140625,4082470000,5074.37392578125,5045.357958984375,5101.263012695313,5126.66337890625,4969.892802734375,4695.6116015625,5068.778237212703,5091.348042311622,5076.928683117763,4756.150798661184,38.55955693531426,0.7482777507763936,-23.096977455461456,-21.030041453944666,-2.0669360015167904,-1.7121450785418935,-15.72021484375,68.11282784598214,13.884013735805786,11.901909014778296,5256.3423932718915,4946.183632118734,0.06080038617520363,3726732500.0,1.0954556035347318,18.41999158798533,-32806400000,-1.2854281601609947,-1.7745155235725383,7.242471667175073,-4.352643513098599,24.390850063820142,-0.24217602049873277,1.499808723841349,0.0
2024-05-01,5029.02978515625,5096.1201171875,5013.4501953125,5018.39013671875,4544170000,5063.7259765625,5044.9759765625,5091.6080078125,5127.520986328125,4974.583305664062,4698.089602050782,5058.700617113913,5084.399670350396,5074.633053847214,4758.760145308523,32.79234851712059,0.5314638432151905,-25.875554944751457,-21.999144152106023,-3.8764107926454336,-0.8579856456408574,-3.81982421875,68.80283900669643,13.858052074648766,11.90511179551421,5241.758219350101,4941.457796274898,0.05897948597268797,3768778500.0,1.205740799041387,11.309329890972863,-37350570000,-1.4380107616573201,-2.1283355036548572,6.817676157733405,-4.681234154173096,23.963512909218597,-0.13225906136985285,1.6489626635225203,0.0
2024-05-02,5049.31982421875,5073.2099609375,5011.0498046875,5064.2001953125,4381660000,5066.88203125,5050.283984375,5087.45751953125,5129.168994140625,4979.369409179688,4700.635703125,5059.80053275363,5082.475910822977,5074.22392213997,4761.799349786174,44.02076475356648,1.0,-24.10326135258765,-22.41996759220235,-1.6832937603853004,0.25319739769449345,53.080078125,66.73427036830357,13.793785769870068,12.035444401806163,5235.713513323638,4939.201525738862,0.0582829412228873,3784077500.0,1.157920259297015,-3.576230642779654,-32968910000,-0.45715023918062886,-1.2666535047362018,7.734368607756628,-3.8111227978375526,25.095106036725305,0.6163268828721081,1.2404617529814481,0.0
2024-05-03,5122.77978515625,5139.1201171875,5101.22021484375,5127.7900390625,3924990000,5072.448046875,5066.339990234375,5083.630029296875,5129.98419921875,4984.603608398437,4703.446052246094,5073.398434015405,5086.791542083884,5076.324554176148,4765.441048186934,56.63511507964181,1.0,-17.36733711254419,-21.40944149627072,4.042104383726528,2.1022633252332446,160.56005859375,63.80283900669643,13.966331084711525,12.185194471781296,5222.858338079006,4944.401720514745,0.05477515396665776,3810988000.0,1.0299140275435137,-10.42230570149213,-29043920000,0.8686708023819836,-0.042771284882016626,9.021980524551012,-2.603304102708735,26.66589272365923,1.1567392201037423,0.7429575816677593,0.0
2024-05-06,5142.419921875,5181.0,5142.419921875,5180.740234375,3683250000,5085.362109375,5083.35400390625,5082.547534179687,5131.8230078125,4990.186611328125,4706.675402832031,5094.866794087324,5095.7390365878,5080.419286732967,4769.57337839776,61.98233150326986,1.0,-7.668038015074671,-18.661160800031514,10.993122784956842,3.384874303964991,170.14013671875,64.74571010044643,14.504422534649494,12.350850138454044,5218.178203155142,4946.916865204233,0.0533711364481494,3831241500.0,0.9613724428491391,-6.1589965834307865,-25360670000,1.9319583247372576,0.9532134387337681,10.072180275226152,-1.5975737527397627,26.831889969394634,0.28530580817569395,0.7502319668778265,0.0
2024-05-07,5187.2001953125,5200.22998046875,5178.9599609375,5187.7001953125,3987890000,5115.76416015625,5095.06904296875,5081.437036132813,5134.186416015625,4995.626611328125,4709.932204589843,5113.43347433236,5104.497242180629,5084.626381187066,4773.733844237709,65.99156739291269,1.0,0.5737235522028641,-14.81418392958464,15.387907481787504,4.438494205233967,117.150390625,61.214285714285715,14.502927035412313,12.305716813471422,5212.97902684013,4949.8950454254955,0.05177353956054383,3860602000.0,1.0329710236900878,8.270956356478653,-21372780000,2.091202910201911,1.042303005008622,10.143840080268465,-1.4653769986365761,26.562613912678025,0.12469185184459117,0.4107005980289464,0.0
2024-05-08,5168.97998046875,5191.9501953125,5165.85986328125,5187.669921875,3842100000,5149.6201171875,5106.673046875,5082.788525390625,5136.3762109375,5000.432412109375,4713.097353515625,5128.280763840888,5112.418449770568,5088.667304351298,4777.8526111793735,67.43288147295299,1.0,7.02199101813585,-10.446948940040542,17.468939958176392,3.5339045377334344,116.0400390625,59.165736607142854,14.081901804478807,12.302404567395836,5218.253741102856,4947.323309678394,0.05330350260906048,3860410500.0,0.9952568515705777,-3.655817988961585,-25214880000,2.0634617387768346,0.9986361752138394,10.069229060277701,-1.4659520090725517,26.56187534158913,-0.36085768527381756,0.5050530351529503,0.0
2024-05-09,5189.02978515625,5215.2998046875,5180.41015625,5214.080078125,3727370000,5179.59609375,5123.2390625,5083.539526367187,5139.2626171875,5005.37771484375,4716.330454101562,5145.440626697711,5122.100509613848,5093.585452342424,4782.1931829897785,75.24596827755789,1.0,14.100822824571878,-5.537394587118059,19.638217411689936,2.830664897617474,165.66015625,56.982142857142854,13.948085511136519,11.967826288089114,5221.855365936195,4945.223686798179,0.05441713941697296,3871310000.0,0.9628187874388773,-2.9861273782566866,-21487510000,2.567906693372366,1.4558014740730352,10.5537478526461,-0.9643203242168521,27.20619522959316,0.026213373281823975,0.6734920090334304,0.0
