date,open,high,low,close,volume,sma_5,sma_10,sma_20,sma_50,sma_100,sma_200,ema_9,ema_20,ema_50,ema_200,rsi_14,stoch_rsi,macd,macd_signal,macd_hist,roc_12,momentum_10,atr_14,volatility_20d,volatility_60d,bollinger_upper,bollinger_lower,bollinger_width,volume_sma_20,relative_volume,volume_change_pct,obv,dist_sma_20_pct,dist_sma_50_pct,dist_sma_200_pct,dist_52w_high_pct,dist_52w_low_pct,gap_pct,intraday_range_pct,trend_strength
2021-08-16,0.04800000041723251,0.05999999865889549,0.04500000178813934,0.057999998331069946,0,0.057999998331069946,0.057999998331069946,0.057999998331069946,0.057999998331069946,0.057999998331069946,0.057999998331069946,0.057999998331069946,0.057999998331069946,0.057999998331069946,0.057999998331069946,50.0,0.5,0.0,0.0,0.0,,,0.01499999687075615,,,,,,0.0,,,0,0.0,0.0,0.0,-3.3333339542150635,28.888880058571498,,33.33332505491078,0.0
2021-08-17,0.06499999761581421,0.06499999761581421,0.06300000101327896,0.06300000101327896,0,0.060499999672174454,0.060499999672174454,0.060499999672174454,0.060499999672174454,0.060499999672174454,0.060499999672174454,0.058999998867511755,0.0584761890627089,0.058196076867627164,0.05804974960153969,50.0,0.5,0.000398860612825791,7.97721225651582e-05,0.0003190884902606328,,,0.010999998077750206,,,0.0675710712772563,0.05342892806709261,0.2337544344924688,0.0,,,0,4.132233644051281,4.132233644051281,4.132233644051281,-3.0769179629149055,39.99999668863098,12.068964631322139,3.1745977307424083,0.0
2021-08-18,0.06499999761581421,0.06499999761581421,0.05000000074505806,0.054999999701976776,0,0.05866666634877523,0.05866666634877523,0.05866666634877523,0.05866666634877523,0.05866666634877523,0.05866666634877523,0.05819999903440476,0.05814512340930584,0.058070740508189896,0.05801940383139479,38.461547278790896,0.0,6.863608108598901e-05,7.754491426932437e-05,-8.908833183335357e-06,,,0.012333331008752188,245.25814719885614,245.25814719885614,0.06674957174957821,0.05058376094797225,0.2755535947023084,0.0,,,0,-6.250000000000004,-6.250000000000004,-6.250000000000004,-15.384612739438744,22.22221670327385,3.1745977307424083,29.999993294477562,0.0
2021-08-19,0.054999999701976776,0.054999999701976776,0.0430000014603138,0.0430000014603138,0,0.05475000012665987,0.05475000012665987,0.05475000012665987,0.05475000012665987,0.05475000012665987,0.05475000012665987,0.05515999951958657,0.056702730842735166,0.05747973113376338,0.057869957041632794,20.00000894069592,0.0,-0.001148133837202768,-0.0001675908360250941,-0.0009805430011776738,,,0.012249997816979885,265.66144889282884,265.66144889282884,0.07174999900527465,0.0377500012480451,0.6210045238095562,0.0,,,0,-21.461184729065504,-21.461184729065504,-21.461184729065504,-33.84614917300845,0.0,0.0,27.906971707287493,0.0
2021-08-20,0.0430000014603138,0.0430000014603138,0.03999999910593033,0.0430000014603138,0,0.052400000393390656,0.052400000393390656,0.052400000393390656,0.052400000393390656,0.052400000393390656,0.052400000393390656,0.05272799990773202,0.05539770899679028,0.05691189859754967,0.05772199728460475,20.00000894069592,0.0,-0.002088359455950907,-0.0005517445600102568,-0.0015366148959406502,,,0.010399998724460601,230.90887675743502,230.90887675743502,0.0704886693972722,0.034311331389509106,0.6904072087054075,0.0,,,0,-17.938929126921348,-17.938929126921348,-17.938929126921348,-33.84614917300845,7.500006053596871,0.0,7.500006053596871,0.0
2021-08-23,0.0430000014603138,0.0430000014603138,0.032999999821186066,0.03999999910593033,0,0.04880000054836273,0.05033333351214727,0.05033333351214727,0.05033333351214727,0.05033333351214727,0.05033333351214727,0.05018239974737168,0.053931260435756,0.05624868685278029,0.05754565899426968,17.857149509445875,0.0,-0.0030405209182149326,-0.001049499831651192,-0.0019910210865637405,,,0.01033333254357179,199.98076619935344,199.98076619935344,0.06941910425944137,0.03124756276485318,0.7583749938870232,0.0,,,0,-20.529803383126076,-20.529803383126076,-20.529803383126076,-38.46153757981291,21.212119159619657,0.0,30.303035434284187,0.0
2021-08-24,0.04800000041723251,0.05000000074505806,0.04800000041723251,0.04800000041723251,0,0.04580000042915344,0.05000000021287373,0.05000000021287373,0.05000000021287373,0.05000000021287373,0.05000000021287373,0.04974591988134385,0.05336637852922996,0.055925208953347044,0.05745067731688623,36.11111628512457,0.5679013061098305,-0.0031136898120419504,-0.0014623378277293438,-0.0016513519843126066,,,0.010285713842936925,244.2448236246227,244.2448236246227,0.06751190039505128,0.03248810003069617,0.7004760043048436,0.0,,,0,-3.999999574252534,-3.999999574252534,-3.999999574252534,-26.153842803289074,45.454547507047,20.000003725290384,4.166667313418449,0.0
2021-08-25,0.05000000074505806,0.05000000074505806,0.04500000178813934,0.04500000178813934,0,0.04380000084638595,0.04937500040978193,0.04937500040978193,0.04937500040978193,0.04937500040978193,0.04937500040978193,0.04879673626270295,0.052569580744364186,0.055496769456672236,0.05732678999819223,33.3333397013502,0.4814815722847088,-0.003374848353833615,-0.0018448399329501982,-0.0015300084208834167,,,0.009624999482184649,223.84133051149416,223.84133051149416,0.06596888841026924,0.03278111240929463,0.6721574830488429,0.0,,,0,-8.860756628522147,-8.860756628522147,-8.860756628522147,-30.769225478877487,36.363642521141024,4.166667313418449,11.111108351636926,0.0
2021-08-26,0.0430000014603138,0.0430000014603138,0.0430000014603138,0.0430000014603138,0,0.04380000084638595,0.04866666719317436,0.04866666719317436,0.04866666719317436,0.04866666719317436,0.04866666719317436,0.04763738930222512,0.051658192241121295,0.05500670012348171,0.0571842348883626,31.7073230566821,0.43089437731437036,-0.0037005441223706137,-0.0022159807708342816,-0.001484563351536332,,,0.008777777353922525,207.30123167821785,207.30123167821785,0.0647601432983579,0.032573191087990824,0.6613757231948151,0.0,,,0,-11.643833571688122,-11.643833571688122,-11.643833571688122,-33.84614917300845,30.303035434284187,-4.444444996339281,0.0,0.0
2021-08-27,0.0430000014603138,0.0430000014603138,0.0430000014603138,0.0430000014603138,0,0.04380000084638595,0.048100000619888304,0.048100000619888304,0.048100000619888304,0.048100000619888304,0.048100000619888304,0.04670991173384286,0.05083360264294916,0.05453584919551434,0.05704309823733724,31.7073230566821,0.43089437731437036,-0.00391354742680991,-0.0025554941020294077,-0.0013580533247805025,,,0.007899999618530273,194.9200875125563,194.9200875125563,0.06369059517446092,0.03250940606531569,0.6482575614822859,0.0,,,0,-10.60290871901937,-10.60290871901937,-10.60290871901937,-33.84614917300845,30.303035434284187,0.0,0.0,0.0
2021-08-30,0.04500000178813934,0.04500000178813934,0.03799999877810478,0.03799999877810478,0,0.04340000078082085,0.046100000664591786,0.04718181863427162,0.04718181863427162,0.04718181863427162,0.04718181863427162,0.04496792914269525,0.04961135465582112,0.05388738447326298,0.056853614660628465,28.260873614445302,0.32367148358720665,-0.004434692139389455,-0.002931333709501417,-0.0015033584298880381,,-0.019999999552965164,0.007818181745030663,189.2883630547377,189.2883630547377,0.06317727216619269,0.031186365102350556,0.6780346326159796,0.0,,,0,-19.460504325489076,-19.460504325489076,-19.460504325489076,-41.538461273943874,15.151512072762822,4.651163395125501,18.421061145054278,0.0
2021-08-31,0.03999999910593033,0.03999999910593033,0.03799999877810478,0.03999999910593033,0,0.04180000051856041,0.043800000473856925,0.04658333367357651,0.04658333367357651,0.04658333367357651,0.04658333367357651,0.043974343135342264,0.048695987460593435,0.05334278112552445,0.056685916993417546,31.250003880510093,0.41666666666666663,-0.0046329144135282,-0.003271649850306774,-0.0013612645632214257,,-0.023000001907348633,0.007333333293596904,185.07628506500626,185.07628506500626,0.062388012554892194,0.030778654792260832,0.6785550811826324,0.0,,,0,-14.132381795123544,-14.132381795123544,-14.132381795123544,-38.46153757981291,21.212119159619657,5.263158926673246,5.263158926673246,0.0
2021-09-01,0.03999999910593033,0.03999999910593033,0.03999999910593033,0.03999999910593033,0,0.040799999982118605,0.04230000041425228,0.04607692332221912,0.04607692332221912,0.04607692332221912,0.04607692332221912,0.04317947432945988,0.04786779809348266,0.05281953477181488,0.05651988795971121,31.250003880510093,0.41666666666666663,-0.004735420019608097,-0.003564403884167039,-0.001171016135441058,-31.034482315661073,-0.015000000596046448,0.006769230732550988,177.1409284254967,177.1409284254967,0.06164315900769342,0.030510687636744815,0.6756629810813772,0.0,,,0,-13.18865014877933,-13.18865014877933,-13.18865014877933,-38.46153757981291,21.212119159619657,0.0,0.0,0.0
2021-09-02,0.03500000014901161,0.03999999910593033,0.03500000014901161,0.03999999910593033,0,0.04019999951124191,0.04200000017881393,0.04564285730676992,0.04564285730676992,0.04564285730676992,0.04564285730676992,0.04254357928475397,0.04711848390419197,0.05231680788295666,0.056355510956191006,31.250003880510093,0.41666666666666663,-0.004761765779133849,-0.0038038762631604013,-0.0009578895159734475,-36.50793894828789,-0.0030000023543834686,0.0066428570342915395,170.1465508573345,170.1465508573345,0.06094709806543112,0.030338616548108717,0.6706083563436867,0.0,,,0,-12.363069566204873,-12.363069566204873,-12.363069566204873,-38.46153757981291,21.212119159619657,-12.49999767169351,14.285711244660995,0.0
2021-09-03,0.03999999910593033,0.03999999910593033,0.03500000014901161,0.03999999910593033,0,0.03959999904036522,0.04169999994337559,0.04526666676004728,0.04526666676004728,0.04526666676004728,0.04526666676004728,0.04203486324898924,0.0464405329710242,0.05183379577405367,0.05619276954474563,31.250003880510093,0.41666666666666663,-0.004728141906635404,-0.003988729391855402,-0.0007394125147800017,-27.272728504228205,-0.0030000023543834686,0.005928571469017437,163.92066043077241,163.92066043077241,0.06029932987037471,0.03023400364971985,0.6641824630036766,0.0,,,0,-11.634759152987499,-11.634759152987499,-11.634759152987499,-38.46153757981291,21.212119159619657,0.0,14.285711244660995,0.0
2021-09-07,0.03500000014901161,0.03999999910593033,0.032999999821186066,0.03500000014901161,0,0.038999999314546584,0.04120000004768372,0.04462500009685755,0.04462500009685755,0.04462500009685755,0.04462500009685755,0.04062789062899372,0.04535095841654681,0.051173646926012804,0.055981896217424894,20.83333495021266,0.14444418488147795,-0.005046776773387857,-0.004200338868161894,-0.000846437905225963,-18.604653580502006,-0.004999998956918716,0.005928571469017437,163.93233637657966,163.93233637657966,0.06002846313827233,0.029221537055442764,0.6903512832708982,0.0,,,0,-21.568627287294326,-21.568627287294326,-21.568627287294326,-46.15384394953229,6.0606070868568365,-12.49999767169351,21.212119159619657,0.0
2021-09-08,0.03999999910593033,0.03999999910593033,0.03799999877810478,0.03999999910593033,0,0.038999999314546584,0.0403999999165535,0.0443529412150383,0.0443529412150383,0.0443529412150383,0.0443529412150383,0.04050231232438104,0.04484134324410714,0.05073546465855859,0.05582287236556923,33.33333333333333,0.8478257911868058,-0.004840046033985149,-0.004328280301326545,-0.0005117657326586039,-6.976749424421014,-0.008000001311302185,0.005214285903743335,171.71341815166065,171.71341815166065,0.05943506961112302,0.029270812818953582,0.6800959748288791,0.0,,,0,-9.814325701656204,-9.814325701656204,-9.814325701656204,-38.46153757981291,21.212119159619657,14.285711244660995,5.263158926673246,0.0
2021-09-09,0.03500000014901161,0.03999999910593033,0.03500000014901161,0.03799999877810478,0,0.03859999924898148,0.03969999961555004,0.043999999968541995,0.043999999968541995,0.043999999968541995,0.043999999968541995,0.04000184961512579,0.044189786628297395,0.050236034624030985,0.05564553033982332,42.857139816089884,1.0,-0.0047824644718980555,-0.004419117135440847,-0.0003633473364572084,-5.000000931322591,-0.007000003010034561,0.004714285954833031,166.61169669421687,166.61169669421687,0.05893515431311022,0.029064845623973764,0.6788706525111903,0.0,,,0,-13.636366351652141,-13.636366351652141,-13.636366351652141,-41.538461273943874,15.151512072762822,-12.49999767169351,14.285711244660995,0.0
2021-09-10,0.03500000014901161,0.03799999877810478,0.03500000014901161,0.03799999877810478,0,0.038199999183416364,0.03919999934732914,0.04368421043220319,0.04368421043220319,0.04368421043220319,0.04368421043220319,0.03960147944772159,0.04360028302351714,0.04975619008105349,0.05546995291134851,42.857139816089884,1.0,-0.004682849692805337,-0.004471863646913745,-0.00021098604589159155,-20.833336567092243,-0.005000002682209015,0.004714285688740867,161.904811433416,161.904811433416,0.05845734916963703,0.02891107169476935,0.6763605701589313,0.0,,,0,-13.012050802475105,-13.012050802475105,-13.012050802475105,-41.538461273943874,15.151512072762822,-7.89473348831195,8.571424618059293,0.0
2021-09-13,0.03799999877810478,0.03799999877810478,0.032999999821186066,0.03799999877810478,0,0.03779999911785126,0.03869999907910824,0.04339999984949827,0.04339999984949827,0.04339999984949827,0.04339999984949827,0.039281183313798235,0.043066922619192156,0.049295162971133934,0.05529612252196301,46.87499963620213,1.0,-0.004551438117244885,-0.004487778540979974,-6.365957626491142e-05,-15.555561626398761,-0.005000002682209015,0.004357142640011651,157.575623369601,157.575623369601,0.058002091089214704,0.02879790860978184,0.672907432735175,0.0,,,0,-12.442398825160172,-12.442398825160172,-12.442398825160172,-41.538461273943874,15.151512072762822,0.0,15.151512072762822,0.0
2021-09-14,0.03500000014901161,0.03500000014901161,0.032999999821186066,0.03500000014901161,0,0.03779999911785126,0.038399999216198924,0.042249999940395355,0.04299999986376081,0.04299999986376081,0.04299999986376081,0.03842494668084091,0.04229864428869877,0.04873456835065855,0.05509417105556549,25.925924392884582,0.19555544947215903,-0.004635928219428667,-0.004517408476669713,-0.00011851974275895426,-18.604653580502006,-0.00299999862909317,0.003999999591282436,154.84368058914907,154.84368058914907,0.05557785063148826,0.028922149249302444,0.6309041756163465,0.0,,,0,-17.159762844051503,-18.604650558362845,-18.604650558362845,-46.15384394953229,6.0606070868568365,-7.89473348831195,6.0606070868568365,0.0
2021-09-15,0.03500000014901161,0.03500000014901161,0.03500000014901161,0.03500000014901161,0,0.03679999932646751,0.03789999932050705,0.040849999897181986,0.04263636351309039,0.04263636351309039,0.04263636351309039,0.03773995737447505,0.04160353532301428,0.048195957832946903,0.0548942290564953,29.166663432907754,0.31999983807404064,-0.004649293077613352,-0.004543785396858441,-0.00010550768075491112,-18.604653580502006,-0.004999998956918716,0.0036428568086453845,149.9010649143706,151.17629910053017,0.05032628685868705,0.03137371293567692,0.46395529916066314,0.0,,,0,-14.320684854087192,-17.910447174356776,-17.910447174356776,-46.15384394953229,6.0606070868568365,0.0,0.0,0.0
2021-09-16,0.032999999821186066,0.032999999821186066,0.02800000086426735,0.029999999329447746,0,0.03519999943673611,0.03689999934285879,0.03959999987855554,0.04208695637467115,0.04208695637467115,0.04208695637467115,0.0361919657654696,0.040498436656960325,0.04748239083280968,0.05464652527811671,25.925922604336577,0.1955553807919104,-0.005005641187693477,-0.004636156555025448,-0.00036948463266802886,-21.052630804995065,-0.009999999776482582,0.003999999591282436,151.75868375186653,153.9634030941101,0.04771496443278074,0.031485035324330335,0.4098466959147479,0.0,,,0,-24.24242570340625,-28.719009608633993,-28.719009608633993,-53.84615318485969,7.142851440882373,-5.7142866266017025,17.85713858066178,0.0
2021-09-17,0.029999999329447746,0.032999999821186066,0.02800000086426735,0.02800000086426735,0,0.03319999985396862,0.035699999518692495,0.03884999984875322,0.04149999989507099,0.04149999989507099,0.04149999989507099,0.03455357278522915,0.039308109438608616,0.046718375539925666,0.05438138573171025,24.137929262644278,0.12689643124886343,-0.0053873309955177265,-0.004786391443123904,-0.0006009395523938225,-29.999996274709616,-0.011999998241662979,0.004357142373919487,129.78057882770048,150.9772242192622,0.04830404439269015,0.02939595530481628,0.4866947017113224,0.0,,,0,-27.927925422718037,-32.53011822876427,-32.53011822876427,-56.923074013382625,0.0,0.0,17.85713858066178,0.0
2021-09-20,0.029999999329447746,0.029999999329447746,0.019999999552965164,0.02500000037252903,0,0.03060000017285347,0.034199999645352364,0.037949999794363976,0.04083999991416931,0.04083999991416931,0.04083999991416931,0.03264285830268913,0.037945432384696276,0.04586667455296894,0.054089033638584076,25.92592618143283,0.1955555181524169,-0.005864297909871766,-0.005001972736473476,-0.0008623251733982894,-37.49999767169351,-0.014999998733401299,0.0045714278572372025,133.47825505180722,150.011187662598,0.04902819099948191,0.026871808589246038,0.5838308967139009,0.0,,,0,-34.12384582873746,-38.785503366626216,-38.785503366626216,-61.53845955457906,25.00000465661298,7.142851440882373,50.0,0.0
2021-09-21,0.02500000037252903,0.02500000037252903,0.014999999664723873,0.019999999552965164,0,0.02760000005364418,0.03269999958574772,0.03694999981671572,0.04003846143873838,0.04003846143873838,0.04003846143873838,0.030114286552744337,0.036236343543579026,0.044852295141204084,0.05374983926957295,16.666664597060773,0.0,-0.006570020795215535,-0.005315582348221889,-0.0012544384469936462,-50.0,-0.015000000596046448,0.005142856455807175,149.97054668813658,158.52873456162826,0.050568485969344226,0.023331513664087217,0.7371305125943557,0.0,,,0,-45.87280202389226,-50.04803173177235,-50.04803173177235,-69.23076878990646,33.33333333333333,0.0,66.66667287548397,0.0
2021-09-22,0.019999999552965164,0.02500000037252903,0.017999999225139618,0.02500000037252903,0,0.025600000098347665,0.03119999971240759,0.035799999814480545,0.039481481399249146,0.039481481399249146,0.039481481399249146,0.029091429316701275,0.03516621562252664,0.04407377377772664,0.05346377122084615,28.57142933169193,0.394088741375716,-0.006649205089634014,-0.005582306896504314,-0.0010668981931296999,-37.49999767169351,-0.014999998733401299,0.005642856537763562,158.27415488717003,175.98347507188606,0.04937396876837523,0.02222603086058586,0.7583222918567851,0.0,,,0,-30.167596362900213,-36.67917340861359,-36.67917340861359,-61.53845955457906,66.66667287548397,0.0,38.88889693735593,0.0
2021-09-23,0.02500000037252903,0.03500000014901161,0.023000000044703484,0.02500000037252903,0,0.02460000030696392,0.029899999871850012,0.03479999974370003,0.03896428564829486,0.03896428564829486,0.03896428564829486,0.028273143527866827,0.03419800464633639,0.04332578266379732,0.053180549620365385,28.57142933169193,0.394088741375716,-0.0066354696497666205,-0.005792939447156776,-0.0008425302026098449,-28.57142781116525,-0.012999998405575752,0.0061428566197199485,158.20564753135622,172.84908606868743,0.048466708863738404,0.021133290623661656,0.7854430586605109,0.0,,,0,-28.16091794065352,-35.838679045247495,-35.838679045247495,-61.53845955457906,66.66667287548397,0.0,52.17391339558509,0.0
2021-09-24,0.02500000037252903,0.02800000086426735,0.02500000037252903,0.02500000037252903,0,0.024000000208616257,0.028600000031292438,0.03389999968931079,0.038482758569820176,0.038482758569820176,0.038482758569820176,0.027618514896799267,0.03332200423930712,0.04260712453472798,0.05290014614526254,28.57142933169193,0.394088741375716,-0.006549090377508504,-0.005944169633227122,-0.0006049207442813823,-37.49999767169351,-0.012999998405575752,0.005999999586492777,158.41595385322546,169.87552682783746,0.04766341353969295,0.020136585838928626,0.8120008245735758,0.0,,,0,-26.253685540852885,-35.03584123999079,-35.03584123999079,-61.53845955457906,66.66667287548397,0.0,12.000001788139317,0.0
2021-09-27,0.02500000037252903,0.02500000037252903,0.019999999552965164,0.02500000037252903,0,0.024000000208616257,0.027300000190734863,0.03299999963492155,0.03803333329657713,0.03803333329657713,0.03803333329657713,0.02709481199194522,0.03252943244247111,0.04191664907738685,0.052622532754489075,33.33333333333333,0.5517241752872948,-0.0064067808009244075,-0.00603669186676658,-0.00037008893415782767,-34.21052321998026,-0.012999998405575752,0.005857142553265605,158.41595385322546,167.04957840685572,0.046611139558015345,0.01938885971182775,0.8249175802226433,0.0,,,0,-24.24242227544357,-34.268184758923184,-34.268184758923184,-61.53845955457906,66.66667287548397,0.0,25.00000465661298,0.0
2021-09-28,0.029999999329447746,0.03500000014901161,0.02800000086426735,0.029999999329447746,0,0.026000000163912775,0.026800000108778477,0.0325999996624887,0.03777419349118587,0.03777419349118587,0.03777419349118587,0.027675849459445727,0.0322885340507546,0.04144932947942845,0.05239743291941404,33.33333333333333,0.5517241752872948,-0.005823412631243367,-0.005994036019661937,0.0001706233884185707,-21.052630804995065,-0.005000000819563866,0.006214285468948739,170.46305364079254,175.2003571321976,0.046061835608058085,0.019138163716919315,0.8258795144135718,0.0,,,0,-7.975461226868212,-20.580701911086816,-20.580701911086816,-53.84615318485969,100.0,19.99999552965171,24.999996673848052,0.0
2021-09-29,0.029999999329447746,0.03500000014901161,0.029999999329447746,0.029999999329447746,0,0.026999999955296516,0.02630000002682209,0.03209999967366457,0.03753124992363155,0.03753124992363155,0.03753124992363155,0.02814067943344613,0.032070578363011096,0.04100033614021352,0.05217457288369298,35.714286189450306,0.6305419205563386,-0.005299994120738352,-0.005855227639877221,0.0005552335191388686,-21.052630804995065,-0.005000000819563866,0.006214285601994821,168.90954069526725,172.36950888774138,0.04514082535436244,0.019059173992966708,0.812512511730447,0.0,,,0,-6.542057213600862,-20.066612781371163,-20.066612781371163,-53.84615318485969,100.0,0.0,16.66666977107532,0.0
2021-09-30,0.029999999329447746,0.029999999329447746,0.02500000037252903,0.02800000086426735,0,0.02760000005364418,0.02610000018030405,0.031499999761581424,0.037242424194559906,0.037242424194559906,0.037242424194559906,0.028112543719610375,0.03168290431551169,0.04049051907056857,0.05193402987852457,33.33333540293923,0.5517242437983827,-0.00498905363684439,-0.005681992839270655,0.000692939202426265,-19.9999978712627,-0.001999998465180397,0.006357142768268075,169.90275733806772,170.09468235981043,0.04410743190448758,0.01889256761867527,0.8004718881479262,0.0,,,0,-11.11110769461911,-24.816921911443725,-24.816921911443725,-56.923074013382625,86.66667660077435,0.0,19.99999552965171,0.0
2021-10-01,0.029999999329447746,0.032999999821186066,0.02500000037252903,0.02800000086426735,0,0.028200000151991846,0.02610000018030405,0.03089999984949827,0.03697058821425719,0.03697058821425719,0.03697058821425719,0.02809003514854177,0.03133215160586937,0.040000694827184206,0.05169588033609415,33.33333540293923,0.8750001004082113,-0.004688583985510433,-0.00548331106851861,0.000794727083008177,-19.9999978712627,0.0,0.006571428517677954,169.90275733806772,167.5339324896146,0.042933286099840366,0.018866713599156176,0.7788534827800319,0.0,,,0,-9.385110030277264,-24.26411854202108,-24.26411854202108,-56.923074013382625,86.66667660077435,7.142851440882373,31.999997317791024,0.0
2021-10-04,0.029999999329447746,0.029999999329447746,0.02800000086426735,0.02800000086426735,0,0.02880000025033951,0.02640000022947788,0.030299999937415122,0.03671428571854319,0.03671428571854319,0.03671428571854319,0.02807202829168689,0.03101480391619299,0.03953007937765805,0.0514601004408521,37.03703780355771,1.0,-0.004399742133490831,-0.005266597281513055,0.0008668551480222235,-6.666661699612819,0.0030000004917383194,0.006357142768268075,169.90275733806772,165.0853692282734,0.041596947873402755,0.01900305200142749,0.745673132628486,0.0,,,0,-7.590756032668114,-23.735406215119525,-23.735406215119525,-56.923074013382625,86.66667660077435,7.142851440882373,7.142851440882373,0.0
2021-10-05,0.032999999821186066,0.03799999877810478,0.032999999821186066,0.03500000014901161,0,0.029800000414252282,0.027900000289082526,0.030299999937415122,0.036666666674945086,0.036666666674945086,0.036666666674945086,0.029457622663151835,0.03139434641455667,0.03935242921182878,0.05129631834839597,50.0,1.0,-0.0035648975243392847,-0.004926257330078301,0.0013613598057390167,24.999996673848045,0.015000000596046448,0.007071428333542177,184.25477165352274,175.37955086760374,0.041596947873402755,0.01900305200142749,0.745673132628486,0.0,,,0,15.511551885492988,-4.545454160610499,-4.545454160610499,-46.15384394953229,133.33333954215064,17.85713858066178,15.151512072762822,0.0
2021-10-06,0.03500000014901161,0.03999999910593033,0.03500000014901161,0.03999999910593033,0,0.031800000369548796,0.029400000162422658,0.030299999937415122,0.03675675674064739,0.03675675674064739,0.03675675674064739,0.031566097951707534,0.032213932385163686,0.03937782410963668,0.05118391716190378,64.70588364196911,1.0,-0.002471331061639121,-0.004435272076390465,0.0019639410147513437,59.99999403953562,0.014999998733401299,0.006928571167268923,184.25477165352274,177.23344331603408,0.041596947873402755,0.01900305200142749,0.745673132628486,0.0,,,0,32.01319864208128,8.823527027063307,8.823527027063307,-38.46153757981291,166.66666666666669,0.0,14.285711244660995,0.0
2021-10-07,0.03999999910593033,0.04500000178813934,0.03799999877810478,0.03999999910593033,0,0.03420000001788139,0.030900000035762785,0.0303999999538064,0.036842105223944314,0.036842105223944314,0.036842105223944314,0.03325287818255209,0.03295546254904622,0.039402223129099176,0.05107263439517768,68.74999854480838,1.0,-0.0015863849035505154,-0.003865494641822475,0.0022791097382719597,100.0,0.014999998733401299,0.007071428599634341,183.25779405865984,174.77528935060243,0.04201487160800796,0.018785128299604836,0.7641362942007016,0.0,,,0,31.57894462734007,8.571426260228051,8.571426260228051,-38.46153757981291,166.66666666666669,0.0,18.421061145054278,0.0
2021-10-08,0.03999999910593033,0.04500000178813934,0.03999999910593033,0.03999999910593033,0,0.03659999966621399,0.03239999990910292,0.03049999997019768,0.03692307686194395,0.03692307686194395,0.03692307686194395,0.03460230236722774,0.03362637079255899,0.03942566532426903,0.050962458919662786,75.86206918699708,1.0,-0.0008749725585688387,-0.003267390225171748,0.002392417666602909,59.99999403953562,0.014999998733401299,0.006714285950043372,183.25779405865984,172.41667867814533,0.04242079037456317,0.018579209565832186,0.7816911748205638,0.0,,,0,31.14753818037816,8.333331091260469,8.333331091260469,-38.46153757981291,166.66666666666669,0.0,12.500006984919466,0.0
2021-10-11,0.03999999910593033,0.03999999910593033,0.03999999910593033,0.03999999910593033,0,0.038999999314546584,0.03389999978244305,0.030599999986588956,0.03699999991804361,0.03699999991804361,0.03699999991804361,0.035681841714968264,0.03423338301288007,0.03944818821766751,0.0508533797175361,91.66667184068173,1.0,-0.000307627016961326,-0.0026754375835296635,0.0023678105665683375,59.99999403953562,0.014999998733401299,0.006000000185200146,183.25779405865984,170.1510681094048,0.042815606137416175,0.018384393835761736,0.7984056311229376,0.0,,,0,30.71895138385982,8.1081059311671,8.1081059311671,-38.46153757981291,166.66666666666669,0.0,0.0,0.0
2021-10-12,0.03999999910593033,0.04500000178813934,0.03999999910593033,0.03999999910593033,0,0.03999999910593033,0.0348999997600913,0.03084999993443489,0.03707317062994329,0.03707317062994329,0.03707317062994329,0.03654547319316068,0.034782584545551526,0.03946982786034449,0.0507453858806047,89.47368988617765,0.9652433073033736,0.00014038019674212504,-0.0021122740274753062,0.0022526542242174313,59.99999403953562,0.009999999776482582,0.005857143151972975,180.5148778121707,167.9725012857832,0.04363609346804395,0.01806390640082583,0.8289201660151172,0.0,,,0,29.659640813425654,7.894734726635702,7.894734726635702,-38.46153757981291,166.66666666666669,0.0,12.500006984919466,0.0
2021-10-13,0.04500000178813934,0.04500000178813934,0.04500000178813934,0.04500000178813934,0,0.04099999964237213,0.03640000000596046,0.03135000001639128,0.03726190470513843,0.03726190470513843,0.03726190470513843,0.03823637891215641,0.03575567190198846,0.039686697426140366,0.050688217879684645,91.66667248743316,1.0,0.0008886438380051806,-0.001512090454379209,0.0024007342923843896,80.0000044703483,0.015000002458691597,0.005357143336108753,184.72953678927914,168.82494735032373,0.045525961443570684,0.017174038589211876,0.9043675546901138,0.0,,,0,43.54067548520316,20.76677814576082,20.76677814576082,-30.769225478877487,200.0000186264519,12.500006984919466,0.0,0.0
2021-10-14,0.04500000178813934,0.04500000178813934,0.03799999877810478,0.03999999910593033,0,0.04099999964237213,0.03759999983012676,0.03185000000521541,0.03732558131911034,0.03732558131911034,0.03732558131911034,0.03858910295091119,0.036159893540459113,0.03969898376652429,0.050581867444124906,75.8620658648001,0.729063913504388,0.0010659026724595053,-0.0009964918290114662,0.0020623945014709715,33.33333333333333,0.011999998241662979,0.005642857801701341,180.7853383211144,168.97893285136786,0.046522207344234005,0.01717779266619681,0.9213317008864074,0.0,,,0,25.58869418957729,7.165106857828664,7.165106857828664,-38.46153757981291,166.66666666666669,0.0,18.421061145054278,0.0
2021-10-15,0.03799999877810478,0.03999999910593033,0.03799999877810478,0.03799999877810478,0,0.040599999576807023,0.038599999621510506,0.03234999990090728,0.03734090898863294,0.03734090898863294,0.03734090898863294,0.03847128211634991,0.03633514165833013,0.03963235690423333,0.05045667472107993,70.96773844665856,0.6451611661370181,0.0010330894519637313,-0.0005905755728164268,0.001623665024780158,26.666665424903215,0.009999997913837433,0.0054285720522914615,179.80921516570513,167.2710795260747,0.047150781655177956,0.017549218146636597,0.9150406058490023,0.0,,,0,17.465220693985373,1.7650609139495752,1.7650609139495752,-41.538461273943874,153.3333308498064,-5.000000931322596,5.263158926673246,0.0
2021-10-18,0.0430000014603138,0.04500000178813934,0.0430000014603138,0.0430000014603138,0,0.04120000004768372,0.04009999968111515,0.03324999995529652,0.03746666659911473,0.03746666659911473,0.03746666659911473,0.039377025985142686,0.0369698902109,0.03976442139662864,0.05038247896724146,70.96774193548387,0.645161213356137,0.0013944686019855615,-0.00019356673785602915,0.0015880353398415906,53.57142904659313,0.015000000596046448,0.005214286568973746,176.98185575339178,168.37119022962096,0.04835489602973864,0.0181451038808544,0.9085651786315869,0.0,,,0,29.323312836468634,14.768687378582557,14.768687378582557,-33.84614917300845,186.66668280959163,13.157902218381034,4.651163395125501,0.0
2021-10-19,0.05000000074505806,0.05000000074505806,0.05000000074505806,0.05000000074505806,0,0.043200000375509265,0.0415999997407198,0.03475000001490116,0.03773913038489611,0.03773913038489611,0.03773913038489611,0.04150162093712576,0.03821085311891505,0.0401658166651945,0.050378673213786904,76.31578831275593,0.7368420024994974,0.00222011353594824,0.0002891693169048247,0.0019309442190434153,78.57142572044118,0.015000000596046448,0.005357143602200917,155.30015723685423,170.57520613583878,0.05026739241631567,0.01923260761348665,0.8930873320725463,0.0,,,0,43.88489416868357,32.4884814120385,32.4884814120385,-23.076919109158116,233.33334575096796,16.2790675512065,0.0,0.0
2021-10-20,0.05000000074505806,0.05000000074505806,0.05000000074505806,0.05000000074505806,0,0.044200000166893,0.04259999990463257,0.036000000033527615,0.037999999967027215,0.037999999967027215,0.037999999967027215,0.04320129689871222,0.03933362908330962,0.040551470942836204,0.050374905328525926,80.5555503815421,0.8095236332905666,0.0028416859083013543,0.0007996726351841306,0.002042013273117224,78.57142572044118,0.010000001639127731,0.005000000819563866,141.05191832824363,168.67104467378198,0.05222214212243108,0.019777857944624156,0.9012301152108564,0.0,,,0,38.88889082914424,31.578949443271853,31.578949443271853,-23.076919109158116,233.33334575096796,0.0,0.0,0.0
2021-10-21,0.04500000178813934,0.05000000074505806,0.0430000014603138,0.05000000074505806,0,0.04620000049471855,0.04360000006854534,0.037250000052154064,0.038249999983236194,0.038249999983236194,0.038249999983236194,0.04456103766798139,0.04034947400347614,0.040922001523315495,0.050371174934660576,80.5555503815421,0.796609987048465,0.0032962889247227303,0.0012989958930918507,0.0019972930316308796,42.8571443776695,0.010000001639127731,0.004928572236427239,141.05191832824363,166.82926283397376,0.05375358832369949,0.020746411780608643,0.8860986979027436,0.0,,,0,34.22818973168484,30.718956253520346,30.718956253520346,-23.076919109158116,233.33334575096796,-9.999997764825855,16.2790675512065,0.0
2021-10-22,0.05000000074505806,0.05000000074505806,0.05000000074505806,0.05000000074505806,0,0.04860000088810921,0.044600000232458116,0.03850000007078051,0.038489795917150925,0.038489795917150925,0.038489795917150925,0.045648830283396724,0.041268571788388705,0.0412780014927956,0.05036748165914215,80.5555503815421,0.7333331067115518,0.003614894833033233,0.0017621756810801273,0.0018527191519531058,25.000004656612983,0.010000001639127731,0.004785715203200068,141.05191832824363,165.04652738081015,0.054883560812933975,0.02211643932862705,0.8510940629627546,0.0,,,0,29.870131566585233,29.90456185499863,29.90456185499863,-23.076919109158116,233.33334575096796,0.0,0.0,0.0
2021-10-25,0.05000000074505806,0.05000000074505806,0.05000000074505806,0.05000000074505806,0,0.05000000074505806,0.04560000039637089,0.03975000008940697,0.038720000013709066,0.038720000013709066,0.038720000013709066,0.04651906437572899,0.042100136450928645,0.04162004067915883,0.050363825132633856,75.86206409296267,0.41379280535667645,0.003823319463954193,0.0021744044376549405,0.0016489150262992526,25.000004656612983,0.010000001639127731,0.004071429637925965,141.05191832824363,163.31974922487163,0.055602943166892446,0.02389705701192149,0.7976323543058381,0.0,,,0,25.78616511345022,29.13223328345877,29.13223328345877,-23.076919109158116,233.33334575096796,0.0,0.0,0.0
2021-10-26,0.05000000074505806,0.05000000074505806,0.05000000074505806,0.05000000074505806,0,0.05000000074505806,0.04660000056028366,0.04075000016018748,0.03856000006198883,0.03894117649863748,0.03894117649863748,0.0472152516495948,0.04285250447894097,0.04194866656409606,0.050360204989473904,70.83333009957542,0.09090898443565437,0.003943044522778827,0.002528132454679718,0.0014149120680991088,25.000004656612983,0.010000001639127731,0.003714286855288914,130.1634287654596,161.64606090128765,0.05653640380933675,0.02496359651103822,0.7747928140904643,0.0,,,0,22.69938784910184,29.66805151628204,28.398793361591217,-23.076919109158116,233.33334575096796,0.0,0.0,0.0
2021-10-27,0.05000000074505806,0.05000000074505806,0.05000000074505806,0.05000000074505806,0,0.05000000074505806,0.04710000045597553,0.041750000230968,0.038300000056624414,0.03915384619568403,0.03915384619568403,0.04777220146868746,0.04353321840904736,0.0422644051594279,0.050356620867638924,70.83333009957542,0.0,0.003991911226726569,0.002820888209089088,0.0011710230176374807,25.000004656612983,0.004999998956918716,0.0032142866402864456,130.1634287654596,160.02279653640258,0.05719940870851431,0.026300591753421684,0.7400914199797651,0.0,,,0,19.76048016395132,30.54830462437558,27.701377012022927,-23.076919109158116,233.33334575096796,0.0,0.0,0.0
2021-10-28,0.0430000014603138,0.05000000074505806,0.0430000014603138,0.04800000041723251,0,0.04960000067949295,0.04790000058710575,0.04275000020861626,0.038160000070929526,0.039320754765901925,0.039320754765901925,0.04781776125839647,0.043958626219350705,0.042489330463655536,0.05033317190793339,65.38461318030227,0.0,0.0038251610543607872,0.003021742778143428,0.0008034182762173591,20.000003725290384,0.008000001311302185,0.003357143540467535,127.81270696927834,158.6658299406363,0.05699411313174118,0.02850588728549134,0.6663912446135624,0.0,,,0,12.280702182448449,25.786164381585387,22.07293756949202,-26.153842803289074,220.00000993410768,-13.999998360872294,16.2790675512065,0.0
2021-10-29,0.0430000014603138,0.04800000041723251,0.0430000014603138,0.04800000041723251,0,0.04920000061392784,0.048900000751018524,0.043750000186264515,0.038260000050067904,0.03948148153722286,0.03948148153722286,0.047854209090163684,0.044343519000101354,0.04270543516771738,0.05030995627121,65.38461318030227,0.0,0.003650924753454708,0.0031475791732056843,0.0005033455802490238,6.666663355297642,0.010000001639127731,0.003714286323104586,127.81270696927834,157.13479459552798,0.05634699313586405,0.031153007236664983,0.5758625323871156,0.0,,,0,9.714286200854241,25.457397685359705,21.575985875754057,-26.153842803289074,220.00000993410768,-10.41666440303543,11.627904156080996,0.0
2021-11-01,0.04800000041723251,0.04800000041723251,0.03999999910593033,0.03999999910593033,0,0.047200000286102294,0.04860000051558018,0.044350000098347664,0.03820000000298023,0.03949090912938118,0.03949090912938118,0.04628336709331701,0.043929850438751736,0.0425993396358826,0.050207369632749514,50.0,0.0,0.002834632108214101,0.0030849897602073678,-0.00025035765199326676,0.0,-0.0030000023543834686,0.003928571939468384,147.74252646616367,160.36383198763085,0.054737747238612064,0.033962252958083264,0.4684440639111256,0.0,,,0,-9.80834494424139,4.71203953615096,1.2891320756411484,-38.46153757981291,166.66666666666669,0.0,20.000003725290384,0.0
2021-11-02,0.04500000178813934,0.04500000178813934,0.0430000014603138,0.04500000178813934,0,0.04620000049471855,0.048100000619888304,0.04485000018030405,0.038300000056624414,0.03958928578400186,0.03958928578400186,0.046026694032281476,0.04403176961488389,0.04269348324969659,0.05015555502733051,50.0,0.0,0.0025616437014557847,0.0029803205484570513,-0.00041867684700126664,18.421061145054285,-0.004999998956918716,0.003928571939468384,132.244132079883,161.0974564825269,0.054259403451196744,0.03544059690941136,0.41959434707092147,0.0,,,0,0.3344517441076093,17.493477079919977,13.667122043216981,-30.769225478877487,200.0000186264519,12.500006984919466,4.651163395125501,0.0
2021-11-03,0.04500000178813934,0.04500000178813934,0.0430000014603138,0.04500000178813934,0,0.04520000070333481,0.047600000724196435,0.0451000003144145,0.03824000008404255,0.03968421062617971,0.03968421062617971,0.04582135558345306,0.04412398220281298,0.0427839349570865,0.05010425599012463,58.62069231292946,0.2821317961969036,0.0023185713747766942,0.0028479707137209803,-0.0005293993389442861,4.651163395125502,-0.004999998956918716,0.0035714288907391684,124.29984353037595,159.62921701146507,0.05422832662451771,0.035971674004311296,0.404803824676945,0.0,,,0,-0.22172622079383572,17.67782868525078,13.395229684757295,-30.769225478877487,200.0000186264519,0.0,4.651163395125501,0.0
2021-11-04,0.03799999877810478,0.03999999910593033,0.03500000014901161,0.03500000014901161,0,0.04260000064969063,0.046100000664591786,0.04485000036656857,0.038040000051259994,0.03960344837657336,0.03960344837657336,0.043657084496564774,0.04325503153102237,0.0424786826116718,0.04995396488722798,45.94594866712162,0.0,0.0013039866989036641,0.002539173910757517,-0.001235187211853853,-30.000000745058053,-0.015000000596046448,0.004142857555832181,154.2759780471961,166.49010772950837,0.05480304922343248,0.034896951509704656,0.4438371806249959,0.0,,,0,-21.962096180715307,-7.9915875345738545,-11.623857053530797,-46.15384394953229,133.33333954215064,-15.555561626398765,14.285711244660995,0.0
2021-11-05,0.03500000014901161,0.03999999910593033,0.03500000014901161,0.03999999910593033,0,0.041000000387430194,0.04510000050067901,0.04485000036656857,0.03798000000417232,0.039610169575376025,0.039610169575376025,0.04292566741843788,0.04294502844291837,0.04238147933693684,0.049854920451593183,45.94594322476999,0.0,0.0008930842434421993,0.0022099559772944537,-0.0013168717338522544,-20.00000298023219,-0.010000001639127731,0.004000000123466764,162.124108774792,167.67111151651727,0.05480304922343248,0.034896951509704656,0.4438371806249959,0.0,,,0,-10.81382657970602,5.318586365287251,0.9841652654692087,-38.46153757981291,166.66666666666669,0.0,14.285711244660995,0.0
2021-11-08,0.03999999910593033,0.03999999910593033,0.03500000014901161,0.03500000014901161,0,0.04000000059604645,0.04360000044107437,0.04460000041872263,0.03781999997794628,0.03953333341826995,0.03953333341826995,0.04134053396455263,0.042188359081593914,0.04209200956486134,0.04970711029932869,28.57143009195505,0.0,0.00016211420634990037,0.0018003876231055432,-0.0016382734167556428,-30.000000745058053,-0.015000000596046448,0.0038571429571935107,168.91088030517662,168.28292207153433,0.055289888458390765,0.03391011237905449,0.47936717216624203,0.0,,,0,-21.52466407978111,-7.4563718418272735,-11.467116170788932,-46.15384394953229,133.33333954215064,0.0,14.285711244660995,0.0
2021-11-09,0.03999999910593033,0.03999999910593033,0.03999999910593033,0.03999999910593033,0,0.03900000005960465,0.0426000002771616,0.04460000041872263,0.03785999998450279,0.039540983675444716,0.039540983675444716,0.04107242699282817,0.04197994384581643,0.04200996993902091,0.04961052212825011,37.49999883584687,0.17175569566539917,-1.357025584969307e-05,0.001437596047314496,-0.0014511663031641891,-20.00000298023219,-0.010000001639127731,0.004214285739830562,176.10802005891543,169.37280088498494,0.055289888458390765,0.03391011237905449,0.47936717216624203,0.0,,,0,-10.313904191940914,5.652401273913108,1.1608599175307441,-38.46153757981291,166.66666666666669,14.285711244660995,0.0,0.0
2021-11-10,0.03999999910593033,0.04500000178813934,0.03799999877810478,0.04500000178813934,0,0.03900000005960465,0.04210000038146973,0.04460000041872263,0.03796000003814697,0.03962903235468172,0.03962903235468172,0.04185794195189041,0.04226756841175194,0.04212722608996673,0.0495646463039704,44.44444628409375,0.30534355691151754,0.00024780048210006067,0.0011996369342716089,-0.0009518364521715482,-9.999997764825853,-0.004999998956918716,0.004214286005922726,176.10802005891543,170.30944665054736,0.055289888458390765,0.03391011237905449,0.47936717216624203,0.0,,,0,0.8968640485680354,18.54584231537854,13.553117788461725,-30.769225478877487,200.0000186264519,0.0,18.421061145054278,0.0
2021-11-11,0.03999999910593033,0.03999999910593033,0.03999999910593033,0.03999999910593033,0,0.039999999850988385,0.04130000025033951,0.04460000041872263,0.03796000003814697,0.039634920715812656,0.039634920715812656,0.04148635338269839,0.04205160943024513,0.04204380542392609,0.04946947568508443,40.0,0.24166666718406526,5.089357584914245e-05,0.0009698882625871157,-0.0009189946867379733,-20.00000298023219,-0.008000001311302185,0.004571429054651942,176.10802005891543,169.76026873071163,0.055289888458390765,0.03391011237905449,0.47936717216624203,0.0,,,0,-10.313904191940914,5.374075515630424,0.9211028646564726,-38.46153757981291,166.66666666666669,-11.111116630059483,0.0,0.0
2021-11-12,0.0430000014603138,0.0430000014603138,0.03999999910593033,0.0430000014603138,0,0.04060000032186508,0.040800000354647634,0.04485000055283308,0.038020000085234644,0.03968750010244548,0.03968750010244548,0.041789082998221476,0.04214193248072785,0.042081303307706,0.04940510280722602,43.396228404391,0.35078399953061384,0.00013535822656236124,0.0008029822553821648,-0.0006676240288198035,-13.99999836087229,-0.004999998956918716,0.004785714937107903,176.7977613183785,162.8698523415348,0.05511542620963379,0.034584574896032366,0.45776702476104064,0.0,,,0,-4.124858572387289,13.098372866688063,8.346460092769114,-33.84614917300845,186.66668280959163,7.500006053596871,7.500006053596871,0.0
2021-11-15,0.03999999910593033,0.0430000014603138,0.032999999821186066,0.03799999877810478,0,0.04120000004768372,0.04060000032186508,0.04460000041872263,0.03798000007867813,0.03966153854360947,0.03966153854360947,0.04103126615419814,0.04174746260428756,0.04192125214968242,0.04929161918504572,39.655173078232366,0.2622632438266801,-0.000198868921762331,0.0006026120199532657,-0.0008014809417155967,-20.833336567092243,-0.0020000003278255463,0.00550000076847417,176.7977613183785,164.82829463683387,0.055289888458390765,0.03391011237905449,0.47936717216624203,0.0,,,0,-14.798209817610743,0.05265586989262802,-4.1892973054430565,-41.538461273943874,153.3333308498064,-6.976749424421009,30.303035434284187,0.0
2021-11-16,0.03999999910593033,0.03999999910593033,0.03999999910593033,0.03999999910593033,0,0.04120000004768372,0.04010000005364418,0.04410000033676624,0.038080000057816504,0.03966666673394767,0.03966666673394767,0.04082501274454457,0.04158103750920592,0.04184590889306469,0.04919916525391024,41.66666718406798,0.3557214017784318,-0.00029891730046069376,0.0004223061558704738,-0.0007212234563311675,-16.666669253673795,-0.005000002682209015,0.005642857934747424,168.40572232187074,164.52423552107217,0.05466110187263763,0.03353889880089485,0.47896151724364433,0.0,,,0,-9.297054874209909,5.042014299366354,0.8403337094553117,-38.46153757981291,166.66666666666669,5.263158926673246,0.0,0.0
2021-11-17,0.03999999910593033,0.04500000178813934,0.03999999910593033,0.04500000178813934,0,0.04120000004768372,0.04010000005364418,0.043850000388920306,0.03818000011146069,0.03974626874968187,0.03974626874968187,0.04166001055326353,0.04190665315481863,0.0419695988105186,0.0491573825328578,47.61904930852125,0.5174129922656837,2.4964295441430584e-05,0.0003428377837846652,-0.0003178734883432346,12.500006984919466,0.0,0.005500001034566334,174.51950307116726,161.98148863650525,0.05405371601926378,0.03364628475857683,0.4653918148161145,0.0,,,0,2.6225801345935937,17.86275970866606,13.21817922468388,-30.769225478877487,200.0000186264519,0.0,12.500006984919466,0.0
2021-11-18,0.04500000178813934,0.04500000178813934,0.0430000014603138,0.04500000178813934,0,0.04220000058412552,0.041100000217556956,0.04360000044107437,0.03832000017166138,0.03982352952965919,0.03982352952965919,0.042328008800238695,0.042201257786563466,0.04208843814297432,0.049116015560273535,47.61904930852125,0.6338797630535816,0.00027843318914889253,0.00032995686485751065,-5.1523675708618115e-05,0.0,0.010000001639127731,0.005285715418202537,174.51950307116724,161.44058832694245,0.05340655152231433,0.033793449359834415,0.4498417881666566,0.0,,,0,3.2110122314266514,17.432154453428204,12.998527050760023,-30.769225478877487,200.0000186264519,0.0,4.651163395125501,0.0
2021-11-19,0.04500000178813934,0.04500000178813934,0.0430000014603138,0.04500000178813934,0,0.04260000064969063,0.041600000485777854,0.04335000049322844,0.038460000231862065,0.03989855086673861,0.03989855086673861,0.042862407397818825,0.0424678048343326,0.04220261710945138,0.04907506019935678,54.545455776955144,0.8643814777878375,0.0004738469014365157,0.0003587348721733117,0.00011511202926320401,0.0,0.005000002682209015,0.004857143919382777,174.51950307116724,161.1623845118998,0.05271454853267721,0.033985452453779666,0.4320437339285187,0.0,,,0,3.806231317502863,17.004684131174898,12.7860556601156,-30.769225478877487,200.0000186264519,0.0,4.651163395125501,0.0
2021-11-22,0.0430000014603138,0.0430000014603138,0.03799999877810478,0.03999999910593033,0,0.04300000071525574,0.04210000038146973,0.04285000041127205,0.038500000238418576,0.03990000012729849,0.03990000012729849,0.042289925739441125,0.04223277571734191,0.04211623993284272,0.0489847610839993,45.454544223044856,0.5618478752302072,0.00022268823525845027,0.0003315255447903394,-0.00010883730953188914,14.285711244661004,0.004999998956918716,0.00500000108565603,178.998451007758,162.983428185016,0.05177719262885996,0.033922808193684144,0.41667174477970526,0.0,,,0,-6.651111500554398,3.896100930448634,0.2506240057964878,-38.46153757981291,166.66666666666669,-4.444444996339281,13.157902218381034,0.0
2021-11-23,0.04500000178813934,0.04500000178813934,0.04500000178813934,0.04500000178813934,0,0.04400000125169754,0.04260000064969063,0.042600000463426116,0.038700000271201136,0.03997183113660611,0.03997183113660611,0.042831940949180775,0.04249632105741786,0.042229328633050435,0.04894511173777184,50.0,0.8249999506399145,0.00042223435765687684,0.0003496673073636469,7.256705029322992e-05,12.500006984919466,0.005000002682209015,0.005214286968111992,184.7620499578657,162.74781504786526,0.05094518648065598,0.034254814446196255,0.39179276649982914,0.0,,,0,5.633805865269248,16.279073573098643,12.57928523301613,-30.769225478877487,200.0000186264519,12.500006984919466,0.0,0.0
2021-11-24,0.04500000178813934,0.05299999937415123,0.04500000178813934,0.05000000074505806,0,0.045000001043081286,0.0431000005453825,0.042600000463426116,0.03900000028312206,0.04011111127005683,0.04011111127005683,0.04426555290835623,0.043210957218145496,0.042534060872737006,0.04895560814580455,63.636360557612136,1.0,0.0009726224403425396,0.00047425833395942546,0.0004983641063831142,42.8571443776695,0.004999998956918716,0.005071429535746574,188.89931754018437,163.8093940248616,0.05094518648065598,0.034254814446196255,0.39179276649982914,0.0,,,0,17.370892490917118,28.205129184823218,24.653740975716477,-23.076919109158116,233.33334575096796,0.0,17.77777170693457,0.0
2021-11-26,0.05000000074505806,0.05000000074505806,0.03999999910593033,0.0430000014603138,0,0.04460000097751617,0.04340000078082085,0.042350000515580175,0.03926000032573938,0.04015068510827953,0.04015068510827953,0.044012442618747746,0.0431908661935901,0.04255233305264198,0.048896348377789715,52.631580323283224,0.6861599299303589,0.0008343496568791395,0.0005462765985433684,0.00028807305833577113,7.500006053596864,0.0030000023543834686,0.005428572584475789,195.9559356415681,166.84372926889372,0.050304477807788746,0.0343955232233716,0.3756541768769137,0.0,,,0,1.534831019646607,9.526238164910097,7.096557242672569,-33.84614917300845,186.66668280959163,0.0,25.00000465661298,0.0
2021-11-29,0.0430000014603138,0.0430000014603138,0.029999999329447746,0.03799999877810478,0,0.043200000375509265,0.04290000051259994,0.04185000043362379,0.03946000028401613,0.04012162177949338,0.04012162177949338,0.042809953850619156,0.04269649786830578,0.04237381013991503,0.04878792698873813,52.63157688349635,0.5789473764073497,0.00031764740849793416,0.0005005507605342815,-0.00018290335203634733,-15.555561626398761,-0.005000002682209015,0.006000001382614885,200.35896453130823,168.7937671727832,0.04956260300209959,0.03413739786514799,0.36858315357527305,0.0,,,0,-9.199525963268036,-3.6999531054305277,-5.287979167564424,-41.538461273943874,153.3333308498064,0.0,43.333341404795824,0.0
2021-11-30,0.04500000178813934,0.05000000074505806,0.0430000014603138,0.04800000041723251,0,0.0448000006377697,0.043900000676512715,0.0422500004991889,0.039920000284910204,0.040226666827996575,0.040226666827996575,0.04384796316394183,0.04320159334915595,0.042594445052751014,0.048780086923350015,56.451611740284385,0.7004006234676428,0.0007069247246140331,0.0005418255533502319,0.00016509917126380125,20.000003725290384,0.010000001639127731,0.006500001597617354,207.6411814050326,175.5009537129958,0.050377279141784574,0.03412272185659323,0.3847232448080893,0.0,,,0,13.609467100844173,20.240481148935654,19.32383217946839,-26.153842803289074,220.00000993410768,18.421061145054278,16.2790675512065,0.0
2021-12-01,0.04500000178813934,0.05000000074505806,0.04500000178813934,0.05000000074505806,0,0.04580000042915344,0.04490000084042549,0.042500000447034836,0.04052000030875206,0.040355263326905276,0.040355263326905276,0.04507837068016508,0.04384906072019425,0.042884859001468933,0.04879222536933717,54.23728588821974,0.608064668295755,0.0011634021383251092,0.0006661408703452073,0.0004972612679799019,16.279067551206495,0.010000001639127731,0.006357144165251937,204.0655004610497,173.3299858447602,0.05126596481145254,0.03373403608261713,0.4125159657512095,0.0,,,0,17.64705933914052,23.39585479780557,23.899577460376864,-23.076919109158116,233.33334575096796,-6.249997089616979,11.111108351636926,1.0
2021-12-02,0.0430000014603138,0.04500000178813934,0.0430000014603138,0.0430000014603138,0,0.04440000057220459,0.044700000807642935,0.042400000430643556,0.04088000033050775,0.0403896105753911,0.0403896105753911,0.04466269683619482,0.04376819793353896,0.04288937439201187,0.048734591300590664,52.45901769494118,0.5339120353284509,0.0009493784922977797,0.0007227883947357219,0.00022659009756205775,13.157902218381023,-0.0020000003278255463,0.006500001065433025,211.47028188482838,174.1841913428162,0.0510911952200943,0.03370880564119281,0.40996201420646217,0.0,,,0,1.4150967537174959,5.185912702216734,6.46302563390689,-33.84614917300845,186.66668280959163,-13.999998360872294,4.651163395125501,1.0
2021-12-03,0.03799999877810478,0.0430000014603138,0.03799999877810478,0.0430000014603138,0,0.04440000057220459,0.04450000077486038,0.04280000049620867,0.04124000035226345,0.040423077125197805,0.040423077125197805,0.04433015776101862,0.04369503636466038,0.04289371270841587,0.04867753070516503,50.0,0.4313725886452719,0.0007708770204268162,0.0007324061198739408,3.847090055287541e-05,7.500006053596864,-0.0020000003278255463,0.006642858231706279,189.935515933628,173.8407407108994,0.05076307466643168,0.03483692632598566,0.37210626532251556,0.0,,,0,0.4672919667906182,4.267703911291907,6.374884146337442,-33.84614917300845,186.66668280959163,-11.627912819546511,13.157902218381034,1.0
2021-12-06,0.03799999877810478,0.0430000014603138,0.03799999877810478,0.0430000014603138,0,0.04540000110864639,0.04430000074207783,0.04295000061392784,0.04160000037401915,0.040455696420579015,0.040455696420579015,0.044064126500877654,0.043628842564246414,0.0428978808947648,0.04862103787685805,54.71698272351281,0.5940144597174933,0.0006222405165914255,0.0007103729992174378,-8.813248262601228e-05,-4.44444499633928,-0.0020000003278255463,0.006285715449069228,184.27404810974534,173.8407407108994,0.050803261492609664,0.03509673973524602,0.36569316723758855,0.0,,,0,0.11641640435679416,3.3653871964121578,6.289114426023189,-33.84614917300845,186.66668280959163,-11.627912819546511,13.157902218381034,1.0
2021-12-07,0.05000000074505806,0.057999998331069946,0.05000000074505806,0.057999998331069946,0,0.04740000069141388,0.046100000664591786,0.04410000052303076,0.04226000033318997,0.04067500019446015,0.04067500019446015,0.04685130086691612,0.04499752406584866,0.04349012079422775,0.04871436086645221,63.63636158386232,1.0,0.0016952773022326575,0.0009073538598204818,0.0007879234424121757,28.888880058571488,0.017999999225139618,0.0072142866307071275,204.47864221790036,184.1979423925181,0.053612319777678163,0.03458768126838335,0.43139769350704193,0.0,,,0,31.519269032162622,37.24561730662877,42.593726008068764,-10.769230063850333,286.66666418313974,16.2790675512065,15.999994933605269,1.0
2021-12-08,0.05999999865889549,0.05999999865889549,0.054999999701976776,0.05999999865889549,0,0.049400000274181365,0.04760000035166741,0.04510000050067901,0.04286000031977892,0.04091358042241615,0.04091358042241615,0.049481040425312,0.046426331169948355,0.04413756698499904,0.04882665576985961,61.904758525814046,0.9047618275068616,0.0026762004248011007,0.0012611231728166055,0.0014150772519844952,33.33332505491078,0.01499999687075615,0.0072142863646149635,200.5010132442966,183.32917109861106,0.05676009857380129,0.033439902427556734,0.5170775141320333,0.0,,,0,33.03768956275765,39.99066311534032,46.6505694183198,-7.692306369719372,300.0,3.448276526508396,9.090907243657693,1.0
2021-12-09,0.054999999701976776,0.054999999701976776,0.05000000074505806,0.05299999937415123,0,0.051399999856948854,0.04790000021457672,0.04550000037997961,0.043320000320672986,0.041060975775486085,0.041060975775486085,0.05018483221507985,0.047052394808443865,0.04448511335320108,0.04886818157686749,55.71428366157485,0.5642856945994924,0.0028558274248987603,0.0015800640232330365,0.0012757634016657238,32.500001396983905,0.00299999862909317,0.007785714763615813,203.25953610988657,185.3405554135935,0.05768281785719541,0.03331718290276381,0.5355084560648199,0.0,,,0,16.483514135247535,22.34533467641457,29.0763270311586,-18.4615364335697,253.3333370586237,-8.333331781129008,9.999997764825855,1.0
2021-12-10,0.04800000041723251,0.05000000074505806,0.04800000041723251,0.05000000074505806,0,0.052799999713897705,0.048600000143051145,0.046000000461935996,0.043760000318288805,0.04116867487150502,0.04116867487150502,0.05014786592107549,0.0473331191833595,0.04470138344699939,0.04887944345913804,53.4246566953747,0.4383562057721333,0.0027246996576983443,0.0018089911501260982,0.0009157085075722461,11.111108351636933,0.006999999284744263,0.00800000037997961,199.42951146647005,182.80594377767358,0.05805251656200948,0.03394748436186251,0.524022433871351,0.0,,,0,8.695652702073293,14.259598677748054,21.45156700116587,-23.076919109158116,233.33334575096796,-9.433960407473664,4.166667313418449,1.0
2021-12-13,0.04500000178813934,0.04800000041723251,0.0430000014603138,0.0430000014603138,0,0.052799999713897705,0.04910000041127205,0.046000000461935996,0.04406000033020973,0.041190476378514654,0.041190476378514654,0.04871829302892316,0.04692044130497419,0.04463466258477643,0.04882094154870198,52.00000158945721,0.14666680530267512,0.002032509017858612,0.0018536947236726011,0.00017881429418601107,-13.99999836087229,0.005000002682209015,0.008000000113887447,205.97494377247747,185.04334727601474,0.05805251656200948,0.03394748436186251,0.524022433871351,0.0,,,0,-6.52173689455641,-2.40580767578693,4.393066652521186,-33.84614917300845,186.66668280959163,-9.999997764825855,11.627904156080996,0.0
2021-12-14,0.054999999701976776,0.054999999701976776,0.04800000041723251,0.04800000041723251,0,0.050800000131130216,0.04910000041127205,0.04650000054389238,0.04446000032126904,0.04127058842602898,0.04127058842602898,0.048574634506585036,0.04702325645852261,0.044766636617421765,0.04881277298022965,51.999999205271344,0.14666663046235173,0.0018658922337171993,0.0018561342256815207,9.758008035678578e-06,11.627904156080993,0.0,0.008499999796705586,204.06360125310394,184.49224373192646,0.05797078638278055,0.03502921470500422,0.4933671270846819,0.0,,,0,3.225806141495091,7.962213383678246,16.305587702644324,-26.153842803289074,220.00000993410768,27.906971707287493,14.583331716453879,1.0
2021-12-15,0.05000000074505806,0.05000000074505806,0.03799999877810478,0.04500000178813934,0,0.04780000075697899,0.04860000051558018,0.046750000678002834,0.04466000035405159,0.04131395369768143,0.04131395369768143,0.0478597079628959,0.04683056553753373,0.044775788192744026,0.048774834958417806,46.5753429550954,0.0,0.0014747721591064633,0.0017798618123665093,-0.000305089653260046,18.421061145054285,-0.004999998956918716,0.008785714395344257,205.22028186467284,178.67100593359268,0.057835789428996975,0.03566421192700869,0.47425833541047674,0.0,,,0,-3.743313079109566,0.7613108629474208,8.922041490947356,-30.769225478877487,200.0000186264519,4.166667313418449,31.578953560039473,0.0
2021-12-16,0.03799999877810478,0.03999999910593033,0.02800000086426735,0.03500000014901161,0,0.044200000911951066,0.04780000038444996,0.04625000059604645,0.044560000374913214,0.041241379518961084,0.041241379518961084,0.04528776640011904,0.04570384502434115,0.04439242395573491,0.04863777192548839,44.73684107332675,0.0,0.00035381160340858947,0.0014946517705749255,-0.001140840167166336,-27.08333365670923,-0.008000001311302185,0.009285714344254561,219.83041847699732,181.33324509114192,0.05850818710035163,0.03399181409174126,0.5300837338952615,0.0,,,0,-24.324324977406615,-21.45421935697239,-15.133779332187332,-46.15384394953229,133.33333954215064,-15.555561626398765,42.857135254509835,0.0
2021-12-17,0.03799999877810478,0.03799999877810478,0.029999999329447746,0.029999999329447746,0,0.040200000628829,0.046500000171363354,0.04550000047311187,0.04436000037938356,0.04111363656226207,0.04111363656226207,0.04223021298598478,0.04420824067244654,0.0438280151468609,0.048452321451895944,44.73684216975918,5.8013769550674014e-08,-0.0009273263515154548,0.0010102561461568496,-0.0019375824976723044,-40.00000223517415,-0.01300000213086605,0.008928571295525347,225.40111273224431,184.26506295046616,0.05975334680769677,0.031246654138526966,0.6265207114891301,0.0,,,0,-34.06593622526184,-32.371507951135335,-27.031511104555168,-53.84615318485969,100.0,8.571424618059293,26.666665424903208,0.0
2021-12-20,0.03500000014901161,0.0430000014603138,0.032999999821186066,0.03799999877810478,0,0.0392000000923872,0.04599999990314245,0.04515000032261014,0.04432000037282705,0.04107865186805806,0.04107865186805806,0.04138417014440879,0.04361697953965209,0.043599465485341056,0.04834831824121146,43.243241542507924,0.0,-0.0012823224986255738,0.000551740417200365,-0.0018340629158259388,-11.627912819546516,-0.005000002682209015,0.008999999878661973,243.1413927160426,190.36595748300783,0.0597934825290414,0.030506518116178882,0.6486592293155808,0.0,,,0,-15.836105190291205,-14.25993127607714,-7.494532926352372,-41.538461273943874,153.3333308498064,16.66666977107532,30.303035434284187,0.0
2021-12-21,0.06499999761581421,0.07000000029802322,0.06499999761581421,0.06499999761581421,0,0.04259999953210354,0.04669999983161688,0.04640000024810433,0.04482000034302473,0.04134444459858868,0.04134444459858868,0.04610733563868988,0.04565345745166753,0.04443870203947726,0.04851400659319756,57.575756606520656,0.7028112929727476,0.0006080060398219594,0.0005629935417246839,4.501249809727554e-05,51.16278001944947,0.006999999284744263,0.01092857149030481,306.7941679597687,219.1385920215842,0.0632884880530312,0.029511512443177478,0.7279520566647771,0.0,,,0,40.0862010091687,45.024536185506875,57.21579585092075,-7.1428609441737585,333.333327124516,71.05263080499506,7.6923121009354265,1.0
2021-12-22,0.06499999761581421,0.06499999761581421,0.06499999761581421,0.06499999761581421,0,0.04659999869763851,0.04719999972730875,0.04740000003948808,0.045320000313222406,0.0416043957306461,0.0416043957306461,0.049885868034114746,0.04749598508634817,0.04524502735619636,0.048678046304865386,61.956520594783136,0.9176270729700654,0.002082103828750119,0.0008668155991297709,0.001215288229620348,51.16278001944947,0.004999998956918716,0.010428571541394507,304.87560088218726,216.3938460891264,0.0661997747376738,0.02860022534130235,0.7932394380811802,0.0,,,0,37.13079654359471,43.42453037638227,56.23348560723053,-7.1428609441737585,333.333327124516,0.0,0.0,1.0
2021-12-23,0.057999998331069946,0.05999999865889549,0.054999999701976776,0.057999998331069946,0,0.05119999833405018,0.04769999962300062,0.04779999991878867,0.04558000024408102,0.04178260880238984,0.04178260880238984,0.051508694093505794,0.048496367300131196,0.04574522229638748,0.04877080204641966,57.575756606520656,0.7028112929727476,0.0026548915685432883,0.0012244307930124746,0.0014304607755308138,0.0,0.004999998956918716,0.010785714057939393,306.51175134470617,217.93812467509065,0.06716464335595529,0.02843535648162206,0.8102361284546775,0.0,,,0,21.338908848558336,27.2487889874502,38.813731343057064,-17.142859879805105,286.66666418313974,-10.769230063850333,9.090907243657693,1.0
2021-12-27,0.06300000101327896,0.06300000101327896,0.0430000014603138,0.0430000014603138,0,0.053799998760223386,0.046999999694526194,0.04779999991878867,0.045640000291168686,0.041795699046023434,0.041795699046023434,0.0498069555668674,0.04797290388681526,0.04563756657732577,0.048713381145065376,50.0,0.33132539031743624,0.001876820770217863,0.0013549087884535524,0.0005219119817643106,-28.333329297602084,-0.006999999284744263,0.011857142405850547,320.86626333317537,226.4879151473377,0.06716464335595529,0.02843535648162206,0.8102361284546775,0.0,,,0,-10.041837796297042,-5.784397050860071,2.8814027322865035,-38.5714267467966,186.66668280959163,8.620694527728237,46.51162528778949,0.0
2021-12-28,0.06499999761581421,0.06499999761581421,0.04800000041723251,0.05000000074505806,0,0.056199999153614046,0.04769999962300062,0.04840000001713633,0.04588000033050776,0.04188297885133231,0.04188297885133231,0.049845564602505534,0.04816596073045743,0.04580864242704076,0.048726183330139936,46.226415923213466,0.15941483971740586,0.0018042373723616764,0.0014447745052351773,0.00035946286712649914,-5.6603748387142545,0.006999999284744263,0.01235714235476085,321.63033498232437,228.38575638229358,0.06722215774510593,0.029577842289166732,0.7777751124506401,0.0,,,0,3.3057866267670177,8.979948528489267,19.380240174744742,-28.57142781116525,233.33334575096796,51.162780019449485,35.41666052252474,1.0
2021-12-29,0.03999999910593033,0.05000000074505806,0.03999999910593033,0.04500000178813934,0,0.052199999988079074,0.04739999976009131,0.04825000008568168,0.04592000033706427,0.04191578961908817,0.04191578961908817,0.0488764520396323,0.04786444083118904,0.045776931029436786,0.0486891068968862,43.11926685459903,0.0,0.0013279486125507833,0.0014214093266982984,-9.346071414751507e-05,-9.999997764825853,-0.00299999862909317,0.012714285403490067,313.2917852148805,229.5936938181726,0.06713329646934041,0.029366703702022955,0.7827273098497837,0.0,,,0,-6.735747754965872,-2.0034811458447424,7.358115395365574,-35.714283433495744,200.0000186264519,-20.000002980232196,25.00000465661298,0.0
2021-12-30,0.032999999821186066,0.032999999821186066,0.019999999552965164,0.02500000037252903,0,0.04420000053942204,0.04539999961853027,0.04700000006705522,0.045420000329613686,0.04173958348110318,0.04173958348110318,0.04410116170621165,0.04568687507322142,0.04496214943504825,0.04845339439415628,38.524589826045265,0.0,-0.0006557871225924827,0.0010059700368401422,-0.001661757159432625,-41.86046622439675,-0.020000001415610313,0.013785714283585548,374.9606488749971,255.77885906949746,0.06852110194849964,0.025478898185610804,0.9157915681166007,0.0,,,0,-46.80850992157158,-44.95816778709023,-40.104815890538745,-64.28571390558263,66.66667287548397,-26.66666997803569,65.00000279396778,0.0
2021-12-31,0.02800000086426735,0.032999999821186066,0.02500000037252903,0.032999999821186066,0,0.03920000083744526,0.04519999958574772,0.046499999985098836,0.045080000311136244,0.04164948468048548,0.04164948468048548,0.041880929329206534,0.04447860123969424,0.04449304552862228,0.04829962927402722,43.307085875074115,0.20410166350480613,-0.0015643460801754785,0.000491906813437018,-0.0020562528936124967,-31.25000097012768,-0.0020000003278255463,0.014000000032995428,387.97312290797277,260.78285575333194,0.06886067830453858,0.024139321665659085,0.961749605445391,0.0,,,0,-29.032258426320247,-26.796806580691218,-20.767327436711504,-52.857143313300845,120.00000372529038,12.000001788139317,31.999997317791024,0.0
2022-01-03,0.05000000074505806,0.057999998331069946,0.05000000074505806,0.05299999937415123,0,0.04120000042021275,0.04749999959021807,0.04699999988079071,0.04514000028371811,0.041765306258992274,0.041765306258992274,0.04410474333819548,0.04529016296678538,0.04482665156178028,0.04834639912576975,53.57142800123104,0.6421510170754168,-0.0006629111557640774,0.00026094321959679894,-0.0009238543753608763,17.777771706934576,0.023000000044703484,0.015285714263362544,424.8174455865481,278.50541812154063,0.06947805793172843,0.024521941829853004,0.95651311097661,0.0,,,0,12.765956401231326,17.412492337241304,26.899582743368654,-24.285715502135602,253.3333370586237,51.515154593903844,15.999994933605269,1.0
2022-01-04,0.08500000089406967,0.08500000089406967,0.07800000160932541,0.07999999821186066,0,0.047199999913573265,0.05169999953359365,0.04884999971836805,0.04574000023305416,0.042151515268617205,0.042151515268617205,0.051283794312928524,0.04859586156155445,0.046205998489234415,0.048661360310705976,59.876542954369654,0.9112331945266533,0.002204741882105031,0.0006497029520984454,0.0015550389300065855,128.571422489322,0.041999999433755875,0.016714285926095078,447.9824124522447,290.72387957456755,0.07562213609686652,0.022077863339869577,1.0960956615290174,0.0,,,0,63.76662983230258,74.9016130394516,89.79151212488567,-5.882356034843122,433.3333333333333,60.37736207130079,8.974357872202104,1.0
2022-01-05,0.07999999821186066,0.09300000220537186,0.07999999821186066,0.08500000089406967,0,0.05519999973475933,0.0536999998614192,0.05019999984651804,0.046440000236034396,0.04258000012487173,0.04258000012487173,0.05802703562915676,0.05206292245036542,0.04772733191687502,0.04902293882397328,62.19512189581663,1.0,0.00482521394189829,0.0014848051500584145,0.003340408791839876,183.33334264655926,0.020000003278255463,0.016785714642277787,436.90532517730077,290.88642309863826,0.08128968239047146,0.01911031730256461,1.238632774462443,0.0,,,0,69.32271146205078,83.03187007332366,99.6242382451748,-8.60215174364812,466.6666852931185,0.0,16.250005355104925,1.0
2022-01-06,0.08299999684095383,0.09300000220537186,0.08299999684095383,0.09000000357627869,0,0.06820000037550926,0.05620000045746565,0.0517000000923872,0.047240000292658804,0.042900000177323816,0.04304950510953913,0.06442162921858115,0.0556759777956905,0.04938508374665555,0.049430670811558414,67.29559876626818,1.0,0.007222162761776944,0.0026322766724021203,0.004589886089374824,136.84212229010856,0.025000005960464478,0.016285714959459647,437.0877072569,291.0168178752697,0.08734208054044384,0.01605791964433055,1.3788038833409955,0.0,,,0,74.08124451731123,90.5165178211586,109.06164506949472,-3.225804901023846,500.0000372529038,-2.352945920092787,12.048199692802676,1.0
2022-01-07,0.09000000357627869,0.09000000357627869,0.08500000089406967,0.08799999952316284,0,0.07920000031590461,0.05920000057667494,0.05345000009983778,0.048000000268220905,0.04315000016242266,0.04349019623124132,0.06913730327949749,0.058754456055449766,0.05089939416926369,0.04981444522659925,68.58974349024331,1.0,0.008858265784376033,0.0038774744947969028,0.004980791289579131,35.38461961689801,0.030000001192092896,0.01607142947614193,434.1161988955968,290.2890829816143,0.09262289615036973,0.014277104049305829,1.465777211500916,0.0,,,0,64.63984912776439,83.33333131546775,102.34445265608565,-5.376346842624273,486.6666766007744,0.0,5.882356034843122,1.0
2022-01-10,0.08799999952316284,0.09300000220537186,0.08799999952316284,0.09000000357627869,0,0.08660000115633011,0.06390000078827143,0.05545000024139881,0.048840000331401824,0.04350000020116568,0.043941747758863045,0.07330984333885374,0.061730222486004904,0.05243275140091133,0.050214301528586115,67.33333424395981,0.9582104498677603,0.010198708466895932,0.005141721289216709,0.0050569871776792235,38.46154904224501,0.04700000211596489,0.015500000944094998,432.9980549044163,289.04819437578215,0.09783408421028467,0.013065916272512954,1.5287316062892284,0.0,,,0,62.30839167622753,84.27519034723043,104.81662238417837,-3.225804901023846,500.0000372529038,0.0,5.681821260570511,1.0
2022-01-11,0.11500000208616257,0.11800000071525574,0.11500000208616257,0.11800000071525574,0,0.09420000165700912,0.07070000078529119,0.05920000020414591,0.05024000033736229,0.0442500001937151,0.0446538463449822,0.08224787481413415,0.0670892489840288,0.05500401607990524,0.050888786097607705,67.54966940516614,0.965405994704238,0.013366306255262722,0.006786638282425912,0.00657966797283681,103.4482829494229,0.06799999997019768,0.015214286345456327,435.5858993420734,293.46984004895864,0.10948173345977971,0.008918266948512117,1.698707198724383,0.0,,,0,99.32432484517446,134.87261131147318,164.25495309770895,0.0,686.666689018409,27.77777501830359,2.6086944127578815,1.0
2022-01-12,0.11500000208616257,0.11500000208616257,0.10999999940395355,0.11500000208616257,0,0.1002000018954277,0.07770000081509351,0.06255000028759242,0.05174000039696693,0.04497000019997358,0.04532380973299344,0.08879830026853984,0.07165217785089867,0.057356799844856504,0.05152670864475751,66.23376738044436,0.9216376494824149,0.015456403705875865,0.008520591367115903,0.006935812338759962,167.4418562341215,0.07000000029802322,0.01578571501054934,435.7907183143478,292.78882739780687,0.11831822463911859,0.006781775936066242,1.7831566457270986,0.0,,,0,83.85292015574024,122.26517434063263,153.72977859460119,-2.5423717041599243,666.6666977107532,-2.5423717041599243,4.545457008456409,1.0
2022-01-13,0.11299999803304672,0.11299999803304672,0.10499999672174454,0.10999999940395355,0,0.10420000106096268,0.08620000071823597,0.06580000016838312,0.05304000034928322,0.045670000202953816,0.04593396246573835,0.09303864009562259,0.07530435133214199,0.05942123904325247,0.05210853243340623,67.10526280316662,0.9506245434945366,0.016518942477936435,0.01012026158928001,0.006398680888656425,119.9999955296517,0.08499999903142452,0.01578571554273367,435.1870134148244,291.69239803721933,0.12474725671646279,0.006852743620303456,1.7917099208885352,0.0,,,0,67.17325094599089,107.390646077626,139.47422233821294,-6.779662087127342,633.333345750968,-1.7391339276823337,7.619049105784836,1.0
2022-01-14,0.11299999803304672,0.11800000071525574,0.11299999803304672,0.11800000071525574,0,0.11020000129938126,0.09470000080764293,0.06995000019669532,0.054500000327825544,0.04637000020593405,0.046607476841902064,0.09803091221954922,0.0793706036543433,0.06171844538333103,0.052764168933723134,75.86206679501532,1.0,0.017801342560903308,0.01165647778360467,0.0061448647772986385,162.2222133919048,0.08500000089406967,0.014928572811186314,420.91265974053397,291.9120589664547,0.13140079447924086,0.008499205914149786,1.7569919688277191,0.0,,,0,68.69192335017385,116.51376147792354,153.17826389857007,0.0,686.666689018409,2.727271495771795,4.4247812117189325,1.0
2022-01-18,0.12300000339746475,0.13300000131130219,0.12300000339746475,0.12999999523162842,0,0.1181999996304512,0.10240000039339066,0.07494999999180436,0.05640000022947788,0.04722000014036894,0.04737962978995509,0.10442472882196507,0.0841924504712276,0.06439615322051916,0.053532684618279404,76.66666376921877,1.0,0.019560472187771433,0.013237276664438021,0.0063231955233334115,419.99997317791025,0.07699999585747719,0.014428573128368174,413.2749212073754,292.3836626217701,0.13893511328621855,0.010964886697390194,1.7074079600109624,0.0,,,0,73.44895963421436,130.4964445083157,174.379508256921,-2.2556436466883176,766.666654249032,4.237290382967418,8.130079380179554,1.0
2022-01-19,0.17000000178813934,0.17000000178813934,0.1599999964237213,0.16500000655651093,0,0.12760000079870223,0.11090000122785568,0.08130000038072467,0.0589000003784895,0.048440000191330906,0.04845871581533633,0.11653978436887424,0.09188840819363554,0.06834140237095021,0.05464181219975435,83.33333126372781,1.0,0.023507819981886405,0.0152913853279277,0.008216434653958705,400.0000225775171,0.08500000834465027,0.016571430622466972,413.3813684201068,295.8904326140034,0.15440295723574182,0.008197043525707506,1.7983507137190387,0.0,,,0,102.95203663446797,180.13583276099527,240.49603622449135,-2.9411736347271384,1000.0000682969903,30.769236941309597,6.250003492459733,1.0
2022-01-20,0.16300000250339508,0.1679999977350235,0.15800000727176666,0.1679999977350235,0,0.13819999992847443,0.11920000091195107,0.08645000038668513,0.06156000033020973,0.049690000154078005,0.04954545474187894,0.1268318270421041,0.09913713100710106,0.07224958258130604,0.055769754344383894,93.86502768833304,1.0,0.02657189153873092,0.017547486570088346,0.009024404968642576,216.98113154499245,0.08299999684095383,0.015500001210187162,375.53594935285946,295.86171747570256,0.16866275439707012,0.004237246376300116,1.9019723225599259,0.0,,,0,94.33198031644955,172.90447828763214,239.08256289152456,-1.1764729600463935,1020.0000099341077,-1.2121236203895922,6.329107596847406,1.0
2022-01-21,0.16300000250339508,0.16500000655651093,0.15800000727176666,0.15800000727176666,0,0.14780000150203704,0.12600000128149985,0.09110000086948275,0.06392000049352646,0.050890000239014625,0.05052252278268874,0.13306546308803663,0.10474311922278351,0.07561234433387312,0.05678697079142253,87.87879034178974,0.8514345356823629,0.027871983786611626,0.019612386013393004,0.008259597773218622,97.50001350417763,0.06800000369548798,0.015642857711230005,377.19316853472236,296.30765135975565,0.17855742047101392,0.0036425812679515973,1.9200311474602456,0.0,,,0,73.43579117867439,147.18398944281643,212.7318244802781,-7.05882022950067,953.3334053556141,-2.9761876779990293,4.4303790902388815,1.0
2022-01-24,0.16500000655651093,0.16500000655651093,0.1550000011920929,0.1550000011920929,0,0.1552000015974045,0.13270000144839286,0.0959500010125339,0.06612000048160553,0.05204000025987625,0.05145535741134414,0.1374523707088479,0.10952948893414631,0.0787255857792935,0.057764214875011294,84.45945876215806,0.7232718963556397,0.028333628409944606,0.021356634492703325,0.00697699391724128,82.35294066085947,0.06700000166893005,0.014571429629411017,373.3970852293555,296.38667491442743,0.1863863130039442,0.005513689021123591,1.8850716214082512,0.0,,,0,61.54246957417471,134.4222626483701,201.23199796863273,-8.82352966957026,933.3333643774198,4.4303790902388815,6.451616314521787,1.0
2022-01-25,0.1850000023841858,0.1899999976158142,0.18299999833106995,0.1850000023841858,0,0.16620000302791596,0.1422000013291836,0.1030500010587275,0.06902000054717064,0.0534900002926588,0.052637168428802915,0.1469618970439155,0.11671715688176912,0.08289320995987752,0.059030242611420994,84.7682114630581,0.7127615003065616,0.030765587928905866,0.023238425179943834,0.007527162748962032,105.55555003660717,0.0949999988079071,0.01478571497968265,352.12063555963084,297.8698456424005,0.19815874909843062,0.007941253019024389,1.845875731442279,0.0,,,0,79.52450313780739,168.03825111208226,251.46267914167336,-2.6315764707211,1133.3333767950544,19.35483932991305,3.8251362560563447,1.0
2022-01-26,0.1899999976158142,0.1899999976158142,0.17000000178813934,0.17800000309944153,0,0.16880000233650208,0.14820000156760216,0.10945000117644668,0.07172000057995319,0.05487000033259392,0.05373684241714185,0.1531695182550207,0.12255361842630935,0.08662288812221337,0.06021402132274458,80.39215667177803,0.5124047594489008,0.0317619598264155,0.024943132109238167,0.006818827717177331,102.27273189085575,0.06000000238418579,0.015285714396408625,352.98260621598433,298.09901741035134,0.20672979463457375,0.012170207718319628,1.77761155618994,0.0,,,0,62.63133959449112,148.18739774131456,231.2438823957773,-6.315786666817247,1086.6667138536782,2.7027000903735274,11.764703304297399,1.0
2022-01-27,0.18799999356269836,0.19300000369548798,0.17800000309944153,0.1850000023841858,0,0.17220000326633453,0.1552000015974045,0.116450001206249,0.07466000065207481,0.056320000365376474,0.05487826119946397,0.15953561508085373,0.12850089308896426,0.09048081417170249,0.061455672875594745,80.64516067008695,0.5215612002152562,0.03273903792465574,0.026502313272321682,0.006236724652334057,105.55555003660717,0.07000000029802322,0.01564285691295351,347.5059288040179,295.0591059726931,0.21434893058640347,0.018551071826094515,1.6813899247070336,0.0,,,0,58.86646669631656,147.7899822775378,237.109810589248,-4.145078320270111,1133.3333767950544,5.617972072545548,8.42696648025705,1.0
2022-01-28,0.18799999356269836,0.18799999356269836,0.17000000178813934,0.17299999296665192,0,0.17520000040531158,0.1615000009536743,0.12385000083595514,0.07732000052928925,0.05770000029355288,0.055896551990560414,0.16222849065801337,0.132738902601125,0.09371686039895541,0.06256556660784407,75.75757274724027,0.34467502606375433,0.032174194795386496,0.027636689576934645,0.004537505218451851,46.61016264238502,0.06299999356269836,0.016571427562407086,252.92658957057904,295.0223062840803,0.21476876249269722,0.03293123917921306,1.4682076874132288,0.0,,,0,39.68509632535097,123.74546272942477,209.5002943935924,-10.362699661079658,1053.3333122233546,1.6216168323514677,10.588230344251006,1.0
2022-01-31,0.17800000309944153,0.1850000023841858,0.17000000178813934,0.17299999296665192,0,0.1787999987602234,0.16700000017881395,0.13085000049322842,0.0798800003528595,0.05903000023216009,0.056897436101467184,0.16438279111974108,0.13657329215974662,0.09682600285259056,0.06366441662136454,75.46011905387684,0.3339099111160835,0.03136499639159564,0.028382350939866845,0.0029826454517287923,50.43477376377214,0.05499999225139618,0.017285713127681186,245.6839241141933,295.0223062840803,0.2134989727716237,0.04820102821483316,1.2632628500856966,0.0,,,0,32.21245113835883,116.57485253185651,204.0558675757111,-10.362699661079658,1053.3333122233546,2.8901793850092417,8.82352966957026,1.0
2022-02-01,0.2199999988079071,0.22300000488758087,0.2029999941587448,0.2029999941587448,0,0.1823999971151352,0.17430000007152557,0.1383500002324581,0.08304000020027161,0.06068000018596649,0.058135593373139026,0.17210623172754183,0.1428996447310798,0.10098968878616524,0.06505084027845291,75.75757274724027,0.34467502606375433,0.03276673567014188,0.029259227885921852,0.0035075077842200257,84.54545023520129,0.0729999989271164,0.018857142754963467,200.55930480383947,290.7300695377519,0.21843751674261336,0.05826248372230286,1.1577523147898923,0.0,,,0,46.72930525309768,144.460493339547,249.1836625039746,-8.96861448003936,1253.333324640989,27.16763453875693,9.8522223174037,1.0
2022-02-02,0.19499999284744263,0.19499999284744263,0.18000000715255737,0.1850000023841858,0,0.18379999697208405,0.17629999965429305,0.14360000044107438,0.08584000021219254,0.0621500002220273,0.05920168084382009,0.17468498585887063,0.14690920260280418,0.1042842108880484,0.06624436427950497,69.44444455942254,0.08741413709328126,0.032055657576785745,0.029818513824094634,0.0022371437526911113,56.77966208712735,0.019999995827674866,0.019928570304598128,161.80822889866695,290.96512675400413,0.22131310148354089,0.06588689939860785,1.0823551643978684,0.0,,,0,28.830084830048257,115.51724362403806,212.49113158160853,-17.040359493512884,1133.3333767950544,-3.9408874588667384,8.333325054910777,1.0
2022-02-03,0.19300000369548798,0.1979999989271164,0.18799999356269836,0.19300000369548798,0,0.18539999723434447,0.1788000002503395,0.1490000005811453,0.08890000030398369,0.06370000027120114,0.06031666686758399,0.17834798942619412,0.1512988027068693,0.10776326158637936,0.06750561442294759,72.67759700778167,0.13239456368802024,0.03177141521421134,0.03020909410211798,0.0015623211120933608,48.4615467497586,0.025000005960464478,0.020142855388777598,161.65793213644736,289.08510493745393,0.22454712661118761,0.07345287455110297,1.014055378998464,0.0,,,0,29.530203317267983,117.09786618171638,219.97789950693056,-13.452915037924123,1186.6667200624954,4.324324977406619,5.319151971716961,1.0
2022-02-04,0.1899999976158142,0.2280000001192093,0.18799999356269836,0.22300000488758087,0,0.19539999961853027,0.18530000001192093,0.1556500006467104,0.09246000036597252,0.06558000031858682,0.06166115726444347,0.18727839251847148,0.15812748862884182,0.11228234955897551,0.06905282228826733,75.60975733858571,0.25246378215532117,0.03357981328490589,0.030883237938675562,0.002696575346230329,35.15151274324677,0.06499999761581421,0.022428570049149648,165.73569791437407,289.26375970581273,0.23272897609600096,0.0785710251974198,0.9904140716869263,0.0,,,0,43.27015994926943,141.18538179202753,261.6539403099599,-2.1929803636027114,1386.6667324801301,-1.554407265404577,21.276599960718002,1.0
2022-02-07,0.2199999988079071,0.2199999988079071,0.20000000298023224,0.2029999941587448,0,0.20139999985694884,0.19009999930858612,0.1614000003784895,0.09552000023424626,0.06726000025868416,0.06281967232095413,0.19042271284652615,0.16240106058407067,0.11583990424916255,0.07038562996857059,67.13614882243407,0.0,0.03301853099400551,0.03131029654974155,0.001708234444263955,20.833331485471064,0.047999992966651917,0.022999998714242662,171.46108834342058,289.7312814026495,0.2342730687743013,0.08852693198267772,0.9030119978305019,0.0,,,0,25.77446944405306,112.52093138706292,223.14717135356995,-10.964914889207579,1253.333324640989,-1.3452941766463795,9.999997764825855,1.0
2022-02-08,0.27000001072883606,0.2750000059604645,0.26499998569488525,0.2750000059604645,0,0.21580000221729279,0.199099999666214,0.1706500004976988,0.10016000032424927,0.06971000032499433,0.06454471568387699,0.20733817146931383,0.17312476966753676,0.12208147686529204,0.07242159390878845,71.99999856948861,0.18196983762232924,0.037946091040941515,0.03263745544798154,0.005308635592959972,74.05062867336005,0.09000000357627869,0.025285713374614716,194.71496806200966,293.6963079143825,0.2518522186985515,0.08944778229684607,0.9516814294055361,0.0,,,0,61.14855268586585,174.5607079375034,326.0612244499489,0.0,1733.3334140479583,33.00493522068657,3.7735927567532066,1.0
2022-02-09,0.27000001072883606,0.2750000059604645,0.2680000066757202,0.27000001072883606,0,0.23280000388622285,0.20830000042915345,0.1782500009983778,0.1048000005632639,0.07213000042364001,0.06620161322456214,0.2198705393212183,0.18235098310194622,0.12788220368347025,0.07438754830500784,70.23809629401644,0.1495444767093836,0.04097542090492448,0.03430504853937014,0.0066703723655543445,74.19355396921748,0.09200000762939453,0.025071428290435245,178.76499628957404,293.7541906704491,0.2668220092261637,0.08967799277059182,0.9937953181676787,0.0,,,0,51.47265594197291,157.63359663900673,307.84506234458433,-1.8181800448205245,1700.0001117587115,-1.8181800448205245,2.6119399665591265,1.0
2022-02-10,0.25999999046325684,0.3700000047683716,0.2549999952316284,0.3700000047683716,0,0.2682000041007996,0.22680000066757203,0.19100000113248825,0.11124000065028668,0.07558000046759844,0.06863200035691261,0.24989643241064896,0.20022231849874864,0.1373770194122899,0.07732896578225525,80.99414963893224,0.7859546043450149,0.05085907863165562,0.03761585455782723,0.013243224073828386,100.0,0.1850000023841858,0.032571429652827125,201.3055359765182,297.64851147259293,0.30957043728278516,0.07242956498219133,1.2415752402854685,0.0,,,0,93.71727883484093,232.61416990779034,439.10712618637115,0.0,2366.666753590109,-3.7037110623015317,45.09804379889626,1.0
2022-02-11,0.37299999594688416,0.382999986410141,0.3179999887943268,0.33799999952316284,0,0.29120000302791593,0.2433000013232231,0.20240000113844872,0.11700000062584877,0.07876000046730042,0.07076984162013682,0.2675171458331517,0.2133440024058357,0.14524458725977513,0.07992270741151802,74.66307110906003,0.42688835901047884,0.05547038750190805,0.0411867611466434,0.014283626355264652,89.88763687511604,0.16500000655651093,0.03650000052792685,205.0514545129931,298.79216765617787,0.33155010051796346,0.07324990175893398,1.2761867455837763,0.0,,,0,66.9960462559281,188.8888869360302,377.6045724920606,-11.749344251618139,2153.3333805203447,0.8108084161757338,20.440251542855975,1.0
2022-02-14,0.35499998927116394,0.3880000114440918,0.3499999940395355,0.36000001430511475,0,0.32260000705718994,0.2620000034570694,0.21450000181794165,0.12334000088274479,0.08211000060662627,0.0730472445546642,0.28601371952754434,0.22731124163433847,0.15366636871253353,0.08270954628608118,74.10468249446235,0.502852739316636,0.06020608209793776,0.044990625336902276,0.015215456761035487,94.59459981925293,0.18700002133846283,0.03757143020629883,205.00207562245492,298.3591942681768,0.3551862952857185,0.07381370835016482,1.3117603009363636,0.0,,,0,67.83217307879895,191.87612431376155,392.83175087557504,-7.216493895132698,2300.000149011615,5.029582772776337,10.857148014769349,1.0
2022-02-15,0.41499999165534973,0.41999998688697815,0.39800000190734863,0.4000000059604645,0,0.34760000705718996,0.2817000046372414,0.22800000235438347,0.1304800009727478,0.08586000066250563,0.07560156300314702,0.3088109768141284,0.24375779061777905,0.16332651134970727,0.08586666528781635,78.03030143391305,0.7861272889022578,0.06642115745937996,0.04927673176139782,0.017144425697982142,131.21388567776987,0.19700001180171967,0.04042857140302658,205.25037404553294,298.6176780573379,0.3853731811634217,0.07062682354534525,1.3804664665260045,0.0,,,0,75.43859729384523,206.56039467995475,429.0895982452293,-4.761900369272073,2566.6667660077437,15.277770879092314,5.527634390502074,1.0
2022-02-16,0.4050000011920929,0.4099999964237213,0.3499999940395355,0.37299999594688416,0,0.36820000410079956,0.3005000039935112,0.23840000182390214,0.1370800008624792,0.08934000061824918,0.0779069772120132,0.32164878064067953,0.25606657207769384,0.1715490009417534,0.08872371335407574,72.59615098743467,0.3939963806684425,0.06837973527755326,0.05309733246462891,0.015282402812924346,115.60694283888493,0.18799999356269836,0.04364285724503653,197.9953814941211,299.3242961041969,0.4054378522979257,0.07136215134987856,1.4013242382221849,0.0,,,0,56.459728646481466,172.10387627665946,378.77611132545366,-11.190474382738893,2386.6666952272262,1.2499987892806712,17.142858115994215,1.0
2022-02-17,0.36000001430511475,0.36000001430511475,0.33000001311302185,0.3449999988079071,0,0.3632000029087067,0.31570000350475313,0.2472500018775463,0.14282000087201596,0.09254000060260296,0.079961538916597,0.32631902427412507,0.26453642224247603,0.17835100085807315,0.09127372614466113,69.9074068804245,0.19997531351644957,0.06690135932027719,0.05585813783575857,0.011043221484518619,69.95074321929246,0.15199999511241913,0.04542857089212963,202.34782832073668,298.56619401769615,0.4173111397040112,0.07718886405108144,1.3756209224272509,0.0,,,0,39.53488217920124,141.56280402005385,331.45742751118826,-17.857140576352805,2200.000043461721,-3.4852498077830085,9.090909090909092,1.0
2022-02-18,0.328000009059906,0.33500000834465027,0.30799999833106995,0.3179999887943268,0,0.35920000076293945,0.3252000018954277,0.25525000095367434,0.14798000067472458,0.09542000049725174,0.0817786263202438,0.3246552171781654,0.2696281904855094,0.18382743175753408,0.09352970885759312,65.79520527419254,0.0,0.0628268319530057,0.057251876659208,0.005574955293797701,71.89188361951618,0.09499998390674591,0.04699999945504325,203.75312111463538,299.02497150851104,0.4226661259091016,0.08783387599824707,1.3117815814293519,0.0,,,0,24.583736574418673,114.89389602945319,288.8546471165264,-24.285714589819626,2019.9999726812039,-4.927533277316485,8.766237064896977,1.0
2022-02-22,0.3199999928474426,0.33000001311302185,0.30799999833106995,0.33000001311302185,0,0.3532000005245209,0.3379000037908554,0.26400000154972075,0.153520000949502,0.09842000063508749,0.08365909137170423,0.32572417636513673,0.2753778878786058,0.18955968984990615,0.09588264720839342,64.3990931850579,0.0,0.059875830035945266,0.05777666733455546,0.002099162701389809,70.98445947891798,0.12700001895427704,0.04499999965940203,202.74650817848791,298.64238414719375,0.42760414923147155,0.10039585386796995,1.2394253539497666,0.0,,,0,25.00000423328441,114.95571330902364,294.4580412029634,-21.428565853306864,2100.0001365939806,0.6289321143370824,7.142861980896517,1.0
2022-02-23,0.36500000953674316,0.36500000953674316,0.3179999887943268,0.3400000035762787,0,0.3412000000476837,0.34440000355243683,0.2717500016093254,0.1593200010061264,0.1015400006622076,0.08558646665143788,0.32857934180736514,0.28153237508790796,0.19545930999603842,0.09831167562996442,67.89838111466315,0.210863273609913,0.057679165892457473,0.057757167046135864,-7.800115367839061e-05,52.4663659750501,0.06499999761581421,0.046714287783418386,195.96689638027067,296.21798287349804,0.43427854603677274,0.10922145718187803,1.1961622334126236,0.0,,,0,25.114995975260822,113.40698056059173,297.25907246641384,-19.047615668670826,2166.6667411724743,10.60605910089287,14.779881257421879,1.0
2022-02-24,0.29499998688697815,0.29499998688697815,0.26499998569488525,0.28299999237060547,0,0.323199999332428,0.34570000171661375,0.2770000010728836,0.16412000082433223,0.10409000057727098,0.08705970191799883,0.31946347192001323,0.28167214816245056,0.19889227793229594,0.10014937032390114,59.33609709644732,0.0,0.05075381085887393,0.056356495808683474,-0.005602684949809547,39.40886724819368,0.01299998164176941,0.05114286073616573,209.05063747696911,297.8327807666486,0.4334474074124387,0.12055259473332847,1.129584156921292,0.0,,,0,2.1660618319431637,72.43479828733234,225.06427903596773,-32.61904733183702,1786.6666579743223,-13.235298887049812,11.320755777939622,1.0
2022-02-25,0.30300000309944153,0.31299999356269836,0.2800000011920929,0.2980000078678131,0,0.3138000011444092,0.33850000202655794,0.28265000134706497,0.16912000097334384,0.10679000064730644,0.08862222270281227,0.31517077910957325,0.28322718242010414,0.20277885557682604,0.10211803338403957,58.02997749350706,0.0,0.04594615432397603,0.05427442751174199,-0.00832827318776596,8.363636875940728,-0.07199999690055847,0.05064285972288677,209.22972800607985,294.9302739745651,0.4331569044788186,0.13214309821531134,1.0649701214538239,0.0,,,0,5.430747018430019,76.20624772511853,236.25878338341045,-29.0476149590917,1886.6667635242165,7.067141790818441,11.785711510753156,1.0
2022-02-28,0.3100000023841858,0.3100000023841858,0.27300000190734863,0.2879999876022339,0,0.3078000009059906,0.333500000834465,0.28840000107884406,0.17398000068962574,0.10932000052183867,0.0900882356800139,0.3097366208081054,0.2836817352945927,0.20612086075429303,0.10396760506780271,59.29977859878703,0.05529487835392887,0.040858146540987295,0.051591171317591056,-0.010733024776603761,6.666657836349277,-0.050000011920928955,0.051642859620707374,207.65273955276965,295.21738442190235,0.42977877977060364,0.14702122238708448,0.9804353548050704,0.0,,,0,-0.13870092757066776,65.53626075448513,219.68656665137328,-31.428572239519003,1819.9999602635692,4.026843691123538,13.553113633088657,0.0
2022-03-01,0.33000001311302185,0.33799999952316284,0.30000001192092896,0.31299999356269836,0,0.3043999969959259,0.32879999876022337,0.2954000011086464,0.17954000055789948,0.11205000046640634,0.09171532880324516,0.310389295359024,0.2864739503677456,0.21031219929579914,0.10604752933143352,54.63414385941448,0.0,0.03840049822305902,0.04895303669868465,-0.01055253847562563,-15.405408235428675,-0.04700002074241638,0.050071431057793755,208.39878327828737,293.0105567406511,0.4261877385873898,0.164612263629903,0.8854958496133548,0.0,,,0,5.958020442788961,74.33440603213079,241.27337016276766,-25.476189682137644,1986.666670391957,14.583342819026631,12.666662030750034,1.0
2022-03-02,0.33000001311302185,0.3449999988079071,0.3179999887943268,0.32499998807907104,0,0.30139999389648436,0.32129999697208406,0.3015000008046627,0.18544000033289193,0.11490000035613775,0.09340579734872216,0.3133114339030334,0.2901430968164433,0.21480975964024118,0.10822616076175828,56.59472015875129,0.07437692979795221,0.03699464228612426,0.04656135781617258,-0.009566715530048321,-3.846157237405834,-0.07500001788139343,0.0518571457692555,202.7031325752245,292.9305549421598,0.42533775656752904,0.17766224504179642,0.8214776479758547,0.0,,,0,7.7943572841426345,75.25883708781737,247.94412906268843,-22.619048041416146,2066.66663562258,5.431316261966038,8.490569485850878,1.0
2022-03-03,0.3100000023841858,0.33500000834465027,0.2980000078678131,0.33500000834465027,0,0.31179999709129336,0.31749999821186065,0.30900000110268594,0.19138000052422285,0.11785000044852495,0.09514388519761374,0.3176491487913568,0.2944151836286535,0.2195231027266886,0.11048261695661293,44.64832041185885,0.0,0.03626931925374438,0.04450295010368695,-0.008233630849942566,-6.944445824181534,-0.03799998760223389,0.04628571655069079,197.98390902596796,292.8474244460557,0.4207045004773843,0.19729550172798757,0.7230064658645555,0.0,,,0,8.414241795851671,75.04441813513817,252.0983063166441,-20.238090760988843,2133.3334388832272,-4.61538038310199,12.416107214752028,1.0
2022-03-04,0.32499998807907104,0.32499998807907104,0.29499998688697815,0.3050000071525574,0,0.3131999969482422,0.3134999990463257,0.3146000012755394,0.19618000071495773,0.12050000052899122,0.0966428574972919,0.3151193204635969,0.2954232620595015,0.22287513819436972,0.11241811337647308,44.92307977281285,0.00823076859256727,0.03289455815887821,0.0421812717147252,-0.009286713555846995,-23.7499993480742,-0.03999999165534973,0.04450000396796635,202.67377793177866,288.70354933016404,0.4121519335955891,0.21704806895548967,0.6201648564814201,0.0,,,0,-3.05149208012048,55.46946989551248,215.59498037514464,-27.380948410688223,1933.3334264655928,-2.985080601935728,10.169492381566323,0.0
2022-03-07,0.3149999976158142,0.3199999928474426,0.29499998688697815,0.3050000071525574,0,0.31660000085830686,0.3122000008821487,0.31870000138878823,0.20098000090569257,0.1231500006094575,0.09812056777853492,0.31309545780138903,0.2963353330207449,0.22609572129076924,0.11433435112548884,40.92409399984027,0.0,0.02987564780638896,0.039720146933057955,-0.009844499126668994,-18.230560196577084,-0.01299998164176941,0.042714289256504605,197.60183160442404,288.7558624358063,0.4064414914872868,0.2309585112902897,0.5506212093890833,0.0,,,0,-4.298711696432651,51.756396545980174,210.84207323480234,-27.380948410688223,1933.3334264655928,3.2786853209006517,8.474578668385705,0.0
2022-03-08,0.3630000054836273,0.3630000054836273,0.3499999940395355,0.36000001430511475,0,0.32600000500679016,0.31520000100135803,0.3265500023961067,0.20702000122517347,0.12630000073462724,0.09996478923294745,0.3224763691021342,0.30239863600020866,0.23134687003642984,0.11677878558498761,43.710695272013105,0.08798295839339766,0.03155740638790322,0.038087598824027014,-0.006530192436123794,4.347830593924007,0.030000001192092896,0.0425714339528765,199.986905118891,288.384987066447,0.39711904619817556,0.25598095859403786,0.4322097276635035,0.0,,,0,10.243457866655598,73.89624778986766,260.12681771999587,-14.285708203607486,2300.000149011615,19.016392449479202,3.7142890472801935,1.0
2022-03-09,0.36000001430511475,0.3700000047683716,0.3479999899864197,0.3700000047683716,0,0.33500000834465027,0.31820000112056734,0.3313000023365021,0.21356000129133462,0.12960000079125167,0.10185314738354483,0.3319810962353817,0.30883686159717655,0.23678424786905503,0.11929839970621532,49.50166274137522,0.2959485265496002,0.03331311498430206,0.037132702056082025,-0.003819587071779963,16.35220685736467,0.030000001192092896,0.03985714912414551,171.65297813174158,287.7743126123496,0.4000240160892492,0.26257598858375497,0.41487481598592924,0.0,,,0,11.681256311179203,73.25341942830596,263.2681112691349,-11.90475801897145,2366.666753590109,0.0,6.321843510055972,1.0
2022-03-10,0.3700000047683716,0.375,0.3479999899864197,0.36000001430511475,0,0.34000000953674314,0.32590000331401825,0.335800002515316,0.21976000156253575,0.13282000094652177,0.10364583395938906,0.3375848798493283,0.3137095428074564,0.24161623870968482,0.1216934406474979,52.65017865065443,0.4347134217449053,0.03351131347746816,0.036408424340359256,-0.0028971108628910933,9.090909090909083,0.07700002193450928,0.0387142939226968,171.91488991022013,285.5030306335351,0.39920381196185023,0.27239619306878177,0.37762840364268524,0.0,,,0,7.206674094260905,63.815076331200224,247.33669512097455,-14.285708203607486,2300.000149011615,0.0,7.758623790372514,1.0
2022-03-11,0.36500000953674316,0.36500000953674316,0.3499999940395355,0.36500000953674316,0,0.35200001001358033,0.33260000348091123,0.3355500027537346,0.22616000171750783,0.13604000102728606,0.10544827654957771,0.34306790578681123,0.3185943491626266,0.24645481795780474,0.12411440153196801,59.003833080089784,0.6702582723794897,0.03368356190537819,0.035863451853363044,-0.0021798899479848546,7.35294285220669,0.06700000166893005,0.03714286642415183,130.23222508599076,285.1100690348873,0.3984232331997437,0.27267677230772547,0.37474730996889766,0.0,,,0,8.776637324191112,61.39016924516023,246.1412755903452,-13.095233111289467,2333.3334513008617,1.3888875091517963,4.285718786473254,1.0
2022-03-14,0.37299999594688416,0.3880000114440918,0.3630000054836273,0.3779999911785126,0,0.36660000681877136,0.3416000038385391,0.33755000233650206,0.2332200015336275,0.13932000093162059,0.10731506911552932,0.35005432286515153,0.3242520293546157,0.2516134522017541,0.12664062630457046,59.1603003072824,0.6760588789544317,0.03447169169461822,0.035585099821614084,-0.0011134081269958615,33.56890507738917,0.09000000357627869,0.0373571515083313,126.31660976503605,284.372322857154,0.40323337974722545,0.2718666249257787,0.3891771705292061,0.0,,,0,11.983406476675446,62.078719103348234,252.23384217511818,-9.999999290420874,2419.999997516473,2.191777041401875,6.88705387956036,1.0
2022-03-15,0.44999998807907104,0.44999998807907104,0.4449999928474426,0.4480000138282776,0,0.38420000672340393,0.35510000586509705,0.3419500023126602,0.24152000181376934,0.1433000010624528,0.10963265377343917,0.3696434610577768,0.3360375516854407,0.25931488599102953,0.1298382321505775,66.77018498446347,1.0,0.040280379898196494,0.03652415583693057,0.0037562240612659253,50.335571140991874,0.13500002026557922,0.03914286409105573,137.92319705844434,279.28534140333346,0.4237726035253047,0.2601274011000157,0.47856470629779635,0.0,,,0,31.013309196778742,85.49188906255489,308.63738896085636,-0.44443873417215174,2886.66682561239,19.04761867218036,1.1235944521335182,1.0
2022-03-16,0.46000000834465027,0.4650000035762787,0.4300000071525574,0.43299999833106995,0,0.3968000054359436,0.36590000689029695,0.3436000019311905,0.24912000179290772,0.14713000103831292,0.11181756826369343,0.38231476851243545,0.34527207041359587,0.26612606686710955,0.13285476713744807,76.78570953406953,1.0,0.04317572833828032,0.03785447033720052,0.005321258001079798,50.347228114849884,0.1080000102519989,0.03628571970122201,134.0887441749208,276.746673649899,0.4314597043344338,0.2557402995279472,0.5114068795659561,0.0,,,0,26.018625115660722,73.81181567709719,287.23789566765487,-6.8817215051826235,2786.6667200624956,2.678570121868877,8.13953391663639,1.0
2022-03-17,0.3700000047683716,0.37299999594688416,0.3529999852180481,0.36000001430511475,0,0.3968000054359436,0.3684000074863434,0.34295000284910204,0.2547200021147728,0.15023000117391347,0.11348322226397144,0.3778518176709713,0.3466747317365977,0.2698073981391882,0.1351149188505592,59.1715977896554,0.5088310584445986,0.03912877208455723,0.03810933068667186,0.0010194413978853664,15.015981376690224,0.025000005960464478,0.03964286403996604,147.9415203079013,277.72652499126764,0.4300832407962023,0.2558167649020018,0.5081395959949233,0.0,,,0,4.971573498867912,41.33166273408887,217.2275223801142,-22.58064268034779,2300.000149011615,-14.549652149081266,5.665725656187224,1.0
2022-03-18,0.3580000102519989,0.38499999046325684,0.3529999852180481,0.382999986410141,0,0.40040000081062316,0.37620000541210175,0.3448500022292137,0.2606800018250942,0.1535600010305643,0.11528000069161257,0.3788814514188053,0.3501342798007447,0.27424632316942166,0.13758143693572916,63.53276408913357,0.6304420409536136,0.03734692353990954,0.0379568492573194,-0.0006099257174098649,17.84615398722993,0.07799997925758362,0.03928572152342115,146.70957380974795,257.5807669325567,0.4338095486047413,0.2558904558536861,0.5159318300737507,0.0,,,0,11.062776260494237,46.92342478465938,232.2345455520169,-17.634412158168168,2453.33329980572,-0.5555566593452297,9.065157672865718,1.0
2022-03-21,0.3799999952316284,0.46799999475479126,0.3799999952316284,0.45500001311302185,0,0.415800005197525,0.3912000060081482,0.35170000344514846,0.2679800020158291,0.15761000115424395,0.11752980209837686,0.39410516375764865,0.36012149249715203,0.2813347031672099,0.14073983072853807,67.83919835047891,0.7505268223331619,0.04126887426282383,0.03861925425842029,0.0026496200044035384,35.8208960535054,0.15000000596046448,0.04200000635215214,154.27229738342515,259.150880366691,0.4522921508596581,0.2511078560306388,0.5720338153490985,0.0,,,0,29.371626003974207,69.78879382430402,287.1358625552434,-2.7777738862114205,2933.333488553766,-0.7832875417650773,23.157894901951927,1.0
2022-03-22,0.5429999828338623,0.5450000166893005,0.5149999856948853,0.5199999809265137,0,0.43019999861717223,0.4072000026702881,0.36120000183582307,0.2766200016438961,0.1623100009560585,0.12017763222224619,0.4192841271914217,0.3753480152047103,0.2906941258244375,0.14451356356632888,71.61862567276599,0.8559160321048099,0.04905650973441328,0.040706705353618894,0.008349804380794384,70.49179302688209,0.15999996662139893,0.046142863375799995,159.57021636472848,258.14143627633507,0.48611108518234125,0.2362889184893049,0.6916449762549794,0.0,,,0,43.964556556915596,87.98350727939416,332.6928158851311,-4.587162384811293,3366.666616996128,19.34065212850473,5.82524889858715,1.0
2022-03-23,0.5099999904632568,0.5099999904632568,0.4779999852180481,0.47999998927116394,0,0.439599996805191,0.4182000011205673,0.36820000112056733,0.28442000135779383,0.1666300008445978,0.12252941233367702,0.4314272996073702,0.38531486987770586,0.2981178851752895,0.14785173695642675,65.07276476361366,0.6733849104127484,0.05140800246774557,0.04284696477644423,0.008561037691301343,57.37704197202647,0.10999998450279236,0.04650000589234488,163.63654222255403,249.73434132468353,0.5033780095445538,0.2330219926965809,0.7342640304866395,0.0,,,0,30.363929334695367,68.76449862164756,291.74266825340567,-11.926610170214454,3100.0,-1.9230751596258298,6.694561973806626,1.0
2022-03-24,0.45500001311302185,0.4880000054836273,0.45500001311302185,0.4830000102519989,0,0.46419999599456785,0.43050000071525574,0.378200002014637,0.2917200015485287,0.1709800009429455,0.1248701305019778,0.44174184173629594,0.3946182165800195,0.30536816459006244,0.15118654564593495,69.60352602199163,0.7997250429160774,0.05290381181036319,0.04485833418322802,0.008045477627135166,34.16666418313989,0.12299999594688416,0.046000003814697266,145.63531513381605,248.7550643839528,0.5163968079530203,0.2400031960762536,0.7308133537928163,0.0,,,0,27.71020827051872,65.56972702869334,286.8018783277789,-11.376147621780214,3120.000140319271,-5.2083284826948155,7.25274536693437,1.0
2022-03-25,0.4880000054836273,0.5329999923706055,0.48500001430511475,0.5199999809265137,0,0.4915999948978424,0.4459999978542328,0.38930000066757203,0.2998200011253357,0.1757800007611513,0.12741935534342644,0.4573934695743395,0.40655933699397134,0.3137850985640409,0.15485633107161234,71.89409382233589,0.8521054088449695,0.05642441437692963,0.047171550221968346,0.009252864154961286,40.54053357432941,0.1549999713897705,0.0477857163974217,146.349104899556,247.0551479113531,0.5357874293513425,0.24281257198380152,0.7525683454023823,0.0,,,0,33.57307475849401,73.43738875817519,308.1012492372027,-4.587162384811293,3366.666616996128,1.0351956781573848,9.896902402005665,1.0
2022-03-28,0.5230000019073486,0.5249999761581421,0.503000020980835,0.5080000162124634,0,0.5021999955177308,0.4590000003576279,0.4003000020980835,0.3077800014615059,0.18041000090539455,0.12985897496438178,0.4675147789019643,0.41622035406239916,0.32140136984437123,0.15837019858545168,66.5178612411526,0.6236684253280826,0.057582445819393036,0.04925372934145329,0.008328716477939743,41.111110007321436,0.1300000250339508,0.0452142847435815,145.79238118833658,210.02264566350627,0.5477957237382384,0.2528042804579286,0.7369259099030171,0.0,,,0,26.904824768896884,65.05296439021527,291.1936131883064,-6.788990705284788,3286.6668504476584,0.576927132860592,4.373748361761074,1.0
2022-03-29,0.5950000286102295,0.5979999899864197,0.5529999732971191,0.5550000071525574,0,0.5092000007629395,0.4696999996900558,0.41240000277757644,0.3165200015902519,0.18551000095903875,0.13256687962800073,0.4850118245520829,0.42943746388050946,0.33056210071920206,0.16231676384482588,69.07216931950407,0.680407269604918,0.06158281222885875,0.051719545918934386,0.009863266309924366,52.05479250725544,0.10699999332427979,0.050071424671581814,146.06575142883557,204.785909547928,0.569155791576865,0.25564421397828785,0.7602123556911475,0.0,,,0,34.5780803624026,75.34437140279925,318.6566122020499,-7.190632701321419,3600.000130385163,17.12598614590982,8.13743559895665,1.0
2022-03-30,0.550000011920929,0.5630000233650208,0.5,0.5249999761581421,0,0.5181999981403351,0.4788999974727631,0.42240000218153,0.32442000120878217,0.19041000071913003,0.13505063340350798,0.49300945487329473,0.4385386555259983,0.33818711544229774,0.16592555202704792,66.33663196889039,0.4123748642488998,0.06162203914009523,0.05370004456316656,0.007921994576928673,38.88888582280627,0.09199997782707214,0.0526428541966847,149.02146922459818,185.49731525553588,0.5811840554404586,0.26361594892260143,0.7518184301082924,0.0,,,0,24.289766440985687,61.827253005980864,288.74306837905215,-12.20736037636646,3399.9999192853747,-0.9009000301245093,12.60000467300415,1.0
2022-03-31,0.5080000162124634,0.5180000066757202,0.4880000054836273,0.49300000071525574,0,0.5201999962329864,0.4921999961137772,0.4303000018000603,0.3309800010919571,0.1949400007352233,0.13730188728597179,0.49300756404168694,0.4437254503059276,0.34425820898241377,0.16918002415329877,62.03007626202631,0.16282038719319064,0.05839782242108915,0.054639600134751075,0.003758222286338077,10.044639620084261,0.132999986410141,0.05421427956649235,152.13589362785453,169.4892476743182,0.5864754665118002,0.2741245370883204,0.7258910716170859,0.0,,,0,14.571229061795155,48.951598008570976,259.06279983496324,-17.5585269279935,3186.6667448977646,-3.238087755752189,6.1475411588083295,1.0
2022-04-01,0.49799999594688416,0.5049999952316284,0.49799999594688416,0.5,0,0.5162000000476837,0.503899997472763,0.4400500014424324,0.3376200011372566,0.19959000073373317,0.13956875049043446,0.4944060512333496,0.4490849312291726,0.3503657301987897,0.1724717652064998,61.596960480019156,0.1376942945268244,0.055764628952604256,0.05486460589832171,0.0009000230542825435,15.47344155361916,0.11700001358985901,0.0532857073204858,146.19852591270757,169.40197674587841,0.5873863057369486,0.2927136971479162,0.6696343770551758,0.0,,,0,13.623451508023754,48.095491474371855,258.24638269171015,-16.387958466127266,3233.333407839141,1.014197814274708,1.4056223577742502,1.0
2022-04-04,0.5,0.5400000214576721,0.5,0.5379999876022339,0,0.5221999943256378,0.5121999949216842,0.4517000004649162,0.34522000074386594,0.2045700006186962,0.1420434786712531,0.5031248385071264,0.45755303183613083,0.3577239363714738,0.17610886194675585,59.10931095930558,0.0,0.056097429332144955,0.05511117058508636,0.0009862587470585923,49.444435062232216,0.08299997448921204,0.050999994788851054,146.86678730821845,169.54610359752098,0.5906844262956146,0.3127155746342178,0.6153837754600285,0.0,,,0,19.10559819537141,55.842647136021526,278.7572598439289,-10.03344538275801,3486.6666641831403,0.0,8.000004291534424,1.0
2022-04-05,0.6629999876022339,0.675000011920929,0.6629999876022339,0.6679999828338623,0,0.5447999894618988,0.5269999951124191,0.4670999988913536,0.35548000037670135,0.21080000042915345,0.14529012375867661,0.5360998673724736,0.4775955985978195,0.3698916244680381,0.1810033009605579,69.29392705378537,0.7966201853870032,0.06608925341627803,0.0573067871513247,0.008782466264953326,74.41253434367619,0.14800000190734863,0.05828571106706347,154.07375696895377,173.42493320822382,0.6295728509342235,0.3046271468484837,0.6956662488910035,0.0,,,0,43.0100587495907,87.91492689489823,359.76971149353153,-1.0370413279172874,4353.333318432172,23.234201278907424,1.8099584529546735,1.0
2022-04-06,0.6650000214576721,0.6700000166893005,0.6000000238418579,0.6629999876022339,0,0.5723999917507172,0.5452999949455262,0.48174999803304674,0.3650400000810623,0.21703000031411648,0.14846625789268617,0.5614798914184257,0.4952531594553828,0.38138607008114384,0.18579928789231587,78.00370011608035,1.0,0.07276559171538316,0.060398548064136394,0.012367043651246766,45.71427879004146,0.18299999833106995,0.05757142390523638,154.67645789027108,173.61722907380005,0.6594805620385797,0.30401943402751375,0.7378539272701405,0.0,,,0,37.623246561332394,81.6239281873234,346.56610667823327,-1.7777813491506693,4320.000016142925,-0.4490960259405131,11.666665010982156,1.0
2022-04-07,0.6549999713897705,0.6650000214576721,0.6480000019073486,0.6600000262260437,0,0.6057999968528748,0.5629999965429306,0.4967499986290932,0.37468000054359435,0.22320000056177378,0.15158536623618224,0.5811839183799493,0.5109433372430647,0.3923121075770223,0.19051770319911915,76.58350329527387,0.9248349968330543,0.0769277904243833,0.06370439653618579,0.013223393888197515,26.923086622057934,0.1770000159740448,0.05649999635560172,153.77784481257783,166.55013229104503,0.6817073150243362,0.31179268223385015,0.7446696201537166,0.0,,,0,32.86361913386615,76.15032167943325,335.39824629094494,-2.222220063700145,4300.000273187961,-1.2066389686364487,2.6234597994266915,1.0
2022-04-08,0.6650000214576721,0.6729999780654907,0.6600000262260437,0.6679999828338623,0,0.6393999934196473,0.5777999967336654,0.5118999972939491,0.3843400001525879,0.22950000040233134,0.1547151517913197,0.598547131270732,0.5259011130136169,0.4031233968027807,0.1952687706581713,73.3041639991838,0.7512734559502027,0.07995027551924488,0.06695357233279761,0.012996703186447273,39.16666620100537,0.14800000190734863,0.05114285009247916,153.8039441272764,166.20214400088648,0.701009706745487,0.3227902878424111,0.7388541138942231,0.0,,,0,30.49423449210837,73.80443944649471,331.76119151850287,-1.0370413279172874,4353.333318432172,0.7575750049918888,1.9696895943750556,1.0
2022-04-11,0.675000011920929,0.6930000185966492,0.6729999780654907,0.6800000071525574,0,0.667799997329712,0.5949999958276748,0.5269999980926514,0.394480000436306,0.23590000048279763,0.15787951838988137,0.6148377064470971,0.5405771981697064,0.4139813030910073,0.20009196704120003,69.80199005811897,0.5659182210174509,0.0823644720432718,0.07003575227489245,0.012328719768379348,40.78674797496926,0.171999990940094,0.04649999524865832,153.85417964979155,165.51010151234652,0.7192936286554464,0.3347063675298564,0.7297671015512529,0.0,,,0,29.032259888738587,72.37882944647592,330.70818437215297,-1.8759034769461196,4433.333482344949,1.0479085728970179,2.9717743213971115,1.0
2022-04-12,0.7649999856948853,0.7680000066757202,0.7099999785423279,0.7379999756813049,0,0.6817999958992005,0.6132999926805496,0.5414999961853028,0.40578000009059906,0.2428300002217293,0.16135329358324318,0.6394701602939388,0.5593793674565253,0.42668791770239156,0.20544428553513144,80.56873021931905,1.0,0.08794408821061994,0.07361741946203795,0.014326668748581989,41.92307745211225,0.18299996852874756,0.04978570980685098,146.1694170716309,165.64700997533814,0.7516202553960457,0.3313797369745598,0.7760674448420097,0.0,,,0,36.2880851117789,81.8719442842256,357.3814139719225,-3.906254001776653,4819.999947845935,12.499996712979183,8.169018293841338,1.0
2022-04-13,0.7350000143051147,0.7400000095367432,0.699999988079071,0.7400000095367432,0,0.6972000002861023,0.6347999960184098,0.5568499967455864,0.416520000398159,0.24978000029921532,0.1647976192734426,0.6595761301424997,0.5765813333689269,0.4389746664017779,0.2107632479630082,80.52257576252029,0.997849221535796,0.09147291738763008,0.07718851904715639,0.014284398340473695,45.66928856696124,0.21500003337860107,0.050285711884498596,144.776755023392,165.16059931856398,0.7781535706903239,0.335546422800849,0.7948408915798075,0.0,,,0,32.89036793778312,77.66253933289248,349.03561883918263,-3.6458329291134697,4833.333507180218,-0.40649884485710025,5.714288876981205,1.0
2022-04-14,0.7480000257492065,0.7630000114440918,0.7300000190734863,0.7480000257492065,0,0.7148000001907349,0.6602999985218048,0.576249997317791,0.4277800008654594,0.25681000053882597,0.16824852108690866,0.6772609092638411,0.5929069231194297,0.45109330794481434,0.2161088875429704,79.08164576372803,0.9307024837171627,0.09383342111434301,0.08051749946059372,0.013315921653749285,34.77477767736274,0.2550000250339508,0.049071426902498515,121.70594194347501,159.31735569297163,0.7928717918186315,0.3596282028169505,0.7518326959102012,0.0,,,0,29.804777306870616,74.85624017857234,344.5804461858108,-2.6041641605035104,4886.666949788736,1.0810832580220602,4.5205467819698075,1.0
2022-04-18,0.75,0.7580000162124634,0.7300000190734863,0.7549999952316284,0,0.7322000026702881,0.6857999980449676,0.5948499977588654,0.43902000069618224,0.26396000050008295,0.17170000034658348,0.6928087264573985,0.6083443585586867,0.4630112172501796,0.2214709881169869,81.91214981685044,1.0,0.0951718940086349,0.08344837837020196,0.01172351563843295,43.80952943209373,0.2549999952316284,0.049500001328332086,121.6845373157004,159.34407524281312,0.8054034306626054,0.38429656485512526,0.7079211017803256,0.0,,,0,26.922753311950608,71.97394060279177,339.7204389677519,-1.6927098087358368,4933.333414047958,0.2673762275329144,3.8356159462179953,1.0
2022-04-19,0.8399999737739563,0.8450000286102295,0.8230000138282776,0.8330000042915344,0,0.7628000020980835,0.7152999997138977,0.613749997317791,0.4512200006842613,0.2718400005251169,0.17556725183164168,0.7208469820242258,0.6297401343427674,0.47752058144787973,0.22755585394956948,83.25359428194571,1.0,0.10135819806439883,0.08703034230904133,0.0143278557553575,68.96551786673403,0.29500001668930054,0.04950000558580671,113.06084200939641,159.00543774694987,0.8388084745142188,0.3886915201213632,0.7333881162687671,0.0,,,0,35.72301554898727,84.61061190291107,374.4620626005645,-1.4201211730645138,5453.333486070239,11.258275374723747,2.673148774277214,1.0
2022-04-20,0.8299999833106995,0.8450000286102295,0.7900000214576721,0.7950000166893005,0,0.7742000102996827,0.7280000030994416,0.6274999991059304,0.46306000113487245,0.27929000068455934,0.17916860511569782,0.7356775889572408,0.6454791707567229,0.4899707553789158,0.2332020645240942,81.69015454117563,0.935245966099808,0.10201860025874343,0.09002799389898175,0.01199060635976168,59.00000333786011,0.12700003385543823,0.04892857585634504,109.25713258240376,159.4514023706139,0.8618524166833057,0.393147581528555,0.7469399774064813,0.0,,,0,26.693229931797013,71.68401821381806,343.7161388715008,-5.9171609737296595,5200.000229726241,-0.36014657447528775,6.962026032742867,1.0
2022-04-21,0.7799999713897705,0.8080000281333923,0.7749999761581421,0.800000011920929,0,0.7862000107765198,0.741700005531311,0.6435000002384186,0.4735600012540817,0.2868600007891655,0.18275722596428298,0.7485420735499784,0.6601954413437902,0.5021287654393869,0.238841845095207,88.47118902706596,1.0,0.10177226427269037,0.09237684797372347,0.009395416298966897,48.6988904007936,0.13700002431869507,0.048642867377826145,102.74828666627253,156.41568662329593,0.8791424658112206,0.40785753466561664,0.7323775151064359,0.0,,,0,24.32012612657757,68.93318899450307,337.73919619313784,-5.325445581737081,5233.333532015487,-1.8867981112750467,4.258071353606912,1.0
2022-04-22,0.8050000071525574,0.8130000233650208,0.7749999761581421,0.7799999713897705,0,0.7925999999046326,0.7537000000476837,0.6583499982953072,0.4837600004673004,0.29428000051528214,0.18618965553569383,0.7548336531179368,0.6716053965862645,0.5130256754766569,0.24422650306828725,83.9805839288494,0.8470600181686849,0.09882402328087336,0.09366628303515345,0.005157740245719911,16.76646578354233,0.1199999451637268,0.05050001399857657,104.1355994914827,156.2112061593814,0.8887805159670525,0.4279194806235618,0.7000243586797559,0.0,,,0,18.478009175887696,61.23697094350701,318.92766230519135,-7.692314203511271,5099.999925494192,0.6249993946403356,4.903232048503262,1.0
2022-04-25,0.7950000166893005,0.800000011920929,0.7799999713897705,0.7979999780654907,0,0.801199996471405,0.7666999995708466,0.6722499981522561,0.4923199999332428,0.3017800002917647,0.18968571452157837,0.7634669181074476,0.6836429757747622,0.5242011383232779,0.2497366868991052,83.1632674783036,0.7232179673950423,0.09682384613285888,0.09429779565469454,0.0025260504781643434,20.36198989256239,0.12999999523162842,0.04907144393239703,102.45770867827271,156.18449282176786,0.9010747994981211,0.44342519680639103,0.6807729326137957,0.0,,,0,18.705835665135083,62.089693324199146,320.69587584821073,-5.562135970816438,5219.999972681204,1.9230828012472347,2.5641078544558447,1.0
2022-04-26,0.8650000095367432,0.8700000047683716,0.8230000138282776,0.8330000042915344,0,0.801199996471405,0.7819999992847443,0.6884999975562096,0.5022200000286102,0.3096100003272295,0.19334090934981676,0.777373535344265,0.6978674546811214,0.5363108977730134,0.2555403019975373,77.77778223753435,0.4272166252382731,0.09694537500492129,0.0948273115247399,0.002118063480181384,26.21211684713478,0.15299999713897705,0.04442858695983887,101.31185115912218,155.0570163280811,0.9143527718752408,0.46264722323717844,0.6560719683970438,0.0,,,0,20.987655373742793,65.86356661305413,330.8451879598672,-4.25287359471774,5453.333486070239,8.395994149482778,5.710812897981402,1.0
2022-04-27,0.8080000281333923,0.8199999928474426,0.800000011920929,0.8080000281333923,0,0.8037999987602233,0.789000004529953,0.7011499986052513,0.5111800003051757,0.3172600005939603,0.19681355973842454,0.7834988339020905,0.7083562712003852,0.5469653734734206,0.26103741370038164,72.87067088324126,0.16437131717469564,0.09394149924244122,0.09465014906828018,-0.0007086498258389584,20.958091152279156,0.0700000524520874,0.04178572978292193,100.1758101054665,155.40226258210038,0.9238381538266033,0.4784618433838993,0.6352083168061898,0.0,,,0,15.239254045595144,58.06565743006657,310.54083326741636,-7.126434056915447,5286.666974624005,-3.0011976025623843,2.4999975785613424,1.0
2022-04-28,0.8130000233650208,0.8149999976158142,0.7699999809265137,0.7850000262260437,0,0.8008000016212463,0.7935000061988831,0.7141500011086463,0.5188800007104873,0.3246800008416176,0.20011797808947857,0.7837990723668812,0.7156556764409241,0.5563000657382293,0.2662509720339703,68.54599338300034,0.0,0.08868271894313173,0.0934566630432505,-0.004773944100118763,15.44117911309517,0.04500001668930054,0.043785729578563144,97.97215726074737,153.23881340376698,0.9234971387495551,0.5048028634677376,0.5862833783264532,0.0,,,0,9.920888469846641,51.28739306798603,292.268617602686,-9.77011242258076,5133.333625147747,0.6188112694970069,5.84415815636172,1.0
2022-04-29,0.800000011920929,0.8230000138282776,0.7979999780654907,0.8080000281333923,0,0.8064000129699707,0.7995000064373017,0.7299000024795532,0.5275800013542176,0.33233000110834837,0.20351396719586914,0.7886392635201835,0.7244503766021115,0.566170652498824,0.27164150990560637,69.88636681132644,0.06727027690316859,0.08538672063920905,0.09184267456244222,-0.006455953923233171,9.485102270832035,0.06000000238418579,0.04557144641876221,92.94682708364394,151.34260748520666,0.915209881341094,0.5445901236180124,0.5077678537663299,0.0,,,0,10.70009938190498,53.15213352655128,297.02436116128786,-7.126434056915447,5286.666974624005,1.9108261393313575,3.1328366478645626,1.0
2022-05-02,0.7950000166893005,0.8050000071525574,0.7599999904632568,0.7649999856948853,0,0.7998000144958496,0.8005000054836273,0.7431500017642975,0.5359800010919571,0.3394000009819865,0.20663333396530814,0.7839114079551239,0.7283122441347567,0.5739678812516108,0.2765505494656987,61.09660074622511,0.0,0.07840111492862856,0.0891543626356795,-0.010753247707050939,3.3783751129669026,0.009999990463256836,0.04721430369785854,97.10173525842059,152.16012373115376,0.8939238416550623,0.5923761618735326,0.405769601110989,0.0,,,0,2.9401848723291644,42.72920335392059,270.22099533239964,-12.068967643447483,5000.000018626452,-1.608912251417104,5.921054901838992,1.0
2022-05-03,0.8930000066757202,0.9049999713897705,0.800000011920929,0.8949999809265137,0,0.8122000098228455,0.8067000031471252,0.7610000014305115,0.5475200009346008,0.34775000080466273,0.21043646461150264,0.8061291225494019,0.7441872666863526,0.586557375356509,0.28270427515187596,67.25274394177872,0.22488532548495793,0.08240497201227936,0.08780448451099947,-0.005399512498720102,19.65239974825803,0.06199997663497925,0.050928588424410136,107.0776290838557,152.60618675080983,0.8928531928194453,0.6291468100415777,0.3465261265205756,0.0,,,0,17.608407259410235,63.464344571663965,325.30650882147165,-1.1049713568388595,5866.666672875484,16.732029199264176,13.124994738027532,1.0
2022-05-04,0.9049999713897705,0.9300000071525574,0.800000011920929,0.8330000042915344,0,0.8172000050544739,0.8105000019073486,0.769250002503395,0.557580000758171,0.35555000085383653,0.21385714340095335,0.8115032988978286,0.7526456226487509,0.5962217921774904,0.28817985454630046,59.02912491014455,0.0,0.07965694199568518,0.08617497600793661,-0.006518034012251428,10.331127093050663,0.03799998760223389,0.05735715797969273,85.62249424269548,151.94546624200063,0.8971922188819585,0.6413077861248315,0.33264144546557567,0.0,,,0,8.287293023162261,49.39560299129456,289.5123590656832,-10.430107754301453,5453.333486070239,1.117317394007622,16.249999161809694,1.0
2022-05-05,0.8029999732971191,0.8450000286102295,0.8029999732971191,0.8029999732971191,0,0.820799994468689,0.8107999980449676,0.7762500017881393,0.5668400001525878,0.36308000057935713,0.21707650312716192,0.8098026337776868,0.7574412750914526,0.6043307404566916,0.2933024427925773,55.12103737377302,0.0,0.07420299074101355,0.083780578954552,-0.009577588213538449,-3.60144427849437,0.0029999613761901855,0.05800001961844308,87.07416482130492,140.74946743374332,0.8946816352211772,0.6578183683551014,0.3051378632147462,0.0,,,0,3.4460510721236264,41.66254552977195,269.9156572587348,-13.655917513837732,5253.3332749704505,-3.601444278494365,5.230393114542465,1.0
2022-05-06,0.7799999713897705,0.8149999976158142,0.7749999761581421,0.8149999976158142,0,0.8221999883651734,0.814300000667572,0.7840000003576278,0.577480000257492,0.37080000054091217,0.22032608733633938,0.8108421065453124,0.762923058189011,0.6125922799531277,0.29849346323857967,55.535054396924835,0.012414247091165318,0.07004160077783605,0.08103278331920882,-0.010991182541372768,2.5157208184474866,0.0350000262260437,0.058857164212635586,86.9290692390603,140.54899943317935,0.8900387240099342,0.6779612767053215,0.2705069479692244,0.0,,,0,3.954081281128248,41.13042828364872,269.9062636970781,-12.365592328202911,5333.333438883228,-2.8642593614182315,5.161293250092945,1.0
2022-05-09,0.8080000281333923,0.8149999976158142,0.7730000019073486,0.800000011920929,0,0.8291999936103821,0.8145000040531158,0.7906000018119812,0.5875200003385543,0.3783200006559491,0.2234594599016615,0.8086736876204358,0.7664541966396698,0.6199416027753945,0.3034835781508418,46.555325045593186,0.0,0.06478647757999578,0.07778352217136622,-0.012997044591370438,0.0,0.0020000338554382324,0.05542859009334019,87.53651892407677,126.3884913364502,0.8816046838906766,0.6995953197332858,0.23021675150549248,0.0,,,0,1.1889716781436643,36.165579292608676,258.00677772737276,-13.97849400342028,5233.333532015487,-0.8588919635459454,5.433375886782944,1.0
2022-05-10,0.8799999952316284,0.8849999904632568,0.8730000257492065,0.878000020980835,0,0.8258000016212463,0.8190000057220459,0.800500002503395,0.5993200010061264,0.3866500008478761,0.2269784951762807,0.8225389542925157,0.7770776084816855,0.6300615407442353,0.3092001596715383,57.996145107763226,0.27294725613259446,0.0661531313234468,0.07545744400178234,-0.009304312678335536,12.56410938278012,0.04500001668930054,0.05757144519260952,92.47232601100663,125.57403666550732,0.8835789149198282,0.7174210900869619,0.20756755067238322,0.0,,,0,9.681451372276696,46.49936920290766,286.8207956436334,-5.591396319547805,5753.333604037768,9.999997764825855,1.37456636427381,1.0
2022-05-11,0.8849999904632568,0.8999999761581421,0.8650000095367432,0.8830000162124634,0,0.8358000040054321,0.826500004529953,0.807750004529953,0.6107200014591218,0.3951300010085106,0.23048663165241,0.8346311666765053,0.7871654568369977,0.6399806966449502,0.31490961098040327,57.996145107763226,0.30569782023040537,0.0668688496158708,0.07373972512460003,-0.006870875508729224,10.651634145784005,0.07499998807907104,0.057714296238762994,88.80617218505091,125.20391275008338,0.8931392067820623,0.7223608022778438,0.21142482642708005,0.0,,,0,9.31600263206435,44.58344480331656,283.10248619715577,-5.053762427808682,5786.666906327015,0.797263019948683,4.046238871158326,1.0
2022-05-12,0.8830000162124634,0.9179999828338623,0.8650000095367432,0.9049999713897705,0,0.8562000036239624,0.8384999990463257,0.8160000026226044,0.6223200011253357,0.40388000072911384,0.2340744685659066,0.8487049276191584,0.7983877915563093,0.6503736093800412,0.3207811568551233,61.99616059160753,0.42178922168041444,0.06842254157290129,0.07267628841426028,-0.004253746841358999,8.643453388631372,0.1199999451637268,0.05878571953092303,88.94154423760693,123.79927126916157,0.9056073275147204,0.7263926777304884,0.2196257955983338,0.0,,,0,10.906858882490482,45.42357143483532,286.6290830155004,-2.6881758677971552,5933.333277453978,0.0,6.127164475466729,1.0
2022-05-13,0.9129999876022339,0.9629999995231628,0.9129999876022339,0.9430000185966492,0,0.8818000078201294,0.8519999980926514,0.8257500022649765,0.6344800013303756,0.41293000092729926,0.2378253974020481,0.8675639458146566,0.8121603846077703,0.661849154839516,0.3269723893102629,63.40111111417153,0.5395406890949764,0.07189142032983686,0.0725193147973756,-0.0006278944675387338,16.707919030043627,0.13499999046325684,0.06150000435965402,89.62380916249732,122.68694780764737,0.9260062555626618,0.7254937489672912,0.24282471213488138,0.0,,,0,14.199214775666213,48.62564881783031,296.50938415231184,-2.076841218734873,6186.666931162284,0.8839797199306084,5.4764526396371025,1.0
2022-05-16,0.9430000185966492,0.9850000143051147,0.9430000185966492,0.9800000190734863,0,0.9178000092506409,0.8735000014305114,0.8370000034570694,0.6479800015687942,0.422080001141876,0.24173157962137146,0.8900511604664226,0.8281451116997433,0.6743256593192796,0.333470176671091,63.5359119054396,0.6452731787987038,0.07674149437596045,0.07336375071309258,0.003377743662867874,24.84076259015202,0.21500003337860107,0.05935714500291007,90.12267842252446,121.20947658130783,0.953076209096106,0.7209237978180327,0.2773624973945184,0.0,,,0,17.084828557441167,51.23923835625388,305.4083544270377,-0.5076137217272785,6433.333606521294,0.0,4.453870082735417,1.0
2022-05-17,1.024999976158142,1.0429999828338623,1.0149999856948853,1.0379999876022339,0,0.9498000025749207,0.8878000020980835,0.8472500026226044,0.6626400011777878,0.43181000104174017,0.2459005241657739,0.9196409258935849,0.8481312903571233,0.688587397683317,0.34048042354602776,69.96527305289695,1.0,0.08429364111096072,0.07554972879266621,0.008743912318294508,28.465340527298967,0.14300000667572021,0.06150000010217939,86.07396122251617,119.70356734583831,0.9939927063229057,0.7005072989223031,0.3463976470842592,0.0,,,0,22.51401409137515,56.64614055252849,322.12190930608426,-0.47938593613810815,6820.000072022281,4.591832266207476,2.7586204466601845,1.0
2022-05-18,1.0379999876022339,1.0399999618530273,0.9980000257492065,1.003000020980835,0,0.973800003528595,0.9048000037670135,0.8576500028371811,0.6755000013113022,0.44126000126823783,0.24984375071168566,0.936312744911035,0.8628806932736673,0.7009173044792981,0.3470726583463741,68.5374145349981,0.9390063353642069,0.08645793376703492,0.07773136978753996,0.008726563979494964,31.111116305415763,0.17000001668930054,0.061285708631787984,85.07903079105245,120.15459609249743,1.0176819452232648,0.6976180604510973,0.3731870619872538,0.0,,,0,16.947474804736586,48.482608295156076,301.4509140708008,-3.835087489104865,6586.6669559975535,0.0,4.208410322664182,1.0
2022-05-19,0.9950000047683716,1.003000020980835,0.9800000190734863,1.0,0,0.9928000092506408,0.9245000064373017,0.8676500022411346,0.6881000012159347,0.4508300012536347,0.2537305706561847,0.949050195928828,0.8759396748666514,0.7126460376369727,0.35356944781556443,66.9014054208114,0.8691211261498898,0.08692901113993778,0.07957089805801953,0.007358113081918249,11.731845956554011,0.19700002670288086,0.06021428108215332,85.2197652665316,120.21092565507814,1.0372244279143337,0.6980755765679356,0.39088209585706063,0.0,,,0,15.253846299430199,45.32771373825169,294.11884717472253,-4.1227213366801845,6566.666815678282,-0.7976087781773078,2.3469389244597507,1.0
2022-05-20,0.9980000257492065,1.0049999952316284,0.9750000238418579,0.9779999852180481,0,0.9998000025749206,0.940800005197525,0.8775500029325485,0.7004600006341934,0.4601100010983646,0.2574639181539263,0.9548401537866721,0.8856597044239273,0.7230520747970148,0.3597826869936986,69.46983574506952,0.9788364627006921,0.08455245791798294,0.08056721003001222,0.003985247887970722,17.406960405700843,0.1629999876022339,0.05892856206212725,85.05217396498071,112.99307084056558,1.0486904182352053,0.7064095876298917,0.39004139873682214,0.0,,,0,11.446639160141459,39.62253152679256,279.85904674741465,-6.232022884526542,6420.000047187012,-0.1999974250793457,3.0769200673000614,1.0
2022-05-23,0.9850000143051147,0.9980000257492065,0.9779999852180481,0.9929999709129333,0,1.00239999294281,0.9601000010967254,0.8873000025749207,0.7130199998617173,0.46959000078961255,0.2612358979116648,0.9624721172119244,0.8958825869466898,0.7336382668015606,0.3660833564854323,61.342591921887006,0.6316659426872834,0.08292350530187842,0.08103846908438546,0.0018850362174929608,23.66127072653239,0.1929999589920044,0.05035713740757534,84.95860964629212,112.81297062956315,1.0615485770474615,0.7130514281023798,0.3927613523427842,0.0,,,0,11.91254006889149,39.26677668305451,280.11620104703593,-4.793865076112218,6519.999954054752,0.715749406223761,2.0449939502503547,1.0
2022-05-24,1.0379999876022339,1.0429999828338623,1.0329999923706055,1.0429999828338623,0,1.0033999919891357,0.9765999972820282,0.8978000015020371,0.7263199996948242,0.47977000061422587,0.265224490181676,0.9785776903363119,0.9098937675073728,0.7457700988028274,0.3728188453048197,74.99999645210463,1.0,0.08469086810287474,0.08176894888808332,0.002921919214791416,27.975458390801844,0.16499996185302734,0.044642852885382514,85.29615696710555,112.39426640988268,1.083221956479727,0.7123780465243472,0.41305848667292333,0.0,,,0,16.17286490186041,43.600614504914724,293.25176273104273,0.0,6853.333374311528,4.531723867819344,0.9680532949770998,1.0
2022-05-25,1.0329999923706055,1.0479999780654907,1.0180000066757202,1.0449999570846558,0,1.0117999792099,0.9927999913692475,0.9096499979496002,0.7382599985599518,0.4898900001868606,0.2691827412827063,0.9918621436859807,0.9227610236575903,0.7575046030491737,0.37950721457626085,80.86734802486609,1.0,0.0852699580655093,0.08246915072356853,0.0028008073419407697,30.624992689117892,0.16199994087219238,0.043785704033715386,83.95975428521902,111.71821984177292,1.1011023556248334,0.718197640274367,0.4209363120030276,0.0,,,0,14.879344741399613,41.5490422240173,288.21209417254414,-0.28626154996422015,6866.666536281504,-0.9587718722762163,2.9469519835992375,1.0
2022-05-26,1.0230000019073486,1.0429999828338623,1.0080000162124634,1.027999997138977,0,1.0173999786376953,1.005099993944168,0.9217999964952469,0.7501599985361099,0.4996400001645088,0.2730151516658188,0.99908971437658,0.93278378303677,0.7681122655624992,0.38595987907937246,76.82620346989206,0.8822236579459279,0.08339580145292669,0.08265448086944016,0.0007413205834865266,17.084279336414298,0.12300002574920654,0.043571412563323975,83.2509193216936,111.90462284483733,1.110771273926464,0.7328287190640299,0.41000494282859634,0.0,,,0,11.520937410231129,37.03743190053514,276.5358775388735,-1.908395166518205,6753.3334674437865,-2.1052589550991634,3.4722188550066186,1.0
2022-05-27,1.0329999923706055,1.0399999618530273,1.0099999904632568,1.024999976158142,0,1.0267999768257141,1.0132999897003174,0.9326499938964844,0.7634599977731704,0.5090899999439716,0.27679396987934807,1.0042717667328924,0.9415662776197579,0.778186293428995,0.39231848701050454,79.22077982396345,0.9280069261389243,0.08073774771578901,0.08227113423870994,-0.0015333865229209265,16.081535372419676,0.08199995756149292,0.04271426796913147,83.23629789393232,111.97085788411798,1.119010446374759,0.7462895414182099,0.3996364203031536,0.0,,,0,9.90189061984894,34.2571947643388,270.31152687500025,-2.194656716482425,6733.3333271245165,0.4863808604614675,2.9702942250534496,1.0
2022-05-31,1.0379999876022339,1.0449999570846558,1.0130000114440918,1.0299999713897705,0,1.0341999769210815,1.0182999849319458,0.9458999931812286,0.7763999974727631,0.5185399996489286,0.28055999988690017,1.0094174076642681,0.9499885341692829,0.7880613396235352,0.3986635764073132,74.35897288943144,0.7154336324580572,0.07813399870698445,0.08144370713236485,-0.003309708425380392,13.812155132783355,0.04999995231628418,0.03892855133329119,79.51956736291747,109.53757092339134,1.119304163546056,0.7724958228164012,0.3666437712545882,0.0,,,0,8.891001037614854,32.663572223402014,267.122887013468,-1.7175579248528738,6766.666629413763,1.2682938289245473,3.158928457951954,1.0
2022-06-01,1.1100000143051147,1.1100000143051147,1.0980000495910645,1.1030000448226929,0,1.0461999893188476,1.0247999906539917,0.9562999963760376,0.7893599981069565,0.5286700000613928,0.2857850001193583,1.028133935095953,0.9645610589934172,0.8004118770823258,0.405671899476123,78.94737254879817,0.90166456031812,0.08102697615391485,0.08136036093667486,-0.0003333847827600017,16.967128639525587,0.06500005722045898,0.04214284249714443,63.04995601394258,109.89433471537484,1.1414054818495183,0.7711945109025568,0.38712848724239324,0.0,,,0,15.340379483696005,39.73346096431389,285.9544917899904,-0.6306278731720572,7253.333796511104,7.766994673543616,1.0928929118463628,1.0
2022-06-02,1.0829999446868896,1.1150000095367432,1.0829999446868896,1.1130000352859497,0,1.0598000049591065,1.0357999920845031,0.9702999979257584,0.8012199991941452,0.5389200004190207,0.29103500029072166,1.0451071551339526,0.9786981043546107,0.812670236227566,0.41270999037970335,78.26087590313988,0.8665042416930105,0.08316788961904698,0.08172186667314929,0.0014460229458976848,13.571429961624348,0.11000001430511475,0.040642849036625454,55.09308283859534,105.71487728648307,1.1584691306101924,0.7821308652413244,0.3878576380226513,0.0,,,0,14.706795595717386,38.913161978656056,282.4282420238625,-0.17936988642936427,7320.000401089598,-1.8132456321901815,2.954761448220127,1.0
2022-06-03,1.0980000495910645,1.1399999856948853,1.0980000495910645,1.1349999904632568,0,1.0812000036239624,1.049299991130829,0.9868999987840652,0.814319999217987,0.5493700002878904,0.29643500024452807,1.0630857221998133,0.9935839982697199,0.8253106187466127,0.4198969555546641,77.27272804241548,0.8158942440309335,0.08565244343500078,0.0825079820255196,0.0031444614094811862,9.34489441421784,0.13499999046325684,0.039499985320227485,51.67630684051534,105.69989102146921,1.1714687967306936,0.8023312008374368,0.37403748743344006,0.0,,,0,15.00658545563501,39.38009523936871,282.8832592396309,-0.4385960784535167,7466.666772216561,-1.3477075668763558,3.8251306199360484,1.0
2022-06-06,1.128000020980835,1.1729999780654907,1.128000020980835,1.159999966621399,0,1.1082000017166138,1.0674999892711639,1.0041499972343444,0.827859998345375,0.5597899999469519,0.30202000007033347,1.0824685710841306,1.009433138112737,0.8384356912122906,0.4272611646200048,76.47058720407162,0.7748109734326663,0.08861723505344887,0.08372983263110545,0.004887402422343423,15.65303513025189,0.18199998140335083,0.039714268275669644,51.691205304922214,105.26377544512626,1.1855332989182874,0.8227666955504013,0.3612673448857513,0.0,,,0,15.520586547458098,40.1203064455179,284.08051332734976,-1.108270391064405,7633.333283662794,-0.6167374045144085,3.989357823373686,1.0
2022-06-07,1.225000023841858,1.2280000448226929,1.2230000495910645,1.225000023841858,0,1.1472000122070312,1.0906999945640563,1.025399997830391,0.8419599992036819,0.5708900001645089,0.3079300001822412,1.1109748616356763,1.0299633177059866,0.853595076805607,0.43519886471176455,76.94524995645597,0.7991217893978358,0.09511538421878296,0.08600694294864096,0.009108441270142001,22.50000238418579,0.23200005292892456,0.040071419307163784,51.408247166712016,105.50009967470247,1.2056575926678796,0.8451424029929023,0.35158493313612166,0.0,,,0,19.465576987887058,45.493850658042156,297.81769334487393,-0.24430137388701192,8066.667008151619,5.603453369897701,0.40883033760303367,1.0
2022-06-08,1.2300000190734863,1.2450000047683716,1.215000033378601,1.2330000400543213,0,1.173200011253357,1.1097000002861024,1.0431499987840653,0.8564599996805191,0.5821200005710125,0.31389500038698315,1.1353798973194054,1.049300148405828,0.8684737028153604,0.4431371848644268,85.93749708961744,1.0,0.09976076865622097,0.08875770809015696,0.01100306056606401,26.073625632971776,0.19000005722045898,0.0392142789704459,44.04274402242147,105.49075153311982,1.2320028103305747,0.854297187237556,0.36208179411713226,0.0,,,0,18.199687628006735,43.964696601623075,292.80652400778166,-0.9638525837823471,8120.000450760136,0.40816286810733116,2.469133379885459,1.0
2022-06-09,1.2400000095367432,1.2430000305175781,1.218000054359436,1.2380000352859497,0,1.1982000112533568,1.1290000081062317,1.0608999997377395,0.8701200002431869,0.5933200009167194,0.31984500056132675,1.1559039249127143,1.0672715662039347,0.8829649315396972,0.45104626795319824,86.95652415357709,1.0,0.10266230002988519,0.09153862647810261,0.011123673551782579,24.672716168135533,0.19300007820129395,0.03935713427407401,44.102032956802844,100.77542580807761,1.2530774644157616,0.8687225350597173,0.362291384155961,0.0,,,0,16.693376905645238,42.279229869437,287.062493743302,-0.5622465426194273,8153.333753049383,0.5677185121675652,2.0525431069286726,1.0
2022-06-10,1.2430000305175781,1.2879999876022339,1.225000023841858,1.2879999876022339,0,1.2288000106811523,1.1550000071525575,1.0800500005483626,0.8853800004720688,0.6049000008404255,0.32606000049039724,1.1823231374506182,1.0882933206228202,0.8988486592284242,0.4593741656611489,94.28571915140007,1.0,0.10775423903983983,0.09478174899045005,0.012972490049389773,23.489933729691835,0.25999999046325684,0.04171427658626011,44.76533751345948,100.31282866615582,1.2828529799700887,0.8772470211266366,0.3755436865307329,0.0,,,0,19.25373704442303,45.47425816208806,295.01931720084343,0.0,8486.666775941852,0.4038768246459325,5.14285408442645,1.0
2022-06-13,1.3350000381469727,1.5,1.3350000381469727,1.4980000257492065,0,1.2964000225067138,1.2023000121116638,1.1078000009059905,0.9054800009727478,0.6182300010323525,0.3333350006118417,1.245458515110336,1.1273130068253332,0.922344791248847,0.4697087513336669,96.33027884145635,1.0,0.12726782120420865,0.10127896343320178,0.025988857771006874,43.34929064766011,0.47300004959106445,0.0554285602910178,64.89018079820696,94.7620381338809,1.3737090695787695,0.8418909322332115,0.4800669226490539,0.0,,,0,35.222966647779316,65.43711889162881,349.39775991108155,-0.13333161671956378,9886.667061547447,3.649072282386818,12.359547351178591,1.0
2022-06-14,1.7050000429153442,1.7430000305175781,1.7000000476837158,1.7430000305175781,0,1.400000023841858,1.2736000180244447,1.1459500014781951,0.9303400015830994,0.633980001360178,0.341835000757128,1.3449668181917844,1.1859498662245944,0.9545273496515425,0.4823783163006711,97.29729990962647,1.0,0.16065005466261018,0.11315318167908348,0.0474968729835267,69.5525326233964,0.7130000591278076,0.06935713120869227,79.24200012450046,98.02336265438656,1.5281593811864238,0.7637406217699666,0.6670611793101013,0.0,,,0,52.10087946849603,87.35086393701525,409.89513263914444,0.0,11520.00046317777,13.818425474499518,2.529410683985018,1.0
2022-06-15,1.7430000305175781,1.7649999856948853,1.659999966621399,1.6950000524520874,0,1.4924000263214112,1.332800018787384,1.178800004720688,0.9534800028800965,0.6493500018119812,0.3501200010254979,1.414973465043845,1.2344308363414984,0.983565494859407,0.49444420422257573,91.34860587316557,0.7406657411752983,0.18114439824259954,0.1267514249917867,0.054392973250812826,65.3658626222811,0.5920000076293945,0.07471427747181483,80.9211018370306,93.68990803789923,1.628857158031239,0.7287428514101368,0.763585258751658,0.0,,,0,43.79029908925994,77.76985855310483,384.1197439413486,-3.9660019155886106,11200.000602255279,0.0,6.325302481011073,1.0
2022-06-16,1.5829999446868896,1.6030000448226929,1.4630000591278076,1.4830000400543213,0,1.5414000272750854,1.3698000192642212,1.2028000056743622,0.9697800040245056,0.6626300022006035,0.35733500123023987,1.4285787800459402,1.2581040938379577,1.0031511632984234,0.5042805806985134,73.19062244622063,0.0,0.17822521460838092,0.13704618291510556,0.04117903169327536,43.98059041237852,0.3700000047683716,0.08864285264696393,96.64687752178342,96.06333533013499,1.6644290142075895,0.7411709971411349,0.7675906324500061,0.0,,,0,23.295646246930477,52.921284610942244,315.01673078445157,-15.977334160121243,9786.667154679706,-6.6076757698722055,9.569376625886717,1.0
2022-06-17,1.4630000591278076,1.5180000066757202,1.4500000476837158,1.5099999904632568,0,1.5858000278472901,1.407300019264221,1.228300005197525,0.9867200040817261,0.6758800020813942,0.3646850011870265,1.4448630221294034,1.2820941792308433,1.0230275878931228,0.5142877390046303,74.1293540600134,0.038940729813047505,0.17606089054458174,0.14484912444100081,0.031211766103580924,36.8993589393724,0.375,0.09135713747569493,96.28368741046151,93.88941999408806,1.6990151075585715,0.7575849028364786,0.7664497278665239,0.0,,,0,22.934135314965758,53.03226692647345,314.0559621449477,-14.447591914921984,9966.666828095917,-1.3486163443246493,4.689652190055446,1.0
2022-06-21,1.5429999828338623,1.5429999828338623,1.4550000429153442,1.4880000352859497,0,1.5838000297546386,1.4401000261306762,1.2538000077009201,1.0032800042629242,0.6889800024032593,0.3719250013679266,1.4534904247607128,1.3017042607599012,1.0412618015163708,0.5239764185696186,72.40704911854525,0.0,0.17060382095857696,0.15000006374451605,0.020603757214060908,33.69272130379186,0.3280000686645508,0.09535713706697736,95.87352128203798,94.10934493959604,1.7226753393816512,0.7849246760201891,0.7479268285226809,0.0,,,0,18.67921727122013,48.313534503175205,300.0806694395751,-15.694048309007771,9820.000456968954,2.1854299721208155,6.048105657934894,1.0
2022-06-22,1.5850000381469727,1.600000023841858,1.5130000114440918,1.5449999570846558,0,1.5442000150680542,1.472100019454956,1.2814000070095062,1.02082000374794,0.7025800019502639,0.37945000115782024,1.4717923312255015,1.324875279457497,1.061016238989637,0.5341358567637982,71.96819078419583,0.0,0.16893113831008155,0.15378627865762914,0.015144859652452408,36.123345380298645,0.31999993324279785,0.0976428474698748,96.02388973076519,93.49497450970702,1.7506221889737696,0.8121778250452427,0.7323586380482711,0.0,,,0,20.57124618645285,51.34891081798841,307.16825731199873,-12.46459095712768,10199.999944120644,6.518817241989004,5.750166010555971,1.0
2022-06-23,1.5,1.5679999589920044,1.475000023841858,1.559999942779541,0,1.517199993133545,1.504800009727478,1.3072500050067901,1.0384200024604797,0.7164500014483929,0.38707500087097285,1.4894338535363094,1.3472681045357868,1.0805842273735546,0.544343459609726,72.106824750872,0.005473306068115021,0.16689207083965485,0.1564074370940343,0.010484633745620558,34.48275755758657,0.3269999027252197,0.10199998106275286,95.57159829305955,93.11317475582493,1.7781335688870263,0.8363664411265539,0.7204185306203772,0.0,,,0,19.334475946048137,50.22822548517999,303.02265433554817,-11.614733403787262,10299.999850988384,-2.9126186624346984,6.305080247247337,1.0
2022-06-24,1.5679999589920044,1.6100000143051147,1.5399999618530273,1.5980000495910645,0,1.5401999950408936,1.5408000111579896,1.3349000096321106,1.055620003938675,0.730700002014637,0.39486500112339856,1.5111470927472603,1.3711473373981942,1.1008750439311041,0.5548276047836697,72.5413866350942,0.022629925437167416,0.1664239544664261,0.15841074056851268,0.00801321389791343,30.44898110119214,0.36000001430511475,0.10399998937334333,95.3348559695489,91.98000596981673,1.8058886376442542,0.8639113816199672,0.705653793712901,0.0,,,0,19.70934437489909,51.380235655698925,304.695287008148,-9.461752830443931,10553.333902060998,0.5128215708911689,4.545458064028705,1.0
2022-06-27,1.6030000448226929,1.6330000162124634,1.590000033378601,1.6330000162124634,0,1.564800000190735,1.5753000140190125,1.365150010585785,1.0734800040721892,0.7450000022351742,0.40284000121057034,1.535517677440301,1.3960856877614578,1.1217426899029221,0.5655556884794786,72.80617534043623,0.033083854315233543,0.1669526474718268,0.1601191219491755,0.006833525522651318,32.44119733690516,0.3450000286102295,0.10385713406971522,94.29345599887867,90.70798982823364,1.830828601293241,0.8994714198783289,0.6822379769204027,0.0,,,0,19.62055477784043,52.12207120931595,305.37186260181505,-7.478751872649626,10786.667018085725,0.31289080578614126,2.704401379318928,1.0
2022-06-28,1.7380000352859497,1.7430000305175781,1.7350000143051147,1.7380000352859497,0,1.6148000001907348,1.5993000149726868,1.4008000135421752,1.0932800042629243,0.7605300025641918,0.41134000139310956,1.5760141490094308,1.4286489589542666,1.1459096446238253,0.5772218013830256,73.81615867123138,0.07295826623369771,0.17384034126286796,0.162863365811914,0.010976975450953969,40.38772098132546,0.24000000953674316,0.10685712950570243,94.74437608263642,89.50661102788595,1.8660029126908475,0.9355971143935029,0.6641960232029452,0.0,,,0,24.071960200164728,58.971171933002445,322.52152219569257,-1.5297422451992595,11486.667160888524,6.42988475389122,0.46109603149873557,1.0
2022-06-29,1.7300000190734863,1.7480000257492065,1.6950000524520874,1.7050000429153442,0,1.6468000173568726,1.5955000162124633,1.434550017118454,1.1122800052165984,0.7756500029563904,0.4196750016137958,1.6018113277906136,1.4549681098077025,1.1678347582823163,0.5884434754281234,71.4156104689999,0.0,0.17462311801816122,0.16521531625316344,0.00940780176499778,32.375781003647816,-0.03799998760223389,0.10849998678479876,95.8467634421799,89.87508703686098,1.88416481934716,0.9849352148897479,0.6268374010853055,0.0,,,0,18.85260343449974,53.288743384659085,306.26676269947654,-3.3994302133616663,11266.667206833772,-0.4603001179540915,3.1268419856652065,1.0
2022-06-30,1.659999966621399,1.6729999780654907,1.590000033378601,1.600000023841858,0,1.654800033569336,1.5860000133514405,1.4594000160694123,1.127620005607605,0.7894200031459332,0.42750000173226,1.6014490670008625,1.4687806730490507,1.1847824157552396,0.5985087147158223,65.05823701545933,0.0,0.16487032770925913,0.16514631854438258,-0.00027599083512344635,6.809078527327617,-0.09500002861022949,0.11492856059755598,99.33564069197305,90.8104204770406,1.8862185664377973,1.0325814657010273,0.5849233187182377,0.0,,,0,9.63409663041681,41.89177345959879,274.2690099084317,-9.348439840812034,10566.667064030975,-2.6393005959695235,5.220122197766408,1.0
2022-07-01,1.6100000143051147,1.628000020980835,1.5729999542236328,1.6030000448226929,0,1.6558000326156617,1.5980000138282775,1.4839000165462495,1.1437800061702728,0.8034200036525726,0.4353400019556284,1.6017592625652288,1.481563470360826,1.2011831070912182,0.6085036533238509,63.63636645122297,0.0,0.1555897064604792,0.1632349961276019,-0.00764528966712269,-8.032127552706514,0.12000000476837158,0.11435713938304357,99.45942233542668,80.90824687639227,1.8823046976279398,1.0854953354645591,0.5369697104107729,0.0,,,0,8.026149130562485,40.149332579263216,268.2179532369454,-9.17846697933046,10586.667204350244,0.6249993946403356,3.4965078421981195,1.0
2022-07-05,1.6130000352859497,1.652999997138977,1.6030000448226929,1.6299999952316284,0,1.6552000284194945,1.6100000143051147,1.508650016784668,1.1603800058364868,0.8169700035452843,0.4433400019351393,1.6074074090985087,1.4957002822532834,1.217999455645744,0.618667796029401,56.79012269973261,0.0,0.14869930458638736,0.16032785781935902,-0.011628553232971656,-3.8348115167563646,0.12000000476837158,0.10278570652008057,99.45954024937946,80.77779833892566,1.876091412726986,1.1412086208423498,0.487112838437417,0.0,,,0,8.043613634498833,40.47122382607801,267.6636414753518,-7.6487247341312,10766.666877766456,0.6238297057791369,3.1191485288956837,1.0
2022-07-06,1.8380000591278076,1.8580000400543213,1.7999999523162842,1.840000033378601,0,1.675600028038025,1.6452000141143799,1.5426500201225282,1.1815800070762634,0.8326700037717819,0.452400002097711,1.6539259339545274,1.528490734741409,1.2423916351646798,0.630820355605015,55.176094527758785,0.0,0.15835840240517496,0.15993396673652222,-0.0015755643313472567,24.072824253679936,0.35199999809265137,0.1015714236668178,105.99232850933085,83.54144221021012,1.8999582532315693,1.185341787013487,0.46323952736948226,0.0,,,0,19.275273676945552,55.72369389793178,306.71972255676326,-0.9687839767319897,12166.66716337205,12.760740153660045,3.222227181917487,1.0
2022-07-07,1.812999963760376,1.8630000352859497,1.8049999475479126,1.8530000448226929,0,1.7052000284194946,1.6760000228881835,1.5740500211715698,1.2026800084114075,0.8475000041723252,0.4615400023199618,1.6937407561281606,1.5593963833205788,1.2663370629944057,0.6429813475375292,58.758314914483854,0.18900286679601758,0.1651584554279113,0.16097886447480003,0.004179590953111267,22.71523553150527,0.3080000877380371,0.09821428571428571,105.46219754942933,83.56064773135024,1.9241251981361862,1.2239748442069533,0.44480819828591533,0.0,,,0,17.721801715265684,54.072573906859745,301.4820027534913,-0.5367681306416051,12253.333908269817,-1.4673950613276714,3.2133013531014263,1.0
2022-07-08,1.8329999446868896,1.8680000305175781,1.8250000476837158,1.843000054359436,0,1.7538000345230103,1.7043000340461731,1.6045500218868256,1.2228800094127654,0.8625500047206879,0.4706550025939941,1.7235926157744157,1.586406256752851,1.2889512979498972,0.6549218321825233,75.71428936355005,1.0,0.1678062646204177,0.16234434450392357,0.005461920116494129,23.857527597791073,0.283000111579895,0.08471428496497017,105.75930652682986,83.68651148090514,1.9352714088773362,1.273828634896315,0.412229450599001,0.0,,,0,14.860866237888414,50.70980310197859,291.5819537032058,-1.3383284662589214,12186.667303691322,-1.0793361927693295,2.356163381389373,1.0
2022-07-11,1.8530000448226929,1.965000033378601,1.843000054359436,1.9529999494552612,0,1.823800015449524,1.7398000240325928,1.640300017595291,1.245780007839203,0.8784800040721893,0.4802950023394078,1.7694740825105848,1.621319941772128,1.3149924215383428,0.6678380323543914,78.28863542489593,1.0,0.1767433573045789,0.16522414706405464,0.011519210240524269,26.407767230005796,0.3549998998641968,0.08857142925262451,106.40412839154003,83.03201472266328,1.9585307301935053,1.3220693049970769,0.38801525231310563,0.0,,,0,19.063581570790554,56.76924795435805,306.6250824894372,-0.6106912834350959,12919.99995405475,0.5425930639341459,6.619640554572206,1.0
2022-07-12,2.1080000400543213,2.128000020980835,2.0850000381469727,2.11299991607666,0,1.9203999996185304,1.7878000140190125,1.6815500140190125,1.2723400056362153,0.8956100031733513,0.49073500191792846,1.8381792492237998,1.6681466059916072,1.346286833088865,0.6822177525904339,83.93050809438944,1.0,0.19449471378413796,0.1710782604080713,0.023416453376066654,35.44871753724603,0.4799998998641968,0.0947857243674142,108.11757790480796,83.96048723645893,2.020692857510844,1.3424071705271812,0.40336932076288146,0.0,,,0,25.657869136253325,66.07195456532745,330.57860307874324,-0.7048921408027513,13986.666422039263,7.936512780878122,2.0623492588555634,1.0
2022-07-13,2.118000030517578,2.322999954223633,2.0950000286102295,2.322999954223633,0,2.0169999837875365,1.8463000059127808,1.7228000104427337,1.30264000415802,0.9151100027561188,0.502225001687184,1.9351433902237667,1.7305135915375145,1.3845893084274834,0.6985439436514609,86.2197391270084,1.0,0.2229381475301706,0.18145023783249117,0.04148790969767943,45.36920413851671,0.5849999189376831,0.10307143415723528,101.00964287187051,85.42470900677684,2.155678030913365,1.2899219899721022,0.5025284627893499,0.0,,,0,34.83863130617562,78.33015620652132,362.54167881322195,0.0,15386.666707644861,0.23663580877949092,10.883051193304889,1.0
2022-07-14,2.309999942779541,2.36299991607666,2.255000114440918,2.2730000019073486,0,2.1009999752044677,1.9031000018119812,1.7493000090122224,1.3328000044822692,0.9343900027871131,0.5134650016948581,2.002714712560483,1.7821789639536891,1.4194289434659095,0.7142101730868429,82.14608115304301,0.8687764266550116,0.2386936832144506,0.19289892690888308,0.045794756305567536,39.19167050465096,0.5679999589920044,0.1041428531919207,89.61867170613782,85.80992564135073,2.2473674424501158,1.2512325755743288,0.5694477000764864,0.0,,,0,29.93768880106758,70.54321685647828,342.6786624997952,-3.8087142346894503,15053.333684752391,-0.5596216831797793,4.789347944779088,1.0
2022-07-15,2.240000009536743,2.2880001068115234,2.2149999141693115,2.240000009536743,0,2.1803999662399294,1.9671000003814698,1.776550006866455,1.3597000050544739,0.9536100029945374,0.5245150017458946,2.0501717719557355,1.8257809682949324,1.4516082009588835,0.7293921615092299,79.07608901047854,0.7698836522338446,0.2456851299208389,0.20345616751127424,0.04222896240956467,28.883772385436135,0.6399999856948853,0.10435714891978673,88.92940762672957,84.42609182962029,2.3197035291718153,1.2333964845610945,0.6114700067051811,0.0,,,0,26.08707893833726,64.74222263807388,327.061190257801,-5.205243796374584,14833.333730697641,-1.451825444034936,3.295719885821715,1.0
2022-07-18,2.253000020980835,2.302999973297119,2.247999906539917,2.259999990463257,0,2.2417999744415282,2.032799994945526,1.8154000043869019,1.3882400047779084,0.9729100027680397,0.5356650017015636,2.09213741565724,1.8671351608823918,1.4833098397629767,0.7446220901555387,78.78788110990102,0.7605996939777162,0.24995836864025733,0.21275660773707086,0.03720176090318647,32.55131575239902,0.656999945640564,0.10578571898596627,69.92439054943671,83.41191768819269,2.380841734688924,1.2499582740848796,0.6229389984969,0.0,,,0,24.490469593587207,62.7960570711844,321.90547885045066,-4.358862855332484,14966.666939854627,0.5803576512832401,2.4466222884260396,1.0
2022-07-19,2.430000066757202,2.450000047683716,2.3980000019073486,2.450000047683716,0,2.3092000007629396,2.1148000001907348,1.8624000072479248,1.4211800062656403,0.994010003209114,0.5477750019356609,2.1637099420625354,1.9226461024825179,1.5212192596814371,0.7615910250563166,80.32368269408954,0.8100720289440057,0.26561451899766975,0.22332818998919063,0.04228632900847912,53.12500069849193,0.8200000524520874,0.11150000776563372,73.03564743390677,84.37710268154345,2.475237876304578,1.2495621381912716,0.6581162657556536,0.0,,,0,31.55068933360292,72.39195857542717,347.2639384831734,0.0,16233.334016303237,7.522127301385455,2.1684756353213843,1.0
2022-07-20,2.3980000019073486,2.4049999713897705,2.378000020980835,2.378000020980835,0,2.3202000141143797,2.1685999989509583,1.9069000065326691,1.4524400067329406,1.0149600034952164,0.5595250020362437,2.2065679578461954,1.9660131423395004,1.55481850522259,0.7776746966575556,77.74113814509747,0.7268812637380897,0.26911019570598027,0.23248459113254855,0.036625604573431725,48.34684681770327,0.5379999876022339,0.11285715443747384,74.29251908781507,84.4824945821862,2.534346249437221,1.2794537636281174,0.6580798581520193,0.0,,,0,24.705019289646476,63.72449188657446,325.0033532597705,-2.938776542920939,15753.33382755519,-2.1224508067062766,1.135405810375018,1.0
2022-07-21,2.4130001068115234,2.4149999618530273,2.3329999446868896,2.359999895095825,0,2.337599992752075,2.2192999839782717,1.9476500034332276,1.4836400043964386,1.0355800023674966,0.5711850015074015,2.2372543452961215,2.0035356902210553,1.5863942460019327,0.7934192259952498,83.74777263380422,0.9203712539195887,0.26734628341874767,0.23945692958978837,0.027889353828959296,44.78527006133282,0.5069998502731323,0.11050001212528773,74.88034887227019,84.6471177534155,2.581956646862677,1.313343360003778,0.6513558825367217,0.0,,,0,21.171662821129374,59.06823003575585,313.17609686311835,-3.6734755443363665,15633.332985639563,1.4718286594569612,3.514788645961278,1.0
2022-07-22,2.3550000190734863,2.375,2.302999973297119,2.3550000190734863,0,2.360599994659424,2.2704999804496766,1.9874000072479248,1.5131800043582917,1.056250002682209,0.5827850016020238,2.2608034800515946,2.0370084834450966,1.6165356488674838,0.8089573433393119,83.33333509470006,0.90702109660223,0.2625187690560993,0.24406929748305056,0.018449471573048715,27.989129149592685,0.5119999647140503,0.1117142949785505,75.23673053233698,84.58559598578272,2.6190559045229382,1.3557441099729113,0.63566055647721,0.0,,,0,18.49652865477242,55.63250983297212,304.09413636243244,-3.8775521127048393,15600.000478078931,-0.21185916290627008,3.126358121481048,1.0
2022-07-25,2.390000104904175,2.427999973297119,2.365000009536743,2.3929998874664307,0,2.3871999740600587,2.3144999742507935,2.027149999141693,1.543380001783371,1.0770500016212463,0.5945500010438264,2.287242761534562,2.0709124266852235,1.6469852268517562,0.8247189606938107,83.49429380939468,0.9122060134112089,0.2587761901075232,0.2470106760079451,0.011765514099578073,29.141922805264066,0.43999993801116943,0.11335715225764684,75.24176289952146,83.9982109873479,2.655678149224332,1.398621849059054,0.6201101549947082,0.0,,,0,18.04749961668552,55.049299893825655,302.489257970758,-2.3265371064451354,15853.332939694317,1.4862032079497967,2.663846237054199,1.0
2022-07-26,2.4800000190734863,2.484999895095825,2.125,2.4749999046325684,0,2.3921999454498293,2.3506999731063845,2.0692499935626985,1.5747800004482269,1.0985500007867812,0.6067250005714595,2.3247941901541633,2.1093969483944943,1.679456390686298,0.8411396666036491,81.40454983391466,0.8246562430328126,0.2594362656327749,0.24949579393291108,0.009940471699863812,34.29190621987224,0.3619999885559082,0.122785712991442,75.39401157361739,83.4808745206853,2.699411778398449,1.439088208726948,0.6090726464140558,0.0,,,0,19.60854958715145,57.16480422205728,307.92779303661894,-0.40241412013706435,16399.999733020857,3.6356095151833188,16.941171533921185,1.0
2022-07-27,2.4600000381469727,2.4630000591278076,2.318000078201294,2.382999897003174,0,2.393199920654297,2.3566999673843383,2.1014999866485597,1.6035799980163574,1.1190299996733666,0.6184400000609458,2.3364353315239654,2.1354543720715116,1.7070463321104892,0.8564815594434455,74.31192439811055,0.0,0.2496578482347407,0.249528204793277,0.00012964344146368378,22.017406998287427,0.059999942779541016,0.1298571228981018,76.4561245051203,84.26561640980248,2.7262786224009354,1.476721350896184,0.5946025598113499,0.0,,,0,13.395189728435158,48.60499008162771,285.3243478378396,-4.104627863121825,15786.666335115822,-0.6060552348919198,6.255391545932551,1.0
2022-07-28,2.3480000495910645,2.3480000495910645,2.257999897003174,2.308000087738037,0,2.3827999591827393,2.360199975967407,2.131649988889694,1.6301399993896484,1.1390600004792213,0.6297800005041063,2.33074828276678,2.1518872973730856,1.7306131460566674,0.8709245298742375,70.1298783063688,0.0,0.23316870055148708,0.24625630394491904,-0.013087603393431957,9.22859344090492,0.03500008583068848,0.13571426698139735,77.36255939577246,83.55421261162267,2.7336474125957677,1.5296525651836204,0.5648182645778862,0.0,,,0,8.272938792367034,41.58293696260388,266.47719614636895,-7.122728966995096,15286.667595505736,-1.4687305465738658,3.9858351059864607,1.0
2022-07-29,2.2899999618530273,2.318000078201294,2.2730000019073486,2.2980000972747803,0,2.371399974822998,2.3659999847412108,2.1665499925613405,1.6553400015830995,1.1589900013804435,0.6410700009949505,2.32419864566838,2.165802802125628,1.7528636147318877,0.8851242867637952,66.35072241414358,0.0,0.21679493944586925,0.24036403104510912,-0.023569091599239866,-1.0761884391516374,0.05800008773803711,0.13021427392959595,72.04531405243091,78.51790968143652,2.717542347901434,1.6155576372212475,0.5086357178296158,0.0,,,0,6.0672546290075084,38.82344986994013,258.4632089644265,-7.525143087132161,15220.000990927241,-0.7799014385069131,1.9797657833781026,1.0
2022-08-01,2.2899999618530273,2.312999963760376,2.263000011444092,2.265000104904175,0,2.345800018310547,2.366499996185303,2.1996499955654145,1.680580003261566,1.1780400022864341,0.6521700015105307,2.312358937515539,2.1752501642950133,1.7729473986602127,0.898854394406983,58.189667686026276,0.0,0.19886341851081113,0.2320639085382495,-0.033200490027438384,-0.3519532334562592,0.005000114440917969,0.12128569398607526,72.76324645952438,76.64573309640042,2.683550031208272,1.7157499599225572,0.4399791208768848,0.0,,,0,2.970932169686487,34.77490512254116,247.3020990934986,-8.853110643015414,15000.00103687249,-0.3481346859488981,2.2094543554322668,1.0
2022-08-02,2.437999963760376,2.4649999141693115,2.4179999828338623,2.4630000591278076,0,2.3434000492095945,2.367799997329712,2.2412999987602236,1.7098400044441222,1.1989700028300285,0.6642850018106401,2.342487161837993,2.202654916183851,1.8000082873060008,0.9144180328619167,57.6419300355728,0.0,0.19834312445690072,0.22531975172197977,-0.026976627265079045,9.955359314359269,0.013000011444091797,0.1192856856754848,76.49493929685747,77.04001736668428,2.657400717622095,1.8251992798983523,0.3713030108348171,0.0,,,0,9.891583477902003,44.04856903137798,270.7746001210947,-0.8853053077158877,16320.000761201001,7.637962509653846,1.9437523436359148,1.0
2022-08-03,2.443000078201294,2.4700000286102295,2.3980000019073486,2.427999973297119,0,2.352400064468384,2.3727999925613403,2.270699995756149,1.7388400042057037,1.2196500024199486,0.6762350016832351,2.359589724129818,2.224116350194638,1.8246354122468291,0.9294785496821675,58.60155429898438,0.03675898449937774,0.1928831365198289,0.21883242868154962,-0.025949292161720705,7.433627590388858,0.04999995231628418,0.11671427318028041,67.46055060747098,77.33316404584829,2.648767689760687,1.892632301751611,0.33299660431684686,0.0,,,0,6.927378246133687,39.63331689083271,259.04677623215565,-2.2937595253503242,16086.666850447658,-0.8120170704988137,3.0025031962307196,1.0
2022-08-04,2.372999906539917,2.388000011444092,2.3480000495910645,2.378000020980835,0,2.366400051116943,2.3746000051498415,2.2969499945640566,1.7665400052070617,1.2397800025343895,0.6879100017808377,2.3632717835000214,2.2387719378885618,1.8463359851383587,0.9438916986503134,57.516342585258045,0.0,0.18241866958641006,0.2115496768625217,-0.029131007276111648,-2.93877654292094,0.018000125885009766,0.11721425397055489,68.5496810259807,77.37982483660927,2.622106121789174,1.9717938673389392,0.28311990073325866,0.0,,,0,3.5285934220854056,34.61342590439112,245.684757428261,-4.305830126035646,15753.33382755519,-2.2652416541221965,1.703575852138243,1.0
2022-08-05,2.372999906539917,2.424999952316284,2.328000068664551,2.4100000858306885,0,2.388800048828125,2.3801000118255615,2.325299996137619,1.7938800072669983,1.2601000034809113,0.6997100022062659,2.372617443966155,2.2550793805497165,1.8684404596753128,0.9584798418063372,58.06452274488028,0.020897837388496317,0.1746938796455555,0.20417851741912849,-0.02948463777357299,1.3456713443027901,0.05500006675720215,0.11964281967708043,68.22320766376147,75.79330291323144,2.573593638819179,2.0770063534560586,0.2135583736240332,0.0,,,0,3.64254461074952,34.345668387394426,244.42841723452312,-3.0181011038732706,15966.667597989263,-0.2102655339277756,4.166661545992868,1.0
2022-08-08,2.433000087738037,2.4700000286102295,2.424999952316284,2.4600000381469727,0,2.4278000354766847,2.386800026893616,2.3506500005722044,1.8221800088882447,1.2802200037240983,0.7117600023932755,2.3900939628023186,2.2745956336542172,1.8916388745173387,0.9734203412724132,50.6329110103851,0.0,0.17063948053597944,0.1974707100424987,-0.026831229506519255,4.237294385434165,0.06700015068054199,0.11035709721701485,66.24563929472433,75.76109700902204,2.5339074001024766,2.167392601041932,0.1559206172638742,0.0,,,0,4.651906389643283,35.00312955622189,245.62212401304976,-1.0060305031879493,16300.00062088173,0.954356891627284,1.855673285723682,1.0
2022-08-09,2.575000047683716,2.578000068664551,2.5350000858306885,2.569999933242798,0,2.4492000102996827,2.396300029754639,2.3735000014305117,1.8530200076103212,1.3015900030732155,0.7243600020557642,2.4260751568904144,2.3027293764721772,1.9182412689771606,0.989306705371621,61.594203315862735,0.33100824729781486,0.17429326795878763,0.19283522162575648,-0.01854195366696884,9.129507958725958,0.09500002861022949,0.11364281177520752,62.60140588057821,75.94363185002553,2.5456168120163847,2.2013831908446386,0.14503207118781378,0.0,,,0,8.278910119816956,38.692508590725005,254.79594758808184,-0.3103233207397524,17033.33327124516,4.674797063148358,1.696251730885908,1.0
2022-08-10,2.572999954223633,2.578000068664551,2.48799991607666,2.5350000858306885,0,2.4706000328063964,2.4115000486373903,2.384100008010864,1.883220009803772,1.3233400037884713,0.7367850024811924,2.4478601426784694,2.3248503964110827,1.9424278892459264,1.0046867390080296,60.355049286380165,0.295852987546467,0.1723776632348506,0.1887437099475753,-0.016366046712724708,5.933982659506065,0.15200018882751465,0.11421425001961845,54.37644845885814,76.04315898526572,2.568775970606519,2.199424045415209,0.15492299985329605,0.0,,,0,6.329435733097685,34.60987418537629,244.06238961078722,-1.667958948353987,16800.000949949044,0.11673233691681724,3.6173695990236334,1.0
2022-08-11,2.497999906539917,2.497999906539917,2.443000078201294,2.490000009536743,0,2.493000030517578,2.4297000408172607,2.394950008392334,1.9124200105667115,1.3444100040197373,0.7489850025251508,2.4562881160501244,2.340578930994479,1.9639013057279193,1.0194659755307034,57.62712229694471,0.21283983480970292,0.16532266583242183,0.1840595011245446,-0.018736835292122778,0.606064867966194,0.18199992179870605,0.11564282008579799,54.14791774462518,76.22425500786301,2.5776299999878898,2.2122700167967784,0.15255432552279777,0.0,,,0,3.9687676490672814,30.201524548934007,232.44991570483808,-3.4135010389426865,16500.000434617214,-1.459573098146345,2.2513232328309107,1.0
2022-08-12,2.4830000400543213,2.503000020980835,2.4549999237060547,2.5,0,2.5110000133514405,2.4499000310897827,2.4079500079154967,1.9403600096702576,1.364860003888607,0.7612350025214255,2.4650304928401,2.355761889947386,1.9849247839346678,1.0341976573662188,56.24271633713235,0.18230440565478453,0.1587089472682437,0.17898939035328446,-0.02028044308504076,4.909782125629292,0.20199990272521973,0.11385711601802281,53.674241417986636,75.75349554972998,2.580950099581918,2.2349499162490756,0.1436907669160317,0.0,,,0,3.8227534534318957,28.842069901494565,228.41369507698585,-3.02560382416732,16566.667039195705,-0.28112327130971365,1.9551975057628346,1.0
2022-08-15,2.48799991607666,2.513000011444092,2.444999933242798,2.513000011444092,0,2.5216000080108643,2.4747000217437742,2.4206000089645388,1.9683600091934204,1.3847900041937828,0.7735500025749207,2.4746243965608983,2.370736949137548,2.005633616386018,1.048912108650576,52.41117542230061,0.07509875444545809,0.15275564791272433,0.17374264186517246,-0.02098699395244813,8.882145403511043,0.247999906539917,0.092999986239842,53.65923934723145,75.09303938827864,2.5848262622028066,2.256373755726271,0.13569053344630783,0.0,,,0,3.8172354844813476,27.66973519614686,224.8658784925413,-2.5213365201394335,16653.33378409347,-0.48000335693359375,2.781189368422828,1.0
2022-08-16,2.6029999256134033,2.609999895095825,2.5980000495910645,2.5980000495910645,0,2.5272000312805174,2.4882000207901003,2.428000009059906,1.9976200103759765,1.4059700047969819,0.7863000028207898,2.4992995271669316,2.392381053942645,2.0288636725901372,1.0643259190081926,63.76442036174922,0.67351548330643,0.15313120675516378,0.16962035484317073,-0.016489148088006944,13.054827659583523,0.13499999046325684,0.08871427604130336,47.04968390026356,75.08322931573879,2.6101624338696023,2.24583758425021,0.1500514202059064,0.0,,,0,7.001649089654675,30.054766977533887,230.40824625091471,-0.4597642140640842,17220.00071773928,3.5813734086532376,0.4618878089186167,1.0
2022-08-17,2.5,2.628000020980835,2.5,2.568000078201294,0,2.5338000297546386,2.5022000312805175,2.437500011920929,2.0257800126075747,1.4268200054764748,0.7989000032097101,2.513039637373804,2.4091066753006114,2.0500062767317515,1.0792878509404624,67.66304708735677,1.0,0.14928720292535447,0.16555372445960748,-0.01626652153425301,13.377481645191281,0.1400001049041748,0.08892856325422015,45.79508543495269,74.88381039753624,2.628296115419762,2.2467039084220963,0.15655064825905085,0.0,,,0,5.353848846856874,26.765989506223637,221.44199122342445,-2.2831028272651057,17020.0009040038,-3.77213424635962,5.120000839233398,1.0
2022-08-18,2.5480000972747803,2.568000078201294,2.5380001068115234,2.565000057220459,0,2.5488000392913817,2.52090003490448,2.4477500200271605,2.0525800132751466,1.4472700062394142,0.8115250035002828,2.523431721343135,2.4239536640548827,2.0702021112607203,1.0940710569730991,68.31275814376218,1.0,0.14433492243429358,0.16130996405454473,-0.016975041620251152,4.141290931546759,0.18700003623962402,0.08785712718963623,45.63863469292404,74.96721641747149,2.642990070595967,2.252509969458354,0.15952613540711166,0.0,,,0,4.790114849718089,24.964680579135255,216.0715992923273,-2.3972588758527795,17000.00076368453,-0.7788154329232837,1.1820319199063911,1.0
2022-08-19,2.572999954223633,2.5799999237060547,2.558000087738037,2.5799999237060547,0,2.5648000240325928,2.5379000186920164,2.459000015258789,2.079520010948181,1.4679900053143502,0.8242000031098723,2.534745361815719,2.4388152125930893,2.090194182337008,1.1088564188311387,72.15189448951075,1.0,0.14000665872152318,0.15704930298794043,-0.017042644266417245,6.260294566746882,0.1699998378753662,0.08585711887904576,45.58062689207201,74.67006396228942,2.6576374495247936,2.2603625809927843,0.1615595225973187,0.0,,,0,4.920695717626154,24.06708808393116,213.03080732482363,-1.826487705158596,17099.999875823654,0.3118868157781973,0.8600404696417103,1.0
2022-08-22,2.5850000381469727,2.674999952316284,2.5850000381469727,2.6480000019073486,0,2.591800022125244,2.556700015068054,2.471750020980835,2.1077200102806093,1.488920005261898,0.8372150031104684,2.5573962898340454,2.4587375734801618,2.1120689203593743,1.1241712803542852,65.92082531423247,0.7104384981138776,0.14044455910254428,0.1537283542108612,-0.013283795108316926,11.35407815577516,0.18799996376037598,0.07835713454655238,46.04994730563492,74.65172530396626,2.6847653004190977,2.2587347415425723,0.17235988884809186,0.0,,,0,7.130574671000691,25.63338531643061,216.28673543466726,-1.0093439585132056,17553.333740631748,0.1938028910379008,3.4816213865059327,1.0
2022-08-23,2.7179999351501465,2.7200000286102295,2.6549999713897705,2.703000068664551,0,2.6128000259399413,2.5700000286102296,2.483150029182434,2.1360200119018553,1.5107000061869622,0.8505550034530461,2.586517045600147,2.4820006682596274,2.1352426908811464,1.139881019541452,72.87855009727164,1.0,0.1435746053634337,0.1516976044413757,-0.008122999077942006,12.157675203271623,0.13300013542175293,0.07835713454655238,45.19495290318043,74.36089577635613,2.719971297840692,2.246328760524176,0.19074261794502215,0.0,,,0,8.853675247101418,26.54376146307129,217.79250697380283,-0.6249985208406323,17920.000860542077,2.6435020087755685,2.448213104365287,1.0
2022-08-24,2.697999954223633,2.7149999141693115,2.6649999618530273,2.7130000591278076,0,2.6418000221252442,2.5878000259399414,2.499650037288666,2.1603200125694273,1.5329000067710876,0.8639200037531555,2.611813648305679,2.504000610247073,2.157899842577094,1.1555339453084805,79.85740780721154,1.0,0.1451884630080551,0.15039577615471159,-0.005207313146656484,10.284553538926389,0.17799997329711914,0.07621427944728307,42.355957906508664,74.30090194795339,2.7525308996319566,2.246769174945375,0.20233301347862837,0.0,,,0,8.535195673653558,25.583248932691106,214.0337123045692,-0.25735181649974004,17986.667465120572,-0.18498388138733324,1.8761708454779196,1.0
2022-08-25,2.7049999237060547,2.7300000190734863,2.700000047683716,2.7300000190734863,0,2.6748000144958497,2.611800026893616,2.520750033855438,2.1800600123405456,1.5552000069618226,0.8773950038477778,2.6354509224592406,2.5255243634686364,2.180335143616168,1.1712002744006698,79.30403578201546,0.9810647885900922,0.14615443417249274,0.1495475077582678,-0.003393073585775064,6.225684435283307,0.24000000953674316,0.07142857142857142,39.8512745497717,74.29242850711314,2.776703847084439,2.264796220626437,0.20307750454536305,0.0,,,0,8.301100164937992,25.225911379499905,211.14834334606297,0.0,18100.00053395829,-0.2948815056172488,1.1111100318500724,1.0
2022-08-26,2.73799991607666,2.755000114440918,2.697999954223633,2.755000114440918,0,2.709800052642822,2.6373000383377074,2.5436000347137453,2.201260013580322,1.5773700082302093,0.8909700044244527,2.6593607608555763,2.547379196894568,2.202871024824982,1.18695947678913,78.31095279585874,0.9436551075694092,0.14723998119191872,0.14908600244499798,-0.0018460212530792552,8.678501820962992,0.25500011444091797,0.07121430124555315,39.56603036142099,73.50179771574919,2.7974117341366966,2.289788335290794,0.19956887557718178,0.0,,,0,8.311058218355601,25.155597132750547,209.2135650762551,0.0,18266.667840133137,0.2930365182154413,2.112682030555754,1.0
2022-08-29,2.75,2.812999963760376,2.75,2.7980000972747803,0,2.7398000717163087,2.6658000469207765,2.5702500343322754,2.2275600147247316,1.5986700093746185,0.904735004901886,2.687088628139417,2.571247854073636,2.2262094198230136,1.2029897317193357,75.11015043477256,0.8270342790273513,0.14984273055067243,0.14923734806613287,0.0006053824845395628,12.369481387887205,0.2850000858306885,0.06728572504861015,38.620355327916144,73.49032915132001,2.8125607615430206,2.32793930712153,0.18855031531879352,0.0,,,0,8.861008069266383,25.608292426659496,209.26183712524855,-0.5332337959060656,18553.334398766383,-0.18149234966302932,2.290907773104581,1.0
2022-08-30,2.865000009536743,2.9030001163482666,2.8529999256134033,2.872999906539917,0,2.7738000392913817,2.6933000326156615,2.5907500267028807,2.2548200130462646,1.6207700085639953,0.918900004439056,2.7242708838195173,2.5999861447847104,2.2515737526354416,1.2196067483842172,84.21051107488178,1.0,0.1561572029463374,0.1506213190421738,0.0055358839041635965,14.91999626159668,0.27499985694885254,0.06835714408329555,28.13823848179218,73.52066975424214,2.862447906388984,2.3190521470167775,0.2097445734908509,0.0,,,0,10.894523860962448,27.4159307579717,212.6564253630344,-1.0334208958312887,19053.33313837647,2.3945643292586025,1.7525479158262893,1.0
2022-08-31,2.86299991607666,2.869999885559082,2.8399999141693115,2.859999895095825,0,2.8032000064849854,2.7225000143051146,2.6123500227928163,2.282260010242462,1.6427700072526932,0.9329850039072335,2.751416686074779,2.6247493591000546,2.2754336013593783,1.2359290682519943,90.04328691566792,1.0,0.15828783193946538,0.15215462162163212,0.00613321031783326,13.808192680919662,0.29199981689453125,0.06414285727909633,27.32616017632761,73.62203662374542,2.8979041359418147,2.3267959096438178,0.218618569990646,0.0,,,0,9.479965170909637,25.314376199931115,206.54296511931872,-1.481233879746864,18966.666393478707,-0.34806790075048333,1.056337052691263,1.0
2022-09-01,2.859999895095825,2.869999885559082,2.8480000495910645,2.86299991607666,0,2.82979998588562,2.752300000190735,2.6366000175476074,2.3086200094223024,1.664720006585121,0.9471100034937262,2.7737333320751554,2.6474398883359216,2.298475417622801,1.2521188279318418,89.89010735649819,0.9959295518350936,0.15839259613552192,0.15340221652441008,0.004990379611111845,10.200148630763417,0.29799985885620117,0.06228569575718471,25.27450944718203,73.21170482122214,2.920729221122415,2.3524708139727997,0.21552696782509023,0.0,,,0,8.58681244869425,24.01347577304777,202.28800303191235,-1.377891790163735,18986.666533797976,0.0,0.7724661371117767,1.0
2022-09-02,2.8350000381469727,2.8480000495910645,2.799999952316284,2.819999933242798,0,2.842799949645996,2.776300001144409,2.6571000099182127,2.3338200092315673,1.6861200058460235,0.9610100031644105,2.782986652308684,2.6638741783270525,2.3189273594118203,1.2677196349498614,81.64948331979016,0.6805873046824361,0.15323943445468213,0.1533696601104645,-0.00013022565578235668,9.813078168518285,0.24000000953674316,0.06192854472569057,26.650540726138054,73.44215507729746,2.931382874597132,2.382817145239293,0.20645279715110318,0.0,,,0,6.130741135693997,20.83193742825566,193.44126741210928,-2.85911745707665,18699.99997516473,-0.9779908749720609,1.714289217579181,1.0
2022-09-06,2.822999954223633,2.86299991607666,2.818000078201294,2.8450000286102295,0,2.852199935913086,2.7960000038146973,2.676350009441376,2.3587600088119505,1.7071900063753127,0.975010003298521,2.7953893275689934,2.6811242593064026,2.339557660164699,1.283413967225089,79.05882432139052,0.5446375757263614,0.14945004833000564,0.15258573775437273,-0.003135689424367094,10.916177978303443,0.19700002670288086,0.05821425574166434,26.23252709821481,73.42160802203558,2.94639657280939,2.4063034460733617,0.20180212783482682,0.0,,,0,6.301493398617741,20.61422179372908,191.79188100485254,-1.9979361148285593,18866.667281339578,0.10638372524304111,1.5968714203900674,1.0
2022-09-07,2.9679999351501465,2.9679999351501465,2.9079999923706055,2.933000087738037,0,2.86419997215271,2.819000005722046,2.6945000171661375,2.384760010242462,1.7291200071573258,0.9894500037282705,2.8229114796028023,2.705112433442749,2.3628299122263985,1.299827759468999,87.78467694285212,0.9063690095093196,0.15179796934987033,0.15242818407347225,-0.0006302147236019184,13.682177305064158,0.23000001907348633,0.0578571047101702,24.121923870887958,73.30872142440704,2.9826392063792015,2.4063608279530735,0.2138721004842346,0.0,,,0,8.851366452123283,22.989318637552746,196.42731585086918,-1.1792401676834534,19453.33435530466,4.323371012407403,2.0632717653698815,1.0
2022-09-08,2.947999954223633,2.9649999141693115,2.933000087738037,2.950000047683716,0,2.882200002670288,2.8427000045776367,2.715250015258789,2.4090000104904177,1.7511400073766707,1.0039750039577484,2.8483291932189854,2.72843506337046,2.385856192048254,1.3162473842273545,88.73239504185278,0.9456567950869023,0.15326373938275406,0.1525952951353286,0.0006684442474254593,11.404835557357895,0.2369999885559082,0.05799995149884905,22.905985484126003,67.50092209727308,3.0145803917197687,2.4159196387978095,0.22048089478231755,0.0,,,0,8.645613888434243,22.457452670710566,193.83202132070855,-0.6064652243841804,19566.66742414238,0.5114171850285818,1.0910271215147846,1.0
2022-09-09,2.9549999237060547,2.9730000495910645,2.934999942779541,2.9679999351501465,0,2.9032000064849854,2.866499996185303,2.739150011539459,2.4342600083351136,1.773270006775856,1.0186150036379695,2.8722633416052177,2.7512507654447163,2.408685358444407,1.3326827329927555,88.80000114440918,0.9484594154692423,0.1541014278459225,0.15289652167744738,0.0012049061684751283,9.803916380088062,0.23799991607666016,0.0591428279876709,20.856108497267183,60.85352814445854,3.03908490386963,2.439215119209288,0.21899851491638558,0.0,,,0,8.354778768836722,21.9261675000806,191.3760276993737,-0.16818413580604324,19686.666676600773,0.16948732005155984,1.2947225741863588,1.0
2022-09-12,2.943000078201294,3.0,2.943000078201294,2.994999885559082,0,2.938199996948242,2.890499973297119,2.7639000058174132,2.462160005569458,1.7948900055885315,1.0333650030568242,2.8968106503959907,2.7744649673603705,2.4316780849979236,1.3492232021725201,87.79956212000405,0.8692828897172977,0.1551554370409023,0.1533483047501384,0.001807132290763902,10.3943907219056,0.23999977111816406,0.056428534643990655,20.77974353587982,60.36844499084727,3.062433138584118,2.4653668730507086,0.21602310658009105,0.0,,,0,8.3613690529778,21.6411556838032,189.82981586365844,-0.1666704813639323,19866.666350016985,-0.8423132579208711,1.9367964758445853,1.0
2022-09-13,3.072999954223633,3.2130000591278076,3.0250000953674316,3.1530001163482666,0,2.9998000144958494,2.925999975204468,2.795900011062622,2.4931600069999695,1.8184700065851211,1.0488800036348402,2.948048543586446,2.8105159339306462,2.459965223482251,1.3671712311692938,90.03558884930801,0.9994844976894335,0.16681708160658015,0.15604206012142674,0.010775021485153413,15.494508949429942,0.35500001907348633,0.06685711656297956,25.570566010882406,53.10712473717953,3.1175070714336557,2.4742929506915883,0.23005619592869656,0.0,,,0,12.772277401648694,26.46601531773669,200.60637112173984,-1.8674118168497151,20920.00124548875,2.6043429597657686,6.21487463912098,1.0
2022-09-14,3.1679999828338623,3.187999963760376,3.0,3.128000020980835,0,3.038800001144409,2.9514999866485594,2.8224000096321107,2.5231200075149536,1.8417500066757202,1.0643050037324429,2.984038839065324,2.8407525136497123,2.4861626665214107,1.3846919156450308,85.96185964793395,0.7266865354806388,0.17205833875429244,0.1592453158479999,0.012813022906292548,13.53901600891989,0.25500011444091797,0.07671426023755755,25.065466534152865,53.25986001948194,3.162176640418602,2.4826233788456196,0.24077142122089187,0.0,,,0,10.827664764235815,23.973493597779118,193.90071549143892,-2.6455037840879014,20753.333939313903,0.4757331408845049,6.266665458679199,1.0
2022-09-15,3.138000011444092,3.1429998874664307,3.075000047683716,3.0950000286102295,0,3.067799997329712,2.975,2.8487500071525576,2.548220007419586,1.8649000072479247,1.0795900038816035,3.006231076974305,2.8649665626935708,2.510038641505286,1.401709906818814,80.77570849095558,0.37939504962210874,0.17157147999140543,0.161710548676681,0.00986093131472443,10.614721980343166,0.2350001335144043,0.07942853655133929,24.95625863610833,53.17879375820156,3.1871934261302624,2.5103065881748527,0.2376083672684167,0.0,,,0,8.64414289914505,21.457331768787558,186.68290901938101,-3.672581025398739,20533.333985259153,0.3196927876017462,2.211376869211323,1.0
2022-09-16,3.0950000286102295,3.0950000286102295,3.049999952316284,3.069999933242798,0,3.088199996948242,2.9957000017166138,2.874000000953674,2.5725600051879884,1.8876200067996978,1.0947000035457313,3.0189848482280035,2.8844935503649256,2.5319979078479333,1.4183098075792517,76.55984204070161,0.09707884259838538,0.1672404977975379,0.1628165385008524,0.004423959296685515,6.856945113518531,0.2070000171661377,0.07857138769967216,25.46023131589241,53.07168011501992,3.1983682141583607,2.5496317877489876,0.225725965968721,0.0,,,0,6.819761037720438,19.33637804566814,180.44212325742885,-4.450672992636925,20366.6666790843,0.0,1.475412360573008,1.0
2022-09-19,3.069999933242798,3.0929999351501465,3.0179998874664307,3.0350000858306885,0,3.0962000370025633,3.0172000169754027,2.896750009059906,2.5964000058174133,1.9096400076150895,1.1096250039711595,3.0221878957485404,2.89882750612357,2.5517234834551004,1.4343962780096142,70.25640795739277,0.0,0.15914939289143293,0.16208310937896853,-0.002933716487535598,6.118888012371748,0.21500015258789062,0.07942853655133929,26.465013570232294,53.27821776829329,3.1972421418182004,2.5962578763016118,0.20746846073597788,0.0,,,0,4.772592606831448,16.892623595384435,173.51583417541408,-5.539992842248454,20133.33435778819,0.0,2.485091135860755,1.0
2022-09-20,3.259999990463257,3.263000011444092,3.2100000381469727,3.243000030517578,0,3.1142000198364257,3.057000017166138,2.9265000104904173,2.6222000074386598,1.9339900076389314,1.1256250041164457,3.066350322702348,2.931605841780142,2.578832367653629,1.4523923352484995,75.76601911797766,0.27844771134462815,0.16758912802102932,0.16318431310738069,0.004404814913648636,13.27279516520752,0.39800000190734863,0.08821424416133336,33.10449115458258,54.408009820098556,3.240796212850203,2.612203808130632,0.21479323508159928,0.0,,,0,10.81496732932259,23.67477771786409,188.1066090978635,-0.6129322971611749,21520.00068669519,7.413505709044658,1.6510894911924763,1.0
2022-09-21,3.243000030517578,3.253000020980835,3.190000057220459,3.190000057220459,0,3.1266000270843506,3.08270001411438,2.950850009918213,2.643740010261536,1.9580400079488753,1.1413600043952465,3.0910802696059703,2.9562148146792198,2.602799728028799,1.4696819643228474,71.7678168316567,0.07641412870043192,0.16806369040346691,0.16416018856659792,0.0039035018368689944,13.120572082857729,0.2569999694824219,0.09035709926060267,34.151665535188044,54.67338174726047,3.2676885341482826,2.634011485688143,0.21474390305514132,0.0,,,0,8.104446057862306,20.662396636531728,179.49113732180334,-2.237203615311222,17622.223303016366,0.0,1.9749204586306401,1.0
2022-09-22,3.184999942779541,3.184999942779541,3.130000114440918,3.130000114440918,0,3.133600044250488,3.1007000207901,2.9717000126838684,2.6598800134658815,1.9812600088119507,1.1567950049601494,3.09886423857296,2.9727657956089053,2.6234742529861372,1.4862025429309873,66.38037911769335,0.0,0.16173392258503227,0.1636749353702848,-0.0019410127852525216,10.017577608598828,0.18000006675720215,0.09307139260428292,35.47912377428164,53.95849008177917,3.277319073168723,2.666080952199014,0.20568634733008398,0.0,,,0,5.326920654217786,17.674485262305488,170.5751754649687,-4.076000506794747,15550.000922009369,-0.1567433965902407,1.7571829497663498,1.0
2022-09-23,3.1480000019073486,3.1480000019073486,3.0799999237060547,3.1080000400543213,0,3.141200065612793,3.1147000312805178,2.99060001373291,2.6765800142288207,2.004690009355545,1.1720450051687659,3.1006913988692326,2.98564524746085,2.6424752642437133,1.5023398314595777,68.13602347912096,0.07421808478329549,0.15317658947040425,0.1615752661903087,-0.008398676719904463,5.966585307920869,0.1400001049041748,0.09342854363577706,35.836299697603394,53.73727629395021,3.2795833160668426,2.7016167113989775,0.1932610854055467,0.0,,,0,3.9256345142214726,16.118330987007752,165.17753382744823,-4.750228956363774,15440.000547617687,0.5750762558564894,2.2077948014840163,1.0
2022-09-26,3.11299991607666,3.1679999828338623,3.0980000495910645,3.1649999618530273,0,3.167200040817261,3.131700038909912,3.011100006103516,2.6950800132751467,2.0273900091648103,1.1875700049847364,3.113553111465992,3.0027266488315334,2.6629664288558432,1.51888371335404,69.37045658891122,0.12640249252246963,0.149273526353479,0.15911491822294277,-0.009841391869463756,7.288132565900307,0.1700000762939453,0.09521426473345075,36.068012571761756,51.52298533303045,3.2876128566647713,2.7345871555422603,0.18366234930806846,0.0,,,0,5.111087490868969,17.43621511284257,166.51060135976627,-3.0033726401273593,15725.000162981454,0.16087116981669922,2.2595200814163263,1.0
2022-09-27,3.265000104904175,3.265000104904175,3.2179999351501465,3.25,0,3.1686000347137453,3.1414000272750853,3.033700001239777,2.7148800134658813,2.0515600091218946,1.2035550049878656,3.1408424891727935,3.026276491799959,2.6859873532144376,1.5361087510321092,69.25880497532961,0.12168253379674358,0.15129507793623365,0.15755095016560094,-0.006255872229367299,9.501350101464467,0.0969998836517334,0.09357142448425293,36.621996997361386,51.57631126205933,3.3107629368353315,2.756637065644222,0.1826567791688881,0.0,,,0,7.129907330053344,19.71063118369536,170.0333583867043,-0.45942126867450883,16150.000363215813,3.159562219792253,1.46053979804805,1.0
2022-09-28,3.2149999141693115,3.234999895095825,3.200000047683716,3.2300000190734863,0,3.1766000270843504,3.1516000270843505,3.051550006866455,2.730480012893677,2.0758300095796587,1.2194550050795079,3.1586739951529323,3.045678732492676,2.707321183248126,1.552963390515108,66.94915131931205,0.02404426796768359,0.14955931414013746,0.15595262296050824,-0.0063933088203707855,7.846415442200816,0.10199999809265137,0.09485714776175362,36.20996505495651,51.69597354846639,3.3310100525490838,2.7720899611838266,0.1831594075494753,0.0,,,0,5.8478482019134965,18.294219471338813,164.87242297741784,-1.0719780920716295,16050.000456348072,-1.0769257178673377,1.0937452153303442,1.0
2022-09-29,3.2249999046325684,3.243000030517578,3.184999942779541,3.2179999351501465,0,3.1941999912261965,3.1639000177383423,3.069450008869171,2.7472800111770628,2.0998600089550017,1.235330004747957,3.1705391831523753,3.062090275602911,2.727347800969774,1.5695309183224218,65.2438992478186,0.0,0.145537733939737,0.153869645156354,-0.008331911216617,2.061522879902755,0.12299990653991699,0.09628571782793317,36.18015661839404,46.43615416648351,3.3430501928694993,2.7958498248688426,0.1782730998776726,0.0,,,0,4.839626833854298,17.13403519328215,160.49718883066484,-1.4395151070112366,15990.000035390258,-0.1548023037582592,1.8210388941929019,1.0
2022-09-30,3.2049999237060547,3.234999895095825,3.1649999618530273,3.180000066757202,0,3.2085999965667726,3.174900031089783,3.085300016403198,2.7636800146102907,2.1236600095033644,1.2509900050796567,3.172431359873341,3.0733197795223672,2.74509887021634,1.5855554869635637,61.13117696997274,0.0,0.13769704503412106,0.15063512513190744,-0.01293808009778638,1.6624055443599906,0.1100001335144043,0.09721429007393974,36.697221702458066,46.63719955670862,3.3449135988725662,2.82568643393383,0.1682906563958874,0.0,,,0,3.069395191732574,15.063974481344477,154.1986789538511,-2.6033701505644316,15800.00068917872,-0.40397798962308673,2.211688280773775,1.0
2022-10-03,3.1649999618530273,3.190000057220459,3.140000104904175,3.1500000953674316,0,3.2056000232696533,3.186400032043457,3.10180002450943,2.7795800161361695,2.1463800102472304,1.2665150055475534,3.167945106972159,3.080622666745707,2.7609773496340297,1.6011220999825078,49.786627190238065,0.0,0.12759169794553227,0.14602643969463242,-0.018434741749100148,1.7770619143386401,0.11500000953674316,0.08521427427019392,36.33374452780968,46.698297578925725,3.3305279569878055,2.8730720920310544,0.14748077288738196,0.0,,,0,1.553938696148694,13.326476556921527,148.7139971946554,-3.5222053856601128,15650.000828877111,-0.47170140217862094,1.5923551161094647,1.0
2022-10-04,3.305000066757202,3.319999933242798,3.259999990463257,3.315000057220459,0,3.218600034713745,3.193600034713745,3.1253000259399415,2.79802001953125,2.1707000106573107,1.2829150058329106,3.197356097021819,3.102944322981398,2.7827037303236937,1.6181756119948258,61.091346590316135,0.3647968550721871,0.1313827568935122,0.1430977031344084,-0.011714946240896196,7.980460237954179,0.07200002670288086,0.08392855099269322,39.770861894642856,46.408681354997825,3.3390220457963706,2.9115780060835124,0.13676896175249717,0.0,,,0,6.069818248040514,18.47663826850739,158.3959219549585,-0.15059867839982927,16475.00065658243,4.9206338633996305,1.8404890477013416,1.0
2022-10-05,3.2899999618530273,3.315000057220459,3.2899999618530273,3.2929999828338623,0,3.23120002746582,3.2039000272750853,3.1433000206947326,2.814380021095276,2.1945800107717512,1.2992300057504327,3.216484874184228,3.121044862014966,2.8027153480691904,1.6348405311076522,61.89903887484741,0.45240781700146243,0.13110072868922584,0.14069830824537188,-0.00959757955614604,8.500820089188178,0.10299992561340332,0.08085714067731585,39.12367040298365,44.158481347722436,3.3493302926150967,2.9372697487743684,0.1310917001647379,0.0,,,0,4.762509501273856,17.00623079154467,153.45781487950103,-0.8132515346939614,16365.000282190746,-0.7541506767994921,0.759881326969707,1.0
2022-10-06,3.2850000858306885,3.2980000972747803,3.263000011444092,3.2880001068115234,0,3.2452000617980956,3.219700026512146,3.160200023651123,2.832480025291443,2.2180300116539002,1.3154800062905998,3.2307879207096875,3.1369453615194,2.821746122921831,1.651289880119631,63.42366329171087,0.5249174476216976,0.12898689051383805,0.1383560246990651,-0.009369134185227057,1.3876064098205854,0.15799999237060547,0.08014285564422607,39.20959080150327,40.25955248129374,3.3545904500228323,2.9658095972794136,0.12302412816712863,0.0,,,0,4.044050446298877,16.08202273105917,149.94679440876112,-0.9638502130937907,16340.000901520272,-0.24293644229810607,1.0726351733967245,1.0
2022-10-07,3.2730000019073486,3.2950000762939453,3.2330000400543213,3.2929999828338623,0,3.267800045013428,3.2382000207901003,3.176450026035309,2.8521800231933594,2.241160011291504,1.3316200062166899,3.2432303331345227,3.1518077064064918,2.8402266664477933,1.6676253040272353,66.49616578819638,0.6431843610672288,0.12625966392790744,0.1359367525448336,-0.00967708861692615,3.2288377356065157,0.18499994277954102,0.07921428339821952,39.23286797747322,39.85985832258908,3.35703677932234,2.995863272748278,0.11370350662335496,0.0,,,0,3.669189058328278,15.455544743173395,147.29276876739894,-0.8132515346939614,16365.000282190746,-0.45620755525828965,1.917724573816655,1.0
2022-10-10,3.2850000858306885,3.2850000858306885,3.2850000858306885,3.2850000858306885,0,3.294800043106079,3.250200033187866,3.190950036048889,2.8719200229644777,2.2636300122737882,1.3477200066577644,3.2515842836737563,3.164492694923082,2.857668761325554,1.683718585438215,53.608255024511664,0.1738590083892728,0.12204592295089522,0.1331585866260459,-0.01111266367515068,4.952075582190729,0.12000012397766113,0.06349999564034599,39.29482456920702,39.66591867515217,3.356103195996305,3.0257968761014733,0.10351347284140648,0.0,,,0,2.94739963707656,14.383411082590586,143.74499670574903,-1.0542122926467472,16325.000796280818,-0.24293644229810607,0.0,1.0
2022-10-11,3.2929999828338623,3.3399999141693115,3.2829999923706055,3.3399999141693115,0,3.2998000144958497,3.259200024604797,3.2003000259399412,2.8934200191497803,2.287000011205673,1.3641300062369555,3.2692674097728673,3.1812076681846273,2.8765837084958976,1.7001989966693705,62.84246680201562,0.6666642843948648,0.12174117290246045,0.1308751038813288,-0.00913393097886836,7.464603318053209,0.08999991416931152,0.06307142121451241,35.563104797037646,39.718228073965776,3.377165221817661,3.0234348300622216,0.11053038430406138,0.0,,,0,4.365212233135543,15.43432657767941,144.84469214066527,0.0,16599.999944120646,0.2435280607047798,1.7362144968373046,1.0
2022-10-12,3.5250000953674316,3.5399999618530273,3.4749999046325684,3.5329999923706055,0,3.3478000164031982,3.289500021934509,3.22055002450943,2.914820017814636,2.3123300111293794,1.381580006191507,3.3220139262924153,3.2147116990594826,2.9023255235498078,1.7184358224972436,78.10321768860851,1.0,0.1355110624600302,0.1318022955970691,0.0037087668629610937,11.627173300252537,0.30299997329711914,0.07307142870766777,39.98246855601551,38.04246588001751,3.4480522009203964,2.9930478480984632,0.14128156661415053,0.0,,,0,9.701757944553883,21.20816965637024,155.7217082280851,-0.19773925304670661,17565.000356696553,5.5389277231203575,1.8705052950881107,1.0
2022-10-13,3.515000104904175,3.6029999256134033,3.484999895095825,3.5829999446868896,0,3.4067999839782717,3.3260000228881834,3.244950020313263,2.9379200172424316,2.3383800107240678,1.399245005911216,3.37421112997131,3.2497867700716165,2.929018638104203,1.7369886993349515,81.87921353168922,1.0,0.14874375204221657,0.1351905868860986,0.013553165156117958,10.246152144211983,0.36500000953674316,0.07664285387311663,39.57296096572524,37.328571190308,3.516222591938779,2.973677448687747,0.1671967641580672,0.0,,,0,10.417723609221936,21.95702822604198,156.06665948781207,-0.5550924601562048,17815.000123865906,-0.5094788424936545,3.3859407193564213,1.0
2022-10-14,3.6029999256134033,3.640000104904175,3.5799999237060547,3.628000020980835,0,3.473799991607666,3.370800018310547,3.2728500247001646,2.9629200172424315,2.3647300112247467,1.4171600060071796,3.424968908173215,3.2858070796820185,2.9564296727268164,1.7558047323861543,81.58256036986452,0.9907563336071318,0.1610059080626236,0.14035365112140363,0.02065225694121997,12.321981410437054,0.4479999542236328,0.07592858586992536,39.18108957058679,37.2236982348535,3.580677181842203,2.965022867558126,0.18810954050376294,0.0,,,0,10.85139843256969,22.446775473790503,156.00496807715126,-0.3296726257554807,18040.00051036478,0.5581909359549662,1.6759827507484213,1.0
2022-10-17,3.5999999046325684,3.687999963760376,3.5950000286102295,3.687999963760376,0,3.5543999671936035,3.4246000051498413,3.305500018596649,2.9884800148010253,2.391180011034012,1.4354750058241188,3.4775751192906474,3.3241111638799574,2.9851187037477405,1.7750305555839079,80.93222407995785,0.9704919559409824,0.17356450541643742,0.1469958219804104,0.02656868343602703,14.605346118140927,0.5379998683929443,0.07542857101985387,38.55548046268551,37.21986362523146,3.644089924298421,2.966910112894877,0.20486456136552708,0.0,,,0,11.571621328446323,23.407215222950892,156.91843806385629,0.0,18340.000230968006,-0.7717782851802942,2.586924462031195,1.0
2022-10-18,3.815000057220459,3.8350000381469727,3.755000114440918,3.8329999446868896,0,3.6529999732971192,3.4763999938964845,3.335000014305115,3.0159400129318237,2.419060010910034,1.4544750055484474,3.5486600843698963,3.372576762052046,3.018368948490452,1.7955078629381664,86.1944964484768,1.0,0.19299286928132453,0.15619523144059322,0.03679763784073131,20.534586925200358,0.5179998874664307,0.08235715116773333,34.16929130439447,37.72434439204322,3.7457758575794404,2.9242241710307892,0.24634233374053846,0.0,,,0,14.932531581578981,27.091385380732234,163.53150999948315,-0.05215367510268473,19065.000151805583,3.443603435684164,2.13049057970444,1.0
2022-10-19,3.8350000381469727,3.9100000858306885,3.812999963760376,3.8929998874664307,0,3.724999952316284,3.536399984359741,3.3701500058174134,3.042400012016296,2.4477100098133087,1.4736750049889087,3.6175280449892036,3.422140869234368,3.0526682009993142,1.816378430346408,88.30876663890977,1.0,0.2108014931660711,0.1671164837856888,0.043685009380382306,23.587294273155624,0.5999999046325684,0.085142867905753,32.95097260374199,37.374992040849705,3.844131618066008,2.8961683935688187,0.28128220490507977,0.0,,,0,15.514142716095586,27.958186697692476,164.1694996717224,-0.43478767240605015,19364.999872408804,0.05218088935418421,2.5439318906956165,1.0
2022-10-20,3.8949999809265137,3.9030001163482666,3.8550000190734863,3.890000104904175,0,3.786399984359741,3.596599984169006,3.408150005340576,3.069500012397766,2.476360011100769,1.4927250055223704,3.672022456972198,3.466698891679112,3.085504746250485,1.8370114818345449,91.96221484858715,1.0,0.22211252360452605,0.17811569174945624,0.04399683185506981,17.345400837363446,0.6019999980926514,0.0835714510508946,31.42778590463436,36.20382539319259,3.9213074875762395,2.8949925231049125,0.3011355025051978,0.0,,,0,14.1381717004398,26.730740810959247,160.59723596195082,-0.51150845236528,19350.000959262274,0.05137666370148988,1.2451387039504258,1.0
2022-10-21,3.8980000019073486,3.9000000953674316,3.8450000286102295,3.884999990463257,0,3.8377999782562258,3.655799984931946,3.447000002861023,3.0974000120162963,2.504910011291504,1.5117250054702163,3.7146179636704098,3.5065370915633163,3.116857500925496,1.8573894769452783,94.76251197538798,1.0,0.2280443756609687,0.18810142853175874,0.039942947129209955,17.977528415288234,0.5920000076293945,0.08392860208238874,31.05604247654673,35.284897529839945,3.9816774399017336,2.9123225658203125,0.31022769747428275,0.0,,,0,12.706701109332524,25.42777734201212,156.99118400537685,-0.6393886142874677,19325.000386498876,0.2056528737129917,1.4304308543030584,1.0
2022-10-24,3.882999897003174,3.9130001068115234,3.859999895095825,3.9130001068115234,0,3.882800006866455,3.7185999870300295,3.484400010108948,3.125660014152527,2.5330100119113923,1.5308400059863925,3.754294392298633,3.5452478549202886,3.148078779587693,1.8778433140583755,93.71348341630352,0.9745098408571286,0.23232666930948476,0.19694647668730397,0.035380192622180784,19.00851519758866,0.628000020980835,0.07557148592812675,30.971656509665575,35.18214611414198,4.0402467668953825,2.9285532533225136,0.31904876315796743,0.0,,,0,12.300542287312599,25.189562815342576,155.6113043498751,0.0,19465.000971369467,-0.051482457271370845,1.3730625169973614,1.0
2022-10-25,3.9749999046325684,3.9749999046325684,3.940000057220459,3.9649999141693115,0,3.9092000007629393,3.7810999870300295,3.5201500058174133,3.1547000122070314,2.561530010700226,1.5502250055596232,3.796435496672769,3.5852242415154336,3.180114902512462,1.8986110414226633,97.05886674257779,1.0,0.2371822780904589,0.204993636967935,0.0321886411225239,20.406921798922852,0.625,0.07821432181767055,30.421305495317064,34.853707446404044,4.103797040477944,2.936502971156883,0.33160350195076527,0.0,,,0,12.637242947508984,25.685481942081505,155.7693173539003,-0.25157209316162715,19725.00001396984,1.5844568394751453,0.8883209874062952,1.0
2022-10-26,3.9630000591278076,3.9630000591278076,3.890000104904175,3.930000066757202,0,3.9166000366210936,3.820799994468689,3.555150008201599,3.181340012550354,2.589480011463165,1.569425005875528,3.823148410689656,3.618060034395602,3.2095221638553935,1.9188238675453952,93.14520251019128,0.909928443406488,0.23549158742056475,0.21109322705846095,0.0243983603621038,19.634702102706658,0.3970000743865967,0.08107144492013114,30.624897797710638,31.399400484137168,4.14939404709828,2.960905969304918,0.33430040224788377,0.0,,,0,10.543860531646702,23.532852548089537,150.41018538918917,-1.1320714202514126,19550.000772997755,-0.05043770705661885,1.8766054564266155,1.0
2022-10-27,3.9130001068115234,3.930000066757202,3.882999897003174,3.930000066757202,0,3.924600028991699,3.85550000667572,3.590750014781952,3.2085800123214723,2.6171800124645235,1.5884850062057376,3.8445187419031654,3.647768608906231,3.237776199263308,1.9388355710201397,93.09882474703089,0.9088610760823794,0.2314833074094449,0.21517124312865776,0.01631206428078713,17.664675681125843,0.3470001220703125,0.08000002588544573,30.43470547955196,31.104760431675587,4.185258848703351,2.9962411808605527,0.3311335133183872,0.0,,,0,9.447888340281775,22.484091145159503,147.40555003061803,-1.1320714202514126,19550.000772997755,-0.4325689480129207,1.2104087303814293,1.0
2022-10-28,3.947999954223633,3.9730000495910645,3.943000078201294,3.9700000286102295,0,3.941600036621094,3.88970000743866,3.6302500128746034,3.2366800117492676,2.644630012512207,1.607760006338358,3.8696149992445785,3.6784573155447067,3.266490859237697,1.9590461626379516,94.42285653499313,0.922960620867078,0.22889581082593713,0.21791615666811365,0.010979654157823482,12.36909247617637,0.34200000762939453,0.08250003201620919,29.319088369033132,30.52051940734816,4.214743250123364,3.045756775625842,0.322012663136626,0.0,,,0,9.358859982940846,22.65654974229715,146.92740290584956,-0.12578304760490389,19750.000586733237,0.4580123959459136,0.760841257793122,1.0
2022-10-31,3.950000047683716,3.994999885559082,3.950000047683716,3.9749999046325684,0,3.9539999961853027,3.918400001525879,3.67150000333786,3.264580011367798,2.6720500111579897,1.627085005864501,3.8906919803221767,3.7066994668864077,3.294275527684555,1.9791054038518285,94.03609216786136,0.8405343670316858,0.224658921153166,0.21926470956512414,0.005394211588041847,10.940551660542507,0.2869999408721924,0.08164288316454206,28.557645403175023,30.539628569168148,4.229114264687504,3.1138857419882164,0.3037528317269244,0.0,,,0,8.266373444608147,21.76144835755206,144.30191970950995,-0.5006253191347655,19774.99996740371,-0.5037778534604955,1.139236388155341,1.0
2022-11-01,4.0329999923706055,4.054999828338623,4.019999980926514,4.050000190734863,0,3.971000051498413,3.9401000261306764,3.7082500100135802,3.2926200151443483,2.7001700127124786,1.646745006814599,3.922553622404714,3.739394773919594,3.3239117889806455,1.9997113221292717,92.86902707772212,0.7401914488644727,0.224762133877495,0.2203641944275983,0.004397939449896693,11.63175764370421,0.21700024604797363,0.07307144573756627,24.679201578958416,30.510526921349424,4.263813986461596,3.152686033565565,0.29963674237055055,0.0,,,0,9.215942285402475,23.002355938643333,145.9397280073756,-0.12329563046635617,20150.00140629712,1.4591217391085292,0.8706429745813766,1.0
2022-11-02,4.0279998779296875,4.058000087738037,3.947999954223633,4.025000095367432,0,3.990000057220459,3.953300046920776,3.744850015640259,3.3190600156784056,2.7275400137901307,1.666220007315278,3.943042916997258,3.76659528072415,3.351405448054637,2.0198634492261687,88.2353183817066,0.45285893998734467,0.22028729710653305,0.22034881496338526,-6.151785685221123e-05,9.137747693019005,0.13200020790100098,0.07250002452305385,24.637912591469696,29.739996430408905,4.281349517756757,3.208350513523761,0.2865265630804028,0.0,,,0,7.480942589346275,21.269277336183816,141.56474401317348,-0.8132082714911901,20025.00092666598,-0.5432175745449501,2.786224285456853,1.0
2022-11-03,4.025000095367432,4.0279998779296875,4.007999897003174,4.025000095367432,0,4.009000062942505,3.9668000459671022,3.781700015068054,3.3453000164031983,2.752810014486313,1.6855200077593326,3.959434352671293,3.791205263071129,3.377820924419845,2.0398150576454848,87.24205043651196,0.391267202266452,0.21427097431325492,0.21913324683335922,-0.004862272520104294,5.009135232226725,0.13499999046325684,0.06964286736079625,24.549132910124627,29.454108661737205,4.2863759254003435,3.277024104735765,0.26690425381253163,0.0,,,0,6.433616609724638,20.318060431991796,138.79871356247597,-0.8132082714911901,20025.00092666598,0.0,0.49900153294584365,1.0
2022-11-04,4.019999980926514,4.0279998779296875,3.990000009536743,4.013000011444092,0,4.017600059509277,3.9796000480651856,3.8177000164985655,3.3709600162506104,2.775510014295578,1.704745007827878,3.970147484425853,3.8123285724399825,3.4027299082247175,2.0594487387778093,83.50516680209827,0.0,0.2061582249820355,0.2165382424630945,-0.01038001748105899,3.0824589634333988,0.12800002098083496,0.06571429116385323,24.809004187928053,29.055815911192678,4.276202474389956,3.3591975586071747,0.24019826382896894,0.0,,,0,5.115645391243896,19.046206187506133,135.4017752225188,-1.108922506678129,19965.00050570817,-0.1242264427936994,0.9523776516821686,1.0
2022-11-07,4.010000228881836,4.010000228881836,3.9679999351501465,3.9830000400543213,0,4.019200086593628,3.9866000413894653,3.8526000142097474,3.3955200147628783,2.7983900141716003,1.7238700079917908,3.972717995551547,3.8285829979270627,3.425485599669016,2.078588552720859,70.27028942735706,0.0,0.19505954075147391,0.2122425021207704,-0.01718296136929648,2.3907437697212375,0.06999993324279785,0.05842857701437814,25.205162316254505,29.21792278256455,4.241325618511342,3.463874409908152,0.2017990982026881,0.0,,,0,3.3847278555679954,17.301621629006032,131.04990640763492,-1.8482022193725842,19815.00064540656,-0.07475162107403975,1.0584751617466996,1.0
2022-11-08,4.09499979019165,4.09499979019165,4.065000057220459,4.090000152587891,0,4.027200078964233,3.9991000652313233,3.890100026130676,3.4213600158691406,2.824460015296936,1.7435450087487698,3.9961744269588158,3.8534798697995227,3.4515449939011287,2.0986025984906806,73.62113177341662,0.1250847443905012,0.19267671119172958,0.20832934393496225,-0.01565263274323267,5.276709462750584,0.1250002384185791,0.05949997901916504,25.806578035279436,29.46339224444318,4.209057546350401,3.5711425059109514,0.1639842256380121,0.0,,,0,5.13868859706538,19.54310957097255,134.57955671147377,-0.12209127863046305,20350.001220032602,2.811944489355356,0.7380008007110446,1.0
2022-11-09,4.079999923706055,4.09499979019165,4.0,4.0929999351501465,0,4.0408000469207765,4.015400052070618,3.9181000232696532,3.445760016441345,2.850290014743805,1.7630850084125995,4.015539528597082,3.87629130459482,3.476700089636384,2.118447348109183,74.34050399508297,0.15193843703724041,0.18885337483288733,0.20443415011454727,-0.015580775281659937,4.600046599162866,0.16299986839294434,0.06285709994179862,19.39251143884294,29.028568662590647,4.201390451060609,3.6348095954786968,0.14460602134120634,0.0,,,0,4.463896042514487,18.783662112872477,132.149891560549,-0.04883651145218522,20365.00013317913,-0.244504364517161,2.3749947547912598,1.0
2022-11-10,4.09499979019165,4.09499979019165,3.947999954223633,4.054999828338623,0,4.046799993515014,4.02790002822876,3.94170001745224,3.4696600151062014,2.875960012674332,1.7824700075387954,4.023431588545391,3.893311163998992,3.4993785107619626,2.1377165270169387,68.88886887350412,0.0,0.18067436061996478,0.1996821922156308,-0.01900783159566602,2.2698591706821425,0.1249997615814209,0.06942851202828544,20.085213727464108,28.967713673003615,4.182974818293112,3.7004252166113685,0.12242169610706315,0.0,,,0,2.874389486382465,16.87023543182819,127.49329925263082,-0.9768000952975703,20174.999594874673,0.048860373153916115,3.723400143679202,1.0
2022-11-11,4.063000202178955,4.063000202178955,4.063000202178955,4.063000202178955,0,4.056800031661988,4.0372000455856325,3.963450026512146,3.493660020828247,2.9011400151252746,1.8018600085377694,4.031345311272104,3.909472024778036,3.52148132219008,2.156873578511088,67.44185917567113,0.0,0.17284554043904077,0.19431486186031283,-0.02146932142127206,3.384227306934795,0.09300017356872559,0.0662142378943307,19.99469521347226,28.93418045275628,4.159923704604697,3.7669763484195955,0.09914275531585225,0.0,,,0,2.511705080192811,16.2963819592192,125.48922685043263,-0.7814307607375408,20215.001464970443,0.19729652722599178,0.0,1.0
2022-11-14,4.078000068664551,4.090000152587891,4.050000190734863,4.067999839782715,0,4.073799991607666,4.046500039100647,3.982450020313263,3.5186200189590453,2.9262200140953065,1.8213350077718495,4.038676216974227,3.9245699119213384,3.542913420919203,2.1758897602152834,63.446460730357394,0.0,0.1651409311552663,0.18848007571930353,-0.02333914456403724,3.5114445465997512,0.09299993515014648,0.0646428210394723,19.635828239692703,28.961996619348508,4.135452934263075,3.829447106363451,0.07683858588024493,0.0,,,0,2.1481705742216017,15.613502391946232,123.35264091581637,-0.6593394821070777,20239.999653547995,0.36918202656134236,0.9876533325735336,1.0
2022-11-15,4.125,4.130000114440918,4.105000019073486,4.130000114440918,0,4.0817999839782715,4.054500031471252,3.9973000288009644,3.5443200206756593,2.951540014743805,1.841120008379221,4.056940996467565,3.9441346931136794,3.56593642850829,2.1953336443369316,74.39021624535448,0.35329337809401673,0.16216849928281807,0.18321776043200644,-0.02104926114918837,4.030228833189686,0.07999992370605469,0.06371428285326276,15.668796218444964,28.751306663910565,4.14684124691546,3.847758810686469,0.07482111276963721,0.0,,,0,3.319742943582809,16.52446986583366,124.31998433804698,0.0,20550.00103376808,1.4011839346662738,0.609015718666775,1.0
2022-11-16,4.119999885559082,4.130000114440918,4.050000190734863,4.125,0,4.0881999969482425,4.064500021934509,4.008900034427643,3.5681600189208984,2.97646001458168,1.8607300084084273,4.070552797174052,3.961359960436186,3.587860490135416,2.2145343045922856,73.49392952817902,0.3243588718710131,0.1575927272987716,0.1780927538053595,-0.020500026506587887,3.7735873953762322,0.09999990463256836,0.06607140813555036,15.113649968616716,28.672074559277572,4.160355983311241,3.8574440855440444,0.07555985311827418,0.0,,,0,2.896055391137563,15.605801817360874,121.68718628493087,-0.12106814291444248,20525.000461004685,-0.24213628582888497,1.9753066651470672,1.0
2022-11-17,4.127999782562256,4.135000228881836,4.0879998207092285,4.11299991607666,0,4.09980001449585,4.073300004005432,4.020050024986267,3.5914200162887573,3.0002100133895873,1.8803700079768897,4.079042220954574,3.975801860973374,3.6084541931135043,2.2334245096816825,68.47539950431216,0.16440011002516086,0.15125452059033417,0.17272510716235442,-0.02147058657202025,1.5555487006129187,0.08799982070922852,0.06635715280260358,15.20144043112418,28.73695419340193,4.167429194033217,3.8726708559393157,0.0733220572534812,0.0,,,0,2.3121575729822155,14.522943499292642,118.73354173000669,-0.5320510662009077,20465.00004004687,0.07272200150923296,1.1497164930025192,1.0
2022-11-18,4.123000144958496,4.138000011444092,4.123000144958496,4.135000228881836,0,4.114200019836426,4.085500025749207,4.032550036907196,3.614760022163391,3.0245100152492523,1.9000800091028214,4.090233822540027,3.9909636102979893,3.629103057261282,2.25234566111651,69.80195974751314,0.216007636523691,0.14632000159136993,0.16744408604815753,-0.021124084456787595,2.7329225070332086,0.12200021743774414,0.06492859976632255,15.147712138796388,28.738494731419305,4.173988492236423,3.8911115815779698,0.07014839445747045,0.0,,,0,2.5405807996672762,14.392109117304203,117.62242690160703,-0.07249353682841064,20575.001606531478,0.24313710396024107,0.3638095066267988,1.0
2022-11-21,4.123000144958496,4.130000114440918,4.083000183105469,4.0980000495910645,0,4.120200061798096,4.097000026702881,4.041800034046173,3.6368200254440306,3.0494900155067444,1.9194550093263387,4.091787067950235,4.00115755689733,3.6474911746075485,2.270710381399839,56.55733753713065,0.0,0.137834879793016,0.16152224479712923,-0.023687365004113226,1.8136634159997111,0.11500000953674316,0.06292860848563057,15.651492778112235,28.918345969610172,4.17422935461985,3.909370713472496,0.06552987256081765,0.0,,,0,1.3904699656462312,12.680859127493585,113.49810387216725,-0.9666496312808862,20390.000705942526,-0.2902075757946171,1.151112643343106,1.0
2022-11-22,4.199999809265137,4.203000068664551,4.190000057220459,4.197999954223633,0,4.133800029754639,4.107800006866455,4.053450036048889,3.6577200222015382,3.075440014600754,1.9394300091266632,4.113029645204914,4.019904451880787,3.669079754200336,2.2898873920747027,69.61445473084169,0.42552515438312294,0.1375934248528239,0.15673648080826819,-0.0191430559554443,4.610016004285233,0.10799980163574219,0.06257145745413643,17.0726274838709,29.084791134273726,4.197882828081584,3.9090172440161943,0.07126412845758469,0.0,,,0,3.5660959648991812,14.770948261286179,116.4553469044246,-0.11896536662457612,20890.00024028123,2.489013139085997,0.3102627987245346,1.0
2022-11-23,4.204999923706055,4.215000152587891,4.168000221252441,4.199999809265137,0,4.148799991607666,4.118499994277954,4.066950023174286,3.679160017967224,3.101140012741089,1.9590550081431866,4.130423678016959,4.037056390679297,3.6899001485166028,2.30889348577809,69.75162533367778,0.48962340034192664,0.13599576711264705,0.15258833806914396,-0.01659257095649691,5.448148808149544,0.10699987411499023,0.06450002534048897,16.535524412836068,28.81965920066381,4.213259642444416,3.9206404039041565,0.07195053710344533,0.0,,,0,3.271488101223443,14.156486501113974,114.38906982228853,-0.35588001849879225,20899.99951571225,0.16674534442000563,1.1276374481891516,1.0
2022-11-25,4.175000190734863,4.188000202178955,4.144999980926514,4.175000190734863,0,4.161200046539307,4.130500030517578,4.079200029373169,3.700760021209717,3.1244900143146515,1.9785800090432166,4.13933898056054,4.050193895446493,3.7089236795839855,2.327461711698058,67.76316477430771,0.628380163434262,0.1311999600874425,0.14831066247280367,-0.017110702385361165,2.0782404639567043,0.12000036239624023,0.06571430819375175,16.8278248751465,28.844252341567504,4.218067017903758,3.9403330408425794,0.06808540279008006,0.0,,,0,2.3485036446328786,12.814669603194782,111.00992487808318,-0.9489907569390834,20775.00142026696,-0.5952290396567317,1.0373997937348545,1.0
2022-11-28,4.175000190734863,4.190000057220459,4.1479997634887695,4.183000087738037,0,4.170800018310547,4.142500019073486,4.08985003232956,3.7230200242996214,3.147790014743805,1.9976450094580651,4.148071201996039,4.062842104236164,3.7275149112763013,2.3459247801163663,73.04146667992434,0.9243672551415858,0.12658557360256406,0.14396564469875575,-0.01738007109619169,2.198879892838046,0.11999988555908203,0.06550003801073347,16.619273364866714,28.838057682374007,4.2261010028388135,3.953599061820306,0.0666288345206858,0.0,,,0,2.2775909794281524,12.35502523317606,109.39656785530832,-0.759194868123703,20815.000906176887,0.0,1.0125433010238205,1.0
2022-11-29,4.275000095367432,4.28000020980835,4.239999771118164,4.252999782562256,0,4.201799964904785,4.16100001335144,4.103750026226043,3.747380018234253,3.171890012025833,2.0172200083732603,4.169056918109283,4.08095235931484,3.7481221611306523,2.3649006507874697,70.52892913380153,0.783473707485473,0.12711176413625758,0.14059486858625614,-0.013483104449998562,4.8828597436650245,0.18499994277954102,0.06442863600594657,17.329991904958465,28.561710024927685,4.247199005342165,3.9603010471099216,0.06991116817514473,0.0,,,0,3.6369114927175032,13.49262049399112,110.8347014658053,-0.6308510729559702,21164.999388121054,2.1993785727875435,0.9434066238083006,1.0
2022-11-30,4.252999782562256,4.269999980926514,4.199999809265137,4.252999782562256,0,4.21279993057251,4.173299980163574,4.113900005817413,3.7675800132751465,3.194890010356903,2.036685007214546,4.185845490999878,4.097337828195546,3.767921283539735,2.3836877068250297,70.30454641174035,0.7708911780053783,0.12607545456423708,0.13769098578185235,-0.011615531217615271,4.676336966003736,0.12299966812133789,0.06264294896806989,16.38381749778999,28.59286190476472,4.269544437899955,3.958255573734871,0.07566758154668188,0.0,,,0,3.381214335500214,12.884126351045571,108.81971279293859,-0.6308510729559702,21164.999388121054,0.0,1.6666708295309351,1.0
2022-12-01,4.2129998207092285,4.2230000495910645,4.168000221252441,4.192999839782715,0,4.211399936676026,4.180099964141846,4.122299993038178,3.7876400089263917,3.215690009593964,2.0556500063836576,4.187276360756445,4.106448495965753,3.7845910308433814,2.4016908126256036,66.58654424786369,0.5623997602870452,0.1190404535716727,0.13396087933981643,-0.01492042576814373,3.0727631495353513,0.06799983978271484,0.058214357921055386,17.172432938151452,28.472594242920152,4.275862627494855,3.9687373585815005,0.07450337661791574,0.0,,,0,1.7150582651417001,10.702174174446492,103.9744035590537,-2.032718826187405,20864.999667517834,-0.9405117304974098,1.3195735465219376,1.0
2022-12-02,4.170000076293945,4.210000038146973,4.14300012588501,4.208000183105469,0,4.2179999351501465,4.189599990844727,4.131449997425079,3.8092000102996826,3.234540011882782,2.0748250073194505,4.19142112522625,4.116120085217155,3.8011953113242476,2.4196640401925675,67.13948336987583,0.5934064828167709,0.1133687228759328,0.1298424480470397,-0.0164737251711069,1.8886214649683986,0.0950002670288086,0.06242861066545759,17.16282345235831,28.476777411532222,4.282387310112576,3.9805126847375827,0.07306747644607482,0.0,,,0,1.8528648713671763,10.469394406370675,102.81229348309971,-1.6822435320886324,20940.001385808024,-0.5485276500740672,1.6171834474093978,1.0
2022-12-05,4.177999973297119,4.195000171661377,4.15500020980835,4.1579999923706055,0,4.21299991607666,4.191899967193604,4.138699996471405,3.8302000093460085,3.2533900117874146,2.0938900072872637,4.184736898655121,4.120108647803198,3.815187651757438,2.436960915338618,59.61539245293785,0.17148408654834518,0.10364448876365806,0.12460285619036338,-0.020958367426705315,0.7999998150449716,0.02299976348876953,0.06335718291146415,17.806900957781973,28.71129120685845,4.279253861063232,3.998146131879578,0.06792174581953808,0.0,,,0,0.4663299083203787,8.558299363603405,98.57776568490799,-2.850472230308771,20690.000426545746,-0.71293271157155,0.9626945808234353,1.0
2022-12-06,4.244999885559082,4.25,4.199999809265137,4.21999979019165,0,4.206399917602539,4.204099941253662,4.150549983978271,3.8513000059127807,3.2731900095939634,2.1134000062942504,4.191789476962427,4.129622089935432,3.8310626375783876,2.4547025956854145,59.61535130574945,0.1805566178978082,0.09979050586639104,0.1196403861255689,-0.01984988025917786,2.601504407932409,0.12199974060058594,0.06550002098083496,18.024235506130356,28.764754337335752,4.274855916425923,4.026244051530619,0.059898535339890445,0.0,,,0,1.6732675544558107,9.573385187152818,99.67823306631033,-1.401878894285987,20999.99942257999,2.092349527371577,1.1904807858458375,1.0
2022-12-07,4.208000183105469,4.215000152587891,4.15500020980835,4.183000087738037,0,4.192399978637695,4.202599954605103,4.1551999807357785,3.8699600076675416,3.2924200105667114,2.1326650066673754,4.190031599117549,4.134705708773775,3.8448641062120994,2.4718995856560877,55.80001430512839,0.0,0.09268224663871205,0.11424875822819754,-0.021566511589485485,1.160818771446137,-0.014999866485595703,0.06442856788635254,16.147839765278015,27.28829525266226,4.27689944728627,4.033500514185287,0.05857694797589083,0.0,,,0,0.6690437796290126,8.088974548839523,96.13957535105962,-2.2663578811987017,20815.000906176887,-0.28435089295671934,1.4440418712351528,1.0
2022-12-08,4.179999828338623,4.183000087738037,4.105000019073486,4.150000095367432,0,4.1838000297546385,4.197599983215332,4.158049988746643,3.8883600091934203,3.3094200110435485,2.1517150071263313,4.182025298367526,4.13616231702079,3.856830223433877,2.4885971031656533,53.550884803887925,0.0,0.0834244117083891,0.10808388892423586,-0.024659477215846756,1.2689127659126331,-0.04999971389770508,0.06664282935006278,16.464677728136905,27.28749852602592,4.2762352607629515,4.039864716730334,0.056846489261151496,0.0,,,0,-0.19359780187822417,6.728803031494106,92.86941261379495,-3.0373857025287188,20650.00094063582,-0.07172506183322737,1.900123466556175,0.0
2022-12-09,4.14300012588501,4.175000190734863,4.119999885559082,4.172999858856201,0,4.176799964904785,4.1973999500274655,4.163949990272522,3.9074600076675416,3.327370009422302,2.171165006458759,4.1802202104652615,4.139670654338448,3.8692290326661256,2.505357329590435,53.639819093806494,0.0045629366267362975,0.07705515565429533,0.10187814227024776,-0.024822986615952433,-0.5955239552177471,-0.0020003318786621094,0.0687857014792306,16.106196429458457,27.10034940724975,4.2718044884326485,4.056095492112396,0.05180393540368495,0.0,,,0,0.21733855125110538,6.795715136369797,92.20095416250743,-2.5000080772645505,20764.999760650095,-0.16867395955570727,1.3349589005708853,1.0
2022-12-12,4.175000190734863,4.179999828338623,4.132999897003174,4.168000221252441,0,4.178800010681153,4.195899963378906,4.169199991226196,3.927220010757446,3.345450012683868,2.1905150075256823,4.177776212622698,4.142368708330257,3.8809455498655887,2.5219010399552313,57.14289884887227,0.18429485932386203,0.07078804485543966,0.09566012278728615,-0.024872077931846495,-0.761894987283207,-0.014999866485595703,0.06842855044773646,16.131467125548884,26.99455669753946,4.266022248484812,4.07237773396758,0.046446444143898924,0.0,,,0,-0.028776983025029772,6.131059880410309,90.27489914166107,-2.6168220342429223,20740.001572072542,0.04793510535153458,1.137186849908434,0.0
2022-12-13,4.289999961853027,4.289999961853027,4.2129998207092285,4.248000144958496,0,4.1844000816345215,4.19539999961853,4.178200006484985,3.9491800117492675,3.3643800139427187,2.2103150083124636,4.191820999089858,4.152428845151994,3.8953398477123695,2.539076155427901,55.31918779130286,0.09072602340256732,0.07145297424194297,0.09081869307821752,-0.019365718836274554,1.74850181769175,-0.004999637603759766,0.06964281627110072,17.31616045890456,26.918399363664836,4.268669074430582,4.087730938539389,0.04330528352169802,0.0,,,0,1.6705791576557831,7.566637436637584,92.18980683670827,-0.9790167195337177,21140.0011995435,2.92705696075818,1.8276796681856116,1.0
2022-12-14,4.230000019073486,4.239999771118164,4.197999954223633,4.21999979019165,0,4.1918000221252445,4.19210000038147,4.182699990272522,3.9672800064086915,3.382650012969971,2.2298500072956084,4.197456757310217,4.158864173251009,3.9080716101625375,2.5558017637340082,52.016131745795214,0.0,0.06892600487114198,0.08644015543680242,-0.01751415056566044,0.8845255002999819,-0.03299999237060547,0.06985712051391602,16.871700783867055,23.872717001663172,4.272020340348546,4.093379640196498,0.04270942227927008,0.0,,,0,0.8917636934485943,6.3701020188824256,89.25038798056744,-1.6317056476415677,20999.99942257999,-0.42373176249469335,1.0004720665200337,1.0
2022-12-15,4.2179999351501465,4.2179999351501465,4.175000190734863,4.2129998207092285,0,4.204399967193604,4.194099998474121,4.187099981307983,3.9856800031661987,3.4000300121307374,2.249290006458759,4.20056536999002,4.164019949199411,3.920029579203584,2.5722912966392344,53.97486325823967,0.09316053792156104,0.06560230190258753,0.08227258472995945,-0.016670282827371916,-0.9405117304974064,0.019999980926513672,0.06914281845092773,16.88052582203417,23.50989974331906,4.273059195478541,4.101140767137426,0.04105906931016505,0.0,,,0,0.6185627168414211,5.703413654945915,87.3035406111148,-1.7948751008971875,20964.999574385572,-0.04738993224957206,1.0299339509183256,1.0
2022-12-16,4.175000190734863,4.183000087738037,4.15500020980835,4.163000106811523,0,4.202400016784668,4.189599990844727,4.189599990844727,4.003180003166198,3.4178300142288207,2.268430006951094,4.193052317354321,4.163922821352946,3.9295578351882097,2.5881192449991577,48.076921313468745,0.0,0.05826207536954353,0.07747048285787628,-0.019208407488332746,-2.116145787727064,-0.04500007629394531,0.07028562682015556,17.456179779081204,23.250317478617855,4.269154896358469,4.1100450853309844,0.037977327519375846,0.0,,,0,-0.6349027136559625,3.9923286866671,83.519001867148,-2.960369607710846,20715.000999309144,-0.9019613480061404,0.673883911331475,0.0
2022-12-19,4.183000087738037,4.184999942779541,4.1479997634887695,4.163000106811523,0,4.2013999938964846,4.190100002288818,4.190999984741211,4.020580005645752,3.4363800144195555,2.2877200074493884,4.187041875245762,4.163834943777572,3.938712434075399,2.6037897013355993,40.00002119279402,0.0,0.05184723036080996,0.07234583235846302,-0.020498601997653063,-0.7154718368113766,0.005000114440917969,0.0659999166216169,17.366918389054185,23.1420109018639,4.267433498160458,4.114566471321964,0.036475072153438336,0.0,,,0,-0.6680953956485509,3.542277506374282,81.97157402373342,-2.960369607710846,20715.000999309144,0.48042230154617566,0.8920005159222005,0.0
2022-12-20,4.252999782562256,4.255000114440918,4.2129998207092285,4.230000019073486,0,4.197799968719482,4.191100025177002,4.197599983215332,4.039480004310608,3.455700013637543,2.307345007508993,4.195633504011307,4.17013637952004,3.950135476624344,2.619970898527021,47.775648250457,0.2865063060914002,0.051575225359357546,0.06819171095864193,-0.016616485599284386,0.5228097673651178,0.010000228881835938,0.0675713334764753,17.842110118481035,23.092178914420035,4.262082872855215,4.133117093575448,0.030723694443361434,0.0,,,0,0.7718704971343281,4.716449012238472,83.32759103243902,-1.3986000772276133,21050.00056810678,2.1618946298722035,0.9969213272983004,1.0
2022-12-21,4.210000038146973,4.2230000495910645,4.199999809265137,4.204999923706055,0,4.194799995422363,4.193300008773804,4.197949981689453,4.056780004501343,3.4751000118255617,2.326570007055998,4.197506787950257,4.173456717061565,3.960130160823627,2.63574233161338,51.24482354035214,0.4143340156922453,0.0487800545698267,0.0643093796808789,-0.015529325111052192,1.1303494810410708,0.021999835968017578,0.06364280836922782,15.89200671987304,22.746294566856722,4.262517944547516,4.13338201883139,0.03076166373572545,0.0,,,0,0.16793773263979406,3.653634632399315,80.73816437730967,-1.981352888177128,20925.00008847565,-0.4728127857288839,0.5476247945342652,1.0
2022-12-22,4.195000171661377,4.2129998207092285,4.177999973297119,4.208000183105469,0,4.193800067901611,4.199100017547607,4.1983500003814695,4.07028000831604,3.492550013065338,2.3457600079476832,4.1996054669813,4.176746570970508,3.9698505538542874,2.651386688344645,50.0,0.5098031882539374,0.04627354481992185,0.06070221270868749,-0.014428667888765637,-0.28435089295671956,0.05800008773803711,0.06135708945138114,15.893006493726503,22.65455161606433,4.263070383793293,4.133629616969646,0.03083134250643367,0.0,,,0,0.22985655610233469,3.3835552961479602,79.38749781939835,-1.911416771018793,20940.001385808024,-0.23780623605492257,0.837717750976643,1.0
2022-12-23,4.195000171661377,4.208000183105469,4.183000087738037,4.192999839782715,0,4.19980001449585,4.201100015640259,4.199249982833862,4.082480006217956,3.510200011730194,2.364925007075071,4.198284341541583,4.178294501333575,3.9786015062436375,2.666726122687312,54.02297590599171,0.7148977168595231,0.04258581270157258,0.05707893270726451,-0.014493120005691931,0.23905694083035112,0.019999980926513672,0.059357098170689175,15.79408487943224,22.65225757714581,4.263097942661519,4.135402023006206,0.03040922073639859,0.0,,,0,-0.14883950888128727,2.707173908908989,77.29948422206412,-2.2610751266397253,20864.999667517834,-0.30893561973416783,0.5976594511847231,0.0
2022-12-27,4.197999954223633,4.2230000495910645,4.1529998779296875,4.195000171661377,0,4.206200027465821,4.203800010681152,4.19984998703003,4.0938200092315675,3.5283700132369997,2.3840750078856945,4.197627507565541,4.17988551755527,3.987087728416882,2.6819328296422777,46.666717529296875,0.38889015428159934,0.0393708261182395,0.05353731138945951,-0.014166485271220011,1.084339162887682,0.026999950408935547,0.05778568131583078,15.781811112347713,22.4130156061701,4.263279137029562,4.136420837030498,0.030205436001482858,0.0,,,0,-0.11547591898829462,2.4715342199131394,75.95923608887175,-2.2144473435057113,20875.001327134698,0.11924909687516419,1.6855327165642187,0.0
2022-12-28,4.3379998207092285,4.3429999351501465,4.328000068664551,4.3379998207092285,0,4.227799987792968,4.212799978256226,4.204099988937378,4.106820006370544,3.547650010585785,2.403875007033348,4.2257019701942795,4.194944022617552,4.000848986938151,2.698411108160357,66.11224014354684,1.0,0.047810671014109296,0.052391983314389476,-0.00458131230028018,3.9539891548966644,0.08999967575073242,0.06371426582336426,18.94774038669861,22.983079402526556,4.289951386298564,4.118248591576191,0.04084174857262907,0.0,,,0,3.1849820918673077,5.629168407187943,80.45862650998681,-0.11513042863412119,21589.999588355415,3.4088115183847147,0.34657731625739246,1.0
2022-12-29,4.333000183105469,4.333000183105469,4.295000076293945,4.295000076293945,0,4.245800018310547,4.220300006866455,4.206200003623962,4.116060009002686,3.5660000109672545,2.4231100073456764,4.239561591414213,4.204473170586732,4.012384323775634,2.714297565554721,64.76579123454285,0.9484360593198389,0.050448055112912726,0.05200319767409413,-0.0015551425611814024,3.047021312377507,0.07500028610229492,0.06121424266270229,19.342579307274125,21.125247942671262,4.298871615547405,4.11352839170052,0.04406429168541633,0.0,,,0,2.1111709522484636,4.347362936883333,77.25155124091023,-1.1052235683384075,21375.0008614734,-0.11525213947432493,0.8847521801283141,1.0
2022-12-30,4.297999858856201,4.300000190734863,4.2230000495910645,4.260000228881836,0,4.2562000274658205,4.225000047683716,4.2095500230789185,4.123400015830994,3.582900013923645,2.44224500849843,4.243649318907738,4.209761461852933,4.022094751426858,2.729677691557976,58.64815185231882,0.7141534273550187,0.04914746445530671,0.05143205103033665,-0.0022845865750299385,0.2824878416631371,0.04700040817260742,0.06278565951756068,18.847135935311915,21.161336502623296,4.305014426666649,4.114085619491188,0.04535610840319994,0.0,,,0,1.1984702765455573,3.3128052705629423,74.42968310132895,-1.9111146098932896,16940.000661611546,0.06984359741488762,1.8233516514226693,1.0
2023-01-03,4.260000228881836,4.260000228881836,4.224999904632568,4.255000114440918,0,4.268600082397461,4.234200048446655,4.211900019645691,4.130700016021729,3.6001000142097475,2.461720008999109,4.2459194780143745,4.214069904956551,4.0312282950744684,2.7448550290991,58.648096254697265,0.7141512981747427,0.04716952857778978,0.05057954653982728,-0.0034100179620375065,0.8293916111232313,0.09200000762939453,0.06192854472569057,18.829617636819528,21.15740733125847,4.309493977393634,4.114306061897748,0.04634201063307893,0.0,,,0,1.0232933971412814,3.0091775712849356,72.84663157817546,-2.026245038527411,8410.000102072952,0.0,0.8284100601017983,1.0
2023-01-04,4.389999866485596,4.400000095367432,4.377999782562256,4.400000095367432,0,4.309600067138672,4.257900047302246,4.224000024795532,4.141000018119812,3.619200015068054,2.481805009543896,4.276735601484987,4.2317775421385395,4.0456899343016435,2.7613241342360983,63.38026986617505,0.8953757900650174,0.05664926927668912,0.051793491087199654,0.004855778189489464,4.438649005845985,0.2369999885559082,0.06357141903468541,21.543727436933466,21.977893508029403,4.3494801392620825,4.0985199103289816,0.05941293263729302,0.0,,,0,4.16666831294394,6.254529729879504,77.29032210214048,0.0,5541.025646903811,3.1727320426268877,0.5025197327054215,1.0
2023-01-05,4.4079999923706055,4.5,4.400000095367432,4.498000144958496,0,4.341600131988526,4.284700059890747,4.237900042533875,4.152700018882752,3.6391800165176393,2.502020010203123,4.3209885101796885,4.25713207574044,4.06342758962152,2.7786044925517444,71.78686126804303,1.0,0.07124850860330056,0.05568449459041984,0.015564014012880725,8.047082141526829,0.26800012588500977,0.06714282717023577,22.21861811799447,22.20320741984153,4.413210795175529,4.0625892898922205,0.08273472752171601,0.0,,,0,6.1374761040636825,8.315075119937136,79.77474706900254,-0.04444122314453125,5522.500306870795,0.18181583704047125,2.2727250560256556,1.0
2023-01-06,4.510000228881836,4.519999980926514,4.454999923706055,4.493000030517578,0,4.381200122833252,4.3135000705719,4.253400039672852,4.163260021209717,3.658980016708374,2.5218850104510784,4.355390814247267,4.27959569048112,4.080273567695876,2.795663154621056,72.01258969747089,1.0,0.0814758407288263,0.06084276381810114,0.020633076910725162,7.926973702597495,0.28800010681152344,0.06857143129621233,21.832136287832384,22.11251117527457,4.460252560524384,4.04654751882132,0.09726455020555373,0.0,,,0,5.633140278598274,7.920235767835823,78.16038447026318,-0.5973440381165903,5313.2532548490935,0.26678709507801873,1.4590361017646507,1.0
2023-01-09,4.489999771118164,4.502999782562256,4.458000183105469,4.482999801635742,0,4.425800037384033,4.341000032424927,4.270050024986267,4.174320015907288,3.677830014228821,2.541900009512901,4.380912611724962,4.298967510591083,4.096066753340577,2.812452573994337,76.84558174067769,1.0,0.08776246911319241,0.0662267048771194,0.021535764236073007,5.9810823031076765,0.27499961853027344,0.06764285905020577,21.525989658149378,19.40658071342714,4.494700817180837,4.045399232791697,0.1052216207679171,0.0,,,0,4.987055781627765,7.3947321851739485,76.36412859901637,-0.8185880408607248,5174.117358213481,-0.06677630489729694,1.009412238862676,1.0
2023-01-10,4.552999973297119,4.579999923706055,4.525000095367432,4.565000057220459,0,4.487800025939942,4.378200054168701,4.28965003490448,4.187020015716553,3.6978000140190126,2.5623100097477436,4.417730100824062,4.324303943603405,4.1144562946692,2.8298908574095223,79.64597350955185,1.0,0.09822907904373324,0.07262717971044218,0.02560189933329106,8.561239953534173,0.37200021743774414,0.07192856924874443,22.112058051127573,19.51462812444972,4.544958507377344,4.034341562431616,0.1190346393740481,0.0,,,0,6.418939076043069,9.027423802253303,78.15955289773379,-0.32750800732455204,5087.500093132258,1.5614582814800821,1.2154657940213156,1.0
2023-01-11,4.550000190734863,4.570000171661377,4.5,4.554999828338623,0,4.51879997253418,4.414200019836426,4.309000015258789,4.198720011711121,3.717700011730194,2.582485008984804,4.4451840463269745,4.346274980244854,4.131732511675844,2.8470561208018514,76.16740406070946,0.8945225007221191,0.10451225569909628,0.07900419490817301,0.02550806079092327,8.2461889290383,0.3599996566772461,0.07035715239388603,22.148764183325273,19.47510427869259,4.5834333558267994,4.034566674690779,0.1273768111377129,0.0,,,0,5.708976844017481,8.485438791673708,76.38049446526044,-0.5458536197354783,4238.095210049968,-0.3285841467158455,1.5555593702528212,1.0
2023-01-12,4.543000221252441,4.543000221252441,4.447999954223633,4.474999904632568,0,4.514199924468994,4.42790002822876,4.320350003242493,4.2087200117111205,3.736650011539459,2.6023200084269047,4.451147217988094,4.358534496853208,4.145193978066304,2.8632545664121074,69.97038112348582,0.7066158074682186,0.10186218929926483,0.08357579378639138,0.01828639551287345,6.725496676013876,0.13700008392333984,0.07585712841578893,22.77230605728508,19.784427441623006,4.602819717324183,4.037880289160802,0.1307624215027451,0.0,,,0,3.579568814424948,6.32686166294031,71.9619374305043,-2.2925768738555385,4161.904804141615,-0.26343814573881863,2.1357973922324427,1.0
2023-01-13,4.480000019073486,4.48799991607666,4.449999809265137,4.48799991607666,0,4.51319990158081,4.447200012207031,4.333750009536743,4.217480006217957,3.755050010681152,2.6219850079715252,4.458517757605807,4.370864536779251,4.1586373481843575,2.8794211868067796,70.40811928977763,0.7198889439681411,0.09966214173027232,0.08679306337516757,0.012869078355104757,6.984498985115528,0.19299983978271484,0.07607143265860421,22.510532236451013,18.362456776977865,4.621552403976089,4.045947615097397,0.13281910299671895,0.0,,,0,3.5592709824165785,6.414254708021559,71.16802355589212,-2.0087338244964372,4174.285767808255,0.11173440329555753,0.8539350211297805,1.0
2023-01-17,4.489999771118164,4.507999897003174,4.4679999351501465,4.493000030517578,0,4.515199947357178,4.4704999923706055,4.347750020027161,4.22684000492096,3.7729500102996827,2.6418250082433223,4.465414212188161,4.382496488563854,4.171749610236641,2.895476697689474,72.18934368642765,0.7738993921637115,0.09720157636261373,0.08887476597265681,0.008326810389956918,3.5730801340376317,0.2329998016357422,0.07714285169328962,22.454551760205092,18.16642606902131,4.638050587269109,4.057449452785213,0.13354059727662737,0.0,,,0,3.3408086900430836,6.296903248922368,70.07182597250042,-1.899561018290974,3876.106290907727,0.04456005077763345,0.8952543069292402,1.0
2023-01-18,4.543000221252441,4.550000190734863,4.400000095367432,4.53000020980835,0,4.508199977874756,4.498000001907348,4.366100025177002,4.236940007209778,3.791120011806488,2.662010009288788,4.478331411712199,4.396544462015711,4.1857986533571,2.9117406132329458,73.5583565156974,0.710084170891749,0.09711765396542038,0.09052334357120953,0.0065943103942108505,5.471481474737949,0.27500009536743164,0.08285713195800781,21.77945420559372,18.192806562166737,4.65361263884331,4.078587411510695,0.13170225693794166,0.0,,,0,3.753926471822023,6.916789052945904,70.17217042766246,-1.0916968281791193,3582.9268981156147,1.1128464365735478,3.409093002642436,1.0
2023-01-19,4.534999847412109,4.552999973297119,4.465000152587891,4.525000095367432,0,4.502200031280518,4.5105000019073485,4.384200024604797,4.247180008888245,3.8090700125694275,2.682135009765625,4.487665148443246,4.4087783318587315,4.1991006706908385,2.9277929463885126,66.317624639044,0.36525255821150127,0.09554627938013294,0.09152793073299421,0.0040183486471387225,6.220653808630261,0.125,0.07857142175946917,21.811369210197913,18.191212037415404,4.663333682539709,4.1050663666698854,0.1273361873857813,0.0,,,0,3.211533916619749,6.54128353160877,68.70888597672953,-1.2008696343845822,2819.354877784522,0.11036727090949262,1.9708805756305359,1.0
2023-01-20,4.525000095367432,4.539999961853027,4.519999980926514,4.538000106811523,0,4.514800071716309,4.514499998092651,4.399600028991699,4.258280010223388,3.8269000124931334,2.7021350103616713,4.497732140116902,4.421085167568521,4.212390844656356,2.9438149081837666,72.37564500209,0.6537588814706974,0.0942633369070851,0.0920750119678124,0.0021883249392727067,6.650998466724833,0.039999961853027344,0.07692858151027135,21.362689832906234,18.16568288493368,4.676892470512314,4.122307587471084,0.1260534774494784,0.0,,,0,3.145742269929541,6.5688516470635046,67.9412793739025,-0.9170265850254806,2827.741981877496,0.0,0.44247745599357413,1.0
2023-01-23,4.5329999923706055,4.543000221252441,4.525000095367432,4.534999847412109,0,4.524200057983398,4.518699979782104,4.416100025177002,4.267180004119873,3.844270009994507,2.7214700096845625,4.505185681575944,4.431934184696482,4.225042178097757,2.959647594146238,76.9079025948819,0.8696024897451516,0.09194461955409405,0.09204893348506873,-0.000104313930974681,3.068176116332655,0.04199981689453125,0.07271429470607213,21.134543857798068,18.037594112633442,4.683741430383769,4.148458619970235,0.12121165901174971,0.0,,,0,2.6924168736495453,6.276272457071458,66.63787700301528,-0.9825344332654933,2825.8063306669546,-0.11018321558460992,0.39779282885403233,1.0
2023-01-24,4.574999809265137,4.578000068664551,4.567999839782715,4.572999954223633,0,4.540200042724609,4.527699995040893,4.43435001373291,4.276780004501343,3.861270010471344,2.7410200095176696,4.518748536105482,4.445369019889545,4.238687581083085,2.975700851460441,79.22784159936329,0.974293647581682,0.09211150627897524,0.09206144804385004,5.005823512520269e-05,1.6674034425987916,0.09000015258789062,0.07328571592058454,21.16136895273914,17.92955445438598,4.6918286506715,4.17687137679432,0.11612914458317192,0.0,,,0,3.1267252260496416,6.92623771647165,66.83570124788444,-0.15283776417091344,2850.3225284213213,0.882027854440905,0.21891920386563796,1.0
2023-01-25,4.563000202178955,4.565000057220459,4.545000076293945,4.545000076293945,0,4.5432000160217285,4.5256999969482425,4.451950025558472,4.286580009460449,3.878120012283325,2.7604450097680093,4.5239988441431755,4.454857691928059,4.250699835797237,2.991315769120476,66.97886178135472,0.049611332111351734,0.0889589457154294,0.09144094757816591,-0.0024820018627365187,1.1573568979116322,-0.019999980926513672,0.06492856570652553,21.30509906404634,18.01050170387906,4.687121072752731,4.2167789783642124,0.10564855662985953,0.0,,,0,2.090096479099647,6.02858377221853,64.6473688195626,-0.7641888208545672,2573.5294285220666,-0.21866941055711012,0.44004357735505095,1.0
2023-01-26,4.539999961853027,4.550000190734863,4.5329999923706055,4.543000221252441,0,4.546800041198731,4.524500036239624,4.469350028038025,4.296180009841919,3.894920015335083,2.779820010960102,4.527799119565029,4.463252218530382,4.262162596011167,3.0067554154103466,56.79756828396912,0.0,0.08531568110289722,0.09021589428311218,-0.0049002131802149546,1.3383988907339717,-0.01199960708618164,0.05900001525878906,21.32786140363625,17.94753866981525,4.6739870421437555,4.264713013932294,0.09157350076497062,0.0,,,0,1.6478949456269814,5.745108697612612,63.42785516114646,-0.8078537788200175,2572.353043215909,-0.11001351720537549,0.37503195219215707,1.0
2023-01-27,4.538000106811523,4.547999858856201,4.519999980926514,4.547999858856201,0,4.548799991607666,4.531800031661987,4.479850029945373,4.305780010223389,3.912200014591217,2.7991600102186203,4.531839267423264,4.471323422370936,4.273371900436462,3.022091181016773,58.308110965931434,0.06611151487592667,0.08188784452183562,0.08855028433085688,-0.006662439809021259,-0.37240302631252886,0.07299995422363281,0.05635714530944824,18.25684511074869,17.947941466673146,4.67754217708667,4.282157882804077,0.08825837732059397,0.0,,,0,1.5212524628119974,5.625458060042547,62.477308987455594,-0.6986913839063916,2575.2940064813038,-0.11006194579359953,0.6194663284920647,1.0
2023-01-30,4.545000076293945,4.545000076293945,4.534999847412109,4.534999847412109,0,4.548799991607666,4.536500024795532,4.491850018501282,4.3138800048828125,3.929100012779236,2.8181450095772744,4.532471383421033,4.477387843803429,4.283631819925704,3.0371449985928463,57.784424298665144,0.04319146150257647,0.07723198481153926,0.08628662442699336,-0.009054639615454108,-0.43907753414358375,0.04699993133544922,0.05407146045139858,17.789086977181846,17.6453087423138,4.6705190046717915,4.313181032330772,0.07955251641733271,0.0,,,0,0.9606248813540016,5.125776384113948,60.92145123832239,-0.9825344332654933,2567.6469410063914,-0.06595828177994467,0.22051222091093461,1.0
2023-01-31,4.579999923706055,4.579999923706055,4.565000057220459,4.570000171661377,0,4.548200035095215,4.544200038909912,4.507350015640259,4.32278000831604,3.9454700136184693,2.8372950103878973,4.539977141069102,4.486208065504186,4.294861951366319,3.052397288872135,50.87109808534536,0.0,0.07549614355627376,0.08412852825284944,-0.008632384696575679,2.1229110402988693,0.07700014114379883,0.05035717146737235,17.3866566775919,17.603169963232144,4.651849518249049,4.362850513031468,0.0641172760523968,0.0,,,0,1.3899554240013692,5.7190086673330995,61.068910879189644,-0.21833520111908894,2588.2353668188134,0.9922839648963723,0.3285841467158455,1.0
2023-02-01,4.559999942779541,4.559999942779541,4.5,4.519999980926514,0,4.5432000160217285,4.5432000160217285,4.520600008964538,4.330920009613037,3.9611700129508973,2.856155010163784,4.535981709040584,4.489426343163455,4.303690893702013,3.067000300733373,44.648351488108254,0.0,0.06928717985257205,0.08116025857279396,-0.011873078720221919,0.713013936012441,-0.010000228881835938,0.05035717146737235,18.07428622463905,17.80291389075011,4.602868897030254,4.438331120898823,0.036397331284596095,0.0,,,0,-0.01327319463865071,4.365815367030304,58.254715337292495,-1.3100424405900453,2411.1110007321436,-0.2188233808796654,1.3333320617675781,0.0
2023-02-02,4.513000011444092,4.5229997634887695,4.474999904632568,4.510000228881836,0,4.536600017547608,4.541700029373169,4.526100015640258,4.338420009613037,3.976590015888214,2.874930011332035,4.530785413008834,4.491385760850919,4.311781455865928,3.0813585089736564,56.80938977937507,0.351683563064124,0.06283530864123588,0.07749526858648235,-0.014659959945246478,0.3783707600442554,-0.014999866485595703,0.04614288466317313,14.091172956877946,17.79451373426179,4.586120752305036,4.466079278975481,0.026522054951225962,0.0,,,0,-0.3557099203019939,3.95490106740733,56.87339208623822,-1.5283776417091344,2405.5555831502975,-0.15486658212301618,1.0726225671314809,0.0
2023-02-03,4.498000144958496,4.53000020980835,4.454999923706055,4.5229997634887695,0,4.531599998474121,4.5401999950408936,4.527349996566772,4.346920003890991,3.991870014667511,2.893380010128021,4.529228283104821,4.494396618245001,4.320064526753098,3.0957031980733096,56.80930964361521,0.35168124562799064,0.0581013518073652,0.07361648523065892,-0.01551513342329372,-0.154535231685482,-0.015000343322753906,0.04878575461251395,11.79578550398869,17.685899423076815,4.585930722202798,4.468769270930746,0.025878593738257287,0.0,,,0,-0.09608784567797203,4.0506786285500205,56.32235474277172,-1.24454500364187,2305.8510204046042,-0.26607723535116146,1.6835081343818115,0.0
2023-02-06,4.5329999923706055,4.539999961853027,4.514999866485596,4.5329999923706055,0,4.53120002746582,4.540000009536743,4.529349994659424,4.353620004653931,4.005670013427735,2.9120700100064276,4.529982624957978,4.498073130066487,4.328414937169471,3.110004658713084,57.633578061129775,0.37551816210254213,0.05452802665678824,0.06979879351588478,-0.015270766859096535,0.17679330021149742,-0.0019998550415039062,0.047714335577828546,11.80280290284262,16.939936703404832,4.585680941868138,4.47301904745071,0.024873744477743688,0.0,,,0,0.08058546403976709,4.120249069163617,55.66246610810707,-1.0261993912309437,2311.170291268569,0.22109726740561142,0.5537119846448926,1.0
2023-02-07,4.570000171661377,4.574999809265137,4.563000202178955,4.570000171661377,0,4.53120002746582,4.539700031280518,4.533700013160706,4.361020011901855,4.0200900149345395,2.93092001080513,4.537986134298658,4.504923324504095,4.33788886793386,3.1245319772498834,57.633578061129775,0.37551816210254213,0.05405859217560849,0.06665075324782953,-0.01259216107222104,0.7051578690318028,-0.0029997825622558594,0.04000002997262137,12.0616587612424,16.98938708816672,4.588372680134299,4.479027346187113,0.024118343434671743,0.0,,,0,0.8006740277322425,4.792001852529556,55.92374253864363,-0.21833520111908894,2185.0000517815342,0.8162404445851685,0.2629762558513915,1.0
2023-02-08,4.570000171661377,4.5879998207092285,4.5,4.585000038146973,0,4.544200038909912,4.54370002746582,4.534700012207031,4.369220008850098,4.034990015029908,2.949945011138916,4.54738891506832,4.512549678184369,4.347579502059864,3.139063997756322,61.029407897620196,0.4737217453701027,0.0542713198410496,0.06417486656647355,-0.009903546725423942,1.1025400753518433,0.039999961853027344,0.04000002997262137,10.278821366714244,16.831237620354997,4.592429375865803,4.476970648548259,0.025461161048523206,0.0,,,0,1.1092249940357317,4.938639593790204,55.42662730437792,-0.06538323189803749,1698.0392642683005,0.0,1.9555515713161893,1.0
2023-02-09,4.578000068664551,4.61299991607666,4.572999954223633,4.61299991607666,0,4.564799976348877,4.550699996948242,4.537600016593933,4.37782000541687,4.050420014858246,2.969020010828972,4.560511115269988,4.5221163675074445,4.3579881457467975,3.1537300267943356,63.066182407847386,0.532622975656441,0.05605311873182828,0.06255051699954449,-0.006497398267716212,0.8746984966855997,0.06999969482421875,0.041428600038800924,10.440191611874065,16.851578470135014,4.60469118659457,4.470508846593296,0.029571213749685195,0.0,,,0,1.661669146839544,5.372078120361078,55.3711291689367,0.0,1709.0196087597792,-0.15267108885894168,0.8746984966856011,1.0
2023-02-10,4.625,4.64300012588501,4.614999771118164,4.635000228881836,0,4.587200069427491,4.559400033950806,4.545600032806396,4.385460014343262,4.066420016288757,2.988030011951923,4.575408937992358,4.532867211447862,4.3688513646932705,3.1684690337802808,66.3399446494465,0.6272965012366679,0.058565343742032816,0.06175348234804216,-0.003188138606009347,1.9802013438309451,0.08700037002563477,0.04228574889046805,7.952070773342715,16.859164015964375,4.619111709409032,4.47208835620376,0.03234410246044056,0.0,,,0,1.9667413637412627,5.690171925463186,55.118931548282326,-0.17230016769919762,1717.6471825701992,0.26013622678636145,0.6067249437817746,1.0
2023-02-13,4.639999866485596,4.6529998779296875,4.632999897003174,4.644999980926514,0,4.609600067138672,4.570400047302246,4.553450036048889,4.393300018310547,4.080440015792846,3.007215011715889,4.589327146579189,4.543546522826781,4.379680722192614,3.1831608840006416,62.949672988488985,0.8195657537622726,0.06066390089328344,0.06153556605709042,-0.0008716651638069825,2.2452070153312187,0.1100001335144043,0.04064287458147321,7.942237685342836,16.64173647378298,4.63423430569574,4.472665766402038,0.035482664356606845,0.0,,,0,2.0105621924659185,5.729177647028955,54.461851341853986,-0.17192987777883445,1652.830276102225,0.10786704114070553,0.43168533069578807,1.0
2023-02-14,4.663000106811523,4.670000076293945,4.644999980926514,4.659999847412109,0,4.627600002288818,4.5794000148773195,4.561800026893616,4.402640018463135,4.095140013694763,3.026590010821819,4.603461686745773,4.554637315644431,4.390673629063967,3.1978557990594623,71.69811999769678,1.0,0.0628133136414819,0.06179111557396873,0.0010221980675131775,2.4626207570744185,0.08999967575073242,0.040428604398454936,7.956210477128116,16.63047163539601,4.65041887809826,4.473181175688972,0.03885258042097452,0.0,,,0,2.152655090963359,5.845579649249023,53.96865220429263,-0.214137659924237,1658.4906033834748,0.3875161670381616,0.5382151877306359,1.0
2023-02-15,4.650000095367432,4.65500020980835,4.64300012588501,4.64300012588501,0,4.639200019836426,4.591700029373169,4.567450022697448,4.411340017318725,4.110270013809204,3.045765011310577,4.611369374573621,4.563052821381628,4.400568785802047,3.212235344600015,67.8571732677567,0.858004450996372,0.062425402098546634,0.06191797287888431,0.0005074292196623267,2.381483618671587,0.1230001449584961,0.040428570338657925,7.807579331113939,16.640579138313555,4.661758539257487,4.473141506137409,0.04129591614199742,0.0,,,0,1.6540980812515371,5.251467981538428,52.441180085890814,-0.5781573868915731,1652.0756137816743,-0.21458696077492384,0.25845538656005285,1.0
2023-02-16,4.644999980926514,4.670000076293945,4.639999866485596,4.664999961853027,0,4.649600028991699,4.607200002670288,4.5744500160217285,4.421480016708374,4.125840013027191,3.065265011191368,4.622095492029502,4.572762072855094,4.410938635843262,3.2266907139259153,69.69702321414523,0.9260216669565138,0.06316505487462365,0.06216738927803218,0.0009976655965914724,2.0787699479913657,0.1549997329711914,0.04057145118713379,7.850417942499019,16.63587495531271,4.675996949503608,4.472903082539849,0.04439743931017605,0.0,,,0,1.9794717510116677,5.507656807775074,52.18912377301742,-0.1070688299621185,1660.377439123411,0.043072474419171176,0.6465562644740378,1.0
2023-02-17,4.675000190734863,4.690000057220459,4.672999858856201,4.679999828338623,0,4.658599948883056,4.622900009155273,4.5815500020980835,4.430680017471314,4.140990011692047,3.0841900104284288,4.633676359291327,4.582975192424954,4.421490055156806,3.2411515011340017,74.24754444244212,1.0,0.06422129577353974,0.06257817057713369,0.0016431251964060534,3.5398196479485833,0.15700006484985352,0.041428600038800924,7.859109039945224,16.478512382643174,4.691846181853451,4.471253822342716,0.04814797599277914,0.0,,,0,2.148832299013549,5.627122922083672,51.741618140074266,-0.2132244938129617,1666.037766404661,0.21436718035606706,0.36379625246594616,1.0
2023-02-21,4.679999828338623,4.695000171661377,4.679999828338623,4.688000202178955,0,4.667199993133545,4.638400030136109,4.589200019836426,4.4407800197601315,4.155370013713837,3.1034650114178657,4.644541127868853,4.592977574306287,4.4319414334714,3.2555480056220114,71.6912331879444,0.9136357785686375,0.06495517478105306,0.06305357141791756,0.0019016033631354956,3.946784130014347,0.1550002098083496,0.03928576196943011,7.815946041262172,15.834071319409226,4.706878616284117,4.471521423388735,0.05128501522663439,0.0,,,0,2.1528846403615867,5.567044107538955,51.05696970745516,-0.14909412622970916,1669.0567755639836,0.0,0.3205201682257103,1.0
2023-02-22,4.704999923706055,4.708000183105469,4.690000057220459,4.695000171661377,0,4.674200057983398,4.650900030136109,4.595300030708313,4.451680021286011,4.170020015239715,3.122925012409687,4.654632936627358,4.602694012149629,4.442257462420027,3.2698709127467813,88.2097924813533,1.0,0.06534832342335939,0.06351252181900593,0.0018358016043534542,3.8027949848915554,0.125,0.03571431977408273,7.406317390524177,15.831703010166748,4.721763026870161,4.468837034546465,0.055040147679913456,0.0,,,0,2.169611130651161,5.465805026684629,50.33983054363056,-0.276125975753824,1671.6982736244709,0.36262203058775977,0.38379798860125364,1.0
2023-02-23,4.690000057220459,4.697999954223633,4.679999828338623,4.690000057220459,0,4.683600044250488,4.661400032043457,4.602550029754639,4.462020025253296,4.1847400164604185,3.14230001270771,4.6617063607459786,4.611008873584947,4.451972858294554,3.2840015510002507,90.17862274646043,1.0,0.06451276609742074,0.0637125706746889,0.0008001954227318392,3.4634913989432414,0.10500001907348633,0.033571481704711914,6.932369301329504,15.759882454014553,4.733419980891741,4.471680078617537,0.05686845348385219,0.0,,,0,1.9000342614522814,5.109345782333664,49.253732560663444,-0.38233061140487484,1669.8114378845344,-0.10649870624282903,0.3846180885737281,1.0
2023-02-24,4.684999942779541,4.710000038146973,4.684999942779541,4.703000068664551,0,4.691200065612793,4.6704000473022464,4.610550022125244,4.472720022201538,4.199970016479492,3.161815012991428,4.669965102329693,4.619769939783004,4.4618170626227895,3.2981209392357163,90.1786436535948,1.0,0.06415997689916342,0.0638020519195838,0.00035792497957962133,2.910282100817141,0.09000015258789062,0.030000039509364536,6.902444678367109,15.76079730137917,4.745587652429379,4.475512391821108,0.05857766628975417,0.0,,,0,2.005184763111884,5.148545970236371,48.743682009877936,-0.14861930840187065,1674.7171028452335,-0.10661224690648086,0.5336199716706816,1.0
2023-02-27,4.690000057220459,4.699999809265137,4.6479997634887695,4.664999961853027,0,4.6882000923156735,4.673400020599365,4.616400027275086,4.481060018539429,4.215120015144348,3.1807500126957895,4.66897207423436,4.6240775609325295,4.4697850194553475,3.3117217255304157,76.19048520100968,0.5701911119876888,0.06012105972582926,0.06306585348083289,-0.00294479375500363,1.7448183869238632,0.029999732971191406,0.03214291163853237,7.73816799687882,15.59286473749671,4.750159307836576,4.482640746713596,0.05794960565427596,0.0,,,0,1.052766967567768,4.104831056771973,46.66352096936055,-0.9554156248297915,1608.7911828792755,-0.27641954612565506,1.1187617991042274,1.0
2023-02-28,4.71999979019165,4.730000019073486,4.710000038146973,4.710000038146973,0,4.692600059509277,4.679900026321411,4.625150036811829,4.490860023498535,4.229070014953614,3.1998850128054617,4.677177667016883,4.6322606540005715,4.4792052162667835,3.3256349425713765,76.92307692307693,0.5452516545720782,0.05986127532315155,0.062424937849296626,-0.0025636625261450732,2.1027557735750158,0.06500005722045898,0.0337857859475272,8.11095232007381,15.676238145968085,4.759383579418255,4.490916494205402,0.05804505433901785,0.0,,,0,1.8345351104249148,4.87968926891023,47.19279034397349,-0.42283257602251073,1625.2747271941278,1.1789888271891016,0.42462804170978624,1.0
2023-03-01,4.715000152587891,4.735000133514404,4.699999809265137,4.724999904632568,0,4.698600006103516,4.686400032043457,4.6329000234603885,4.501100025177002,4.2433900141716006,3.2189850124716757,4.68674211454002,4.641092963584571,4.488844223653677,3.3395589720446224,76.92307692307693,0.5131814972534015,0.06017213130482624,0.061974376540402554,-0.0018022452355763163,1.9417404812608563,0.06500005722045898,0.030000107628958567,7.836972841515706,15.323580620699767,4.771552031193372,4.494248015727405,0.0598553851932346,0.0,,,0,1.9879531331519846,4.974336899939516,46.78539621420944,-0.21119806969073057,1501.694954123111,0.10615954141021905,0.7446877802052511,1.0
2023-03-02,4.71999979019165,4.732999801635742,4.7129998207092285,4.7230000495910645,0,4.7052000045776365,4.694400024414063,4.643050026893616,4.512300024032593,4.2577400135993955,3.237885012626648,4.693993701550229,4.648893638442332,4.498026805062986,3.353324554905781,73.50432923809893,0.3876259730646314,0.059570424548641476,0.06149358614205035,-0.0019231615934088703,1.6792264582311756,0.07999992370605469,0.02857153756277902,6.322050400067614,15.327851949558235,4.776527361962,4.509572691825232,0.05749554034320211,0.0,,,0,1.7219289526143287,4.669459575743627,45.86682452196338,-0.2534336554375799,1501.0170371297554,-0.1058225299859936,0.424357769729429,1.0
2023-03-03,4.708000183105469,4.728000164031982,4.704999923706055,4.7179999351501465,0,4.708199977874756,4.699700021743775,4.653450012207031,4.523400020599365,4.271990013122559,3.256575012207031,4.698794948270213,4.655475190509743,4.506653202321307,3.3669034144107,69.12439763470678,0.22677040282432578,0.0580212671113447,0.060799122335909214,-0.0027778552245645155,1.2446371166781711,0.05299997329711914,0.02807153974260603,6.227709453926612,15.066949228403672,4.77517359141903,4.531726432995033,0.05231541281960295,0.0,,,0,1.3871412129449434,4.302071752765212,44.87613266898725,-0.3590326902829452,1499.3220830066443,-0.3175919188672134,0.4888467736214288,1.0
2023-03-06,4.7179999351501465,4.730000019073486,4.7129998207092285,4.728000164031982,0,4.7208000183105465,4.70450005531311,4.663700032234192,4.533360023498535,4.286420013904571,3.27502501308918,4.704635991422567,4.662382330845195,4.515333475329569,3.380446665650713,69.1244654809463,0.05677458479588458,0.05694406780932049,0.060028111430591474,-0.0030840436212709876,1.8307136731074536,0.048000335693359375,0.02785726955958775,6.223455511884693,14.832896683949121,4.77306970067657,4.554330363791814,0.04690253133196619,0.0,,,0,1.3787364400232895,4.293507233586928,44.36531462006387,-0.1478346205922146,1502.7119912528665,0.0,0.36070865713929867,1.0
2023-03-07,4.752999782562256,4.84499979019165,4.752999782562256,4.84499979019165,0,4.747799968719482,4.72020001411438,4.679300022125244,4.546160020828247,4.301470012664795,3.294235011935234,4.732708751176384,4.679774469830572,4.528261566108474,3.395019333556593,78.99687738699025,0.49905780966388086,0.06478447650782915,0.060979384446039016,0.0038050920617901315,3.858517252101401,0.1569995880126953,0.03442866461617606,10.049214539387071,15.364141656634848,4.798717995651453,4.559882048599036,0.05104095610948715,0.0,,,0,3.541122973156753,6.573454695705121,47.07511068997481,0.0,1542.3728832394459,0.5287567187593762,1.9356198577353816,1.0
2023-03-08,4.855000019073486,4.882999897003174,4.699999809265137,4.882999897003174,0,4.779399967193603,4.73899998664856,4.694950008392334,4.559660015106201,4.314970011711121,3.31365001142025,4.762766980341742,4.699129272418439,4.542172873202384,3.409825110307305,85.2940681484141,0.7680004545972012,0.0732203097750137,0.06342756951183395,0.00979274026317975,4.337608463900633,0.18799972534179688,0.04628583363124302,10.029755856741753,15.248518671508796,4.834412766459001,4.555487250325668,0.05940968820429326,0.0,,,0,4.0053650896110895,7.091315598657459,47.360158139039285,0.0,1303.1609303189139,0.20640308183460962,3.8936190460537463,1.0
2023-03-09,4.86299991607666,4.875,4.828000068664551,4.8480000495910645,0,4.8043999671936035,4.7547999858856205,4.708100008964538,4.572760019302368,4.327620012760162,3.333000011742115,4.779813594191607,4.713307441672974,4.554166095805861,3.4241353087081388,75.92068026935209,0.3227986710399546,0.07620315074890627,0.06598268575924843,0.01022046498965784,3.412965881224639,0.15799999237060547,0.0480715206691197,10.700827118701167,15.370534440652413,4.85338644696596,4.562813570963117,0.0617176515897225,0.0,,,0,2.9714755498002803,6.019122567702284,45.45454642999173,-0.7167693661756926,1293.1035026122422,-0.40958388999328443,0.9734865506837004,1.0
2023-03-10,4.817999839782715,4.829999923706055,4.728000164031982,4.802999973297119,0,4.821399974822998,4.764799976348877,4.717600011825562,4.584920015335083,4.339370012283325,3.352050011754036,4.7844508700127095,4.721849587541941,4.563924287080028,3.4378553551219597,66.057444503928,0.0,0.07408197276769268,0.06760254316093728,0.006479429606755405,2.3003151797015953,0.09999990463256836,0.054857219968523295,11.443466089029734,15.543298945891932,4.86154494467711,4.573655078974014,0.06102464494265005,0.0,,,0,1.81024167495095,4.756461557292798,43.28545088692876,-1.6383355599731377,1280.1724458338492,-0.6188162025881202,2.157355248208961,1.0
2023-03-13,4.438000202178955,4.7179999351501465,4.418000221252441,4.6579999923706055,0,4.807399940490723,4.764099979400635,4.71875,4.591320018768311,4.3490700125694275,3.37012501180172,4.759160694484289,4.7157686737160995,4.567613530424756,3.4499960977811504,47.11536433569704,0.0,0.06000889213565053,0.06608381295587992,-0.006074920820229396,-0.6823041462566293,-0.006999969482421875,0.08128574916294642,16.224231963493303,16.569953293740316,4.8602633776569535,4.5772366223430465,0.059979179934073,0.0,,,0,-1.2874173802255795,1.4523050741338301,38.214457210308886,-4.607821203737005,1230.8571633416782,-7.599412307878953,6.790396081344227,0.0
2023-03-14,4.743000030517578,4.784999847412109,4.632999897003174,4.679999828338623,0,4.774399948120117,4.7610999584198,4.7204999923706055,4.599020013809204,4.357540011405945,3.3883000111579893,4.743328521255156,4.712362117013482,4.5720208362253,3.4622349408712743,48.59809835504503,0.0344315166618476,0.05005408491271712,0.06287786734724736,-0.012823782434530237,-0.4890546457605893,-0.03000020980834961,0.09071431841169085,16.289357639152712,16.49444494862373,4.859007018443526,4.581992966297685,0.058683201481529106,0.0,,,0,-0.8579634381408715,1.760805873561452,38.12235672540641,-4.157281854319458,1225.7790437151964,1.824818340193114,3.2808105717260156,0.0
2023-03-15,4.563000202178955,4.61299991607666,4.498000144958496,4.558000087738037,0,4.70939998626709,4.744399976730347,4.715400004386902,4.604980010986328,4.364190013408661,3.405950011610985,4.706262834551733,4.697660971368202,4.57147100295129,3.4731380766609936,39.87729478067668,0.0,0.03195214456293449,0.056692722790384786,-0.024740578227450294,-2.293673633225235,-0.16699981689453125,0.10242857251848493,18.804996838143893,17.46308845123672,4.869877518476611,4.560922490297194,0.0655204283606874,0.0,,,0,-3.3379971264883244,-1.020198201429936,33.824632545976286,-6.655740653703428,1191.2182092366265,-2.499992103657881,2.5566866921304907,0.0
2023-03-16,4.570000171661377,4.59499979019165,4.454999923706055,4.53000020980835,0,4.645800018310547,4.725099992752075,4.709750008583069,4.610480012893677,4.370590014457703,3.4234750127792357,4.671010309603057,4.681693279791073,4.5698446973378415,3.483654117786838,37.03148200706463,0.0,0.015171977165574724,0.04838857366542278,-0.03321659649984805,-3.821652375388074,-0.19299983978271484,0.11064284188406807,18.87100217285135,17.31536915302606,4.88255569719427,4.536944319971868,0.07338210660705109,0.0,,,0,-3.8165464928529667,-1.7455840359411074,32.32169631437788,-7.229156146643981,1183.2862321538537,0.2632752016750186,3.1425335327308312,0.0
2023-03-17,4.505000114440918,4.510000228881836,4.248000144958496,4.293000221252441,0,4.5438000679016115,4.682600021362305,4.69115002155304,4.608340015411377,4.374670016765594,3.4397900140285493,4.595408291932934,4.644674893263584,4.558988051216845,3.4917073128461977,28.52193563022952,0.0,-0.017053759650669242,0.03530010700220437,-0.052353866652873615,-9.142850626442932,-0.4249997138977051,0.1268571104322161,26.350767678092,20.67761462459098,4.945212677225671,4.437087365880409,0.10831572407847309,0.0,,,0,-8.487253625898493,-6.842806587716294,24.80413640786884,-12.082729637427,1116.1474223860534,-0.5518784593718444,6.167610051385712,0.0
2023-03-20,4.257999897003174,4.46999979019165,4.257999897003174,4.465000152587891,0,4.5052000999450685,4.656300020217896,4.680400037765503,4.607680015563965,4.3801900172233585,3.456600014567375,4.569326664063926,4.627563013199232,4.555302251270612,3.501391818714274,37.663639812338225,0.16102449875703614,-0.028386706968252184,0.02256274420811306,-0.05094945117636525,-5.462627446415391,-0.2630000114440918,0.13735709871564591,30.476244256851874,21.935824971684234,4.953899927183696,4.406900148347311,0.11687030476513104,0.0,,,0,-4.602168264241959,-3.0965662219191756,29.173179823258373,-8.560306230434712,1164.8726174393066,-0.8152882004524232,4.978860928054141,0.0
2023-03-21,4.668000221252441,4.677999973297119,4.545000076293945,4.605000019073486,0,4.490200138092041,4.6323000431060795,4.676250028610229,4.609920015335083,4.3865900182724,3.4740600144863127,4.576461335065838,4.625414156615827,4.557251183341313,3.5123729948372517,44.63327438972897,0.283789564437074,-0.025774220993510788,0.012895351167788293,-0.038669572161299084,-2.3950809162752607,-0.23999977111816406,0.150071348462786,32.6708699672942,22.728710266040054,4.9517756885025594,4.400724368717899,0.11784043120304058,0.0,,,0,-1.5236569708809673,-0.10672628256521433,32.553841898853854,-5.69321900048172,1111.8421254891111,4.546473946857382,2.9262903139844116,0.0
2023-03-22,4.610000133514404,4.614999771118164,4.5,4.563000202178955,0,4.491200160980225,4.600300073623657,4.669650030136109,4.611520023345947,4.392920019626618,3.4912000155448912,4.573769108488461,4.619469970478982,4.5574766350604365,3.522826996900353,43.09153798641136,0.25663299421622177,-0.02678409092518841,0.004959462749192952,-0.031743553674381364,-3.489846787829154,-0.31999969482421875,0.1568570477621896,32.78639325438866,22.8334474908444,4.949573367274897,4.38972669299732,0.11989049943026633,0.0,,,0,-2.2838933810644675,-1.052143781689313,30.700051038662192,-6.553342239892551,902.8571583899069,0.10858011770267004,2.555550469292535,0.0
2023-03-23,4.538000106811523,4.567999839782715,4.449999809265137,4.502999782562256,0,4.485800075531006,4.565800046920776,4.660300016403198,4.610280017852784,4.398650016784668,3.5079150146245954,4.55961524330322,4.60837757162977,4.555340287903645,3.5325799599417653,41.13766410204399,0.22221692073612964,-0.03205642601572567,-0.0024437150037907723,-0.029612711011934897,-7.0588239925572065,-0.3450002670288086,0.16364274706159318,33.05221652364019,23.00767398682613,4.949693513214366,4.3709065195920305,0.12419522167781831,0.0,,,0,-3.375324191302733,-2.3269787274329823,28.366843660383,-7.782103675122625,889.6702533596878,-0.5478872290098392,2.6516861927026554,0.0
2023-03-24,4.400000095367432,4.51800012588501,4.389999866485596,4.502999782562256,0,4.527799987792969,4.53580002784729,4.650300002098083,4.609240016937256,4.403980014324188,3.5243050134181977,4.548292151155028,4.598341591718578,4.553287719066728,3.542235878574805,40.648356317720435,0.21359811847135957,-0.03582185748533995,-0.009119343500100609,-0.02670251398523934,-7.78210367512262,-0.3000001907348633,0.17157132284981863,33.01345472506065,23.00851187960748,4.947205407684323,4.353394596511843,0.12769301139809675,0.0,,,0,-3.167542297687668,-2.3049403802927664,27.769865701687074,-7.782103675122625,889.6702533596878,-2.287357143424428,2.9157235374105914,0.0
2023-03-27,4.559999942779541,4.632999897003174,4.558000087738037,4.583000183105469,0,4.551399993896484,4.528300046920776,4.646200013160706,4.6114000225067135,4.4100600171089175,3.5410550141334536,4.555233757545117,4.596880505183996,4.554452913734914,3.5525917423014786,38.76502435918355,0.18042458992839636,-0.03198195722606023,-0.013691866245292533,-0.018290090980767698,-5.466168807237304,-0.07499980926513672,0.1724999291556222,33.65602096311239,22.27265639946696,4.9445120620727465,4.347887964248665,0.1284111954143385,0.0,,,0,-1.3602477266630535,-0.6158615444904932,29.424710003467535,-6.143758349899266,844.9484634906198,1.2658264039455813,1.6454543181537384,0.0
2023-03-28,4.632999897003174,4.6479997634887695,4.578000068664551,4.627999782562256,0,4.5559999465942385,4.52310004234314,4.64210000038147,4.614200019836426,4.415840013027191,3.558005012869835,4.5697869625485446,4.599844245886687,4.557337104669319,3.563292319816511,39.13042417797377,0.22381370284199645,-0.02501930997535773,-0.015957354991305572,-0.009061954984052156,-3.643560102181942,-0.05200004577636719,0.1644284725189209,33.66313448125439,22.228127658215573,4.93897051126698,4.34522948949596,0.12790353971741858,0.0,,,0,-0.30374653320814976,0.29907161948993544,30.072885390045546,-5.222201921352042,848.3606005241178,1.090982149248464,1.5290452986960827,0.0
2023-03-29,4.61299991607666,4.632999897003174,4.400000095367432,4.630000114440918,0,4.5693999290466305,4.530300045013428,4.637350010871887,4.616940021514893,4.421890013217926,3.5747150135040284,4.581829592927019,4.602716233368042,4.5601866344642845,3.573906327723222,40.43859821570861,0.31747704888128525,-0.01911955348975436,-0.01658979469099533,-0.002529758798759031,-0.601113739277559,0.07200002670288086,0.177142756325858,33.633322972303596,22.142027049161246,4.931664644239103,4.3430353775046715,0.12693224909796283,0.0,,,0,-0.15849345884476762,0.28287335042615874,29.520817658201842,-5.1812366966775585,848.7705045930081,-0.3241112184601518,5.295449922400173,0.0
2023-03-30,4.627999782562256,4.664999961853027,4.574999809265137,4.664999961853027,0,4.601799964904785,4.543800020217896,4.634450006484985,4.6196400165557865,4.428290011882782,3.5905500131845476,4.598463666712221,4.608648017033278,4.564296961028549,3.5847629807991406,43.893802845073026,0.7656775562913138,-0.011487339885654535,-0.01556930372992717,0.004081963844272635,-0.3205099793971655,0.13499975204467773,0.17499991825648717,33.77013479557292,22.17085093777144,4.926344230788983,4.3425557821809875,0.12596714772866258,0.0,,,0,0.6591926836041736,0.9818935054393992,29.924383304036574,-4.464467330501867,855.9426043919462,-0.043203711214241595,1.9672165320231343,1.0
2023-03-31,4.635000228881836,4.644999980926514,4.579999923706055,4.585000038146973,0,4.618200016021729,4.5730000019073485,4.627800011634827,4.620840015411377,4.434010012149811,3.6047600132226942,4.595770940999172,4.606395828567916,4.565108846405742,3.59471558833494,46.57277075182698,0.8991177930275187,-0.011758535791920544,-0.014807150142325847,0.0030486143504053036,0.5923639729970898,0.29199981689453125,0.15357136726379395,34.28626687936992,21.47514679137702,4.91773317689998,4.337866846369674,0.1253006458949079,0.0,,,0,-0.9248449237272625,-0.775616059956016,27.192934379227463,-6.1028028904750045,839.5491775872125,-0.6430810978886897,1.4192152467955086,0.0
2023-04-03,4.618000030517578,4.639999866485596,4.559999942779541,4.570000171661377,0,4.6156000137329105,4.583500003814697,4.619900012016297,4.621480016708374,4.439880013465881,3.619135013818741,4.590616787131613,4.602929575529197,4.565300663082434,3.6044199125471437,44.801526600582484,0.901874670101815,-0.01303358135503263,-0.014452436384867205,0.0014188550298345742,0.8830013245125112,0.10500001907348633,0.14842850821358816,34.26571036340957,21.022434150498935,4.906933273468426,4.332866750564167,0.1242595124160955,0.0,,,0,-1.0801065006846682,-1.1139255143564069,26.273271215691068,-6.409988366657412,817.6707246698062,0.7197381046029917,1.754384313814067,0.0
2023-04-04,4.757999897003174,4.760000228881836,4.724999904632568,4.728000164031982,0,4.6356000900268555,4.5958000183105465,4.614050030708313,4.6253400230407715,4.446260013580322,3.6353600144386293,4.618093462511688,4.61484106014851,4.571681035668691,3.615599815546993,57.769657113068824,1.0,-0.0012800298395294618,-0.011817955075799658,0.010537925236270196,10.132772428617166,0.1230001449584961,0.1489999634878976,35.380879018303915,22.12605644196627,4.886147045028541,4.341953016388085,0.11794281055008757,0.0,,,0,2.4696336746521297,2.219515548690851,30.055899422717232,-3.174272706135399,845.6000328063965,4.113779393436029,0.7407476181100435,0.0
2023-04-05,4.704999923706055,4.7129998207092285,4.599999904632568,4.704999923706055,0,4.6506000518798825,4.6099999904632565,4.605150032043457,4.62798002243042,4.4523800134658815,3.651335014104843,4.635474754750561,4.6234276185825625,4.576909227356431,3.6264396176182276,58.034879601926434,1.0,0.006108403371283266,-0.008232683386383074,0.01434108675766634,5.375134667779613,0.1419997215270996,0.14814284869602748,35.23753075516857,22.14843717474398,4.850540540434943,4.359759523651971,0.10657221010564902,0.0,,,0,2.168222337335905,1.6642228553784228,28.856977120176055,-3.645299550515298,684.1666227910271,-0.48646868713966795,2.456519965638699,0.0
2023-04-06,4.675000190734863,4.7179999351501465,4.668000221252441,4.710000038146973,0,4.659600067138672,4.630700016021729,4.598250031471252,4.6312800216674805,4.458930015563965,3.6674450141191484,4.650379811429843,4.63167261092203,4.582128474838413,3.637221313344882,74.32903419649911,1.0,0.01222631996340251,-0.004140882716425957,0.01636720267982847,2.280130697906313,0.2070002555847168,0.1315713950565883,35.193522621651816,21.852578355531445,4.821665422374954,4.374834640567551,0.09717409422045618,0.0,,,0,2.430272514780254,1.6997464223972616,28.427284390471673,-3.542901136704421,684.9999751647323,-0.6376138885792179,1.0711163566374033,0.0
2023-04-10,4.748000144958496,4.869999885559082,4.7230000495910645,4.8379998207092285,0,4.710200023651123,4.664200019836426,4.600000023841858,4.637180013656616,4.4666800117492675,3.6839100134372713,4.68790381328572,4.6513228213779545,4.59216264526472,3.649169358194279,72.93970328184704,0.9609343569241086,0.027091037042382915,0.0021055012353358177,0.0249855358070471,6.026728168869111,0.33500003814697266,0.1278571060725621,36.43607425629066,22.49772571351381,4.830600954380959,4.369399093302757,0.10026127362777969,0.0,,,0,5.173908600735102,4.330645057150958,31.327850112037183,-0.9215661937974452,646.6049084056898,0.8067963164279207,3.112425035454857,0.0
2023-04-11,4.9029998779296875,4.909999847412109,4.860000133514404,4.880000114440918,0,4.772200012207032,4.693900012969971,4.611100029945374,4.64382001876831,4.47480001449585,3.700510014295578,4.72632307351676,4.6731016111934744,4.603450389153983,3.661416430395738,69.23075897069955,0.8566450957267989,0.04177890391713479,0.010040181771695612,0.03173872214543918,8.372204088007852,0.2969999313354492,0.11778569221496582,34.624228744740456,22.207467576754098,4.872739235205034,4.349460824685713,0.11348233764634254,0.0,,,0,5.83158211162749,5.08590114858177,31.873717287314662,-0.6109925438593083,639.3939273525975,1.3435316169757583,1.028800669220329,0.0
2023-04-12,4.877999782562256,4.89300012588501,4.650000095367432,4.860000133514404,0,4.7986000061035154,4.717100048065186,4.620100045204163,4.650320024490356,4.482100014686584,3.7168200147151946,4.753058485516289,4.690901470462134,4.613511163442627,3.673342636396919,71.42854193960345,0.9184430476157298,0.05121493898535601,0.018275133214427693,0.03293980577092831,7.928056144586604,0.23200035095214844,0.12692856788635254,34.68514700514551,22.23425287567095,4.903220132820776,4.33697995758755,0.12256015447565996,0.0,,,0,5.192530160883997,4.508939340083969,30.756940456445726,-1.0183241436159758,622.1397164802686,-0.04099040638836705,5.225807000728176,0.0
2023-04-13,4.8379998207092285,4.857999801635742,4.820000171661377,4.855000019073486,0,4.828600025177002,4.739600038528442,4.634950041770935,4.656020021438598,4.48940001487732,3.7329300147295,4.773446792227729,4.706529903663216,4.622981314643837,3.6851004212991736,77.58620431933416,1.0,0.057625328396961883,0.02614517225093453,0.03148015614602735,5.934973272981825,0.22499990463256836,0.12135713441031319,33.070867959853715,22.23946883984236,4.935005060972427,4.334895022569443,0.12947497448617437,0.0,,,0,4.747623497975696,4.273607001659928,30.058693838793953,-1.120159471442989,593.5714431076636,-0.45268132100372455,0.7883740377807366,0.0
2023-04-14,4.84499979019165,4.9029998779296875,4.809999942779541,4.9029998779296875,0,4.867199993133545,4.763400030136109,4.653600025177002,4.6636800193786625,4.49730001449585,3.7487550139427186,4.79935740936812,4.725241329783833,4.633962434772695,3.6972188238527113,79.154511148322,1.0,0.06582006293422005,0.034080150387591636,0.03173991254662841,5.942093956088734,0.23799991607666016,0.11885711124965123,32.96043024426298,22.263706660137952,4.971996212974158,4.335203837379845,0.13683865655602667,0.0,,,0,5.359288537978717,5.131566864720478,30.79008523347068,-0.1425655743372643,600.4285659181828,-0.20597793702469133,1.9334706082429778,0.0
2023-04-17,4.89300012588501,4.993000030517578,4.889999866485596,4.922999858856201,0,4.88420000076294,4.797200012207031,4.68510000705719,4.671940011978149,4.505180010795593,3.764845013022423,4.824085899265737,4.7440754754097725,4.6452972357171465,3.709415650071652,77.15652676648763,0.9500804507217223,0.07308579288280015,0.041881278886633344,0.031204513996166805,6.328288059894871,0.3379998207092285,0.11692854336329869,24.95553079463731,22.264911364836422,4.97682291218781,4.3933771019265695,0.124532199821219,0.0,,,0,5.07779666262538,5.373781474812867,30.7623512210403,-1.401966177318863,574.3835246887331,-0.2039517090279874,2.106342880250584,1.0
2023-04-18,5.019999980926514,5.039999961853027,5.005000114440918,5.03000020980835,0,4.914200019836426,4.843200016021728,4.713350009918213,4.682080020904541,4.514500012397766,3.781995013952255,4.86526876137426,4.771306402495352,4.660383626857978,3.722555794944654,79.21511849530302,1.0,0.08648107035000407,0.05080123717930749,0.03567983317069658,7.824228315970605,0.46000003814697266,0.1202857153756278,22.574775247569434,22.6415189436087,5.0241339606764335,4.402566059159993,0.13187391138118054,0.0,,,0,6.718155859925861,7.430889419882083,32.99859442574743,-0.19840778016595823,589.041106627971,1.97034582269619,0.699297634601933,1.0
2023-04-19,5.034999847412109,5.038000106811523,4.985000133514404,4.994999885559082,0,4.9411999702453615,4.8698999881744385,4.7328500032424925,4.691320018768311,4.52247001171112,3.798955013155937,4.891214986211224,4.792610543739517,4.673505833081551,3.7352169301746487,75.31202713141383,0.8894975656473381,0.09319835793718756,0.059280661330883506,0.03391769660630405,8.942199432953778,0.2669997215270996,0.10742858478001185,20.97588917137843,22.70683035519383,5.063326084508276,4.402373921976709,0.13965204096448147,0.0,,,0,5.538943387958413,6.473228549232535,31.483522923045744,-0.8928586633838067,557.2368352944831,0.09939636968624023,1.0631890045658712,1.0
2023-04-20,4.960000038146973,4.965000152587891,4.9029998779296875,4.945000171661377,0,4.959200000762939,4.89390001296997,4.751950001716613,4.698820018768311,4.529920015335083,3.815530014038086,4.901972023301255,4.8071238416368365,4.684152669888603,3.747254574368547,69.02173948254136,0.7037978760268426,0.0934105193776178,0.06610663294023036,0.02730388643738743,8.205688969671797,0.24000024795532227,0.10757143156869071,21.05327846928844,22.78682817815075,5.085237022505906,4.418662980927321,0.1402737910411071,0.0,,,0,4.06254632045845,5.239190943891411,29.601920400776503,-1.884916486323194,550.6579254885463,-0.700697661941826,1.2645375525561506,1.0
2023-04-21,4.940000057220459,4.958000183105469,4.89300012588501,4.949999809265137,0,4.9685999870300295,4.9178999900817875,4.774300003051758,4.706120014190674,4.537670011520386,3.8310800129175187,4.911577580494032,4.820731076649056,4.694578047903369,3.7592221886461252,77.60965446993185,0.9533479669811084,0.09291106687480521,0.07146751972714534,0.021443547147659878,4.695423805650534,0.23999977111816406,0.10614286150251116,20.08980191245661,22.734099031320156,5.097080096038576,4.45151991006494,0.13521567257210285,0.0,,,0,3.6801165846526254,5.182183929416931,29.206380252432172,-1.7857173267676134,551.3157725499275,-0.10111454534566931,1.3284295023128014,1.0
2023-04-24,4.945000171661377,4.985000133514404,4.8429999351501465,4.873000144958496,0,4.958600044250488,4.921400022506714,4.79280002117157,4.71132001876831,4.54457001209259,3.8461800134181976,4.903862093386925,4.825709083154718,4.701574992885924,3.770304556370627,70.95435356252733,0.61480124929282,0.085318518993442,0.07423771958040468,0.011080799413037329,3.57067426092772,0.03500032424926758,0.11057145254952568,21.313136113838695,23.000342153212824,5.0916332223150365,4.4939668200281035,0.12470088458663399,0.0,,,0,1.6733459237325257,3.4317372954099237,26.69714178634446,-3.3134884555263246,541.184237645604,-0.1010027837658038,2.9320710358393884,1.0
2023-04-25,4.989999771118164,5.005000114440918,4.929999828338623,4.953000068664551,0,4.943200016021729,4.928700017929077,4.811300015449524,4.717680015563965,4.551570014953613,3.8617300134897232,4.91368968844245,4.837832034155654,4.711434799779203,3.7820726709208152,67.44185358807034,0.4441391824473533,0.08477941107441289,0.07634605787920633,0.008433353195206564,5.159236274935997,0.07299995422363281,0.10642858913966588,21.205298816718305,23.20796139630715,5.101121803668405,4.521478227230642,0.12047545872767731,0.0,,,0,2.945151056055856,4.988046080366794,28.258579739205576,-1.7261883699794676,551.7105435284884,2.400977276405652,1.5213040307056058,1.0
2023-04-26,4.9679999351501465,5.0,4.900000095367432,4.985000133514404,0,4.941200065612793,4.941200017929077,4.8291500329971315,4.724480018615723,4.558890018463135,3.876890014410019,4.927951777456841,4.851848043618392,4.722162852082544,3.794042098409309,71.40675023714272,0.3367712083533104,0.0859435976663363,0.07826556583663233,0.007678031829703974,3.0384522168838357,0.125,0.1044285637991769,21.115382015993568,23.212916280311834,5.115390443734453,4.54290962225981,0.11854691147778294,0.0,,,0,3.2272780810776966,5.514260064010472,28.58244920504964,-1.091266443549765,555.9210784299886,0.30284405971429823,2.040814340536656,1.0
2023-04-27,4.9730000495910645,5.045000076293945,4.96999979019165,5.0,0,4.952200031280517,4.955700016021728,4.847650027275085,4.73128002166748,4.5669600200653075,3.8913250148296354,4.942361421965473,4.865957753749973,4.73305842651068,3.806041679519664,71.8373610779974,0.3733465206602769,0.08707286599599584,0.08002702586850503,0.007045840127490807,2.459013990675496,0.14499998092651367,0.1062143189566476,21.08204773314713,23.180070677048025,5.127450142360589,4.5678499121895815,0.11543742370477277,0.0,,,0,3.142759313641138,5.679646461462512,28.490937686912872,-0.8919737485316819,557.8947450975963,-0.2407238435694852,1.5090601462460587,1.0
2023-04-28,4.982999801635742,4.998000144958496,4.922999858856201,4.922999858856201,0,4.94680004119873,4.95770001411438,4.860550022125244,4.7368800163269045,4.574110016822815,3.9043250143527986,4.938489109343619,4.871390335188662,4.740507110132073,3.8171556912543565,56.933119884501146,0.0,0.08082287561037305,0.08018619581687865,0.0006366797934943963,1.2962906092811144,0.019999980926513672,0.10028576850891113,22.110129488670243,23.30232066866754,5.1284293544596995,4.592670689790788,0.1102259337379794,0.0,,,0,1.2848306559275282,3.9291652287536447,26.090933535467038,-2.418240150500958,547.7631474515406,-0.34000396728515625,1.5234671593047806,1.0
2023-05-01,4.927999973297119,4.949999809265137,4.860000133514404,4.864999771118164,0,4.945199966430664,4.951900005340576,4.874550008773804,4.740880012512207,4.581180014610291,3.9172850131988524,4.923791241698528,4.870781710039091,4.745389175268783,3.827582000506733,48.80760331981915,0.0,0.07037831345894041,0.07822461934529101,-0.007846305886350602,0.20596811545607885,-0.05800008773803711,0.10157145772661481,21.534083222817678,23.449806426181723,5.108971519983291,4.6401284975643176,0.09618180582312064,0.0,,,0,-0.19592039549189838,2.618074245253585,24.1931530314004,-3.5678949941267275,540.1315568639297,0.10156641446826456,1.851845129182149,0.0
2023-05-02,5.067999839782715,5.0879998207092285,5.014999866485596,5.039999961853027,0,4.9625999450683596,4.952899980545044,4.898049998283386,4.748080015182495,4.5893800163269045,3.931285012960434,4.947032985729429,4.88689773402137,4.756942539448557,3.8396458608186363,61.4795820619195,0.41673838421092574,0.07535334905750446,0.0776503652877337,-0.0022970162302292374,2.794209409223747,0.009999752044677734,0.10014288766043526,24.24218670801894,24.466905017979858,5.0951911216117045,4.700908874955068,0.08049779949057698,0.0,,,0,2.898091355118676,6.148168222462277,28.202354834041433,-0.9433934856057121,563.1578980390385,4.172663478212119,1.4556322266622435,1.0
2023-05-03,5.072999954223633,5.09499979019165,4.900000095367432,5.09499979019165,0,4.984599876403808,4.962899971008301,4.91639997959137,4.756220006942749,4.59850001335144,3.945460011959076,4.976626346621874,4.906716977466159,4.770199686536523,3.8521369446929947,64.38848180470937,0.5124022267183589,0.08277989204000225,0.07867627063818741,0.004103621401814833,3.4938032960945664,0.09999990463256836,0.11121429715837751,21.83054851848365,24.537058217706463,5.115209486423617,4.717590472759123,0.08087605062953859,0.0,,,0,3.6327355654884057,7.122878730470362,29.135760462612886,0.0,559.1202817102106,0.6547617583408186,3.9795855312038824,1.0
2023-05-04,5.047999858856201,5.139999866485596,5.007999897003174,5.054999828338623,0,4.995599842071533,4.973899936676025,4.933899974822998,4.763420000076294,4.607550010681153,3.9584850108623506,4.992301042965224,4.920839153739727,4.78136831954837,3.8641057296048915,59.20096845311321,0.3418025140598709,0.08446416788086353,0.07983385008672264,0.004630317794140887,0.49701028802195957,0.1099996566772461,0.11400001389639718,22.013134314233,24.58413584579687,5.115205029076579,4.7525949205694165,0.0734936075634916,0.0,,,0,2.4544448435027255,6.12122861846445,27.700365530433025,-1.6536972831691972,553.945642414696,-0.9224717030593107,2.63578219243598,1.0
2023-05-05,5.054999828338623,5.118000030517578,5.0279998779296875,5.079999923706055,0,5.026999855041504,4.986899948120117,4.952399969100952,4.771219997406006,4.616620011329651,3.9719950103759767,5.00984081911339,4.935997322307949,4.793079362848671,3.8762041792974404,59.446455653275635,0.3498757551236572,0.08681551219710659,0.08123018250879945,0.005585329688307147,1.7017025043927214,0.13000011444091797,0.11307144165039062,21.9971138674701,24.59107176576009,5.111680423823809,4.793119514378096,0.06432455202190464,0.0,,,0,2.5765276512645396,6.471718480135574,27.895425609439467,-1.1673140921804177,557.1798073960342,0.0,1.7899792118719937,1.0
2023-05-08,5.090000152587891,5.090000152587891,5.063000202178955,5.083000183105469,0,5.070599937438965,5.007899951934815,4.964649987220764,4.778819999694824,4.625770010948181,3.985610011816025,5.024472691911806,4.949997594764856,4.80444880678031,3.888212099733342,53.645116287306614,0.1679572382631691,0.08790771989329471,0.08256568998569849,0.0053420299075962185,2.7906978089695,0.21000003814697266,0.10664285932268415,20.255958786078285,24.575057636874337,5.124568725490639,4.8047312489508895,0.06442296584110176,0.0,,,0,2.383857798421706,6.3651734827859086,27.53380707184201,-1.1089432852281318,557.5679392708092,0.19685490220520294,0.5332796628630515,1.0
2023-05-09,5.105000019073486,5.130000114440918,5.039999961853027,5.123000144958496,0,5.087199974060058,5.024899959564209,4.976799988746643,4.7879800033569335,4.634520010948181,3.99945001244545,5.0441781825211445,4.966474028116631,4.816941016120631,3.9004985479445375,58.7431943165133,0.3449612301884713,0.09095252094390194,0.08424305617733918,0.006709464766562756,3.494956411302219,0.1700000762939453,0.10928572927202497,20.22539810276111,24.59997187446597,5.146277970107386,4.807322007385901,0.06810721015269246,0.0,,,0,2.9376337514554547,6.997108203598894,28.092615960114358,-0.3307338904411867,562.742578566324,0.43281202391334045,1.7857173267676134,1.0
2023-05-10,5.118000030517578,5.118000030517578,5.058000087738037,5.065000057220459,0,5.081200027465821,5.032899951934814,4.987049984931946,4.795080003738403,4.642970013618469,4.01281001329422,5.048342557461008,4.975857459459852,4.826668821653958,3.9120856276388256,58.108102883448076,0.32291101474529993,0.08767476524155615,0.08492939799018258,0.0027453672513735733,3.9400760630102116,0.07999992370605469,0.10735716138567243,20.696976659489387,24.7446338487467,5.151507006512902,4.822592963350989,0.06595362872955059,0.0,,,0,1.5630497493314595,5.629104275040614,26.220778966369974,-1.4591402959785835,485.5491331072996,-0.09760129415257858,1.1862384685401082,1.0
2023-05-11,5.058000087738037,5.058000087738037,4.998000144958496,5.014999866485596,0,5.073200035095215,5.034399938583374,4.995049977302552,4.800880002975464,4.650990014076233,4.025510013103485,5.041674019265926,4.979585307748018,4.834054352823826,3.923059898672127,54.140129323043375,0.23154937447531576,0.08011896119686135,0.08396731063151833,-0.003848349434656978,1.2517625067944183,0.014999866485595703,0.10750000817435128,21.109857707086796,24.850627500964055,5.147595422877323,4.84250453172778,0.061078646367077966,0.0,,,0,0.3993931847268023,4.460012818013072,24.580484215943084,-2.4319066779561425,479.7687642999466,-0.13820275228710022,1.2004790123918505,1.0
2023-05-12,5.005000114440918,5.0329999923706055,4.994999885559082,5.0279998779296875,0,5.062800025939941,5.044899940490723,5.001299977302551,4.806979999542237,4.659640011787414,4.038735013008118,5.038939190998678,4.984196219193891,4.8416600596907235,3.934054326326431,60.748931250859755,0.518517305150552,0.07432317305827496,0.08203848311686966,-0.0077153100585947015,0.8625826131115621,0.10500001907348633,0.10007143020629883,20.89130915588393,24.83121207313038,5.148100423123911,4.854499531481191,0.058704915317051964,0.0,,,0,0.5338592115711646,4.597894694974772,24.494423668185853,-2.1789881608009973,481.2716557798038,-0.19939685565107196,0.7607629165595096,1.0
2023-05-15,5.034999847412109,5.038000106811523,4.989999771118164,5.0,0,5.046199989318848,5.058399963378906,5.005149984359742,4.8126200008392335,4.668010010719299,4.0521950125694275,5.031151352798942,4.985701341175425,4.847869469114617,3.9446607509400984,53.51269711389055,0.2043049624523534,0.06670171718256146,0.07897112993000802,-0.012269412747446556,0.0,0.13500022888183594,0.09407145636422294,20.999777219127036,24.8608215375085,5.147268239084742,4.863031729634741,0.05678880959375683,0.0,,,0,-0.10289370699847972,3.893513286486173,23.38991545299755,-2.723732881754308,447.6451333949357,0.13921976237804046,0.9619306191391551,0.0
2023-05-16,5.038000106811523,5.058000087738037,5.014999866485596,5.058000087738037,0,5.033199977874756,5.060199975967407,5.006549978256226,4.819219999313354,4.6762900114059445,4.065995012521744,5.0365210997867615,4.99258693608615,4.856109885531222,3.9557387542913216,55.251790367486734,0.27982001006411567,0.0645971451657914,0.0760963329771647,-0.011499187811373296,2.7422350752047686,0.018000125885009766,0.09107146944318499,19.967614547669854,24.948557878016047,5.150241894384504,4.862858062127948,0.05740157064339359,0.0,,,0,1.0276559647913706,4.954745549252876,24.397596951331444,-1.595326476216911,436.37327550271266,0.7600021362304688,0.857432151490266,1.0
2023-05-17,5.054999828338623,5.099999904632568,4.900000095367432,5.0879998207092285,0,5.037799930572509,5.059499979019165,5.011199975013733,4.824079999923706,4.685120010375977,4.080110011100769,5.046816843971255,5.001673877478824,4.865203608479379,3.9670050335591616,56.197165977491956,0.47427124631251943,0.06460525524533,0.07379811743079777,-0.009192862185467762,4.583762797172963,-0.006999969482421875,0.1000000068119594,19.87019681103492,24.966416262971187,5.159270523569294,4.863129426458173,0.059095845024685886,0.0,,,0,1.5325639782572194,5.470883998393406,24.702515541646935,-1.0116740686205796,421.8461226965556,-0.05931710848893625,4.081628681073312,1.0
2023-05-18,5.078000068664551,5.125,5.043000221252441,5.125,0,5.0597999572753904,5.066499996185303,5.020199966430664,4.828920001983643,4.694290008544922,4.09342001080513,5.062453475177005,5.013419222480841,4.875391702264502,3.9785273715336973,65.07462495365075,1.0,0.06682694832519775,0.07240388360967777,-0.005576935284480014,1.6865087061572304,0.07000017166137695,0.10035712378365653,19.548495113510477,24.99549891079076,5.173130118855488,4.867269814005841,0.06092592065951348,0.0,,,0,2.0875669150654974,6.131391654753701,25.200931897334655,-0.29182620379816576,425.64101278742737,-0.1965360140929377,1.6260118015064007,1.0
2023-05-19,5.059999942779541,5.119999885559082,5.059999942779541,5.085000038146973,0,5.071199989318847,5.067000007629394,5.0269499778747555,4.833660001754761,4.703210010528564,4.106705011129379,5.066962787770999,5.0202364430204724,4.883611637004991,3.9895370498084564,66.87117506640611,1.0,0.06461515023909481,0.07084613693556117,-0.006230986696466365,-0.19626599522002408,0.005000114440917969,0.09857143674577985,19.84507519896597,25.06313593206721,5.178746922481477,4.875153033268034,0.06039325844690303,0.0,,,0,1.1547769627251987,5.1997872481922185,23.821896736346158,-1.0700355985851109,421.53845269769397,-1.26829379942359,1.1857696335581787,1.0
2023-05-22,5.0980000495910645,5.119999885559082,5.063000202178955,5.09499979019165,0,5.090199947357178,5.068199968338012,5.038049960136414,4.839499998092651,4.7122100067138675,4.120290009975434,5.0725701882551295,5.02735676179868,4.8919013685025075,4.000536679066001,55.64679975678367,0.15975642213724223,0.06294360603002502,0.06926563075445395,-0.006322024724428929,0.7912950190183121,0.01199960708618164,0.08671426773071289,18.798375431705804,25.061732071538195,5.174097179213923,4.902002741058904,0.05400788803365728,0.0,,,0,1.1303943094223394,5.279466725895176,23.6563391862319,-0.8754878883822519,422.5640682669403,0.2556541071104719,1.1258084357886475,1.0
2023-05-23,5.204999923706055,5.21999979019165,5.150000095367432,5.1529998779296875,0,5.109199905395508,5.071199941635132,5.048049950599671,4.849399995803833,4.720360007286072,4.134005008935929,5.088656126190042,5.039322772858776,4.902140525734946,4.012003974577082,55.91837330491774,0.18008609959746,0.06554347319541165,0.06852119924264549,-0.002977726047233842,1.4370069944878328,0.029999732971191406,0.08171428952898298,18.384079695715315,25.06527747934182,5.187142514262519,4.908957386936822,0.05510744347778312,0.0,,,0,2.0790191926993407,6.260565892451811,24.649096137792124,-1.2835232749981207,426.89161102398276,2.1589821009642596,1.3592173500576323,1.0
2023-05-24,5.150000095367432,5.197999954223633,5.0,5.184999942779541,0,5.12859992980957,5.08319993019104,5.058049941062928,4.859499998092652,4.729260005950928,4.147630008459092,5.107924889507942,5.053196789041706,4.913233051893558,4.023675576250739,63.48547923088795,0.746550778647608,0.06938618371819061,0.06869419613775452,0.0006919875804360931,2.006684162890493,0.11999988555908203,0.08642857415335518,18.376271893851897,25.028850389019635,5.206499504181692,4.909600377944163,0.05869833823252773,0.0,,,0,2.5098605825535882,6.698218845861667,25.011149311889763,-0.670495188100848,414.38490668502743,-0.05821429523225755,3.9599990844726562,1.0
2023-05-25,5.183000087738037,5.210000038146973,5.1579999923706055,5.163000106811523,0,5.136199951171875,5.097999954223633,5.066199946403503,4.871599998474121,4.738290004730224,4.160595009326935,5.118939932968658,5.0636542478769275,4.9230278383609285,4.03501213874388,58.663900547118274,0.38561305049410133,0.0698511559455044,0.06892558809930449,0.000925567846199904,0.7807917376772,0.14800024032592773,0.08371428080967494,18.50201950670875,25.055159869076256,5.219062688857706,4.9133372039493,0.06034611506508745,0.0,,,0,1.9107054879809602,5.981609911090291,24.09283035809701,-1.0919480013625484,412.2023833106051,-0.03857001086931231,1.0081435799395588,1.0
2023-05-26,5.1479997634887695,5.163000106811523,5.085000038146973,5.114999771118164,0,5.142199897766114,5.1066999435424805,5.075799942016602,4.883299989700317,4.746890001296997,4.173495007753372,5.118151900598559,5.068544297709426,4.930556149449448,4.0457582843396445,53.0533948246805,0.0,0.06559033924839586,0.06825853832912276,-0.0026681990807269074,0.9871611714283635,0.08699989318847656,0.08735714639936175,17.86245499757833,25.150519192632782,5.2142312247213916,4.937368659311812,0.054545602382347486,0.0,,,0,0.7722886943804274,4.744737818822101,22.559144353011025,-2.0114946991143707,407.4404453223777,-0.2905354060125627,1.5339246426628312,1.0
2023-05-30,5.110000133514404,5.150000095367432,5.105000019073486,5.14300012588501,0,5.151799964904785,5.120999956130982,5.0896999597549435,4.900299987792969,4.7543200016021725,4.1867600083351135,5.12312154565585,5.075635328964244,4.938887285780254,4.056676113608753,51.953120998227696,0.0,0.06373827082894667,0.06735448482908755,-0.00361621400014088,2.5523482115088036,0.14300012588500977,0.0841428552355085,17.135343093709555,25.159559478955163,5.189426151159483,4.989973768350404,0.03918745395331372,0.0,,,0,1.047216271126374,4.952760824778608,22.839620987259547,-1.4750894138218655,409.2079380640459,-0.09774463005824965,0.8814902277338764,1.0
2023-05-31,5.23799991607666,5.275000095367432,5.0,5.248000144958496,0,5.170800018310547,5.139999961853027,5.100099968910217,4.915959987640381,4.761820001602173,4.200500009059906,5.1480972655163795,5.092051025725602,4.9510093586892046,4.068530084069945,66.36850864405204,0.9663048263495504,0.06993692790983985,0.06787097344523801,0.002065954464601838,4.375502632657091,0.19000005722045898,0.09914285796029228,13.848745405085866,25.45198116489868,5.219454278234398,4.980745659586036,0.046804694045902935,0.0,,,0,2.8999466079070233,6.754329940701807,24.93751062109929,-0.5118473918635039,418.0651614679806,1.8471667872126056,5.500001907348633,1.0
2023-06-01,5.2230000495910645,5.224999904632568,5.144999980926514,5.203000068664551,0,5.174400043487549,5.15149998664856,5.105499982833862,4.927919988632202,4.768920001983642,4.213950009346008,5.159077826146014,5.102617601243597,4.960891347315688,4.079818342623126,66.96751570592079,1.0,0.07040667391945732,0.06837811354008187,0.0020285603793754464,4.060001373291011,0.11500024795532227,0.10171430451529366,13.925800122417323,25.091458328607757,5.233352783623783,4.977647182043942,0.050084340895033906,0.0,,,0,1.90970690742359,5.582072774454689,23.470854118462604,-1.364929391491616,380.4247769531337,-0.47637375527605585,1.5549062002454717,1.0
2023-06-02,5.192999839782715,5.248000144958496,5.184999942779541,5.215000152587891,0,5.184800052642823,5.160500001907349,5.113499999046326,4.9409599876403805,4.776240005493164,4.227035009860993,5.170262291434389,5.113320701371625,4.970856398502834,4.09111368401581,66.90778683930515,0.9960218931379872,0.07092962493603938,0.06888841581927338,0.002041209116766002,3.1039949016700152,0.09000015258789062,0.10350002561296735,13.522968949823062,25.05471031341014,5.247903261119681,4.97909673697297,0.052568010989898155,0.0,,,0,1.9849448237116425,5.546293951641199,23.37253276639853,-1.1374396529818773,381.5328179998771,-0.19220120603232446,1.2150473071207468,1.0
2023-06-05,5.199999809265137,5.203000068664551,5.138000011444092,5.14300012588501,0,5.190400123596191,5.1663000106811525,5.116650009155274,4.953759994506836,4.78202000617981,4.239910010099411,5.164809858324513,5.116147313230043,4.977607132909978,4.101580215775702,61.97654794205437,0.6675878141588256,0.06478743770565565,0.06806822019654984,-0.0032807824908941963,1.0809808788105446,0.05800008773803711,0.10557144028799874,14.515842373775959,25.186900356622527,5.25070002042583,4.9825999978847175,0.05239756912460271,0.0,,,0,0.5149876712807685,3.8201312051455876,21.299747250164497,-2.5023690444734936,368.39707592002856,-0.28763840621001974,1.2650848010058684,1.0
2023-06-06,5.159999847412109,5.192999839782715,5.118000030517578,5.1579999923706055,0,5.193400096893311,5.172600030899048,5.12039999961853,4.966859998703003,4.78805000782013,4.2528750097751615,5.163447885133731,5.1201332826720005,4.984681362692748,4.112091855343811,59.0252559985471,0.4710236501705778,0.06043343492052422,0.06654126314134473,-0.00610782822082051,0.6439022901581604,0.06300020217895508,0.106785706111363,14.53867432206018,25.097647841423477,5.254682449760805,4.986117549476255,0.05244998443570006,0.0,,,0,0.7343174899397815,3.8483064494975605,21.282661270670534,-2.2180113911197283,357.26949436450775,0.330540951020768,1.4654124427105966,1.0
2023-06-07,5.144999980926514,5.164999961853027,5.099999904632568,5.1529998779296875,0,5.174400043487549,5.172600030899048,5.12189998626709,4.9782599925994875,4.7948300075531005,4.26574000954628,5.161358283692923,5.123263434601304,4.991282088780472,4.122449149100884,56.14366388887637,0.27910168689660975,0.05593460953608176,0.06441993242029215,-0.008485322884210389,1.3372633091954578,0.0,0.0971428666796003,14.301929651440345,24.210632681170775,5.256972621766199,4.986827350767982,0.05274317572044248,0.0,,,0,0.6071944346040095,3.5100594502891056,20.799670547145684,-2.3128002887599224,324.1152046391741,-0.2520358949848897,1.2745109497240656,1.0
2023-06-08,5.14300012588501,5.144999980926514,5.0929999351501465,5.099999904632568,0,5.153800010681152,5.16410002708435,5.123649978637696,4.987699995040893,4.80095000743866,4.278000009059906,5.149086607880853,5.121047860318567,4.995545532539378,4.132176022290254,47.706415596846405,0.0,0.047544539247804884,0.0610448537857947,-0.013500314537989819,0.09813767707200771,-0.08500003814697266,0.0955714498247419,14.192899076593916,24.326415801248235,5.256507395103501,4.99079256217189,0.05186045768923905,0.0,,,0,-0.4615864491862795,2.251536975025185,19.21458377353527,-3.317539100872255,319.75306703908365,-0.19405690435791975,1.0210101401627873,0.0
2023-06-09,5.090000152587891,5.107999801635742,5.085000038146973,5.09499979019165,0,5.129799938201904,5.157299995422363,5.127649974822998,4.996999988555908,4.8069700050354,4.289960007667542,5.138269244343013,5.118567091735051,4.9994456995061345,4.141756358289274,50.98036649092281,0.16997735724004503,0.04003043471614376,0.05684196997186452,-0.01681153525572076,-1.1255596567438686,-0.06800031661987305,0.09257142884390694,13.680851227504979,23.63139510870217,5.251227079933028,5.004072869712968,0.04820028891082638,0.0,,,0,-0.636747531357674,1.9611727408481252,18.76567103388476,-3.412327998512449,318.30866689666817,-0.19607357316996205,0.4523060632493306,0.0
2023-06-12,5.0980000495910645,5.105000019073486,5.083000183105469,5.09499979019165,0,5.120199871063233,5.155299997329712,5.130999970436096,5.0055999851226805,4.8126200008392335,4.3018700063228605,5.129615353512741,5.116322586826156,5.003192918748704,4.151241367561934,50.0,0.11907857755606754,0.03368712849086908,0.05221100167566543,-0.018523873184796355,-1.7357792397514227,-0.019999980926513672,0.09007143974304199,13.666591823739605,23.575770386327164,5.246576441036842,5.01542349983535,0.04505027139609307,0.0,,,0,-0.7016211352927738,1.7859957914071887,18.436860776895927,-3.412327998512449,315.9183421248155,0.058886349812807486,0.43281202391334045,0.0
2023-06-13,5.130000114440918,5.130000114440918,5.039999961853027,5.099999904632568,0,5.108599853515625,5.150999975204468,5.135999965667724,5.015899982452392,4.8183699989318844,4.313720005750656,5.123692263736706,5.114768045664862,5.006989271136307,4.160681751015374,44.07160435616991,0.0,0.028732272304065276,0.0475152558013454,-0.018782983497280123,-1.220224692535632,-0.043000221252441406,0.08757145064217704,13.465835812299773,20.524051078983288,5.23520749448085,5.036792436854599,0.03863221552815089,0.0,,,0,-0.7009357725039578,1.6766666495422715,18.227420830135387,-3.317539100872255,282.0224538503796,0.686954380580083,1.7857173267676134,0.0
2023-06-14,5.0929999351501465,5.105000019073486,5.0,5.079999923706055,0,5.093999862670898,5.134199953079223,5.137099957466125,5.026099977493286,4.82378999710083,4.325345004796982,5.114953795730576,5.111456795954499,5.0098524339821795,4.169829195519759,37.93105716224378,0.0,0.02292738909457892,0.04259768245999211,-0.01967029336541319,-0.6842590220577538,-0.1680002212524414,0.08092859813145228,12.969578310686694,19.11157011280599,5.233102106045443,5.041097808886807,0.03737600956734008,0.0,,,0,-1.1115227313629117,1.0724009958841085,17.447276877847433,-3.696685651866214,250.34481080335382,-0.1372543061434859,2.1000003814697266,0.0
2023-06-15,5.070000171661377,5.078000068664551,5.054999828338623,5.054999828338623,0,5.084999847412109,5.119399929046631,5.135449957847595,5.032639970779419,4.828989996910095,4.336630003452301,5.102963002252186,5.106079941895844,5.011622920035373,4.1786368635080064,37.671233622374274,0.0,0.016123813284678157,0.03730290862492932,-0.021179095340251163,-1.711069325148884,-0.14800024032592773,0.07900003024509974,12.909063412018643,18.200160046327095,5.236030501455978,5.034869414239213,0.03917107339530505,0.0,,,0,-1.5665643744816307,0.444296784372218,16.565162910242346,-4.170621100500367,248.62066635195416,-0.19684551564682962,0.4549998240749099,0.0
2023-06-16,5.059999942779541,5.070000171661377,5.045000076293945,5.065000057220459,0,5.0789999008178714,5.104399919509888,5.132449960708618,5.039839973449707,4.833909997940063,4.347590004205704,5.095370413245841,5.10216757192676,5.0137161411014555,4.187456397773802,43.7500521539274,0.20749453852941746,0.011407368292740472,0.03212380055849155,-0.02071643226575108,-3.487044258446459,-0.15000009536743164,0.07521431786673409,12.631698762010169,18.062673761194816,5.2378086008981874,5.027091320519048,0.04105588597887593,0.0,,,0,-1.3141853111968047,0.4992238623308902,16.501327225445785,-3.981043305219979,249.3103372866421,0.09891423562246307,0.4955420215929253,0.0
2023-06-20,5.065000057220459,5.079999923706055,5.065000057220459,5.074999809265137,0,5.074999904632568,5.097599887847901,5.131949949264526,5.04713996887207,4.839209995269775,4.35866500377655,5.0912962924497,5.0995801659589866,5.016119422205914,4.196287675500084,41.09944539659198,0.11701866347549517,0.008379850376207365,0.027375010522034716,-0.01899516014582735,-2.4601241151293696,-0.06800031661987305,0.07307144573756627,12.362315970700111,17.790959652672882,5.238346554936755,5.025553343592297,0.041464397246304775,0.0,,,0,-1.1097173698576532,0.5519926248309027,16.434729552923223,-3.791474549506408,249.99997533600987,0.0,0.29614740999286865,0.0
2023-06-21,5.130000114440918,5.139999866485596,5.0,5.135000228881836,0,5.081999969482422,5.095299911499024,5.133949971199035,5.053079977035522,4.84512999534607,4.370025005340576,5.100037079736127,5.102953505284972,5.020781414624578,4.205628098916818,33.234475947375415,0.0,0.010698724794202974,0.02403975337646837,-0.013341028582265397,-1.5340349255091645,-0.02299976348876953,0.06342857224600655,13.04826167538147,17.897462716445855,5.238916248754888,5.028983693643182,0.04089104028855123,0.0,,,0,0.020457107854429682,1.621194444153123,17.505053692058723,-2.654025856957714,252.9209675205902,1.0837498964112342,2.799997329711914,1.0
2023-06-22,5.130000114440918,5.138000011444092,5.118000030517578,5.135000228881836,0,5.093000030517578,5.093499946594238,5.133049988746643,5.058179979324341,4.8509999990463255,4.381600006818771,5.1070297095652695,5.10600557419896,5.0252605838111375,4.214875582797067,38.35622254519327,0.15210106942722257,0.01239358395594703,0.021710519492364105,-0.009316935536417076,-0.15554922822011985,-0.017999649047851562,0.05749998773847308,12.39304286417792,17.610954497463734,5.2376365149897905,5.028463462503496,0.04075024652884178,0.0,,,0,0.03799378808833135,1.5187330200092382,17.194637139186643,-2.654025856957714,248.13560311049764,-0.0973732077516725,0.39077727251383176,1.0
2023-06-23,5.118000030517578,5.139999866485596,5.118000030517578,5.138000011444092,0,5.109600067138672,5.097299957275391,5.130699992179871,5.0637399768829345,4.857030000686645,4.39306500673294,5.113223769941034,5.109052663460401,5.0296817378359595,4.224060900495047,36.3957573357821,0.10998794342286584,0.01381952653543106,0.020132320900977496,-0.006312794365546437,-0.3877468196218814,0.03800010681152344,0.05457139015197754,12.168847733108839,17.535962097535798,5.232445161276153,5.0289548230835885,0.03966132077547328,0.0,,,0,0.1422811560868451,1.4665056835495176,16.957067641144445,-2.5971579421136877,248.33897819617675,-0.331065191947609,0.42985220470568763,1.0
2023-06-26,5.138000011444092,5.159999847412109,5.132999897003174,5.15500020980835,0,5.12760009765625,5.103299999237061,5.130299997329712,5.069739980697632,4.862880001068115,4.404175007343293,5.121579057914498,5.113428620255444,5.03459618771723,4.233323978199657,52.63158995465877,0.7520948947180889,0.0161353717132533,0.01933293106343266,-0.0031975593501793603,0.03881878373857006,0.06000041961669922,0.05099994795663016,12.151710944118,17.536671527537163,5.2315723041044535,5.029027690554971,0.039480072053272905,0.0,,,0,0.4814574682083663,1.6817475735508125,17.048032860028727,-2.2748793059637546,234.7402816559502,0.0,0.5260072267817318,1.0
2023-06-27,5.179999828338623,5.184999942779541,5.175000190734863,5.179999828338623,0,5.148600101470947,5.111800003051758,5.133550000190735,5.075279979705811,4.869479999542237,4.415325006246567,5.133263211999323,5.119768735310985,5.04029829127101,4.242743638400045,54.621806648862105,0.9335700050171855,0.019760173012101312,0.01941837945316639,0.0003417935589349226,1.5686259843531891,0.08500003814697266,0.04778565679277692,11.753954048145507,17.507677878540466,5.2369053977538345,5.030194602627636,0.04026663714554617,0.0,,,0,0.9048285912509313,2.0633314625311048,17.3186531231616,-1.8009528968964184,229.30705525005914,0.48495863264383576,0.1932319164467073,1.0
2023-06-28,5.168000221252441,5.175000190734863,5.164999961853027,5.170000076293945,0,5.155600070953369,5.118800020217895,5.134899997711182,5.080219984054565,4.876079998016357,4.426335006952286,5.140610584858248,5.124552672547457,5.045384635781713,4.251970070617895,53.49798276322193,0.9474537565568172,0.02157722887501823,0.01985014933753676,0.0017270795374814685,1.472037079308186,0.07000017166137695,0.044214214597429545,11.643601279651866,17.071600239247214,5.23947327575301,5.030326719669354,0.04073040491088055,0.0,,,0,0.6835591462036017,1.767248121561178,16.800921488626855,-1.9905216526099896,228.6713430863157,-0.23165265412818098,0.19361527503764384,1.0
2023-06-29,5.163000106811523,5.184999942779541,5.163000106811523,5.175000190734863,0,5.163600063323974,5.128300046920776,5.13125,5.083119983673096,4.882600002288818,4.437235008478165,5.1474885060335716,5.129357198089115,5.050467598721052,4.261154449922541,69.23082566115248,1.0,0.023153823322732414,0.020510884134575892,0.002642939188156522,1.5701747563801938,0.0950002670288086,0.0414999212537493,8.966759950081608,17.03767869058844,5.223581088781853,5.038918911218146,0.035987756894266934,0.0,,,0,0.8526224747354668,1.807555347048374,16.626687133925973,-1.8957327549697958,228.98921432512233,-0.13539592609522208,0.42610566556048085,1.0
2023-06-30,5.168000221252441,5.168000221252441,5.139999866485596,5.1529998779296875,0,5.166600036621094,5.138100051879883,5.128749990463257,5.086279983520508,4.888800001144409,4.447235007286071,5.148590780412795,5.131608881883455,5.054488472415509,4.270028533783309,63.679242100149125,0.8457737074690501,0.02237017495032667,0.020882742297726048,0.0014874326526006232,1.0392151821214002,0.09800004959106445,0.04235710416521345,8.582357298545292,15.730336365279483,5.215436207630589,5.042063773295926,0.03380403307960875,0.0,,,0,0.4728225690767181,1.31176212527331,15.869745347105226,-2.3128002887599224,227.59059299992117,-0.13526510578597412,0.5447539979410654,1.0
2023-07-03,5.138000011444092,5.150000095367432,5.127999782562256,5.144999980926514,0,5.164599990844726,5.146100044250488,5.125249981880188,5.0902799797058105,4.894549999237061,4.457320007085801,5.147872620515539,5.132884224649461,5.058037943337509,4.278734717336973,61.3636659196227,0.7814456242345389,0.020863106237216655,0.02087881508562417,-1.5708848407514076e-05,1.2795287046587056,0.07999992370605469,0.04257140840802874,8.525281141882816,15.688077757136945,5.202401707575131,5.048098256185245,0.030106522010713725,0.0,,,0,0.3853470389961435,1.0749900091716704,15.428104169041227,-2.4644571012441427,227.0820172061525,-0.29108998332874353,0.4290232788228222,1.0
2023-07-05,5.203000068664551,5.203000068664551,5.172999858856201,5.192999839782715,0,5.167199993133545,5.157900047302246,5.127749967575073,5.095139980316162,4.900629997253418,4.467810006141662,5.156898064368974,5.138609521328818,5.063330566727517,4.2878318827344435,67.68059526680216,0.9569336778124201,0.02327364676975119,0.021357781422449575,0.0019158653473016138,2.7299706455073514,0.11800003051757812,0.04028568949018206,7.6858888200112245,15.768825605676032,5.210369990327609,5.045129944822537,0.03222466901661644,0.0,,,0,1.2724854491783777,1.9206510487368469,16.231438504416534,-1.554507186772004,223.95506516390088,1.1273097755695702,0.5799383457741469,1.0
2023-07-06,5.208000183105469,5.21999979019165,5.199999809265137,5.2129998207092285,0,5.175799942016601,5.165700006484985,5.130499958992004,5.101939973831176,4.906629996299744,4.4785250055789945,5.168118415637025,5.145694311746,5.069199949236604,4.297037533858571,75.28515042126658,1.0,0.026492460232172554,0.022384717184394172,0.0041077430477783825,2.922009117804203,0.07799959182739258,0.03471425601414272,7.731908247954604,14.879372310754194,5.220675283148125,5.040324634835883,0.035152645892950286,0.0,,,0,1.6080277239380967,2.176816023859538,16.399926632435523,-1.175360635778045,189.61110882258703,0.28885699567788836,0.3846150319251659,1.0
2023-07-07,5.215000152587891,5.2179999351501465,5.204999923706055,5.2129998207092285,0,5.183399868011475,5.173499965667725,5.133499956130981,5.107139968872071,4.912409992218017,4.489415004253387,5.177094696651466,5.152104360218689,5.07483915988259,4.3061515864640505,83.19328741269669,1.0,0.028712414252791696,0.02365025659807368,0.005062157654718017,2.7192121503561983,0.07799959182739258,0.033857107162475586,7.7145948420779,14.80101299328248,5.230556672415978,5.036443239845984,0.03781307767192294,0.0,,,0,1.5486483930578414,2.0727814879241966,16.11757469002751,-1.175360635778045,188.8088627255128,0.03837199208631402,0.24976006982984836,1.0
2023-07-10,5.208000183105469,5.228000164031982,5.184999942779541,5.224999904632568,0,5.197799873352051,5.182199954986572,5.139749956130982,5.111939964294433,4.918209991455078,4.499325003623962,5.186675738247687,5.159046793020011,5.0807278165394525,4.315294355799061,83.33333333333333,1.0,0.031081759120348273,0.0251365571025286,0.005945202017819673,1.7526713094291324,0.08699989318847656,0.035142830439976284,6.560507630891816,14.762932348547682,5.243585622310032,5.035914289951931,0.040404948515127555,0.0,,,0,1.658639996677189,2.2116836490222758,16.128528177540282,-0.9478708972683061,186.30135715690096,-0.09590711252085876,0.8293196090064011,1.0
2023-07-11,5.239999771118164,5.25,5.239999771118164,5.243000030517578,0,5.2173998832702635,5.190999937057495,5.147149968147278,5.116799964904785,4.924039993286133,4.509590003490448,5.197940596701665,5.167042339448351,5.087091432773889,4.324525258035067,83.87099255134649,1.0,0.03401978284364571,0.02691320225075202,0.007106580592893687,2.103209285723051,0.08799982070922852,0.035857132502964566,6.552270863427896,14.76242406828561,5.258388510704718,5.035911425589838,0.04322335399039499,0.0,,,0,1.8621968072323685,2.4663865399932954,16.263341600000587,-0.606636289503698,184.481816379537,0.2870787896531171,0.19084407096647615,1.0
2023-07-12,5.239999771118164,5.239999771118164,5.099999904632568,5.230000019073486,0,5.224799919128418,5.195999956130981,5.15389997959137,5.122939968109131,4.929909992218017,4.52009000301361,5.20435248117603,5.1730383089364596,5.092695691060147,4.333534957149877,73.63181955129802,0.7843260185324656,0.03489692549919443,0.0285099469004405,0.00638697859875393,1.7905801367162022,0.05000019073486328,0.03607143674577985,6.682189006463377,14.673069728055951,5.26815712282236,5.03964283636038,0.044338129836989565,0.0,,,0,1.476552509428989,2.089816621526229,15.705661072823073,-0.8530819996281123,150.83932486263203,-0.057224096546836814,2.745095472618093,1.0
2023-07-13,5.2179999351501465,5.230000019073486,5.204999923706055,5.2230000495910645,0,5.226799964904785,5.201299953460693,5.160049986839295,5.130099973678589,4.935489993095398,4.530665003061294,5.208081994859037,5.177796569951184,5.097805665904497,4.34238535607964,71.15383292794476,0.7321306663219542,0.03462805764384136,0.029733569049120674,0.004894488594720685,1.3191045007783453,0.05299997329711914,0.036428587777273994,6.747668164917442,14.667796629089386,5.275328094508593,5.044771879169996,0.04468100423961594,0.0,,,0,1.2199506383140464,1.8108823685527655,15.28109109947372,-0.9857828404976571,149.30787485744673,-0.22944711050815067,0.4803092360015083,1.0
2023-07-14,5.2230000495910645,5.232999801635742,5.208000183105469,5.215000152587891,0,5.227200031280518,5.205299949645996,5.166799998283386,5.133599977493287,4.940839996337891,4.540915004014969,5.209465626404808,5.181339768297537,5.102401528127375,4.351068090373254,68.07516571784201,0.4943620709578072,0.033384616028779845,0.03046377844505251,0.0029208375837273363,0.6756819577056428,0.039999961853027344,0.03664285796029227,6.557391447053106,14.03779609356309,5.278082668263819,5.055517328302953,0.04307605094735832,0.0,,,0,0.9328821382774393,1.585635332933584,14.844698656039846,-1.1374396529818773,145.41177188648896,0.0,0.4800233804017737,1.0
2023-07-17,5.2230000495910645,5.23799991607666,5.2179999351501465,5.232999801635742,0,5.2288000106811525,5.213299942016602,5.175699996948242,5.136359977722168,4.946289992332458,4.550830003023147,5.214172461450994,5.186259771472604,5.107523029049272,4.359843530286314,68.22426574626384,0.4848476685639396,0.033465827610212884,0.031064188278084586,0.0024016393321282976,1.2185633348569924,0.07999992370605469,0.03635713032313755,6.161619508179374,13.959606365278246,5.277393179941736,5.074006813954748,0.039296397802598956,0.0,,,0,1.1070928516197998,1.8814846376174643,14.990008375602356,-0.796214084784086,146.25881419462317,0.1534016638370367,0.3832882555591327,1.0
2023-07-18,5.243000030517578,5.248000144958496,5.243000030517578,5.248000144958496,0,5.229800033569336,5.2235999584198,5.184850001335144,5.140219984054565,4.951819992065429,4.560920003652573,5.220937998152495,5.192139807042689,5.113031935555516,4.368680909536783,66.66674458123646,0.43356789168662957,0.03434468654893319,0.03172028793225431,0.0026243986166788816,1.4106270827647371,0.10300016403198242,0.035285745348249166,6.17432540401054,13.781231756186488,5.277097408499815,5.092602594170474,0.03558344296977381,0.0,,,0,1.2179743600507242,2.0968005501374463,15.064507615912607,-0.5118473918635039,146.96471270392922,0.1910993552629229,0.0953674310855262,1.0
2023-07-19,5.244999885559082,5.25,5.099999904632568,5.244999885559082,0,5.232800006866455,5.228799962997437,5.193350005149841,5.143519983291626,4.957369990348816,4.571055003404617,5.225750375633813,5.197174100234727,5.1182071492811465,4.377400501338,69.03543592970905,0.34085656353665267,0.03440252187305948,0.03225673472041535,0.0021457871526441297,1.7853679372947573,0.05200004577636719,0.04492861883980887,6.229323090447333,13.784951853095606,5.273516236639184,5.113183773660499,0.030872647293114435,0.0,,,0,0.9945387920710859,1.9729660348770155,14.743749126897324,-0.5687243462743471,146.82352402630974,-0.057169575391423505,2.94117839553643,1.0
2023-07-20,5.244999885559082,5.248000144958496,5.239999771118164,5.243000030517578,0,5.236800003051758,5.231799983978272,5.198749995231628,5.146719980239868,4.962769989967346,4.5813700032234195,5.229200306610566,5.201538474547379,5.123100987761007,4.386013431976603,67.52570984741229,0.27377946873105163,0.033896250321721055,0.032584637840676486,0.001311612481044569,1.9047628756923007,0.03000020980834961,0.04392865725925991,4.982783713913315,13.345623067319051,5.276891160283008,5.120608830180248,0.030061520605165624,0.0,,,0,0.8511668252279272,1.8707069871173159,14.441750542493631,-0.606636289503698,146.7294132008272,0.0,0.15267889675164684,1.0
2023-07-21,5.243000030517578,5.248000144958496,5.239999771118164,5.248000144958496,0,5.243400001525879,5.235300016403198,5.204399991035461,5.149219980239868,4.968599991798401,4.591860003471375,5.232960274280153,5.205963395538914,5.1279989939256145,4.394590414195329,76.8362266834772,0.6874455157213615,0.033512186294488266,0.032770147531438844,0.0007420387630494227,1.0591239528727314,0.03500032424926758,0.04200008937290737,4.967844177209587,12.971087511155288,5.279411279232765,5.129388702838157,0.028826104191265293,0.0,,,0,0.8377556298158438,1.9183520047249214,14.289201782961362,-0.5118473918635039,146.96471270392922,0.0,0.15267889675164684,1.0
2023-07-24,5.252999782562256,5.255000114440918,5.25,5.25,0,5.24680004119873,5.237800025939942,5.209999990463257,5.152919979095459,4.973999991416931,4.601535003185273,5.236368219424122,5.210157357868542,5.132783347105002,4.403101952362539,80.7017592781076,0.8157877473781483,0.03298890876883309,0.032813899778917695,0.00017500898991539698,0.7097675151221727,0.02500009536743164,0.04071436609540667,4.971099401581528,12.92117826036488,5.280740430921163,5.139259550005351,0.027155639380957608,0.0,,,0,0.7677545030702833,1.8839807584511072,14.092362578266757,-0.47393544863415304,147.05882352941177,0.095267482196293,0.09524027506510416,1.0
2023-07-25,5.264999866485596,5.26800012588501,5.260000228881836,5.264999866485596,0,5.250199985504151,5.240000009536743,5.215499973297119,5.157919979095459,4.979399991035462,4.611395002603531,5.242094548836417,5.215380453927309,5.137968308649339,4.41167805101053,76.08696403335095,0.5475519458031995,0.03339956206503203,0.032931032236140564,0.00046852982889146466,0.9975071468407037,0.021999835968017578,0.037857225963047574,4.946882036158153,12.920143607070067,5.2853343809962645,5.145665565597973,0.026779564013686696,0.0,,,0,0.9490920034879077,2.0760284731853407,14.173690683904733,-0.18957779528038793,147.76469959932214,0.2857117425827753,0.1520892900203245,1.0
2023-07-26,5.269999980926514,5.2779998779296875,5.099999904632568,5.26800012588501,0,5.254800033569336,5.243800020217895,5.219899988174438,5.162719984054565,4.984849991798401,4.621295002698898,5.247275664246136,5.220391851256613,5.143067595599757,4.420198668670973,72.72734437806396,0.35227345056621745,0.033580014120241586,0.033060828612960766,0.0005191855072808199,0.8229707566945077,0.03800010681152344,0.048642941883632114,4.741823931328027,12.461495926658626,5.291386187770174,5.1484137885787025,0.02738987327637923,0.0,,,0,0.9214762317197913,2.0392378853706985,13.994023813853637,-0.18946101318592998,147.90588827694165,0.09496893765840797,3.4901956201103737,1.0
2023-07-27,5.264999866485596,5.2729997634887695,5.244999885559082,5.26800012588501,0,5.259800052642822,5.24830002784729,5.224799990653992,5.168079986572265,4.99034999370575,4.631170003414154,5.251420556573911,5.224925972649794,5.1479669105129044,4.428634504066138,72.72734437806396,0.35227345056621745,0.03333871571198266,0.033116406032765146,0.0002223096792175125,0.47682806068882755,0.04500007629394531,0.049714360918317525,4.6403846946929335,12.16745251530755,5.295312753270565,5.154287228037418,0.026991564363307706,0.0,,,0,0.8268284969432999,1.9334093042746539,13.750955417343278,-0.18946101318592998,133.30382489727833,-0.056952530898241524,0.5338394383339992,1.0
2023-07-28,5.257999897003174,5.263000011444092,5.244999885559082,5.255000114440918,0,5.261200046539306,5.252300024032593,5.228799986839294,5.1720199871063235,4.995619993209839,4.641020003557205,5.252136468147313,5.227790176629901,5.152164291059101,4.436857047452952,62.29514604089067,0.0,0.03173269791838251,0.03283966440988862,-0.0011069664915061075,0.4780132940011006,0.039999961853027344,0.04828579085213797,4.795485226517686,9.911224311828962,5.296435642417764,5.161164331260824,0.025870431360429318,0.0,,,0,0.5010734330547834,1.604404614472899,13.229421773944411,-0.4357666544280267,132.7280936290287,-0.1898297008896887,0.34318639233089465,1.0
2023-07-31,5.255000114440918,5.257999897003174,5.244999885559082,5.248000144958496,0,5.260800075531006,5.2538000583648685,5.233550000190735,5.175219993591309,4.999649996757507,4.650560004711151,5.2513092035095505,5.229714935518338,5.15592255983947,4.444928123050022,52.25230256375009,0.0,0.029554393558208325,0.032182610239552566,-0.0026282166813442406,0.4786539370105647,0.015000343322753906,0.047428642000470846,4.491387529694011,9.689988962415864,5.29140826817213,5.175691732209339,0.022110524588200012,0.0,,,0,0.2761059847949246,1.4063199527230488,12.846627925284718,-0.5683920739869153,131.90455671317392,0.0,0.24785532369379798,1.0
2023-08-01,5.269999980926514,5.275000095367432,5.260000228881836,5.260000228881836,0,5.259800148010254,5.255000066757202,5.239300012588501,5.177919998168945,5.003420000076294,4.659195005893707,5.253047408584008,5.232599249172004,5.160004037056819,4.453038293257303,63.63644245232718,0.40015315592413003,0.02846821428918389,0.03143973104947883,-0.0029715167602949386,0.8628969314912638,0.012000083923339844,0.039142915180751255,4.417780351318732,9.53747962361738,5.280590401199218,5.198009623977784,0.015761795854983794,0.0,,,0,0.39509507460153864,1.5851969660001848,12.89504350490015,-0.34103163062049907,132.43482997268143,0.4192041798846323,0.2851685519562107,1.0
2023-08-02,5.263000011444092,5.264999866485596,5.260000228881836,5.260000228881836,0,5.258200168609619,5.256500101089477,5.242650032043457,5.181420001983643,5.007540001869201,4.667580007314682,5.254437972643574,5.235208866287227,5.163925456344074,4.461067765253567,67.96122347886873,0.5521694516996123,0.02729279504092652,0.03061034384776837,-0.0033175488068418503,0.5159646143623853,0.015000343322753906,0.03771431105477469,3.198490129166503,9.496623681326152,5.2786576255583615,5.206642438528553,0.013736409371147581,0.0,,,0,0.330943258320377,1.516577055481118,12.692234961987946,-0.34103163062049907,125.94502034955768,0.057030084253314746,0.09505014042219125,1.0
2023-08-03,5.252999782562256,5.26800012588501,5.2179999351501465,5.257999897003174,0,5.256200122833252,5.258000087738037,5.244900035858154,5.184680004119873,5.012090001106262,4.675730006694794,5.255150357515494,5.237379440641127,5.167614650095412,4.4689974382063,72.16467985744131,0.6999211792906435,0.025901282886974464,0.029668531655609592,-0.0037672487686351286,0.1905440504662348,0.014999866485595703,0.039500066212245395,2.9815585943108833,9.498663394691409,5.278660274803381,5.211139796912927,0.012873549053143557,0.0,,,0,0.2497637906434636,1.4141642844889066,12.453026361117422,-0.37893106080098526,125.85909544321481,-0.13308832728070477,0.958225208054253,1.0
2023-08-04,5.252999782562256,5.255000114440918,5.25,5.252999782562256,0,5.255800056457519,5.258500051498413,5.246900033950806,5.186680002212524,5.018039999008178,4.683555005788803,5.254720242524847,5.238867092252663,5.170963086662739,4.4767984565581,61.90459971730727,0.339278786602838,0.024117025968940276,0.02855823051827573,-0.004441204549335453,0.1525242550566963,0.004999637603759766,0.03842864717755999,3.01864270749142,9.381232658116502,5.2772725026389065,5.216527565262705,0.011577300307446789,0.0,,,0,0.11625433250072872,1.278655716594063,12.15838772192549,-0.4736660846085129,125.64431390140041,-0.09509536970070713,0.09524027506510416,1.0
2023-08-07,5.244999885559082,5.260000228881836,5.244999885559082,5.260000228881836,0,5.258200073242188,5.2595000743865965,5.248650050163269,5.18818000793457,5.0238400030136106,4.690690007209778,5.255776239796245,5.240879771931632,5.174454739298782,4.484591509019033,57.8946707991919,0.19832956010700512,0.023002706141626028,0.02744712564294579,-0.0044444195013197615,0.3242456277952721,0.010000228881835938,0.03842864717755999,2.9560317670099687,9.054121230004043,5.277714627502973,5.219585472823565,0.01107506770766701,0.0,,,0,0.21624948529792307,1.3843047241504143,12.137025060215144,-0.34103163062049907,125.94502034955768,-0.15229197285958612,0.28599320591128996,1.0
2023-08-08,5.2779998779296875,5.2829999923706055,5.269999980926514,5.275000095367432,0,5.261200046539306,5.260500097274781,5.250250053405762,5.190420007705688,5.0310100030899045,4.697600008249283,5.259621010910482,5.244129326544566,5.178397694438729,4.4924562710722515,67.04542375820233,0.5199790401265074,0.023064094986408712,0.02657051951163838,-0.0035064245252296664,0.5144807481545666,0.010000228881835938,0.029357194900512695,2.880106549842645,8.793003401148633,5.281449793008049,5.219050313803475,0.011885049010969725,0.0,,,0,0.4714069179545981,1.629542263172847,12.291384666727648,-0.15142716287576763,117.52578140584771,0.3421986362095255,0.24667953493628433,1.0
2023-08-09,5.284999847412109,5.284999847412109,5.099999904632568,5.28000020980835,0,5.26520004272461,5.261700105667114,5.252750062942505,5.193720016479492,5.038510003089905,4.704550008773804,5.263696850690056,5.247545601141117,5.182382106806165,4.500292529169128,70.3295378924037,0.6354158362374149,0.023248222498419402,0.025906060108994586,-0.002657837610575184,0.5714325677780963,0.012000083923339844,0.042000021253313334,2.691058939636115,8.785510058043403,5.2851091331922575,5.220390992692753,0.012320810951216376,0.0,,,0,0.5187786690650056,1.661240749503116,12.231779871854972,-0.09460052503516957,116.12771349953668,0.1895687557135712,3.6274499262538598,1.0
2023-08-10,5.2729997634887695,5.2729997634887695,5.244999885559082,5.26800012588501,0,5.267200088500976,5.261700105667114,5.255000066757202,5.196220016479492,5.048260002136231,4.7114650094509125,5.264557505729047,5.249493651116726,5.185739676181806,4.5079314107284905,60.2039674391674,0.279501466592308,0.02217027328461718,0.025158902744119107,-0.0029886294595019257,0.05698498528958762,0.0,0.04392858913966587,2.7933576937510187,8.708395572350733,5.284806532189005,5.225193601325399,0.011344039982171232,0.0,,,0,0.2473845663684191,1.3813908798678989,11.812358052489442,-0.3216598300456681,115.63651073493526,-0.13258420532968457,0.5338394383339992,1.0
2023-08-11,5.255000114440918,5.2729997634887695,5.252999782562256,5.264999866485596,0,5.269600105285645,5.262700080871582,5.257500052452087,5.1965600109100345,5.056259999275207,4.7182250082492825,5.264645977880357,5.250970433532809,5.1888479189388175,4.515464430188761,57.57558243144962,0.22334195409021979,0.02083373656063614,0.024293869507422516,-0.003460132946786376,-0.05695253089824659,0.009999752044677734,0.04485716138567243,2.723695738957674,8.424017962481628,5.2808735635675905,5.234126541336584,0.008891492489705924,0.0,,,0,0.1426498137648216,1.3170223269215329,11.58857106815252,-0.37842916752981565,115.51370028453105,-0.2467731802095929,0.3807344708618716,1.0
2023-08-14,5.264999866485596,5.2729997634887695,5.264999866485596,5.269999980926514,0,5.27160005569458,5.264900064468383,5.259350061416626,5.197900009155274,5.062909998893738,4.724750008583069,5.265716778489589,5.252782771379828,5.192030352742257,4.522972246614012,52.80900080364318,0.027189113699582587,0.01994804043245413,0.02342470369242884,-0.0034766632599747133,0.037962319546602785,0.021999835968017578,0.04414285932268415,2.4976052604557597,8.353133547616414,5.280288870070674,5.238411252762578,0.007962508070211207,0.0,,,0,0.20249497343820272,1.387098090464369,11.540292530883828,-0.2838196200316003,115.54192739534864,0.0,0.15194486621162603,1.0
2023-08-15,5.28000020980835,5.284999847412109,5.269999980926514,5.28000020980835,0,5.272600078582764,5.266900062561035,5.260950064659118,5.199200010299682,5.070079998970032,4.731500009298324,5.268573464753341,5.255374908373021,5.195480151058574,4.53050486316321,56.249937912879346,0.19524430696569092,0.019824529924510337,0.02270466893884514,-0.0028801390143348045,0.47573919739278825,0.019999980926513672,0.032499994550432475,2.3900107386972294,8.242164097757101,5.283092987633411,5.238807141684825,0.008417841911498107,0.0,,,0,0.36210465629016875,1.5540890781004983,11.592522443878577,-0.09460052503516957,115.9509347227465,0.1897576644787351,0.2846274485746505,1.0
2023-08-16,5.28000020980835,5.284999847412109,5.28000020980835,5.284999847412109,0,5.273600006103516,5.269400024414063,5.26295006275177,5.202040004730224,5.077899999618531,4.738275008201599,5.271858741285095,5.258196331138648,5.198990727386165,4.538012275941806,58.4155985175743,0.3095208504198496,0.019900673353349774,0.02214386982174607,-0.002243196468396297,0.7050247986208014,0.024999618530273438,0.03085712024143764,2.3769476759282306,8.057406613799795,5.286223955600094,5.239676169903446,0.008844428531839385,0.0,,,0,0.41896245256810344,1.5947559535576312,11.538478418077686,0.0,111.39999389648439,0.0,0.09469010236916714,1.0
2023-08-17,5.2829999923706055,5.2829999923706055,5.264999866485596,5.2779998779296875,0,5.275599956512451,5.271400022506714,5.2647000551223755,5.204440002441406,5.085650000572205,4.744815007448197,5.273086968614013,5.260082383213985,5.202089125446696,4.545375336658103,62.10498313523932,0.49480182231233766,0.019175139461638402,0.02155012374972454,-0.0023749842880861384,0.34219863620952307,0.019999980926513672,0.03064281599862235,2.4398336256803805,8.062566067209483,5.286896288109073,5.242503822135678,0.00843209784196591,0.0,,,0,0.2526226122677536,1.4134061580837587,11.237210926970203,-0.13244975751228316,111.11999511718751,-0.03784021001406783,0.341882741528442,1.0
2023-08-18,5.269999980926514,5.2779998779296875,5.264999866485596,5.2779998779296875,0,5.278199958801269,5.273900032043457,5.266200041770935,5.2069400024414065,5.092599997520447,4.751330007314682,5.274069550477148,5.2617888112821465,5.205066017700931,4.552665133088666,67.04506047076163,0.7354978157857462,0.018388181119567193,0.02091773522369307,-0.002529554104125878,0.34219863620952307,0.02500009536743164,0.03064281599862235,2.431124455546841,7.746599769276255,5.287687833617551,5.244712249924318,0.00816064398472426,0.0,,,0,0.22406737429565454,1.3647146972110824,11.084683021473916,-0.13244975751228316,107.9590092909969,-0.15157061743456907,0.24691380387003403,1.0
2023-08-21,5.2779998779296875,5.2829999923706055,5.275000095367432,5.28000020980835,0,5.280200004577637,5.275900030136109,5.267700052261352,5.210540008544922,5.099120001792908,4.75748000741005,5.2752556823433885,5.263523230189404,5.20800461346985,4.55990229803115,62.8202541859996,0.5172256346331559,0.017721637028555115,0.02027851558466548,-0.0025568785561103646,0.41841599916567773,0.019999980926513672,0.029285669326782227,2.431113701510571,7.652009755879502,5.2886068496836005,5.246793254839104,0.007937732678334,0.0,,,0,0.23350147929772758,1.3330710665212755,10.983129757443955,-0.09460052503516957,106.41125991818458,0.0,0.1516568124842203,1.0
2023-08-22,5.293000221252441,5.300000190734863,5.293000221252441,5.295000076293945,0,5.283199977874756,5.27790002822876,5.26920006275177,5.214540014266968,5.105770001411438,4.763830007314682,5.2792045611335,5.266521025056503,5.211416200247265,4.567216703785009,68.81684594796911,0.8270360910528086,0.0181940304429542,0.019861618556323225,-0.0016675881133690236,0.799548743008005,0.019999980926513672,0.03035712242126465,2.428851437819292,7.609583420311086,5.293345224748113,5.245054900755426,0.009164640442114404,0.0,,,0,0.48963814687085416,1.5429944310876746,11.150063460779917,-0.09434177850896805,104.83558987061387,0.24621232817268512,0.13224955960356122,1.0
2023-08-23,5.289999961853027,5.297999858856201,5.269999980926514,5.295000076293945,0,5.285200023651123,5.27940001487732,5.270550060272217,5.218540019989014,5.112070002555847,4.770180007219315,5.282363664165589,5.269233315650545,5.214693999307919,4.5744583293821135,70.3295378924037,1.0,0.018356799865142825,0.019560654818087147,-0.0012038549529443214,0.6653963096794335,0.014999866485595703,0.028785671506609236,2.4283850010877477,7.33359149381563,5.29729229185008,5.2438078286943535,0.010147795304872581,0.0,,,0,0.4638987533013942,1.4651618271022153,11.002101981064742,-0.09434177850896805,99.43503327129062,-0.09443086626766639,0.5313069835109349,1.0
2023-08-24,5.295000076293945,5.302999973297119,5.289999961853027,5.302999973297119,0,5.290200042724609,5.282899999618531,5.272300052642822,5.222600021362305,5.119250001907349,4.776630007028579,5.286490925991895,5.272449187807362,5.218156978680044,4.581707499968332,76.59561516531902,1.0,0.018913299887164392,0.019431183831902597,-0.0005178839447382046,0.5308033634781717,0.034999847412109375,0.029142822538103377,2.466144516597599,7.265626813109846,5.302673840633825,5.241926264651819,0.011522025562933493,0.0,,,0,0.5822870539947407,1.5394621760416232,11.019693078467704,0.0,98.98686863807075,0.0,0.2457469099780114,1.0
2023-08-25,5.297999858856201,5.315000057220459,5.297999858856201,5.315000057220459,0,5.2976000785827635,5.287900018692016,5.2753000497818,5.227300024032592,5.1267000007629395,4.78329000711441,5.292192752237608,5.27650165156099,5.2219547464659435,4.589003943324076,77.7775637104504,1.0,0.02009103964887604,0.019563154995297285,0.0005278846535787564,0.6628758716162864,0.05000019073486328,0.029285669326782227,2.32074426071114,6.009565102364041,5.310020576420559,5.24057952314304,0.013163431960688372,0.0,,,0,0.7525639691395641,1.6777310042405125,11.11599023507275,0.0,96.9977815937319,-0.09428841158015636,0.320879554872771,1.0
2023-08-28,5.320000171661377,5.324999809265137,5.317999839782715,5.322999954223633,0,5.30620002746582,5.2932000160217285,5.279050040245056,5.232660026550293,5.132649998664856,4.789455006122589,5.298354192634814,5.280930061338384,5.225917303632912,4.596307386218599,76.0867424419117,0.9322819949690525,0.021422980936523395,0.019935120183542508,0.0014878607529808865,1.0440362001582715,0.05299997329711914,0.02835709708077567,2.229275722416124,5.726114328356793,5.317369867787674,5.240730212702438,0.014517698165573424,0.0,,,0,0.83253452124005,1.7264627782993578,11.139992909819343,-0.037555964565938474,97.29429371896934,0.09407552939016968,0.1316278618524344,1.0
2023-08-29,5.335000038146973,5.340000152587891,5.317999839782715,5.320000171661377,0,5.311200046539307,5.297200012207031,5.282050037384034,5.237760028839111,5.138800001144409,4.795590007305146,5.302683388440127,5.284651024226289,5.229606827869323,4.603508309456836,72.22216335353707,0.7775042008765852,0.02198308925166259,0.020344713997166527,0.001638375254496064,1.0446402007697309,0.039999961853027344,0.01671426636832101,2.191369088410242,5.715112734148837,5.323367707650346,5.2407323671177215,0.015644558447528406,0.0,,,0,0.7184735852320404,1.570139570531131,10.935258509534693,-0.37453146732254694,93.45455169677734,0.22543836232457892,0.4136952513724536,1.0
2023-08-30,5.317999839782715,5.317999839782715,5.309999942779541,5.315000057220459,0,5.3152000427246096,5.300200033187866,5.284800028800964,5.242560033798218,5.144850001335144,4.801890008449554,5.305146722196193,5.287541408320972,5.232955581961525,4.610587829335081,78.31314918650611,1.0,0.0217725314890167,0.020630277495536566,0.0011422539934801343,0.8538913938674009,0.03000020980834961,0.014928545270647322,2.2483241643294685,4.894633098438993,5.327244351732973,5.242355705868955,0.016062792423818077,0.0,,,0,0.5714507314356582,1.3817681238789508,10.68558521473879,-0.4681665665368194,89.82143384765614,-0.03760022206986937,0.15065719565688449,1.0
2023-08-31,5.304999828338623,5.313000202178955,5.295000076293945,5.297999858856201,0,5.314200019836425,5.302200031280518,5.286800026893616,5.2458200263977055,5.149450001716613,4.8080650067329405,5.3037173495281955,5.2885374512290895,5.235506337918179,4.617427750026834,67.01028393896492,0.556822479313367,0.020003303383936633,0.020504882673216582,-0.0005015792892799492,0.3409024305418562,0.019999980926513672,0.014928545270647322,2.5949328686902007,4.928829188535741,5.327667492296566,5.245932561490665,0.01546018960242876,0.0,,,0,0.21184519757911432,0.994693531152792,10.189854992334418,-0.7865223320515283,89.2142838957358,-0.18815105878033936,0.33994571530975953,1.0
2023-09-01,5.288000106811523,5.288000106811523,5.21999979019165,5.26800012588501,0,5.304800033569336,5.30120005607605,5.287550044059754,5.248480024337769,5.153330001831055,4.814065008163452,5.296573904799558,5.286581515482034,5.2367806041129565,4.623901107000547,49.18038553538764,0.0,0.01599605704312168,0.019603117547197603,-0.003607060504075922,-0.321659830045673,-0.009999752044677734,0.019928557532174245,3.349243198724184,5.078800883877797,5.326301452743895,5.248798635375612,0.014657604509171905,0.0,,,0,-0.36973490580400264,0.37191913576357344,9.429351638413621,-1.3483150682680773,88.14286484280424,-0.18874579673614048,1.3026881102111392,0.0
2023-09-05,5.2729997634887695,5.284999847412109,5.248000144958496,5.2779998779296875,0,5.295800018310547,5.301000022888184,5.288450026512146,5.251280021667481,5.157509999275208,4.819805006980896,5.292859099425584,5.285764216667524,5.238397046223417,4.630409552482429,49.18018690565994,0.0,0.013471886346125395,0.018376871306983164,-0.0049049849608577695,0.0,-0.0020003318786621094,0.021499974387032644,3.381673452340159,4.570725284858101,5.325296662992957,5.2516033900313355,0.0139347583114488,0.0,,,0,-0.19760323970293736,0.5088255844662095,9.506502239927798,-1.1610537993740753,88.49999885048183,0.09490579886650705,0.7050247986208067,0.0
2023-09-06,5.308000087738037,5.309999942779541,5.199999809265137,5.300000190734863,0,5.291800022125244,5.301500034332276,5.289700031280518,5.254180021286011,5.161960000991821,4.8256800079345705,5.29428731768744,5.287120023721556,5.240812855812101,4.637072145897876,55.395809319940724,0.21335360113267043,0.013095744669448628,0.01732064597947626,-0.004224901310027632,0.41683049098146796,0.005000114440917969,0.02900000980922154,3.5474245092504755,4.617311844602925,5.326321019947828,5.253079042613207,0.013846149479461377,0.0,,,0,0.1947210502190285,0.8720707943622634,9.829084854785172,-0.7490629346450939,88.07665165565962,0.5684011084160405,2.115387260561256,1.0
2023-09-07,5.293000221252441,5.293000221252441,5.2829999923706055,5.2829999923706055,0,5.285400009155273,5.300300025939942,5.289850020408631,5.25624002456665,5.16576000213623,4.83153000831604,5.292029852624073,5.28672763978337,5.2424672533242,4.643499288648849,51.67788886186459,0.08573456870353331,0.011295666339068866,0.016115650051394783,-0.004819983712325917,0.056814061421506246,-0.012000083923339844,0.028785739626203264,3.7390186831479246,4.683323003246471,5.326328027920425,5.253372012896836,0.013791698203563312,0.0,,,0,-0.1294938043913787,0.509108558187687,9.344244644605212,-1.067418700159803,81.67125193366651,-0.13207489114167947,0.1892907230035524,0.0
2023-09-08,5.2829999923706055,5.293000221252441,5.275000095367432,5.293000221252441,0,5.284400081634521,5.299300050735473,5.291100025177002,5.25870002746582,5.169460005760193,4.837320008277893,5.292223926349747,5.287325028494711,5.244448938340994,4.6499619844956515,54.71707732540007,0.19005586752090875,0.010554362072632273,0.015003392455642282,-0.004449030383010009,-0.0377687443378405,-0.009999752044677734,0.029142890657697405,3.690723260169161,4.690162476148126,5.32610925565424,5.256090794699764,0.013233252182212015,0.0,,,0,0.03591306281109071,0.6522561394921543,9.420096503740973,-0.8801485017312581,80.4636912007208,0.0,0.34123460776460823,1.0
2023-09-11,5.288000106811523,5.300000190734863,5.288000106811523,5.293000221252441,0,5.289400100708008,5.297100067138672,5.292500042915345,5.261060028076172,5.172090005874634,4.8432950091362,5.292379185330287,5.287865523043066,5.246352910219874,4.656360374911142,54.140129323043375,0.17025190811592866,0.009853290501235179,0.013973372064760863,-0.004120081563525684,-0.0377687443378405,-0.021999835968017578,0.029428618294852122,3.6797375621836803,4.595584921264972,5.32528325751141,5.259716828319279,0.012388555249971104,0.0,,,0,0.009450700671535417,0.6071056594263752,9.28510882091501,-0.8801485017312581,80.34072655687335,-0.09446654509556832,0.22693047808154204,1.0
2023-09-12,5.304999828338623,5.308000087738037,5.304999828338623,5.304999828338623,0,5.294800090789795,5.295300054550171,5.29425003528595,5.264100027084351,5.175190005302429,4.848830008506775,5.294903313931954,5.289497361642642,5.248652789361786,4.662814498825844,53.246676843334015,0.1395838122629789,0.010148963305434577,0.013208490312895607,-0.0030595270074610294,0.03771176789693076,-0.018000125885009766,0.02907146726335798,3.7412688448776197,4.454331657717581,5.325685025467458,5.262815045104442,0.01187514377749273,0.0,,,0,0.20304656903293336,0.776957144504065,9.407832797428341,-0.6554367649653641,80.25822926858156,0.22670709587354348,0.056555315673849124,1.0
2023-09-13,5.313000202178955,5.315000057220459,5.26800012588501,5.304999828338623,0,5.295800018310547,5.293800020217896,5.295500016212463,5.2673000240325925,5.178790001869202,4.854355008602142,5.296922616813289,5.29097378704226,5.250862477164799,4.66920440260209,53.246676843334015,0.1395838122629789,0.010264958085870468,0.01261978386749058,-0.002354825781620112,-0.18815105878033922,-0.015000343322753906,0.030428613935198103,3.6963525089131095,4.450537954488296,5.326534817950378,5.264465214474548,0.011721197863431378,0.0,,,0,0.17939405338638142,0.715732996678021,9.283309913220549,-0.6554367649653641,76.83332761128744,0.15080818283150677,0.8921778703935273,1.0
2023-09-14,5.297999858856201,5.304999828338623,5.284999847412109,5.295000076293945,0,5.298200035095215,5.291800022125244,5.2960000276565555,5.269340028762818,5.18224000453949,4.859955008029938,5.29653810870942,5.291357243161468,5.252593363405158,4.67543122522589,47.43592486741759,0.0,0.00944115659021616,0.011984058412035696,-0.0025429018218195362,-0.5260168733886683,-0.019999980926513672,0.030928611755371094,3.7604022722343027,4.476264065343431,5.32664227929511,5.265357776018001,0.011571847235096676,0.0,,,0,-0.018881256748268755,0.48696890675230176,8.951627485135095,-0.8426980338593663,76.5000025431315,-0.13195041864146617,0.37842916752981565,0.0
2023-09-15,5.297999858856201,5.302999973297119,5.293000221252441,5.297999858856201,0,5.299199962615967,5.291800022125244,5.2970000267028805,5.271040029525757,5.186490001678467,4.865530006885528,5.296830458738777,5.291989873227633,5.2543740102855905,4.681625937998331,44.21759439470611,0.0,0.008927435433741415,0.01137273381637684,-0.0024452983826354253,-0.413539701039245,0.0,0.03042857987540109,3.7254561159703083,3.838896925863015,5.326451128027359,5.267548925378402,0.011119917378142937,0.0,,,0,0.018875441727022487,0.5114707757753391,8.888442808052908,-0.7865223320515283,75.54672155086789,0.056653116506760366,0.18892408136555058,1.0
2023-09-18,5.297999858856201,5.304999828338623,5.297999858856201,5.300000190734863,0,5.3005999565124515,5.29500002861023,5.2981000423431395,5.272780036926269,5.18996000289917,4.870765008926392,5.297464405137994,5.292752760609274,5.2561632722639935,4.687778915637501,41.84404358500903,0.0,0.008582780826439596,0.010814743218389393,-0.002231962391949798,-0.2822176166342283,0.032000064849853516,0.030214309692382812,3.7253244275899986,3.8374887229133083,5.326174340933832,5.270025743752447,0.0105978740930972,0.0,,,0,0.03586471332246588,0.5162391303632288,8.812479785451261,-0.7490629346450939,75.61300160233408,0.0,0.13212475781252883,1.0
2023-09-19,5.304999828338623,5.313000202178955,5.304999828338623,5.309999942779541,0,5.301599979400635,5.298200035095215,5.2996000289917,5.274480037689209,5.193210000991821,4.876050009727478,5.299971512666303,5.294395349387395,5.258274514244996,4.693970169638914,46.621538897731156,0.13100116479209747,0.00901264383765632,0.010454323342242779,-0.001441679504586459,0.22650215634265614,0.032000064849853516,0.029571431023733958,3.7725485136533976,3.8475611887201917,5.326794432983193,5.272405625000206,0.010262813737914222,0.0,,,0,0.19623959791207352,0.6734295103312945,8.89962022920919,-0.5618016657510917,75.94433866056943,0.09433278158177856,0.15080818283150677,1.0
2023-09-20,5.315000057220459,5.320000171661377,5.199999809265137,5.315000057220459,0,5.303600025177002,5.299700021743774,5.3006000280380245,5.2759200382232665,5.196360001564026,4.881660010814667,5.302977221577135,5.296357702514354,5.2604990453420735,4.700149571505397,50.0,0.3240832281771056,0.009645592433324524,0.01029257716045913,-0.0006469847271346058,0.892177870393529,0.014999866485595703,0.037428583417619975,3.660716698651264,3.8055584787133605,5.328542809736278,5.272657246339771,0.01054325229236206,0.0,,,0,0.2716679075248863,0.7407242474120814,8.87689936304014,-0.4681665665368194,72.56494119730718,0.0941641147796442,2.307699361496682,1.0
2023-09-21,5.304999828338623,5.309999942779541,5.295000076293945,5.304999828338623,0,5.305599975585937,5.301900005340576,5.301100015640259,5.2774200344085695,5.20018000125885,4.887145009040832,5.303381742929433,5.297180762116666,5.262244174087036,4.706167982021151,52.48226230816576,0.7850060967136655,0.009233831992824015,0.010080828126932107,-0.0008469961341080919,0.511556480359876,0.021999835968017578,0.037428583417619975,3.7338862628630185,3.72752266701989,5.328978679483585,5.273221351796932,0.010518067480739367,0.0,,,0,0.0735661030136826,0.5225999399372105,8.550080231398747,-0.6554367649653641,72.24025843336076,-0.18815105878033936,0.2832835933799334,1.0
2023-09-22,5.304999828338623,5.313000202178955,5.297999858856201,5.304999828338623,0,5.306999969482422,5.303099966049194,5.301200008392334,5.279060029983521,5.204580001831054,4.892880008220673,5.303705360011271,5.297925435090185,5.263920866410628,4.712126507855156,66.6665234724036,1.0,0.008805998804479742,0.009825862262441634,-0.0010198634579618917,0.09433278158177405,0.01199960708618164,0.032928603036063056,3.6962518918386507,3.6968483768488083,5.329121677935988,5.273278338848679,0.01053409397851489,0.0,,,0,0.07167848676288237,0.4913715359888256,8.422847472767273,-0.6554367649653641,72.24025843336076,0.0,0.28313219559036323,1.0
2023-09-25,5.313000202178955,5.315000057220459,5.302999973297119,5.313000202178955,0,5.30959997177124,5.305099964141846,5.301100015640259,5.281020030975342,5.207310004234314,4.898345010280609,5.305564328444809,5.299361127193878,5.265845546244681,4.718105350584746,66.05509403257346,0.9753679147851528,0.009008655059512094,0.009662420821855727,-0.0006537657623436333,0.5678631431321968,0.019999980926513672,0.031142915998186384,3.644975470807089,3.7018554497748775,5.328827245265314,5.273372786015203,0.01046093435070065,0.0,,,0,0.22448522954832428,0.605568072380642,8.465210005176662,-0.5056170344087113,72.50001083720841,0.15080818283150677,0.2262885910572396,1.0
2023-09-26,5.322999954223633,5.324999809265137,5.313000202178955,5.324999809265137,0,5.312599945068359,5.307099962234497,5.301200008392334,5.28286003112793,5.209610004425048,4.904055008888244,5.309451424608874,5.30180290643876,5.268165321265091,4.724144101417386,62.626072883854,0.8372261511791401,0.010022002205691827,0.009734337098622948,0.00028766510706887925,0.6045642674302298,0.019999980926513672,0.02414287839617048,3.696059134963608,3.5876861314756683,5.329272056119489,5.273127960665178,0.010590827617412871,0.0,,,0,0.44895119661822996,0.7976697828242415,8.583606823617606,-0.2809052976428172,71.88507824485141,0.18821290540468377,0.22585369150297396,1.0
2023-09-27,5.324999809265137,5.333000183105469,5.309999942779541,5.329999923706055,0,5.3155999183654785,5.30959997177124,5.301699995994568,5.284500026702881,5.212360005378724,4.909955008029938,5.31356112442831,5.304488336654693,5.270590207635324,4.730172517559562,77.01148795299585,1.0,0.011100593831682382,0.010007588445234835,0.001093005386447547,0.6990308125258027,0.02500009536743164,0.024571452822004045,3.7031187022408285,3.561613214921707,5.331485823013354,5.271914168975782,0.011236330626512052,0.0,,,0,0.5337896850607805,0.8610066566990234,8.554964658314764,-0.18727019842854478,69.74521482917955,0.0,0.4331495399958171,1.0
2023-09-28,5.333000183105469,5.333000183105469,5.308000087738037,5.308000087738037,0,5.3161999702453615,5.310899972915649,5.301349997520447,5.28576003074646,5.214640007019043,4.915630009174347,5.312448917090256,5.304822789138821,5.272057261756999,4.73592204562104,57.57572838447719,0.4473365944608936,0.010064169087284469,0.010018904573644762,4.526451363970688e-05,0.0565553156738563,0.013000011444091797,0.025071450642177036,3.984550932429285,3.2061534320097165,5.330638141814477,5.2720618532264165,0.011049315479162457,0.0,,,0,0.1254414483235538,0.420754193573106,7.98209136634339,-0.5992521336229837,69.04458313386026,0.056290045822888546,0.47098897803683415,1.0
2023-09-29,5.295000076293945,5.304999828338623,5.288000106811523,5.300000190734863,0,5.3152000427246096,5.311100006103516,5.30145001411438,5.286900033950806,5.2168100070953365,4.921290009021759,5.3099591718191785,5.304363494052729,5.273153062893386,4.7415347634828695,53.27103220228705,0.3249308791878005,0.008499295591136047,0.009714982777143019,-0.001215687186006972,-0.09424387870952122,0.0020003318786621094,0.025642871856689453,3.8506736896208165,3.1451543829692494,5.330703629688672,5.272196398540088,0.01103608088217677,0.0,,,0,-0.0273476761198662,0.24778521817950644,7.69534372123668,-0.7490629346450939,68.789809352462,-0.2449135499097486,0.32147732949555174,0.0
2023-10-02,5.309999942779541,5.320000171661377,5.309999942779541,5.315000057220459,0,5.31560001373291,5.312599992752075,5.303800010681153,5.288240032196045,5.218730006217957,4.926625008583069,5.3109673488994344,5.305376500068703,5.274794121494448,4.747240885808617,54.54557276991235,0.36117293744738554,0.008372967579146184,0.009446579737543653,-0.0010736121583974686,0.37771445964760453,0.014999866485595703,0.026000022888183594,3.329859057417692,3.1876106076541157,5.3290114766739105,5.278588544688395,0.00950694443304244,0.0,,,0,0.2111702273228793,0.5060289408478565,7.883186724395924,-0.4681665665368194,69.26751209082077,0.18867456009074662,0.1883282295592884,1.0
2023-10-03,5.335000038146973,5.340000152587891,5.333000183105469,5.340000152587891,0,5.318600082397461,5.31560001373291,5.3069000244140625,5.290040035247802,5.221480007171631,4.93222501039505,5.316773909637126,5.308673990784816,5.277351220753014,4.753138987965626,62.96310686470162,0.600528803250697,0.010172883808988509,0.009591840551832626,0.0005810432571558832,0.7927575471992743,0.03000020980834961,0.024428606033325195,3.626346440208704,3.287172833684108,5.3339352346108875,5.2798648142172375,0.010188701529122908,0.0,,,0,0.6237187062419313,0.9444185111492833,8.267569734418496,0.0,70.06369344534956,0.3762931460244028,0.13125762689071785,1.0
2023-10-04,5.329999923706055,5.335000038146973,5.199999809265137,5.335000038146973,0,5.3196001052856445,5.3176000118255615,5.308650016784668,5.2914400386810305,5.224680008888245,4.937835011482239,5.320419135339096,5.311181233390736,5.279611958690032,4.758928650156485,65.38458716942375,0.6693845403746156,0.01106827475948613,0.009887127393363327,0.0011811473661228027,0.6603744557083902,0.019999980926513672,0.0330000604901995,3.4042717731935435,3.2341654623864824,5.338217213776863,5.279082819792473,0.01113925269087651,0.0,,,0,0.49636011564130783,0.8232163484328191,8.043302899776572,-0.09363509921427239,65.01701119859354,-0.18727019842854478,2.596158342954135,1.0
2023-10-05,5.328000068664551,5.333000183105469,5.322999954223633,5.324999809265137,0,5.323000049591064,5.319600009918213,5.3107500076293945,5.292580032348633,5.227650008201599,4.943645009994507,5.321335270124305,5.3124972882359165,5.28139187439886,4.764561199003338,59.853956165966494,0.5121188902015301,0.010845918644550423,0.010078885643600747,0.0007670330009496764,0.2824833643546798,0.019999980926513672,0.03314294133867536,3.2493766645600366,3.2142899367271154,5.33856039431509,5.282939620943699,0.01047324262891054,0.0,,,0,0.26831994756429883,0.6125514724076259,7.714040925261618,-0.2809052976428172,64.70769388470733,-0.13120842422436424,0.18786828795482274,1.0
2023-10-06,5.333000183105469,5.3480000495910645,5.329999923706055,5.3480000495910645,0,5.332600021362305,5.323900032043457,5.313499999046326,5.294180030822754,5.23113000869751,4.949570009708404,5.326668226017657,5.315878503603074,5.284003959700516,4.770366560700728,65.18978364332688,0.6109995351367328,0.012382884806774186,0.010539685476235435,0.0018431993305387511,0.6208841395170861,0.043000221252441406,0.03428581782749721,3.500719973912218,3.298629289154424,5.3446025299638,5.282397468128852,0.011706984444549352,0.0,,,0,0.6492904968651682,1.0165883754418985,8.049790973784669,0.0,65.41911485720881,0.15024176764122932,0.33771343607250787,1.0
2023-10-09,5.3480000495910645,5.3480000495910645,5.3480000495910645,5.3480000495910645,0,5.339200019836426,5.327400016784668,5.316249990463257,5.296040029525757,5.23403000831604,4.955160009860992,5.330934590732339,5.318937698459073,5.28651361028446,4.776114157605109,62.837811714672334,0.47527228922050146,0.013445945078524701,0.011120937396693288,0.002325007681831413,0.8105602760388297,0.034999847412109375,0.033357245581490655,3.500719973912218,3.275257633294398,5.34938054189757,5.283119439028944,0.012463880176344458,0.0,,,0,0.597226601171187,0.981110787977951,7.927898169752395,0.0,65.41911485720881,0.0,0.0,1.0
2023-10-10,5.320000171661377,5.328000068664551,5.317999839782715,5.322999954223633,0,5.335799980163574,5.327200031280517,5.317149996757507,5.29754002571106,5.236380009651184,4.96075001001358,5.329347663430598,5.319324579960459,5.287944447301682,4.7815558073227065,52.38091183374347,0.0,0.012131287312510786,0.011323007379856788,0.0008082799326539977,0.33930492869869155,-0.0019998550415039062,0.02692866325378418,3.888369849393626,3.3767521217824163,5.349970255162678,5.284329738352336,0.012345056440079926,0.0,,,0,0.11002054615147018,0.48059907785511874,7.302322098046238,-0.4674662516007882,62.138287133530376,-0.5235579220278526,0.18804492634667946,1.0
2023-10-11,5.340000152587891,5.3480000495910645,5.199999809265137,5.335000038146973,0,5.335799980163574,5.32770004272461,5.318650007247925,5.299040021896363,5.238480010032654,4.966385009288788,5.3304781383738735,5.320817480740127,5.289789764589733,4.787062715092102,58.82356241076863,0.2615712497276624,0.011920308152824077,0.011442467534450246,0.0004778406183738315,0.4140755718208933,0.005000114440917969,0.0360715389251709,3.9569148446567537,3.359113876043149,5.351871912589645,5.285428101906205,0.012492608198113144,0.0,,,0,0.30740941548639317,0.6786137885733684,7.42220001406963,-0.24308173753823814,62.50380903274534,0.31937250630199027,2.8461585722027767,1.0
2023-10-12,5.328000068664551,5.340000152587891,5.324999809265137,5.335000038146973,0,5.337800025939941,5.330400037765503,5.3206500053405765,5.300540018081665,5.240980010032654,4.972095010280609,5.331382518328494,5.322168200493159,5.291562716493938,4.792514827759314,58.82356241076863,0.2615712497276624,0.011619167122836949,0.011477807452127588,0.0001413596707093602,0.18779773220716223,0.026999950408935547,0.0360715389251709,3.8756043610984885,3.3550050676068888,5.3526715627270045,5.2886284479541485,0.012036708805986673,0.0,,,0,0.2697045058778975,0.6501228166895215,7.298835342365726,-0.24308173753823814,53.52518516719421,-0.13120842422436424,0.2816965983107517,1.0
2023-10-13,5.333000183105469,5.333000183105469,5.320000171661377,5.328000068664551,0,5.333800029754639,5.3332000255584715,5.322150015830994,5.301940021514892,5.243310012817383,4.977760009765625,5.330706028395706,5.3227236165094824,5.292991632265334,4.797843039111605,54.43782641449809,0.08351061586199943,0.010692416133533555,0.011320729188408781,-0.000628313054875226,-0.03752073302307757,0.0279998779296875,0.036285809108189175,3.9205311460466734,3.368296731736213,5.3524695399161875,5.291830491745801,0.01139371268942309,0.0,,,0,0.1099189766570936,0.4915190862949938,7.036097726925508,-0.3739712180452013,52.88379423374558,-0.037485567520230495,0.2443611094853036,1.0
2023-10-16,5.329999923706055,5.333000183105469,5.324999809265137,5.328000068664551,0,5.329800033569336,5.334500026702881,5.323550009727478,5.303440027236938,5.245060014724731,4.982710011005402,5.330164836449475,5.323226135762345,5.294364512124127,4.803118233435515,50.95549332733999,0.0,0.009844478279993574,0.011025479006725741,-0.0011810007267321673,0.3767893857559601,0.013000011444091797,0.036000149590628486,3.921605586062518,3.365678576536144,5.352097137988389,5.2950028814665675,0.010724846468521202,0.0,,,0,0.08359194388971664,0.4630964298922831,6.929764262750601,-0.3739712180452013,48.82682073213419,0.037534816361313686,0.15024176764122932,1.0
2023-10-17,5.335000038146973,5.340000152587891,5.333000183105469,5.340000152587891,0,5.333200073242187,5.334500026702881,5.325050020217896,5.30504002571106,5.246610016822815,4.987935011386871,5.332131899677158,5.324823661174302,5.296154145083491,4.808460342083798,53.04884076596091,0.14507823301526293,0.010025223371190606,0.010825427879618715,-0.0008002045084281092,0.7547162342173674,0.0,0.03521442413330078,3.943685075282711,3.3904325343231583,5.353751607495281,5.296348432940511,0.01077983762346344,0.0,,,0,0.2807510223046321,0.6589983620744657,7.058334569261547,-0.14958670398265125,48.539641448966854,0.13138080691084522,0.13125762689071785,1.0
2023-10-18,5.3379998207092285,5.340000152587891,5.324999809265137,5.329999923706055,0,5.332200050354004,5.334000015258789,5.3258000135421755,5.306140022277832,5.24828001499176,4.993285009860992,5.331705504482938,5.325316638558278,5.297481430519669,4.813649790657154,57.236745103821264,0.435318520014156,0.009254846157239704,0.010511311535142913,-0.0012564653779032087,0.2822176166342283,-0.005000114440917969,0.03450015613010952,4.0073671999471125,3.3757861452087408,5.354177952607991,5.29742207447636,0.010656779824123028,0.0,,,0,0.07885970470539444,0.44966588382603506,6.743354588814794,-0.336576771093825,41.94406820942637,-0.03745939740643455,0.2816965983107517,1.0
2023-10-19,5.328000068664551,5.328000068664551,5.304999828338623,5.309999942779541,0,5.327200031280517,5.332500028610229,5.326050019264221,5.306740016937256,5.250230016708374,4.998560009002685,5.327364392142258,5.32385790562697,5.297972352569076,4.818588598140958,53.048686525070146,0.14506754343957276,0.006950365859780483,0.009799122400070429,-0.0028487565402899456,-0.5618016657510938,-0.014999866485595703,0.03485730716160366,4.1844781628612004,3.471023718130288,5.35373605886274,5.298363979665702,0.01039646248096783,0.0,,,0,-0.30135046472765,0.061429914257733816,6.2305930751243395,-0.7105479891390263,39.26042468520837,-0.037520733023076056,0.43355779585634335,0.0
2023-10-20,5.297999858856201,5.300000190734863,5.293000221252441,5.300000190734863,0,5.32160005569458,5.32770004272461,5.325800037384033,5.3073800182342525,5.251800017356873,5.003060009479523,5.32189155186078,5.321585742303912,5.298051875634401,4.823378763241395,45.28308676889119,0.0,0.0042679538868704014,0.008692888697430423,-0.004424934810560022,-0.6560421211218248,-0.04799985885620117,0.034643002918788364,4.2404128717527145,3.495503854525867,5.354362758600727,5.2972373161673385,0.01072617109775079,0.0,,,0,-0.4844313806014041,-0.13904840946069094,5.935171289025413,-0.8975291400730538,37.841356340653704,-0.2259902834774486,0.13224955960356122,0.0
2023-10-23,5.297999858856201,5.302999973297119,5.289999961853027,5.293000221252441,0,5.314600086212158,5.322200059890747,5.324800038337708,5.307940025329589,5.252250018119812,5.007035009860992,5.316113285739112,5.318863311727582,5.29785377154099,4.828051613569864,33.33344606019615,0.0,0.0015593092897034921,0.007266172815885038,-0.005706863526181546,-0.6009312518099663,-0.05499982833862305,0.033785854067121236,4.221746653883942,3.4672117407523766,5.356479951119428,5.293120125555988,0.011899005616597694,0.0,,,0,-0.5972020893989046,-0.28146143335936324,5.711268461839422,-1.028418620580017,37.65930251931857,-0.03774210955990091,0.2457469099780114,0.0
2023-10-24,5.309999942779541,5.315000057220459,5.304999828338623,5.308000087738037,0,5.308200073242188,5.320700073242188,5.3239500522613525,5.308700027465821,5.253300018310547,5.011110010147095,5.314490646138897,5.317828718966672,5.298251666293816,4.832827220278006,41.059648657439425,0.24253266958517614,0.0006159524812057171,0.005936128748949174,-0.005320176267743457,-0.7479424360903986,-0.014999866485595703,0.02535724639892578,4.27045636673318,3.497524821729079,5.356507464081252,5.291392640441453,0.012230547432003384,0.0,,,0,-0.29958892113461255,-0.013184766970487868,5.9246369963892915,-0.7479424360904026,37.512959378105506,0.32117364096911183,0.18850573431531528,0.0
2023-10-25,5.308000087738037,5.315000057220459,5.199999809265137,5.315000057220459,0,5.305200099945068,5.318700075149536,5.323200058937073,5.309400024414063,5.254300017356872,5.015270011425018,5.31459252835521,5.31755932260989,5.298908465937998,4.837624959949076,46.62171087605798,0.4171309643233605,0.0004282379890279131,0.004834550596964922,-0.004406312607937009,-0.6170529555834414,-0.019999980926513672,0.032714400972638814,4.28549394598105,3.478365112872358,5.355861578942167,5.290538538931979,0.012271385498750518,0.0,,,0,-0.1540427116363406,0.10547392889301281,5.976349132003693,-0.6170529555834394,36.87870713884067,0.0,2.2115433110289686,0.0
2023-10-26,5.313000202178955,5.313000202178955,5.297999858856201,5.300000190734863,0,5.303200149536133,5.315200090408325,5.322800064086914,5.309700031280517,5.255870018005371,5.0189450120925905,5.311674060831141,5.315887024336078,5.29895127867513,4.842225708514109,32.85717691697235,0.0,-0.0009202825206626741,0.0036835839734394027,-0.004603866494102077,-0.4320827294112539,-0.034999847412109375,0.032285826546805244,4.146497014899574,3.5321864522648094,5.356427044374522,5.289173083799307,0.012635071722678323,0.0,,,0,-0.4283435988115079,-0.18268151663013255,5.5998855927909466,-0.8975291400730538,36.49241131387368,-0.03762662314155747,0.28313219559036323,0.0
2023-10-27,5.300000190734863,5.308000087738037,5.300000190734863,5.304999828338623,0,5.304200077056885,5.312900066375732,5.323050045967102,5.310240030288696,5.257340016365052,5.022695012092591,5.310339214332638,5.314850148526796,5.29918847670115,4.846830426124303,35.172286787290446,0.08915795657702175,-0.001567496643673394,0.0026333678500168435,-0.0042008644936902375,-0.5623282023212495,-0.023000240325927734,0.03285724776131766,4.125387009106653,3.534489352488345,5.356031507792025,5.29006858414218,0.012391941289340456,0.0,,,0,-0.33909539592164323,-0.0986810750584537,5.620584478379797,-0.8040430226946131,36.621168402114094,0.0,0.15094144745803517,0.0
2023-10-30,5.304999828338623,5.313000202178955,5.302999973297119,5.313000202178955,0,5.308200073242188,5.311400079727173,5.322950053215027,5.310940036773681,5.258940019607544,5.026885013580323,5.310871411901902,5.314673963160335,5.299730112994397,4.851468931358678,46.09384022202768,0.5097614879135853,-0.001418503565965068,0.0018229935668204612,-0.0032414971327855294,-0.41236805643320995,-0.014999866485595703,0.031428677695138116,4.033064432466249,3.5377249879888906,5.356046203364339,5.289853903065715,0.012435266090585333,0.0,,,0,-0.18692362198781023,0.038790974686379084,5.691699488364687,-0.6544474025348157,34.74512038565882,0.0,0.1885768231603127,0.0
2023-10-31,5.317999839782715,5.322999954223633,5.317999839782715,5.320000171661377,0,5.310600090026855,5.3094000816345215,5.321950054168701,5.311740036010742,5.261140022277832,5.031045014858246,5.312697163853797,5.315181221112814,5.300525017255848,4.85613093374975,43.90247684619828,0.4253691732283958,-0.0007272036909169444,0.00131295411527298,-0.0020401578061899246,-0.15014821509150567,-0.019999980926513672,0.021571499960763112,3.6718406864890243,3.53751778758393,5.354071314337842,5.289828793999559,0.012071236987269626,0.0,,,0,-0.036638496932088156,0.15550715198099643,5.743442087076467,-0.5235579220278526,34.751778960127815,0.09410196524572549,0.09402246317333973,0.0
2023-11-01,5.317999839782715,5.322999954223633,5.257999897003174,5.300000190734863,0,5.307600116729736,5.306400108337402,5.320200061798095,5.311840038299561,5.263190026283264,5.035080015659332,5.3101577692300115,5.313735408695866,5.300504435823652,4.86054754327199,37.76226108065571,0.20119651529879495,-0.0017727398320595,0.0006958153258064841,-0.002468555157865984,-0.5255232276433763,-0.029999732971191406,0.025142908096313477,3.879903603648964,3.584588349322989,5.353131179357219,5.2872689442389715,0.012379653838804669,0.0,,,0,-0.37968254630644493,-0.22289540873463298,5.261488879056877,-0.8975291400730538,34.245193824403145,-0.03760022206986937,1.2362125997283897,0.0
2023-11-02,5.289999961853027,5.289999961853027,5.263000011444092,5.269999980926514,0,5.301600074768066,5.3024001121521,5.317450070381165,5.311340036392212,5.264940028190613,5.0387800145149235,5.302126211569313,5.309570129860689,5.299308182690431,4.8646216968804925,32.53008241245293,0.0,-0.004964869046075293,-0.0004363215485698714,-0.004528547497505421,-1.3108646003961888,-0.039999961853027344,0.02671435901096889,4.2933632884350725,3.7683653876028704,5.35717793248651,5.2777222082758195,0.014942448571970374,0.0,,,0,-0.8923466854715558,-0.7783356964992837,4.588808516060001,-1.4584904252294288,33.48531008184497,-0.1886835570179361,0.5130144470877009,0.0
2023-11-03,5.263000011444092,5.263000011444092,5.230000019073486,5.252999782562256,0,5.291200065612793,5.297700071334839,5.3127000570297245,5.310340032577515,5.26647002696991,5.042420012950897,5.2923009257679015,5.3041824777370294,5.297492166999129,4.86848615544449,29.50812837596638,0.0,-0.008765386458807534,-0.002102134530617404,-0.006663251928190129,-1.4446555768477198,-0.04700040817260742,0.029000043869018555,3.992279671278135,3.7976471522815745,5.359189954548887,5.266210159510562,0.017501420001171438,0.0,,,0,-1.1237275552282247,-1.0797849038572298,4.176164799253293,-1.7763699728475655,33.054707281404944,-0.13282674587773372,0.6309749952247905,0.0
2023-11-06,5.257999897003174,5.264999866485596,5.257999897003174,5.260000228881836,0,5.280600070953369,5.294400072097778,5.3083000659942625,5.309240036010742,5.268270030021667,5.046030013561249,5.285840786390689,5.299974644512726,5.296021894916099,4.872381817866752,27.52816814628683,0.0,-0.01108466921014184,-0.0038986414665222913,-0.007186027743619549,-0.9416142078437106,-0.03299999237060547,0.029000043869018555,4.059354726595303,3.8064631798496236,5.357311792203655,5.25928833978487,0.01846607222653765,0.0,,,0,-0.9098927436646304,-0.9274360698504749,4.240367471963903,-1.6454715761634562,33.232023552953805,0.09518588707192108,0.13312989006354958,0.0
2023-11-07,5.275000095367432,5.2779998779296875,5.2729997634887695,5.2729997634887695,0,5.2711999893188475,5.290900039672851,5.305800056457519,5.308240032196045,5.270450029373169,5.049720013141632,5.283272581810305,5.29740560822473,5.295119066232675,4.876368066081897,34.254078148710164,0.26354911379915275,-0.01173845015254038,-0.00546660320372591,-0.006271846948814471,-0.5094420051775517,-0.03500032424926758,0.029214279992239817,3.950872805396518,3.83553386968917,5.356718428476315,5.254881684438724,0.01919347562176771,0.0,,,0,-0.6181969282621093,-0.6638785829866847,4.421626342966802,-1.4023987548023646,33.561292417129614,0.2851685519562107,0.09482485615758397,0.0
2023-11-08,5.275000095367432,5.2779998779296875,5.26800012588501,5.26800012588501,0,5.264799976348877,5.286200046539307,5.302450060844421,5.307200031280518,5.272480030059814,5.053195013999939,5.2802180906252465,5.294605086097137,5.294055578375904,4.880264902497848,37.3494079729753,0.5143749363691912,-0.012515731666657537,-0.006876428896312236,-0.005639302770345301,-0.4723237166522565,-0.04699993133544922,0.028142826897757395,3.81937942755597,3.8200516121681924,5.354090476068455,5.250809645620388,0.019477944961846537,0.0,,,0,-0.6496984330659671,-0.7386174473256053,4.250877143865434,-1.4958848721808051,33.4346551916552,0.0379353682606394,0.1898206493113514,0.0
2023-11-09,5.26800012588501,5.26800012588501,5.255000114440918,5.263000011444092,0,5.263399982452393,5.2825000286102295,5.298850059509277,5.30616003036499,5.274360032081604,5.0567850136756896,5.276774474789017,5.291595078987323,5.292837713006029,4.884073212039603,38.50924502652225,0.5751199259168095,-0.013380953017258612,-0.008177333720501511,-0.005203619296757101,-0.8477783637927838,-0.037000179290771484,0.027857133320399692,3.8134112819167023,3.8189458991456946,5.350972555883742,5.2467275631348125,0.019673135034619905,0.0,,,0,-0.676562794994535,-0.8133945956004127,4.077986254323834,-1.589379905736392,33.30800588823845,0.0,0.24738365672661594,0.0
2023-11-10,5.257999897003174,5.257999897003174,5.244999885559082,5.25,0,5.262800025939941,5.277000045776367,5.29495005607605,5.305200033187866,5.275510029792786,5.060320012569427,5.271419579831213,5.287633642893293,5.291157802692068,4.887714274606373,37.125668143816526,0.5026568475720864,-0.014943381449682214,-0.009530543266337652,-0.005412838183344561,-1.2229549674633744,-0.05499982833862305,0.028214284351893833,3.860917916486813,3.8422398568383676,5.349504691614872,5.240395420537228,0.020606288996520217,0.0,,,0,-0.8489231361959427,-1.0404891963083345,3.7483792914168075,-1.8324616432746303,32.978724946120295,-0.09500502432159427,0.24785532369379798,0.0
2023-11-13,5.248000144958496,5.260000228881836,5.248000144958496,5.260000228881836,0,5.262800025939941,5.271700048446656,5.291550064086914,5.305040035247803,5.2767600297927855,5.0638800144195555,5.269135709641338,5.2850018891779165,5.2899359370524515,4.89141861245986,35.18524514406647,0.40102966254871736,-0.015199472288505156,-0.010664329070771153,-0.004535143217734003,-0.7547162342173674,-0.05299997329711914,0.027500016348702565,3.966763609429168,3.863847392561279,5.345907511467929,5.2371926167059,0.020544999753449037,0.0,,,0,-0.5962304962245987,-0.8490003103975274,3.872923803562131,-1.6454715761634562,29.876542744740487,-0.03809247698102679,0.22866012941839864,0.0
2023-11-14,5.28000020980835,5.28000020980835,5.248000144958496,5.252999782562256,0,5.258800029754639,5.2650000095367435,5.2872000455856325,5.304540033340454,5.277910027503967,5.067470014095306,5.265908524225522,5.281954069500234,5.2884874604057766,4.8950164350479435,30.864190263142405,0.17968765705038192,-0.015785340061924558,-0.011688531269001835,-0.004096808792922723,-0.980208246164116,-0.0670003890991211,0.021571431841169084,3.8215099391845713,3.8715029043206393,5.339101241836118,5.235298849335147,0.019632771903086325,0.0,,,0,-0.6468501802183746,-0.971625257878234,3.6611912443663868,-1.7763699728475655,29.7036922264715,0.38022775772322054,0.6097573164245137,0.0
2023-11-15,5.25,5.257999897003174,5.224999904632568,5.255000114440918,0,5.2562000274658205,5.2605000019073485,5.283450055122375,5.3036400318145756,5.278910026550293,5.070895013809204,5.263726842268602,5.279387026161251,5.287174231152253,4.898598362206083,34.89941691895109,0.3970364629188957,-0.0159048927252865,-0.01253180356025877,-0.003373089165027732,-1.0916635710695122,-0.04500007629394531,0.02271427427019392,3.822924276662803,3.8247574022400337,5.333120537190559,5.233779573054192,0.018802290756975086,0.0,,,0,-0.5384727854836963,-0.9171044241668874,3.630623393510496,-1.738966609719043,29.753083134729685,-0.05710608578766503,0.6315788128789658,0.0
2023-11-16,5.248000144958496,5.248000144958496,5.230000019073486,5.243000030517578,0,5.252200031280518,5.257800006866455,5.2801000595092775,5.302840032577515,5.279540028572082,5.074510014057159,5.259581479918397,5.275921598004711,5.285441909558736,4.902025244477839,30.128469643201015,0.14005964805938334,-0.01677457865513521,-0.013380358579234058,-0.00339422007590115,-1.4473710274289786,-0.026999950408935547,0.02392857415335519,3.700806858443072,3.8501432401014197,5.33124660498293,5.228953514035625,0.019373324329920227,0.0,,,0,-0.702638748765443,-1.128451955788124,3.3203208978537098,-1.9633511237815933,29.456784780206334,-0.13320588639352685,0.344170665762226,0.0
2023-11-17,5.232999801635742,5.23799991607666,5.230000019073486,5.232999801635742,0,5.248799991607666,5.255800008773804,5.2767500400543215,5.301640024185181,5.280170025825501,5.078125011920929,5.254265144261867,5.271833807874333,5.283385356306854,4.90531852365354,24.683645538142102,0.0,-0.018062532286984734,-0.014316793320784194,-0.00374573896620054,-1.2641582393949191,-0.019999980926513672,0.024142844336373464,3.701900934082494,3.85039958304364,5.331085876349394,5.222414203759249,0.020594432513431304,0.0,,,0,-0.829113338446649,-1.2946979092566386,3.0498420056860267,-2.150341190892767,28.16555392989478,-0.1907348621710524,0.1529617012236845,0.0
2023-11-20,5.232999801635742,5.239999771118164,5.232999801635742,5.23799991607666,0,5.244399929046631,5.253599977493286,5.274000024795532,5.300540018081665,5.2808000230789185,5.081700012683869,5.251012098624826,5.268611532465031,5.281605535121357,4.908628786264716,23.718130939390335,0.0,-0.01846690241594473,-0.015146815139816302,-0.0033200872761284285,-0.6072118589311226,-0.02200031280517578,0.02392857415335519,3.734054235913864,3.823664320886517,5.330400979983024,5.21759906960804,0.021388302966372622,0.0,,,0,-0.6825959148581423,-1.1798817062348828,3.075740460921907,-2.05684615733718,28.288015703509373,0.0,0.13376590383653006,0.0
2023-11-21,5.263000011444092,5.263000011444092,5.252999782562256,5.255000114440918,0,5.244799995422364,5.251800012588501,5.271350026130676,5.299540023803711,5.281820025444031,5.08531001329422,5.251809701788045,5.267315206938925,5.280562185290752,4.912075267142091,35.29426430806437,0.7826410708808694,-0.017217126409110328,-0.015560877393675107,-0.001656249015435221,0.038079801284252035,-0.017999649047851562,0.021071434020996094,3.7854077381169935,3.873780234439091,5.325977210897207,5.216722841364145,0.020726069980455796,0.0,,,0,-0.3101655478901979,-0.8404485891744461,3.336868366001043,-1.738966609719043,28.704381062359975,0.4772832334475691,0.19037177414384215,0.0
2023-11-22,5.260000228881836,5.269999980926514,5.099999904632568,5.264999866485596,0,5.246799945831299,5.251499986648559,5.268850016593933,5.2987400245666505,5.2830200242996215,5.088785011768341,5.254447734727555,5.267094698324322,5.279951898278785,4.915586954697749,48.120276491087175,1.0,-0.015244049586412345,-0.015497511832222557,0.0002534622458102119,0.09505014042219262,-0.0030002593994140625,0.03057142666407994,3.828011463643856,3.897147869695668,5.3194976384706765,5.218202394717189,0.019225304086178896,0.0,,,0,-0.07307382248899483,-0.6367581335303232,3.4628080044596112,-1.5519854587850157,28.258217832455106,0.09514965427265139,3.3333348916247294,0.0
2023-11-24,5.257999897003174,5.257999897003174,5.25,5.252999782562256,0,5.248799896240234,5.250499963760376,5.266499996185303,5.297900018692016,5.283620023727417,5.092125010490418,5.254158144294496,5.265752325394601,5.2788949525644115,4.918944296268539,50.0,1.0,-0.014481741966088535,-0.015294357858995753,0.0008126158929072178,-0.37929038163432294,-0.010000228881835938,0.02878570556640625,3.7882929196626725,3.918067693606226,5.315393128325626,5.2176068640449795,0.018567599800906897,0.0,,,0,-0.2563412823094184,-0.8475100694868464,3.1592855976712264,-1.7763699728475655,27.96588935821436,-0.13295289002722002,0.15237899053664436,0.0
2023-11-27,5.257999897003174,5.263000011444092,5.257999897003174,5.257999897003174,0,5.253799915313721,5.251299953460693,5.26414999961853,5.297100019454956,5.284070024490356,5.09535001039505,5.254926494836232,5.265013998881132,5.278075538620834,4.922317983838038,49.206223059835075,0.9697975460445997,-0.013320588781475351,-0.014899604043491674,0.0015790152620163232,-0.18982970088968765,0.007999897003173828,0.0286428587777274,3.7887083581416916,3.8741023460541673,5.309652161956568,5.218647837280492,0.017287562984084952,0.0,,,0,-0.11682992725894514,-0.7381420458019896,3.192123922327239,-1.6828749392919788,28.087694825149452,0.09518588707192108,0.09509536970070713,0.0
2023-11-28,5.269999980926514,5.269999980926514,5.255000114440918,5.260000228881836,0,5.258199977874756,5.251299953460693,5.261500000953674,5.296300020217895,5.284540028572082,5.09847501039505,5.255941241645353,5.264536496976437,5.277366702944795,4.925678006176782,44.34811092314326,0.7849510221733966,-0.012099481164674408,-0.014339579467728222,0.002240098303053814,-0.05699757848628417,0.0,0.028428588594709123,3.7324150518891446,3.6982163307620595,5.3007697848146655,5.222230217092683,0.014927219938752588,0.0,,,0,-0.02850464832398627,-0.6853801936727523,3.1681084668937216,-1.6454715761634562,28.136423981528687,0.22822525976425673,0.2854398888474914,0.0
2023-11-29,5.252999782562256,5.252999782562256,5.23799991607666,5.239999771118164,0,5.255199909210205,5.249999952316284,5.2574999809265135,5.294900016784668,5.284690027236938,5.101450009346008,5.252752947539916,5.262199665942316,5.275901333069241,4.928805585927442,39.23083976745466,0.5902437453093556,-0.012600365204855635,-0.013991736615153705,0.0013913714102980704,-0.19048055013021203,-0.013000011444091797,0.02928577150617327,3.843173975445198,3.7560029169696287,5.286681941277371,5.228318020575656,0.011101078633086443,0.0,,,0,-0.33286181401498405,-1.0368514134822548,2.7158898258010673,-2.019451710385804,27.64920211378833,-0.13308832728070477,0.2863662987003411,0.0
2023-11-30,5.23799991607666,5.244999885559082,5.230000019073486,5.23799991607666,0,5.249799919128418,5.248299932479858,5.254399967193604,5.293360013961792,5.2846400260925295,5.104340009689331,5.249802341247265,5.2598949278598734,5.274415002991101,4.93188214642644,40.15761630679237,0.6255067069046834,-0.013008734411101841,-0.013795136174343333,0.0007864017632414916,-0.41825687923691124,-0.017000198364257812,0.029428618294852122,3.6758650297277926,3.6487468570476698,5.277003275473231,5.231796658913977,0.008603573546267123,0.0,,,0,-0.31212034141555595,-1.0458404064547537,2.6185541349833477,-2.05684615733718,27.60048457341776,-0.038165174214829345,0.2868043294625644,0.0
2023-12-01,5.230000019073486,5.232999801635742,5.204999923706055,5.215000152587891,0,5.242199993133545,5.245499944686889,5.251649975776672,5.291560020446777,5.284490027427673,5.107200009822845,5.24284190351539,5.255619234976828,5.272085008857642,4.934699241015111,37.22651872167733,0.5139812450604165,-0.015015173077082444,-0.014039143554891156,-0.0009760295221912883,-0.7233891404394899,-0.0279998779296875,0.030500037329537526,3.4633855147803363,3.698475556261575,5.279120749705781,5.224179201847564,0.01046176879868913,0.0,,,0,-0.6978725421120922,-1.4468298113043507,2.1107484053436263,-2.486909045809446,27.04019801113023,-0.15272808574548183,0.5379419469760737,0.0
2023-12-04,5.2230000495910645,5.228000164031982,5.2230000495910645,5.2230000495910645,0,5.235200023651123,5.244499969482422,5.250149989128113,5.289920024871826,5.284490027427673,5.109990010261535,5.238873532730525,5.25251264589247,5.270160108494247,4.937567905777061,36.296398334269334,0.47859105324175216,-0.0157778876775021,-0.014386892379413345,-0.0013909952980887558,-0.6089450837863164,-0.009999752044677734,0.030571460723876953,3.3814807498707204,3.6904777684843277,5.280441740096319,5.219858238159907,0.011539384981737039,0.0,,,0,-0.5171269314832938,-1.2650470133030582,2.2115510813639543,-2.3373223418267948,27.23507978862117,0.1534016638370367,0.09573261331501334,0.0
2023-12-05,5.23799991607666,5.243000030517578,5.235000133514404,5.243000030517578,0,5.231799983978272,5.244999980926513,5.2492999792098995,5.288520021438599,5.28477002620697,5.112805011272431,5.239698832287936,5.251606682523432,5.269095007397123,4.94060703139637,46.621732644717305,0.8714601557639626,-0.014600211034945687,-0.014429556110519813,-0.00017065492442587364,0.0,0.005000114440917969,0.029714311872209822,3.644797759634047,3.7822690441075943,5.279381264481725,5.219218693938074,0.011461065433853692,0.0,,,0,-0.12001502518950463,-0.860732128014861,2.5464499224613593,-1.9633511237815933,27.722290040352853,0.2871887103805431,0.1528156026579367,0.0
2023-12-06,5.244999885559082,5.244999885559082,5.239999771118164,5.243000030517578,0,5.232400035858154,5.2437999725341795,5.24779999256134,5.286880025863647,5.284870028495789,5.115580010414123,5.240359071933865,5.250787001380018,5.268071674970474,4.943615916959765,45.89040648494706,0.8436338943179557,-0.013511145733398955,-0.014245874035095644,0.0007347283016966889,0.19109935526291366,-0.012000083923339844,0.027714320591517856,3.5114210822043987,3.7486374049509235,5.275827077457229,5.219772907665452,0.010681460778084614,0.0,,,0,-0.09146617726601747,-0.8299790260305941,2.4908225429776767,-1.9633511237815933,27.722290040352853,0.03814333453868938,0.09542203548323808,0.0
2023-12-07,5.239999771118164,5.239999771118164,5.228000164031982,5.232999801635742,0,5.231400012969971,5.240599966049194,5.246049976348877,5.284940023422241,5.284720025062561,5.118270008563996,5.238887217874241,5.249092982356753,5.26669630738872,4.946495358598333,46.52772258867785,0.867883162977694,-0.01330165532836336,-0.014057030293749188,0.0007553749653858282,-0.0954584673736103,-0.032000064849853516,0.027000018528529575,3.551809857483527,3.764759662268618,5.273120866510305,5.218979086187448,0.010320485044356727,0.0,,,0,-0.2487619212925801,-0.982796806705574,2.241573673912832,-2.150341190892767,27.478679106482673,-0.057224096546836814,0.2295257595578804,0.0
2023-12-08,5.230000019073486,5.235000133514404,5.208000183105469,5.232999801635742,0,5.234999942779541,5.238599967956543,5.244549965858459,5.283440017700196,5.2846000242233275,5.120985007286071,5.2377097346265415,5.247560298478562,5.265374875790564,4.949346149076318,50.0,1.0,-0.012985938853439905,-0.013842812005687332,0.0008568731522474275,-0.4186548492114861,-0.019999980926513672,0.02800001416887556,3.5459458458643622,3.7490721909302387,5.2709834372158655,5.218116494501053,0.010080358287931605,0.0,,,0,-0.22023175101595835,-0.954685127406999,2.1873681369950813,-2.150341190892767,27.478679106482673,-0.057324339307602896,0.5184322092868245,0.0
2023-12-11,5.235000133514404,5.235000133514404,5.2230000495910645,5.232999801635742,0,5.236999893188477,5.2360999584198,5.243699955940246,5.282100009918213,5.284500021934509,5.123635005950928,5.236767748028383,5.2461735844935315,5.264105265039395,4.952168573479895,48.06198111882425,0.8682134017791081,-0.012590594733731031,-0.013592368551296072,0.001001773817565041,-0.607788521582886,-0.02500009536743164,0.0283571652003697,3.4510079614654727,3.745946539485465,5.270486492315701,5.216913419564792,0.010216654881296163,0.0,,,0,-0.20405733345560148,-0.9295584746649049,2.1345157404419086,-2.150341190892767,27.01456182020322,0.038225338323858556,0.22975462013023326,0.0
2023-12-12,5.257999897003174,5.260000228881836,5.23799991607666,5.248000144958496,0,5.23799991607666,5.234899950027466,5.24309995174408,5.280760011672974,5.284500021934509,5.126550006866455,5.239014227414406,5.2463475426330515,5.263473691702889,4.95511217120605,47.24412405196366,0.7988940414892453,-0.010940761044579972,-0.013062047049952853,0.002121286005372881,-0.09517680964611364,-0.012000083923339844,0.028500046048845564,3.542739037740189,3.796742914122427,5.268867355261469,5.217332548226691,0.009829072020196004,0.0,,,0,0.09345984740928187,-0.6203627251013628,2.369042298024441,-1.8698560902260064,26.977988767040756,0.47773927603851735,0.4200136150757013,0.0
2023-12-13,5.248000144958496,5.25,5.192999839782715,5.2230000495910645,0,5.233999919891358,5.233199977874756,5.24159996509552,5.278420009613037,5.28423002243042,5.1291150069236755,5.2358113918497375,5.244123971867149,5.261886490051445,4.9577777222347565,35.2114520581065,0.0,-0.011517784866783565,-0.012753194613318995,0.0012354097465354305,-0.6656494503177512,-0.01699972152709961,0.020428623471941267,3.893207010810983,3.8874587257551934,5.268412396880429,5.214787533310611,0.010230628801685045,0.0,,,0,-0.35485187019830944,-1.0499346380364216,1.830433564867539,-2.3373223418267948,25.916112521620338,0.0,1.0976345460405437,0.0
2023-12-14,5.204999923706055,5.215000152587891,5.199999809265137,5.215000152587891,0,5.2303999900817875,5.230900001525879,5.239599967002869,5.276020011901855,5.283730025291443,5.131565008163452,5.231649143997368,5.241350274792934,5.260047810150914,4.96033714940245,36.23211441247508,0.06901707715854971,-0.012476780672276533,-0.012697911825110503,0.00022113115283397058,-0.8555147212134462,-0.02299976348876953,0.0210000787462507,3.908941596386257,3.887455286922171,5.268116968550774,5.211082965454964,0.01088518273436702,0.0,,,0,-0.4694979496507221,-1.1565509451502038,1.6259200515185355,-2.486909045809446,25.723250962813367,-0.3446319301953498,0.28846815140313925,0.0
2023-12-15,5.208000183105469,5.228000164031982,5.208000183105469,5.224999904632568,0,5.2288000106811525,5.231899976730347,5.238699960708618,5.274020013809204,5.283300023078919,5.13407500743866,5.230319296124408,5.239793096682423,5.258673382483528,4.962970609653497,38.46158976171581,0.21977395727961938,-0.012288244109798896,-0.012615978282048183,0.0003277341722492874,-0.2862570065035541,0.009999752044677734,0.021714346749441966,3.922000134768739,3.9000026313625735,5.2678933024326025,5.2095066189846335,0.01114526197069534,0.0,,,0,-0.26151633380042777,-0.9294638444352468,1.771008352277079,-2.2999278948754185,25.9643250374239,-0.13422759880358223,0.38402419783687336,0.0
2023-12-18,5.21999979019165,5.230000019073486,5.2179999351501465,5.224999904632568,0,5.227200031280518,5.232099962234497,5.2382999658584595,5.271560010910034,5.282870020866394,5.136610007286071,5.229255417826041,5.2383842212491025,5.257352853940354,4.965577866319956,37.588561341093474,0.1607398706300986,-0.012000493308885751,-0.012492881287415698,0.0004923879785299467,-0.24818655311910076,0.0019998550415039062,0.02150007656642369,3.8680180585107014,3.9000026313625735,5.268036326766458,5.208563604950461,0.011353439513510229,0.0,,,0,-0.2539003362269553,-0.883232025834943,1.7207827189745666,-2.2999278948754185,25.9643250374239,-0.09569597190776573,0.22997478099804816,0.0
2023-12-19,5.243000030517578,5.243000030517578,5.235000133514404,5.23799991607666,0,5.22519998550415,5.231599950790406,5.2382999658584595,5.2693600082397465,5.2827000188827515,5.139160006046295,5.231004317476165,5.238347620756489,5.256593915200601,4.968288533481714,49.25378445508829,0.9495409861844645,-0.010601251816232171,-0.012114555393178992,0.0015133035769468207,0.44103092647764797,-0.005000114440917969,0.02121434892926897,3.9591803860649915,3.9239327712669962,5.268036326766458,5.208563604950461,0.011353439513510229,0.0,,,0,-0.00572799923171532,-0.5951404366763376,1.9232697544750148,-2.05684615733718,26.27772938133249,0.3445000232258486,0.1528156026579367,0.0
2023-12-20,5.239999771118164,5.243000030517578,5.099999904632568,5.230000019073486,0,5.226599979400635,5.230299949645996,5.237049961090088,5.267500009536743,5.282520017623901,5.141085007190704,5.23080345779563,5.237552611072394,5.255551017313263,4.970892627865712,47.14289120268664,0.8068026145271745,-0.010022336426898981,-0.011696111599922992,0.0016737751730240107,0.13402200681522647,-0.013000011444091797,0.03035722460065569,3.800208050974481,3.8978008855570865,5.265919675418896,5.20818024676128,0.01102518194147558,0.0,,,0,-0.13461666527875701,-0.7119124897078961,1.7294989629313422,-2.2064328613198314,25.933064599093953,0.038179745581245206,2.803924089392944,0.0
2023-12-21,5.21999979019165,5.21999979019165,5.204999923706055,5.210000038146973,0,5.225599956512451,5.227999973297119,5.234299969673157,5.2650000095367435,5.282020015716553,5.142720007896424,5.2266427738658985,5.234928556508067,5.253764704404781,4.9732718060774666,48.17514183286346,0.8766032896328503,-0.011049995652450129,-0.01156688841042842,0.0005168927579782909,-0.629410493582383,-0.02299976348876953,0.029785803386143277,3.915192474062968,3.955222067763918,5.262428206055923,5.2061717332903905,0.010747659303340538,0.0,,,0,-0.4642441523599116,-1.0446338326713545,1.3082576952904958,-2.5804040793650325,25.451485463183072,-0.19120896453854153,0.2881818771462253,0.0
2023-12-22,5.199999809265137,5.210000038146973,5.172999858856201,5.208000183105469,0,5.222200012207031,5.225500011444092,5.232049989700317,5.262460012435913,5.281500015258789,5.144520008563996,5.222914255713812,5.232363949517344,5.251970017295005,4.975607411819039,44.27486195386693,0.6128667893137294,-0.011888748488856571,-0.011631260426114051,-0.0002574880627425197,-0.6675538281210813,-0.024999618530273438,0.03150010108947754,3.8598135092770387,3.8769857854072027,5.261065181958226,5.203034797442409,0.011091328376077092,0.0,,,0,-0.45966316534039814,-1.0348739791228416,1.2339377519340708,-2.6177985263164087,25.403330994117667,-0.19194297137457783,0.7152557568202326,0.0
2023-12-26,5.210000038146973,5.2230000495910645,5.197999954223633,5.203000068664551,0,5.217800045013428,5.222500038146973,5.229299998283386,5.259960012435913,5.280950016975403,5.146520009040833,5.21893141830396,5.229567389436125,5.250049627152634,4.977870025319991,32.75866321371316,0.0,-0.012809276239289957,-0.011866863588749232,-0.0009424126505407256,-0.5732798415511886,-0.029999732971191406,0.03185725212097168,3.828585539839298,3.8714182915500848,5.258384947296371,5.200215049270401,0.011123840293168272,0.0,,,0,-0.5029340375856908,-1.082896897251961,1.097441757235961,-2.711293559871996,25.28293333970188,0.03839967302596015,0.48095605208918524,0.0
2023-12-27,5.230000019073486,5.235000133514404,5.099999904632568,5.235000133514404,0,5.217200088500976,5.221200037002563,5.228049993515015,5.258100013732911,5.280770020484924,5.149405009746552,5.222145161346049,5.230084793634057,5.249459450931527,4.9804285338592384,47.297336482171794,0.8432451293464779,-0.010831801055860346,-0.011659851082171456,0.0008280500263111099,0.038225338323849556,-0.013000011444091797,0.04114297458103725,4.49532025965552,4.04124106470096,5.253501391471042,5.202598595558987,0.00973647841455152,0.0,,,0,0.13293943263761346,-0.4393199094382928,1.6622332794923311,-2.1129378277642443,26.05346225350974,0.5189304257661792,2.6470633609072998,0.0
2023-12-28,5.2179999351501465,5.228000164031982,5.2179999351501465,5.2179999351501465,0,5.214800071716309,5.220700025558472,5.226950001716614,5.2556600093841555,5.280350017547607,5.152095010280609,5.221316116106869,5.228933854730827,5.248225744430297,4.9827924283994465,45.16133994136449,0.7193570244226066,-0.010515198989001107,-0.011430920663537385,0.0009157216745362788,-0.28663992077559985,-0.005000114440917969,0.041285855429513116,4.4406507744337755,3.9530321301340563,5.252126982532816,5.201773020900412,0.009633526552935518,0.0,,,0,-0.17122923623773173,-0.7165622237124482,1.2791869082000416,-2.4308173753823814,23.561446220097327,-0.3247411257054753,0.19164869693598766,0.0
2023-12-29,5.204999923706055,5.208000183105469,5.144999980926514,5.179999828338623,0,5.208800029754639,5.217199993133545,5.224049997329712,5.252660007476806,5.27940001487732,5.155205008983612,5.21305285855322,5.224273471264903,5.245550218309055,4.984754691085408,36.26945949484992,0.2128384647656022,-0.013178665161024838,-0.011780469563034876,-0.0013981955979899627,-1.2957377046797114,-0.03500032424926758,0.04457156998770578,5.106947624751726,4.199073639797297,5.2562498645681375,5.191850130091287,0.012327549412767655,0.0,,,0,-0.8432187481667559,-1.383302536900475,0.48096669893443994,-3.1413653645214077,22.661609460322644,-0.24913782302907836,1.2244937300779148,0.0
2024-01-02,5.183000087738037,5.215000152587891,5.183000087738037,5.2129998207092285,0,5.209799957275391,5.215999984741211,5.223949980735779,5.250720005035401,5.278730010986328,5.158620007038117,5.213042250984421,5.2231997902596,5.24427373212867,4.987025786902561,45.575231508343585,0.7769914574790941,-0.012482764164688298,-0.01192092848336556,-0.0005618356813227379,-0.19146522663002763,-0.012000083923339844,0.046214444296700616,5.448161359348086,4.416051562526648,5.256280367405222,5.191619594066336,0.01237775506605806,0.0,,,0,-0.2096145649734604,-0.7183811799143532,1.054154281511706,-2.5243124089379685,23.44304426929929,0.05792006754518239,0.6174042891791455,0.0
2024-01-03,5.235000133514404,5.235000133514404,5.230000019073486,5.235000133514404,0,5.216199970245361,5.2170000076293945,5.2245499849319454,5.249420003890991,5.278400011062622,5.163330006599426,5.217433827490419,5.224323632474343,5.243910061594778,4.98949319333651,47.21030130751458,0.8761159061718207,-0.010040278155581284,-0.011544798417808705,0.0015045202622274208,0.38350873137729113,0.010000228881835938,0.045857293265206475,5.629317735409009,4.4116477363918865,5.257249443939132,5.1918505259247585,0.012517617441308833,0.0,,,0,0.20002007086922288,-0.2746945446525263,1.3880601631771394,-2.1129378277642443,23.905331400703822,0.42202788340366065,0.09560448226927076,0.0
2024-01-04,5.230000019073486,5.232999801635742,5.2230000495910645,5.228000164031982,0,5.214799976348877,5.216000032424927,5.223799991607666,5.248120002746582,5.278030014038086,5.1671450066566464,5.219547094798733,5.224673778336975,5.243286144043296,4.9918663970250226,51.162816486577604,1.0,-0.008570632515642274,-0.010949965237375419,0.002379332721733145,0.05742123357272977,-0.009999752044677734,0.04264300210135324,5.474470585098582,4.415557471875101,5.255386828292901,5.192213154922431,0.012093432649022103,0.0,,,0,0.08040454135044224,-0.38337230673211914,1.1777327188793516,-2.2438273082712077,23.069679511111723,-0.09551316740007894,0.19145609706552974,0.0
2024-01-05,5.228000164031982,5.232999801635742,5.215000152587891,5.21999979019165,0,5.215199947357178,5.215000009536743,5.2226499795913695,5.246359996795654,5.277530012130737,5.170220005512237,5.2196376338773165,5.224228636608849,5.242372953696173,4.994136381036632,51.162703015598076,0.9999938344906258,-0.007959736180836785,-0.010351919426067693,0.0023921832452309076,-0.09569597190776102,-0.010000228881835938,0.04228581701006208,5.4961033597679885,4.330636244137668,5.2529417491174835,5.192358210065255,0.011600153042798437,0.0,,,0,-0.05074415115076153,-0.5024475373421531,0.9628175324520085,-2.393422928431005,22.881346800016434,0.0,0.34515145774098244,0.0
2024-01-08,5.228000164031982,5.228000164031982,5.2179999351501465,5.21999979019165,0,5.223199939727783,5.215999984741211,5.221999979019165,5.244459991455078,5.2769300079345705,5.173505003452301,5.219710065140183,5.223825889331021,5.241495574735212,4.996383778142652,48.780465111951585,0.8705536006299937,-0.0073904044520771706,-0.009759616431269588,0.0023692119791924177,-0.34364502049271106,0.009999752044677734,0.041571549006870816,5.4599335306733465,4.297856690741243,5.251912178088359,5.19208777994997,0.01145622335862695,0.0,,,0,-0.03830311826025675,-0.4664007601026837,0.8987096119231178,-2.393422928431005,22.881346800016434,0.15326387283318837,0.19164869693598766,0.0
2024-01-09,5.230000019073486,5.235000133514404,5.228000164031982,5.230000019073486,0,5.226599979400635,5.218199968338013,5.221849989891052,5.243059988021851,5.276380009651184,5.1771400046348575,5.221768055926844,5.224413901687447,5.241044768630831,4.998708317853407,51.162811328705445,0.9999997197441206,-0.006062386640371287,-0.009020170473089928,0.002957783832718641,0.0,0.021999835968017578,0.0417858532496861,5.507772994586855,4.322592013568354,5.251559346776118,5.1921406330059865,0.011378862641623215,0.0,,,0,0.1560755134331989,-0.24909058790478855,1.0210273315248517,-2.2064328613198314,23.11675707639564,0.19157527363557197,0.13389382675579908,0.0
2024-01-10,5.21999979019165,5.224999904632568,5.2179999351501465,5.224999904632568,0,5.224599933624267,5.220399951934814,5.221449995040894,5.24145998954773,5.275850009918213,5.1807500052452085,5.222414425667989,5.224469711491744,5.240415558277958,5.000959975433299,46.859918961192136,0.7661996473518957,-0.005351699345685468,-0.008286476247609037,0.002934776901923569,0.28790530471725084,0.021999835968017578,0.04135727882385254,5.517568840340316,4.319750898172286,5.250739733514592,5.192160256567196,0.011219005640776323,0.0,,,0,0.06798704564912043,-0.31403625989677314,0.8541214948136746,-2.2999278948754185,22.999051938206037,-0.19120896453854153,0.13415043253005432,0.0
2024-01-11,5.2179999351501465,5.228000164031982,5.203000068664551,5.2179999351501465,0,5.222599887847901,5.218699932098389,5.219949984550476,5.239559984207153,5.275250010490417,5.183925004005432,5.221531527564421,5.223853542316354,5.2395365142337305,5.003119577022522,47.08737639346691,0.7785586746270133,-0.00529230715789808,-0.007687642429666845,0.0023953352717687657,0.1920075209888905,-0.017000198364257812,0.0329287052154541,5.421514049060847,4.324172976757891,5.246455052695417,5.193444916405536,0.010155295825970679,0.0,,,0,-0.03735762614778916,-0.41148587137072223,0.6573191378807783,-2.4308173753823814,22.834269234732513,-0.13397071024280002,0.4804938504228848,0.0
2024-01-12,5.2129998207092285,5.2129998207092285,5.190000057220459,5.197999954223633,0,5.218199920654297,5.216699934005737,5.218699979782104,5.237119979858399,5.27443000793457,5.186775004863739,5.216825212896264,5.221391295831332,5.237907629527452,5.0050586852533785,47.08737639346691,0.7785586746270133,-0.006780903698265561,-0.007506294683386589,0.0007253909851210275,-0.09610060301615819,-0.019999980926513672,0.03314297539847238,5.328212785778825,4.347976981604427,5.246903056223758,5.190496903340451,0.010808468220405721,0.0,,,0,-0.3966509981157374,-0.7469759292362753,0.21641481169644536,-2.804788593427583,22.3634599069539,-0.09582434846799383,0.44315536098639685,0.0
2024-01-16,5.208000183105469,5.215000152587891,5.203000068664551,5.203000068664551,0,5.214799976348877,5.21899995803833,5.218099975585938,5.235179977416992,5.273510007858277,5.189640004634857,5.214060184049922,5.219639750386877,5.236538705572045,5.00702825125747,48.80380919353514,0.8718220144079843,-0.007471038255138396,-0.00749924339773695,2.820514259855439e-05,-0.6112715192687301,0.023000240325927734,0.031714405332292826,5.321494059991803,4.347115191130787,5.247132852089359,5.189067099082517,0.011127757857939782,0.0,,,0,-0.2893755771647804,-0.6146858157934593,0.2574372021520218,-2.711293559871996,22.4811650451435,0.19238609022515007,0.23063778137561883,0.0
2024-01-17,5.21999979019165,5.224999904632568,5.099999904632568,5.215000152587891,0,5.211800003051758,5.219199991226196,5.217599987983704,5.23407998085022,5.272710008621216,5.192390005588532,5.214248177757516,5.219197883929831,5.2356940564354115,5.009097623410012,52.77777777777778,1.0,-0.0069693302786886235,-0.0073932607739272856,0.000423930495238662,-0.05748912609309098,0.0020003318786621094,0.03885725566319057,5.342876109295397,4.324632039729506,5.2464765409946486,5.188723434972759,0.011068902590251666,0.0,,,0,-0.04982818540709312,-0.36453069750818257,0.4354477798282403,-2.486909045809446,22.76365288680663,0.32672921973385466,2.450980437988963,0.0
2024-01-18,5.204999923706055,5.208000183105469,5.195000171661377,5.199999809265137,0,5.2067999839782715,5.215699958801269,5.216349983215332,5.2330199813842775,5.271680006980896,5.195465004444122,5.21139850405904,5.217369495866527,5.234294282036577,5.010997147647377,41.20602774256776,0.2990351992924085,-0.007693440245636118,-0.007453296668269053,-0.00024014357736706557,0.3861000306814244,-0.03500032424926758,0.030642952237810408,5.4331036850858805,4.3449727678215355,5.246030989109113,5.186668977321552,0.01137999021894057,0.0,,,0,-0.31344089263193,-0.6309964845654197,0.08728390658267848,-2.767394146476206,22.410537472237817,-0.1917589374733465,0.2502408279985553,0.0
2024-01-19,5.195000171661377,5.199999809265137,5.190000057220459,5.197999954223633,0,5.202799987792969,5.212699937820434,5.214349985122681,5.231779975891113,5.270510005950928,5.198605003356934,5.2087187940919595,5.215524777614823,5.232870975063521,5.012857872090922,44.565265277457435,0.5025227670335539,-0.008332620932502088,-0.00762916152111566,-0.0007034594113864284,-0.2877396317185199,-0.03000020980834961,0.030142920357840403,5.3368615088305225,4.3399641776907325,5.243269379999873,5.185430590245488,0.011092233915906592,0.0,,,0,-0.3135583715265936,-0.6456697686665761,-0.011638682548692759,-2.804788593427583,22.3634599069539,-0.09614688052202668,0.19267344767686134,0.0
2024-01-22,5.197999954223633,5.208000183105469,5.195000171661377,5.199999809265137,0,5.203199958801269,5.210699939727784,5.212849974632263,5.230319976806641,5.269280004501343,5.200965001583099,5.206974997126595,5.214046209200567,5.231581909738094,5.014719980918526,56.75669580290031,1.0,-0.008578912282918516,-0.007819111673476231,-0.0007598006094422845,-0.6685830631635747,-0.019999980926513672,0.025857210159301758,5.3256086337818465,4.293279654182392,5.24146199825632,5.184237951008206,0.010977497439325655,0.0,,,0,-0.2465094032949408,-0.5797000503976014,-0.018557946797729576,-2.767394146476206,22.410537472237817,0.0,0.2502408279985553,0.0
2024-01-23,5.2129998207092285,5.2129998207092285,5.210000038146973,5.210000038146973,0,5.2045999526977536,5.209699964523315,5.212849974632263,5.22915997505188,5.268180003166199,5.203490002155304,5.207580005330671,5.2136608595764145,5.23073556183256,5.016663066065078,48.80010070685531,0.4883438405877175,-0.007876371153407113,-0.007830563569462408,-4.580758394470523e-05,-0.34430232058615395,-0.009999752044677734,0.024285759244646345,5.208085119677685,4.305012072029743,5.24146199825632,5.184237951008206,0.010977497439325655,0.0,,,0,-0.05467136977199453,-0.3664056367814123,0.1251090323796585,-2.5804040793650325,22.645947748617026,0.2500002292486422,0.05757740000560123,0.0
2024-01-24,5.210000038146973,5.2129998207092285,5.203000068664551,5.210000038146973,0,5.20359992980957,5.207699966430664,5.212949967384338,5.228099975585938,5.267130002975464,5.205990002155304,5.208064011893931,5.2133122099164675,5.229922404040969,5.018586817031067,37.8641630672796,0.0,-0.007236187976116248,-0.007711688450793177,0.0004755004746769282,-0.19156613882373996,-0.019999980926513672,0.0234285763331822,5.206114065005153,4.273941941426181,5.241504547418701,5.184395387349975,0.010955248069910408,0.0,,,0,-0.056588481681621255,-0.3462048836764343,0.0770273471521883,-2.5804040793650325,22.645947748617026,0.0,0.19219204137439808,0.0
2024-01-25,5.208000183105469,5.210000038146973,5.195000171661377,5.195000171661377,0,5.202600002288818,5.204699993133545,5.2125499725341795,5.2269999790191655,5.266100006103516,5.207775003910065,5.2054512438474205,5.2115682062731254,5.228552904731965,5.020342173793558,35.13527445808597,0.0,-0.007848726824938979,-0.007739096125622338,-0.0001096306993166405,-0.47891991446528115,-0.029999732971191406,0.023642846516200473,5.298025770388882,4.298831114581551,5.241904337255159,5.1831956078132,0.011262957621759977,0.0,,,0,-0.336683599491141,-0.6122021711542689,-0.24530307548034463,-2.8608802638546473,22.292843559028018,-0.03838493333706749,0.28873659268424434,0.0
2024-01-26,5.192999839782715,5.203000068664551,5.188000202178955,5.199999809265137,0,5.2029999732971195,5.202899980545044,5.210799956321717,5.225799970626831,5.265420002937317,5.209375002384186,5.204360956930964,5.210466454177126,5.227433175497972,5.022129811957455,40.740773445536945,0.25925672961344837,-0.007840360509331568,-0.007759349002364184,-8.101150696738363e-05,-0.5736177762703742,-0.018000125885009766,0.0234285763331822,4.7877756015575255,4.290222246899199,5.23865378415648,5.182946128486953,0.01069080681209864,0.0,,,0,-0.20726466467931204,-0.49370740377954697,-0.1799677142605081,-2.767394146476206,22.410537472237817,-0.03850494345647725,0.28912617388287254,0.0
2024-01-29,5.203000068664551,5.203000068664551,5.199999809265137,5.199999809265137,0,5.2029999732971195,5.203099966049194,5.209899950027466,5.224739971160889,5.264640002250672,5.211075000762939,5.203488727397799,5.209469630852175,5.226357357214331,5.023899662676935,40.740773445536945,0.25925672961344837,-0.007744456865942162,-0.00775637057507978,1.1913709137618099e-05,-0.47847073346865,0.0019998550415039062,0.022928578513009206,4.66248743772524,4.2767311873586085,5.237936854086226,5.181863045968705,0.010762933771353005,0.0,,,0,-0.19002554477608985,-0.4735194867555353,-0.21253179998716124,-2.767394146476206,22.410537472237817,0.057697298258902414,0.057697298258902414,0.0
2024-01-30,5.199999809265137,5.208000183105469,5.197999954223633,5.203000068664551,0,5.201599979400635,5.203099966049194,5.211049962043762,5.223699970245361,5.263670001029968,5.2128150010108945,5.20339099565115,5.208853482072401,5.2254413851143395,5.025681756268851,36.633728807957965,0.06930415563227436,-0.007341725832952228,-0.00767344162665427,0.0003317157937020414,-0.28746390709113445,0.0,0.022571427481515065,3.827044573701926,4.2221279006508246,5.23559192817168,5.186507995915844,0.009419202005997638,0.0,,,0,-0.1544773786059441,-0.3962689606738303,-0.188284685806811,-2.711293559871996,22.4811650451435,0.0,0.19238609022515007,0.0
2024-01-31,5.204999923706055,5.204999923706055,5.135000228881836,5.188000202178955,0,5.197200012207031,5.2003999710083,5.209799981117248,5.222599973678589,5.262720003128051,5.214240002632141,5.200312836956711,5.206867455415882,5.223973103430599,5.02729686518338,33.33347652759639,0.0,-0.008139099975951858,-0.007766573296513788,-0.0003725266794380698,-0.19237691675145774,-0.026999950408935547,0.026714256831577847,3.221788109907177,4.107786423572495,5.236385311129909,5.183214651104588,0.010205892782455482,0.0,,,0,-0.41843792501258587,-0.6625008936930568,-0.5032334614428957,-2.9917697443616103,22.12806085555449,0.03843657534329434,1.36318776444264,0.0
2024-02-01,5.195000171661377,5.199999809265137,5.192999839782715,5.199999809265137,0,5.198199939727783,5.2003999710083,5.208049964904785,5.2219399738311765,5.261789999008179,5.2156250023841855,5.200250231418397,5.206213393877716,5.22303297424764,5.029015302437925,42.24130489293744,0.3802990639605611,-0.0077138364175697305,-0.007756025920724977,4.21895031552464e-05,-0.057664027672865714,0.0,0.025785650525774275,2.9309231645060865,4.093634326040499,5.232141668954332,5.183958260855238,0.00925171771081018,0.0,,,0,-0.15457139800685052,-0.42015351911337523,-0.2995842897429571,-2.767394146476206,22.410537472237817,0.13492616055569726,0.13479625839377588,0.0
2024-02-02,5.199999809265137,5.21999979019165,5.188000202178955,5.210000038146973,0,5.200199985504151,5.201599979400635,5.207149958610534,5.221379976272583,5.260959997177124,5.216525001525879,5.202200192764113,5.2065740266652645,5.22252187871428,5.030816145579308,55.660419796849276,0.95319703952023,-0.006495006694160033,-0.0075038220754119886,0.001008815381251956,-0.09587946873667041,0.012000083923339844,0.026071344103131975,3.010311894182291,4.104633176475502,5.229376261581718,5.18492365563935,0.00853683997881821,0.0,,,0,0.054733963090989095,-0.2179488598287122,-0.1250825669770119,-2.5804040793650325,22.645947748617026,0.0,0.616800053308701,0.0
2024-02-05,5.208000183105469,5.228000164031982,5.204999923706055,5.228000164031982,0,5.2058000564575195,5.2044000148773195,5.207549977302551,5.220839977264404,5.260190000534058,5.217690002918244,5.207360187017686,5.2086146111763805,5.222736713432622,5.032778175613664,60.50424545501902,1.0,-0.00403015847337862,-0.006809089355005316,0.002778930881626696,0.5384683806517909,0.028000354766845703,0.026499918528965542,3.2236526196545157,4.136242816014446,5.231004090075175,5.184095864529927,0.00900773410715231,0.0,,,0,0.39270264939491345,0.1371462599650467,0.19760010862991828,-2.2438273082712077,23.069679511111723,-0.03838493333706749,0.4418874286851313,0.0
2024-02-06,5.224999904632568,5.228000164031982,5.215000152587891,5.2230000495910645,0,5.209800052642822,5.205700016021728,5.207699990272522,5.219999980926514,5.259370002746582,5.219080002307892,5.210488159532362,5.20998465293016,5.222747040340796,5.034670930578613,53.57138295562434,0.7448411372562389,-0.002451951378612094,-0.0059376617597266725,0.0034857103811145786,0.48095605208917647,0.013000011444091797,0.01849991934640067,3.244493392176161,4.136311891655099,5.231524833534571,5.183875147010472,0.009149852451774222,0.0,,,0,0.29379686516354364,0.057472579990663374,0.07510992898057513,-2.3373223418267948,22.951974372922116,-0.05738828051413405,0.24928113257370998,0.0
2024-02-07,5.21999979019165,5.224999904632568,5.2179999351501465,5.2230000495910645,0,5.216800022125244,5.207000017166138,5.2073499917984005,5.2193999862670895,5.258650002479553,5.220445003509521,5.212990537544103,5.211224214516913,5.222756962272179,5.036544852160826,61.85583734385984,1.0,-0.0011875218727004366,-0.004987633782321426,0.0038001119096209898,0.44231233018405813,0.013000011444091797,0.017571347100394114,3.167205368488653,4.132979260759393,5.229970711435052,5.184729272161749,0.00868799664792234,0.0,,,0,0.3005378516387959,0.0689746586474926,0.048943070558648605,-2.3373223418267948,22.951974372922116,-0.05744321981480679,0.13415043253005432,0.0
2024-02-08,5.215000152587891,5.21999979019165,5.2129998207092285,5.2179999351501465,0,5.220400047302246,5.209299993515015,5.206999993324279,5.2185999870300295,5.257850003242493,5.22217000246048,5.213992417065312,5.211869521243887,5.222570412188962,5.03835037537465,60.0,0.9349339503901921,-0.0005822084901625502,-0.004106548723889652,0.003524340233727102,0.15354888569290015,0.02299976348876953,0.017571381160191128,3.167253176242548,4.107831829166176,5.228667395164413,5.185332591484146,0.00832241285496929,0.0,,,0,0.21125296408622454,-0.01149833061308244,-0.07985315124495689,-2.4308173753823814,22.834269234732513,-0.15316670356532316,0.1342791046071728,0.0
2024-02-09,5.2179999351501465,5.224999904632568,5.215000152587891,5.21999979019165,0,5.2223999977111815,5.211299991607666,5.207099986076355,5.217799978256226,5.2570499992370605,5.223505001068116,5.21519389169058,5.212643832572246,5.2224696034831855,5.040157832238501,60.0,0.9349339503901921,5.820733696282332e-05,-0.003273597511719157,0.0033318048486819804,0.19193381902995466,0.019999980926513672,0.017357076917375838,3.1342532669456786,4.087909520315766,5.2289983564280975,5.185201615724613,0.008410965954292412,0.0,,,0,0.24773490330104975,0.04215975975682963,-0.067104575869048,-2.393422928431005,22.881346800016434,0.0,0.1917497939039457,0.0
2024-02-12,5.215000152587891,5.228000164031982,5.215000152587891,5.228000164031982,0,5.2223999977111815,5.214100027084351,5.208599996566773,5.217559986114502,5.256230001449585,5.224720001220703,5.217755146158861,5.214106340330316,5.222686488210589,5.042026910166795,59.18373304917746,0.9063154585310924,0.0011975007575912855,-0.0023793778578570686,0.003576878615448354,0.635226011167811,0.028000354766845703,0.017357076917375838,2.8213428503254763,4.093984428474416,5.231936503741155,5.185263489392391,0.008960759969959004,0.0,,,0,0.37246414541330347,0.2000969408164968,0.0627815999807247,-2.2438273082712077,23.069679511111723,-0.095778502005959,0.24928113257370998,0.0
2024-02-13,5.224999904632568,5.244999885559082,5.21999979019165,5.232999801635742,0,5.2243999481201175,5.217100000381469,5.210099983215332,5.217459983825684,5.255409998893738,5.225885000228882,5.220804077254238,5.215905717597499,5.22309093187432,5.043927137942606,61.16496763978779,0.9757779621216307,0.0024752943204058298,-0.001408443422204489,0.0038837377426103187,0.6346152611738098,0.029999732971191406,0.01842853001185826,2.8211660024949006,4.098440286274847,5.235670553427784,5.184529413002879,0.009815769484205553,0.0,,,0,0.43952742738495526,0.2978425873553858,0.13614538794001174,-2.150341190892767,23.18737342432152,-0.05738828051413405,0.47892904927710295,0.0
2024-02-14,5.230000019073486,5.230000019073486,5.2179999351501465,5.2179999351501465,0,5.223399925231933,5.220099973678589,5.210249972343445,5.217519979476929,5.254539999961853,5.227360000610352,5.2202432488334205,5.2161051668882275,5.222891284943961,5.045659205576512,61.16496763978779,0.9757779621216307,0.0022516356050079622,-0.0006764276167619986,0.0029280632217699607,0.34615627971634755,0.029999732971191406,0.01842853001185826,2.926595092791299,4.113658105773259,5.235976282593435,5.184523662093455,0.009875269089409451,0.0,,,0,0.1487445486845948,0.009198923532736793,-0.17905913231750636,-2.4308173753823814,22.834269234732513,-0.057324339307602896,0.22997478099804816,0.0
2024-02-15,5.215000152587891,5.2179999351501465,5.208000183105469,5.2179999351501465,0,5.223399925231933,5.22189998626709,5.211149978637695,5.2174199771881105,5.253670001029969,5.2291250014305115,5.219794586096766,5.21628562100841,5.222699467304988,5.047374038706598,59.18373304917746,0.9063154585310924,0.0020507447527160494,-0.00013099314286638906,0.0021817378955824385,0.28829264439056423,0.018000125885009766,0.01807137898036412,2.7179882806972926,4.09596123296622,5.236624631837769,5.1856753254376216,0.009776979478427214,0.0,,,0,0.1314480784573787,0.011115799850726034,-0.21275196667361335,-2.4308173753823814,22.834269234732513,-0.05748912609309071,0.19200752098889137,0.0
2024-02-16,5.2129998207092285,5.228000164031982,5.210000038146973,5.2230000495910645,0,5.223999977111816,5.223199987411499,5.212399983406067,5.2170199775695805,5.252769999504089,5.2300400018692015,5.220435678795626,5.216925090397234,5.222711254845619,5.049121561202961,61.165147425777874,0.9757842654564508,0.0022688508523023287,0.0003489756561673545,0.0019198751961349743,0.6746308027784753,0.013000011444091797,0.019142798015049527,2.723238360906651,4.09598996869849,5.237609844010268,5.187190122801867,0.009673033798042147,0.0,,,0,0.2033624859708203,0.11462620513617205,-0.13460608858863354,-2.3373223418267948,22.951974372922116,-0.09582434846799383,0.345491857067468,0.0
2024-02-20,5.21999979019165,5.2230000495910645,5.2129998207092285,5.2129998207092285,0,5.220999908447266,5.221699953079224,5.213049983978271,5.216419973373413,5.251649999618531,5.2306300020217895,5.218948507178347,5.216551255188853,5.2223304142912506,5.050752190650785,54.545336321509225,0.7436922886768137,0.0016161367932863158,0.0006024078835911468,0.001013728909695169,0.25000022924863696,-0.015000343322753906,0.019142798015049527,2.8275201883774863,4.055314081261408,5.237574715047919,5.188525252908623,0.009408975991030952,0.0,,,0,-0.0009622633428949406,-0.06556513244030125,-0.33705655543876023,-2.5243124089379685,22.716564096542907,-0.05744321981480679,0.19183251919765856,-1.0
2024-02-21,5.224999904632568,5.235000133514404,5.2230000495910645,5.235000133514404,0,5.221399974822998,5.222899961471557,5.214299988746643,5.2164599800109865,5.250700001716614,5.231530003547668,5.222158832445558,5.218308291219858,5.222827266025492,5.0525855035150995,70.0853412017867,1.0,0.002841344329304718,0.001050195172733861,0.001791149156570857,0.479848276091821,0.012000083923339844,0.015714270727975026,3.122019233955952,4.1317468894930816,5.240650673221324,5.187949304271963,0.010107084184473343,0.0,,,0,0.3969879909563226,0.35541638533530373,0.06633107263807944,-2.1129378277642443,23.234462214585243,0.2301953642060021,0.22975462013023326,0.0
2024-02-22,5.230000019073486,5.23799991607666,5.230000019073486,5.232999801635742,0,5.2243999481201175,5.223899936676025,5.215449976921081,5.2164599800109865,5.249949998855591,5.232295002937317,5.224327026283595,5.219707482688038,5.2232261889905995,5.054380670660579,65.42036916550057,0.717513392806948,0.0036093141369555326,0.0015620189655781954,0.002047295171377337,0.09563193280208715,0.009999752044677734,0.015428577150617327,3.1288452872549457,4.107075452234094,5.242991131539889,5.187908822302274,0.010561372361226864,0.0,,,0,0.33649684672119673,0.3170698459900925,0.013470163628575487,-2.150341190892767,23.18737342432152,-0.09551316740007894,0.1529617012236845,0.0
2024-02-23,5.23799991607666,5.239999771118164,5.235000133514404,5.239999771118164,0,5.22879991531372,5.226099920272827,5.217699956893921,5.216599979400635,5.249349994659424,5.23308000087738,5.2274615752505085,5.221640081586145,5.223883976525014,5.056227626884038,64.42280359091451,0.6571059750506458,0.004728270222607911,0.0021952692169841387,0.0025330010056237723,0.3254781038807497,0.021999835968017578,0.013642890112740653,2.925661148346374,4.111899544512629,5.245557477287027,5.189842436500816,0.010678084452249341,0.0,,,0,0.42738782238291045,0.44856404190335863,0.13223131004348815,-2.019451710385804,23.35215612779505,0.09554967763146145,0.09550405876309628,0.0
2024-02-26,5.243000030517578,5.252999782562256,5.243000030517578,5.25,0,5.234199905395508,5.229099941253662,5.220199966430664,5.216639976501465,5.248699994087219,5.233715000152588,5.231969260200406,5.2243410261969885,5.224908134308347,5.0581557101986245,61.4581108533793,0.4775794985183362,0.0063488008532504026,0.0030259755442373915,0.003322825309013011,0.5169433305107773,0.03000020980834961,0.012928588049752372,2.9673098050242954,4.130689817746895,5.2502567318711915,5.190143200990137,0.01151556094931685,0.0,,,0,0.570860000784826,0.6394925401945717,0.31115564846264904,-1.8324616432746303,23.587566404174257,0.05725686126840873,0.19072576743224967,0.0
2024-02-27,5.244999885559082,5.25,5.243000030517578,5.244999885559082,0,5.240599918365478,5.230799913406372,5.2224499702453615,5.217079973220825,5.247749991416931,5.234614999294281,5.234575385272142,5.226308536612426,5.225696046122101,5.0600148562221126,61.4581108533793,0.4448373462638607,0.007147226823814634,0.0038502258001528403,0.003297001023661794,0.5174386880891779,0.01699972152709961,0.012500013623918806,3.0067034235314134,4.059978297148938,5.252874796508724,5.192025143981999,0.01165155298249155,0.0,,,0,0.4317880581374164,0.5351635873241274,0.19838873090382655,-1.925956676830217,23.46986126598465,-0.09524027506510416,0.13351076562421557,0.0
2024-02-28,5.23799991607666,5.239999771118164,5.235000133514404,5.239999771118164,0,5.24159984588623,5.231499910354614,5.224299955368042,5.217579965591431,5.246799988746643,5.235739998817444,5.235660262441346,5.22761246370821,5.226256976514104,5.061805750897696,58.4155985175743,0.24905154315472589,0.007292454830265527,0.004538671606175378,0.0027537832240901484,0.3831414124593202,0.006999969482421875,0.012714283806937081,3.0456810315331064,4.064061704298381,5.254240882093425,5.194359028642658,0.011462177509397665,0.0,,,0,0.3005152055633878,0.4296974013735531,0.08135950795269858,-2.019451710385804,23.35215612779505,-0.1334598595834998,0.09550405876309628,0.0
2024-02-29,5.232999801635742,5.235000133514404,5.21999979019165,5.2230000495910645,0,5.239599895477295,5.231999921798706,5.226049947738647,5.217539968490601,5.245779991149902,5.236714999675751,5.23312821987129,5.2271731861732444,5.22612925388967,5.0634096742677785,52.2124229892818,0.0,0.005967029416288128,0.004824343168197929,0.001142686248090199,-0.095641053634965,0.005000114440917969,0.013428551810128348,3.0990846869557496,4.017325088537108,5.25067748431686,5.201422411160435,0.009424914351945386,0.0,,,0,-0.058359529244502245,0.1046485725732359,-0.26189987588661806,-2.3373223418267948,22.951974372922116,-0.13358720969806742,0.287362910453358,0.0
2024-03-01,5.2179999351501465,5.2230000495910645,5.215000152587891,5.215000152587891,0,5.234599971771241,5.2316999435424805,5.226799964904785,5.2173399734497075,5.24444999217987,5.23779000043869,5.22950260641461,5.226013849641307,5.225692818544503,5.064918037236138,47.89932802538838,0.0,0.004222421944499288,0.004703958923458201,-0.0004815369789589125,-0.343964260083196,-0.0029997825622558594,0.013285705021449499,3.0745439198874998,4.017325088537108,5.248867739187296,5.204732190622274,0.008444086029954978,0.0,,,0,-0.22575595768202475,-0.044847007741949815,-0.4351042681911833,-2.486909045809446,22.76365288680663,-0.09573261331501334,0.1534016638370367,0.0
2024-03-04,5.2179999351501465,5.228000164031982,5.2179999351501465,5.2230000495910645,0,5.229199981689453,5.2316999435424805,5.22744996547699,5.217039976119995,5.24319999217987,5.238615000247956,5.228202095049901,5.225726821065093,5.225587219762016,5.0664909925829535,47.89911925693816,0.0,0.003445613891988941,0.004452289917164349,-0.0010066760251754075,0.09582434846799881,0.0,0.013285705021449499,3.0477383466442314,3.950524305568443,5.248158155801339,5.206741775152641,0.007922865053174948,0.0,,,0,-0.08512593932631603,0.11424243437562857,-0.2980740263629248,-2.3373223418267948,22.951974372922116,0.05752219510036348,0.19164869693598766,0.0
2024-03-05,5.232999801635742,5.232999801635742,5.2230000495910645,5.224999904632568,0,5.22519998550415,5.232899951934814,5.227299952507019,5.216939973831177,5.24221999168396,5.239300000667572,5.227561656966435,5.2256575909286616,5.225564187796156,5.068068195687925,46.55178792375581,0.0,0.002957269935162543,0.004153285920763987,-0.0011960159856014441,0.13415043253004466,0.012000083923339844,0.012214251926967077,2.7873728389036234,3.9515668435766838,5.248034812286161,5.206565092727878,0.007933296335595504,0.0,,,0,-0.04400068669003647,0.15449537165122465,-0.2729390573775394,-2.2999278948754185,22.999051938206037,0.19145609706552974,0.19145609706552974,0.0
2024-03-06,5.230000019073486,5.232999801635742,5.230000019073486,5.230000019073486,0,5.223200035095215,5.232399940490723,5.2276499509811405,5.2173399734497075,5.2411699914932255,5.23982500076294,5.228049329387845,5.226071155513884,5.225738141963894,5.0696794576121595,55.6603688708952,0.3870465645169892,0.0029398327171508143,0.003910595280041352,-0.000970762562890538,0.13402200681522647,-0.005000114440917969,0.011714254106794084,2.785613778642999,3.9378244060325267,5.248315404806189,5.206984497156092,0.007906211784960948,0.0,,,0,0.044954580248908374,0.24265326178098456,-0.1875059126597316,-2.2064328613198314,23.11675707639564,0.09569597190776573,0.05735721895441373,0.0
2024-03-07,5.228000164031982,5.230000019073486,5.228000164031982,5.228000164031982,0,5.224200057983398,5.231899976730347,5.227899956703186,5.2177399730682374,5.240099992752075,5.240540001392365,5.228039496316674,5.226254870610846,5.2258268487116615,5.071254788024298,54.6297032150962,0.3432509827949061,0.0027331361160563006,0.003675103447244342,-0.0009419673311880416,0.28774877879649274,-0.004999637603759766,0.011142832892281669,2.7901376531051847,3.938564742263284,5.248449207797491,5.207350705608881,0.007861378857473022,0.0,,,0,0.0019167797705860658,0.19664051901213422,-0.23928521406287326,-2.2438273082712077,23.069679511111723,-0.03823814596960915,0.03825277312083252,0.0
2024-03-08,5.2230000495910645,5.230000019073486,5.208000183105469,5.228000164031982,0,5.226800060272216,5.2307000160217285,5.2283999681472775,5.218239974975586,5.239099993705749,5.241205003261566,5.228031629859736,5.2264210890319065,5.225912076763438,5.072814443506962,52.427224917595645,0.249662128129401,0.0025400474842465215,0.003448092254644778,-0.0009080447703982567,-0.1337147909053149,-0.01199960708618164,0.011428526469639369,2.764951993623221,3.938564742263284,5.248414647278375,5.20838528901618,0.007656139259824122,0.0,,,0,-0.007646777555863394,0.1870398659931689,-0.25194281126890317,-2.2438273082712077,23.069679511111723,-0.09564105363496657,0.4224238708628335,0.0
2024-03-11,5.232999801635742,5.243000030517578,5.232999801635742,5.239999771118164,0,5.230200004577637,5.229699993133545,5.229399967193603,5.218339967727661,5.238219990730285,5.241640002727508,5.230425258111422,5.227714296849645,5.226464535365585,5.074477979105083,62.857116906826036,0.6928545294641766,0.003317054420794996,0.003421884687874822,-0.0001048302670798259,0.13376590383653575,-0.010000228881835938,0.011785643441336495,2.8722722189381744,3.92247820529164,5.249644693788831,5.209155240598376,0.007742657560038176,0.0,,,0,0.20269637034952573,0.4150707605187886,-0.03129233614843317,-2.019451710385804,23.35215612779505,0.09563193280208131,0.1910993552629229,0.0
2024-03-12,5.239999771118164,5.243000030517578,5.228000164031982,5.239999771118164,0,5.233199977874756,5.229199981689453,5.229999947547912,5.218779964447021,5.237219986915588,5.241915001869201,5.232340160712772,5.228884342018075,5.2269953289245095,5.076124962110189,53.011840540493964,0.34237087219074863,0.00388801934919325,0.003515111620138508,0.00037290772905474237,0.0,-0.005000114440917969,0.01128561156136649,2.8286033693747994,3.7955327876892153,5.25077432144657,5.209225573649255,0.007944311321990468,0.0,,,0,0.1912012174099555,0.406604739339515,-0.03653685247384458,-2.019451710385804,23.35215612779505,0.0,0.2869140400720145,0.0
2024-03-13,5.244999885559082,5.244999885559082,5.23799991607666,5.23799991607666,0,5.23479995727539,5.228999996185303,5.230249953269959,5.219939966201782,5.2362999868392945,5.242290000915528,5.23347211178555,5.229752491928417,5.227426881361849,5.077735658169557,53.012145097723796,0.3614991612278695,0.004131516035092098,0.0036383925031292256,0.000493123531962872,-0.22857302711123406,-0.0019998550415039062,0.011214188167027064,2.8156614176250887,3.7822834577727247,5.251294916244642,5.209204990295276,0.00804740238524379,0.0,,,0,0.148175763604877,0.3459800302649732,-0.08183608381295926,-2.05684615733718,23.305078562511127,0.09542203548323808,0.13363821295485923,0.0
2024-03-14,5.23799991607666,5.239999771118164,5.232999801635742,5.23799991607666,0,5.236799907684326,5.230499982833862,5.2312499523162845,5.2204399681091305,5.235579986572265,5.24290500164032,5.234377672643772,5.2305379608949165,5.227841510174194,5.079330327402464,48.684293082029335,0.13078577932942648,0.004275206988031854,0.0037657554001097517,0.0005094515879221027,-0.1334598595834957,0.014999866485595703,0.011214188167027064,2.5969367042866063,3.762753729276215,5.251737323184029,5.21076258144854,0.007832686663604477,0.0,,,0,0.12903156648798406,0.33636911974470973,-0.09355663629467759,-2.05684615733718,23.305078562511127,0.0,0.13376590383653006,0.0
2024-03-15,5.235000133514404,5.23799991607666,5.235000133514404,5.23799991607666,0,5.2387998580932615,5.232799959182739,5.2322499513626095,5.220499963760376,5.234959983825684,5.243380000591278,5.23510212133035,5.231248623293178,5.228239879033114,5.08090912927982,40.90889386605014,0.0,0.004339065062408665,0.0038804173325695346,0.00045864772983913006,-0.038165174214832565,0.02299976348876953,0.010499886104038783,2.5969367042866063,3.762753729276215,5.251951556042675,5.212548346682544,0.007530834674644987,0.0,,,0,0.10989468713269734,0.3352160221772906,-0.10260718303863996,-2.05684615733718,23.305078562511127,-0.05726961837186781,0.05730243525785777,0.0
2024-03-18,5.23799991607666,5.243000030517578,5.235000133514404,5.23799991607666,0,5.238399887084961,5.234299945831299,5.23299994468689,5.220699958801269,5.2344099807739255,5.2433299994468685,5.235681680279612,5.231891603558272,5.228622625583841,5.082472221685759,44.26221819205153,0.1527834084687177,0.0043396482823627736,0.003972263522528182,0.0003673847598345912,0.28718871038053706,0.014999866485595703,0.01057130949837821,2.5816514042935115,3.728131773028391,5.252357953717868,5.213641935655912,0.0073984365509625226,0.0,,,0,0.09554694138391243,0.33137237174923134,-0.10165454722038537,-2.05684615733718,23.305078562511127,0.0,0.1528156026579367,0.0
2024-03-19,5.235000133514404,5.239999771118164,5.235000133514404,5.23799991607666,0,5.23799991607666,5.235599946975708,5.234249949455261,5.22105996131897,5.233709979057312,5.243504998683929,5.236145327439022,5.232473347607643,5.228990362465913,5.08401976093343,48.21437694783631,0.3328507764940185,0.0042906505397928285,0.004035940925981112,0.0002547096138117164,0.44103092647764797,0.013000011444091797,0.010214158466884069,2.4658722500598884,3.7145015796324232,5.251255979074284,5.217243919836238,0.0064979814809160725,0.0,,,0,0.07164286493023117,0.32445432312964756,-0.10498860225461061,-2.05684615733718,23.01550123951907,-0.05726961837186781,0.09550405876309628,0.0
2024-03-20,5.239999771118164,5.239999771118164,5.177999973297119,5.228000164031982,0,5.235999965667725,5.235399961471558,5.23389995098114,5.2212199687957765,5.232839980125427,5.24356999874115,5.234516294757615,5.232047330124247,5.228951531154778,5.085452401760282,55.102279141283404,0.6466758265060674,0.003405664674787978,0.0039098856757424855,-0.0005042210009545073,0.09573261331501381,-0.0019998550415039062,0.013214145387922014,2.0862448639616766,3.6496138626892676,5.25112765828036,5.21667224368192,0.006583124423687427,0.0,,,0,-0.11272257789436248,0.12985844834592675,-0.2969319511879437,-2.2438273082712077,19.088845627169597,0.038179745581245206,1.1973696048817517,0.0
2024-03-21,5.224999904632568,5.228000164031982,5.224999904632568,5.228000164031982,0,5.234000015258789,5.235399961471558,5.233649969100952,5.221179971694946,5.232119979858399,5.243994998931885,5.233213068612489,5.231661885734507,5.228914222640158,5.0868707874545285,65.8540840418232,1.0,0.002673488687393366,0.003662606278072662,-0.0009891175906792957,0.05742123357272977,0.0,0.01285702841622489,2.082992806478727,3.6484785339512884,5.251076617887307,5.216223320314597,0.0066594628564158225,0.0,,,0,-0.10795152718133083,0.13062549795276093,-0.3050123980507238,-2.2438273082712077,19.088845627169597,-0.05738828051413405,0.05742123357273145,0.0
2024-03-22,5.2230000495910645,5.2230000495910645,5.21999979019165,5.21999979019165,0,5.2303999900817875,5.234599924087524,5.232649970054626,5.221079969406128,5.231269979476929,5.24430499792099,5.230570412928321,5.230551209968521,5.2285646370539425,5.088195454148431,46.341094647716965,0.21776545872729458,0.001431172964281302,0.00321631961531439,-0.0017851466510330882,-0.1912089645385362,-0.008000373840332031,0.012499911444527763,2.0789438347909988,3.6571911340860956,5.250821815567475,5.2144781245417775,0.006945561280361766,0.0,,,0,-0.2417547501814618,-0.020688808078163937,-0.4634590806403306,-2.393422928431005,18.906604759660485,-0.09564105363496657,0.057476236015402395,0.0
2024-03-25,5.2179999351501465,5.2230000495910645,5.215000152587891,5.2179999351501465,0,5.226399993896484,5.232399940490723,5.231049966812134,5.221079969406128,5.230319976806641,5.244629998207092,5.228056317372687,5.229355850462009,5.2281503350185,5.08948704102407,41.46332953408853,0.022226155187899062,0.00028200642047693236,0.002629456976346899,-0.0023474505558699664,-0.19128210726993,-0.021999835968017578,0.012357064655848913,1.9257283966016578,3.4315608552354298,5.248406449783877,5.213693483840391,0.006635946160659683,0.0,,,0,-0.24947251019933064,-0.05899228270836347,-0.5077586610694944,-2.4308173753823814,18.86104997373051,-0.038311400802383606,0.1534016638370367,0.0
2024-03-26,5.215000152587891,5.21999979019165,5.215000152587891,5.2179999351501465,0,5.2223999977111815,5.230199956893921,5.229699969291687,5.221479969024658,5.2292999744415285,5.24521999835968,5.226045040928179,5.228274334718022,5.2277522801217025,5.090765776289006,33.33289180883756,0.0,-0.0006215514861560578,0.001979255283846307,-0.002600806770002365,-0.19128210726993,-0.021999835968017578,0.012142760413033622,1.9129178443767967,3.3661920200020887,5.246684041444162,5.212715897139212,0.006495237681780557,0.0,,,0,-0.2237228561914076,-0.06664841951240578,-0.5189498861448298,-2.4308173753823814,18.59090504666014,-0.05748912609309071,0.09587032516727247,0.0
2024-03-27,5.21999979019165,5.21999979019165,5.215000152587891,5.215000152587891,0,5.219799995422363,5.227899980545044,5.228449988365173,5.221719970703125,5.228449974060059,5.245820000171661,5.223836063260121,5.227010126896105,5.227252196689004,5.092001939237254,32.43204928279613,0.0,-0.0015616829110065567,0.0012710676448757345,-0.002832750555882291,-0.477091977523858,-0.02299976348876953,0.012357030596051897,1.8993251569257803,3.005206486662347,5.245915313439727,5.21098466329062,0.006680880610283739,0.0,,,0,-0.25724327108822587,-0.12868974500617922,-0.5875124877094887,-2.486909045809446,18.522728171722928,0.03832608406206048,0.09587032516727247,0.0
2024-03-28,5.2129998207092285,5.215000152587891,5.192999839782715,5.203000068664551,0,5.214799976348877,5.224399995803833,5.227449989318847,5.221479969024658,5.227779974937439,5.2463600015640255,5.219668864341007,5.224723454683576,5.226301132844908,5.0931063982365306,24.489339133311915,0.0,-0.00323772781141507,0.0003693085536175737,-0.0036070363650326435,-0.7061012227051688,-0.034999847412109375,0.012357064655848913,1.7218888024885506,2.750474251631505,5.248208881506519,5.206691097131175,0.007942263333016397,0.0,,,0,-0.4677217516045987,-0.3539207364527998,-0.8264765072650067,-2.711293559871996,18.24999899755827,-0.03835727363630977,0.4236532540716642,0.0
2024-04-01,5.204999923706055,5.228000164031982,5.204999923706055,5.2179999351501465,0,5.214400005340576,5.2223999977111815,5.2275999784469604,5.221839971542359,5.227429976463318,5.2469500017166135,5.219335078502835,5.224083119489916,5.225975595680408,5.094349119996865,28.846136211497367,0.10532633738758991,-0.003317400674006876,-0.0003680332919073163,-0.00294936738209956,-0.3818247660739571,-0.019999980926513672,0.013071366718837194,1.961594979419837,2.6751893449360153,5.248020712376114,5.207179244517807,0.007812661264575275,0.0,,,0,-0.18364150540198734,-0.07353799452184244,-0.5517503798777502,-2.4308173753823814,14.42982457516266,0.03843657534329434,0.4418874286851313,0.0
2024-04-02,5.21999979019165,5.21999979019165,5.208000183105469,5.2129998207092285,0,5.213399982452392,5.219899988174438,5.227099967002869,5.22213996887207,5.226959972381592,5.24761500120163,5.218068026944114,5.223027567225088,5.22546674175997,5.095529723984053,26.31570141462477,0.04415263010450859,-0.0037408868246124882,-0.0010426039984483507,-0.0026982828261641377,-0.4772832334475674,-0.02500009536743164,0.012857062476021903,1.9068199413886298,2.6685351257257754,5.248462922195039,5.205737011810698,0.008173922567782736,0.0,,,0,-0.26975084430468815,-0.17502687054203295,-0.6596364345416861,-2.5243124089379685,14.320172941310444,0.03832608406206048,0.23040719401485155,0.0
2024-04-03,5.210000038146973,5.215000152587891,5.208000183105469,5.210000038146973,0,5.211800003051758,5.217100000381469,5.226349973678589,5.222339973449707,5.2263299751281735,5.248390002250671,5.216454429184687,5.221786850170029,5.224860204363382,5.096668732085177,25.86201226630712,0.03318461496695364,-0.004269345673219682,-0.001687952333402617,-0.002581393339817065,-0.5345528518194365,-0.0279998779296875,0.012857062476021903,1.905259926508145,2.652982338682071,5.249035618637765,5.203664328719413,0.008681257502244352,0.0,,,0,-0.3128365994232987,-0.2362913055348891,-0.7314617261147868,-2.5804040793650325,14.254388235172325,-0.05754426751251526,0.13440801144995115,0.0
2024-04-04,5.203000068664551,5.204999923706055,5.203000068664551,5.203000068664551,0,5.20939998626709,5.214599990844727,5.224999976158142,5.222199974060058,5.22567997455597,5.249080002307892,5.21376355708066,5.219997632883793,5.224002944139898,5.0977267553347225,23.076866646125865,0.0,-0.0051931289956757,-0.002388987665857234,-0.002804141329818466,-0.6681910647742928,-0.02500009536743164,0.012857062476021903,1.9040922952074175,2.6665640447623358,5.249878536706028,5.200121415610257,0.009522894033074589,0.0,,,0,-0.42105086304263795,-0.36765932922672506,-0.8778668571079284,-2.711293559871996,13.108699489856793,-0.13435641902435638,0.03843657534329434,0.0
2024-04-05,5.199999809265137,5.2179999351501465,5.192999839782715,5.215000152587891,0,5.211800003051758,5.213299989700317,5.2243499755859375,5.222299976348877,5.225199975967407,5.2497800040245055,5.2140108761821065,5.219521682379422,5.2236498934908004,5.098893654809879,35.06502353232598,0.2802462996904965,-0.004900438248779615,-0.00289127778244171,-0.0020091604663379048,-0.43909438444582616,-0.013000011444091797,0.014428513390677316,2.1086993337160855,2.680016085463563,5.249575374274437,5.199124576897438,0.009656856376920141,0.0,,,0,-0.1789662454035393,-0.13978177802972286,-0.6625011221413563,-2.486909045809446,13.369570884903014,-0.05766402767286791,0.48141914382338385,0.0
2024-04-08,5.215000152587891,5.224999904632568,5.215000152587891,5.2230000495910645,0,5.212800025939941,5.213600015640258,5.224099969863891,5.222859973907471,5.224929976463318,5.250220003128052,5.215808710863898,5.219852955447197,5.223624409416301,5.100128544310189,41.176503587516905,0.42311393875777337,-0.003977108264504814,-0.003108443878854331,-0.0008686643856504828,-0.095641053634965,0.0030002593994140625,0.014571360179356166,2.1893559194791736,2.692495730865858,5.249272100976228,5.198927838751555,0.009636925502018045,0.0,,,0,-0.021054732473954754,0.002681972794473487,-0.5184535794837206,-2.3373223418267948,12.322579407997964,0.0,0.1917497939039457,0.0
2024-04-09,5.2230000495910645,5.224999904632568,5.2179999351501465,5.21999979019165,0,5.214200019836426,5.213800001144409,5.223099970817566,5.223259973526001,5.224529972076416,5.2506450009346,5.216646926729449,5.219866939708574,5.223482267485923,5.1013212930254275,39.77263490996971,0.3902957995001133,-0.003447715342709934,-0.003176298171625452,-0.000271417171084482,-0.1530293341491018,0.0019998550415039062,0.014714241027832031,2.0122208369948016,2.680834229681983,5.247177825718808,5.199022115916325,0.009219756480162718,0.0,,,0,-0.05935518453097146,-0.06241663924205552,-0.5836465946087623,-2.393422928431005,12.258057701806967,0.0,0.13415043253005432,-1.0
2024-04-10,5.21999979019165,5.244999885559082,5.164999961853027,5.243000030517578,0,5.2208000183105465,5.216300010681152,5.223249983787537,5.22411997795105,5.224429974555969,5.251170001029968,5.221917547487075,5.222070091214193,5.2242476699577525,5.102731031706941,57.42565376062848,0.8029691785879818,-0.0011588815991467882,-0.0027728148571297194,0.0016139332579829311,0.44061764847471707,0.02500009536743164,0.01599996430533273,2.5898840287126506,2.7073558409886975,5.247803850487448,5.198696117087626,0.009401758206528053,0.0,,,0,0.378117968531921,0.36140158813759077,-0.1555838129557344,-1.9633511237815933,12.752686515876063,0.0,1.5488852719633597,0.0
2024-04-11,5.23799991607666,5.239999771118164,5.232999801635742,5.23799991607666,0,5.227799987792968,5.2185999870300295,5.223249983787537,5.224819974899292,5.224259972572327,5.2515849995613095,5.225134021204992,5.223587217391572,5.224786973727122,5.104076990755397,54.716845329938515,0.9211381635788164,0.00024870131119758554,-0.0021685116234642587,0.002417212934661844,0.38328825555913326,0.02299976348876953,0.01649996212550572,2.609806261876264,2.7111016344072216,5.247803850487448,5.198696117087626,0.009401758206528053,0.0,,,0,0.2823899360533331,0.25225636941916135,-0.25868539661424506,-2.05684615733718,12.645157175265956,-0.0953674310855262,0.13376590383653006,0.0
2024-04-12,5.230000019073486,5.230000019073486,5.228000164031982,5.230000019073486,0,5.230799961090088,5.2212999820709225,5.222849988937378,5.2256599712371825,5.224129972457885,5.251835000514984,5.226107220778691,5.2241979604088975,5.22499140687796,5.105329956211298,54.71709147180812,0.9211453295340154,0.0007105058098044736,-0.0015927081368105123,0.002303213946614986,0.22997478099804347,0.026999950408935547,0.016642774854387556,2.6656039033882957,2.6924524986860736,5.246640926235922,5.199059051638835,0.009110327636802014,0.0,,,0,0.13689901397230753,0.08305262608344387,-0.4157590906674884,-2.2064328613198314,8.731810421836327,-0.15272808574548183,0.03825277312083252,0.0
2024-04-15,5.23799991607666,5.243000030517578,5.235000133514404,5.23799991607666,0,5.233799934387207,5.223299980163574,5.222849988937378,5.226419973373413,5.224179973602295,5.252174999713898,5.228485759838286,5.225512432377256,5.2255015444935955,5.106650055314436,58.928563825937395,1.0,0.001702389940763105,-0.0009336885212957889,0.0026360784620588938,0.44103092647764797,0.019999980926513672,0.016999925885881697,2.7259465142767745,2.6387147375428426,5.246640926235922,5.199059051638835,0.009110327636802014,0.0,,,0,0.2900701182567225,0.2215654838731402,-0.26988978162398564,-2.05684615733718,8.89812844882888,0.1529617012236845,0.1528156026579367,0.0
2024-04-16,5.23799991607666,5.243000030517578,5.232999801635742,5.232999801635742,0,5.236399936676025,5.225299978256226,5.222599983215332,5.226879968643188,5.224129972457885,5.252464997768402,5.229388568197777,5.226225515163779,5.225795593793287,5.107907266720619,56.41019370983058,0.9297559023921206,0.0020612371541677277,-0.0003347033862030856,0.0023959405403708132,0.5765852887811285,0.019999980926513672,0.01735711097717285,2.746945451742748,2.645965682891905,5.2458188034473645,5.1993811629832996,0.00889167093273632,0.0,,,0,0.19913105452904,0.11708386320841109,-0.3705916391814101,-2.150341190892767,8.05285714862403,0.0,0.1910993552629229,0.0
2024-04-17,5.23799991607666,5.243000030517578,5.23799991607666,5.239999771118164,0,5.235799884796142,5.228299951553344,5.222699975967407,5.227119960784912,5.223979969024658,5.252899997234344,5.231510808781854,5.227537349064196,5.226352620355047,5.109221619998207,60.330396128564445,1.0,0.0028772974976929433,0.00030769679057612024,0.002569600707116823,0.4216143396212013,0.029999732971191406,0.017714296068464006,2.7906623774703383,2.6573287618047297,5.246213395999005,5.199186555935809,0.009004315828899542,0.0,,,0,0.3312423694710269,0.24640357271077182,-0.24558293748162185,-2.019451710385804,8.197395029610082,0.09554967763146145,0.09545846737361403,0.0
2024-04-18,5.243000030517578,5.248000144958496,5.239999771118164,5.243000030517578,0,5.236799907684326,5.232299947738648,5.223449969291687,5.227519960403442,5.223759970664978,5.2533899974823,5.233808653128999,5.229009985393089,5.227005459969264,5.110552748461087,67.85705162592281,1.0,0.0037232082317739668,0.0009907990788156895,0.002732409152958277,0.5754884105150015,0.039999961853027344,0.016714300428118025,2.7006431870089034,2.632707590082013,5.248576741757085,5.19832319682629,0.009620757397167098,0.0,,,0,0.37427488232536466,0.29612646592250014,-0.19777642569276271,-1.9633511237815933,8.259345461978217,0.05725686126840873,0.15267889675164684,0.0
2024-04-19,5.243000030517578,5.244999885559082,5.243000030517578,5.244999885559082,0,5.239799880981446,5.235299921035766,5.224299955368042,5.227959957122803,5.2236799716949465,5.2536499977111815,5.236046899615015,5.230532833027946,5.227711123717884,5.111890530919774,63.63627606336607,0.9057445706295991,0.004503061679372422,0.0016932515989270362,0.002809810080445386,0.6717820951217757,0.029999732971191406,0.015071426119123186,2.7013528248448457,2.6332165412983564,5.251164841044193,5.197435069691891,0.010284587755550603,0.0,,,0,0.39622399877271114,0.3259383885116314,-0.16464957041043773,-1.925956676830217,8.300639186287176,0.0,0.03814333453868938,0.0
2024-04-22,5.244999885559082,5.248000144958496,5.244999885559082,5.244999885559082,0,5.24119987487793,5.2374999046325685,5.225549960136414,5.228499956130982,5.223549971580505,5.253809998035431,5.237837496803829,5.231910647554722,5.228389114378324,5.113215002110215,67.0212496132053,0.9813354497509426,0.005062741028010187,0.0023671494847436665,0.0026955915432665205,0.8072230701567484,0.021999835968017578,0.01442861557006836,2.6276872373580615,2.5583919914583175,5.253859993107138,5.19723992716569,0.01083523578826722,0.0,,,0,0.37220819953963963,0.3155767345613602,-0.16768997127119273,-1.925956676830217,8.300639186287176,0.0,0.0572022776906935,0.0
2024-04-23,5.244999885559082,5.248000144958496,5.244999885559082,5.244999885559082,0,5.243599891662598,5.239999914169312,5.22689995765686,5.22899995803833,5.223399968147278,5.25396999835968,5.23926997455488,5.2331572416503755,5.229040517169726,5.114526294482841,69.23056769474225,1.0,0.0054435411897291175,0.0029824278257407568,0.0024611133639883607,0.5752585252812414,0.02500009536743164,0.014142921992710658,2.619161975840155,2.553097572215221,5.256250012611949,5.197549902701771,0.01123038711008601,0.0,,,0,0.34628418467637856,0.3059844645084686,-0.17073018695193193,-1.925956676830217,8.300639186287176,0.0,0.0572022776906935,0.0
2024-04-24,5.252999782562256,5.255000114440918,5.252999782562256,5.255000114440918,0,5.246599960327148,5.241199922561646,5.228749966621399,5.229539957046509,5.223549971580505,5.254119999408722,5.242416002532088,5.235237515249475,5.230058540592126,5.115924043935161,77.65935860886503,1.0,0.006477593293448436,0.0036814609192822928,0.002796132374166143,0.6126759438257912,0.012000083923339844,0.014357226235525948,2.680818192022096,2.5782411749423138,5.26031853841831,5.197181394824487,0.01207499765658502,0.0,,,0,0.5020348646826032,0.48685271751491643,0.016750950345534654,-1.738966609719043,8.127571400720887,0.15252425505670134,0.038079801284256046,0.0
2024-04-25,5.248000144958496,5.252999782562256,5.243000030517578,5.244999885559082,0,5.246999931335449,5.241899919509888,5.230249953269959,5.229779958724976,5.22361997127533,5.254129998683929,5.242932779137487,5.236167264802771,5.2306444756888695,5.117208380667738,66.30403234166062,0.7002821791229336,0.006416190292472201,0.004228406793920275,0.0021877834985519267,0.47892904927711033,0.006999969482421875,0.013428653989519392,2.7815541571029456,2.611681017494858,5.261918410848833,5.1985814956910845,0.012109730074783519,0.0,,,0,0.28201199600224996,0.29102422958951935,-0.17377021746957283,-1.925956676830217,7.921805379998487,-0.13320588639352685,0.19072576743224967,0.0
2024-04-26,5.239999771118164,5.239999771118164,5.23799991607666,5.23799991607666,0,5.245599937438965,5.242699909210205,5.231999945640564,5.230179958343506,5.223849968910217,5.254169998168945,5.241946206525322,5.236341803019332,5.230932924331528,5.118410286492702,58.241591255639456,0.4874783180633867,0.005736561426529008,0.004530037720442022,0.001206523706086986,-0.09536743108552459,0.007999897003173828,0.013214383806501116,2.6813846517408124,2.553735658313934,5.261091414718641,5.202908476562487,0.011120592270768954,0.0,,,0,0.11467833521472688,0.14951603568974145,-0.3077571166886486,-2.05684615733718,7.777773090078363,-0.09533106863709664,0.038179745581245206,0.0
2024-04-29,5.243000030517578,5.248000144958496,5.239999771118164,5.243000030517578,0,5.245199966430664,5.2431999206542965,5.233249950408935,5.230679960250854,5.224049968719482,5.254269998073578,5.242156971323773,5.236975919923927,5.231406144181961,5.119649985438223,62.36560242415541,0.3333879336246278,0.0055375842769711525,0.004731547031747848,0.0008060372452233042,0.0954584673736214,0.005000114440917969,0.013428688049316406,2.5215026830689533,2.519858773108088,5.2619544001189125,5.204545500698958,0.01097002817827728,0.0,,,0,0.1863102317113836,0.23553477483514462,-0.21449159560000142,-1.9633511237815933,7.880656100439563,0.09545846737361403,0.15267889675164684,0.0
2024-04-30,5.243000030517578,5.248000144958496,5.239999771118164,5.244999885559082,0,5.245199966430664,5.244399929046631,5.234849953651429,5.231119956970215,5.224069967269897,5.2544199967384335,5.2427255541708355,5.237740107127276,5.231939232079103,5.120897248125994,51.38877851068902,0.0,0.005478116721204351,0.004880860969639149,0.0005972557515652021,0.2868043294625755,0.012000083923339844,0.008285863058907645,2.481632849734152,2.4929109700666805,5.262343623059164,5.207356284243693,0.01050409071937497,0.0,,,0,0.19389155367430622,0.2653337851748744,-0.17927975276431682,-1.925956676830217,7.921805379998487,0.0,0.15267889675164684,0.0
2024-05-01,5.25,5.255000114440918,5.208000183105469,5.25,0,5.244199943542481,5.2453999519348145,5.236849951744079,5.23185996055603,5.224139966964722,5.254504997730255,5.244180443336669,5.238907715972297,5.232647497487766,5.122181852622253,58.33333333333333,0.26434722022474383,0.005767966178825468,0.0050582820114764135,0.0007096841673490542,0.22909668032846664,0.010000228881835938,0.010928698948451452,2.4688913427181443,2.400972832352485,5.26248931120528,5.211210592282879,0.009791901504705668,0.0,,,0,0.2511060728700294,0.3467225724834158,-0.08573591103635238,-1.8324616432746303,7.142855057563488,0.09533106863709664,0.9024564071236979,0.0
2024-05-02,5.243000030517578,5.243000030517578,5.23799991607666,5.23799991607666,0,5.242799949645996,5.244899940490723,5.238599944114685,5.231919956207276,5.224189968109131,5.254454996585846,5.242944337884667,5.238821258839379,5.232857396255958,5.123334271164088,55.26304231891332,0.14747538096782614,0.004972052749415035,0.005041036159064137,-6.898340964910273e-05,0.09554967763145683,-0.005000114440917969,0.011071579796927316,2.576829101229834,2.44047618332446,5.258688159812001,5.2185117284173685,0.00766930703303064,0.0,,,0,-0.01145397710124491,0.11620896191600137,-0.31316436280979787,-2.05684615733718,6.897955390425013,-0.13333275204613096,0.09545846737361403,0.0
2024-05-03,5.23799991607666,5.23799991607666,5.2230000495910645,5.235000133514404,0,5.242199993133545,5.243899965286255,5.239599943161011,5.231959962844849,5.224209971427918,5.254404997825622,5.241355497010614,5.238457342141762,5.232941425168054,5.124445374272051,47.88749420748292,0.0,0.0040525133880802144,0.0048433316048673535,-0.000790818216787139,-0.09541293553707586,-0.009999752044677734,0.011214426585606166,2.4860798485910585,2.443777003006562,5.256476001951538,5.222723884370484,0.006441735618596028,0.0,,,0,-0.0877893292714141,0.05810768222894108,-0.3693065974025228,-2.1129378277642443,6.836735339325586,0.0,0.2871887103805431,0.0
2024-05-06,5.23799991607666,5.243000030517578,5.235000133514404,5.239999771118164,0,5.2415999412536625,5.243399953842163,5.240449929237366,5.231959962844849,5.2242799711227415,5.254389996528626,5.241084351832125,5.238604240139515,5.233218223048451,5.125595169265544,54.92954908729466,0.23653388934167055,0.0036847255675267476,0.004611610397399233,-0.0009268848298724852,-0.057224096546837355,-0.005000114440917969,0.011071545737130302,2.4529490859292653,2.4419117370389065,5.255409244804975,5.225490613669757,0.0057091722159763715,0.0,,,0,-0.008590066221041562,0.15366723618701916,-0.27387052388514377,-2.019451710385804,6.93876875782463,0.05730243525785777,0.1528156026579367,0.0
2024-05-07,5.239999771118164,5.243000030517578,5.239999771118164,5.243000030517578,0,5.241199970245361,5.243199968338013,5.2415999412536625,5.2318199634552,5.2242299699783326,5.254364995956421,5.241467487569215,5.2390228868421875,5.233601823341358,5.1267633768401915,52.23898654900007,0.14616123071268364,0.0035939184742543873,0.004408072012770264,-0.0008141535385158766,-0.0381287909464012,-0.0019998550415039062,0.010571547916957311,2.440997118110983,2.4432554014648677,5.253068934762406,5.230130947744919,0.004376142260868702,0.0,,,0,0.026711104998616002,0.2136936504021966,-0.21629569791190958,-1.9633511237815933,6.999998540294442,0.0,0.05725686126840873,0.0
2024-05-08,5.244999885559082,5.244999885559082,5.244999885559082,5.244999885559082,0,5.240199947357178,5.242199945449829,5.241699934005737,5.2318199634552,5.224449968338012,5.254339995384217,5.242173967167189,5.239592124815226,5.234048806173425,5.1279398595140115,51.51504204837731,0.12184483282565212,0.0036413495757230407,0.004254727525360819,-0.0006133779496377782,0.0,-0.010000228881835938,0.01014293943132673,1.8818378385773173,2.4252402661004195,5.253254873781625,5.23014499422985,0.004408852059967983,0.0,,,0,0.062955750899363,0.25191849482484685,-0.17775990577959705,-1.925956676830217,7.04081190769406,0.03814333453868938,0.0,0.0
2024-05-09,5.244999885559082,5.244999885559082,5.239999771118164,5.239999771118164,0,5.240599918365478,5.241699934005737,5.241799926757812,5.2318199634552,5.224699964523316,5.254214994907379,5.241739127957384,5.239630948272648,5.234282177347729,5.129054883510072,46.376741486068106,0.0,0.003238144305793611,0.004051410881447378,-0.0008132665756537668,-0.09533106863709451,-0.005000114440917969,0.01035724367414202,1.8818128777596563,2.4264891589116755,5.253254224576584,5.23034562893904,0.004370368186050443,0.0,,,0,-0.03434231876075294,0.15634726959453918,-0.2705489555146266,-2.019451710385804,6.93876875782463,0.0,0.09542203548323808,0.0
