date,open,high,low,close,volume,sma_5,sma_10,sma_20,sma_50,sma_100,sma_200,ema_9,ema_20,ema_50,ema_200,rsi_14,stoch_rsi,macd,macd_signal,macd_hist,roc_12,momentum_10,atr_14,volatility_20d,volatility_60d,bollinger_upper,bollinger_lower,bollinger_width,volume_sma_20,relative_volume,volume_change_pct,obv,dist_sma_20_pct,dist_sma_50_pct,dist_sma_200_pct,dist_52w_high_pct,dist_52w_low_pct,gap_pct,intraday_range_pct,trend_strength
2021-08-16,74.21690368652344,74.28579711914062,74.08080291748047,74.216796875,0,74.216796875,74.216796875,74.216796875,74.216796875,74.216796875,74.216796875,74.216796875,74.216796875,74.216796875,74.216796875,50.0,0.5,0.0,0.0,0.0,,,0.20499420166015625,,,,,,0.0,,,0,0.0,0.0,0.0,-0.09288484046278916,0.1835751667959331,,0.27671703543562,0.0
2021-08-17,74.13729858398438,74.40029907226562,74.13490295410156,74.13500213623047,0,74.17589950561523,74.17589950561523,74.17589950561523,74.17589950561523,74.17589950561523,74.17589950561523,74.2004379272461,74.20900689987909,74.2135892381855,74.2159829970023,0.0,0.0,-0.00652493642606089,-0.0013049872852121782,-0.005219949140848712,,,0.23519515991210938,,,74.29157473451387,74.0602242767166,0.003118943745060522,0.0,,,0,-0.05513565680679023,-0.05513565680679023,-0.05513565680679023,-0.3565804698949814,0.07316229929415477,-0.10711630569225507,0.3579907811147668,0.0
2021-08-18,74.364501953125,74.55979919433594,74.19529724121094,74.364501953125,0,74.23876698811848,74.23876698811848,74.23876698811848,74.23876698811848,74.23876698811848,74.23876698811848,74.23325073242188,74.22381595256918,74.21950738386941,74.21746079756073,73.72432723886084,1.0,0.006744969846252502,0.00030500414108075797,0.0064399657051717445,,,0.2983957926432292,4.707340980924248,4.707340980924248,74.47140022642708,74.00613374980989,0.006267163309590682,0.0,,,0,0.1693656429216266,0.1693656429216266,0.1693656429216266,-0.26193370062854676,0.3829589103678414,0.30957012245417137,0.49127366110549325,0.0
2021-08-19,74.2697982788086,74.4634017944336,74.2697982788086,74.2697982788086,0,74.24652481079102,74.24652481079102,74.24652481079102,74.24652481079102,74.24652481079102,74.24652481079102,74.24056024169923,74.22819522173485,74.22147957582781,74.21798156851843,56.527294935638444,0.7667387014939396,0.00951004524409882,0.00214601236168437,0.007364032882414449,,,0.2721977233886719,3.924531378106208,3.924531378106208,74.43898716220687,74.05406245937516,0.005184413732664909,0.0,,,0,0.03134620519531111,0.03134620519531111,0.03134620519531111,-0.3889507732866509,0.25512056279769174,-0.12735064692035705,0.2606759680404853,0.0
2021-08-20,74.4292984008789,74.47560119628906,74.32499694824219,74.4292984008789,0,74.2830795288086,74.2830795288086,74.2830795288086,74.2830795288086,74.2830795288086,74.2830795288086,74.27830787353517,74.24734790546286,74.22962933367296,74.2200842235668,68.78887224942999,0.9330552726043823,0.024291694735268266,0.00657514883640115,0.017716545898867116,,,0.25891876220703125,3.5439811331814597,3.5439811331814597,74.51654529872206,74.04961375889513,0.006285839827707254,0.0,,,0,0.19684007851828483,0.19684007851828483,0.19684007851828483,-0.175028359608223,0.4704261693635138,0.21475771547345468,0.2026293363345195,0.0
2021-08-23,74.35130310058594,74.35140228271484,74.04219818115234,74.30149841308594,0,74.30001983642578,74.28614934285481,74.28614934285481,74.28614934285481,74.28614934285481,74.28614934285481,74.28294598144532,74.25250509666506,74.23244772894407,74.2208943150048,56.108592305660714,0.7610594007032906,0.025401059900303835,0.010340331049181688,0.015060728851122147,,,0.28028233846028644,3.521943867451621,3.521943867451621,74.49550832349742,74.07679036221221,0.005636554929677275,0.0,,,0,0.02066208891819599,0.02066208891819599,0.02066208891819599,-0.346434384267524,0.3502060153578738,-0.10479112657072653,0.41760524289945894,0.0
2021-08-24,74.10590362548828,74.21949768066406,74.05500030517578,74.10590362548828,0,74.29420013427735,74.2603999546596,74.2603999546596,74.2603999546596,74.2603999546596,74.2603999546596,74.24753751025392,74.23854305179108,74.22748521508306,74.21975012903947,43.76228445871135,0.5935935409342576,0.01037774687480919,0.010347814214307189,2.9932660502001926e-05,,,0.27545601981026785,3.6562852345043257,3.6562852345043257,74.49511436289738,74.02568554642183,0.006321388206394936,0.0,,,0,-0.20804672377963523,-0.20804672377963523,-0.20804672377963523,-0.6087671556955282,0.0860393747091019,-0.26324474172812673,0.22212865412247437,0.0
2021-08-25,74.1448974609375,74.30180358886719,74.09429931640625,74.1447982788086,0,74.25025939941406,74.24594974517822,74.24594974517822,74.24594974517822,74.24594974517822,74.24594974517822,74.22698966396486,74.22961497817371,74.22424259013113,74.21900433948494,46.119877967551204,0.6255720424294486,0.0015917873974586882,0.00859660885093749,-0.007004821453478801,,,0.26696205139160156,3.3698635349305333,3.3698635349305333,74.4781190912276,74.01378039912885,0.006254060910964443,0.0,,,0,-0.1362383627885345,-0.1362383627885345,-0.1362383627885345,-0.5566014393972107,0.1385697618069464,0.05261906749870202,0.2800543015797048,0.0
2021-08-26,74.10179901123047,74.26750183105469,74.06800079345703,74.0999984741211,0,74.21629943847657,74.22973293728299,74.22973293728299,74.22973293728299,74.22973293728299,74.22973293728299,74.2015914259961,74.21727054921632,74.21937027185623,74.21782020152112,43.99548160873555,0.5967566372792221,-0.008883712708239955,0.005100544539102001,-0.013984257247341956,,,0.25946638319227433,3.1308190060668597,3.1308190060668597,74.46770821853833,73.99175765602764,0.006411858748202991,0.0,,,0,-0.17477425558234017,-0.17477425558234017,-0.17477425558234017,-0.6166871761770696,0.07806398835882108,-0.05799364025030286,0.26934848444738857,0.0
2021-08-27,74.15619659423828,74.33000183105469,73.43800354003906,74.15599822998047,0,74.16163940429688,74.22235946655273,74.22235946655273,74.22235946655273,74.22235946655273,74.22235946655273,74.19247278679298,74.21143509024148,74.21688509374347,74.21720505752569,47.044556034386844,0.6381144161813278,-0.012522557477964824,0.001575924135688636,-0.014098481613653461,,,0.3227195739746094,2.971651047841714,2.971651047841714,74.4515198619404,73.99319907116507,0.006174969295901564,0.0,,,0,-0.08940868634359105,-0.08940868634359105,-0.08940868634359105,-0.541580005202246,0.9776881932117737,0.07584091939868838,1.2146276423885891,0.0
2021-08-30,73.49669647216797,73.69979858398438,73.19719696044922,73.49659729003906,0,74.0006591796875,74.15033950805665,74.15638108686967,74.15638108686967,74.15638108686967,74.15638108686967,74.0532976874422,74.14335529974602,74.18863851320604,74.21003483098353,28.66692580271912,0.38883943572439267,-0.06783258140994519,-0.01230577697343813,-0.055526804436507066,,-0.7201995849609375,0.3805451826615767,5.248402219613775,5.248402219613775,74.64505427817375,73.6677078955656,0.013179531798662682,0.0,,,0,-0.8897195186179772,-0.8897195186179772,-0.8897195186179772,-1.425972059723094,0.4090325067387749,-0.8890740783608674,0.6866405332525615,0.0
2021-08-31,73.4209976196289,73.4209976196289,72.90480041503906,73.41120147705078,0,73.86171875,74.07795944213868,74.09428278605144,74.09428278605144,74.09428278605144,74.09428278605144,73.92487844536392,74.07362636425124,74.158150786298,74.20208624039714,27.286494207132137,0.3701152011699762,-0.11720582647924971,-0.033285786874600445,-0.08392003960464926,,-0.7238006591796875,0.3981494903564453,4.9798797128116385,4.9798797128116385,74.72846715358445,73.46009841851843,0.017118307747555322,0.0,,,0,-0.9219082543427342,-0.9219082543427342,-0.9219082543427342,-1.5405053791673993,0.6946059232435078,-0.10286145644514379,0.7080428197473821,0.0
2021-09-01,72.99710083007812,73.14399719238281,72.91600036621094,72.99669647216797,0,73.63209838867188,73.94117889404296,74.00985306959886,74.00985306959886,74.00985306959886,74.00985306959886,73.73924205072473,73.97106161262427,74.1126035582929,74.19009231235506,22.116950458728397,0.29999528360660754,-0.18761881572386585,-0.06415239264445353,-0.12346642307941232,-1.643968015605679,-1.3678054809570312,0.40561499962439906,5.208159656368702,5.208159656368702,74.86970747553528,73.14999866366244,0.02323621437615368,0.0,,,0,-1.3689482621700657,-1.3689482621700657,-1.3689482621700657,-2.096441700565514,0.12604939126882186,-0.5640837346901467,0.3126842188638861,0.0
2021-09-02,72.98509979248047,73.1218032836914,72.93299865722656,72.98509979248047,0,73.40911865234375,73.81270904541016,73.93665640694755,73.93665640694755,73.93665640694755,73.93665640694755,73.58841359907588,73.87716048689629,74.06838772433947,74.17810233703294,22.000339934302488,0.29841357335175367,-0.24157267273419336,-0.09963644866240151,-0.14193622407179185,-1.551092345875893,-1.284698486328125,0.3901285443987165,5.015397454467404,5.015397454467404,74.9278731506541,72.945439663241,0.02681259315408815,0.0,,,0,-1.286988972330193,-1.286988972330193,-1.286988972330193,-2.1119952291597555,0.1101427848156372,-0.015886581513892974,0.2588740761259458,0.0
2021-09-03,73.0542984008789,73.20500183105469,72.93779754638672,73.0542984008789,0,73.18877868652343,73.67520904541016,73.87783253987631,73.87783253987631,73.87783253987631,73.87783253987631,73.48159055943648,73.79879266918034,74.02861951557631,74.16692020831499,24.37945796523418,0.33068403440626476,-0.2755711312861848,-0.1348233851871582,-0.14074774609902663,-1.7618669093917516,-1.375,0.3945721217564174,4.911049475305722,4.911049475305722,74.93610761862864,72.81955746112398,0.02864932666185398,0.0,,,0,-1.1147242828935076,-1.1147242828935076,-1.1147242828935076,-2.0191856868243807,0.2050591799014167,0.09481196654548785,0.36634542535786485,0.0
2021-09-06,72.99459838867188,73.11930084228516,72.94100189208984,72.99449920654297,0,73.08835906982422,73.54450912475586,73.82262420654297,73.82262420654297,73.82262420654297,73.82262420654297,73.38417228885778,73.72219329178631,73.98806577796715,74.15525432770035,24.618137857497004,0.05061090723305111,-0.303837994585507,-0.16862630706682796,-0.135211687518679,-1.7171166501330104,-1.3069992065429688,0.3883508954729353,4.734097828479008,4.734097828479008,74.93633534979278,72.70891306329315,0.030172624049067783,0.0,,,0,-1.1217767031459749,-1.1217767031459749,-1.1217767031459749,-2.0993886849307386,0.12303550794085003,-0.08172005414306054,0.24444269419152068,0.0
2021-09-07,73.10990142822266,73.4894027709961,73.03500366210938,73.11000061035156,0,73.02811889648437,73.44491882324219,73.78070517147289,73.78070517147289,73.78070517147289,73.78070517147289,73.32933795315654,73.66388922688776,73.95363184982536,74.14485379319937,20.58876137599451,0.0,-0.3133080690080874,-0.19756265945507984,-0.11574540955300755,-1.7725516951961007,-0.9959030151367188,0.39335850306919645,4.696350603046061,4.696350603046061,74.91310106194956,72.64830928099622,0.030696260976223647,0.0,,,0,-0.909051437720132,-0.909051437720132,-0.909051437720132,-1.9444775866490147,0.2814632152400359,0.1580971483250388,0.6221662026457341,0.0
2021-09-08,73.39089965820312,73.86840057373047,73.2665023803711,73.3904037475586,0,73.1068603515625,73.36947937011719,73.7590217590332,73.7590217590332,73.7590217590332,73.7590217590332,73.34155111203695,73.63784299076117,73.93154447326589,74.13734682757111,31.03436928220721,0.21671335847423512,-0.2947888392313871,-0.21700789541034132,-0.07778094382104578,-1.2262130441327401,-0.75439453125,0.4337011064801897,4.90366388348444,4.90366388348444,74.87290779669677,72.64513572136964,0.03020338423962748,0.0,,,0,-0.49975989741141735,-0.49975989741141735,-0.49975989741141735,-1.568399404791019,0.6660786803544411,0.38421426002804643,0.8215189394937327,0.0
2021-09-09,73.7957992553711,73.86199951171875,73.489501953125,73.78900146484375,0,73.26764068603515,73.33837966918945,73.7605996382864,73.7605996382864,73.7605996382864,73.7605996382864,73.43104118259832,73.65223903591189,73.92595455136698,74.13388070455889,37.481914592127445,0.47559779351381304,-0.24512308530117366,-0.22263093338850778,-0.022492151912665875,-0.42763416292185275,-0.31099700927734375,0.4526863098144531,5.272430542196657,5.272430542196657,74.8431896832185,72.67800959335429,0.029354155205923018,0.0,,,0,0.03850541711514791,0.03850541711514791,0.03850541711514791,-1.0337980222869785,1.2128159528193307,0.5523821741149446,0.5068717962347141,0.0
2021-09-10,73.54530334472656,73.57679748535156,73.3738021850586,73.53800201416016,0,73.3643814086914,73.27658004760742,73.74946975708008,73.74946975708008,73.74946975708008,73.74946975708008,73.45243334891069,73.64135931955458,73.91074072637848,74.1279515633609,35.759314441190455,0.5734302545466547,-0.2234404925579554,-0.2227928452223973,-0.0006476473355580825,-0.8183935741070902,-0.6179962158203125,0.4546933855329241,5.245707717441165,5.245707717441165,74.80787746296271,72.69106205119745,0.028702788219871114,0.0,,,0,-0.2867379841732633,-0.2867379841732633,-0.2867379841732633,-1.3704398230908914,0.8685321069618821,-0.3302634746091472,0.2766590993621774,0.0
2021-09-13,73.52429962158203,73.77680206298828,73.51699829101562,73.52429962158203,0,73.47034149169922,73.27935028076172,73.71484489440918,73.73874736967541,73.73874736967541,73.73874736967541,73.46680660344497,73.63021077689054,73.8955861732492,74.12194507637803,38.3623084861475,0.6718205723793992,-0.20499944417497318,-0.2192341650129125,0.014234720837939335,-0.7769215443912847,0.02770233154296875,0.45564379010881695,5.106887017649161,5.106887017649161,74.75401530988168,72.67567447893668,0.028194332280316915,0.0,,,0,-0.25848968833902136,-0.29082098047893823,-0.29082098047893823,-1.3888175450351397,0.8497371956527244,-0.018633077052442253,0.35339279079952096,0.0
2021-09-14,73.54080200195312,73.7218017578125,73.51499938964844,73.54080200195312,0,73.55650177001954,73.29231033325195,73.68513488769531,73.72974985296077,73.72974985296077,73.72974985296077,73.4816056831466,73.62169565546793,73.8816730684925,74.11616255822454,37.80496446253238,0.6507535800319093,-0.18689872413960984,-0.212767076838252,0.025868352698642155,-0.8295973929437706,0.12960052490234375,0.4555936540876116,5.106763048427091,4.98336583518209,74.70756873365194,72.66270104173869,0.027751427679814512,0.0,,,0,-0.1958778876664439,-0.2562708423458086,-0.2562708423458086,-1.36668446454215,0.872372715230513,0.022444797782541142,0.28130635908456814,0.0
2021-09-15,73.65080261230469,73.87000274658203,73.41699981689453,73.65080261230469,0,73.60858154296875,73.35772094726562,73.64944992065429,73.72631736423658,73.72631736423658,73.72631736423658,73.51544506897822,73.62446774659524,73.8726193251126,74.11153211100147,41.16313904656698,0.7776888933497165,-0.16181237087430134,-0.20257613564546187,0.04076376477116053,0.20981287291041983,0.6541061401367188,0.473700932094029,4.992085981000426,4.90695471726761,74.62057871178101,72.67832112952757,0.026371650899577798,0.0,,,0,0.001836662258650434,-0.10242577498997937,-0.10242577498997937,-1.2191510597580895,1.0232552493371028,0.14957765941774886,0.6170272972435686,0.0
2021-09-16,73.4448013305664,73.62149810791016,73.33699798583984,73.43800354003906,0,73.53838195800782,73.40301132202148,73.60786018371581,73.71430428822835,73.71430428822835,73.71430428822835,73.4999567631904,73.60670925073275,73.8555755688352,74.10483033417597,36.69592999420388,0.7828751312000776,-0.15728922954090763,-0.19351875442455102,0.036229524883643394,0.036509500524473104,0.45290374755859375,0.43240138462611605,5.058802189229541,4.867615288046848,74.53748560059088,72.67823476684075,0.02525886269631648,0.0,,,0,-0.23075883914137926,-0.3748265019349968,-0.3748265019349968,-1.5045583094624189,0.7313690209211642,-0.2796999821205819,0.3879353258027343,0.0
2021-09-17,73.53880310058594,73.75250244140625,73.41310119628906,73.56490325927734,0,73.54376220703125,73.45407180786133,73.56464042663575,73.70832824707031,73.70832824707031,73.70832824707031,73.51294606240779,73.60272772773699,73.8441766547349,74.09945792547052,51.57684869790657,1.0,-0.14182993346248907,-0.18318099023213866,0.04135105676964959,0.778400687387304,0.5106048583984375,0.3881585257393973,5.031173494181012,4.812990511557731,74.41002315892807,72.71925769434343,0.022983398746722665,0.0,,,0,0.00035728121563782377,-0.1945845078892689,-0.1945845078892689,-1.3343597297860919,0.9054312479842039,0.13725803492454444,0.462316997356793,0.0
2021-09-20,73.69619750976562,73.89959716796875,73.60700225830078,73.69609832763672,0,73.57812194824218,73.5242317199707,73.53437042236328,73.70785786555363,73.70785786555363,73.70785786555363,73.54957651545358,73.61162016582269,73.83836966151536,74.09544439713387,56.44067445807404,1.0,-0.11763595035857577,-0.1700719822574261,0.05243603189885032,0.9741694361970366,0.70159912109375,0.3697940281459263,5.07968008015237,4.760815561783191,74.30906056125315,72.75968028347341,0.021070150854362046,0.0,,,0,0.21993511924357592,-0.015954252718028906,-0.015954252718028906,-1.1584002049791349,1.0853851983585219,0.17847403404520024,0.3975096127963455,0.0
2021-09-21,73.6593017578125,73.79010009765625,73.54900360107422,73.65899658203125,0,73.60176086425781,73.57913131713867,73.51202507019043,73.70604818838613,73.70604818838613,73.70604818838613,73.57146052876912,73.6161322054616,73.83133542310422,74.0911016328045,68.05323905583862,1.0,-0.10029965327009904,-0.1561175164599607,0.05581786318986165,0.8277379899456649,0.5489959716796875,0.3516436985560826,5.011634101838655,4.665139285498177,74.24178105475215,72.78226908562871,0.019854057451551298,0.0,,,0,0.19992853101310537,-0.06383683227002554,-0.06383683227002554,-1.2081612638961057,1.0344945225809976,-0.0499301464517555,0.3278038923405754,0.0
2021-09-22,73.79509735107422,73.94149780273438,73.6500015258789,73.7927017211914,0,73.63014068603516,73.61936111450196,73.49442024230957,73.7091429574149,73.7091429574149,73.7091429574149,73.61570876725358,73.63294834981681,73.82982037597039,74.08813247945513,70.63994072456421,1.0,-0.07490813130742424,-0.1398756394294534,0.06496750812202917,1.0935105019213465,0.4022979736328125,0.3589788164411272,5.060490295730989,4.619471881043389,74.17524974957803,72.81359073504112,0.01852737949421943,0.0,,,0,0.40585595191907803,0.11336282097973165,0.11336282097973165,-1.0288352187552634,1.2178914160626169,0.18477141334853572,0.3957858395332738,0.0
2021-09-23,73.875,73.92579650878906,73.58899688720703,73.8749008178711,0,73.71752014160157,73.6279510498047,73.48316535949706,73.7148587457065,73.7148587457065,73.7148587457065,73.66754717737709,73.65599144201246,73.83158823643709,74.08601077137968,70.83375301200152,1.0,-0.04760364192851796,-0.12142123992926632,0.07381759800074836,1.0462319807602816,0.08589935302734375,0.3639499119349888,5.080686758372715,4.550527917201358,74.12835303698868,72.83797768200544,0.01756014930318282,0.0,,,0,0.5330955144046482,0.21710965046639522,0.21710965046639522,-0.918589352258976,1.3306399541722296,0.11152631207289129,0.45767660360727336,0.0
2021-09-24,73.83989715576172,73.87519836425781,73.62100219726562,73.83999633789062,0,73.77253875732421,73.65815048217773,73.46736526489258,73.71902999877929,73.71902999877929,73.71902999877929,73.7020370094798,73.67351571781039,73.83191796590586,74.08356286656885,71.74060603207113,1.0,-0.028453147035463644,-0.10282762135050579,0.07437447431504214,0.6126040563538826,0.30199432373046875,0.3693711417061942,5.070281382863608,4.469450115414194,74.0561910950766,72.87853943470856,0.016029588867409673,0.0,,,0,0.5072062563486456,0.16409106185110803,0.16409106185110803,-0.9654034268107223,1.2827631617226771,-0.047382347349165244,0.34527670013384937,0.0
2021-09-27,73.81289672851562,73.92400360107422,73.61180114746094,73.81289672851562,0,73.7958984375,73.6870101928711,73.48318023681641,73.72205795780305,73.72205795780305,73.72205795780305,73.72420895328696,73.68679009978231,73.8311720350278,74.08086967116535,68.93466072573618,0.931068417756787,-0.015286737858161814,-0.085319444652037,0.07003270679387519,0.03238323218570649,0.28859710693359375,0.35632106236049105,3.8914255466521506,4.392065523396185,74.09196427789759,72.87439619573523,0.016569343872141436,0.0,,,0,0.4486965461165791,0.123217898725201,0.123217898725201,-1.0017495673151602,1.2455919340110244,-0.03670044788598394,0.4241201121921603,0.0
2021-09-28,73.82530212402344,74.28829956054688,73.72799682617188,73.82530212402344,0,73.82915954589843,73.71546020507813,73.50388526916504,73.72528433799744,73.72528433799744,73.72528433799744,73.74442758743426,73.69998172113861,73.8309418424394,74.07832671049727,63.69230917048189,0.7763199566846831,-0.0038073630735340203,-0.0690170283363364,0.06520966526280238,0.3906825069954545,0.2845001220703125,0.3421712602887835,3.857479172497127,4.319396592631888,74.13027475918986,72.87749577914022,0.01704371102917988,0.0,,,0,0.4372787284391798,0.13566280133619316,0.13566280133619316,-0.9851113847531625,1.2626078169668655,0.016806542024003793,0.7599592536008037,0.0
2021-09-29,74.16329956054688,74.56439971923828,74.00700378417969,74.16329956054688,0,73.90327911376953,73.76670989990234,73.56221542358398,73.73855752655955,73.73855752655955,73.73855752655955,73.82820198205678,73.7441072296537,73.84397547844362,74.07917221149279,62.251890477189406,0.7362875223387867,0.03219259630175486,-0.04877510340871815,0.08096769971047302,0.8691003413207277,0.5124969482421875,0.3612785339355469,3.4551206535131165,4.452364501272983,74.20674979020728,72.91768105696067,0.017523517009702977,0.0,,,0,0.8171098892301567,0.5760107713448868,0.5760107713448868,-0.5379244789761498,1.726222605841199,0.45783413924350197,0.7531664660875611,0.0
2021-09-30,74.31729888916016,74.3552017211914,74.05879974365234,74.3219985961914,0,73.9926986694336,73.85510940551758,73.62906036376953,73.7557175580193,73.7557175580193,73.7557175580193,73.9269613048837,73.7991445026573,73.8627214830612,74.08158839442511,77.31293457228519,1.0,0.07269057761526199,-0.024481967203922123,0.09717254481918411,1.0622628159773662,0.8839950561523438,0.3527930123465402,3.46736773192472,4.42271197747431,74.29840563829225,72.9597150892468,0.01818155144764252,0.0,,,0,0.9411205697836844,0.7677791728168697,0.7677791728168697,-0.3250896191206557,1.9439024221784975,0.2076489712914624,0.40022519749851526,0.0
2021-10-01,74.25440216064453,74.47949981689453,74.07730102539062,74.25440216064453,0,74.07557983398438,73.9240592956543,73.6890655517578,73.76996568952288,73.76996568952288,73.76996568952288,73.99244947603587,73.84250237484656,73.87808150963309,74.08330793438749,74.51480684496362,0.9311094514135697,0.09819907435441166,5.424110774463267e-05,0.09814483324666703,0.819542390484429,0.6894989013671875,0.3629640851702009,3.5267078132378957,4.362904411382277,74.3566295925605,73.02150151095512,0.018118401578421525,0.0,,,0,0.767191990634815,0.6566852330669526,0.6566852330669526,-0.4157447250443939,1.8511836503526977,-0.09095077745976941,0.5429447157720408,0.0
2021-10-04,74.1521987915039,74.5479965209961,74.12049865722656,74.152099609375,0,74.14342041015625,73.96965942382812,73.74694557189942,73.78058052062988,73.78058052062988,73.78058052062988,74.02437950270371,73.87198782575403,73.88882731746611,74.08399242866598,69.40743898539912,0.8053648793404079,0.10890439877123015,0.021824272640441737,0.08708012613078842,0.9723794696387733,0.45600128173828125,0.3787280491420201,3.5664724712235523,4.314500255596213,74.35940815966292,73.13448298413591,0.01660984283522315,0.0,,,0,0.5493841600267757,0.5035459007282225,0.5035459007282225,-0.5529449863684803,1.7108601727666757,-0.13763947478765598,0.5767606418118063,0.0
2021-10-05,74.572998046875,74.78900146484375,74.40499877929688,74.57279968261719,0,74.292919921875,74.06103973388672,73.8200855255127,73.80199184933224,73.80199184933224,73.80199184933224,74.1340635386864,73.93873181212196,73.91564976315831,74.08885618243664,74.44831074246409,0.9294723020671255,0.14961080523937653,0.0473815791602287,0.10222922607914783,1.3700778206525266,0.9138031005859375,0.3918636866978237,3.9588365120212674,4.5103549709299,74.46099303564016,73.17917801538523,0.017364041386973485,0.0,,,0,1.0196603698655284,1.0444268697497525,1.0444268697497525,-0.2890823222558908,2.2879141813466157,0.5676149963618644,0.51609796632874,0.0
2021-10-06,74.56320190429688,75.05290222167969,74.51950073242188,74.56320190429688,0,74.372900390625,74.13808975219726,73.87872543334962,73.82202369288395,73.82202369288395,73.82202369288395,74.2198912118085,73.99820515423386,73.9410439647716,74.0935760403656,83.44020388543235,1.0,0.17903268776022685,0.07371180088022833,0.10532088687999852,1.1765936003900856,0.7705001831054688,0.40754917689732145,3.8297323064083253,4.447794119363967,74.56696411897263,73.1904867477266,0.018631579838066393,0.0,,,0,0.9264865723282771,1.0040068997517542,1.0040068997517542,-0.6524735258556841,2.274749371532072,-0.012870347313176883,0.7157877924774403,0.0
2021-10-07,74.76740264892578,75.01000213623047,74.68049621582031,74.76000213623047,0,74.46050109863282,74.2265998840332,73.92727546691894,73.84607442220052,73.84607442220052,73.84607442220052,74.32791339669289,74.07075724775734,73.97315997149548,74.1002071457971,84.1007845766682,1.0,0.21574292547057894,0.10211802579829846,0.11362489967228048,1.4947333052155676,0.885101318359375,0.4152205330984933,3.497223349926109,4.434637616944876,74.71819770558359,73.1363532282543,0.02139730522109047,0.0,,,0,1.1264133082845122,1.2376117771741655,1.2376117771741655,-0.3902581736067922,2.5446907619662156,0.27386262850004933,0.44122085029793057,0.0
2021-10-08,74.83159637451172,75.18099975585938,74.82749938964844,74.83000183105469,0,74.57562103271485,74.3256004333496,73.99187545776367,73.87067260742188,73.87067260742188,73.87067260742188,74.42833108356525,74.14306625569041,74.00676161304682,74.10746878445639,83.52544697437934,0.9736674268423228,0.24762992012453822,0.13122040466354642,0.11640951546099179,1.4056947173210599,0.9900054931640625,0.4213850838797433,3.1509779745452153,4.379982777402729,74.85654069049623,73.1272102250311,0.023371896640899018,0.0,,,0,1.1327275705687998,1.2986604694004393,1.2986604694004393,-0.46687052040343713,2.640705968681985,0.09576543102659134,0.472420392361582,0.0
2021-10-11,75.30590057373047,75.53230285644531,74.7614974975586,75.30580139160156,0,74.80636138916016,74.4748908996582,74.08095054626465,73.90567574849943,73.90567574849943,73.90567574849943,74.60382514517252,74.253802935301,74.05770434946074,74.11939249199017,88.66090171157552,1.0,0.307746135351465,0.16652555080113016,0.14122058455033484,1.936923850846406,1.4929046630859375,0.459221431187221,3.6691786503738952,4.588855972017701,75.09665928005441,73.06524181247488,0.027421590200990737,0.0,,,0,1.6533951526067143,1.894476478189237,1.894476478189237,-0.2998736385334797,3.293337287659885,0.6359731805836757,1.0310191538256577,0.0
2021-10-12,75.40260314941406,75.66459655761719,75.1500015258789,75.40260314941406,0,74.97232208251953,74.63262100219727,74.17404060363769,73.94131687709263,73.94131687709263,73.94131687709263,74.76358074602084,74.36321247950224,74.11044547887066,74.13216075723817,88.4609636156182,0.9924291714603465,0.35906073325675436,0.205032587292255,0.15402814596449937,2.116206512758989,1.577301025390625,0.4751570565359933,3.651159002107513,4.536874851820322,75.31487087187176,73.03321033540362,0.030760903921367867,0.0,,,0,1.6563241476103676,1.976278397570904,1.976278397570904,-0.3462562679543555,3.42611559205331,0.12854488767620467,0.6847571806915713,0.0
2021-10-13,75.50199890136719,75.69999694824219,75.18379974365234,75.48390197753906,0,75.15646209716797,74.76468124389649,74.26569557189941,73.97719094919604,73.97719094919604,73.97719094919604,74.90764499232449,74.4699448126486,74.16430651803414,74.14561091863419,88.45599792854199,0.9922411414340749,0.4016579944488399,0.24435766872357198,0.1573003257252679,2.263839143407975,1.3206024169921875,0.4879711696079799,3.650454596171248,4.484400972676739,75.51856942521164,73.01282171858719,0.03374031155742073,0.0,,,0,1.6403352803182958,2.0367237644610703,2.0367237644610703,-0.2854623241938491,3.5376292751882685,0.13182005368722788,0.6865803621922228,0.0
2021-10-14,75.3062973022461,75.35330200195312,74.99340057373047,75.3062973022461,0,75.26572113037109,74.86311111450195,74.35911026000977,74.00739791176535,74.00739791176535,74.00739791176535,74.98737545430882,74.5495974307055,74.20909047035619,74.15716003687909,82.8075122820554,0.778356358079069,0.4162867236278345,0.2787434797044245,0.13754324392341,2.0060807549891813,0.9842987060546875,0.5048501150948661,3.57408715679502,4.480743237826059,75.63060279540926,73.08761772461028,0.034198702242495646,0.0,,,0,1.2738009356544417,1.755093986724601,1.755093986724601,-0.5200788135635925,3.294017504383212,-0.23528814838668075,0.47991079944269993,0.0
2021-10-15,74.99500274658203,75.2125015258789,74.87809753417969,74.99500274658203,0,75.29872131347656,74.9371711730957,74.430615234375,74.0293446858724,74.0293446858724,74.0293446858724,74.98890091276346,74.5920169845985,74.23991055961994,74.16549678025922,73.4647455604455,0.42458443384113825,0.39817135630907785,0.3026290550253552,0.09554230128372265,1.1214484670496017,0.7406005859375,0.5131356375558036,4.047415858334494,4.556341761055587,75.67460104308371,73.18662942566628,0.0334267237961562,0.0,,,0,0.7582733401166052,1.3044260553800537,1.3044260553800537,-0.9313001718377569,2.8670297698418694,-0.41337121438153324,0.44659787402661105,0.0
2021-10-18,75.00599670410156,75.52100372314453,74.94049835205078,75.00589752197266,0,75.23874053955078,75.02255096435547,74.4961051940918,74.05057409535284,74.05057409535284,74.05057409535284,74.9923002346053,74.63143417863414,74.26994926402593,74.17385897669419,73.44882242945336,0.4239814907452831,0.38030993828357396,0.31816523167699895,0.062144706606575006,0.9201837123582024,0.8537979125976562,0.5145786830357143,4.045174881708034,4.504319965470903,75.71492984068601,73.27728054749758,0.03272183541458159,0.0,,,0,0.684320779660425,1.2900959084931198,1.2900959084931198,-0.9169081297904185,2.88197360800973,0.014659586794977897,0.774621711703448,0.0
2021-10-19,75.23799896240234,75.26709747314453,74.88200378417969,75.2354965209961,0,75.20531921386718,75.08882064819336,74.57493019104004,74.07578521079205,74.07578521079205,74.07578521079205,75.04093949188346,74.68896392552575,74.30781386233848,74.18442253434894,72.25408628951294,0.1478511862826423,0.3802975230770329,0.3305916899570057,0.04970583312002719,1.321260870472063,0.6626968383789062,0.48929268973214285,4.08080217312072,4.502678360531577,75.76947615798875,73.38038422409133,0.032036126990360375,0.0,,,0,0.8857753245814233,1.5655741034724633,1.5655741034724633,-0.6136069299496582,3.196903486037453,0.3094442545157124,0.514267339953585,0.0
2021-10-20,75.12020111083984,75.18299865722656,74.74980163574219,75.12010192871094,0,75.13255920410157,75.14451065063477,74.64130020141602,74.09754180908203,74.09754180908203,74.09754180908203,75.05677197924896,74.73002468773387,74.33966829631387,74.19373277707892,66.86833830524873,0.0,0.36674865453545635,0.33782308287269586,0.028925571662760496,1.3054280653349792,0.5569000244140625,0.5028136117117745,4.170775004025767,4.47361013242198,75.79981073317614,73.48278966965589,0.03104207800866124,0.0,,,0,0.6414702396701264,1.3800189515916876,1.3800189515916876,-0.7660436498138005,3.038622286955599,-0.15324602812194416,0.5795293258373525,0.0
2021-10-21,74.8093032836914,74.9124984741211,74.63400268554688,74.80919647216797,0,75.03313903808593,75.14943008422851,74.68801498413086,74.1120653736348,74.1120653736348,74.1120653736348,75.00725687783276,74.73756485767997,74.35808116595521,74.19985679394549,60.632343566319456,0.0,0.3271523974121635,0.3356889457805894,-0.008536548368425878,0.31700136049188643,0.0491943359375,0.5088065011160714,4.53571802354665,4.5393807461634035,75.79039254120308,73.58563742705864,0.02951953020324456,0.0,,,0,0.1622502459904137,0.9406445428535655,0.9406445428535655,-1.176751006586274,2.6121682609202517,-0.4137356540257087,0.37314867024832693,0.0
2021-10-22,74.86650085449219,75.09980010986328,74.68460083007812,74.86540222167969,0,75.00721893310546,75.15297012329101,74.73928527832031,74.12713211059571,74.12713211059571,74.12713211059571,74.97888594660215,74.74973984472756,74.37797610931696,74.20647913651,63.91594527333563,0.1171520022542414,0.29688510592433204,0.327928177809338,-0.031043071885005935,0.405294179521265,0.035400390625,0.5079280308314732,4.517082528238986,4.493808076555398,75.76855482702152,73.7100157296191,0.027542932605478618,0.0,,,0,0.16874250655426148,0.9959512665112934,0.9959512665112934,-1.1025029857440172,2.6892629778548645,0.07660071893104517,0.5559369336790253,0.0
2021-10-25,74.9937973022461,75.2748031616211,74.85800170898438,74.99369812011719,0,75.00477905273438,75.12175979614258,74.79832534790039,74.14267013549805,74.14412360097847,74.14412360097847,74.98184838130516,74.77297396619323,74.40212207052483,74.21431216122251,59.26887949515789,0.0,0.28002254060639586,0.31834705036874955,-0.03832450976235369,0.3125949400869077,-0.312103271484375,0.4922065734863281,4.512869515265437,4.461040300151073,75.73516725682279,73.86148343897798,0.02504980972675482,0.0,,,0,0.2611993935801183,1.1478248396825423,1.1458420140089176,-0.9330235886375432,2.865240276615886,0.1715012232035071,0.556789445511868,0.0
2021-10-26,75.08989715576172,75.1697998046875,74.84760284423828,75.08989715576172,0,74.9756591796875,75.09048919677734,74.8615550994873,74.16176803588867,74.16231155395508,74.16231155395508,75.00345813619647,74.80315712710451,74.4290936424949,74.22302444972539,61.17255598820517,0.06476847625625207,0.27129398611404554,0.3089364375178088,-0.037642451403763266,0.3473143369604692,-0.31270599365234375,0.4771205357142857,4.509713157137232,4.422648864757421,75.68582198475524,74.03728821421937,0.022021099726622608,0.0,,,0,0.3050191195880967,1.2514927090517913,1.2507506607743708,-0.8059442761901403,2.997191856068653,0.12827615927200914,0.43047064729611606,0.0
2021-10-27,74.88890075683594,75.09300231933594,74.88890075683594,74.88890075683594,0,74.9294189453125,75.03098907470704,74.89783515930176,74.17225601196289,74.17602078419812,74.17602078419812,74.98054666032436,74.81132318707894,74.44712529403769,74.22965008462201,52.72941108048814,0.0,0.24532980491810008,0.29621511099786707,-0.05088530607976699,-0.5536102492259221,-0.595001220703125,0.459784916469029,4.450540593943792,4.4256725272552,75.65373652417352,74.14193379443,0.020184865510839364,0.0,,,0,-0.011928785988037212,0.9661897634035382,0.9610652675907472,-1.0714613264262283,2.7214947856678964,-0.2676743563902439,0.2725391352220768,0.0
2021-10-28,75.0376968383789,75.32250213623047,74.75450134277344,75.05000305175781,0,74.97758026123047,75.0053596496582,74.93423538208008,74.18786010742187,74.19220564100478,74.19220564100478,74.99443793861106,74.83405460276263,74.47076755904632,74.23781280071292,54.48544051767048,0.04887159999042878,0.23504318158265392,0.2839807251148245,-0.04893754353217056,-0.46762324234026487,-0.25629425048828125,0.4702851431710379,4.451099924876834,4.404029634802831,75.64196049143209,74.22651027272806,0.018889232825114236,0.0,,,0,0.15449236131849842,1.1621078476823368,1.1561826519940344,-0.8586445478046594,2.9424710368951645,0.19868909816971306,0.7598215268035364,0.0
2021-10-29,74.7969970703125,75.02529907226562,74.73799896240234,74.79720306396484,0,74.9639404296875,74.98557968139649,74.9613754272461,74.1952182006836,74.20320559414951,74.20320559414951,74.95499096368182,74.83054493240095,74.48356895139608,74.24337887298408,38.59334521972137,0.0,0.20413892573711223,0.26801236523928207,-0.06387343950216984,-0.9097289562197686,-0.1977996826171875,0.4375136239188058,4.635811238619363,4.430486599114576,75.59732121286045,74.32542964163174,0.016967292341949405,0.0,,,0,-0.21900927290293737,0.8113526422322712,0.8005010902954416,-1.1925943469913274,2.595717481088405,-0.3371165505094362,0.3844096896517263,0.0
2021-11-01,74.92839813232422,75.1863021850586,74.81050109863281,74.92829895019531,0,74.95086059570312,74.97781982421876,75.00018539428712,74.20775421142578,74.21615368979317,74.21615368979317,74.94965256098452,74.83985483885756,74.50100934350586,74.25019399813047,39.52363619205544,0.01865706940556541,0.1880576116459025,0.25202141452060617,-0.06396380287470366,-0.5019478657059206,-0.07759857177734375,0.4285496303013393,4.6128143210636905,4.402728092680716,75.51051467575809,74.48985611281614,0.013608747199439478,0.0,,,0,-0.09584835519257032,0.9709830817903806,0.9595556021115639,-1.0194161547648442,2.775535388118058,0.17540103504562865,0.5023373469057664,0.0
2021-11-02,74.82990264892578,74.9093017578125,74.61329650878906,74.82990264892578,0,74.89886169433593,74.93726043701172,75.01304054260254,74.22223419189453,74.226921215392,74.226921215392,74.92570257857278,74.83890701124501,74.51390712018899,74.25596224341203,35.66284324646175,0.0,0.1654659072093807,0.2347103130583611,-0.0692444058489804,-0.22014813202173578,-0.4055938720703125,0.4141785757882254,4.231138859693787,4.373917410772011,75.48989502858679,74.53618605661829,0.012713909009285537,0.0,,,0,-0.24414140841651044,0.8187148549856141,0.8123487053761135,-1.1493980639276768,2.6405699253373194,-0.13132061270326592,0.396719167861146,0.0
2021-11-03,74.7123031616211,74.7655029296875,74.40799713134766,74.71199798583984,0,74.86348114013671,74.89645004272461,75.02048034667969,74.23357818603516,74.23528460798592,74.23528460798592,74.8829616600262,74.8268204373969,74.5216753894302,74.26049991249091,36.62141645083504,0.025357803329878918,0.13647470232253056,0.215063190911195,-0.07858848858866443,-0.3918352367515032,-0.40810394287109375,0.40927886962890625,4.275784381772136,4.349815545811446,75.47174016461425,74.56922052874513,0.012030310012658514,0.0,,,0,-0.4111975282140401,0.6444789696190126,0.6421654882463309,-1.3051505974007651,2.4788457831481643,-0.15715574007415295,0.4804669015734448,0.0
2021-11-04,74.43550109863281,74.55400085449219,74.23500061035156,74.43550109863281,0,74.74058074951172,74.8590805053711,75.0042552947998,74.2402882385254,74.2386781078274,74.2386781078274,74.79346954774752,74.78955192894318,74.51829600547737,74.26224121782566,37.20429507155545,0.04079428027069753,0.090148796353958,0.1900803119997476,-0.09993151564578959,-1.0633217820793184,-0.37369537353515625,0.41276441301618305,4.368635469609929,4.3845656963784885,75.51443690063869,74.49407368896092,0.013604070964604392,0.0,,,0,-0.7582959045877296,0.2629473359265817,0.26512189578529605,-1.670404095886476,2.099588332839043,-0.37008364742090777,0.4297167663741389,0.0
2021-11-05,74.47810363769531,74.58049774169922,74.05059814453125,74.47810363769531,0,74.67676086425782,74.82035064697266,74.98666038513184,74.24673034667968,74.2426685333252,74.2426685333252,74.73039636573708,74.75989018691958,74.51671983419179,74.26438910260048,38.102002978841966,0.06665965759923599,0.056224727314003076,0.1633091950625987,-0.10708446774859562,-0.8546291532256944,-0.387298583984375,0.4091497148786272,4.357793741982348,4.347939105816337,75.54421797558086,74.42910279468282,0.01487084736366185,0.0,,,0,-0.6781962882792476,0.31162758270334523,0.31711562773963614,-1.6141259706817574,2.158024181809163,0.0572341670757994,0.7155912449670099,0.0
2021-11-08,74.19100189208984,74.27680206298828,73.90699768066406,74.19110107421875,0,74.5293212890625,74.7400909423828,74.9309253692627,74.26062042236327,74.24182316514312,74.24182316514312,74.62253730743342,74.70571979523379,74.50395047105559,74.26365986848722,27.05027142478734,0.0,0.006110511722596357,0.13186945839459824,-0.12575894667200188,-0.8262291631205732,-0.8025970458984375,0.4224363054547991,3.783081650371123,4.38517063498495,75.57092051923793,74.29093021928746,0.017082270019256062,0.0,,,0,-0.9873417302643209,-0.09361536134377484,-0.06832010417031534,-1.9932575097131164,1.7643566018381758,-0.3854847687880161,0.5003645039432699,0.0
2021-11-09,73.91709899902344,74.15249633789062,73.8302993774414,73.91850280761719,0,74.34704132080078,74.62295150756836,74.85672035217286,74.27076644897461,74.2366083206669,74.2366083206669,74.48173040747017,74.63074674879411,74.48099173915605,74.2602254698716,25.30218349924415,0.0,-0.05496812873145984,0.09450194096938663,-0.14947006970084648,-1.2648024133480096,-1.1713943481445312,0.41351536342075895,3.8398308580981784,4.444156732126571,75.6019454804007,74.11149522394501,0.019910707408014632,0.0,,,0,-1.2533511221727418,-0.47429649403098095,-0.42850221776788466,-2.353360914721104,1.3904467014616706,-0.3693193270190293,0.43640207769178424,0.0
2021-11-10,74.17479705810547,74.40799713134766,74.05149841308594,74.17479705810547,0,74.2396011352539,74.55154113769531,74.79126510620117,74.29432846069336,74.23562718951513,74.23562718951513,74.42034373759724,74.58732296872853,74.46898410460506,74.25937543592369,36.661019994353325,0.29416549885928406,-0.08175022159832679,0.059251508455843954,-0.14100173005417074,-1.091959834678491,-0.7141036987304688,0.4137578691755022,4.095122019326934,4.455963938236758,75.53450653316197,74.04802367924036,0.0198750863728653,0.0,,,0,-0.8242513978341359,-0.16088900063365644,-0.0819419646773737,-2.014795180480037,1.7419931689497181,0.34672543511239856,0.4814199927097227,0.0
2021-11-11,74.40499877929688,74.57849884033203,74.27279663085938,74.40489959716797,0,74.23348083496094,74.48703079223633,74.74619522094727,74.32272445678711,74.2382720708847,74.2382720708847,74.41725490951139,74.56994931429419,74.46647098666635,74.26082343752812,40.977215447215244,0.4369910558580073,-0.08344595823149348,0.030712015118376467,-0.11415797334986995,-0.9122366450613595,-0.6451034545898438,0.4129366193498884,4.2865580082384085,4.494253207615001,75.46691582401904,74.0254746178755,0.01928447597744186,0.0,,,0,-0.4566060155576401,0.11056529612101784,0.22444962905947446,-1.710828802225324,2.057613728573435,0.31035032156687364,0.4115937777218974,0.0
2021-11-12,74.32669830322266,74.52870178222656,74.29350280761719,74.32209777832031,0,74.20227966308593,74.43952026367188,74.71254997253418,74.34808044433593,74.23956169715295,74.23956169715295,74.39822348327317,74.5463444061062,74.46080929222141,74.26143313246138,36.60225619296355,0.31502523976289787,-0.09042884902616777,0.00648384228946762,-0.09691269131563539,-0.7568584567104741,-0.47510528564453125,0.3999650137765067,4.084871044436758,4.478344657432239,75.44705944619345,73.9780404988749,0.019662278263271514,0.0,,,0,-0.5226059000226901,-0.03494732595695629,0.11117533466058582,-1.8202103374772607,1.944038465523163,-0.10510234456157916,0.3165808122123708,0.0
2021-11-15,74.34700012207031,74.58830261230469,74.3125,74.33999633789062,0,74.23205871582032,74.38069000244141,74.67925491333008,74.37499038696289,74.24108343413381,74.24108343413381,74.38657805419666,74.52669220913329,74.45607152930648,74.26221485589849,34.5578231292517,0.3171558138340601,-0.09344144134657029,-0.013501214437739962,-0.07994022690883032,-0.9460448834059831,-0.5883026123046875,0.39665113176618305,4.086859765957897,4.464660199731483,75.41813272522548,73.94037710143469,0.019788033845621677,0.0,,,0,-0.45428757401662545,-0.04705082836340292,0.1332320316210994,-1.7965662683994899,1.9685890567989337,0.03350597533492117,0.3711389232022708,0.0
2021-11-16,74.43389892578125,74.61900329589844,74.27770233154297,74.43509674072266,0,74.3353775024414,74.3412094116211,74.63923492431641,74.40149230957032,74.24397915512768,74.24397915512768,74.39628179150186,74.5179688311894,74.45524898857772,74.26393507365793,40.228993839835724,0.51148541546157,-0.08715051782358785,-0.02823107511490954,-0.058919442708678306,-0.48411746483691953,-0.394805908203125,0.4064510890415737,3.9305157652650817,4.437616582989707,75.33680868892266,73.94166115971016,0.01869187875019301,0.0,,,0,-0.2734998339690247,0.045166340229466535,0.25741829542252,-1.670938254309802,2.0990336945877144,0.12631502894326005,0.45949316368464316,0.0
2021-11-17,74.45950317382812,74.55229949951172,74.2218017578125,74.45860290527344,0,74.392138671875,74.31586990356445,74.60615997314453,74.4228562927246,74.24713538674747,74.24713538674747,74.40874601425618,74.51231493348313,74.45538051472266,74.26587206700734,36.46434308863589,0.712098043974738,-0.07935342765965459,-0.038455545623858556,-0.04089788203579603,-0.626860680814445,-0.25339508056640625,0.3894865853445871,3.9229461347902506,4.436916387299006,75.26962921227688,73.94269073401217,0.017785910422709827,0.0,,,0,-0.19778134663974936,0.048031766488823784,0.28481572713135206,-1.6398865165311953,2.131275967273413,0.03278887806176014,0.4452839110233954,0.0
2021-11-18,74.25959777832031,74.33519744873047,74.01799774169922,74.25980377197266,0,74.36311950683594,74.29830017089844,74.57869033813476,74.4322723388672,74.24731898653334,74.24731898653334,74.37895756579948,74.48826625143451,74.4477108385364,74.26581168596222,37.38854552355853,0.7710582067348694,-0.08819890408899766,-0.04840421731688638,-0.03979468677211129,-0.7618597068444921,-0.17569732666015625,0.3986723763602121,3.770231981416384,4.470492726952252,75.25218186580527,73.90519881046426,0.0180612323605293,0.0,,,0,-0.42758402529770406,-0.23171208062725898,0.016815133003761192,-1.9025009700518538,1.8585927802006283,-0.267269488263566,0.4285440253844512,0.0
2021-11-19,74.17569732666016,74.48280334472656,74.15799713134766,74.17440032958984,0,74.33358001708984,74.26792984008789,74.54414024353028,74.44500030517578,74.24627729143415,74.24627729143415,74.33804611855756,74.45837425887787,74.43699277936203,74.26490212022718,31.92009455745719,0.42219442232585896,-0.10093681516715947,-0.058910736886941,-0.04202607828021847,-0.7195600047423367,-0.30370330810546875,0.3940800258091518,3.7557365231018296,4.474454955394199,75.22653988039366,73.8617406066669,0.018308605737058073,0.0,,,0,-0.496001312420429,-0.36348979041796664,-0.09680884276820566,-2.015319260442545,1.7414489955710564,-0.11325971931027871,0.4379921599063872,0.0
2021-11-22,74.31069946289062,74.7343978881836,74.2655029296875,74.30259704589844,0,74.3261001586914,74.27907943725586,74.50958518981933,74.46056625366211,74.24707052741252,74.24707052741252,74.33095630402573,74.44353833383221,74.4317223584419,74.26527719411446,37.532424895103894,0.7802370953025567,-0.09953986425314554,-0.0670365623601819,-0.03250330189296363,-0.17854928195925046,0.1114959716796875,0.41157967703683035,3.756861958203285,4.081177327103531,75.16561612667651,73.85355425296216,0.017609303157060528,0.0,,,0,-0.2778006928820985,-0.21215149939301128,0.07478614050559575,-1.8459708833266986,1.917290250987413,0.18375495143222406,0.6313765341898114,0.0
2021-11-23,74.42980194091797,74.58149719238281,74.35900115966797,74.42980194091797,0,74.32504119873047,74.33020935058593,74.47658042907715,74.47834625244141,74.24960846371121,74.24960846371121,74.35072543140419,74.44223010593561,74.43164704795078,74.26691425627172,43.35699250713008,1.0,-0.08716363058103127,-0.07106197600435178,-0.01610165457667949,-0.06485355348507804,0.5112991333007812,0.40136500767299105,3.786227928514105,4.083228976951308,75.0734328585853,73.87972799956898,0.016027922497771865,0.0,,,0,-0.06280966162742024,-0.06517909428185228,0.2426860975230929,-1.6779327061171219,2.0917710729571155,0.17119845076337487,0.2992186947711782,0.0
2021-11-24,74.4469985961914,74.73249816894531,74.19149780273438,74.4469985961914,0,74.32272033691406,74.35742950439453,74.45448532104493,74.49427017211914,74.25231243812874,74.25231243812874,74.36998006436163,74.44268424786473,74.4322490694504,74.26870614025101,50.30829217997554,1.0,-0.07510202052458226,-0.07186998490839788,-0.0032320356161843755,0.34491673296055403,0.2722015380859375,0.4059366498674665,3.697902858736129,3.894259657609466,75.01890566898862,73.89006497310123,0.01516148679317132,0.0,,,0,-0.010055438327508187,-0.0634566602485221,0.26219541408207264,-1.655215855434558,2.115358895947562,0.023104529133488927,0.7291945603381504,0.0
2021-11-25,74.62480163574219,74.62480163574219,74.44730377197266,74.625,0,74.39575958251953,74.37943954467774,74.43323516845703,74.51801010131835,74.25734875653241,74.25734875653241,74.4209840514893,74.46004765283,74.43980792947195,74.27225135278583,53.67221294028792,1.0,-0.05059663546970228,-0.06761531502065876,0.017018679550956484,0.9557785473842229,0.22010040283203125,0.3807868957519531,3.7197897607078763,3.9155860826234767,74.93136040572524,73.93510993118882,0.01338448439439336,0.0,,,0,0.2576333422952358,0.14357589331247325,0.49510418783332755,-1.4200752861023065,2.35951484013128,0.238831709677383,0.23842080878200222,0.0
2021-11-26,74.50679779052734,75.11589813232422,74.47149658203125,74.50579833984375,0,74.46203918457032,74.39780960083007,74.41866493225098,74.53682800292968,74.26066141764323,74.26066141764323,74.43794690916019,74.46440486111703,74.44239578870223,74.27457520340333,58.5874652320914,1.0,-0.040329624222991356,-0.06215817686112528,0.021828552638133922,0.4462449441944294,0.1837005615234375,0.3860222952706473,3.574724873231733,3.934278524925931,74.88819067757638,73.94913918692558,0.012618494184297556,0.0,,,0,0.11708542161042215,-0.04162997529853514,0.33010333805386044,-1.5775411579143632,2.196011669588808,-0.15839492056637353,0.8652995842283802,0.0
2021-11-29,75.05280303955078,75.15650177001953,74.5354995727539,74.98159790039062,0,74.59783935546875,74.46196975708008,74.42132987976075,74.56253799438477,74.27014742399517,74.27014742399517,74.54667710740628,74.51366134104785,74.46354096955275,74.28161025511466,76.11376397124417,1.0,0.006129447814174682,-0.048500651926065286,0.05463009974023997,0.7750810851770984,0.6416015625,0.4067295619419643,4.22424769075564,4.116154527212763,74.90347053988823,73.93918921963326,0.012957055750185003,0.0,,,0,0.7528325837969805,0.5620247342404237,0.9579225315575455,-0.949008027494041,2.848642988566708,0.7341773551797611,0.8331629905552137,0.0
2021-11-30,75.05500030517578,75.20649719238281,74.84300231933594,75.05490112304688,0,74.72285919189453,74.5239501953125,74.4325798034668,74.59045608520508,74.28033903047636,74.28033903047636,74.6483219105344,74.56520798695252,74.48673156380744,74.2893046916115,73.75428827945785,0.9466105502646893,0.048306704946185164,-0.029139180551615195,0.07744588549780036,0.9859831283453468,0.6198043823242188,0.3977296011788504,4.205408161307126,4.110908951467328,74.9629486470488,73.90221095988478,0.014250986462713148,0.0,,,0,0.8360872634312422,0.6226601394034386,1.0427551929356782,-0.8521741759598473,2.9491894851471017,0.09789389242233508,0.4856764985134287,0.0
2021-12-01,75.05619812011719,75.07929992675781,74.71900177001953,75.0509033203125,0,74.84364013671875,74.5831802368164,74.44952507019043,74.6156201171875,74.29021805983324,74.29021805983324,74.72883819249003,74.61146468536775,74.50885594641548,74.29688278741948,69.85978787580274,0.8584870598346288,0.0804821477238562,-0.007214914896520916,0.08769706262037712,0.9562913874661128,0.5923004150390625,0.3946293422154018,4.156918964400511,4.050698853397385,75.0361549424194,73.86289519796146,0.015759130005890524,0.0,,,0,0.8077664022102126,0.5833674000716771,1.0239373101134375,-0.8574552894281985,2.94370589186982,0.0017280644580240946,0.48220418930014175,0.0
2021-12-02,75.01789855957031,75.25980377197266,74.8677978515625,75.01789855957031,0,74.9222198486328,74.65898971557617,74.4786449432373,74.63848007202148,74.29942920539952,74.29942920539952,74.78665026590609,74.65017267338705,74.52881840183332,74.30405707370953,72.06629566900557,0.9084152016357365,0.10214079408335408,0.014656226899454082,0.08748456718389999,0.7829664289652483,0.7580947875976562,0.405829838344029,3.9006878216312093,3.9147740099950097,75.11781081327258,73.83947907320201,0.017163735202819948,0.0,,,0,0.724037899379073,0.5083416585958308,0.966991754653453,-0.9010547109245476,2.8984348527142427,-0.0439765003244868,0.5235975034117757,0.0
2021-12-03,74.98090362548828,75.32839965820312,74.92900085449219,74.9834976196289,0,75.01775970458985,74.73989944458008,74.50391464233398,74.66135009765625,74.30798006057739,74.30798006057739,74.82601973665065,74.68191790636246,74.54664895939393,74.3108176761565,70.19630003879068,0.866101547779433,0.11520158683026693,0.03476529888561665,0.08043628794465028,0.7049483791996991,0.8090972900390625,0.4146581377301897,3.911439464199709,3.842266923041107,75.18178073262409,73.82604855204387,0.01819679123021378,0.0,,,0,0.6437017163423251,0.4314782970724308,0.9090780808478685,-0.9464984907504926,2.8512487418606836,-0.0493148099218672,0.5330363399433913,0.0
2021-12-06,75.47229766845703,75.47250366210938,75.0770034790039,75.23400115966797,0,75.06824035644532,74.83303985595703,74.55605964660644,74.6897721862793,74.31941241982543,74.31941241982543,74.90761602125411,74.73449726382013,74.57360394763997,74.32000358146507,72.84516236004572,0.9260391441906666,0.14410475144330803,0.05663318939715493,0.08747156204615311,1.3118771370400406,0.9314041137695312,0.425208500453404,3.7160023338636647,3.8897582700208773,75.29068143081624,73.82143786239665,0.019706561416788355,0.0,,,0,0.9093043761633184,0.7286526085945753,1.2306189056986778,-0.615582308269881,3.194852370994805,0.6518768320299968,0.5267927125195861,0.0
2021-12-07,75.39129638671875,75.48639678955078,75.25800323486328,75.39129638671875,0,75.1355194091797,74.9291893005371,74.62969932556152,74.7210920715332,74.33248417551924,74.33248417551924,75.00435209434704,74.79704956123905,74.60567031779992,74.3306632113681,74.77524947510923,0.9697125286519576,0.17765522899382802,0.08083759731648955,0.09681763167733846,1.6405876579004275,0.9614944458007812,0.41962977818080355,3.361713313909958,3.90523991483736,75.39004747026455,73.86935118085849,0.02037655656057568,0.0,,,0,1.0205013125335969,0.8969412740166225,1.4244273186126337,-0.4077946815962266,3.410606650761455,0.20907465325013885,0.3034807527044468,0.0
2021-12-08,75.408203125,75.56050109863281,75.32550048828125,75.40859985351562,0,75.20705871582031,75.02534942626953,74.69138946533204,74.74599807739258,74.34544942465173,74.34544942465173,75.08520164618076,74.85529244621777,74.6371577505731,74.34138894910092,83.77196327081717,1.0,0.20329698819818987,0.10532947549282962,0.09796751270536025,1.48851164237771,0.9616012573242188,0.4049437386648996,3.239677658446236,3.8988913977483026,75.49529449678666,73.88748443387742,0.021526043020735363,0.0,,,0,0.9602316857641011,0.8864712401551946,1.43001412607154,-0.3849367324622184,3.434340981969234,0.022425318427377994,0.3119801512478801,0.0
2021-12-09,75.3832015991211,75.90299987792969,75.34649658203125,75.38330078125,0,75.28013916015625,75.10117950439454,74.74030952453613,74.76722412109375,74.35780479794457,74.35780479794457,75.14482147319461,74.90557895431608,74.66641826158005,74.35175623101284,86.84079590422736,1.0,0.21905175117530007,0.1280739306293237,0.09097782054597636,1.28107131211892,0.75830078125,0.4214935302734375,3.148173119310618,3.8416162878888125,75.58865801968169,73.89196102939057,0.022701230448264543,0.0,,,0,0.8603005002311178,0.8239929560022837,1.379136979758956,-0.6846884807128689,3.3996394642068912,-0.03368084600943185,0.7385921325387188,0.0
2021-12-10,75.59929656982422,75.9738998413086,75.49150085449219,75.59919738769531,0,75.40327911376953,75.21051940917968,74.80416450500488,74.79412002563477,74.37240941664751,74.37240941664751,75.23569665609476,74.97163785273315,74.7029978351532,74.36416858083058,87.50849717055256,1.0,0.24612143150143595,0.15168343080374616,0.09443800069768979,1.5476766199179703,1.0933990478515625,0.4236793518066406,3.1683093741177766,3.8648335495910215,75.71025967602236,73.8980693339874,0.024225794834106057,0.0,,,0,1.0628190127532842,1.0763912481149769,1.6495202732711176,-0.49319892015013783,3.6957744309254568,0.2865300223467306,0.6390109897883964,1.0
2021-12-13,75.94229888916016,75.97109985351562,75.3604965209961,75.70999908447266,0,75.49847869873047,75.28335952758789,74.87266464233399,74.82527801513672,74.38796278487804,74.38796278487804,75.33055714177034,75.04195797004168,74.74248808022456,74.37755992912552,87.38881263480633,0.9967826914992391,0.27336394965941224,0.1760195345748794,0.09734441508453284,1.4539351215713925,0.7284011840820312,0.4473724365234375,3.1667835167558422,3.86072530475289,75.8363231319274,73.90900615274057,0.025741263362184342,0.0,,,0,1.1183446537379265,1.18238260224969,1.7772180472501995,-0.34735712841800065,3.847755776662036,0.45384278315193816,0.8102432450792196,1.0
2021-12-14,75.82849884033203,76.25900268554688,75.76799774169922,75.82689666748047,0,75.58559875488281,75.36055908203124,74.94225463867187,74.85035995483399,74.40450225479302,74.40450225479302,75.42982504691237,75.11671403646442,74.78501390717577,74.39198119020368,88.08282518613348,1.0,0.3009177075483791,0.20099916916957933,0.09991853837879977,1.7731483415703853,0.7719955444335938,0.447944096156529,3.1722153049197788,3.8619303571787644,75.97164042786078,73.91286884948296,0.027471439020670233,0.0,,,0,1.1804315643742382,1.3046519926366917,1.9117047619195982,-0.5666295163184738,4.008098555659204,0.15651797291287786,0.648037375253787,1.0
2021-12-15,76.04570007324219,76.4822998046875,76.01349639892578,76.04720306396484,0,75.71331939697265,75.46018905639649,75.02168464660645,74.88003997802734,74.4231693094427,74.4231693094427,75.55330065032287,75.2053320390835,74.8345115211675,74.40845105959434,88.35475229312495,1.0,0.33665044740827454,0.2281294248173184,0.10852102259095614,1.4211555813865573,0.9962997436523438,0.4820583888462612,3.2382828824191625,3.8842975990371564,76.13562277578718,73.90774651742571,0.029696430690086522,0.0,,,0,1.3669626617812654,1.5587105539473445,2.1821615090988744,-0.5688855353902287,4.310282218779046,0.2885564560570444,0.6167370637727222,1.0
2021-12-16,76.2114028930664,76.31300354003906,76.05599975585938,76.2114028930664,0,75.87893981933594,75.5795394897461,75.11926460266113,74.90906799316406,74.44326182161824,74.44326182161824,75.68492109887157,75.30114831089139,74.88850726124197,74.42639087883286,94.90773662452241,1.0,0.37390827329626575,0.2572851945131079,0.11662307878315786,1.5408744168798894,1.1935043334960938,0.4550154549734933,2.9407934893174636,3.8971833671155496,76.29252872437294,73.94600048094932,0.031237369745769492,0.0,,,0,1.4538724469443007,1.7385544030813396,2.3751526037171895,-0.35419556199654295,4.535507208308942,0.21591830137848816,0.3379138858271176,1.0
2021-12-17,76.1675033569336,76.36250305175781,75.87899780273438,76.1675033569336,0,75.99260101318359,75.69794006347657,75.21891975402832,74.93581802368163,74.46242006089952,74.46242006089952,75.78143755048397,75.38365831527636,74.93866397087693,74.44371538110252,90.4163871511256,0.8206899288059912,0.3953358573825767,0.28489532708700166,0.11044053029557505,1.487790269299638,1.1840057373046875,0.4430727277483259,2.8838875056839504,3.898366819191981,76.39284876911611,74.04499073894053,0.031213663235968612,0.0,,,0,1.2610970830307255,1.6436536835598643,2.289857480645356,-0.41159385708562696,4.475292330985504,-0.05760231994995386,0.6372056340022112,1.0
2021-12-20,76.05229949951172,76.17289733886719,75.78099822998047,76.00599670410156,0,76.05180053710937,75.77513961791992,75.30408973693848,74.94982192993164,74.47938244159405,74.47938244159405,75.82634938120749,75.44292863802161,74.98052015649358,74.45926046889356,80.5756948464127,0.42781574962930674,0.3947348770831667,0.30686323708623464,0.08787163999693204,1.3171498582389862,0.7719955444335938,0.4451016017368862,3.1264102919248846,3.931835705463633,76.44479899269791,74.16338048117905,0.03029607713855379,0.0,,,0,0.9320967421757185,1.4091758285393983,2.049713910698256,-0.6227625238810425,4.253761441506908,-0.15125066773163165,0.517146933981236,1.0
2021-12-21,75.75869750976562,75.78299713134766,75.4020004272461,75.75869750976562,0,76.03816070556641,75.8118797302246,75.37053451538085,74.95694381713867,74.49328804016113,74.49328804016113,75.81281900691913,75.473001863902,75.01103691544543,74.47219019069328,69.67609481310552,0.0,0.37003804935645235,0.3194981995402782,0.050539849816174154,1.0338273283397648,0.367401123046875,0.4625086103166853,3.482132938184468,4.005778734672801,76.44998608515152,74.29108294561019,0.028643861336830112,0.0,,,0,0.5150062910931843,1.0696189729705088,1.6986892415358001,-0.9461042578083229,3.9145530588927455,-0.32536800392039633,0.5052872628613861,1.0
2021-12-22,75.6864013671875,75.92980194091797,75.42310333251953,75.6864013671875,0,75.96600036621093,75.8396598815918,75.43250465393066,74.96099380493165,74.50611721572055,74.50611721572055,75.7875354789728,75.49332562611966,75.0375217959059,74.484271893942,68.18653538011938,0.0,0.34070451142352454,0.3237394619169275,0.016965049506597052,0.6013241360902866,0.277801513671875,0.47070094517299105,3.5366744213315036,3.9211657393386683,76.42773769695242,74.43727161090891,0.02638737895785609,0.0,,,0,0.3365879396709198,0.9677133738962368,1.5841439543140137,-1.0406308904576382,3.8153879255043393,-0.09542949516628861,0.6718082205720758,1.0
2021-12-23,75.45850372314453,75.4854965209961,75.00650024414062,75.45850372314453,0,75.81542053222657,75.84718017578125,75.47417984008788,74.96403793334962,74.51624898707612,74.51624898707612,75.72172912780715,75.49000925440774,75.05403089109173,74.49396574298878,61.69157965897995,0.0,0.2956598532740884,0.3181235401883597,-0.022463686914271308,0.08914468864023029,0.07520294189453125,0.49073682512555805,3.7346364796917624,3.9622022576206235,76.3939850379751,74.55437464220067,0.024374036255473495,0.0,,,0,-0.02077017196684709,0.6596039960314627,1.264495662190173,-1.3386052513554536,3.50279171408126,-0.3011077814855255,0.6386063545111039,0.0
2021-12-24,75.06739807128906,75.19200134277344,74.96900177001953,75.06739807128906,0,75.59539947509765,75.79400024414062,75.50225982666015,74.96548583984375,74.52205055638363,74.52205055638363,75.59086291650354,75.4497605703012,75.05455509423672,74.49967153730022,46.16476224933173,0.0,0.22579980012268663,0.29965879217522506,-0.07385899205253843,-0.4524706504156817,-0.53179931640625,0.4907722473144531,4.199324966982811,4.1105487122471045,76.32696220669675,74.67755744662355,0.021845766787112572,0.0,,,0,-0.5759585956360165,0.13594553587371747,0.7317934904284714,-1.8499727871830025,2.9663309465749412,-0.518305601831738,0.2974557050099137,0.0
2021-12-27,75.11519622802734,75.14299774169922,74.90859985351562,75.31500244140625,0,75.45720062255859,75.75450057983399,75.51893005371093,74.97166793823243,74.53031047185262,74.53031047185262,75.53569082148408,75.43692646278738,75.06476871569436,74.50778428261471,48.31380722095196,0.04408932772707555,0.1882448387157183,0.27737600148332375,-0.08913116276760547,-0.09060141853158843,-0.39499664306640625,0.4894866943359375,3.733813337096302,4.146157690481403,76.31219846010214,74.72566164731973,0.021008465184213128,0.0,,,0,-0.2700350920751174,0.45795233401594765,1.0528494576042104,-1.5262320383437369,3.305957924095767,0.06367365589638381,0.3129118534346667,0.0
2021-12-28,74.98030090332031,75.22480010986328,74.57949829101562,74.98030090332031,0,75.30152130126953,75.66984100341797,75.51520004272462,74.96656402587891,74.53494954846569,74.53494954846569,75.42461283785133,75.3934383142667,75.061456252464,74.51248594053217,41.69870581554914,0.0,0.1299763577807198,0.24789607274280295,-0.11791971496208314,-0.8186548346553413,-0.8465957641601562,0.5252369471958706,4.070598808492585,4.101473818135923,76.31829607621209,74.71210400923714,0.02126978497131984,0.0,,,0,-0.7083330761246345,0.01832400566826137,0.5975067502595368,-1.9638516430636046,2.8468639602133914,-0.444402213684225,0.8652536335517208,0.0
2021-12-29,74.73860168457031,74.8364028930664,74.50299835205078,74.74500274658203,0,75.11324157714844,75.53962097167968,75.49990501403809,74.95906204223633,74.53709294844647,74.53709294844647,75.28869081959748,75.33168254591578,75.04904631105687,74.51479954059236,38.55978208848279,0.0,0.06407297864417671,0.21113145392307772,-0.147058475278901,-1.2745956274731185,-1.3022003173828125,0.5195797511509487,4.2161102196752465,4.154545018868959,76.35048117242263,74.64932885565355,0.022531847112294754,0.0,,,0,-0.9998718108528712,-0.28556826862865636,0.27893467522185345,-2.2715021155770634,2.5241168223037413,-0.3223502917941704,0.447504863415269,0.0
2021-12-30,74.57029724121094,74.64620208740234,74.29399871826172,74.57029724121094,0,74.93560028076172,75.37551040649414,75.47752494812012,74.95428405761719,74.53742834534307,74.53742834534307,75.14501210392017,75.25916965975341,75.03027183772959,74.51535175651891,31.282650574317003,0.0,-0.002227520864408916,0.1684596589655804,-0.17068717982998932,-1.6571948497114741,-1.6411056518554688,0.5096086774553571,4.283612521950927,4.146926742097699,76.40185709369736,74.55319280254288,0.024492910868833696,0.0,,,0,-1.2019839118105295,-0.5122946890014715,0.044097169163896416,-2.4999281773158426,2.284481703111981,-0.2337353655112184,0.47406705146704164,0.0
2021-12-31,74.43229675292969,74.64250183105469,74.08999633789062,74.43119812011719,0,74.80836029052735,75.2018798828125,75.44990997314453,74.94559997558594,74.53636604309082,74.53636604309082,75.00224930715957,75.1803152274071,75.0067787507644,74.51451440690298,26.973620944986166,0.0,-0.06524319799268596,0.12171908757392713,-0.1869622855666131,-2.125002470489812,-1.7363052368164062,0.5054588317871094,4.319588279417221,4.158455513919266,76.4649378120933,74.43488213419576,0.02690600530365258,0.0,,,0,-1.3501829934455043,-0.6863669857020529,-0.14109612335116473,-2.681799174198738,2.0936861446550976,-0.18506093362463447,0.7457221223825379,0.0
2022-01-03,74.51589965820312,74.52030181884766,74.1520004272461,74.51380157470703,0,74.6481201171875,75.05266036987305,75.41389999389648,74.93600204467774,74.53933609008789,74.53614263251276,74.90455976066907,75.11683773667377,74.98744631248763,74.5145073140453,26.060456007210647,0.0,-0.10728149340519622,0.07591897137810247,-0.18320046478329868,-2.2274899213459043,-1.4921951293945312,0.49255153111049105,4.134675248419562,3.9459037133117505,76.50911303604367,74.31868695174929,0.029045389304513707,0.0,,,0,-1.1935444517022666,-0.5634147251663938,-0.029973455851990106,-2.5737958128971195,2.2069893210160387,0.11379843429262823,0.4966843638465557,0.0
2022-01-04,74.4032974243164,74.77030181884766,74.4032974243164,74.4032974243164,0,74.53271942138672,74.91712036132813,75.36450004577637,74.92227005004882,74.54201904296875,74.53484022851084,74.80430729339855,75.04888151644926,74.9645385129515,74.51340074797835,18.77934136248247,0.0,-0.1478100446181827,0.031173168178845433,-0.17898321279702814,-2.316218669200465,-1.3554000854492188,0.4719516209193638,4.033445296751512,3.9429192124249566,76.54945704429646,74.17954304725627,0.031446025590307125,0.0,,,0,-1.2754050260747791,-0.6926813955126264,-0.17648498848478283,-2.7182791125269934,2.0554161053134554,-0.14830024512953388,0.493263614968906,0.0
2022-01-05,74.53500366210938,74.61499786376953,74.20539855957031,74.53489685058594,0,74.4906982421875,74.80196990966797,75.32081489562988,74.91518997192382,74.54372299194335,74.53484077823973,74.75042520483603,74.99993059589085,74.94768982030972,74.51361463954659,17.760993887964602,0.0,-0.16738077814966346,-0.008537621086856344,-0.1588431570628071,-1.9355049829064885,-1.1515045166015625,0.4822229657854353,4.114516304121148,3.955143002667292,76.5620124066256,74.07961738463416,0.03295762300807854,0.0,,,0,-1.0434274325536292,-0.5076315250357224,7.522971220714301e-05,-2.5462139071061363,2.2359246939391015,0.17701666774505703,0.5519804652358309,0.0
2022-01-06,74.4302978515625,74.70349884033203,74.31999969482422,74.43009948730469,0,74.46265869140625,74.69912948608399,75.27315483093261,74.90279190063477,74.54532600402833,74.53383365044228,74.68636006132976,74.94566096650169,74.92739216019189,74.51278364300687,17.35453072809898,0.0,-0.18916640430475695,-0.044663377730436465,-0.1445030265743205,-1.7537234220396658,-1.0284042358398438,0.4750796726771763,4.123548455040268,3.937911401831057,76.57592542580232,73.9703842360629,0.03461448102702227,0.0,,,0,-1.1199946986697578,-0.6310744917988484,-0.1391772810507682,-2.683235627881885,2.0921792029911117,-0.1403356057943149,0.5160106930604846,0.0
2022-01-07,74.41819763183594,74.63729858398438,74.22350311279297,74.41929626464844,0,74.4602783203125,74.63431930541992,75.21415977478027,74.89523376464844,74.54522598266601,74.53274281819661,74.63294730199351,74.89553099489662,74.90746683095489,74.51185342033665,18.396386977558407,0.01991255933723102,-0.20494096786545413,-0.07671889575744001,-0.12822207210801412,-1.6741516040533977,-0.648101806640625,0.4766436985560826,3.9184925136309876,3.851026308273737,76.5608841187044,73.86743543085615,0.035810393892765045,0.0,,,0,-1.056800358485631,-0.6354710120748024,-0.15221035649378412,-2.6973607557661645,2.07736094329525,-0.01599064834083698,0.5574992473241074,0.0
2022-01-10,74.23059844970703,74.46479797363281,73.98999786376953,74.2699966430664,0,74.41151733398438,74.52981872558594,75.14215965270996,74.88206771850587,74.54491096496582,74.53026408069539,74.56035717020809,74.83595629472231,74.8824680000573,74.50944688523944,19.143734562142015,0.03519837248779291,-0.2268743881276265,-0.10674999423147732,-0.12012439389614918,-1.575047239789873,-1.0450057983398438,0.4674154009137835,3.8471367630685966,3.8697321842776655,76.53059479795716,73.75372450746276,0.03695489061438301,0.0,,,0,-1.1606839804372104,-0.8173800404929205,-0.34921040578520685,-2.8925688260821683,1.8725738500831641,-0.2535603323503125,0.6417085059760156,0.0
2022-01-11,74.05699920654297,74.26730346679688,73.74479675292969,74.05699920654297,0,74.34225769042969,74.4374885559082,75.05366477966308,74.8666096496582,74.54442192077637,74.52584104448836,74.45968557747507,74.76176990537189,74.85009667482144,74.50494491828724,18.088689264827607,0.01655857921155604,-0.2584644771368687,-0.1370928908125556,-0.12137158632431311,-1.3459889255606705,-0.9233016967773438,0.46873692103794645,3.784846733809513,3.8496616108863706,76.4833430127348,73.62398654659135,0.03809749296770167,0.0,,,0,-1.3279372513601402,-1.081403908770335,-0.629099693977978,-3.1710612839023016,1.580415534977895,-0.2867879980486336,0.7085336686434487,0.0
2022-01-12,73.81539916992188,74.0343017578125,73.69750213623047,73.81529998779297,0,74.19833831787109,74.34451828002929,74.94206962585449,74.84867568969726,74.54112693786621,74.51926196063006,74.33080845953866,74.67162991322152,74.80951641258504,74.49808277967536,17.991427841088097,0.020572092927822364,-0.2995499321055206,-0.1695842990711486,-0.129965633034372,-1.9912399986709461,-0.9297027587890625,0.44585091727120535,3.5271544944124322,3.890319405150492,76.39347647558519,73.49066277612378,0.038734101072382905,0.0,,,0,-1.5035208444160584,-1.3806198872354027,-0.9446711552363586,-3.4870810941946524,1.2488883689009938,-0.32623525015816235,0.4570027637564354,0.0
2022-01-13,73.78279876708984,74.06379699707031,73.78279876708984,73.79910278320312,0,74.07213897705078,74.26739883422852,74.82145462036132,74.83594772338867,74.53811798095703,74.51265499569953,74.22446732427156,74.58853209131502,74.76989234868772,74.49112775483484,21.068716106620997,0.11997003157936996,-0.32961780138322183,-0.20159099953356327,-0.12802680184965856,-1.5753445983635483,-0.7711944580078125,0.4309577941894531,3.29452695280428,3.806438764484406,76.22898851641102,73.41392072431162,0.03762380464778251,0.0,,,0,-1.366388614529799,-1.3854904918395226,-0.9576255369475052,-3.5082588106482717,1.226671444229868,-0.044030466188581245,0.3808451762144397,0.0
2022-01-14,73.97209930419922,74.20320129394531,73.87550354003906,73.97229766845703,0,73.9827392578125,74.2215087890625,74.7116943359375,74.82583160400391,74.5362809753418,74.50774265636097,74.17403339310866,74.52984309866187,74.73861412593358,74.48596526641316,18.295051252949975,0.038634314840097016,-0.33560280439952805,-0.22839336050675624,-0.10720944389277182,-1.0337882797928355,-0.45890045166015625,0.4430792672293527,3.567618602679813,3.8377861092804104,76.0158370753415,73.4075515965335,0.03491134155089525,0.0,,,0,-0.9896665763672846,-1.1406942191621503,-0.7186434171995826,-3.2818078727238196,1.4642345186336476,0.23441547996091386,0.44358107654541307,0.0
2022-01-17,74.15609741210938,74.36000061035156,74.12470245361328,74.37899780273438,0,74.0045394897461,74.20802841186523,74.63034439086914,74.82958953857423,74.54510498046875,74.50658279281478,74.21502627503381,74.51547688000211,74.7245115250238,74.48490091354074,36.26847676857783,0.891946325890499,-0.3040240603884712,-0.24351950048309923,-0.06050455990537196,-0.2565357059765683,-0.13480377197265625,0.418236323765346,4.322494433667009,3.992708976802372,75.78945988343311,73.47122889830517,0.03106284721113481,0.0,,,0,-0.33678872874867416,-0.6021571661936927,-0.17123988954800318,-2.750050674893822,2.022085485870434,0.24847104854865,0.3174355497555342,0.0
2022-01-18,74.25540161132812,74.61409759521484,74.14550018310547,74.25509643554688,0,74.04415893554688,74.19320831298828,74.5551643371582,74.83632141113281,74.5535439300537,74.5043373789106,74.22304030713643,74.49067874243495,74.70610309014236,74.48261430181941,38.212650662124005,1.0,-0.28570208727353474,-0.2519560178411863,-0.033746069432348424,-0.2365966006433462,-0.14820098876953125,0.4176145281110491,4.252525274639793,3.993683058978971,75.59504751903508,73.51528115528133,0.027895671376277756,0.0,,,0,-0.40247768786926896,-0.7766616057900936,-0.3345321254199643,-2.91205072915985,1.8521359537653554,-0.16617082114234438,0.6319971015802088,0.0
2022-01-19,74.61949920654297,74.83480072021484,74.3489990234375,74.61969757080078,0,74.20503845214844,74.20168838500976,74.50182914733887,74.84521942138672,74.56977394104004,74.50535826556451,74.3023717598693,74.50296624989836,74.70271463840348,74.4839783144461,51.089073606238074,1.0,-0.23900640994358469,-0.249366096261666,0.010359686318081318,0.14211594879853795,0.08480072021484375,0.4268074035644531,4.740685454808104,4.092323449072642,75.39672936199827,73.60692893267947,0.024023577002105487,0.0,,,0,0.15820876455101668,-0.3013176423683417,0.1534645398639971,-2.4353376384382237,2.352241753628014,0.49074445861422306,0.6534071785205897,0.0
2022-01-20,74.44930267333984,74.65249633789062,74.29650115966797,74.44920349121094,0,74.33505859375,74.20359878540039,74.45136413574218,74.84610549926758,74.58441497802734,74.50486567982456,74.33173810613764,74.49784598716622,74.69277302478808,74.48363229630446,50.391524490188665,0.9793224079374901,-0.2132984251088459,-0.242152562031102,0.028854136922256107,0.06169896830341415,0.01910400390625,0.4127709524972098,4.700585661027609,4.09103994965759,75.22468632504437,73.67804194643999,0.020773889055739677,0.0,,,0,-0.0029020885732932407,-0.5302907952378715,-0.07470946777197816,-2.658257294391606,2.1183832441482005,-0.22835109630304135,0.4791547013197831,0.0
2022-01-21,74.4384994506836,74.62999725341797,74.29440307617188,74.45220184326172,0,74.43103942871093,74.20688934326172,74.42060432434081,74.84870758056641,74.59839401245117,74.50440773341967,74.35583085356245,74.49349892584198,74.68333886080666,74.48331955547818,48.61248590832852,0.9265860009766296,-0.19048690548659408,-0.2318194307222004,0.04133252523560632,-0.1109480402045615,0.03290557861328125,0.4104347229003906,4.389483597881431,4.034995986825673,75.1376463200688,73.70356232861283,0.019269985838947516,0.0,,,0,0.04245802517699993,-0.5297429309355787,-0.07007087465851017,-2.654336972881351,2.122495939106162,-0.014377642775731522,0.45170855858686804,0.0
2022-01-24,74.42030334472656,74.7426986694336,74.31610107421875,74.41320037841797,0,74.43787994384766,74.22120971679688,74.37551422119141,74.85017166137695,74.61258102416993,74.50362146311792,74.36730475853356,74.48585144513493,74.67274519483064,74.48262185222384,50.230485119681795,0.9745486847218354,-0.1735550692973078,-0.2201665584372219,0.046611489139914114,-0.02270467056086911,0.1432037353515625,0.4146913800920759,4.165636927662253,4.017870385789905,74.95619499966895,73.79483344271387,0.015614837344199302,0.0,,,0,0.05067011316988239,-0.5837946303394492,-0.12136468392307145,-2.7053310786330704,2.068999510034662,-0.0428442648376063,0.5740311844250346,0.0
2022-01-25,74.6448974609375,74.83480072021484,74.53849792480469,74.6447982788086,0,74.5158203125,74.27998962402344,74.35873908996582,74.85436569213867,74.6279290008545,74.50482810256828,74.42280346258858,74.50098923881814,74.67164923733958,74.48423554801076,52.44411867506879,1.0,-0.13983650394068547,-0.20410054753791462,0.06426404359722915,0.30301551543598926,0.587799072265625,0.4155485970633371,4.102575409527059,4.063432496232363,74.88244494615785,73.8350332337738,0.014085926216645433,0.0,,,0,0.38470150562487443,-0.2799668548284642,0.18786725612952082,-2.402518661927434,2.386671184701026,0.31136556597655796,0.3975164561393094,0.0
2022-01-26,74.77999877929688,75.00150299072266,74.68599700927734,74.77999877929688,0,74.54788055419922,74.37645950317383,74.36048889160156,74.86079360961914,74.64182495117187,74.5071600574558,74.49424252593025,74.52756157600659,74.67589823898497,74.487178465735,57.67765307762361,1.0,-0.10104002102755771,-0.18348844223584326,0.08244842120828555,0.6866866288973705,0.9646987915039062,0.4136347089494978,4.010875355213829,4.068036964438713,74.88983228634723,73.8311454968559,0.014237222014968529,0.0,,,0,0.5641569789930374,-0.10792676169529684,0.366191278302207,-2.2257450805451504,2.5721191932252925,0.18112514683647316,0.42244328800500713,0.0
2022-01-27,74.90229797363281,75.31909942626953,74.90229797363281,74.8949966430664,0,74.63703918457031,74.48604888916016,74.37672386169433,74.87349746704102,74.6528849029541,74.51041918842732,74.57439334935748,74.56255539191704,74.68449033326267,74.49123635804676,59.98162194352749,1.0,-0.0603188441877478,-0.15885452262622418,0.09853567843847638,1.1315573754025365,1.0958938598632812,0.4225850786481585,3.9433830041137456,4.0045280153243965,74.9511578711233,73.80228985226536,0.015446606938405794,0.0,,,0,0.6968212022027472,0.02871399995018329,0.5161391639289244,-2.0753862863362933,2.729856218928485,0.16354532807213218,0.556460167328166,0.0
2022-01-28,75.20929718017578,75.36699676513672,74.87909698486328,75.20929718017578,0,74.78845825195313,74.60974884033203,74.41562881469727,74.89419540405274,74.66959785461425,74.5162431716919,74.70137411552115,74.6241498479417,74.70507099392593,74.49838124184905,68.4329672172382,1.0,-0.0026549865046803234,-0.1276146154019154,0.12495962889723508,1.8884935678827208,1.23699951171875,0.42352076939174105,4.101449722022979,4.090272811961566,75.10039808457455,73.73085954481999,0.018403910059872672,0.0,,,0,1.066534514483278,0.4207292359882838,0.9300710542895021,-1.664440828482642,3.1609671133004555,0.419654918481757,0.6515834190309023,0.0
2022-01-31,75.04609680175781,75.18879699707031,74.59020233154297,75.03900146484375,0,74.91361846923829,74.67574920654297,74.4418888092041,74.90892349243164,74.68474487304688,74.52056348816423,74.76889958538567,74.66365952574189,74.71816630651094,74.50376054755048,69.5994323286403,1.0,0.028968662439964987,-0.09629795983353932,0.12526662227350432,1.6800999400806038,0.660003662109375,0.4302275521414621,4.2107414341674625,4.035978770098881,75.18066181052197,73.70311580788623,0.019848314252513266,0.0,,,0,0.8021191632711777,0.1736481667971804,0.6956978750729158,-1.8871011247432339,2.927380690509972,-0.21699495213603234,0.8025111164958028,0.0
2022-02-01,74.55570220947266,74.86250305175781,74.43280029296875,74.55580139160156,0,74.89581909179688,74.70581970214843,74.44951400756835,74.91144348144532,74.69489486694336,74.5208523234383,74.72627994662885,74.65338732249043,74.71179905494586,74.50427836689428,63.47992989142058,0.8807216399669356,0.014869023577375629,-0.07406456315135634,0.08893358672873197,0.7888138418516988,0.3007049560546875,0.4478492736816406,4.824181276023095,4.187165405067257,75.18975653666568,73.70927147847102,0.019885758529520518,0.0,,,0,0.14276437589962496,-0.47475001590623933,0.04689837417796844,-2.5188813856351437,2.2645984450455,-0.6440640812598266,0.5773029593106067,0.0
2022-02-02,74.74490356445312,75.00409698486328,74.64779663085938,74.74549865722656,0,74.88891906738282,74.71839981079101,74.4600440979004,74.91741348266602,74.70584182739258,74.52267871639593,74.73012368874839,74.66215983056054,74.71312060797648,74.50667856878815,66.20440282792603,0.9338257390590967,0.01878539581663574,-0.055494571357757934,0.07427996717439367,0.49274777197751973,0.12580108642578125,0.4597990853445871,4.867236477734414,4.160180590306849,75.21131029724997,73.70877789855082,0.02017904255769187,0.0,,,0,0.38336608953770174,-0.22947245166070096,0.298996150794039,-2.270853716345087,2.524797039027068,0.25363844170664923,0.47730860130520153,0.0
2022-02-03,74.8147964477539,74.93450164794922,74.63420104980469,74.82240295410156,0,74.87440032958985,74.75571975708007,74.47965927124024,74.92136154174804,74.7196858215332,74.52509584734517,74.74857954181903,74.6774210804216,74.71740619017747,74.50982010496041,65.05202184079776,0.8635679532305008,0.027774515745505823,-0.03884075393710519,0.06661526968261101,0.7639967433711536,0.373199462890625,0.45238494873046875,4.8411996301457805,4.118499442119802,75.24792682966601,73.71139171281446,0.020630265120518274,0.0,,,0,0.46018427878828005,-0.13208327452956994,0.3989355577151978,-2.170301958524794,2.6302829555060825,0.09271165725328114,0.4023632515931074,0.0
2022-02-04,74.6438980102539,74.9280014038086,74.58509826660156,74.6438980102539,0,74.76132049560547,74.7748893737793,74.4908893585205,74.92412353515626,74.73047576904297,74.52604626464844,74.72764323550601,74.67422840707229,74.71452351645499,74.51115421347079,55.10268265226043,0.538125640583114,0.020261044206236534,-0.02702039430843685,0.04728143851467338,0.032431704015101204,0.1916961669921875,0.4491849626813616,4.930938761613247,4.142676042242082,75.26200267805636,73.71977603898465,0.020703560560930655,0.0,,,0,0.2054058597649159,-0.37401241640265587,0.15813497631011011,-2.4036957559177905,2.3854363297263705,-0.23857151975880383,0.4597475168314952,0.0
2022-02-07,74.64620208740234,74.78489685058594,74.53900146484375,74.64219665527344,0,74.68195953369141,74.79778900146485,74.50949935913086,74.9173355102539,74.73993675231934,74.52696809314546,74.7105539194595,74.67117776404383,74.71168716895768,74.51245811836435,57.82496314071917,0.4389622505289546,0.014007805489498537,-0.018814754348849775,0.03282255983834831,0.25922797694575284,0.22899627685546875,0.43327767508370535,4.865577007942244,4.1425695363090735,75.27611852400757,73.74288019425414,0.020577756432952572,0.0,,,0,0.17809446752955457,-0.3672565943603408,0.15461324279818603,-2.4059202640521082,2.383102663121726,0.003086758877625853,0.32988822081036845,0.0
2022-02-08,74.65660095214844,74.79450225830078,74.5779037475586,74.6583023071289,0,74.70245971679688,74.79913940429688,74.53956451416016,74.90940353393555,74.74992980957032,74.52800222081463,74.70010359699339,74.66995153005195,74.7095936449644,74.51390930432221,50.90834673713235,0.10939470577681676,0.01023369262024687,-0.013005064955030446,0.023238757575277318,0.2768225233970467,0.0135040283203125,0.407341548374721,4.724200199091382,4.135020596714086,75.27811303975037,73.80101598856996,0.019816282276505736,0.0,,,0,0.15929499151579815,-0.3352065494592883,0.17483373018401865,-2.3848622520720846,2.405194009320853,0.019297793366833266,0.2904325542259267,0.0
2022-02-09,74.69550323486328,74.94490051269531,74.61849975585938,74.69519805908203,0,74.69239959716796,74.7906593322754,74.58355941772462,74.90228942871094,74.75895477294922,74.52930843830109,74.69912248941112,74.67235596138815,74.70902911218471,74.51571317252879,56.176417627970594,0.3604112560330109,0.010103394173427205,-0.008383373129338918,0.018486767302766122,0.3789619035735603,-0.08480072021484375,0.4052276611328125,4.52056956703569,4.135671731745171,75.24080371380246,73.92631512164677,0.01762437462649862,0.0,,,0,0.14968264082457497,-0.2764820290653651,0.22258306732884306,-2.336621349213063,2.45580213353638,0.04982825296688107,0.4374260510515116,0.0
2022-02-10,74.80899810791016,75.28600311279297,74.76200103759766,74.80889892578125,0,74.6896987915039,74.78204956054688,74.63404922485351,74.89810943603516,74.76829475402832,74.53147580642108,74.72107777668515,74.68536005323512,74.712945575463,74.51863044370543,58.48428647646147,0.42613577639171496,0.018956324709066052,-0.0029154335616579236,0.021871758270723976,0.21984203957483572,-0.08609771728515625,0.4234570094517299,4.521324884375427,4.106804067670173,75.18393516085742,74.08416328884961,0.014735524649004001,0.0,,,0,0.23427604792145112,-0.11910916166728377,0.37222276408521665,-2.187958368380143,2.6117601308862555,0.1523525631970505,0.7008935928986075,0.0
2022-02-11,75.53839874267578,75.53929901123047,75.09400177001953,75.53839874267578,0,74.86859893798828,74.81495971679688,74.71235427856445,74.9092074584961,74.78527877807618,74.5392213674692,74.88454196988329,74.76660183318185,74.74531628790271,74.5287773919539,70.14605280412641,1.0,0.08387007249112344,0.014441667648898348,0.0694284048422251,1.014174880661911,0.3291015625,0.4451571873256138,5.524308014451793,4.542449544008154,75.30946634186834,74.11524221526055,0.015984292532867286,0.0,,,0,1.105633026944156,0.839938514271814,1.3404719782096512,-1.2341431473977045,3.6123798606455697,0.9751511215507612,0.5929864312927289,0.0
2022-02-14,75.64289855957031,75.70379638671875,75.38030242919922,75.34100341796875,0,75.00836029052735,74.84515991210938,74.76045455932618,74.91134750366211,74.8005598449707,74.54534184113713,74.97583425950037,74.8213067460187,74.76867656751314,74.53685924295903,62.61972789303802,0.608772226538941,0.11802600200196878,0.03515853451951244,0.08286746748245634,0.5955094397398941,0.302001953125,0.4381495884486607,5.408729367849814,4.571451421430988,75.3981112623764,74.12279785627595,0.017058663080872876,0.0,,,0,0.776545383605015,0.5735525105667495,1.0673525094663145,-1.4922359678425903,3.3416222101434334,0.13833999480252893,0.4291491902985827,0.0
2022-02-15,75.6854019165039,75.72720336914062,75.21499633789062,75.6854019165039,0,75.21378021240234,74.9581199645996,74.83196983337402,74.9172296142578,74.81916084289551,74.55397865988992,75.11774779090108,74.90360152416015,74.80462658119906,74.54828752826793,65.25481465103903,0.7457473289146863,0.17091470447051904,0.06230976850971376,0.10860493596080528,0.6330397360150064,1.1296005249023438,0.44925689697265625,5.506885195410911,4.647529769379597,75.54710411282616,74.11683555392187,0.019113068412992762,0.0,,,0,1.1404645434701222,1.0253613303659936,1.5175893720916753,-1.04193766429439,3.8140170271850184,0.457119606735975,0.6809905686214445,0.0
2022-02-16,75.17479705810547,75.29129791259766,74.96499633789062,75.17479705810547,0,75.30970001220703,75.0010498046875,74.85972480773925,74.91255355834961,74.82927581787109,74.55864646739529,75.12915764434196,74.92942967025017,74.8191430704895,74.55452145393797,54.159728870156215,0.16901090606651017,0.16967196465802203,0.08378220773937542,0.08588975691864661,0.18096668480502842,0.42929840087890625,0.4622072492327009,5.938938822645306,4.8668557601591615,75.58320981639994,74.13623979907857,0.019329085446648395,0.0,,,0,0.42088352739127427,0.35006616020850495,0.8263972321166282,-1.7095494642825793,3.1136449591022313,-0.6746411401259869,0.4352719144229505,0.0
2022-02-17,75.04949951171875,75.3030014038086,74.94629669189453,75.04199981689453,0,75.35632019042968,75.0230094909668,74.88936462402344,74.9057275390625,74.83647583007813,74.56225358194379,75.11172607885248,74.94015063659725,74.82788255074068,74.55937198491266,47.37094515528785,0.0,0.1561712123475445,0.09826000866100924,0.057911203686535254,0.6521268851222395,0.21959686279296875,0.45283617292131695,5.910903546644826,4.860193821318077,75.59025446487551,74.18847478317137,0.018718007406547957,0.0,,,0,0.2038142447026782,0.1819250440641808,0.6434170265836964,-1.8831808032329782,2.9314933854679337,-0.16667493799799885,0.4759470816556573,0.0
2022-02-18,75.0698013305664,75.26950073242188,74.48100280761719,75.06300354003906,0,75.26124114990235,75.0649200439453,74.9199047088623,74.89500366210937,74.84456184387207,74.56596284089265,75.10198157108981,74.95185091311552,74.83710298169356,74.56438324416766,50.39575911277499,0.13281227927110997,0.14548948161615272,0.10770590325203794,0.03778357836411478,0.4247812758177316,0.41910552978515625,0.46493639264787945,5.909599922419335,4.847500432374594,75.59327899962383,74.24653041810078,0.01797584482730597,0.0,,,0,0.19100242016168847,0.22431386569873685,0.6665785302162404,-1.855718601915591,2.9603031799189976,0.037047938140923484,1.058656429266078,1.0
2022-02-21,74.68689727783203,74.72650146484375,74.35299682617188,74.68240356445312,0,75.12952117919922,75.06894073486328,74.93336486816406,74.87445175170899,74.84986488342285,74.56681902268353,75.01806596976247,74.92618926086196,74.8310363378802,74.56555757571279,52.160587058872544,0.21030161426389335,0.10510135285829847,0.10718499317329006,-0.002083640314991586,-0.18710891941591257,0.0402069091796875,0.47235107421875,6.218551146915282,4.785317164872721,75.5740619294742,74.29266780685393,0.017100448176519546,0.0,,,0,-0.334912630912108,-0.2564936139936149,0.15500800930562908,-2.353350049398046,2.438252542074544,-0.501054107175999,0.5023397235017746,0.0
2022-02-22,74.5238037109375,74.99240112304688,74.5238037109375,74.51699829101562,0,74.89584045410156,75.05481033325195,74.92697486877441,74.84825378417969,74.84930686950683,74.56645536770786,74.91785243401311,74.88721869230517,74.8187211203561,74.56507439875062,46.06781993109823,0.0,0.05906577315433026,0.0975611491694981,-0.03849537601516784,-0.17000682255480237,-0.14130401611328125,0.4738012041364397,6.1732216110917575,4.800313468556377,75.58217499874587,74.27177473880295,0.017489031983980833,0.0,,,0,-0.5471681974039497,-0.4425694340434708,-0.06632617367735738,-2.5696161316940738,2.211374102663331,-0.2123657594640063,0.6287889087451413,0.0
2022-02-23,74.62300109863281,74.85900115966797,74.5,74.62300109863281,0,74.78548126220703,75.04759063720704,74.91912498474122,74.81976974487304,74.8499048614502,74.56686511938123,74.85888216693706,74.86205511195541,74.81104582538657,74.56565078382408,46.60259043380147,0.022209707229066428,0.030780961479322855,0.08420511163146306,-0.05342415015214021,-0.025716762770633395,-0.07219696044921875,0.4779941013881138,6.158938941625072,4.810691321654469,75.58540766814436,74.25284230133808,0.01778671823887001,0.0,,,0,-0.3952580681751364,-0.2629901788139534,0.07528274007725186,-2.431018302015983,2.356773043492639,0.14225319061190372,0.4818807512321728,0.0
2022-02-24,74.63980102539062,75.9010009765625,74.62950134277344,74.63300323486328,0,74.70368194580078,75.03000106811524,74.90602531433106,74.78820175170898,74.84863487243652,74.56734093316167,74.8137063805223,74.84024064747045,74.80406376301312,74.56632095746627,49.803067078552516,0.15512962131196995,0.00906760751324498,0.06917761080781944,-0.06011000329457446,-0.033886482124323436,-0.17589569091796875,0.5447867257254464,6.129403877028588,4.810373349305108,75.5844959426443,74.22755468601783,0.018115248418699097,0.0,,,0,-0.3644861388948165,-0.20751738002866799,0.08805772189256912,-2.417940588275665,2.3704924915585104,0.022513067700945487,1.7037493362699319,0.0
2022-02-25,75.4083023071289,75.65950012207031,75.06449890136719,75.4083023071289,0,74.77274169921876,75.01699142456054,74.91597557067871,74.7730177307129,74.85441787719726,74.57334780011858,74.93262556584362,74.89434175791412,74.82775939219414,74.57469888134352,60.8215847589324,0.6127428414549874,0.05379960538422779,0.06610200972310111,-0.012302404338873321,0.954685530765742,-0.130096435546875,0.6005439758300781,7.031656523404682,5.261994857981244,75.61858118287876,74.21336995847867,0.018757163791778414,0.0,,,0,0.6571718951797066,0.8496174097238155,1.1196419788585588,-1.404243204377034,3.4339328519352375,1.0388153211868338,0.7926532907186142,1.0
2022-02-28,75.0551986694336,75.78600311279297,74.9000015258789,75.06800079345703,0,74.84986114501953,74.98969116210938,74.91742553710938,74.7542578125,74.85203987121582,74.5768559773763,74.9597006113663,74.91088071368011,74.8371806236162,74.57960735808098,55.30160924079375,0.383491153955861,0.0610863820513714,0.06509888418875517,-0.004012502137383772,0.3463516659065302,-0.27300262451171875,0.6483584812709263,7.177832395160248,5.301556606048506,75.62121884103259,74.21363223318617,0.0187885074501016,0.0,,,0,0.20098829513711075,0.41969914508945644,0.658575384606892,-1.8491847327318318,2.9671576715156003,-0.4682556520861112,1.1829126420083418,1.0
2022-03-01,75.28479766845703,75.89510345458984,75.21219635009766,75.28479766845703,0,75.00342102050782,74.94963073730469,74.95387535095215,74.74477981567382,74.85086181640625,74.58184148224306,75.02472002278445,74.9464918522303,74.8547342332178,74.58662417708969,57.2901533875441,0.46607795163476645,0.0833935916105304,0.06875782567311023,0.014635765937420164,-0.3357247154293641,-0.400604248046875,0.6841229030064174,6.816322938327978,5.317655079098362,75.65431315408405,74.25343754782024,0.018689835578274933,0.0,,,0,0.44150127789314086,0.7224823648085289,0.9425299405906085,-1.565724539257481,3.2645274932088206,0.2888006510210621,0.9079738893854291,1.0
2022-03-02,75.80110168457031,76.09649658203125,75.42829895019531,75.80120086669922,0,75.23906097412109,75.01227111816407,75.00666046142578,74.74707580566407,74.85403480529786,74.59036847094556,75.1800161915674,75.02789271075115,74.8918505717857,74.59870951728482,61.158210266414784,0.626723332019121,0.1411149529014324,0.08322925111877466,0.05788570178265773,0.6108193783635141,0.62640380859375,0.6999010358537946,7.150318484471488,5.500304050299214,75.79462608005338,74.21869484279819,0.021010550630575747,0.0,,,0,1.0592931352837014,1.4102559192760733,1.6233093100019995,-0.8905314559415715,3.9728528645182006,0.6858011605304524,0.8858712726335548,1.0
2022-03-03,75.63829803466797,76.01899719238281,75.5719985961914,75.63099670410156,0,75.43865966796875,75.07117080688477,75.04709014892578,74.7505256652832,74.85728179931641,74.59759505589803,75.27021229407424,75.08533118630834,74.92083669462161,74.6089810315815,51.19105798765468,0.26701618108186254,0.17115255401442653,0.10081391169790503,0.0703386423165215,-0.07188336327045297,0.5889968872070312,0.6796580723353794,7.224629279075523,5.520498268563379,75.87710350949641,74.21707678835514,0.022119801285393686,0.0,,,0,0.7780535581287223,1.1778793941341852,1.3853015602301662,-1.1130720477285676,3.7393920201997157,-0.21490798320955895,0.5914870646466317,1.0
2022-03-04,75.88680267333984,76.52410125732422,75.88500213623047,75.8917007446289,0,75.53533935546875,75.15404052734375,75.10948028564454,74.76701171875,74.86624877929688,74.60651992271687,75.39450998418518,75.16212828710077,74.95890979462189,74.62174441181084,56.96992871806459,0.5682030430558224,0.21353273414199236,0.1233576761867225,0.09017505795526987,0.9536489815453963,0.8286972045898438,0.7203445434570312,7.207817223468155,5.534380951458552,75.99745052263259,74.22151004865648,0.023644691285602426,0.0,,,0,1.041440382771325,1.504258362109796,1.7226119422851034,-0.8264069780692584,4.09698718408904,0.33822900713459536,0.8421942453746325,1.0
2022-03-07,76.42070007324219,77.15679931640625,76.42070007324219,76.41799926757812,0,75.80533905029297,75.32760009765624,75.19827041625976,74.78907165527343,74.88036979675293,74.61892731548988,75.59920784086377,75.28173504714624,75.01612898963978,74.63961759445529,58.86401609910549,0.8479698592063513,0.2862870852562196,0.15594355800062193,0.13034352725559767,1.8336391008249908,1.735595703125,0.7741225106375558,7.51290413739945,5.703214404113561,76.23257945207096,74.16396138044855,0.02750885173517399,0.0,,,0,1.6220171615205514,2.178028923547731,2.411012884816394,-0.957530710674555,4.818885495246959,0.697045030514381,0.9632197067791571,1.0
2022-03-08,77.08080291748047,77.37349700927734,76.7300033569336,77.08080291748047,0,76.16454010009765,75.58398056030273,75.31939544677735,74.83108169555663,74.89882286071777,74.63567476856466,75.8955268561871,75.45307484432094,75.09709659465315,74.66390799567942,72.24240287467458,1.0,0.39289905224383403,0.20333465684926438,0.18956439539456965,2.688141004596356,2.5638046264648438,0.790914808000837,7.951934912975031,5.95656300242202,76.62044479745991,74.01834609609479,0.03454752505553278,0.0,,,0,2.338584185726472,3.0063994411795605,3.2760850042527676,-0.3782872729169524,5.728021308155129,0.8673397056386315,0.83864671470212,1.0
2022-03-09,76.91449737548828,77.2864990234375,76.31580352783203,76.91449737548828,0,76.38719940185547,75.81313018798828,75.43036041259765,74.87447158813477,74.91676681518555,74.65107221861143,76.09932096004734,75.59225794252735,75.16836721350944,74.68630191985663,71.68180838395295,0.9785824862260429,0.45868292556816925,0.25440431059304536,0.2042786149751239,2.9887814324411677,2.2914962768554688,0.8347712925502232,8.055863559107284,5.951499426788813,76.87760301930743,73.98311780588787,0.03837294688222315,0.0,,,0,1.9675591562502524,2.7245945701963303,3.0320062252401905,-0.5932259126584739,5.499908013769261,-0.2157548127388182,1.2719455875891557,1.0
2022-03-10,76.13490295410156,76.48100280761719,75.89869689941406,76.13490295410156,0,76.48798065185547,75.96332015991212,75.49666061401368,74.90576370239258,74.93002388000488,74.66103081415163,76.10643735885819,75.64393841982015,75.20627057588561,74.70071586049589,60.55700494126982,0.5535593457746939,0.44280597304134517,0.2920846430827053,0.15072132995863985,2.1711887222931825,1.5018997192382812,0.8510071890694755,9.05500464402067,6.304395209090761,76.94552074686936,74.04780048115799,0.03838209852123574,0.0,,,0,0.8453914847319941,1.6409141178941427,1.9740849059782435,-1.6007988562637534,4.430575930081256,-1.0135857972013038,0.7672146321231773,1.0
2022-03-11,76.310302734375,76.70649719238281,76.25450134277344,76.310302734375,0,76.57170104980469,76.05352020263672,75.53525581359864,74.94334579467774,74.94447288513183,74.67202596028646,76.14721043396156,75.707401687873,75.2495659546499,74.71673165028574,66.70832550272505,0.788570561606305,0.43931254857015745,0.3215302241801958,0.11778232438996167,2.2611012836538213,0.9020004272460938,0.8411205836704799,8.459719514606595,6.321045145107984,77.02921974903104,74.04129187816623,0.039556732001255646,0.0,,,0,1.02607307333277,1.8239870734385304,2.1939632051229454,-1.3741065300109974,4.6711633526856735,0.23038025067054782,0.5927464499146058,1.0
2022-03-14,76.75900268554688,76.75910186767578,76.34249877929688,76.75370025634766,0,76.63884124755859,76.22209014892579,75.60589065551758,74.98814376831055,74.96207290649414,74.68581188277693,76.26850839843878,75.80704917058488,75.30855161354,74.73699999462467,71.7176057141418,0.979531942297043,0.46693986677922794,0.35061215270000223,0.11632771407922571,2.8415003142922446,1.685699462890625,0.8397064208984375,8.57365651468522,6.413354817116081,77.1919314986082,74.01984981242697,0.04195548334499696,0.0,,,0,1.518148375580716,2.354447515719435,2.76878341607423,-0.8010452892614791,5.2793503574486556,0.5879939341005288,0.5457027147923061,1.0
2022-03-15,76.49009704589844,76.98149871826172,76.30449676513672,76.49009704589844,0,76.52070007324218,76.34262008666992,75.6461254119873,75.02987976074219,74.9760749053955,74.69768217990273,76.31282612793072,75.87210134918617,75.35488672853445,74.75444374637864,67.59050277883999,0.7926899379687288,0.46223577318320963,0.3729368767966437,0.0892988963865659,1.4345830706591345,1.2052993774414062,0.8624207632882255,8.594498779553806,6.417593758094682,77.28074228828862,74.01150853568598,0.04321746467248122,0.0,,,0,1.1156838890487286,1.9461810278953364,2.399558880125407,-1.1417345700078458,4.917778541946035,-0.3434403938426647,0.8872372950820901,1.0
2022-03-16,76.29319763183594,76.63800048828125,76.04199981689453,76.26589965820312,0,76.39098052978515,76.38908996582032,75.70068054199218,75.06449981689452,74.98984489440917,74.7079319673426,76.3034408339852,75.90960595004492,75.39061272577636,74.76948310868536,64.78722213547533,0.6458572704399491,0.4353978937327696,0.3854290801838689,0.049968813548900703,1.5957516546124761,0.46469879150390625,0.813706534249442,8.264101369555975,6.445067758418629,77.34188119576757,74.0594798882168,0.04336026154652571,0.0,,,0,0.7466499801113488,1.600490037553284,2.085411347675322,-1.4314944960306164,4.610257793766243,-0.25741817786470983,0.7837782709842713,1.0
2022-03-17,76.02420043945312,76.2385025024414,75.75900268554688,76.02420043945312,0,76.36884002685547,76.42841033935547,75.74979057312012,75.0963818359375,74.99958686828613,74.71647916521344,76.2475927550788,75.92051971094094,75.41545930278329,74.78196785824525,56.174158583798985,0.236711745633736,0.3901284163857497,0.38636894742424505,0.0037594689615046417,0.9821408755753325,0.3932037353515625,0.7765922546386719,8.33502932233526,6.448451518087708,77.36660237784838,74.13297876839187,0.042688218475470864,0.0,,,0,0.36225825082396557,1.2355037364418122,1.7502447771234546,-1.7438743523023568,4.278730627689342,-0.3169164985048504,0.6329278368206517,1.0
2022-03-18,75.98159790039062,76.20649719238281,75.9124984741211,75.98159790039062,0,76.3030990600586,76.43740005493164,75.7957202911377,75.12762786865234,75.01143081665039,74.72464122156943,76.19439378414117,75.92633668136472,75.43766081641495,74.79390447558004,59.7398203110639,0.4060910297793051,0.34681647613014377,0.3784584531654248,-0.031641977035281044,0.2379870392932748,0.08989715576171875,0.7343063354492188,8.345313609044833,6.354365442913728,77.38229219206058,74.20914839021482,0.04186441912099315,0.0,,,0,0.24523496648485615,1.1366923939503375,1.6821180513856706,-1.7989352461603554,4.2202947787192215,-0.05603812840679507,0.3872863153910607,1.0
2022-03-21,75.94640350341797,76.27729797363281,75.89199829101562,75.94640350341797,0,76.14163970947266,76.39024047851562,75.85892028808594,75.16115600585937,75.02161186218262,74.73247303106847,76.14479572799654,75.92824780727454,75.45761151002291,74.80537212759832,57.3374669586378,0.2919722708439852,0.3061227650473626,0.3639913155418124,-0.05786855049444983,0.41703377326944846,-0.47159576416015625,0.7027489798409599,8.08447044523746,6.322867958149511,77.35699595823242,74.36084461793946,0.03949636152102624,0.0,,,0,0.11532357038539094,1.0447517564756252,1.624368126884864,-1.8444216185398234,4.172020321108339,-0.046319632575765185,0.5076947389627513,1.0
2022-03-22,76.29000091552734,76.68900299072266,75.9844970703125,76.30709838867188,0,76.10503997802735,76.31287002563477,75.94842529296875,75.20615798950195,75.03638381958008,74.74250249194492,76.17725626013161,75.96432881502668,75.49092472095033,74.82031467745976,55.81130798906956,0.21947528892862764,0.2995250305150563,0.3510980585364612,-0.0515730280214049,0.5473558241114729,-0.7737045288085938,0.6978133065359933,8.11264860150592,6.318292552375793,77.31724975479878,74.57960083113872,0.03604615781169475,0.0,,,0,0.47225876549718365,1.463896612460391,2.0933148403688713,-1.3782479296206607,4.666768106165715,0.4524209129849202,0.9271706039697011,1.0
2022-03-23,76.10189819335938,76.5083999633789,75.97699737548828,76.10189819335938,0,76.07223968505859,76.23161010742187,76.02237014770508,75.25188995361329,75.05028282165527,74.75110626220703,76.16218464677716,75.97743066058217,75.51488446496637,74.83306675224483,55.36615985978188,0.0,0.2745732282723452,0.335793092483638,-0.061219864211292774,-0.41364740931245647,-0.8125991821289062,0.7038421630859375,8.227507974111886,6.30850120031908,77.24129372288192,74.80344657252823,0.03206749731187226,0.0,,,0,0.10461137359935425,1.1295506867270046,1.8070527630910562,-1.6434552722432847,4.385304890925679,-0.26891363928858664,0.69942562386924,1.0
2022-03-24,76.55249786376953,76.84149932861328,76.17839813232422,76.55239868164062,0,76.1778793334961,76.27335968017579,76.11833992004395,75.30695587158203,75.07145179748535,74.76243514534812,76.24022745374987,76.03218951973061,75.55557129699282,74.85017453263684,57.21681186570908,0.10966018943280596,0.28783241671118276,0.32620095732914695,-0.038368540617964186,-0.6855198906082105,0.4174957275390625,0.6928776332310268,8.401661633831052,6.38684182813514,77.16702989222327,75.06964994786463,0.02755419977053836,0.0,,,0,0.5702420232136132,1.6538217428180149,2.394201757624102,-1.0612139290256795,5.003234692141236,0.5921004352155246,0.8704583091091458,1.0
2022-03-25,76.32350158691406,76.60649871826172,76.11799621582031,76.32350158691406,0,76.24626007080079,76.2746795654297,76.1640998840332,75.35397994995117,75.08990577697755,74.77219181060791,76.25688228038271,76.05993352612903,75.58568621032308,74.86483450332618,48.89607843137255,0.0,0.27668093096045254,0.3162969520554081,-0.039616021094955545,-0.7683802257577588,0.0131988525390625,0.637406485421317,7.805296202698628,6.408359461184404,77.16092368581279,75.16727608225362,0.026175686532036467,0.0,,,0,0.20928718795805396,1.28662299935164,2.0747148622251186,-1.3570479078092894,4.689267582398838,-0.29900708360358447,0.6417700500895164,1.0
2022-03-28,76.27850341796875,76.62650299072266,76.043701171875,76.27850341796875,0,76.31268005371093,76.2271598815918,76.2246250152588,75.39197006225587,75.11077980041505,74.78154778332444,76.26120650789991,76.08074970630425,75.61285551258369,74.8789008606858,39.04646235701206,0.0,0.2612013553600008,0.3052778327163267,-0.044076477356325916,0.1886131830413751,-0.47519683837890625,0.6107853480747768,7.584428030455309,6.4099960851491735,77.07788664084191,75.37136338967568,0.022388083258194007,0.0,,,0,0.07068372287718014,1.1758989120204961,2.0017713981818854,-1.4152049908992743,4.6275457634114145,-0.058957159996217465,0.7664038044786902,1.0
2022-03-29,76.03410339355469,76.29949951171875,75.564697265625,76.03410339355469,0,76.2580810546875,76.18156051635742,76.26209030151367,75.42755020141601,75.13193580627441,74.78927960807894,76.21578588503087,76.0763072003281,75.62937503732765,74.89039541325167,38.23122064051858,0.0,0.22660053087237486,0.2895423723475363,-0.06294184147516146,-0.3619423995495419,-0.45599365234375,0.5939358302525112,7.670268592643242,6.44121341073922,76.99954156678626,75.52463903624107,0.019339917444092396,0.0,,,0,-0.2989518213539625,0.8041533770074499,1.6644414707549553,-1.731075455413445,4.292314032410547,-0.3204048499416282,0.9724147289451492,0.0
2022-03-30,75.66670227050781,75.97200012207031,75.5615005493164,75.66670227050781,0,76.1710418701172,76.12164077758788,76.2553653717041,75.44849029541015,75.14685485839844,74.79466256919814,76.10596916212626,76.03729720701187,75.63083885039354,74.89811985959253,42.96612811531478,0.14139798799978043,0.1676009288698026,0.2651540836519896,-0.09755315478218701,-1.41621574231523,-0.5991973876953125,0.555135999407087,7.508431383977474,6.521573159790081,77.01269816983188,75.49803257357632,0.019863069160738656,0.0,,,0,-0.7719628623204039,0.28921980313095064,1.1659116725112373,-2.2059165020871174,3.788367624279258,-0.48320570197980284,0.5432655118938344,0.0
2022-03-31,75.82779693603516,76.05829620361328,75.6395034790039,75.82779693603516,0,76.0261215209961,76.1020004272461,76.26520538330078,75.47606216430664,75.16108383178711,74.80096216899592,76.05033471690804,76.01734480025219,75.6385626968893,74.90737037776609,42.719928538045885,0.1340457588258161,0.13231704388000765,0.23858667569759323,-0.10626963181758559,-0.8658638640056449,-0.19640350341796875,0.5442216055733817,7.502156833314058,6.5234067889798855,76.99291536187488,75.53749540472668,0.0190836692805508,0.0,,,0,-0.5735360510304232,0.4660216254563092,1.3727560946600275,-1.9977125669489293,4.009333410633859,0.21290033884578674,0.5536693200605474,0.0
2022-04-01,75.9092025756836,76.15579986572266,75.84300231933594,75.9092025756836,0,75.94326171875,76.09476089477539,76.26608047485351,75.50520217895507,75.17695487976074,74.8076787775213,76.02210828866316,76.00704554076947,75.64917602546946,74.91733885734736,35.69563981287638,0.0,0.10965898508354144,0.21280113757478286,-0.10314215249124142,-0.4677019272284477,-0.07239532470703125,0.5355933053152901,7.4100574925939116,6.524552699879186,76.99193903430604,75.54022191540098,0.019034898736978185,0.0,,,0,-0.4679379049610215,0.5350629957535877,1.4724742381570637,-1.892501295912961,4.120993601986149,0.10735593402127659,0.4124276951348641,0.0
2022-04-04,75.99479675292969,75.99639892578125,75.3656997680664,75.99479675292969,0,75.88652038574219,76.09960021972657,76.24492034912109,75.53683410644531,75.19350288391114,74.81483009062617,76.01664598151646,76.00587898954663,75.6627297794875,74.92805983143276,41.07206706676421,0.18481040990717482,0.097485295207548,0.18973796910133592,-0.09225267389378791,-0.0386767455013981,0.04839324951171875,0.5322859627859933,6.966966719635496,6.508171932912998,76.97678114971201,75.51305954853017,0.019197627782671273,0.0,,,0,-0.3280528001683247,0.6062772578461811,1.57718284045312,-1.7818766239586474,4.238399008432385,0.11275863049773704,0.8368517238687945,0.0
2022-04-05,75.47799682617188,75.54199981689453,75.25749969482422,75.47799682617188,0,75.77529907226562,76.01669006347656,76.16478004455567,75.55349807739258,75.20393188476562,74.81880114892286,75.90891615044755,75.95560449779666,75.65548534994572,74.93353184133066,37.15298683850421,0.06061121632894451,0.045610355475517395,0.16091244637617225,-0.11530209090065485,-0.6627934764927623,-0.8291015625,0.5423785618373326,6.488369783629906,6.641598375283082,76.86142142371509,75.46813866539625,0.018293005737084457,0.0,,,0,-0.9017070855873714,-0.09993084786539098,0.8810561879184917,-2.449805497195237,3.5295294637443444,-0.6800464621782008,0.37803557548946687,0.0
2022-04-06,75.45069885253906,76.03399658203125,75.37000274658203,75.45069885253906,0,75.73209838867187,75.95157012939453,76.0915901184082,75.56691207885743,75.21385284423827,74.82256244477772,75.81727269086586,75.90751824586735,75.64745450691017,74.9386777817407,39.94591095370063,0.17676922451753527,0.002270204165185419,0.12918399793397486,-0.12691379376878945,-0.6527032591564397,-0.6511993408203125,0.5535997663225446,6.478986155080232,6.601158095210217,76.76373034809056,75.41944988872585,0.01766661016378866,0.0,,,0,-0.8422629424248265,-0.15378850759058593,0.8395013311993129,-2.4850862776794633,3.4920861493433604,-0.03616679665688606,0.8809789190027996,0.0
2022-04-07,75.94509887695312,76.15450286865234,75.77459716796875,75.94509887695312,0,75.75555877685547,75.89084014892578,76.08209991455078,75.58791412353516,75.23070579528809,74.82920467218703,75.84283792808333,75.91109735358981,75.65912683514713,74.94869192199157,49.44763373867904,0.6354359007296667,0.007727692075690129,0.10489273676231792,-0.09716504468662779,-0.47439821374795077,-0.6072998046875,0.582871573311942,6.023015192152773,6.719534610078215,76.75701928164897,75.4071805474526,0.017741870107586367,0.0,,,0,-0.18007000037002746,0.47254214851624626,1.491254931352832,-1.846107759809472,4.170230827882356,0.6552623526792224,0.5013628773788936,0.0
2022-04-08,75.91320037841797,76.0625,75.70800018310547,75.91320037841797,0,75.75635833740235,75.84981002807618,76.06224479675294,75.6019921875,75.24809379577637,74.8355811175178,75.85691041815025,75.91129764166868,75.6690905035107,74.9582890210605,49.49701119242558,0.6412927393391017,0.009370827255466452,0.08578835486094763,-0.07641752760548118,-0.24795415018684652,-0.41030120849609375,0.5806715829031808,5.95471210669955,6.710615422094622,76.7322436553026,75.39224593820327,0.01761712030298278,0.0,,,0,-0.19595059116810243,0.4116401987743142,1.4399824853473486,-1.8873344068761435,4.126477195263431,-0.04200205017421659,0.4682461774675687,0.0
2022-04-11,75.91729736328125,76.13980102539062,75.76349639892578,75.91729736328125,0,75.74085845947266,75.81368942260742,76.0204246520996,75.61955810546876,75.2642407989502,74.84190694351642,75.86898780717645,75.91186904372702,75.67882410585466,74.96783139262489,43.37970425579334,0.35704674559792643,0.01087821882694584,0.07080632765414728,-0.05992810882720144,-0.829629546946764,-0.3612060546875,0.5545076642717633,5.512838652026456,6.627794408680658,76.60804937132545,75.43279993287376,0.015459653689519706,0.0,,,0,-0.1356573437866323,0.39373313633654067,1.436882708742887,-1.882039331660931,4.132096831885378,0.005396933396113304,0.4966832899097556,0.0
2022-04-12,75.83699798583984,76.20050048828125,75.8363037109375,75.83699798583984,0,75.81265869140626,75.79397888183594,75.98776969909667,75.64518203735352,75.27831275939941,74.84769235655318,75.86258984290913,75.90473846678537,75.68502700310898,74.97647981643797,45.301661962149154,0.44635218405813504,0.005529606970782197,0.057750983517474264,-0.052221376546692067,-0.6374230623056643,-0.19710540771484375,0.5425643920898438,5.410977391445277,6.621084754997114,76.53681952251908,75.43871987567427,0.01445100509191375,0.0,,,0,-0.19841576329173746,0.2535732525458183,1.3217583577244978,-1.9858208337840393,4.021954047069742,-0.10577217607886615,0.4802406756689325,0.0
2022-04-13,76.1498031616211,76.26349639892578,75.97599792480469,76.1498031616211,0,75.95247955322266,75.84228897094727,75.98196487426758,75.6732681274414,75.29534080505371,74.8552190086056,75.92003250665152,75.92807796153164,75.70325351912908,74.98815467559402,42.4927800145111,0.4924974493264259,0.026229203077761554,0.051446627429531724,-0.02521742435177017,-0.16872414976791816,0.48310089111328125,0.5201999119349888,5.55475643272844,6.600057252387445,76.52099700197915,75.442932746556,0.014188422965990712,0.0,,,0,0.22089227046346022,0.6297270436069411,1.7294507586260117,-1.5815413480788194,4.451013826399064,0.41247040902074794,0.37840697322019784,1.0
2022-04-14,76.12169647216797,76.32949829101562,76.05699920654297,76.12169647216797,0,75.98779907226563,75.87167892456054,75.98683967590333,75.69925399780273,75.31030776977539,74.86249761471804,75.96036529975481,75.94651781968747,75.71966304669924,74.9994336984455,45.932330063942274,0.7417154404115642,0.03990579798494309,0.049138461540614,-0.009232663555670907,0.11520235618469599,0.2938995361328125,0.5047710963657924,5.435214729702783,6.57913620711221,76.52923302074596,75.44444633106069,0.01427598113452371,0.0,,,0,0.17747388474087053,0.5580536822430279,1.6820155586184604,-1.6178673389407225,4.4124612354954245,-0.03690973355961418,0.35828271863927796,1.0
2022-04-15,76.30879974365234,76.59549713134766,76.23359680175781,76.30879974365234,0,76.0669189453125,75.91163864135743,76.00319976806641,75.7325520324707,75.32833778381348,74.87076219831194,76.03005218853433,75.98102086006507,75.74276644657975,75.01246221630825,50.57757815704424,1.0,0.06509192906497674,0.05232915504548655,0.012762774019490192,0.8485865696234995,0.39959716796875,0.4969852992466518,5.4943295606010665,6.592560149704767,76.56434199119016,75.44205754494266,0.01476627891552331,0.0,,,0,0.4020883022274226,0.7608983134947936,1.920693075798325,-1.3760490436374346,4.669101772770359,0.24579493121620685,0.4747255078767305,1.0
2022-04-18,76.3313980102539,76.45649719238281,76.07450103759766,76.3313980102539,0,76.14973907470703,75.94529876708984,76.0224494934082,75.7663360595703,75.3418357849121,74.87906126542525,76.09032135287825,76.014390112464,75.76585003731208,75.0255859555515,56.19131147697265,1.0,0.08588557520629081,0.0590404390776474,0.026845136128643407,0.664137815639787,0.33660125732421875,0.4717848641531808,5.48850720952402,6.589736716836228,76.60151590287136,75.44338308394505,0.015234089754326118,0.0,,,0,0.406391163274069,0.7457955341001665,1.9395765922873023,-1.346842315914048,4.700098725608736,0.029614234108619054,0.5021342888550338,1.0
2022-04-19,76.28019714355469,76.56120300292969,76.21549987792969,76.28019714355469,0,76.23837890625,76.02551879882813,76.02110443115234,75.79877395629883,75.35408874511718,74.88697728733558,76.12829651101355,76.03970506780597,75.78602051206668,75.03806964896448,64.71421356579785,1.0,0.09711374079162738,0.0666550994204434,0.03045864137118398,0.4887346399156334,0.8022003173828125,0.46272059849330355,5.232078364154752,6.569487428715649,76.5975057405362,75.44470312176847,0.015164244552797305,0.0,,,0,0.3408168223035931,0.6351332114334951,1.8604300863599117,-1.4130159653913095,4.629868965143393,-0.06707707186542126,0.45358637751335923,1.0
2022-04-20,76.44539642333984,76.65650177001953,76.15299987792969,76.44539642333984,0,76.29749755859375,76.1249885559082,76.03827934265136,75.83377792358398,75.36803367614746,74.895732451021,76.19171649347881,76.07834233976158,75.81187839094015,75.05207290045081,64.78355199719488,1.0,0.11798231744914744,0.07692054302618422,0.04106177442296323,0.592934897734021,0.9946975708007812,0.4687712533133371,5.186520112594573,6.57321743842614,76.64451522532676,75.43204345997597,0.015945544478814702,0.0,,,0,0.5354106960441429,0.8065251613498378,2.069095156165622,-1.199507094562648,4.856464852992608,0.2165690257384381,0.6611714481332814,1.0
2022-04-21,76.27619934082031,76.36640167236328,76.08390045166016,76.27619934082031,0,76.32839813232422,76.15809860229493,76.02446937561035,75.86312393188477,75.38061668395996,74.90344455655061,76.20861306294711,76.09718586367194,75.83008705564134,75.06425326304156,58.43051480768759,0.770072122918229,0.11949061089779889,0.08543455660050715,0.034056054297291735,1.0575300726206605,0.3311004638671875,0.4711636134556362,4.793599092193254,6.5896647507664134,76.5927914058691,75.45614734535161,0.014951029186428407,0.0,,,0,0.33111703018438854,0.5445009215629304,1.8326991400686512,-1.4181828544281274,4.6243853718661105,-0.2213306365533779,0.3713022321754021,1.0
2022-04-22,76.28520202636719,76.74600219726562,76.1500015258789,76.28520202636719,0,76.32367858886718,76.19529876708984,76.02255439758301,75.8780599975586,75.39363372802734,74.91112098693847,76.22393085563112,76.115092164881,75.84793470155216,75.07640200695526,56.914391176085914,0.7152008735285,0.12002876887527236,0.0923533990554602,0.027675369819812168,1.106024445789533,0.37200164794921875,0.4686851501464844,4.677184719941555,6.539825191501415,76.58687794733538,75.45823084783063,0.014846213843356857,0.0,,,0,0.34548645578335113,0.5365741148649467,1.834281774622358,-1.406547493620026,4.636733921612661,0.011802745318561098,0.7826666571821055,1.0
2022-04-25,76.4635009765625,76.76339721679688,76.32499694824219,76.4635009765625,0,76.3500991821289,76.24991912841797,76.0318042755127,75.90050994873047,75.4059287261963,74.91969767196403,76.27184487981741,76.14827395646972,75.87207455547414,75.09020398675234,77.9733545849864,1.0,0.13330583147862285,0.10054388554009273,0.032761945938530115,0.6826011253857178,0.54620361328125,0.45017787388392855,4.745054094822648,6.532571472247015,76.61937785101172,75.44423070001368,0.015455994530127427,0.0,,,0,0.567784370189985,0.7417486762767704,2.060610697280192,-1.1761081867680507,4.881297995830376,0.23372678508957126,0.5743862248065038,1.0
2022-04-26,76.52780151367188,76.8115005493164,76.42430114746094,76.52780151367188,0,76.39962005615234,76.31899948120117,76.05648918151856,75.91735794067382,75.41729377746582,74.92853340735802,76.3230362065883,76.18441943810802,75.89778933814857,75.10450843975653,79.94434404880077,1.0,0.14731832130502198,0.10989877269307859,0.037419548611943396,0.8096103605040872,0.6908035278320312,0.43040684291294645,4.583057606700983,6.37877299653198,76.68455621432969,75.42842214870743,0.016515803965449122,0.0,,,0,0.6196872051620345,0.8040895910459456,2.1343913107430565,-1.0930041012674754,4.969495942664218,0.08409311146907114,0.5066443474679163,1.0
2022-04-27,76.79409790039062,77.03800201416016,76.48789978027344,76.79409790039062,0,76.4693603515625,76.38342895507813,76.1128589630127,75.94974395751953,75.43114875793457,74.93872774885,76.41724854534877,76.2424840535635,75.93293869353062,75.12132027518572,77.03122874521463,0.9222164580117678,0.17786094308613087,0.12349120677168905,0.05436973631444182,1.1549417162648457,0.6442947387695312,0.4194281441824777,4.280216738407679,6.394766838261972,76.79377254125914,75.43194538476625,0.017892208689134614,0.0,,,0,0.8950379037909708,1.1117271749373663,2.4758495470575936,-0.748834072753939,5.334761858218138,0.34797339195896737,0.7192016455766151,1.0
2022-04-28,76.47219848632812,76.7886962890625,76.4114990234375,76.47219848632812,0,76.50856018066406,76.41847915649414,76.14507904052735,75.9783479309082,75.44203773498535,74.947061828945,76.42823853354464,76.26436161858871,75.95408613638543,75.13476184942594,65.02355985515509,0.601597835006714,0.17408485654399897,0.13360993672615104,0.040474919817847926,0.8375865571668362,0.35050201416015625,0.4214352199009487,4.586525585492069,6.464002612723988,76.83016951412733,75.45998856692736,0.01799434664019071,0.0,,,0,0.42960024458923995,0.6499885412999689,2.0349518982665606,-1.1648672449703934,4.893227950670265,-0.41917207554157965,0.4936394004118454,1.0
2022-04-29,76.58899688720703,76.82980346679688,76.26840209960938,76.58899688720703,0,76.56931915283204,76.44649887084961,76.17906875610352,76.00886779785156,75.45193572998046,74.95593715358424,76.46039020427712,76.29527926321903,75.97898459720196,75.14923184980188,67.02137120629189,0.6549417046861662,0.17845976252503704,0.14257990188592823,0.03587986063910881,0.5767496531196459,0.2801971435546875,0.4346564156668527,4.597849118685438,6.442566613941159,76.88210381227334,75.4760336999337,0.01845743371898325,0.0,,,0,0.5381112394743852,0.7632386932776601,2.178692970346909,-1.0139132291981687,5.053434686322767,0.15273315425839068,0.7360864417406947,1.0
2022-05-02,76.52310180664062,76.5978012084961,76.3479995727539,76.52310180664062,0,76.58123931884765,76.46566925048828,76.20548400878906,76.04568176269531,75.46006675720214,74.96436276999853,76.47293252474982,76.3169766483068,76.00032252698387,75.16290219763113,67.51424642914179,0.6681020421929961,0.17459707830518312,0.1489833371697792,0.025613741135403906,0.5273205315641016,0.19170379638671875,0.42648533412388395,4.612903114587164,6.447361994401353,76.9189889434066,75.49197907417151,0.018725815967135784,0.0,,,0,0.41679126113146425,0.6278069087934941,2.07930672528296,-1.0990781540283148,4.963049581101612,-0.08603726807318059,0.32718818716939047,1.0
2022-05-03,76.52410125732422,76.81749725341797,76.4530029296875,76.52410125732422,0,76.58049926757812,76.49005966186523,76.25778923034667,76.08582382202148,75.46703880310059,74.97270361752433,76.48316627126471,76.33670280154656,76.02086286935015,75.1764464668818,61.36374164975771,0.4537047289432849,0.16966077672529423,0.1531188250808822,0.016541951644412023,0.2821450663555769,0.24390411376953125,0.4220564705984933,3.7636473570968714,6.447763039188905,76.89616492600513,75.61941353468822,0.01674257022401097,0.0,,,0,0.34922599994751263,0.5760303474244394,2.069283305714027,-1.0977864317691104,4.964420479420933,0.0013060770669217937,0.47675605896826295,1.0
2022-05-04,76.46730041503906,76.56749725341797,76.16799926757812,76.46730041503906,0,76.51513977050782,76.49225006103515,76.30861930847168,76.12270980834961,75.47123977661133,74.98065360048984,76.47999310001958,76.34914066949823,76.03837022408305,75.18929078477392,60.31289983289546,0.33150813105313703,0.15932872651058005,0.15436080536682178,0.004967921143758269,0.17804259888820617,0.02190399169921875,0.4311278206961496,3.7801286454480207,6.452064903245651,76.82703042018517,75.79020819675819,0.013587222948376347,0.0,,,0,0.20794650460903974,0.45267779819847404,1.9827071960059648,-1.1711976700880216,4.886509502418328,-0.07422608217789395,0.5244958377289229,1.0
2022-05-05,76.00160217285156,76.57260131835938,75.99400329589844,76.00160217285156,0,76.4210205078125,76.46479034423828,76.3114444732666,76.15008178710937,75.46914176940918,74.98605544478805,76.38431491458599,76.31604176505569,76.03692833972103,75.1973734851528,42.140009916490655,0.0,0.11226838606519607,0.14594232150649666,-0.033673935441300595,-0.36522581369162754,-0.27459716796875,0.4386133466448103,3.842568867711467,6.583120603249261,76.82207167683485,75.80081726969836,0.013382716238509434,0.0,,,0,-0.4060233724491819,-0.19498286905706724,1.3543141081894292,-1.7730810800257437,4.247733674850965,-0.6090161934053444,0.761373262845551,0.0
2022-05-06,76.54180145263672,77.06929779052734,76.46649932861328,76.54180145263672,0,76.41158142089844,76.49045028686524,76.34287452697754,76.17275177001953,75.4728847503662,74.99424358167147,76.41581222219614,76.33754268768244,76.05672728532558,75.21075087786409,54.25610064756683,0.32049475302676883,0.11721115719693387,0.1401960886445841,-0.022984931447650236,0.12610965971449062,0.25659942626953125,0.4875918797084263,4.576881177647937,6.442971796452211,76.8269851457417,75.85876390821338,0.01268253577727391,0.0,,,0,0.26057038969482893,0.48449041690317474,2.0635688781631654,-1.0749101291633514,4.988698984007373,0.7107735420584597,0.7883170632979392,1.0
2022-05-09,76.9574966430664,77.51899719238281,76.92749786376953,76.9574966430664,0,76.49846038818359,76.53984985351562,76.3948844909668,76.21054168701171,75.48239974975586,75.00452239351122,76.52414910637019,76.39658592152854,76.09205157386444,75.22813143274173,61.9399231218242,0.5237471750206337,0.1529088288905882,0.14273863669378492,0.01017019219680329,0.8931977577984584,0.49399566650390625,0.532698495047433,4.905215729949945,6.501968541966398,76.90905595109388,75.88071303083973,0.013460887166806854,0.0,,,0,0.736452651049075,0.9801202557020987,2.6038086601083914,-0.724339284114966,5.558888036118042,0.5430956451775117,0.7689049365166719,1.0
2022-05-10,77.3655014038086,77.46099853515625,77.11250305175781,77.3655014038086,0,76.66674041748047,76.6236198425293,76.47130966186523,76.25215576171875,75.49846778869629,75.01681915918986,76.69241956585788,76.4888635865076,76.14199078288186,75.24939879563792,64.94120154020744,0.6031369721766734,0.2116819277537445,0.15652729490577685,0.05515463284796765,1.4161322887602967,0.8376998901367188,0.532698495047433,5.1194190950221685,6.5237273705654575,77.0817128217175,75.86090650201297,0.015964239727325198,0.0,,,0,1.169316631161707,1.4600841523339307,3.130874210534966,-0.19801054468400886,6.118528496580812,0.5301689614912224,0.45193122983509926,1.0
2022-05-11,77.27140045166016,77.51850128173828,77.15450286865234,77.27140045166016,0,76.82756042480469,76.67135009765624,76.52738952636719,76.28155975341797,75.51431777954102,75.02850092754463,76.80821574301834,76.56339090699832,76.18628135812807,75.26951821510083,66.56465323475703,0.6460805058166978,0.24781026911045956,0.1747838897467134,0.07302637936374615,1.056581852491023,0.47730255126953125,0.5328772408621651,5.037914812555474,6.361571875316045,77.21467126612373,75.84010778661064,0.017961719170356456,0.0,,,0,0.9722152158824429,1.297614654763058,2.9893966911074337,-0.3194013721671127,5.989454757111352,-0.1216316710173936,0.47177857357931213,1.0
2022-05-12,77.41840362548828,77.72599792480469,77.27899932861328,77.41840362548828,0,77.11092071533203,76.76597061157227,76.5922248840332,76.3173078918457,75.53391677856445,75.0408200136165,76.93025331951233,76.64482068971165,76.2345998784167,75.2909001594828,68.03317898049424,0.6849259392687874,0.28501864991912385,0.1968308417811955,0.08818780813792834,1.163762834160731,0.9462051391601562,0.5227770124162946,5.036594736385396,6.3511498920298335,77.35847875155629,75.82597101651011,0.020008659330193388,0.0,,,0,1.0786718138897025,1.4427863928363613,3.168387034470521,-0.3957418463948003,6.191091923650801,0.19024266801025302,0.57842182232541,1.0
2022-05-13,77.44380187988281,77.55850219726562,77.25679779052734,77.44380187988281,0,77.29132080078125,76.85145111083985,76.64897499084472,76.34834991455078,75.55768081665039,75.05314299754608,77.03296303158643,76.72091413639461,76.28201956474871,75.31232206714849,66.39798257211845,0.6416717345352025,0.3129485110181349,0.22005437562858338,0.09289413538955155,0.8460337412061536,0.8548049926757812,0.5101705278669085,5.002871354912786,6.351079912355191,77.49120021104169,75.80674977064776,0.021976163942115715,0.0,,,0,1.0369700170589744,1.4348076501431448,3.1852881662995802,-0.36306519370118995,6.225929484757808,0.03280648166990806,0.39052150149468656,1.0
2022-05-16,77.48629760742188,77.91349792480469,77.4800033569336,77.48629760742188,0,77.39708099365234,76.94777069091796,76.70671997070312,76.36971588134766,75.57939376831055,75.0655570516781,77.12362994675352,76.79380780030198,76.32924615465747,75.33395366456413,66.1510613789699,0.6881688937364463,0.33465448859432456,0.2429743982217316,0.09168009037259295,1.3261016959974725,0.96319580078125,0.5160631452287946,5.000714318698963,6.242791687942819,77.61318158761617,75.80025835379007,0.023634477325044197,0.0,,,0,1.016309440706763,1.462073955871462,3.224835265096672,-0.5483007806877173,6.284218825510597,0.05487298725981246,0.5594921903579149,1.0
2022-05-17,77.8053970336914,78.0238037109375,77.36900329589844,77.8053970336914,0,77.48506011962891,77.07590026855469,76.78297996520996,76.38420776367188,75.60764472961426,75.07946486884568,77.2599833641411,76.89014963205335,76.38713442442351,75.35854514087387,66.74287417676942,0.9501681389197512,0.3733020949037922,0.26903993755814376,0.10426215734564842,1.588217884973453,1.2812957763671875,0.5235415867396763,5.107228147448152,6.25486679325806,77.78946451738189,75.77649541303803,0.0262163451490932,0.0,,,0,1.3315673199251945,1.86057997016425,3.6307293473755955,-0.2799231348105593,6.721912124789839,0.41181400598880463,0.8463343033317522,1.0
2022-05-18,77.37239837646484,77.74500274658203,77.27649688720703,77.37239837646484,0,77.50525970458985,77.16641006469726,76.8293300628662,76.39336578369141,75.63391868591309,75.09104534110638,77.28246636660586,76.93607808390207,76.42577222646435,75.37858348152653,64.3747365445858,0.8587101321253732,0.364786200183417,0.28818919008319843,0.07659701010021858,1.1098564352111984,0.9050979614257812,0.5339916774204799,5.588332005286407,6.384581253497668,77.85554310785436,75.80311701787805,0.02671409588365399,0.0,,,0,0.706850252571861,1.281567558556821,3.0381159630888828,-0.8348802589604347,6.127988741471391,-0.5565149382106035,0.6062721244453309,1.0
2022-05-19,77.81999969482422,78.00980377197266,77.2135009765625,77.81999969482422,0,77.58557891845703,77.34824981689454,76.90652008056641,76.42706771850585,75.66641571044921,75.10475867956727,77.38997303224953,77.02026109446608,76.48044781345885,75.40287618016632,67.77883068514886,0.9901770117548503,0.389663183275232,0.30848398872160515,0.08117919455362682,1.6934513652663963,1.8183975219726562,0.5507703508649554,5.769951182068001,6.4707392248849995,77.98829197134322,75.8247481897896,0.028132124289164423,0.0,,,0,1.1877791548764118,1.8225636778958676,3.615271605946387,-0.2612074859466402,6.741941891073652,0.5785025768252862,1.0312999479869034,1.0
2022-05-20,77.42109680175781,77.82050323486328,77.34449768066406,77.42109680175781,0,77.58103790283204,77.43617935180664,76.96331481933593,76.44928359985352,75.69631469726562,75.11634037017822,77.39619778615119,77.05843592373196,76.51733600907842,75.42295797739608,61.83129681676176,0.7604819190573981,0.3728917776093681,0.3213655464991578,0.05152623111021032,1.2473258262575726,0.8792953491210938,0.5669277736118862,6.165003876582906,6.259994060616007,78.02685753299438,75.89977210567749,0.027637653501671935,0.0,,,0,0.5948054387944146,1.2711868001156246,3.068249092303487,-0.7724654278745438,6.1947860237020995,-0.5125968833599689,0.6154355752163854,1.0
2022-05-23,77.81839752197266,77.96980285644531,77.4207992553711,77.81839752197266,0,77.64745788574218,77.52226943969727,77.03105964660645,76.47057754516601,75.72936065673828,75.13434837341309,77.48063773331549,77.1308132188025,76.56835802919191,75.4467931967451,65.44027435461498,0.8998614414685963,0.38719581321470287,0.3345315998422668,0.05266421337243604,2.390469802188022,0.86090087890625,0.5801070077078683,6.337362500332194,6.245399485485237,78.1324845668963,75.9296347263166,0.028596904296599963,0.0,,,0,1.0221044329109017,1.762534062215734,3.572333036309847,-0.2632609270445624,6.7397442678136725,0.5131685504690799,0.7091164213680362,1.0
2022-05-24,77.52680206298828,77.66500091552734,77.49849700927734,77.52680206298828,0,77.59173889160157,77.53839950561523,77.08100967407226,76.4913116455078,75.760595703125,75.15130737304688,77.48987059925005,77.16852644205828,76.60594406973296,75.46748980237938,61.968810815376365,0.7657927405437406,0.3707290146022899,0.34177108279427143,0.028957931808018478,1.2868793151688207,0.1613006591796875,0.5744214739118304,6.5473742788491025,6.289711673300113,78.17693434989123,75.9850849982533,0.02843565958601084,0.0,,,0,0.578342695303289,1.3537359932842605,3.160949254215343,-0.6369872068663941,6.339776834497411,-0.37471275208672944,0.21484791663774824,1.0
2022-05-25,77.47879791259766,77.74800109863281,77.43499755859375,77.47879791259766,0,77.61301879882812,77.55913925170898,77.11524467468261,76.5155696105957,75.79003471374511,75.16687885284423,77.48765606191958,77.19807610591917,76.64017363219824,75.48750281840145,68.42625178677133,1.0,0.34977345366850443,0.34337155696911803,0.0064018966993864,0.677388548576463,0.2073974609375,0.555450439453125,6.473914593715269,6.152468055744476,78.21619815264937,76.01429119671586,0.02855345872560537,0.0,,,0,0.47144146329136727,1.2588657536028665,3.0757151221876775,-0.6985122134765188,6.2739318556793595,-0.06191942542867049,0.40421456693689184,1.0
2022-05-26,77.49729919433594,77.7239990234375,77.46849822998047,77.49729919433594,0,77.54847869873046,77.56702880859375,77.166499710083,76.54503158569337,75.82070671081543,75.18301635742188,77.48958468840286,77.22657354291124,76.6737863993409,75.50750079229135,63.702027750000546,0.283660910763743,0.33084514260642095,0.34086627409657866,-0.010021131490157709,0.17035731448236113,0.07889556884765625,0.4974365234375,6.239037276584767,6.128422822511139,78.23641203759068,76.09658738257532,0.027729969132392288,0.0,,,0,0.4286827645361129,1.244061944865087,3.0781989723741647,-0.6747998579409892,6.299309171895789,0.023879154345105083,0.32981250352695224,1.0
2022-05-27,77.63020324707031,77.89959716796875,77.5270004272461,77.63020324707031,0,77.59029998779297,77.5856689453125,77.21856002807617,76.57800369262695,75.85281578063965,75.19902088165283,77.51770840013634,77.26501446711687,76.71129294238912,75.52862220975183,60.498210471421125,0.0,0.3228469869484627,0.33726241666695544,-0.014415429718492745,0.46434100237982,0.1864013671875,0.4563723972865513,6.242816459692105,6.102051973766423,78.27134478352694,76.1657752726254,0.027267660911262454,0.0,,,0,0.5330884425253108,1.374023222995913,3.2329973674040855,-0.5044620297228755,6.481607253747419,0.17149507675241488,0.4806025496527669,1.0
2022-05-30,77.69200134277344,77.82949829101562,77.46279907226562,77.69200134277344,0,77.56502075195313,77.60623931884766,77.27700500488281,76.61291564941406,75.88703582763672,75.21597339630127,77.55256698866376,77.30567988384607,76.74975209534537,75.55014837027942,55.712626646910415,0.0,0.3178312203557425,0.33337617740471287,-0.015544957048970354,0.35340139356099254,0.2057037353515625,0.4466007777622768,6.216398690553925,5.949176240575981,78.29648454244283,76.2575254673228,0.026385068559414276,0.0,,,0,0.5370243552585998,1.408490571351369,3.2918911165669105,-0.42525787308873525,6.566372722346626,0.07960573735256476,0.47338751393156286,1.0
2022-05-31,77.5208969116211,77.73529815673828,77.55280303955078,77.5208969116211,0,77.56383972167968,77.57778930664062,77.32684478759765,76.63719161987305,75.9216748046875,75.23304836273194,77.54623297325523,77.32617674363416,76.77999306853266,75.56975780850172,54.25078901257741,0.0,0.29663012415436185,0.3260269667546427,-0.02939684260028086,0.0995496474435198,-0.2845001220703125,0.4336362566266741,6.300922374752305,5.708448250137786,78.28708567140104,76.36660390379426,0.024835899782048407,0.0,,,0,0.25095052637472537,1.1531023946327477,3.0410153498744656,-0.6445556040558786,6.331677023053486,-0.22023429464435995,0.2353172419756771,1.0
2022-06-01,77.5989990234375,77.94170379638672,77.4365005493164,77.5989990234375,0,77.58787994384765,77.60044937133789,77.38342971801758,76.6671336364746,75.95951179504395,75.25031936645507,77.55678618329168,77.35215981790115,76.81211094911717,75.58994926337671,53.15086508690802,0.0,0.28286954631636263,0.31739548266698675,-0.03452593635062412,0.14544689770392694,0.22660064697265625,0.4372509547642299,6.280317220713738,5.691891548459068,78.26014745433591,76.50671198169925,0.022659056066991454,0.0,,,0,0.2785729531573436,1.2154691883766473,3.1211557329674484,-0.544455239677645,6.438805924541152,0.10074975255439547,0.65240970793685,1.0
2022-06-02,77.58409881591797,77.81649780273438,77.38619995117188,77.58409881591797,0,77.60523986816406,77.57685928344726,77.46255455017089,76.68776763916016,75.99736175537109,75.26773986816406,77.56224870981694,77.37424924628371,76.84238498310935,75.6097915474816,52.456773662595424,0.0,0.2676762616973889,0.3074516384730672,-0.03977537677567833,-0.28442527923558947,-0.23590087890625,0.4464362008231027,5.754370244830624,5.269636611591709,78.05311492447902,76.87199417586277,0.015247634879524456,0.0,,,0,0.15690712300012555,1.1688059313127088,3.0774923650041215,-0.563552241888321,6.418368028223343,-0.019201546034158103,0.5560395158749282,1.0
2022-06-03,77.3604965209961,77.6864013671875,77.38980102539062,77.3604965209961,0,77.55129852294922,77.5707992553711,77.50348930358886,76.7085075378418,76.03124374389648,75.28376235961915,77.52189827205277,77.37293946292299,76.86270308263433,75.62721149746683,47.92846033433085,0.0,0.2348850292905098,0.2929383166365558,-0.05805328734604598,-0.015382559825583009,-0.06060028076171875,0.4340722220284598,5.443358285375398,5.293278916901636,77.91020500244124,77.09677360473648,0.010495416464650638,0.0,,,0,-0.18449850952213734,0.8499565486040229,2.7585419435557728,-0.8501343928307136,6.111663540111543,-0.28820634425671565,0.38325507737067854,0.0
2022-06-06,77.69419860839844,77.84609985351562,77.54750061035156,77.69419860839844,0,77.55173797607422,77.55837936401367,77.54032440185547,76.73682144165039,76.06439575195313,75.30475036621094,77.5563583393219,77.40353557201588,76.89531075031135,75.6477785333965,48.177683088148875,0.012158517389362545,0.23313724985519002,0.28097810328028267,-0.047840853425092644,-0.16165649822554862,-0.12419891357421875,0.4219867161342076,5.3240284965561475,5.234869449941345,77.86374670940631,77.21690209430463,0.008342041642093085,0.0,,,0,0.1984441098614798,1.2476111842552953,3.1730378635710053,-0.4224417252972992,6.569386605674598,0.4313598055976477,0.3850533425498996,1.0
2022-06-07,77.82099914550781,78.05979919433594,77.58899688720703,77.82099914550781,0,77.61175842285157,77.58779907226562,77.56309928894044,76.77255935668946,76.10005477905274,75.32679935455322,77.6092865005591,77.44329400758654,76.93161225600534,75.66940261908915,58.17177133104854,0.4997275448179132,0.2392262147980091,0.272627725583828,-0.03340151078581888,0.5165289052594835,0.29419708251953125,0.4178368704659598,5.036175744944549,5.187068143012368,77.89861170750292,77.22758687037795,0.008651341208339967,0.0,,,0,0.33250328949161856,1.365643919655262,3.3111718702061532,-0.30591937372733147,6.743312789392973,0.16320463996094087,0.6067900424248592,1.0
2022-06-08,77.67060089111328,77.90630340576172,77.59600067138672,77.67060089111328,0,77.62607879638672,77.60697937011719,77.58305931091309,76.81263732910156,76.13056381225586,75.35016887664796,77.62154937866993,77.46494228220814,76.96059220248016,75.68931503970632,46.94807583210209,0.0,0.2292729651599359,0.26395677349904956,-0.034683808339113664,-0.1899250505867145,0.191802978515625,0.3831225803920201,5.071034755291131,5.1645133425033105,77.89194563050657,77.2741729913196,0.007962725943962214,0.0,,,0,0.11283594766400432,1.1169562611628583,3.0795312725363497,-0.49858993648410094,6.5370187545169,-0.19326178800829868,0.3998952673980054,1.0
2022-06-09,77.72429656982422,77.98200225830078,77.67649841308594,77.72429656982422,0,77.65411834716797,77.62967910766602,77.59835395812988,76.85056732177735,76.163314743042,75.37386486053467,77.64209881690078,77.48964269055253,76.9905413933564,75.7095636121453,57.21076906886528,0.47781959037970057,0.223145453743399,0.2557945095479195,-0.03264905580452049,0.25474352298895386,0.22699737548828125,0.3713651384626116,5.037121065334659,5.113822468584295,77.90317799587672,77.29352992038304,0.007856456282856611,0.0,,,0,0.16230062271977713,1.1369197111955216,3.1183643211590506,-0.4298020594140383,6.610670528344212,0.06913256508239672,0.39330280259308964,1.0
2022-06-10,77.8187026977539,78.19380187988281,77.7344970703125,77.8187026977539,0,77.74575958251953,77.64852905273438,77.61709899902344,76.88875732421874,76.19697975158691,75.39768688201904,77.6774195930714,77.52098173885742,77.02301830725435,75.73055007070857,50.008479390840556,0.14248898813370364,0.22333270196993737,0.2493021480323231,-0.025969446062385715,0.4387068389208659,0.18849945068359375,0.3656866891043527,5.049972090564263,5.112981877310787,77.92795477449897,77.30624322354791,0.008009981807731364,0.0,,,0,0.25974134737115395,1.2094685957972218,3.2109948141024858,-0.4797044946159719,6.740162862720335,0.12146282706447786,0.5908635507796,1.0
2022-06-13,78.17759704589844,78.40679931640625,77.95600128173828,78.17759704589844,0,77.84243927001953,77.69708862304688,77.65166397094727,76.93241333007812,76.23462371826172,75.42360237121582,77.77745508363682,77.58351653000418,77.06829590484823,75.75489879682986,67.43063587358543,0.9536452296839733,0.2495640529740939,0.24935452902067726,0.00020952395341664043,0.8778342711744713,0.485595703125,0.3848435538155692,5.282225090653944,5.181427725380798,78.044267439916,77.25906050197854,0.010111913870013636,0.0,,,0,0.6772978814052749,1.6185423827507701,3.6513698472371465,-0.2923244827057403,7.232440937828401,0.46119292111366705,0.578272393729835,1.0
2022-06-14,78.16059875488281,78.36380004882812,77.92900085449219,78.16059875488281,0,77.91035919189453,77.76105880737305,77.66942405700684,76.98606536865235,76.26978172302246,75.44885536193847,77.85408381788602,77.63847674189738,77.11113131073193,75.77883610984532,68.56950499328826,1.0,0.2659156574351016,0.25266675470356215,0.013248902731539447,0.683233439598796,0.6397018432617188,0.3935432434082031,5.104279968525764,5.106580094605847,78.11927207692185,77.21957603709183,0.011583657929144307,0.0,,,0,0.6323913223760618,1.5256441287214015,3.5941478236293163,-0.31400409616251385,7.209125201527285,-0.021743174077920587,0.5579427293669371,1.0
2022-06-15,77.9854965209961,78.21849822998047,77.96499633789062,77.9854965209961,0,77.9733383178711,77.79970855712891,77.7000789642334,77.03676132202149,76.30183670043945,75.47183082580567,77.88036635850804,77.67152624466868,77.14542014250699,75.80079292985677,62.25143500453764,0.7077866619431179,0.26172809631887617,0.25447902302662495,0.007249073292251218,0.3777675605597608,0.38649749755859375,0.3934004647391183,4.723833417976477,5.095761700234817,78.14825855128856,77.25189937717823,0.011536142383110558,0.0,,,0,0.36733238957720704,1.2315356755572753,3.3306011894585463,-0.5373294141366648,6.968945908956864,-0.2240287775121219,0.3251483409185296,1.0
2022-06-16,77.90019989013672,78.26480102539062,77.88200378417969,77.90019989013672,0,78.00851898193359,77.83131866455078,77.70408897399902,77.07586334228516,76.33188873291016,75.49238681793213,77.88433306483378,77.69330468709421,77.17501934829639,75.8216825513521,56.94149676943537,0.4621998325287868,0.2486602975829868,0.2533152779378973,-0.004654980354910521,0.48929126677681456,0.31610107421875,0.3920075552804129,4.297248985045046,4.973802108038332,78.15818246668968,77.24999548130836,0.011687763119971892,0.0,,,0,0.2523817198388619,1.0695132199697506,3.189478003936482,-0.6461167024879789,6.851948632544625,-0.10937499235695772,0.4915092352678987,1.0
2022-06-17,77.97769927978516,78.18949890136719,77.9374008178711,77.97769927978516,0,78.04031829833984,77.89303894042969,77.73191909790039,77.1171533203125,76.35957275390625,75.51458530426025,77.90300630782406,77.72038988639812,77.2064969926685,75.84313545412257,57.286344160923385,0.4781491663548353,0.24177054563841693,0.2510063314780013,-0.009235785839584343,0.4880220893484388,0.6172027587890625,0.38647896902901785,3.842043388025698,4.9282332104187585,78.18118563218873,77.28265256361205,0.011559383571181542,0.0,,,0,0.31618952000299605,1.1158943534887893,3.261772498121559,-0.5472740124099245,6.958250809091631,0.09948548239636806,0.3234622669611629,1.0
2022-06-20,77.9614028930664,78.17250061035156,77.85990142822266,77.9614028930664,0,77.99707946777343,77.91975936889648,77.73906936645508,77.1580354309082,76.38879676818847,75.53677082061768,77.91468562487253,77.74334350608082,77.23610114562528,75.86421274207227,62.19768797850226,0.7053008398619456,0.2323173752810419,0.24726854023860942,-0.014951164957567514,0.4863162463788706,0.26720428466796875,0.3957721165248326,3.4073657917749487,4.92572503750809,78.19856651885566,77.27957221405451,0.011821524392954693,0.0,,,0,0.28599972758004333,1.0411974043553618,3.209869903237815,-0.5680584174115709,6.935897841075839,-0.020898778585757345,0.401489311435983,1.0
2022-06-21,77.93399810791016,78.27279663085938,77.87249755859375,77.93399810791016,0,77.9517593383789,77.93105926513672,77.75942916870117,77.1999754333496,76.42257873535156,75.55873680114746,77.91854812148006,77.76150108720742,77.26346965395018,75.88480762133435,59.544148397389925,0.5825735418035984,0.2200774170651414,0.24183031560391582,-0.021752898538774434,0.7413364865857641,0.11299896240234375,0.3882789611816406,3.098003229173265,4.871710453987561,78.21539618787538,77.30346214952696,0.01172763288127996,0.0,,,0,0.22449874063536335,0.9508068758315417,3.1435958399011033,-0.6030104692682722,6.898308018457524,-0.03515173424192868,0.5140442194812452,1.0
2022-06-22,78.13490295410156,78.40080261230469,78.07009887695312,78.13490295410156,0,77.981640625,77.97748947143555,77.79223442077637,77.23967742919922,76.45647277832032,75.58115730285644,77.96181908800436,77.79706316976878,77.29764350885809,75.90719662962059,64.18865536474445,0.7973839011341526,0.22400629887634693,0.23826551225840206,-0.01425921338205513,0.5672294117150312,0.46430206298828125,0.39088657924107145,3.1837570459064017,4.765996504850321,78.25750312697026,77.32696571458247,0.011961829086365325,0.0,,,0,0.44049195382627687,1.159022868425287,3.378812580246914,-0.34677651004151433,7.173879510386281,0.2577884505722731,0.4235984584479484,1.0
2022-06-23,78.19309997558594,78.41950225830078,78.13999938964844,78.19309997558594,0,78.04022064208985,78.02436981201171,77.82702445983887,77.28110549926758,76.49017974853516,75.60493278503418,78.00807526552069,77.83478096079898,77.33275944872976,75.92994193654562,73.44573778310581,1.0,0.22917420173713765,0.2364472501541492,-0.007273048417011541,0.47814964362302703,0.46880340576171875,0.3900293622698103,3.1849659519881475,4.754683925624949,78.30336038099092,77.35068853868681,0.01224088738990299,0.0,,,0,0.4703706948683057,1.1801001945126142,3.423278211106458,-0.2887066051109484,7.253705559086869,0.0744827462300189,0.357694997230024,1.0
2022-06-24,78.14240264892578,78.35800170898438,78.11849975585938,78.14240264892578,0,78.07316131591797,78.0567398071289,77.85263442993164,77.31777755737305,76.52516479492188,75.62782028198242,78.03494074220171,77.8640782644301,77.36451016246295,75.95195647099717,65.01428666356568,0.6818039593406184,0.22656722547868924,0.2344712452190572,-0.007904019740367974,0.6074393044466442,0.323699951171875,0.37245069231305805,3.1707116739888406,4.7590953897795965,78.33937719620062,77.36589166366267,0.012504207977882872,0.0,,,0,0.3722009166625385,1.066540086386764,3.3249435955810993,-0.3533554809647733,7.1841664802175185,-0.06483606184687059,0.30658800908044304,1.0
2022-06-27,78.2522964477539,78.5625,78.15850067138672,78.2522964477539,0,78.13134002685547,78.06420974731445,77.88064918518066,77.35619552612305,76.56126579284668,75.650601272583,78.07841188331216,77.90105142474667,77.39932531090574,75.97484542598978,64.61345975876456,0.6666770811450146,0.23070921691515878,0.23371883955827755,-0.00300962264311877,0.6793240997110317,0.07469940185546875,0.3688289097377232,3.1899434945686123,4.761045242628602,78.39232202103406,77.36897634932726,0.013139922206780109,0.0,,,0,0.47720103319832874,1.1584087293024248,3.4390938490977985,-0.39484939028937943,7.334902506106776,0.14063273600870743,0.516897490538969,1.0
2022-06-28,78.44110107421875,79.03949737548828,78.4104995727539,78.44110107421875,0,78.23276062011719,78.09225997924804,77.92665939331054,77.39941360473632,76.59909378051758,75.67451179504394,78.15094972149348,77.95248472469639,77.44017926240821,75.9993852831861,75.44430727368925,1.0,0.2463865397595555,0.23625237959853315,0.010134160161022338,0.7998056442578116,0.2805023193359375,0.40289306640625,3.1177295386506247,4.5256262545327015,78.46682291992778,77.38649586669331,0.01386338207803642,0.0,,,0,0.6601613426179631,1.3458596402320566,3.6559063462051933,-0.7570851550671751,7.593876709986355,0.24127678679807366,0.8021856845214379,1.0
2022-06-29,79.07319641113281,79.07360076904297,78.60240173339844,79.07319641113281,0,78.42041931152343,78.20102996826172,78.00036926269532,77.45196960449219,76.64287376403809,75.70091426849365,78.33539905942135,78.05921917102367,77.50421915059349,76.0299704685388,82.23191269821014,1.0,0.30628507838282815,0.25025891935539213,0.05602615902743602,1.1455959239941471,1.0876998901367188,0.4258286612374442,4.087054035521198,4.766244451627252,78.72358749967476,77.27715102571587,0.018543969568752726,0.0,,,0,1.3754129096804042,2.093202813200751,4.4547442725440005,-0.0005113690362189181,8.460891410411586,0.8058216015045374,0.5994715495370381,1.0
2022-06-30,78.89830017089844,79.10800170898438,78.83869934082031,78.89830017089844,0,78.56145935058593,78.30083999633788,78.06607933044434,77.50441162109375,76.68376777648926,75.72603126525878,78.44797928171677,78.13913164720222,77.55888899452701,76.05851106259215,74.84138938335843,0.7077737536754798,0.33577186778823886,0.2673615090419615,0.06841035874627738,0.9438277441158105,0.9981002807617188,0.41152845110212055,4.222210048794294,4.651234652468634,78.86490801346763,77.26725064742105,0.020465449011264986,0.0,,,0,1.0660466717322998,1.7984634947223088,4.189139259824135,-0.2650825877986013,8.220994669403161,-0.22118271193315658,0.34158651831617143,1.0
2022-07-01,78.96299743652344,79.19100189208984,78.4729995727539,78.96299743652344,0,78.72557830810547,78.39936981201171,78.14620437622071,77.55796752929687,76.71801376342773,75.75164627075195,78.55098291267811,78.217595055709,77.61395207068374,76.0874114245218,70.90182574231693,0.5520007663060166,0.3602086286225443,0.28593093295807803,0.07427769566446629,1.253439369029552,0.9852981567382812,0.4208074297223772,3.986805543661224,4.646150085265701,78.96818133027199,77.32422742216943,0.021036900272059823,0.0,,,0,1.0452114300656585,1.8115868065983354,4.239315346749641,-0.2879171245706653,8.309736789615666,0.08200083586701089,0.9149673432200881,1.0
2022-07-04,78.95069885253906,79.04530334472656,78.84649658203125,78.95069885253906,0,78.8652587890625,78.49829940795898,78.20902938842774,77.60771148681641,76.75411071777344,75.77733528137207,78.6309261006503,78.28741446493092,77.66637351310943,76.11590184669113,71.07962872496336,0.55903121543533,0.37426821370340235,0.30359838910714293,0.07066982459625942,1.3485189561565525,0.9892959594726562,0.4039508274623326,3.810706696281581,4.647510375394404,79.07636427085605,77.34169450599943,0.022179916800160304,0.0,,,0,0.948316926972459,1.730481855467145,4.187747641671267,-0.30344740413592924,8.292867414877156,-0.015575123011587236,0.25214406639929215,1.0
2022-07-05,78.93949890136719,79.4209976196289,78.91449737548828,78.93949890136719,0,78.96493835449219,78.59884948730469,78.2649543762207,77.65594543457031,76.78665168762207,75.80290626525878,78.69264066079369,78.34951774459152,77.71629999892346,76.14399733977248,77.89183474082897,0.8283904080658815,0.3801249499131103,0.31890370126833645,0.06122124864477385,1.2334290835269268,1.0055007934570312,0.4220221383231027,3.8115340867785807,4.636880549229551,79.17034730592887,77.35956144651253,0.023136611703775734,0.0,,,0,0.8618730190577286,1.652872113801439,4.137826358705108,-0.6062612315294266,8.277504981802632,-0.014186006374425917,0.6418342142263325,1.0
2022-07-06,79.36840057373047,79.54830169677734,78.92990112304688,79.36840057373047,0,79.02397918701172,78.72219924926758,78.34984436035157,77.70743148803712,76.82858772277832,75.8289317703247,78.82779264338104,78.44655420450952,77.78108825675903,76.17608095404071,85.74373871631612,1.0,0.41459603106463305,0.33804216722759584,0.07655386383703722,1.80473622645545,1.2334976196289062,0.4388509477887835,4.021863425616473,4.685669305582174,79.33542022236391,77.36426849833923,0.025158336179441958,0.0,,,0,1.3000105127130723,2.137464916658653,4.667702314634113,-0.22615331717906825,8.865808728499134,0.5433296110723765,0.7834807404185394,1.0
2022-07-07,79.04389953613281,79.25,78.87799835205078,79.04389953613281,0,79.0530990600586,78.80727920532226,78.41582450866699,77.7588655090332,76.8686067199707,75.85254127502441,78.8710140219314,78.50344423609269,77.83061026771487,76.20461646232023,73.17031923042488,0.5200909887202173,0.410992424624979,0.3526322187070725,0.05836020591790647,1.4241556383208342,0.850799560546875,0.45321546282087055,4.422599217221037,4.782928408544064,79.40175649130254,77.42989252603144,0.02514625048740201,0.0,,,0,0.8009544392361867,1.652588445944252,4.20731884187934,-0.6340828778057566,8.420706299371961,-0.4088541979577957,0.471616490936914,1.0
2022-07-08,79.22160339355469,79.42279815673828,79.1104965209961,79.22160339355469,0,79.10482025146484,78.91519927978516,78.48596954345703,77.81151763916016,76.91019271850585,75.87737728118897,78.94113189625607,78.57184034632718,77.88515901774781,76.23463623278028,75.5909830350918,0.6124841817129437,0.4176612181816921,0.36563801860199646,0.052023199579695645,1.3908002677004427,1.0792007446289062,0.45795113699776785,4.449197181018803,4.779704838500128,79.49243417817671,77.47950490873735,0.025646995012590268,0.0,,,0,0.9372807068279152,1.8121812774987909,4.4074086798922565,-0.4106917385464326,8.664454113521684,0.22481666322730245,0.394766370426334,1.0
2022-07-11,79.3313980102539,79.57710266113281,79.14199829101562,79.3313980102539,0,79.18096008300782,79.02310943603516,78.54365959167481,77.86768356323242,76.95668266296387,75.90327377319336,79.01918511905563,78.64417917146307,77.94187427235589,76.2654497828049,77.45829385591442,0.6156152715689883,0.4268849293581809,0.37788740075323335,0.04899752860494755,1.4557525344606859,1.0791015625,0.4604372297014509,4.235003198416498,4.7817196081150115,79.60639740668744,77.48092177666219,0.027061072034012253,0.0,,,0,1.002930628231883,1.8797457174039074,4.516437917163,-0.30876300174587,8.815054096066275,0.13859176284754599,0.5497768309024129,1.0
2022-07-12,79.47779846191406,79.86029815673828,79.38849639892578,79.47779846191406,0,79.28861999511719,79.12677917480468,78.60951957702636,77.92675750732423,77.00629066467285,75.92779876708984,79.11090778762733,78.72357148483935,78.00210659351504,76.29741345125375,76.96488755438446,0.5845369017812109,0.4409253666874946,0.39049499394008563,0.05043037274740897,1.7089259706895454,1.0366973876953125,0.4648726327078683,4.236878890023402,4.779987816053941,79.73378162479233,77.4852575292604,0.028603712471855197,0.0,,,0,1.10454673881693,1.9903830265798714,4.675494025204027,-0.47896101523876544,9.015864537665065,0.18454288633768107,0.594294865394231,1.0
2022-07-13,79.47640228271484,80.05950164794922,79.42500305175781,79.47640228271484,0,79.31022033691406,79.16709976196289,78.6840648651123,77.98693954467774,77.05482467651368,75.95236476898194,79.18400668664484,78.7952696560656,78.05992211073855,76.32904518092003,76.36979321805384,0.5563737934036026,0.44678954270239046,0.4017539036925466,0.045035639009843864,1.5643065961370661,0.40320587158203125,0.4898654392787388,4.0936481902074355,4.772056384006678,79.8315816645464,77.5365480656782,0.029167705084918602,0.0,,,0,1.0069858731381494,1.9098874077290984,4.639799596038493,-0.7283324942471853,9.013949465967084,-0.0017566908322049237,0.7988650573647837,1.0
2022-07-14,79.80750274658203,80.21869659423828,79.59809875488281,79.80750274658203,0,79.4629409790039,79.25802001953124,78.77943000793456,78.06305755615234,77.10656967163087,75.97760227203369,79.30870589863228,78.89167280754334,78.1284546846932,76.36365669898633,80.67969681293718,0.7603419285873108,0.4727049364960436,0.415944110253246,0.0567608262427976,1.7419460635444528,0.9092025756835938,0.5257791791643415,4.170073800834763,4.787412390047343,79.96890609684179,77.58995391902734,0.030197631254438494,0.0,,,0,1.3050014941005799,2.2346616248983997,5.040828296786186,-0.5125910356486446,9.468104009950839,0.41660222953901604,0.7796641490980326,1.0
2022-07-15,79.87830352783203,80.0895004272461,79.70800018310547,79.87830352783203,0,79.59428100585937,79.34955062866212,78.87446022033691,78.12978759765625,77.1512696838379,76.00284378051758,79.42262542447224,78.98563763804702,78.19707620795354,76.39862830922361,80.39730263232963,0.6397744621362053,0.493269994679153,0.4314092871384274,0.06186070754072559,1.0181795516563508,0.9153060913085938,0.5230222429547992,4.170984803458826,4.785640566198278,80.09745822057441,77.65146222009942,0.03101125502021906,0.0,,,0,1.2727102089711508,2.23796324543987,5.099098342301606,-0.4243313352846209,9.565218028296597,0.08871444264434428,0.4786222753854587,1.0
2022-07-18,79.72049713134766,80.25599670410156,79.71369934082031,79.72049713134766,0,79.67210083007812,79.42653045654296,78.96241493225098,78.18504760742188,77.1977946472168,76.02491725921631,79.48219976584733,79.0556242564566,78.25681820494938,76.43168173033926,74.19805426246965,0.22208919604415034,0.49117236482180715,0.4433619026751034,0.04781046214670376,1.0420971791132327,0.7697982788085938,0.5055291312081474,4.295825405591628,4.80686256797686,80.1617194377858,77.76311042671615,0.030376591358403066,0.0,,,0,0.9600544762303742,1.9638659448485412,4.861011370168037,-0.6672393275835288,9.348762602061287,-0.19755852279635666,0.6803063560789315,1.0
2022-07-19,80.0302963256836,80.14849853515625,79.85260009765625,80.0302963256836,0,79.78260040283203,79.53561019897461,79.06722984313964,78.23834350585938,77.24524963378906,76.04805572509765,79.59181907781459,79.14845016781155,78.32636636654681,76.4674888407407,70.61563086469661,0.0,0.508644842802866,0.456418490700656,0.05222635210221005,1.3516443445781512,1.0907974243164062,0.49092211042131695,4.366048908425399,4.850904651739219,80.25444949254546,77.88001019373382,0.030030637263026082,0.0,,,0,1.2180349361607394,2.290376737960992,5.236479174406697,-0.28122556280761274,9.773699221559982,0.3886067015180697,0.37055579547582557,1.0
2022-07-20,79.85590362548828,80.11849975585938,79.85590362548828,79.85590362548828,0,79.85850067138672,79.5843605041504,79.15327987670898,78.29003356933593,77.28579666137695,76.0699157333374,79.64463598734933,79.2158266875903,78.38634821983862,76.5012044107382,70.63095226354494,0.0010127769446519731,0.5026259153615911,0.46565997563284306,0.03696593972874801,1.1465443448954504,0.4875030517578125,0.4904430934361049,4.509848846988579,4.853523584971217,80.30491583866079,78.00164391475717,0.029098881657099406,0.0,,,0,0.8876748378257048,2.000088625285323,4.976984469685284,-0.49852110128093907,9.53449316214755,-0.21790835246394782,0.3288374665480321,1.0
2022-07-21,80.00340270996094,80.27100372314453,79.76100158691406,80.00340270996094,0,79.8976806640625,79.6803108215332,79.24379501342773,78.34173355102538,77.32952072143554,76.09340126037597,79.71638933187165,79.29083392781607,78.44976212141205,76.53605215500906,71.64269117964474,0.06789086414651524,0.50394860954232,0.4733177024147385,0.03063090712758154,1.3477458349755445,0.959503173828125,0.4755859375,4.515610617945976,4.752469346897832,80.36175030739128,78.12583971946418,0.02821559199112338,0.0,,,0,0.958570568717077,2.1210523224550264,5.1384238118174625,-0.33337195347220555,9.736810545410327,0.18470654989317248,0.6394129036540859,1.0
2022-07-22,79.7759017944336,80.07649993896484,79.779296875,79.7759017944336,0,79.87720031738282,79.7357406616211,79.32546997070312,78.38837554931641,77.36836273193359,76.11730575561523,79.72829182438404,79.33703086749392,78.50176759878545,76.56828946485409,65.75538017369213,0.0,0.4810936831228503,0.47487289855636083,0.006220784566489446,0.5134300524609614,0.5542984008789062,0.4826142447335379,4.695317501028754,4.806280798126881,80.3383679184458,78.31257202296045,0.02553777363353185,0.0,,,0,0.5678274883172132,1.7700663336801172,4.80652330307745,-0.6167880127904577,9.42475850736591,-0.2843640493043909,0.37253156596567677,1.0
2022-07-25,79.87680053710938,80.1447982788086,79.68609619140625,79.87680053710938,0,79.90846099853516,79.79028091430663,79.4066951751709,78.43618560791016,77.40295074462891,76.14166027069092,79.75799356692912,79.3884375026954,78.55569045911189,76.60120997303575,67.30299035514693,0.07742557640011379,0.465753755194271,0.4730490698839429,-0.007295314689671928,1.053719522777108,0.5454025268554688,0.47920009068080355,4.694104390108906,4.796914726822053,80.31207488683015,78.50131546351165,0.02280361145019286,0.0,,,0,0.5920223236862189,1.8366713246365844,4.905514606773312,-0.49109039098946217,9.563156448381282,0.1264777212243579,0.5756362895486057,1.0
2022-07-26,79.72250366210938,79.84220123291016,79.70249938964844,79.72250366210938,0,79.8469024658203,79.81475143432617,79.47076530456543,78.47452774047852,77.4293677520752,76.16409530639649,79.75089558596517,79.4202533274015,78.60144783962158,76.63226762168325,57.27442283278216,0.0,0.43611897541897804,0.46566305099094996,-0.029544075571971917,0.6322773676598503,0.2447052001953125,0.4474787030901228,4.776902374154406,4.825582373511816,80.26268467963052,78.67884592950034,0.019929828837815352,0.0,,,0,0.31676850799054856,1.5902942745421915,4.672028652605867,-0.6833103307477483,9.351514863572595,-0.1931685720540551,0.1752791246592486,1.0
2022-07-27,79.84120178222656,80.07080078125,79.74749755859375,79.84120178222656,0,79.84396209716797,79.85123138427734,79.50916557312011,78.52390380859374,77.45863479614258,76.18770080566406,79.76895682521746,79.46034365643246,78.65006564129237,76.66419731482299,67.89206957950967,0.4536433436211877,0.41739962220928817,0.45601036523461763,-0.038610743025329464,0.6426254733425507,0.36479949951171875,0.4373283386230469,3.961125496985105,4.819095147897434,80.29436658061633,78.7239645656239,0.019751207344117002,0.0,,,0,0.4176074628793496,1.6775757568597247,4.795394713225003,-0.5354386029609892,9.514327352519073,0.14888910240484898,0.40540861162283603,1.0
2022-07-28,79.84739685058594,80.05729675292969,79.59739685058594,79.84739685058594,0,79.81276092529296,79.85522079467773,79.55662040710449,78.56445175170899,77.49575973510743,76.21289180755615,79.78464483029116,79.49720586539945,78.6970198063627,76.69587094204451,65.21442350497107,0.33923980889611094,0.3984709649231206,0.4445024851723183,-0.046031520249197655,0.465033500958123,0.03989410400390625,0.44311414446149555,3.835671003945853,4.606790296813917,80.29998014680378,78.8132606674052,0.018687564552023223,0.0,,,0,0.36549622393899667,1.6329842190352246,4.768884839335602,-0.5277209115505993,9.522824829124326,0.007759237362524374,0.5777825915677097,1.0
2022-07-29,79.57150268554688,79.65650177001953,79.17369842529297,79.57150268554688,0,79.77188110351562,79.82454071044921,79.58704566955566,78.60745986938477,77.52837173461914,76.2364223098755,79.74201640134231,79.50428175303253,78.73131325260522,76.72448419322363,55.40124463239408,0.0,0.35709118932631156,0.42702022600311695,-0.06992903667680539,0.1196586660952903,-0.30680084228515625,0.4601565769740513,4.095073287058833,4.500392099483086,80.27591841870664,78.89817292040469,0.017311177801753425,0.0,,,0,-0.01952954011300196,1.2264011809616704,4.374654888860601,-0.8714243066029698,9.144394103755864,-0.34552681229587,0.6098026924713237,0.0
2022-08-01,79.1948013305664,79.42980194091797,78.89939880371094,79.1948013305664,0,79.63548126220704,79.7719711303711,79.59925079345703,78.63498794555665,77.55278274536133,76.25742782592773,79.63257338718714,79.47480742708338,78.74948925566252,76.74906446324694,44.23156473841197,0.0,0.2905514714178139,0.39972647508605635,-0.10917500366824245,-0.76772407972866,-0.52569580078125,0.4703854152134487,4.481147035612144,4.522217278980918,80.24814149959555,78.95036008731851,0.016303940041401857,0.0,,,0,-0.5081071226914993,0.7119138689222549,3.8519178896825523,-1.3407112689034728,8.627691015844025,-0.4734123929632557,0.67225244456753,0.0
2022-08-02,78.95570373535156,79.16999816894531,77.77429962158203,78.95570373535156,0,79.48212127685547,79.6645118713379,79.60006103515624,78.6635659790039,77.57743881225586,76.27675685882568,79.49719945682003,79.42536898025178,78.75757609800327,76.77102107291962,40.32403954938427,0.0,0.21603477347899513,0.36298813476464414,-0.146953361285649,-1.1550067436760347,-1.0745925903320312,0.5265284946986607,4.620987618740662,4.465049956428288,80.24551445921432,78.95460761109817,0.01621741027994951,0.0,,,0,-0.8094934745340137,0.37137619266539645,3.512140508915613,-1.6385742382510269,8.299732371346426,-0.30191072039795686,1.7945498116398093,0.0
2022-08-03,78.60449981689453,79.20330047607422,78.56800079345703,78.60449981689453,0,79.23478088378906,79.53937149047852,79.56186599731446,78.68608001708985,77.60082481384278,76.29533485412598,79.31865952883493,79.34719096469395,78.75157310658723,76.78926464251141,27.81080077003614,0.0,0.12717454343943757,0.31582541649960283,-0.18865087306016526,-1.3998875503929753,-1.25140380859375,0.5188860212053571,4.413076051708517,4.561651996042791,80.34150105824301,78.7822309363859,0.019598209548148893,0.0,,,0,-1.2032977965250837,-0.10367805865738938,3.026613576286927,-2.07609700757921,7.81800288788626,-0.44481133324353295,0.8085985085547625,0.0
2022-08-04,79.11830139160156,79.80000305175781,79.00849914550781,79.11830139160156,0,79.08896179199219,79.45086135864258,79.56558609008789,78.71850006103516,77.63176582336426,76.3156763458252,79.27858790138826,79.32539195773278,78.76595460796035,76.81243913752724,37.95095470676605,0.21859785120461867,0.09709244274759499,0.2720788217492013,-0.1749863790016063,-1.1395621107919696,-0.885101318359375,0.5770290919712612,4.847010498054279,4.726510822668397,80.33546372312829,78.7957084570475,0.019352025690320507,0.0,,,0,-0.5621584914612348,0.5078873838505747,3.672410676249851,-1.4360133523665037,8.52275973761634,0.6536541494493416,1.0017959014666367,0.0
2022-08-05,79.15489959716797,79.49199676513672,78.91850280761719,79.15489959716797,0,79.00564117431641,79.38876113891601,79.56225090026855,78.74899398803711,77.66349884033202,76.3374648284912,79.25385024054421,79.30915459005993,78.78120735263516,76.83574720180228,40.6746401131109,0.2934812809318124,0.07533689372938568,0.23273043614523817,-0.1573935424158525,-0.8778361980698479,-0.621002197265625,0.5792574201311383,4.780605888159636,4.726549855375127,80.33895063727263,78.78555116326447,0.01952432788704469,0.0,,,0,-0.5119906720728638,0.5154422787832904,3.690762818763689,-1.3904200448595565,8.572959731797871,0.046257572423428144,0.7266913804961057,0.0
2022-08-08,79.41059875488281,79.75700378417969,79.31300354003906,79.41059875488281,0,79.04880065917969,79.34214096069336,79.5662109375,78.7833659362793,77.69814079284669,76.35987632751466,79.28519994341193,79.31881593909068,78.8058893684096,76.86136761526576,39.597074757617285,0.2688972316146652,0.07783106142480278,0.2017505612011511,-0.12391949977634831,-0.7409734273768787,-0.4662017822265625,0.5916933332170758,4.896680447861834,4.7627002303196635,80.33875130815964,78.79367056684036,0.01941880508213414,0.0,,,0,-0.19557571082456743,0.7961487950525348,3.9951903723407343,-1.071875183259529,8.923689939217926,0.3230364248026818,0.5598076284130171,0.0
2022-08-09,79.60189819335938,79.814697265625,79.44210052490234,79.60189819335938,0,79.17803955078125,79.33008041381837,79.57241592407226,78.82498596191407,77.73108879089355,76.38373630523682,79.34853959340143,79.34577615378294,78.83710540076056,76.88863657624182,45.760052571120006,0.4095021144045643,0.09415857181764409,0.1802321633244497,-0.0860735915068056,-0.21811549247364725,-0.12060546875,0.6018006461007255,4.9279735239963856,4.718753527192829,80.34395918173928,78.80087266640524,0.01939222904588504,0.0,,,0,0.03705086611326084,0.9856167076524311,4.213150657179775,-0.8335581950524846,9.186086156459474,0.24089912615701042,0.46901672823449586,1.0
2022-08-10,79.57839965820312,79.75450134277344,79.00700378417969,79.57839965820312,0,79.37281951904296,79.30380020141601,79.57751579284668,78.86457397460937,77.765853805542,76.40806831359863,79.39451160636176,79.36793077325152,78.86617576379753,76.91540038800264,42.59933361320871,0.36896369008351304,0.10400322163640396,0.16498637498684054,-0.06098315335043658,-0.3735764037865019,-0.2628021240234375,0.6187646048409599,4.929673243262108,4.555049102070765,80.34773411530111,78.80729747039226,0.019357687024546738,0.0,,,0,0.0011106973466516808,0.905128434249289,4.149210174497051,-0.8628321969539641,9.153854348646442,-0.02952006885460216,0.9461155629134596,1.0
2022-08-11,79.0978012084961,79.79229736328125,79.04949951171875,79.0978012084961,0,79.36871948242188,79.22884063720703,79.54203071594239,78.89484802246093,77.79130783081055,76.43137981414795,79.33516952678863,79.34220414803671,78.87525911457003,76.93711581905232,39.14858912124083,0.2828699960846778,0.07219270659884103,0.14642764130924066,-0.07423493471039963,-0.7835961302231298,-0.7495956420898438,0.6505928039550781,5.134002114933551,4.6117627055517785,80.33275596931868,78.7513054625661,0.01988194785220165,0.0,,,0,-0.5584839907252445,0.25724517015024856,3.488647464996539,-1.4615520676617229,8.494640624761269,-0.6039307799242606,0.9396616754700432,0.0
2022-08-12,79.61399841308594,79.93699645996094,79.55599975585938,79.61399841308594,0,79.46053924560547,79.23309020996093,79.52881546020508,78.93991806030273,77.82421279907227,76.45705928802491,79.3909353040481,79.36808931613665,78.90422928313927,76.96375146675415,46.287874542531135,0.4609902411105257,0.08762535408256156,0.13466718386390483,-0.047041829781343275,-0.2845690746994811,0.0424957275390625,0.6777708871023995,5.685246724155391,4.645541774514514,80.30457011631813,78.75306080409203,0.019508769283788113,0.0,,,0,0.10710954562561126,0.8539156986054541,4.129035506281217,-0.818483984982437,9.202683444508652,0.6526062630099985,0.478903797665495,1.0
2022-08-15,79.62760162353516,79.72850036621094,79.4708023071289,79.62760162353516,0,79.50393981933594,79.27637023925782,79.52417068481445,78.97858612060547,77.85770378112792,76.48424179077148,79.43826856794551,79.39280477398412,78.9325968258999,76.99025743846342,48.60400650917457,0.5187761355055653,0.09980303651639133,0.12769435439440213,-0.027891317878010802,-0.2752691204975344,0.43280029296875,0.6837278093610492,5.645445602452705,4.543411728500929,80.29619645136427,78.75214491826463,0.019416128704055482,0.0,,,0,0.13006226639023177,0.8217613593874632,4.10981368078745,-0.8015373793362235,9.221342312473144,0.017086455548479054,0.32426759463949006,1.0
2022-08-16,79.55290222167969,79.77999877929688,79.26100158691406,79.55290222167969,0,79.494140625,79.33609008789062,79.50030097961425,79.01322418212891,77.89289176940918,76.5124137878418,79.46119529869235,79.40805214995513,78.9569225276952,77.01575639153025,45.70354604123177,0.4783693119245327,0.1022476726169117,0.12260501803890406,-0.020357345421992357,-0.023375785600898702,0.597198486328125,0.6959206717354911,5.455669776890107,4.469951767753545,80.23505909310515,78.76554286612335,0.01848441086227603,0.0,,,0,0.06616483386512406,0.6830224245840135,3.973849841241112,-0.8945963899262838,9.118880744194769,-0.09381094034281474,0.6547951476662877,1.0
2022-08-17,79.14600372314453,79.68509674072266,79.14600372314453,79.14600372314453,0,79.40766143798828,79.39024047851562,79.46480598449708,79.04273223876953,77.92768478393555,76.53726982116699,79.3981569835828,79.38309515692555,78.96433747653634,77.03695288239209,40.66251048693931,0.46580293456014144,0.07053863067444865,0.11219174056601297,-0.041653109891564316,-0.06161718522177395,0.54150390625,0.7015773228236607,5.685897711583953,4.608508940353455,80.19581184752923,78.73380012146492,0.018398229353879383,0.0,,,0,-0.4011867359428782,0.130652726000211,3.408449122986718,-1.4015023455794025,8.560757690268654,-0.5114816520474706,0.6811373818239655,0.0
2022-08-18,79.35970306396484,79.86250305175781,79.33650207519531,79.35970306396484,0,79.46004180908203,79.41438064575195,79.43262100219727,79.07544036865234,77.96300384521484,76.56204383850098,79.39046619965922,79.38086733854833,78.97984200937668,77.0600648244973,47.13288042187278,0.929249673871464,0.06193874601943605,0.1021411416566976,-0.04020239563726155,0.5116784595669444,0.24140167236328125,0.704634530203683,5.739171720746691,4.633321830056859,80.11910681996791,78.74613518442662,0.017284732874461126,0.0,,,0,-0.0917984794060929,0.3594829114921954,3.654107290245814,-1.1352800101052334,8.83715873798791,0.2700064826618918,0.662999959418371,0.0
2022-08-19,79.7667007446289,80.11250305175781,79.65709686279297,79.7667007446289,0,79.49058227539062,79.47556076049804,79.43216094970703,79.11440032958984,78.0015788269043,76.58926685333252,79.46571310865315,79.41761337722268,79.01069921468068,77.08699652519513,57.678785817602204,1.0,0.0869621414450279,0.09910534161436367,-0.012143200169335774,1.4785424885873866,0.6118011474609375,0.7103985377720424,5.980456750912354,4.72616864619008,80.11768979427963,78.74663210513442,0.01726073762506974,0.0,,,0,0.42116416187354727,0.8245027609658765,4.148667328780068,-0.6282504953531799,9.36983562066281,0.5128518189338708,0.5717082430825563,1.0
2022-08-22,79.91790008544922,80.15480041503906,79.76200103759766,79.91790008544922,0,79.54864196777343,79.52629089355469,79.43421592712403,79.14920639038085,78.04080986022949,76.61715637207031,79.55615050401236,79.4652597303871,79.04627571941671,77.11516471982453,63.23154495496006,1.0,0.1176378301038028,0.1028118393122515,0.014825990791551294,1.0106368309021008,0.5073013305664062,0.6369912283761161,6.002328013340602,4.734923294007028,80.12557845997341,78.74285339427465,0.01740717208019437,0.0,,,0,0.6089116039981308,0.9711957076069752,4.308099999626384,-0.4398894013000888,9.569938733923683,0.18955195515027431,0.49246429669718444,1.0
2022-08-23,79.88379669189453,80.0979995727539,79.50299835205078,79.88379669189453,0,79.61482086181641,79.5544807434082,79.44228057861328,79.18367034912109,78.08486785888672,76.64439987182617,79.6216797415888,79.50512039338781,79.07911967912172,77.14271329666106,69.27294293976746,1.0,0.13761038862580222,0.10977154917496165,0.027838839450840563,0.9208489915798479,0.28189849853515625,0.6341127668108258,5.960780848114702,4.705943339484422,80.15133888592078,78.73322227130578,0.017850905138752704,0.0,,,0,0.5557696859474522,0.8841802099935313,4.226527737819941,-0.4823747222415217,9.518370490819382,-0.042673035100051084,0.748400982398643,1.0
2022-08-24,79.85449981689453,80.08499908447266,79.69889831542969,79.85449981689453,0,79.7565200805664,79.58209075927735,79.44294548034668,79.22105041503906,78.12890586853027,76.67137935638428,79.66824375664996,79.53839462419798,79.10952674334811,77.16969624711115,62.98689937525067,0.7913301774907836,0.1493531223552651,0.11768786381102234,0.031665258544242764,0.5589947298872744,0.27610015869140625,0.5762983049665179,5.939872044184737,4.708048691271363,80.15360199325333,78.73228896744003,0.017890991040418084,0.0,,,0,0.5180501982390187,0.7995973273982495,4.1516410520208025,-0.518872179157652,9.337298299230614,-0.03667436478137829,0.4844493176240301,1.0
2022-08-25,79.79679870605469,80.02629852294922,79.73739624023438,79.79679870605469,0,79.84393920898438,79.6519905090332,79.44041557312012,79.25898239135742,78.16742286682128,76.69906433105469,79.6939547465309,79.56300453675577,79.13647858502289,77.1958365700857,61.2397301449469,0.7333316145729208,0.1522483023628638,0.12459995152139064,0.027648350841473157,0.24484405161027123,0.6989974975585938,0.5559703281947544,5.94542683755063,4.7125275989202,80.14534683706204,78.7354843091782,0.017747421356150102,0.0,,,0,0.4486169040827062,0.6785556645702172,4.038816381943476,-0.5907550610994992,8.913072295686838,-0.07225780760276722,0.36231717655343715,1.0
2022-08-26,79.88289642333984,80.13349914550781,79.71600341796875,79.88289642333984,0,79.86717834472657,79.67888031005859,79.45598526000977,79.29708633422851,78.2071198272705,76.72760681152344,79.73174308189269,79.59347043071615,79.16574987280002,77.22257348404844,58.79219986081325,0.652084053251675,0.15964977637032973,0.13160991649117848,0.028039859879151252,0.3826374574565028,0.26889801025390625,0.5427840096609933,5.815056158004371,4.661744920313691,80.18640195167687,78.72556856834267,0.018385441682634857,0.0,,,0,0.5372926431319955,0.7387536115037173,4.112326374999772,-0.483496258678007,8.925779098244387,0.10789620471156001,0.5237288745523775,1.0
2022-08-29,79.95909881591797,80.12950134277344,79.87339782714844,79.95909881591797,0,79.87541809082032,79.71203002929687,79.49420013427735,79.33704025268554,78.24753784179687,76.75588932037354,79.77721422869774,79.62829218168775,79.19686159605955,77.24980259182824,56.94728438771483,0.5908407321762272,0.16970810468588127,0.13922955413011903,0.030478550555762235,1.0889020861042153,0.3314971923828125,0.5322129385811942,5.517083028098049,4.596133412305706,80.24672070637547,78.74167956217923,0.01893271636992392,0.0,,,0,0.5848208810898623,0.7840707962525388,4.173242631812216,-0.3885648525117807,9.029686259255858,0.09539262594371892,0.32063681099334945,1.0
2022-08-30,79.96790313720703,80.16079711914062,79.43250274658203,79.96790313720703,0,79.89223937988281,79.7535301208496,79.54481010437011,79.37771835327149,78.28884689331055,76.78357982635498,79.81535201039961,79.6606360822134,79.22709851924179,77.27684836839919,57.61910020803921,0.6131421506355738,0.1763569048685838,0.146655024277812,0.029701880590771806,0.44452575071638467,0.41500091552734375,0.5308412824358258,5.363104166522815,4.590418499374619,80.28080968048123,78.808810528259,0.018505282120742084,0.0,,,0,0.531892693290461,0.7435144221567528,4.147140987765034,-0.37759660634479775,9.041691551987858,0.011011031163985264,0.9168719949340034,1.0
2022-08-31,79.68229675292969,79.7437973022461,79.35299682617188,79.68229675292969,0,79.85779876708985,79.80715942382812,79.59869995117188,79.40866622924804,78.32417182922363,76.80975631713868,79.78874095890562,79.662699003234,79.2449494303668,77.30078317819552,62.377574925276676,0.7589911293420811,0.1567728982332568,0.14867859906890096,0.008094299164355834,0.06868865604305885,0.5362930297851562,0.5217061723981585,5.260322326180106,4.639033109662843,80.18802425045628,79.00937565188748,0.014807385036336218,0.0,,,0,0.10502282299721916,0.34458521553767374,3.7398119373411616,-0.7333992885467083,8.652247762193669,-0.35715127328936846,0.4924835755482477,1.0
2022-09-01,79.54879760742188,79.83499908447266,79.27950286865234,79.54879760742188,0,79.80819854736328,79.82606887817383,79.62022476196289,79.43578018188477,78.35844284057617,76.83437530517578,79.74075228860887,79.6518512512519,79.25686504515328,77.32315148097389,48.35219078028954,0.2687719001112163,0.12899321307124012,0.14474152186936878,-0.015748308798128663,-0.005159603412552283,0.18909454345703125,0.5014419555664062,4.842365100201521,4.658597729672849,80.16546849973167,79.0749810241941,0.013696111494256069,0.0,,,0,-0.08970981274488414,0.14227521310715632,3.5328227651552737,-0.8997098357129706,8.470212569624715,-0.16753927904682808,0.700680750660912,0.0
2022-09-02,79.716796875,80.09149932861328,79.58650207519531,79.716796875,0,79.77497863769531,79.82107849121094,79.6483196258545,79.46726806640625,78.39252281188965,76.86043029785156,79.7359612058871,79.65803654875171,79.27490158750021,77.34696884807863,52.09103169010306,0.39945293458974035,0.11916014532293673,0.13962524656008238,-0.02046510123714565,0.7211901106872309,-0.04990386962890625,0.5217993600027901,4.886091978230481,4.66899684562338,80.14866544751868,79.14797380419031,0.012563876401022448,0.0,,,0,0.08597450576129148,0.3140019968790606,3.7163031303355556,-0.6904197312095361,8.699291032327215,0.21119020353671658,0.6345262579084513,1.0
2022-09-05,79.72450256347656,80.02549743652344,79.6552963256836,79.72450256347656,0,79.72805938720703,79.80173873901367,79.66401481628418,79.4967121887207,78.42645385742188,76.884144821167,79.73366947740499,79.66436664539216,79.29253299832281,77.37062589997315,54.15334047346455,0.4715353397320518,0.11071292328668392,0.1338427819054027,-0.023129858618718774,0.45967850864774285,-0.19339752197265625,0.5111710684640067,4.766985689280593,4.58647304232868,80.15251608351447,79.17551354905389,0.012264038370570189,0.0,,,0,0.07592856992190967,0.28654062348527565,3.694334831864559,-0.6808201396769081,8.597104964020417,0.009666329780717874,0.4647539183411188,1.0
2022-09-06,79.78299713134766,79.96800231933594,79.70999908447266,79.78299713134766,0,79.69107818603516,79.79165878295899,79.67306976318359,79.52355010986328,78.4614818572998,76.90778530120849,79.74353500819352,79.67566478691172,79.31176688589242,77.39462959381767,68.54520577155448,0.9671303020203854,0.1074992769826082,0.1285740809208438,-0.021074803938235603,0.02043006237768541,-0.100799560546875,0.49109322684151785,4.700704703053384,4.585795597860354,80.16343322528812,79.18270630107907,0.012309390451806575,0.0,,,0,0.1379730547483713,0.32625180984242497,3.738518563339757,-0.6079487849435824,8.475972786913985,0.07337087845047442,0.32367737777773953,1.0
2022-09-07,79.89510345458984,80.14199829101562,79.79650115966797,79.89510345458984,0,79.73363952636718,79.79571914672852,79.68890495300293,79.53998825073242,78.4959789276123,76.93200630187988,79.77384869747279,79.69656370764297,79.33464282976291,77.41950993074077,66.56751090713354,0.870681894608256,0.11269935450178536,0.12539913563703212,-0.012699781135246752,-0.028525062389028744,0.0406036376953125,0.4655576433454241,4.719766347640945,4.5588095769668255,80.18679291550141,79.19101699050445,0.012495791297222973,0.0,,,0,0.2587543419106062,0.4464612224206018,3.851579199797313,-0.46828898496295274,8.628396773308479,0.14051405346132284,0.43297278242355186,1.0
2022-09-08,79.6498031616211,79.94599914550781,79.63629913330078,79.6498031616211,0,79.75384063720703,79.78101959228516,79.71650505065918,79.55501831054687,78.52971496582032,76.95516582489013,79.74903959030246,79.69211032230754,79.34700205846325,77.44170190318735,45.98046108481904,0.0,0.09592105164323073,0.11950351883827184,-0.023582467195041118,-0.2929173874596014,-0.14699554443359375,0.4339076450892857,4.295033451656587,4.604442091281244,80.13056810604313,79.30244199527523,0.010388389584335514,0.0,,,0,-0.08367387531063666,0.11914377381477814,3.50156783868487,-0.7738791502669684,8.236022409306267,-0.3070279433434514,0.3888930243840611,0.0
2022-09-09,79.706298828125,79.93779754638672,79.4540023803711,79.706298828125,0,79.75174102783203,79.76335983276367,79.72112007141114,79.56988433837891,78.5639259338379,76.97877983093262,79.74049143786698,79.69346160857587,79.36109212786175,77.46423520592305,42.217183650333084,0.0,0.08618931708321043,0.11284067848725957,-0.02665136140404914,-0.18558877597298906,-0.17659759521484375,0.4404073442731585,3.6350733753439877,4.603161223035763,80.13242085867337,79.3098192841489,0.010318489928235006,0.0,,,0,-0.018591363584529858,0.17143984923488287,3.543208924826799,-0.7034979866044829,8.312794303058944,0.07093007673762644,0.608899679716003,0.0
2022-09-12,79.65579986572266,79.74199676513672,79.32499694824219,79.65579986572266,0,79.73800048828124,79.73302993774413,79.7225299835205,79.58398635864258,78.59584892272949,77.00088882446289,79.72355312343811,79.68987477592319,79.37264929405238,77.4860418194534,41.714079742693954,0.0,0.07355411702732795,0.10498336619527325,-0.0314292491679453,-0.17669736457902596,-0.3032989501953125,0.42769295828683035,3.6429700910447433,4.606247246781461,80.13267267390161,79.3123872931394,0.010289254253869973,0.0,,,0,-0.08370296052024404,0.09023612709779912,3.447896617546979,-0.766408577054448,8.210638272733247,-0.06335630075012942,0.5256852605574186,0.0
2022-09-13,79.35530090332031,79.59049987792969,79.02300262451172,79.35530090332031,0,79.65246124267578,79.67176971435546,79.71264991760253,79.59230239868164,78.62412391662598,77.0207088470459,79.64990267941455,79.65801059758006,79.37196896500406,77.50464141232771,34.84530542855423,0.0,0.03884509300813477,0.09175571155784557,-0.0529106185497108,-0.6604611796041215,-0.6126022338867188,0.4453141348702567,3.87413309622679,4.6817690655457325,80.14869969299728,79.27660014220778,0.010940541453470343,0.0,,,0,-0.4482964932813121,-0.2977693674121583,3.0311225269435567,-1.1407641331887248,7.802417093902997,-0.37724680802766497,0.718141850562813,0.0
2022-09-14,79.60240173339844,79.80500030517578,79.38359832763672,79.60240173339844,0,79.5939208984375,79.66378021240234,79.73546981811523,79.596982421875,78.65220695495606,77.04167785644532,79.64040249021133,79.65271451527704,79.38100554415678,77.5255146493533,44.70714825801198,0.2926371511216099,0.03092048122717017,0.0795886654917105,-0.04866818426454032,-0.44609942808475633,-0.07989501953125,0.4567996433803013,3.553172156385255,4.694118363741427,80.08605248400075,79.38488715222972,0.008793643950057014,0.0,,,0,-0.16688693879943114,0.006808438408778708,3.3238163396760565,-0.8329308950117387,8.012346994139246,0.3113854112646759,0.5308426254499413,0.0
2022-09-15,79.45369720458984,80.01629638671875,79.43160247802734,79.45369720458984,0,79.55469970703125,79.65427017211914,79.74016952514648,79.60517837524414,78.68202194213868,77.06202983856201,79.60306143308703,79.63376048568779,79.3838561975071,77.54470054542531,38.69943915020811,0.1143663240076737,0.012496900112310527,0.0661703124158305,-0.05367341230351998,-0.6430154004850253,-0.09510040283203125,0.46874237060546875,3.512034663009094,4.714318341906339,80.07153587797154,79.40880317232143,0.008311152454235981,0.0,,,0,-0.3592572253891435,-0.19029059886058994,3.1035613401803186,-1.0181840024993154,7.810570102795341,-0.18680909818101937,0.7360973346259083,0.0
2022-09-16,79.8490982055664,80.01329803466797,79.09860229492188,79.8490982055664,0,79.58325958251953,79.66750030517578,79.74428939819336,79.61772827148438,78.71462295532227,77.08327934265137,79.65226878758291,79.65426883996194,79.40210098213687,77.56762987537697,47.52051618938867,0.3761201259299033,0.029462015839683886,0.05882865310060119,-0.029366637260917303,0.20933313851874136,0.13230133056640625,0.515784672328404,3.483446328030161,4.807197327789753,80.07907588748535,79.40950290890137,0.008396500660260962,0.0,,,0,0.13143111332987986,0.2906010245520804,3.588091848843631,-0.5256013977765636,8.347088966413894,0.4976495932699293,1.1563993714270944,1.0
2022-09-19,79.68949890136719,79.95780181884766,79.58529663085938,79.68949890136719,0,79.58999938964844,79.66399993896485,79.73286933898926,79.62489028930663,78.74628692626953,77.10317684173584,79.65971481033976,79.6576240839053,79.41337148877336,77.5887430000137,44.124040694210514,0.27533420488537313,0.029686455281535018,0.05300021353678796,-0.02331375825525294,0.17687419317093944,-0.035003662109375,0.4903711591448103,3.4845995314793883,4.826208050479546,80.05816837274698,79.40757030523154,0.008159722243901367,0.0,,,0,-0.05439467810656736,0.0811412258476039,3.354365106044982,-0.7244269970548264,8.13052897513468,-0.19987615112238405,0.4680577993144547,0.0
2022-09-20,79.7074966430664,79.99250030517578,79.57649993896484,79.7074966430664,0,79.66043853759766,79.65644989013671,79.72405433654785,79.62948425292969,78.77812088012695,77.12257984161377,79.6692711768851,79.66237385144446,79.42490580854957,77.6098251258152,50.599597001107334,0.4674877792576441,0.03095970825292227,0.048592112480014826,-0.017632404227092557,-0.011666590101677698,-0.07550048828125,0.47616359165736605,3.4852524575087953,4.806205545458619,80.04159523783711,79.40651343525859,0.007965999821052575,0.0,,,0,-0.02076875495010391,0.09796922693725756,3.3516990831495335,-0.7020057728711931,8.154950076498402,0.02258483482434092,0.5227678605241618,0.0
2022-09-21,79.76270294189453,80.15599822998047,79.76249694824219,79.76270294189453,0,79.69249877929687,79.6432098388672,79.71946449279785,79.63521026611328,78.81107490539551,77.14115734100342,79.68795752988699,79.6719290029159,79.43815275495525,77.63124679562694,55.286548781361596,0.6065668783810865,0.036008375208226084,0.04607536502565708,-0.010066989817430996,0.047915480422799916,-0.1324005126953125,0.4685211181640625,3.4951849475752814,4.5274405584583475,80.0316754275669,79.40725355802881,0.007832740391708162,0.0,,,0,0.05423825833725108,0.16009586130961265,3.3983747343879434,-0.6332308774948602,8.229859398019332,0.0692611123836208,0.4933412277622451,1.0
2022-09-22,80.05069732666016,81.11160278320312,79.92900085449219,80.05069732666016,0,79.81189880371093,79.6832992553711,79.73215942382812,79.64007415771485,78.85156585693359,77.16035381317138,79.76050548924162,79.70800217660583,79.46217411070839,77.65532093026408,57.79011110676004,0.6808567813160206,0.06252744268775245,0.04936578055807616,0.013161662129676295,0.3355353959337837,0.4008941650390625,0.526106698172433,3.7164129503540284,4.554898391447949,80.07659513510418,79.38772371255206,0.008639818957998206,0.0,,,0,0.39950994069883217,0.5155986772841662,3.745891990707004,-1.3079577028931118,8.620638429082375,0.3610639736913416,1.479565509474866,1.0
2022-09-23,81.06220245361328,81.33809661865234,80.78479766845703,81.06220245361328,0,80.05451965332031,79.81888961791992,79.7911247253418,79.66375213623047,78.89676986694336,77.18482730865479,80.02084488211597,79.83697363155893,79.52492032023406,77.68922024890438,71.25422150890608,1.0,0.16328179408606047,0.07214898326367303,0.09113281082238744,1.460789145465946,1.3559036254882812,0.591620853969029,5.762991315776213,5.206954889170856,80.4778830124939,79.1043664381897,0.017213901659265285,0.0,,,0,1.5930064059715932,1.7554411885990062,5.023493969162148,-0.3391942724361647,9.993147805429144,1.2635806566749948,0.6849047916986388,1.0
2022-09-26,81.25479888916016,81.71749877929688,80.73300170898438,81.25479888916016,0,80.36757965087891,79.97878952026367,79.85590972900391,79.69443817138672,78.9397428894043,77.21107131958007,80.26763568352482,79.97200460847334,79.59275869548607,77.72469864333478,72.429124190788,1.0,0.2557234455205446,0.10886387571504735,0.14685956980549725,2.015065529141724,1.5989990234375,0.6435132707868304,5.792159917518468,5.220427152126674,80.80408918318827,78.90773027481956,0.023747258215504965,0.0,,,0,1.751766606758928,1.95792925275137,5.237238002880333,-0.566218860156723,10.254481541260326,0.2375909236577746,1.2194481184550583,1.0
2022-09-27,81.61579895019531,81.86100006103516,81.28630065917969,81.61579895019531,0,80.74924011230469,80.20483932495117,79.93830451965331,79.72614822387695,78.98224586486816,77.24035682678223,80.53726833685892,80.1285564505421,79.67209360743544,77.76341605932345,74.3731506837472,1.0,0.3540327391712026,0.1578976484062784,0.1961350907649242,2.3956702922411033,2.260498046875,0.661170414515904,5.925227696140696,5.281011165406971,81.17113180804067,78.70547723126596,0.030844469264024912,0.0,,,0,2.0984863772405578,2.3701768722252647,5.664709878574699,-0.2995334904985561,10.744321835125163,0.44428152671646776,0.7070064662741763,1.0
2022-09-28,81.72460174560547,82.11299896240234,81.49610137939453,81.72460174560547,0,81.14161987304688,80.41705932617188,80.04041976928711,79.7635221862793,79.02677787780762,77.27054782867431,80.77473501860823,80.28056076435766,79.75258412265781,77.80283084227153,80.57106884302351,1.0,0.4357005541818353,0.21345822956138977,0.22224232462044552,2.5971767069946416,2.1222000122070312,0.6831130981445312,5.670767307039336,5.185836928635757,81.50121386860658,78.57962566996764,0.03650141025072443,0.0,,,0,2.10416434742963,2.458617053978974,5.764232352547531,-0.47300332676281037,10.891956140571544,0.13331094813707742,0.7569657597925156,1.0
2022-09-29,81.42870330810547,82.05549621582031,81.40750122070312,81.42870330810547,0,81.41722106933594,80.61455993652343,80.1344150543213,79.79202819824219,79.0668808746338,77.30039882659912,80.90552867650767,80.38990767328602,79.81831428679303,77.8389091752649,73.70626198391713,0.8498700437894907,0.4711156272906578,0.2649897091072434,0.2061259181834144,2.612808950609624,1.975006103515625,0.6948416573660714,5.844584749601068,5.168968281732752,81.70017054473249,78.5686595639101,0.03907822848272623,0.0,,,0,1.6151465670608631,2.0511762225130807,5.340599200227923,-0.8333584973679968,10.49045211543779,-0.36206776317011685,0.7959892950901591,1.0
2022-09-30,81.48059844970703,81.69760131835938,81.09980010986328,81.48059844970703,0,81.50090026855469,80.7777099609375,80.22260513305665,79.82612213134766,79.10724884033203,77.33246482849121,81.02054263114755,80.49378298532612,79.88350190102494,77.87514488943846,75.10591129902465,0.8804796872506784,0.4976334237596376,0.3115184520377222,0.18611497172191538,2.3594724222002483,1.631500244140625,0.7077560424804688,5.836480666611183,5.15620097009204,81.88502624035084,78.56018402576245,0.041445203743680804,0.0,,,0,1.568128228401317,2.072600139133728,5.364026131089441,-0.770158830741128,10.560868534037207,0.06373077243438903,0.7371179801753787,1.0
2022-10-03,81.52130126953125,82.06199645996094,81.41130065917969,81.52130126953125,0,81.5542007446289,80.96089019775391,80.31244506835938,79.85901214599609,79.14759887695313,77.36349632263183,81.1206943588243,80.59164186953613,79.94772932724088,77.91142505242446,82.09455334735128,1.0,0.5159853875459675,0.35241183913937124,0.16357354840659621,2.602275460659076,1.8318023681640625,0.7090345110212054,5.829096692339671,5.152671634495196,82.05385344641134,78.57103669030742,0.04336584141025034,0.0,,,0,1.5051916301924686,2.0815297846362135,5.374375699826144,-0.7205895538439883,10.616098112577033,0.04995400205527712,0.7992696290473521,1.0
2022-10-04,81.49500274658203,81.85600280761719,81.27259826660156,81.49500274658203,0,81.53004150390625,81.13964080810547,80.39804534912109,79.89446212768554,79.18449493408202,77.39606983184814,81.19555603637585,80.6776762387786,80.00840671623466,77.94708254191856,80.00696747784559,0.9518935274597544,0.5223856435245438,0.38640660001640575,0.135979043508138,2.061268790761228,1.787506103515625,0.7185848781040737,5.850266065629663,5.146836514884541,82.1972246529002,78.59886604534198,0.04475679218235574,0.0,,,0,1.3644080433765573,2.003318598401151,5.296047878967623,-0.7526167886077072,10.580413696976887,-0.03225969475421987,0.7178367044472495,1.0
2022-10-05,81.46549987792969,81.82679748535156,81.26599884033203,81.46549987792969,0,81.4782211303711,81.30992050170899,80.47656517028808,79.9269480895996,79.22542594909667,77.42967231750488,81.24954480468662,80.7527070615549,80.06554762453644,77.98209166964007,83.14991514237224,1.0,0.5190934711534538,0.4129439742438154,0.10614949690963843,2.228651203793719,1.7027969360351562,0.7168780735560826,5.870108484806461,5.148565058470033,82.31985574448736,78.63327459608881,0.04580937494782183,0.0,,,0,1.2288480572561995,1.9249474990654425,5.212249309122297,-0.7885463844392423,10.540381310807533,-0.03620205860239833,0.6900778345459883,1.0
2022-10-06,81.6488037109375,82.48149871826172,81.43800354003906,81.6488037109375,0,81.5222412109375,81.46973114013672,80.5765151977539,79.96297622680665,79.26371398925781,77.46506484985352,81.3293965859368,80.83804959959134,80.12763609851295,78.01857636656841,81.8836250591336,0.9675525506822237,0.5252210667020307,0.43539939273545847,0.08982167396657226,2.435538876053722,1.5981063842773438,0.7260780334472656,5.684369884977931,5.103908144806345,82.4476239760949,78.70540641941291,0.04644303054677535,0.0,,,0,1.3307705235848721,2.1082600519385126,5.40080727898841,-1.00955368205483,10.78910593198801,0.2250079276288495,1.281336885560586,1.0
2022-10-07,82.3489990234375,82.62629699707031,82.04499816894531,82.3489990234375,0,81.6959213256836,81.59841079711914,80.70865020751953,80.01852615356445,79.3129930114746,77.50465385437012,81.53331707343695,80.98194954471954,80.21474837007862,78.06166514922383,89.54176894700782,1.0,0.5798925004884978,0.4642980142860664,0.11559448620243146,3.2424880127583267,1.2867965698242188,0.7692914690290179,6.239842465014778,5.370336124619004,82.69095123373565,78.7263491813034,0.049122393228462936,0.0,,,0,2.032432473719087,2.912416638867619,6.250392625673576,-0.3356049874081186,11.73919961522531,0.8575695915630461,0.7085122080544164,1.0
2022-10-10,82.8322982788086,83.06430053710938,82.25849914550781,82.8322982788086,0,81.95812072753907,81.75616073608398,80.86747512817382,80.0912760925293,79.36313201904296,77.54624633789062,81.79311331451127,81.1581732336804,80.31739738610725,78.10913413558787,90.81292225521653,1.0,0.6546715701173298,0.5023727254523191,0.15229884466501065,3.4747991523392363,1.5774993896484375,0.7971343994140625,6.3513316880308714,5.454619585948013,82.99805882052843,78.73689143581922,0.052693216623312646,0.0,,,0,2.4296828205907928,3.4223729724478327,6.816644506408691,-0.27930441453261035,12.394987452481598,0.5868914754307348,0.9795965158277118,1.0
2022-10-11,82.42070007324219,82.75,82.13849639892578,82.42070007324219,0,82.1432601928711,81.83665084838867,81.02074508666992,80.1605760192871,79.41207099914551,77.58633335113525,81.91863066625746,81.27841388506724,80.39987984442627,78.15203528919636,81.75932526623433,0.7258380896683481,0.6729644707201743,0.5364910745058902,0.13647339621428412,1.6758706012290903,0.804901123046875,0.8146558489118304,6.507662763011177,5.5314895830631725,83.13426501788118,78.90722515545866,0.05217231534838077,0.0,,,0,1.7278969541377354,2.8194957748448344,6.230951397365137,-0.7748219869493224,11.836490632866786,-0.49690545127818514,0.74447868890161,1.0
2022-10-12,82.2739028930664,82.61650085449219,82.15460205078125,82.2739028930664,0,82.30494079589843,81.89158096313477,81.15432014465333,80.23396408081055,79.4600220489502,77.62502838134766,81.98968511161925,81.37322236201953,80.47337094437295,78.19304889719507,77.4918109499298,0.31891634940017033,0.6679170882073038,0.5627762772461729,0.10514081096113093,1.2542077733727508,0.5493011474609375,0.7512986319405692,6.617361177642528,5.523860067274125,83.22770799375886,79.0809322955478,0.051097411583507175,0.0,,,0,1.3795725802612635,2.542487879822635,5.988886070199251,-0.951549147987895,11.637301819242648,-0.17810717458761166,0.5622311984731293,1.0
2022-10-13,82.19999694824219,82.88700103759766,82.12000274658203,82.19999694824219,0,82.41517944335938,81.96871032714844,81.29163513183593,80.29559799194335,79.50704902648926,77.66387786865235,82.03174747894384,81.45196279880264,80.5410817680541,78.23291902705623,68.3172719076945,0.0,0.6504553645635696,0.5803120947096522,0.07014326985391739,0.7157903317265513,0.7712936401367188,0.7141271318708148,6.557548099269579,5.523880622894787,83.25145064678857,79.3318196168833,0.04821690477191847,0.0,,,0,1.117411176356714,2.3717351933662876,5.840706392824562,-1.0405235260857408,11.53701898375712,-0.0898291465767417,0.933996913495657,1.0
2022-10-14,82.19210052490234,82.60549926757812,82.1240005493164,82.19210052490234,0,82.38379974365235,82.03986053466797,81.40878524780274,80.35634201049805,79.55266799926758,77.70274188995361,82.06381808813555,81.52245210605024,80.60582760165599,78.27231386783082,66.04365927171864,0.0,0.628732016091206,0.589996078985963,0.038735937105243035,0.5720416732676314,0.7115020751953125,0.6781986781529018,6.468774604304565,5.482315629752206,83.28380705523367,79.53376344037181,0.046064360295353594,0.0,,,0,0.96219993298665,2.2845222523499884,5.7776064598940104,-1.0500299244888864,11.526304341997285,-0.009606354784679359,0.5863069444267675,1.0
2022-10-17,82.41280364990234,82.64700317382812,82.10600280761719,82.41280364990234,0,82.29990081787109,82.12901077270507,81.54495048522949,80.41638610839844,79.59987602233886,77.7434559249878,82.13361520048892,81.60724749117901,80.67668940746958,78.31351277113502,64.33049371030359,0.0,0.6221532087001407,0.5964275049287985,0.0257257037713422,1.2085423220768776,0.8915023803710938,0.6735414777483258,6.350308665738449,5.498457643815241,83.284938093786,79.80496287667299,0.04267554516135671,0.0,,,0,1.0642635252198096,2.4826004227705556,6.006097451366004,-0.784328385352468,11.825775991106951,0.26852109094490406,0.6589047666570215,1.0
2022-10-18,82.1947021484375,82.67949676513672,82.01180267333984,82.1947021484375,0,82.25470123291015,82.19898071289063,81.66931076049805,80.4682421875,79.64661407470703,77.78414443969727,82.14583259007864,81.66319555377505,80.73621931888009,78.35213157090918,58.13294756488064,0.0,0.5925103969954222,0.5956440833421233,-0.003133686346701081,0.8764094917285581,0.6996994018554688,0.6771697998046875,6.517505140173638,5.514054917098819,83.19919044002111,80.13943108097499,0.03746522813225547,0.0,,,0,0.6433155649864655,2.1455171804482314,5.670252903738686,-1.0468978647251448,11.529834480007048,-0.2646451665342685,0.8141439037212227,1.0
2022-10-19,82.2863998413086,83.38600158691406,82.17250061035156,82.2863998413086,0,82.2572006225586,82.28107070922852,81.79549560546874,80.52240219116212,79.69348808288574,77.82649993896484,82.17394604032464,81.72254834306398,80.79701071191651,78.39127851887335,65.9666634473904,0.23970997397456206,0.5698486323048684,0.5904849931346723,-0.020636360829803913,0.9385259556244252,0.8208999633789062,0.7175630841936383,6.511970647765987,5.511757291129837,83.05579794750078,80.53519326343671,0.030815935100166367,0.0,,,0,0.6001604760825341,2.190691785322929,5.730567230752264,-1.3186886583827178,11.65425890446256,0.11156156111557476,1.4767726034244977,1.0
2022-10-20,82.99700164794922,83.32499694824219,82.5469970703125,82.99700164794922,0,82.4166015625,82.41589050292968,81.9428108215332,80.60038619995117,79.74761711120605,77.87248943328858,82.33855716184955,81.84392484829115,80.88328486627074,78.43710660970993,72.66939486842585,0.4448120734880473,0.6022858709567487,0.5928451686990875,0.009440702257661138,1.8430564460962362,1.3481979370117188,0.7490485055106026,6.946967121415602,5.754956850497128,83.01984180354633,80.86577983952007,0.02628738192442141,0.0,,,0,1.2864958082924278,2.973454050272896,6.580645170013066,-0.466505086659402,12.618473139738908,0.8635713896962784,0.9424932529853229,1.0
2022-10-21,82.82569885253906,83.22000122070312,82.56230163574219,82.82569885253906,0,82.54332122802734,82.46356048583985,82.03098564147949,80.66462020874023,79.80226913452148,77.91675643920898,82.43598549998745,81.93742713441,80.95945796377147,78.4807741942157,68.76720629108105,0.3254059657930265,0.607170825013597,0.5957102999619894,0.01146052505160755,1.6696625892525407,0.4766998291015625,0.7495487758091518,5.7884864694042975,5.719433948294355,83.09310903080456,80.96886225215442,0.025895663230651143,0.0,,,0,0.9687963698655371,2.6790910788478146,6.300239688699132,-0.6719386032570357,12.386032703571205,-0.20639636614437745,0.7966100410604489,1.0
2022-10-24,82.54129791259766,83.06890106201172,82.54129791259766,82.54129791259766,0,82.5690200805664,82.43446044921875,82.09531059265137,80.72289413452148,79.85074012756348,77.9575679397583,82.4570479825095,81.99493863709453,81.02149090294112,78.52117741529412,64.01298096180099,0.17992772187364006,0.5813914881110946,0.5928465375918105,-0.011455049480715851,1.0930891343122084,-0.2910003662109375,0.7455629621233258,5.9802988319464765,5.672717111049921,83.1144642869572,81.07615689834554,0.024828548353090854,0.0,,,0,0.5432555364328023,2.2526493847530746,5.879775490663622,-1.0130041712528488,12.000129610932206,-0.34337282254357676,0.6391989982671915,1.0
2022-10-25,82.7614974975586,83.13749694824219,82.43000030517578,82.7614974975586,0,82.68237915039063,82.46854019165039,82.15259552001953,80.78706604003906,79.90014511108399,78.00009994506836,82.51793788551932,82.06794424285302,81.08972645567123,78.56336965491865,66.51371598224475,0.256449660588093,0.5721342367671411,0.5887040774268766,-0.016569840659735435,0.5009149825897508,0.34079742431640625,0.7560413905552456,5.869138256229543,5.6333114724177875,83.18694708591451,81.11824395412455,0.02518122670008452,0.0,,,0,0.7411841022000101,2.4439945084043235,6.104348014737745,-0.7489315682135711,12.298918007523852,0.2667750453768066,0.8582999398848511,1.0
2022-10-26,82.44529724121094,82.55059814453125,81.92420196533203,82.44529724121094,0,82.71415863037109,82.48567962646484,82.18863029479981,80.8530519104004,79.94789207458496,78.03922794342041,82.50340975665765,82.103882623649,81.14288609431983,78.60199580005587,59.81652894427039,0.051517217970417147,0.5331374041620478,0.5775907427739109,-0.04445333861186307,-0.4672103100351488,0.17139434814453125,0.7413128444126674,6.077197632446387,5.609695764649509,83.2103389303358,81.16692165926382,0.024862529813947556,0.0,,,0,0.3122900886539895,1.969307642926124,5.645967308883409,-1.128132213801641,11.8698664831409,-0.3820620287313964,0.764604554175934,1.0
2022-10-27,82.04959869384766,82.70649719238281,81.92829895019531,82.04959869384766,0,82.52467803955078,82.47063980102538,82.21967506408691,80.90684982299804,79.99114509582519,78.07722991943359,82.41264754409565,82.09871272557268,81.17844345116407,78.63630030646178,46.0105523193754,0.0,0.4649429941642609,0.5550611930519809,-0.09011819888771999,-0.4502526417086483,-0.15039825439453125,0.7270774841308594,6.195629878639336,5.596625883754722,83.18005171745811,81.25929841071572,0.023361236896706883,0.0,,,0,-0.20685604766339707,1.4124253673819167,5.08774296746065,-1.602670553370352,11.332943879398062,-0.4799528421925419,0.9498528007527305,0.0
2022-10-28,82.44249725341797,82.78130340576172,82.27799987792969,82.44249725341797,0,82.44803771972656,82.49567947387695,82.26777000427246,80.96036575317383,80.03738304138183,78.11718139648437,82.41861748596011,82.131454109177,81.22801418850736,78.67417291289915,44.677761434708515,0.0,0.43755816493897726,0.5315605874293802,-0.09400242249040291,0.20491839383223187,0.250396728515625,0.7217848641531808,6.38967927040114,5.661367300998369,83.16668031223001,81.36885969631491,0.021853280036905495,0.0,,,0,0.21238845921851382,1.8306877525266538,5.536958425292414,-1.131490076919769,11.866067185048282,0.4788549436254261,0.6117109416596765,1.0
2022-10-31,82.23919677734375,83.12300109863281,82.19300079345703,82.23919677734375,0,82.38761749267579,82.47831878662109,82.30366477966308,81.00679168701171,80.07799903869629,78.156311378479,82.38273334423684,82.14171531566907,81.2676684076774,78.70964578717224,47.3723392035062,0.08211658751681244,0.39489869477718287,0.5042282088989407,-0.10932951412175784,0.047688358341724246,-0.17360687255859375,0.7386561802455357,6.481286179810196,5.672213392871442,83.13160082253594,81.47572873679022,0.020119056547223,0.0,,,0,-0.07832944315653372,1.5213602028502946,5.223999606497555,-1.3752965578700718,11.59020915705377,-0.24659669811953705,1.1314835767011124,0.0
2022-11-01,82.72899627685547,83.07080078125,82.50350189208984,82.72899627685547,0,82.38111724853516,82.5317481994629,82.36536445617676,81.06369567871094,80.12368301391602,78.19673236846924,82.45198593076057,82.19764683578207,81.3249753829393,78.74963932438301,55.99326423412815,0.4042458910522005,0.3960480876909287,0.48259218465733833,-0.08654409696640963,0.6532206240312144,0.5342941284179688,0.7650636945452008,6.758849191221461,5.766101483901533,83.1202581788867,81.61047073346683,0.018330368054440778,0.0,,,0,0.44148632508289193,2.054311223047125,5.795976086353376,-0.787908398958056,12.254817163179025,0.5955791383004542,0.687605830237549,1.0
2022-11-02,82.68450164794922,83.0270004272461,82.59130096435547,82.68450164794922,0,82.42895812988282,82.57155838012696,82.42631454467774,81.12029571533203,80.17067306518555,78.2362548828125,82.4984890741983,82.24401396075037,81.37829013842988,78.78879218332398,56.43040420262177,0.41986269917912705,0.3888858115973335,0.46385091004533735,-0.07496509844800386,0.32967935322414377,0.398101806640625,0.7413994925362724,6.762979754876166,5.768001335310468,83.06285958620825,81.78976950314723,0.015445189926221497,0.0,,,0,0.3132338315715132,1.9282547219826567,5.685659125426693,-0.841268229216703,12.194442486132303,-0.05378359572663879,0.527536747579098,1.0
2022-11-03,82.88839721679688,82.99629974365234,82.6688003540039,82.88839721679688,0,82.59671783447266,82.56069793701172,82.4882942199707,81.18212768554687,80.22055503845215,78.27622188568115,82.57647070271801,82.30538379465956,81.43751002385603,78.82958427320928,58.78431576373931,0.5039560968256585,0.3951077681659996,0.4501022816694698,-0.05499451350347023,0.8439656695958586,-0.10860443115234375,0.7303995404924665,6.769764449463011,5.607625007997901,83.04209795649844,81.93449048344296,0.013427450325276884,0.0,,,0,0.4850421512647927,2.101779763470986,5.89217928511112,-0.5967480879851631,12.471107994375382,0.2465946637929738,0.3961583913713775,1.0
2022-11-04,82.68180084228516,82.9917984008789,82.0020980834961,82.68180084228516,0,82.64457855224609,82.54630813598632,82.50493431091309,81.23810577392578,80.26759605407715,78.3135844039917,82.59753673063145,82.34123303729056,81.48630574222581,78.86791478633441,53.405727665427676,0.311806249227524,0.3789992453665434,0.43588167440888453,-0.05688242904234114,0.4805180464075409,-0.14389801025390625,0.7624495370047433,6.1953555603536135,5.5178213859338685,83.06110960643049,81.94875901539568,0.0134822310971488,0.0,,,0,0.21437085290627986,1.7771156215495414,5.577852771697176,-0.844507148954625,12.190777768081114,-0.2492464343005213,1.206920725827138,1.0
2022-11-07,81.9749984741211,82.3718032836914,81.7925033569336,81.9749984741211,0,82.59173889160157,82.48967819213867,82.46206932067871,81.27842376708985,80.3077320098877,78.34826438903809,82.47302907932938,82.30635355508394,81.50547016308445,78.89883104193427,47.52468268799329,0.10170614944733863,0.30567643323003324,0.4098406261731143,-0.10416419294308105,-1.2313736081252524,-0.5662994384765625,0.7782783508300781,6.557935926595057,5.831808191627916,83.04358073302406,81.88055790833336,0.014103730773089544,0.0,,,0,-0.5906604704079059,0.8570229031844163,4.628990971739288,-1.6921342742669658,11.23171898362254,-0.8548463639686344,0.7082555282967812,0.0
2022-11-08,81.82599639892578,82.08180236816406,81.17289733886719,81.82599639892578,0,82.41113891601563,82.3961280822754,82.4323341369629,81.31558563232421,80.34665199279785,78.3846153640747,82.34362254324867,82.26060525449745,81.51803981939196,78.92795706538692,44.878936309602615,0.007186964468167654,0.23286008799948377,0.3744445185383882,-0.14158443053890446,-1.2069954947112826,-0.9355010986328125,0.756521497453962,6.36587149904164,5.8437670767696615,83.07982849083525,81.78483978309053,0.015709717810405237,0.0,,,0,-0.7355581330860661,0.6276911893735045,4.390378161411931,-1.87082382929978,11.029538352154352,-0.181765267421568,1.1197149037350835,0.0
2022-11-09,81.40519714355469,81.6697998046875,81.19029998779297,81.40519714355469,0,82.15527801513672,82.29211807250977,82.3888988494873,81.35004364013672,80.37935493469239,78.41791385650635,82.15593746330988,82.17913781536004,81.51361461641795,78.95260622039356,31.074238628179145,0.0,0.13958853688610873,0.32747332220793235,-0.18788478532182362,-1.3764028404859574,-1.04010009765625,0.7277428763253349,6.574887522847568,5.844912747136785,83.18144437096016,81.59635332801444,0.01923913373137143,0.0,,,0,-1.1939736052665288,0.06779775517017365,3.8094398845073165,-2.375463993551439,10.458556645619383,-0.5142610831398541,0.5905875664539045,0.0
2022-11-10,81.34380340576172,81.91000366210938,80.72709655761719,81.34380340576172,0,81.84635925292969,82.22153854370117,82.34608917236328,81.38594375610352,80.41086196899414,78.45052085876465,81.99351065180025,82.09958215730305,81.50695535325497,78.97639922721315,31.90816742827444,0.02353106937113522,0.06002427659572618,0.2739835130854911,-0.21395923648976495,-1.7129874816954493,-0.7057952880859375,0.7652576991489956,6.574016213858671,5.831515492667158,83.2641531658012,81.42802517892535,0.02229769507368526,0.0,,,0,-1.217162559479441,-0.051778413319236105,3.688034847092832,-2.449089945899061,10.375251599975527,-0.07541746712400124,1.4653160523962527,0.0
2022-11-11,80.48290252685547,80.98300170898438,80.42379760742188,80.48290252685547,0,81.40657958984374,82.02557907104492,82.26062927246093,81.40126586914063,80.43426696777344,78.47971588134766,81.6913890268113,81.945612668689,81.46679641888636,78.99138930979667,27.97085403173918,0.0,-0.07167228550002847,0.20485235336838722,-0.2765246388684157,-2.3802385096800327,-1.9595947265625,0.7932864597865513,7.485306587804459,6.172634335735292,83.50076349175454,81.02049505316732,0.03015134287840364,0.0,,,0,-2.1610906229726683,-1.1281929494333756,2.552489675849998,-3.4815184860886568,9.20709684038155,-1.0583484455624446,0.6953216811424161,0.0
2022-11-14,80.49700164794922,81.28739929199219,80.37310028076172,80.49700164794922,0,81.11098022460938,81.85135955810547,82.16483917236329,81.41671585083007,80.45671401977539,78.50898990631103,81.45251155103888,81.80764971433283,81.42876525139863,79.00637052709172,24.646708305429897,0.0,-0.17291185827413358,0.12929951103988307,-0.30221136931401665,-1.8922664712738624,-1.7421951293945312,0.8080580575125558,7.371558361642597,6.161925051998814,83.63086794210362,80.69881040262295,0.03568506393993995,0.0,,,0,-2.0298676918423966,-1.1296380519277327,2.5322090425702712,-3.46461022711781,9.226227910886067,0.017518156839641086,1.1375684253022618,0.0
2022-11-15,80.99199676513672,81.43800354003906,80.71299743652344,80.99199676513672,0,80.94418029785156,81.67765960693359,82.10470390319824,81.44089584350586,80.48222297668457,78.54065837860108,81.36040859385845,81.72996848107604,81.4116370754668,79.02612800209714,34.35520140870288,0.28439289763143166,-0.21077331638961994,0.06128494555398247,-0.2720582619436024,-1.759408723176581,-1.73699951171875,0.8154656546456474,7.7859433263909015,6.282413484162741,83.66143693192778,80.5479708744687,0.03792067822484162,0.0,,,0,-1.3552294633123692,-0.5511961450322544,3.121107509334964,-2.8709912649811478,9.897885840719967,0.6149236705142679,0.8982519873404584,0.0
2022-11-16,81.07140350341797,81.53800201416016,81.07140350341797,81.07140350341797,0,80.87742156982422,81.51634979248047,82.04395408630371,81.46442184448242,80.50220504760742,78.57253940582275,81.30260757577037,81.66724800701337,81.39829458244527,79.04647900211029,38.70022738088944,0.41167264263092884,-0.23170043617400893,0.0026878692083841874,-0.2343883053823931,-1.4199959626156056,-1.61309814453125,0.7988804408482143,7.781829252643391,6.2830152240076,83.66435817367194,80.42354999893548,0.03950087743610437,0.0,,,0,-1.1854018906288928,-0.4824416992914147,3.180327524720467,-2.775763364889927,10.0056326923493,0.09804269736862557,0.5755401912124486,0.0
2022-11-17,81.49530029296875,81.8499984741211,81.34629821777344,81.49530029296875,0,80.90772094726563,81.37704010009766,81.96886901855468,81.50133178710938,80.52817504882813,78.60597141265869,81.34114611921005,81.65087203424721,81.402098727956,79.07084538311386,39.13611122292363,0.42444107822110655,-0.21164073842068376,-0.04017785231742941,-0.17146288610325436,-1.4912497907724087,-1.393096923828125,0.802229745047433,7.322172625355501,6.3610246898296126,83.54180363173798,80.39593440537139,0.03837882923155227,0.0,,,0,-0.5777421736522148,-0.007400485376587365,3.6757116900723945,-2.2674085073795216,10.580817437101171,0.5228684483461665,0.6192048899375758,0.0
2022-11-18,81.52490234375,81.78829956054688,81.49250030517578,81.52490234375,0,81.11612091064453,81.26135025024413,81.90382919311523,81.53770385742187,80.5537940979004,78.63590393066406,81.37789736411804,81.63887492086653,81.40691455602636,79.09526386033413,41.46741131481191,0.492732334271648,-0.19115117358389,-0.07037251657072152,-0.12077865701316848,-1.40243852365044,-1.1568984985351562,0.7569296700613839,7.322206140573257,6.359220172957864,83.43459653619104,80.37306185003942,0.03737962823365733,0.0,,,0,-0.46264851484755853,-0.01570011548799481,3.6738922917873125,-2.2319084831333713,10.620984403311953,0.03632362930725221,0.36297727307835076,0.0
2022-11-21,81.5198974609375,81.9301986694336,81.53959655761719,81.5198974609375,0,81.3207000732422,81.21584014892578,81.85275917053222,81.57498580932617,80.57948608398438,78.6667984008789,81.40629738348193,81.62754373420661,81.41134525817974,79.11938956780283,33.6647542791646,0.26416748697892783,-0.17331898467874396,-0.09096181019232602,-0.08235717448641794,-1.651014860716904,-0.45510101318359375,0.7264791216169085,7.258072572682601,6.358433625124671,83.3619803284043,80.34353801266015,0.03687648829840327,0.0,,,0,-0.4066591193355363,-0.06753093223629714,3.626814765639071,-2.2379105490883906,10.614193287375285,-0.0061390847073902605,0.4790336576419047,0.0
2022-11-22,81.72769927978516,81.99479675292969,81.60340118408203,81.72769927978516,0,81.46784057617188,81.20601043701171,81.80106925964355,81.62243377685547,80.60736808776855,78.69700988769532,81.47057776274258,81.63708235759503,81.42375129824269,79.14534289827031,37.61964745462874,0.3800189912266716,-0.14079596811075135,-0.10092864177601109,-0.03986732633474026,-1.1539438579959538,-0.098297119140625,0.7292791094098773,7.251082592504271,6.37453744572221,83.24880455694611,80.353333962341,0.03539648834435947,0.0,,,0,-0.0896931794687376,0.1289663859049638,3.851085824499292,-1.9887058685748846,10.896159178788446,0.2549093231468185,0.4796314408081361,0.0
2022-11-23,81.71499633789062,81.91500091552734,81.68309783935547,81.71499633789062,0,81.5965591430664,81.23699035644532,81.76455421447754,81.66468566894531,80.63083404541015,78.72971088409423,81.51946147777218,81.6445027366708,81.43517267234654,79.17091158921181,34.026687272032376,0.326157816759549,-0.11472379986119563,-0.103687673393048,-0.011036126468147625,-0.3171724807198961,0.3097991943359375,0.7224508013044085,7.152675471167813,6.322545612639181,83.18036084472273,80.34874758423236,0.03463130555402692,0.0,,,0,-0.06061046508847963,0.06160639514277399,3.7918155932152815,-2.00393977073206,10.878922581174798,-0.015543006846484476,0.28390582912018614,0.0
2022-11-24,81.63289642333984,81.87000274658203,81.57949829101562,81.63289642333984,0,81.62407836914062,81.26589965820312,81.74371910095215,81.70826965332031,80.65672401428223,78.76266536712646,81.54214846688572,81.64339737349643,81.44292654493452,79.19540895074542,35.22048547655392,0.46218152858772754,-0.09953877461718719,-0.10285789363787584,0.0033191190206886545,-0.23598854164209593,0.289093017578125,0.6725082397460938,6.969784390733929,6.314526436667823,83.15411780138032,80.33332040052397,0.03450781823827603,0.0,,,0,-0.13557332456997767,-0.09224675825381175,3.6441517600182007,-2.1023974410704174,10.767521363805153,-0.10047104966057759,0.3560998310262955,0.0
2022-11-25,81.65540313720703,81.85179901123047,81.41449737548828,81.65540313720703,0,81.65017852783203,81.38314971923828,81.7043643951416,81.74439575195312,80.68106201171875,78.79562736511231,81.56479940095,81.6445407795641,81.45125896031776,79.21988650483956,44.42088551960748,0.9773603386685508,-0.08471192268312677,-0.09922869944692604,0.014516776763799269,0.3073587466548622,1.1725006103515625,0.6402228219168526,6.717353734095226,6.304881025554429,83.07605941211146,80.33266937817173,0.03357703170753585,0.0,,,0,-0.05992489911282637,-0.10886693078768457,3.6293584653415945,-2.075406443254401,10.798060680898402,0.027570642294094266,0.5371299336595147,0.0
2022-11-28,81.6697006225586,81.9219970703125,81.52400207519531,81.6697006225586,0,81.68013916015624,81.50041961669922,81.67588958740234,81.78399978637695,80.7044450378418,78.83056385040283,81.58577964527171,81.64693695508738,81.45982530001348,79.24426276471736,47.13692342954254,1.0,-0.07098952506932221,-0.09358086457140528,0.02259133950208307,0.40064172457148217,1.172698974609375,0.603729248046875,6.678954844201468,6.304740109895107,83.02428347796966,80.32749569683502,0.033018162333558435,0.0,,,0,-0.007577468546726303,-0.13975736588686388,3.601568520483519,-2.0582602975231414,10.817460911485774,0.017509539849479623,0.48819364234607715,0.0
2022-11-29,81.65029907226562,81.76399993896484,81.489501953125,81.65029907226562,0,81.66465911865234,81.56624984741211,81.62195472717285,81.82285583496093,80.72617004394532,78.86623035430908,81.5986835306705,81.6472571567234,81.46729485970964,79.26820342449396,55.263968540062265,1.0,-0.06097706342868037,-0.0870601043428603,0.026083040914179928,1.450490114991343,0.6583023071289062,0.5779293605259487,6.25436223685534,6.30569883209032,82.87597820480926,80.36793124953644,0.030727602195464953,0.0,,,0,0.03472637378940416,-0.21089066243710672,3.5301151144780536,-2.081527452589626,10.791134984920307,-0.02375611780755041,0.33685073446361535,0.0
2022-11-30,81.63089752197266,81.79029846191406,81.28009796142578,81.63089752197266,0,81.64783935546875,81.62219924926758,81.56927452087402,81.8602197265625,80.74771499633789,78.90126983642578,81.60512632893094,81.64569909627095,81.47371065038662,79.29171281849874,56.27907597631872,1.0,-0.05398534890818496,-0.08044515325592523,0.02645980434774027,1.408618769407699,0.5594940185546875,0.5298788888113839,6.256023760017598,6.303347999902102,82.7195880363731,80.41896100537494,0.028204578801413936,0.0,,,0,0.0755468299314944,-0.28013876013997185,3.459548485348592,-2.104794607656111,10.764809058354837,-0.023761762679885792,0.6277065521382789,0.0
2022-12-01,81.3052978515625,81.37129974365234,80.99299621582031,81.3052978515625,0,81.58231964111329,81.60319900512695,81.4901195526123,81.88531173706055,80.76269294738769,78.93463130950927,81.54516063345724,81.61327993010823,81.46710622690331,79.31174849046953,73.48605343315191,1.0,-0.07386605512674294,-0.07912933363008878,0.005263278503345847,0.386829685572887,-0.19000244140625,0.5097285679408482,6.251114600818261,6.32757258197442,82.46232155011407,80.51791755511053,0.023860610411157623,0.0,,,0,-0.2268025891537353,-0.7083246960828732,3.0033288339026347,-2.495267425891412,10.323003486968874,-0.39886817405445574,0.4670817792985136,0.0
2022-12-02,81.16220092773438,81.61499786376953,81.08200073242188,81.16220092773438,0,81.48367919921876,81.56692886352539,81.41413955688476,81.88731170654297,80.77553192138672,78.9634008026123,81.46856869231267,81.57032002512025,81.45514915634766,79.33016095253187,67.69321931401714,0.854529253384373,-0.10001546782415005,-0.08330656046890104,-0.016708907355249006,0.11199685757576905,-0.362701416015625,0.4824927193777902,6.232667633539551,6.341707402316622,82.21697093750497,80.61130817626456,0.019722160916759667,0.0,,,0,-0.3094531619711538,-0.8854983314230122,2.784581341194382,-2.6668752750565665,10.128835544121083,-0.17599950754669674,0.6573556726931249,0.0
2022-12-05,81.42250061035156,81.8949966430664,81.19349670410156,81.42250061035156,0,81.43423919677734,81.5571891784668,81.38651466369629,81.8906657409668,80.79255195617675,78.99517330169678,81.45935507592046,81.55624198561847,81.45386882121056,79.35098025260967,63.084279016273314,0.7387886724474918,-0.09859847496718999,-0.08636494336855884,-0.01223353159863115,-0.08932991516747979,-0.0973968505859375,0.467620849609375,5.692882893961942,6.366215048495189,82.14487870068137,80.6281506267112,0.018636110419982525,0.0,,,0,0.04421610484731265,-0.5716953530407409,3.0727539509083446,-2.354712948450854,10.48203568669311,0.32071540648454633,0.8639853774513038,0.0
2022-12-06,81.89900207519531,82.6001968383789,81.69149780273438,81.89900207519531,0,81.48397979736328,81.5743194580078,81.39016494750976,81.8963298034668,80.81123901367188,79.02824432373046,81.54728447577543,81.58888580367342,81.47132502724918,79.37633370358067,70.26229373461298,0.9190443363971431,-0.058353153169008465,-0.08076258532864876,0.022409432159640294,0.458877865155749,0.17130279541015625,0.5127416338239398,6.064973455632008,6.403650396039402,82.15807855555084,80.62225133946868,0.018869936153497857,0.0,,,0,0.6251825733658513,0.003262993268351323,3.6325718431819247,-1.7832723519772509,11.12859961495615,0.5852208680301456,1.1123544800694245,0.0
2022-12-07,82.37220001220703,82.7385025024414,82.20459747314453,82.37220001220703,0,81.63224029541016,81.64003982543946,81.43851509094239,81.90928176879883,80.83640197753907,79.06109931945801,81.71226758306176,81.66348715686709,81.50665345803183,79.40614331859189,70.96327045768753,0.9366473965174044,0.011591058635829654,-0.06229185653575308,0.07388291517158274,1.0455147489334626,0.6572036743164062,0.5170920235770089,6.061424893139735,6.472048071489198,82.32329230270969,80.55373787917509,0.021728716708040895,0.0,,,0,1.1464906011878984,0.5651596905889771,4.188027640964152,-1.2157934850135916,11.770680992608554,0.577782298955552,0.6494831745527332,0.0
2022-12-08,82.25350189208984,82.53880310058594,82.23699951171875,82.25350189208984,0,81.82188110351562,81.70210037231445,81.48400001525879,81.92577774047851,80.85890296936036,79.09421184539795,81.82051444486737,81.71967903641212,81.53594163191646,79.43447524469636,66.70631907829136,0.8297460279072363,0.05678976703613614,-0.03847553182137524,0.09526529885751138,0.6433591266342464,0.62060546875,0.5175209045410156,6.0865207902544665,6.46575039306328,82.43902015939813,80.52897987111945,0.02344067900349766,0.0,,,0,0.9443594775501446,0.4000256825751323,3.9943378573228867,-1.3581412626480274,11.60961973995202,-0.14409973279771235,0.36699246161599147,0.0
2022-12-09,82.2791976928711,82.50830078125,82.0739974975586,82.2791976928711,0,82.04528045654297,81.76447982788086,81.57381477355958,81.9417497253418,80.88393592834473,79.12614933013916,81.91225109446812,81.77296652750346,81.56508892842449,79.46278094069811,67.24661992382048,0.8418769961013888,0.09360449114956282,-0.012059527227187627,0.10566401837675045,0.6904501991868095,0.6237945556640625,0.5195928301130023,4.430898453752109,6.400899267983206,82.46837268950432,80.67925685761483,0.02193247719082268,0.0,,,0,0.8647173376279966,0.4118144519251572,3.9848373634061587,-1.327325777683843,11.644486322992721,0.03123976510442179,0.5291606317875831,0.0
2022-12-12,82.41300201416016,82.72350311279297,82.36399841308594,82.41300201416016,0,82.24338073730469,81.83880996704102,81.66961479187012,81.95958374023438,80.90929794311523,79.15612434387207,82.01240127840653,81.83392228813743,81.59834042198274,79.4921363742649,66.10730552666499,0.8130038917412359,0.13205506711165071,0.016763391640580043,0.11529167547107066,0.9556264998546338,0.7433013916015625,0.5174075535365513,4.420476222992512,6.383509554932601,82.48554393040668,80.85368565333356,0.019981216774828794,0.0,,,0,0.9102372090091457,0.5532217871711712,4.114498653495818,-1.1668620082949284,11.826045151189806,0.16262229705802744,0.4364828160769735,0.0
2022-12-13,82.64469909667969,82.91190338134766,82.36540222167969,82.64469909667969,0,82.39252014160157,81.93824996948243,81.75224990844727,81.98257766723633,80.93851989746094,79.18394382476806,82.13886084206118,81.91113912704621,81.63937409550027,79.52350515757252,69.8121183348833,0.9039884864002096,0.17915821933864606,0.04924235718019325,0.1299158621584528,1.2115499054120349,0.9944000244140625,0.5398788452148438,4.070007233665578,6.399640833861558,82.61276611426854,80.891733702626,0.021051804856378753,0.0,,,0,1.091650919983065,0.807636754397845,4.3705265294314986,-0.8890011226425193,12.140434480276207,0.28114141804920684,0.6635081538205884,0.0
2022-12-14,82.40249633789062,82.70600128173828,82.40180206298828,82.40249633789062,0,82.39857940673828,82.01540985107422,81.8188045501709,82.00131759643554,80.96413284301758,79.21138381958008,82.19158794122707,81.95793505188854,81.66930045794695,79.55215183598365,65.35268888557435,0.7201679834855731,0.19469969152946476,0.07833382405004756,0.1163658674794172,0.8972675419966158,0.7715988159179688,0.5408570425851005,4.304337152802278,6.440524903787185,82.66335324339781,80.97425585694398,0.020644366484456243,0.0,,,0,0.7133956441050326,0.4892345064861767,4.028603420916052,-1.1794608571059977,11.811790019109331,-0.2930650863713934,0.36916573562004,0.0
2022-12-15,82.50800323486328,83.03589630126953,82.41410064697266,82.50800323486328,0,82.44947967529296,82.1356803894043,81.86943969726562,82.01850158691406,80.99073890686036,79.24324932098389,82.25487099995432,82.01032249788614,81.70219076292405,79.58156329268893,66.46326731448035,0.7334718027612462,0.21307376332886463,0.10528181190581098,0.10779195142305364,1.0504605278157442,1.2027053833007812,0.5548640659877232,3.985555436846454,6.4108802519067805,82.75286107404028,80.98601832049096,0.021581224448129915,0.0,,,0,0.7799779013499093,0.5968185695644614,4.119914241092169,-1.0529325490389831,11.954952126255955,0.12803847172302435,0.7544772671370716,0.0
2022-12-16,82.85790252685547,83.0,82.59149932861328,82.85790252685547,0,82.56522064208984,82.30525054931641,81.9360897064209,82.02867965698242,81.02360290527344,79.2759873199463,82.37547730533456,82.09104440540703,81.74751279288215,79.61416368307864,70.31112247186908,0.8257646707327736,0.25295340682544065,0.13481613088973693,0.11813727593570372,1.5031134559711834,1.6957015991210938,0.5615784781319755,4.184427902409092,5.953062991685569,82.90688066072809,80.96529875211371,0.023696296901293663,0.0,,,0,1.1250388244514065,1.0108938402283119,4.51828520590111,-0.6333186026531694,12.42972980779175,0.42407921446866326,0.49460377243108894,0.0
2022-12-19,82.72599792480469,82.91850280761719,82.55799865722656,82.72599792480469,0,82.62781982421875,82.43560028076172,81.99639472961425,82.02655364990234,81.05891487121582,79.30584880828857,82.44558142922858,82.15151616915918,81.7858847588399,79.64512720787195,67.70694141641465,0.6641413617682009,0.270793177414717,0.16201154019473293,0.10878163721998405,1.7473646992056224,1.303497314453125,0.5677217755998883,4.2614016277443305,5.951417281724892,83.00734235253833,80.98544710669017,0.024658343241985473,0.0,,,0,0.889799115676153,0.8527046959544917,4.312606406601704,-0.7915041488365965,12.250748705003552,-0.1591937498152684,0.43666774419690824,0.0
2022-12-20,82.58190155029297,82.88300323486328,82.54350280761719,82.58190155029297,0,82.61526031494141,82.50389022827149,82.03910484313965,82.02977767944336,81.09517684936523,79.33630783081054,82.47284545344147,82.19250525307669,81.81710110360277,79.67434884311992,65.03705884056012,0.18773525996853957,0.2701893760359724,0.18364710736298082,0.08654226867299156,1.7492140507903153,0.6828994750976562,0.5555289132254464,4.29144860099508,5.902582088821207,83.07414459561916,81.00406509066015,0.025232838765330792,0.0,,,0,0.6616316794181901,0.6730773707655372,4.09093113635166,-0.964310581294598,12.055224609430603,-0.17418511486884425,0.4112987887579255,1.0
2022-12-21,82.63690185546875,82.9561996459961,82.54949951171875,82.63690185546875,0,82.66214141845703,82.53036041259766,82.08520011901855,82.0370376586914,81.13550086975097,79.36816284179687,82.50565673384693,82.2348287390188,81.84925015269555,79.70382698254627,73.02537149611618,1.0,0.2710247198012894,0.20112262985064253,0.06990208995064687,1.491481145891993,0.26470184326171875,0.5390145438058036,4.284202917969178,5.898682222677154,83.14136289349176,81.02903734454534,0.025733330075137444,0.0,,,0,0.6721086574075036,0.7312114307113746,4.118451147958905,-0.8983519022248816,12.1298544185578,0.0666009187767197,0.49267425809118137,1.0
2022-12-22,82.87860107421875,82.98829650878906,82.64299774169922,82.87860107421875,0,82.73626098632812,82.59287033081054,82.1474853515625,82.05060974121093,81.17310386657715,79.4024348449707,82.5802456019213,82.29614038999023,81.88961685550038,79.73541677450321,78.70038680179215,1.0,0.28787143997583087,0.2184723918756802,0.06939904810015066,1.1961061480627366,0.6250991821289062,0.5260429382324219,4.320339827824615,5.870502930445974,83.23771434905231,81.05725635407268,0.02654321049083896,0.0,,,0,0.8900037773856817,1.0091227056317011,4.377908858884608,-0.6084960341532192,12.45781562720666,0.29248339824347475,0.4178197506449069,1.0
2022-12-23,82.8749008178711,82.98480224609375,82.71600341796875,82.8749008178711,0,82.73966064453126,82.65244064331054,82.20846023559571,82.06426574707031,81.21030387878417,79.4369013595581,82.63917664511128,82.3512604307408,81.92825544226002,79.7666554217009,76.56566164013854,0.8437624297893881,0.29749467390846007,0.2342768482822362,0.06321782562622388,0.6102796885230299,0.595703125,0.49290030343191965,4.326566928626804,5.8704644457988415,83.31902918825294,81.09789128293848,0.02701836160109378,0.0,,,0,0.8106715298711077,0.987805183439084,4.327962696771676,-0.612933537183988,12.452794756430311,-0.0044646703729260915,0.3249659280160624,1.0
2022-12-26,82.6041030883789,82.87740325927734,81.716796875,82.6041030883789,0,82.7152816772461,82.67155075073242,82.25518035888672,82.06809173583984,81.24223892211914,79.47018985748291,82.6321619337648,82.37534068384917,81.95475927151959,79.7948887318171,63.94637483891024,0.0,0.28004189388013856,0.24342985740181666,0.0366120364783219,0.4262447047531426,0.19110107421875,0.49167960030691965,4.553563074993114,5.915253214992325,83.34880707200246,81.16155364577098,0.02659107203568573,0.0,,,0,0.4241954463777313,0.6531300304439542,3.9435079197824643,-0.9376855631099851,12.085349834088689,-0.32675481577625354,1.420278851669495,1.0
2022-12-27,82.90290069580078,82.91290283203125,82.62999725341797,82.90290069580078,0,82.77948150634765,82.69737091064454,82.31781044006348,82.08225570678711,81.27524894714355,79.50316886901855,82.68630968617201,82.42558449451123,81.99194128815807,79.82581422399605,61.27471002794365,0.0,0.2870124093345652,0.25214636778836635,0.03486604154619882,0.7580324315482834,0.25820159912109375,0.4537724086216518,4.666661216134583,5.954637618505301,83.40904844429012,81.22657243583684,0.02651280441967493,0.0,,,0,0.710769944692965,0.9997836705964405,4.276221784798649,-0.5793549060027064,12.49078773735649,0.3617224765483969,0.34237636211657857,1.0
2022-12-28,82.7761001586914,82.91799926757812,82.69090270996094,82.7761001586914,0,82.80732116699218,82.7347312927246,82.37507057189941,82.09204971313477,81.30722595214844,79.53653987884522,82.70426778067589,82.45896693871886,82.02269261641429,79.85517030294824,61.0644827809007,0.0,0.27908770014245476,0.25753463425918405,0.021553065883270717,0.4405835677104175,0.37360382080078125,0.44843619210379465,4.725568512660047,5.964872792829219,83.43425670126862,81.3158844425302,0.025716181413033688,0.0,,,0,0.4868336791796271,0.8332724641996454,4.0730465328022545,-0.7314194428509081,12.318732330546387,-0.1529506640239884,0.274633061406683,1.0
2022-12-29,82.85199737548828,82.90119934082031,82.74099731445312,82.85199737548828,0,82.8020004272461,82.76913070678711,82.4524055480957,82.08914962768554,81.34476791381836,79.56803787231445,82.73381369963838,82.49639840888739,82.0552143716721,79.8849894777994,61.874920916107804,0.045953875358306785,0.2757528746208351,0.26117828233151424,0.014574592289320842,0.2508307018773026,0.343994140625,0.4288575308663504,4.388157848082849,5.952210335526143,83.40301078477587,81.50180031141552,0.02305827781157151,0.0,,,0,0.48463331631906853,0.9292918141589059,4.127234491371667,-0.6404003085208293,12.421717119171351,0.09168977114332666,0.19361867945384742,1.0
2022-12-30,82.83509826660156,82.8364028930664,82.55470275878906,82.83509826660156,0,82.79403991699219,82.76685028076172,82.53605041503906,82.0893376159668,81.37697891235352,79.6005958557129,82.75407061303102,82.52865553819349,82.0857980538262,79.91434379410589,59.196401559855985,0.0,0.268649559618666,0.2626725377889446,0.005977021829721374,0.5249864360140855,-0.02280426025390625,0.4183567592075893,4.2947063820685845,5.695950457328426,83.28074893829948,81.79135189177863,0.018045412144527134,0.0,,,0,0.3623239179227985,0.9084744405218713,4.063414822612195,-0.6606664306098045,12.268848093018416,-0.020396742893392623,0.34122845200039553,1.0
2023-01-02,82.74980163574219,82.79119873046875,82.42620086669922,82.74980163574219,0,82.82317962646485,82.76923065185547,82.6024154663086,82.09350769042969,81.40820091247559,79.63295234680176,82.75321681757326,82.54971707129337,82.11183740997977,79.94255730496795,52.445953239964766,0.0,0.2532184612479256,0.26078172248074083,-0.007563261232815255,0.2930605412793996,0.0238037109375,0.40852791922433035,4.272221055007833,5.572302223733802,83.13589372440205,82.06893720821515,0.01291677138209221,0.0,,,0,0.17842840139911295,0.799446830542737,3.914019507108742,-0.7629577375871146,12.012504376221857,-0.10297160580995642,0.4428177690244523,1.0
2023-01-03,82.70600128173828,83.03099822998047,82.60099792480469,82.70600128173828,0,82.78379974365234,82.781640625,82.64276542663575,82.09239776611328,81.43973190307617,79.66631183624267,82.74377371040626,82.56460128181193,82.1351379539703,79.9700542599607,57.78179442338314,0.20323581428077034,0.2347488435583216,0.255575146696257,-0.02082630313793543,-0.18332740811047854,0.1240997314453125,0.4175137111118862,3.8560900633836845,5.4767551527105125,83.06209389547999,82.2234369577915,0.010147977664578303,0.0,,,0,0.0765171092425139,0.7474547367628352,3.815526758341488,-0.8154849641843184,11.576840842626137,-0.05293106827821993,0.5205751939791688,1.0
2023-01-04,82.78569793701172,83.00330352783203,82.69599914550781,82.78569793701172,0,82.78571929931641,82.7965202331543,82.66344032287597,82.0992057800293,81.47612884521484,79.7019068145752,82.75215855572736,82.58565810611668,82.160650110168,79.99807061495625,57.21552612798351,0.18166733160655427,0.22396071281409036,0.24925225991982372,-0.025291547105733364,0.07216596197643366,0.14879608154296875,0.3942211696079799,3.325892664787818,5.466247359199642,83.06708106075718,82.25979958499477,0.009765882869249572,0.0,,,0,0.14789804738130982,0.836173931842608,3.869156016067342,-0.7199093834432645,11.653030504304258,0.09636139341563686,0.37160731534726493,1.0
2023-01-05,82.66649627685547,82.79499816894531,82.42880249023438,82.66649627685547,0,82.74861907958984,82.77530975341797,82.68409004211426,82.11154373168945,81.50919677734375,79.7361003112793,82.73502609995299,82.59335697952038,82.18048721474399,80.02462211407963,44.349091367768565,0.0,0.20344725044857626,0.24009125802557424,-0.03664400757699798,0.10243736820589877,-0.21210479736328125,0.3852353777204241,3.325817324446533,5.47161972166847,83.03870751394143,82.3294725702871,0.008577647081719058,0.0,,,0,-0.021278295800115296,0.6758520421676636,3.6751182389611294,-0.8628610274695162,11.268807412181415,-0.14398822879641085,0.444256943747693,0.0
2023-01-06,82.64520263671875,82.77629852294922,82.28109741210938,82.64520263671875,0,82.71063995361328,82.75233993530273,82.70239028930663,82.11559783935547,81.53798179626465,79.76978031158447,82.71706140730615,82.59829466115832,82.19871134893907,80.0506975421656,47.44799599005224,0.09021216181600927,0.18335832430572907,0.22874467128160522,-0.04538634697587615,0.010044884384119435,-0.22969818115234375,0.3948565891810826,3.330560112372896,5.471959967710799,83.00263783758393,82.40214274102934,0.007260915850847415,0.0,,,0,-0.06914873002803555,0.6449503033508373,3.6046511773039205,-0.8883972562507034,11.240146248951008,-0.025758488741805342,0.6018406735141145,0.0
2023-01-09,82.27339935302734,82.43150329589844,82.05500030517578,82.27339935302734,0,82.61535949707032,82.71926956176758,82.69541015625,82.11628189086915,81.56153678894043,79.80117332458497,82.62832899645039,82.56735225086013,82.20164029027586,80.07281397809457,41.48106012724897,0.0,0.13587006239728794,0.21016974950474177,-0.07429968710745383,-0.7302267573863097,-0.3307037353515625,0.4127638680594308,3.68109944202287,5.5247653640744545,83.02866176283632,82.36215854966369,0.008059736470419557,0.0,,,0,-0.510319499504613,0.1913353339195305,3.097982053956518,-1.3342793906805117,10.73970036299348,-0.44987884575192066,0.4588422269482431,0.0
2023-01-10,82.18009948730469,82.5291976928711,81.58450317382812,82.18009948730469,0,82.51017913818359,82.64698944091796,82.67218017578125,82.10530395507813,81.58449981689454,79.83468383789062,82.53868309462125,82.53047103528341,82.20079555290444,80.09378199311159,37.64720445636476,0.0,0.08967305808205595,0.18607041122020462,-0.09639735313814868,-0.8383736495725325,-0.7228012084960938,0.4511920383998326,3.533293690251598,5.5027361651159,83.07733117875567,82.26702917280683,0.009801386684443806,0.0,,,0,-0.5952191988045782,0.09109707731851546,2.937840468156146,-1.4461685134913815,10.581823184227925,-0.11340222533204856,1.1579337769945772,0.0
2023-01-11,81.63739776611328,81.81629943847656,81.49859619140625,81.63739776611328,0,82.2805191040039,82.53311920166016,82.63392524719238,82.08436187744141,81.60232879638671,79.8656173324585,82.35842602891967,82.4454164382196,82.17870152204988,80.10914135403699,21.13462241353001,0.0,0.009164463744809836,0.1506892217251257,-0.14152475798031586,-1.170287293394301,-1.138702392578125,0.4747712271554129,4.098526454995982,5.66192956281936,83.2406379276468,82.02721256673796,0.01468434855634637,0.0,,,0,-1.2059544286418336,-0.5445179826036559,2.2184520608904212,-2.096999241507214,9.797050893552328,-0.6603809493747859,0.38982664968137604,0.0
2023-01-12,81.63179779052734,81.73799896240234,81.189697265625,81.63179779052734,0,82.07357940673828,82.41109924316406,82.59011497497559,82.05922988891602,81.62067878723144,79.89405082702636,82.2131003812412,82.3679289479632,82.15725431689214,80.12429216435032,21.115964432090536,0.0,-0.054463230312521205,0.10965873131759632,-0.16412196163011752,-1.5332429801673042,-1.2201995849609375,0.4947357177734375,4.050004438098069,5.361761854050251,83.34384152055021,81.83638842940097,0.0182522217290289,0.0,,,0,-1.1603291565081528,-0.5208824150157088,2.175064282650118,-2.1037149677434703,9.789519286455132,-0.006859571396409678,0.6753340820861637,0.0
2023-01-13,81.1156005859375,81.52410125732422,81.09249877929688,81.1156005859375,0,81.76765899658203,82.23914947509766,82.50299987792968,82.02790588378906,81.63300582885742,79.92006282806396,81.99360042218048,82.24865958015123,82.11640515097235,80.13415592973925,18.954416852048098,0.0,-0.1448714487542162,0.058752695303233814,-0.20362414405745002,-2.0060132931734365,-1.7194976806640625,0.4503566196986607,4.138277677565429,5.492803559128466,83.49233184914375,81.51366790671561,0.02398293329158632,0.0,,,0,-1.6816349636315757,-1.112188941095297,1.49591693946182,-2.7227603647718985,9.095267236606155,-0.6323482007764184,0.5322347745159544,0.0
2023-01-16,81.27799987792969,81.73609924316406,81.12950134277344,81.27799987792969,0,81.5685791015625,82.0919692993164,82.43059997558593,82.01396591186523,81.64619483947754,79.9468663406372,81.85048031333032,82.15621579898728,82.08352651281382,80.14553746156206,14.06497288578285,0.0,-0.2010982125737968,0.006782513727827691,-0.20788072630162446,-1.8997701291680102,-1.4718017578125,0.4726208278111049,4.2715858098236765,5.475119662114932,83.55405856994784,81.30714138122403,0.027258289875232,0.0,,,0,-1.398267267249809,-0.8973667176715149,1.6650227810315923,-2.5280043039204654,9.313683842424824,0.20020722378814715,0.7476909020157035,0.0
2023-01-17,81.65260314941406,81.8740005493164,81.54199981689453,81.65260314941406,0,81.46307983398438,81.98662948608398,82.38413505554199,82.010498046875,81.66304183959961,79.97594436645508,81.81090488054707,82.10825268950411,82.06662755738638,80.16053314004816,27.607893704439235,0.2832657506773771,-0.21297592083169548,-0.03716917318407694,-0.17580674764761853,-1.4275290811893382,-1.0533981323242188,0.4989711216517857,4.676146567694653,5.533236072158824,83.55702742122763,81.21124268985635,0.028473743516148994,0.0,,,0,-0.8879524020428695,-0.43640132176294594,2.0964538727750672,-2.0787643063725287,9.817501156419782,0.46089135073080845,0.4071530415827359,0.0
2023-01-18,81.52549743652344,81.81700134277344,81.15550231933594,81.52549743652344,0,81.44069976806641,81.86060943603516,82.32856483459473,82.01290405273437,81.68147384643555,80.00282283782958,81.75382339174234,82.05275218922023,82.04540676833292,80.17411487434144,24.090769556315223,0.22214667173370337,-0.22999422866227803,-0.07573418427971716,-0.15426004438256086,-1.4795252375444212,-1.2602005004882812,0.5347780500139508,4.665071533682612,5.4894835013326455,83.55511926392946,81.10201040526,0.02979657016489917,0.0,,,0,-0.9754419983935398,-0.5943047887897374,1.9032760903704669,-2.2311948228521343,9.646552145194608,-0.15566645518702865,0.8151006457141878,0.0
2023-01-19,81.43599700927734,81.5593032836914,81.22579956054688,81.43599700927734,0,81.4015396118164,81.73755950927735,82.25643463134766,82.01474792480468,81.7003458404541,80.02939434051514,81.69025811524935,81.99401360065424,82.02150834640918,80.18667091548508,23.426373798352103,0.21413727218292,-0.24784627909433254,-0.11015660324264023,-0.1376896758516923,-1.5355648354158258,-1.230499267578125,0.5373644147600446,4.467966485378053,5.408033082155078,83.51602119944768,80.99684806324764,0.03062584887723774,0.0,,,0,-0.9974145192984686,-0.7056668833000199,1.757607539521397,-2.338527499252029,9.526179825225672,-0.10978212959176321,0.41058841519427924,0.0
2023-01-20,81.23979949951172,81.36229705810547,80.97270202636719,81.23979949951172,0,81.42637939453125,81.59701919555664,82.17467956542968,82.0298858642578,81.71557586669923,80.05404933929444,81.60016639210183,81.92218368625971,81.99085309751123,80.19714980686844,22.47937193916286,0.19247508756195578,-0.27465955267231834,-0.14305719312857584,-0.1316023595437425,-1.8673496461625638,-1.4054031372070312,0.5412499564034599,4.4883868725251315,5.329820498031729,83.4767848068227,80.87257432403666,0.03169115470310416,0.0,,,0,-1.137674124026963,-0.9631689187688431,1.4811869855473476,-2.5738158042814128,9.262306789651449,-0.24092234020696499,0.4811436718653864,0.0
2023-01-23,80.97599792480469,81.489501953125,80.87850189208984,80.97599792480469,0,81.36597900390625,81.46727905273437,82.09327430725098,82.03946578979492,81.7280908203125,80.07727233886719,81.4753326986424,81.83207075659733,81.95105485544431,80.20489953938522,20.81051647833911,0.15632577303688447,-0.31358108006563157,-0.17716197051598698,-0.1364191095496446,-2.0449618989405227,-1.2974014282226562,0.5541785103934151,4.48701893219809,5.346177846316225,83.48296700904372,80.70358160545824,0.03385643254017445,0.0,,,0,-1.360984065837909,-1.2962881398022426,1.122322925953714,-2.890177747157482,8.907510633521028,-0.3247196279806387,0.7554542266996588,0.0
2023-01-24,81.48799896240234,81.73829650878906,81.37750244140625,81.48799896240234,0,81.3330581665039,81.39806900024413,82.02252922058105,82.04938583374023,81.74514083862304,80.10331134796142,81.47786595139439,81.79930201429305,81.93289580081522,80.2176666978232,30.892060339443077,0.5040612230085355,-0.29965819305756725,-0.20166121502430304,-0.09799697803326421,-1.4002067118197958,-0.6921005249023438,0.5866780962262835,4.933159990360246,5.364729042524441,83.38241958644166,80.66263885472044,0.03315894739611089,0.0,,,0,-0.6516871196951352,-0.6842060615486473,1.7286271829961748,-2.2761645700608533,9.596119108569654,0.6322874070327689,0.44335849166984803,0.0
2023-01-25,81.60189819335938,81.76599884033203,81.47019958496094,81.60189819335938,0,81.3483383178711,81.39451904296875,81.96381912231445,82.05999572753906,81.76220878601075,80.12909385681152,81.5026723997874,81.7805016503946,81.91991550248362,80.23144014553999,34.299833253448,0.6061422389596972,-0.27624906152981055,-0.21657878432540456,-0.059670277204405986,-0.8161825875051321,-0.03549957275390625,0.5816497802734375,4.989551433321635,5.374965456853972,83.28763397449372,80.64000427013518,0.03230241993003625,0.0,,,0,-0.4415618169463023,-0.5582470850969711,1.8380394257043682,-2.1395718221302396,9.74930625074136,0.13977423965163643,0.3630766303237301,0.0
2023-01-26,81.50270080566406,81.57050323486328,81.3552017211914,81.50270080566406,0,81.36167907714844,81.38160934448243,81.89635429382324,82.06014373779297,81.78073776245117,80.15522636413574,81.50267808096274,81.75404442708692,81.90355414182403,80.24408950534223,33.5294040008975,0.7099638596741551,-0.26267361833667735,-0.22579775112765912,-0.036875867209018226,-0.8242855458519771,-0.12909698486328125,0.5638994489397321,4.954406071742823,5.349363054534523,83.16600379410288,80.6267047935436,0.031006252017628584,0.0,,,0,-0.480672786418362,-0.6793102068040564,1.6810812003785032,-2.258533501317984,9.615892142461066,-0.12156259828694158,0.26464382008384013,0.0
2023-01-27,81.44509887695312,81.66840362548828,81.42350006103516,81.44509887695312,0,81.40273895263672,81.41455917358398,81.82685432434081,82.05854766845704,81.79812576293945,80.18102584838867,81.49116224016082,81.72462104135991,81.88557550398596,80.25603984734832,36.86948949602699,0.967021146492856,-0.25363918144905995,-0.23136603719193932,-0.022273144257120625,-0.2355524482922422,0.329498291015625,0.5392352512904576,4.94931248401694,5.330261015743004,83.03060574946558,80.62310289921605,0.029421916192779455,0.0,,,0,-0.4665405392152902,-0.7475745171392063,1.5765238910196069,-2.3276121567454164,9.538421252019887,-0.07067487106750509,0.3007774957715463,0.0
2023-01-30,81.50800323486328,81.7177963256836,81.46399688720703,81.50800323486328,0,81.50914001464844,81.43755950927735,81.76476440429687,82.05830978393554,81.81664779663086,80.20624835968017,81.49453043910131,81.70399077407451,81.8707687483341,80.26849719448778,39.24202124411683,1.0,-0.2386524324708006,-0.23282331624771158,-0.005829116223089015,-0.15164991953470208,0.23000335693359375,0.4912354605538504,4.981662161756717,5.042565614536197,82.8938594502512,80.63566935834254,0.027618132435907657,0.0,,,0,-0.3140242270668059,-0.6706286670067306,1.623009306389029,-2.2521746052223466,9.623023568799692,0.07723528951102614,0.31154798214475865,0.0
2023-01-31,81.57990264892578,82.05909729003906,81.53700256347656,81.57990264892578,0,81.52752075195312,81.43028945922852,81.70845947265624,82.05535385131836,81.83889381408692,80.23150886535645,81.5116048810662,81.69217285739369,81.85936223463182,80.2815460049797,48.91637572543584,1.0,-0.21845542593901257,-0.22994973818597178,0.01149431224695921,0.5723955190301222,-0.07270050048828125,0.48192051478794645,5.0152456778102845,5.033495739398713,82.7487434734434,80.66817547186909,0.025463312060981506,0.0,,,0,-0.15733600236764303,-0.5794273987948174,1.68062872384987,-2.165949804063655,9.719723657742431,0.08821147765738246,0.6403163105683818,0.0
2023-02-01,81.76840209960938,82.00800323486328,81.67030334472656,81.76840209960938,0,81.56082153320312,81.4545799255371,81.65759468078613,82.05642196655273,81.86055381774902,80.25638038635253,81.56296432477484,81.69943278522375,81.85579517051329,80.29634059298597,52.40856078236189,1.0,-0.18510504668221017,-0.22098079988521946,0.035875753203009286,0.6033640375208815,0.2429046630859375,0.473334721156529,5.095945234757206,4.941712858474326,82.56740231566451,80.74778704590776,0.02228347867543672,0.0,,,0,0.13569762770555246,-0.3510022251040374,1.883989417387131,-1.9398933352364274,9.973243298819282,0.2310611370729257,0.41349165646085967,0.0
2023-02-02,81.71029663085938,82.268798828125,81.63300323486328,81.71029663085938,0,81.60234069824219,81.48200988769531,81.60978469848632,82.05796997070313,81.88311981201171,80.2825708770752,81.59243078599175,81.70046743718905,81.85008934542883,80.31040980729317,62.5056152375085,1.0,-0.16150156703164953,-0.2090849533145055,0.047583386282855966,0.07065724694623743,0.27429962158203125,0.4802273341587612,5.086894163032425,4.941408681586772,82.38722873690344,80.8323406600692,0.01905271632046189,0.0,,,0,0.12316161933817334,-0.4236923481873611,1.7783757273670746,-2.0095758570556757,9.89509517940206,-0.07106103000425097,0.7788462607855978,0.0
2023-02-03,82.0458984375,82.31600189208984,81.78009796142578,82.0458984375,0,81.72250061035156,81.56261978149413,81.57981948852539,82.06577987670899,81.90508781433105,80.30985538482666,81.6831243162934,81.73336562769485,81.85776813335319,80.32767835087732,65.05141257469629,1.0,-0.11439668453030549,-0.19014729955766552,0.07575061502736002,0.6383291330197105,0.8060989379882812,0.47917066301618305,5.351850370400928,4.477815129425313,82.22400611831797,80.9356328587328,0.01579279370391825,0.0,,,0,0.5713164749526917,-0.024226223450085984,2.161681208806332,-1.607108056401121,10.346458030889028,0.4107215620043152,0.655298714507335,0.0
2023-02-06,82.22599792480469,82.84420013427734,82.2332992553711,82.22599792480469,0,81.86609954833985,81.68761978149413,81.57744941711425,82.0769058227539,81.93045280456543,80.33836986541748,81.79169903799567,81.78028298932435,81.87220851733167,80.3465671028567,62.16667745904294,0.9347948307970444,-0.06182057321828438,-0.16448195428978932,0.10266138107150494,0.9700880992926875,1.25,0.49362073625837055,5.189660827694878,4.494076969285102,82.21115517065186,80.94374366357664,0.015536297299451133,0.0,,,0,0.7950095428631719,0.18164927217499302,2.3495971632849386,-1.3911251769282782,10.588680261320087,0.2195106528596084,0.7428874731258565,0.0
2023-02-07,82.75499725341797,82.90129852294922,82.61150360107422,82.75499725341797,0,82.10111846923829,81.8143196105957,81.60619430541992,82.09899978637695,81.96092781066895,80.36952434539795,81.98435868108012,81.87311291923803,81.9068276834527,80.37053158196676,72.28720711849687,1.0,0.02227542138243166,-0.12713047915534512,0.14940590053777678,1.8650929264237837,1.266998291015625,0.4946065630231585,5.647672855536954,4.509928498256832,82.38949710933163,80.82289150150821,0.01919714086850111,0.0,,,0,1.4077398876101632,0.7990322278565335,2.968131175902144,-0.7567269343624681,11.30015034483268,0.6433480188310379,0.35079245533939385,0.0
2023-02-08,82.74189758300781,82.88179779052734,82.48699951171875,82.74189758300781,0,82.29581756591797,81.92831954956054,81.66141929626465,82.12121978759765,81.99071975708007,80.40089733123779,82.13586646146567,81.95585431578752,81.93957552265094,80.39412726356916,74.34648657413598,1.0,0.08686375773052646,-0.08433163177817081,0.17119538950869728,2.18076924453956,1.1399993896484375,0.4989847455705915,5.020123443036723,4.509266513062888,82.5952600218834,80.7275785706459,0.022871038335270925,0.0,,,0,1.323119651916926,0.7558068389820696,2.911659358881917,-0.7724366100404682,11.062949775849413,-0.015829461476557782,0.4786187898039686,0.0
2023-02-09,82.65950012207031,82.6792984008789,82.4093017578125,82.65950012207031,0,82.48565826416015,82.04399948120117,81.71280441284179,82.14830383300782,82.01680778503417,80.43418682098388,82.24059319358659,82.02286820210017,81.96780785988308,80.41666828703683,77.64098785824419,1.0,0.12990423795433514,-0.04148445783166962,0.17138869578600477,1.437636430621514,1.15679931640625,0.4896490914481027,5.048992631299839,4.400813196171477,82.74744212477576,80.67816670090782,0.025323759706168316,0.0,,,0,1.1585647023512766,0.6222846549597219,2.7666262183257193,-0.871251110519444,10.952349157141358,-0.09958372160227258,0.32762884444753865,0.0
2023-02-10,82.533203125,82.65730285644531,82.34100341796875,82.533203125,0,82.58311920166015,82.15280990600586,81.78368453979492,82.17572387695313,82.03151779174804,80.4641438293457,82.29911517986928,82.07147152809063,81.989980223221,80.43772833517578,82.03330989629109,1.0,0.15207004761748522,-0.0027735567418386495,0.15484360435932387,1.141278514666233,1.088104248046875,0.4687559945242746,4.417311389535006,4.4155467473509065,82.84006156221837,80.72730751737147,0.025833441678931146,0.0,,,0,0.9164646829287504,0.4350180700350723,2.5714053455195054,-1.0227117809758297,10.590586349927284,-0.15279187133215055,0.38413357300372475,0.0
2023-02-13,82.51300048828125,82.7686996459961,82.49469757080078,82.51300048828125,0,82.64051971435546,82.25330963134766,81.8454345703125,82.19753387451172,82.04409980773926,80.49192134857178,82.34189224155168,82.11352190525164,82.01049082185081,80.45837780933603,76.43385289800608,0.8845565754980407,0.1660918243661058,0.030999519479750243,0.13509230488635557,1.2395904339736585,1.0049972534179688,0.4338776724679129,4.412760451948537,4.416179112223793,82.92154867248391,80.7693204681411,0.026296252388932573,0.0,,,0,0.8156422181316001,0.3837908497974436,2.5109093010181107,-1.046939632574749,10.164217366233236,-0.024478192962112788,0.3321450750942522,0.0
2023-02-14,82.59739685058594,83.0165023803711,82.5719985961914,82.59739685058594,0,82.60899963378907,82.35505905151368,81.89267425537109,82.21150177001954,82.05391578674316,80.51808082580567,82.39299316335854,82.15960523337873,82.0335067445463,80.47966158089076,76.06970462246659,0.8770489682483311,0.18191723591294817,0.06118306276638984,0.12073417314655834,1.414815611401865,1.0174942016601562,0.4487135750906808,4.175773118929917,4.392614085840573,83.01509963410447,80.77024887663771,0.02741210710089287,0.0,,,0,0.8605441226858286,0.4693930560299357,2.5824212443397654,-0.9457279655100795,10.276896085305797,0.10228250312709661,0.5383226659602618,0.0
2023-02-15,82.86759948730469,82.98600006103516,82.7594985961914,82.86759948730469,0,82.63414001464844,82.4649787902832,81.95977935791015,82.22140975952148,82.06534576416016,80.54606182098388,82.48791442814777,82.22703325756216,82.06621626387016,80.50342215707398,82.80522243004364,1.0,0.21379755802078648,0.09170596181726917,0.12209159620351731,1.66805245924595,1.0991973876953125,0.4588497706821987,4.199946969829344,4.437310341382104,83.14830630707601,80.77125240874429,0.02900268786658597,0.0,,,0,1.1076410118555557,0.7859141915386324,2.8822485095304806,-0.6216895998653195,10.178406573280572,0.3271321458320671,0.2736863667443408,0.0
2023-02-16,82.73770141601562,82.91230010986328,82.58799743652344,82.73770141601562,0,82.6497802734375,82.56771926879883,82.02486457824708,82.23109375,82.07843574523926,80.57265830993653,82.53787182572134,82.275668320272,82.09254901493469,80.52565379149131,80.02417188264232,0.9361605558890896,0.2259763396489376,0.11856003738360286,0.10741630226533473,1.4192205794512525,1.02740478515625,0.46452113560267855,4.231587534984703,4.4455249167683,83.23499075947701,80.81473839701714,0.029506325611194314,0.0,,,0,0.869049697837103,0.616077985726203,2.6870692260777687,-0.7774688299722678,9.939476798358013,-0.15675375187978371,0.39267530804231027,0.0
2023-02-17,82.69529724121094,82.8594970703125,82.69529724121094,82.69529724121094,0,82.68219909667968,82.63265914916992,82.09763946533204,82.23941574096679,82.09058273315429,80.59891578674316,82.56935690881926,82.31563297940905,82.11618620027886,80.54724228352832,77.84326144443371,0.8535812968537738,0.22956022196976278,0.14076007430083484,0.08880014766892794,1.1335615198551086,0.6493988037109375,0.4567713056291853,4.092193713977941,4.448068818054811,83.28380130951078,80.9114776211533,0.028896369052843,0.0,,,0,0.7279841171697486,0.5543345561695828,2.601004534620037,-0.8283216997558001,9.883131351091443,-0.05125133292194564,0.19856005671352014,0.0
2023-02-20,82.75800323486328,82.76529693603516,82.618896484375,82.75800323486328,0,82.7311996459961,82.68585968017578,82.18673973083496,82.24631576538086,82.10294975280762,80.62527431488037,82.60708617402807,82.3577634799285,82.14135549575276,80.56923990493463,77.74731001171591,0.833603029274977,0.23475422360115772,0.1595589041608994,0.07519531944025831,1.282221026239938,0.5320053100585938,0.4278646196637835,3.790512536124498,4.449472205053503,83.28241333179089,81.09106612987902,0.026663026287313766,0.0,,,0,0.6950798947606819,0.6221402925111988,2.645236172039031,-0.7531220349931425,9.966453271041775,0.07582776257450154,0.17719971809093785,0.0
2023-02-21,82.69750213623047,82.88990020751953,82.6729965209961,82.69750213623047,0,82.751220703125,82.68011016845703,82.24721488952636,82.24737182617187,82.1149747467041,80.64973484039307,82.62516936646855,82.39011954243344,82.16316516792837,80.59041664355449,73.28675179843734,0.5388012747516483,0.23132203782481042,0.1739115308936816,0.05741050693112881,0.794194117121938,-0.0574951171875,0.4127791268484933,3.2973559119906044,4.452793254191226,83.31362773701498,81.18080204203774,0.02593188958242577,0.0,,,0,0.5474802366364971,0.5472883814572681,2.539087450057911,-0.825677496918909,9.886061152145786,-0.0731060396190484,0.26236340238175765,0.0
2023-02-22,82.86119842529297,82.99530029296875,82.77950286865234,82.86119842529297,0,82.74994049072265,82.69204025268554,82.31017990112305,82.25654586791993,82.12893173217773,80.67717884063721,82.67237517823344,82.43498419794386,82.19053902115836,80.61301148715388,77.39587457367325,0.7379007161613824,0.23905524823494773,0.18694027436193483,0.05211497387301289,0.7725056752356796,0.11930084228515625,0.3886364528111049,3.3191466597878008,4.46635159279031,83.36480610142794,81.25555370081815,0.0256256565487231,0.0,,,0,0.66944152574061,0.7350813859166169,2.7071095147859383,-0.6293660226340103,10.103576070560964,0.19794586877949155,0.2606894422388785,1.0
2023-02-23,82.83529663085938,82.90299987792969,82.56300354003906,82.83529663085938,0,82.7694595336914,82.70961990356446,82.3768096923828,82.26309173583985,82.14079666137695,80.70225532531738,82.70495946875863,82.47310919155485,82.2158236333035,80.635123777141,72.04035377720216,0.4784095163701103,0.24032351497486104,0.19761692248452006,0.04270659249034098,0.09703266280767231,0.1757965087890625,0.36965724400111605,3.262588906871517,4.379737530361194,83.38394816243546,81.36967122233015,0.02445199016115284,0.0,,,0,0.5565728269748269,0.6955791266111992,2.64309999385213,-0.6604285438493921,10.069158511462364,-0.03125925635380064,0.41180228832850446,1.0
2023-02-24,82.6178970336914,83.00520324707031,82.6094970703125,82.6178970336914,0,82.7539794921875,82.7180892944336,82.43544960021973,82.25829162597657,82.14348564147949,80.72823932647705,82.68754698174519,82.48689850985357,82.23159121763244,80.65485286427086,60.71874230530063,0.0,0.2212360237294888,0.20234074273351382,0.018895280995974983,-0.14986428029645227,0.08469390869140625,0.3409004211425781,3.4471546287975676,4.400794789157466,83.3461257864235,81.52477341401595,0.02209428566521327,0.0,,,0,0.22132157264438987,0.4371661514074981,2.3407641774178876,-0.9211432837705418,9.780284182592096,-0.2624480215683551,0.4790080932474506,1.0
2023-02-27,82.91799926757812,83.0802993774414,82.62799835205078,82.91799926757812,0,82.78597869873047,82.75858917236329,82.50594940185547,82.26213165283202,82.14434265136718,80.75373733520507,82.73363743891177,82.52795572487497,82.25850918037541,80.67737173395552,55.096345134558774,0.0,0.22770000766520582,0.20741259571985224,0.02028741194535358,0.31272769025467717,0.404998779296875,0.3256934029715402,3.598933369052746,4.413585399730389,83.32834843188323,81.68355037182772,0.019935508553986982,0.0,,,0,0.49941836765699227,0.7972898362445007,2.6800764940318476,-0.5612480637390126,10.17905139530001,0.36324119187436793,0.5473943873885445,1.0
2023-02-28,82.6520004272461,82.75050354003906,82.55999755859375,82.6520004272461,0,82.7768783569336,82.7640495300293,82.55955429077149,82.2635336303711,82.14665565490722,80.77936332702637,82.71731003657864,82.53976950605316,82.27394020966446,80.69701978065494,47.57310748520137,0.0,0.2089502299511281,0.20772012256610742,0.00123010738502069,0.14393880008045645,0.05460357666015625,0.3230650765555246,3.8779901845344087,4.317706533680049,83.25826203223316,81.86084654930981,0.016926151006117447,0.0,,,0,0.11197509151880215,0.472222356287859,2.3182122550762805,-0.880245059961188,9.825599790595257,-0.320797465787431,0.23074853086097574,1.0
2023-03-01,82.6353988647461,82.87830352783203,82.37799835205078,82.6353988647461,0,82.73171844482422,82.74082946777344,82.60290412902832,82.26350357055664,82.15027061462402,80.80514633178711,82.70092780221214,82.54887706402393,82.28811505888335,80.71630713472551,49.325389198539305,0.04973535412453171,0.1905546927967947,0.2042870366122449,-0.013732343815450188,0.14833829304539137,-0.23220062255859375,0.3350443158830915,3.83801810763168,4.156805411551844,83.19427378867776,82.01153446937887,0.014318374538641081,0.0,,,0,0.039338490650423726,0.45207811246512974,2.2650197617908345,-0.9001543519095444,9.803540112068438,-0.020086098841144713,0.6073286384589545,1.0
2023-03-02,82.4198989868164,82.65779876708984,82.3021011352539,82.4198989868164,0,82.64863891601563,82.70904922485352,82.63838424682618,82.2543295288086,82.15246963500977,80.82975933074951,82.644722039133,82.53659343762321,82.2932830560572,80.73325829743288,46.97937980775098,0.0,0.15677979800857145,0.1947855888915102,-0.03800579088293876,-0.21489522737697664,-0.31780242919921875,0.3377015250069754,3.9761310581582556,4.181600874320145,83.06702391006715,82.2097445835852,0.010373863602190028,0.0,,,0,-0.26438713922236745,0.20128965728159073,1.967270061463575,-1.1585908686252067,9.517190075456062,-0.26078397501585004,0.4321853597047175,0.0
2023-03-03,82.35569763183594,82.581298828125,81.70390319824219,82.35569763183594,0,82.59619903564453,82.67508926391602,82.65387420654297,82.24394546508789,82.1541056060791,80.85338680267334,82.58691715767358,82.51936526564347,82.2957306864799,80.74940197240207,45.90252549742839,0.0,0.12340984587682158,0.1805104402885725,-0.057100594411750916,-0.6177346256387883,-0.339599609375,0.3808010646275112,3.7501413086876147,4.1844770154285245,83.00833460453647,82.29941380854946,0.008576982056709126,0.0,,,0,-0.3607532950747328,0.13587889797369415,1.8580679036105923,-1.235583833581742,9.43188116240313,-0.0778954545803777,1.073872355588624,0.0
2023-03-06,81.7125015258789,81.97029876708984,81.61900329589844,81.7125015258789,0,82.35509948730468,82.57053909301757,82.62819938659668,82.2261134338379,82.14710258483886,80.87348930358887,82.41203403131465,82.44252109995162,82.27285895469163,80.75898505253618,32.14719998029781,0.0,0.04454982540235619,0.15331831731132922,-0.10876849190897303,-1.2390964126280046,-1.045501708984375,0.3974576677594866,4.627463511787956,4.4689545037962315,83.14866897398522,82.10772979920813,0.01259786831256966,0.0,,,0,-1.1082147106140476,-0.6246335701762915,1.037437891594477,-2.0069316542187843,8.577220685287564,-0.7809977019833941,0.43040892072380865,0.0
2023-03-07,81.85440063476562,82.02649688720703,81.73899841308594,81.85440063476562,0,82.1955795288086,82.4862289428711,82.58316955566406,82.20514343261719,82.14369956970215,80.89515682220458,82.30050735200484,82.38650962707676,82.25644882449845,80.7698847100708,28.442633595221096,0.0,-0.006423194208068139,0.12137001500744975,-0.1277932092155179,-1.0168614594763814,-0.8431015014648438,0.3921285356794085,3.9779958409639216,4.444055975457497,83.2036708648719,81.96266824645622,0.015027306715071003,0.0,,,0,-0.8824666391706062,-0.4266677037539229,1.1857864552624768,-1.8367602751068888,8.76577213791638,0.17365654732988237,0.35172742473324325,0.0
2023-03-08,82.07460021972656,82.28130340576172,81.86710357666016,82.07460021972656,0,82.08341979980469,82.40756912231446,82.5498046875,82.19111343383788,82.14158157348633,80.91753482818604,82.25532592554919,82.3568039692339,82.24931750666426,80.78286695394797,36.413573608123656,0.1613530102741317,-0.02872034303179305,0.09135194339960119,-0.12007228643139424,-0.8257848043980109,-0.7865982055664062,0.3994571140834263,4.139756656384915,4.443466160187481,83.20515317642545,81.89445619857455,0.015877650865591696,0.0,,,0,-0.575657894736842,-0.14175889490183458,1.4299315889903832,-1.572687672067611,9.058367009994068,0.26901374056047167,0.505941716520735,0.0
2023-03-09,81.9645004272461,82.0864028930664,81.78299713134766,81.9645004272461,0,81.99234008789062,82.32048950195312,82.51505470275879,82.17336349487304,82.1312565612793,80.93943683624268,82.19716082588857,82.31944172713982,82.23814820943218,80.79462450094597,35.43070431875496,0.1417324122463162,-0.05464521124790167,0.062152512470100625,-0.11679772371800229,-0.886364992955746,-0.8707962036132812,0.409400394984654,4.148127370511185,4.4420317866546615,83.21789623751017,81.8122131680074,0.01703547400612429,0.0,,,0,-0.6672167612273161,-0.2541736868784514,1.266457528086504,-1.7047239735872501,8.912069573955224,-0.13414599911021724,0.3709888025153504,0.0
2023-03-10,82.01840209960938,82.22779846191406,81.84239959716797,82.01840209960938,0,81.92488098144531,82.26054000854492,82.48931465148925,82.1570295715332,82.12318359375,80.96272636413575,82.16140908063275,82.29077128642264,82.22953071492934,80.80680139247497,35.20323590017553,0.13810326282442176,-0.07003413172728301,0.035715183630623905,-0.10574931535790691,-1.0171181948852137,-0.5994949340820312,0.4264717102050781,4.143347876911619,4.352295740908487,83.22623827065682,81.75239103232168,0.01786712914953926,0.0,,,0,-0.57087703282473,-0.1687347663940606,1.3039033921926608,-1.6400828211905867,8.983692565128006,0.06576221666979576,0.4709036717435517,0.0
2023-03-13,81.95800018310547,82.30860137939453,81.6272964477539,81.95800018310547,0,81.97398071289062,82.16454010009765,82.46156463623046,82.14119354248047,82.11735061645508,80.98404537200928,82.1207273011273,82.25907880039243,82.21888245877939,80.8182561068096,35.20463301603971,0.13813180262763508,-0.08611125499517414,0.011349895905464296,-0.09746115090063844,-1.0590852974951215,-0.9599990844726562,0.4596432277134487,4.1459548417779875,4.343862327525993,83.23559724479493,81.687532027666,0.018773172980139835,0.0,,,0,-0.6106656541704125,-0.22302251948683408,1.2026502339099283,-1.7125193397361471,8.903432236590863,-0.07364434682664213,0.834653309970518,0.0
2023-03-14,82.41739654541016,82.66950225830078,82.23249816894531,82.41739654541016,0,82.08657989501953,82.14107971191406,82.45256462097169,82.13542144775391,82.11390960693359,81.00702735900879,82.18006114998387,82.2741566808703,82.22666732492178,80.83416795196982,42.06022057217733,0.3123463089380619,-0.061078963639516815,-0.0031358760035319275,-0.05794308763598489,-0.24268408599106284,-0.2346038818359375,0.4891935076032366,4.633004942186109,4.486970173482662,83.22412915592949,81.68100008601388,0.018715355635197738,0.0,,,0,-0.04265249446538644,0.34330510842463585,1.741045477635986,-1.1615919016027163,9.513864903325182,0.5605265639453534,0.5314250437310698,0.0
2023-03-15,82.30490112304688,83.01249694824219,82.18550109863281,82.30490112304688,0,82.1326400756836,82.10802993774413,82.42442970275879,82.12580551147461,82.11250564575195,81.03019886016845,82.20502914459647,82.27708472298237,82.22973531700512,80.84880211287607,40.796197738766644,0.3827463915960737,-0.0497447067985064,-0.012457642162526823,-0.037287064635979576,-0.7394029643102762,-0.33049774169921875,0.5239791870117188,4.474499252342277,4.492766037649991,83.1729651564791,81.67589424903848,0.018162951358467308,0.0,,,0,-0.14501596206726383,0.21807470923039146,1.57311999823441,-1.2965011432288736,9.364384223234214,-0.13649475363044108,1.0062551649066145,0.0
2023-03-16,82.7156982421875,82.99199676513672,82.58670043945312,82.7156982421875,0,82.28287963867187,82.13760986328126,82.42332954406739,82.12678955078125,82.11916664123535,81.05515586853028,82.30716296411468,82.31885743909714,82.24879268662012,80.86737819376475,51.59037166982201,0.8684620916842157,-0.0075275592360952714,-0.011471625577240513,0.003944066341145242,0.07706748126135032,0.29579925537109375,0.544792720249721,4.825949457355839,4.570355218945455,83.16998866938755,81.67667041874722,0.018117664730371397,0.0,,,0,0.35471595207009965,0.7170725832916037,2.04865730731625,-0.8038559613964685,9.91023961413405,0.49911622945330814,0.4907525346417358,1.0
2023-03-17,82.622802734375,82.8677978515625,82.42050170898438,82.622802734375,0,82.403759765625,82.16432037353516,82.41970481872559,82.12634155273437,82.12096969604492,81.07917636871338,82.37029091816675,82.34780461007598,82.26345974731639,80.88484510461659,44.85287074974725,0.7089348039812341,0.01822386981763202,-0.005532526498266006,0.02375639631589803,-0.015243019994026774,0.2671051025390625,0.5437137058803013,4.839191525942866,4.575821526066619,83.1614927920426,81.67791684540859,0.018000257946773665,0.0,,,0,0.24641912525178677,0.6045090676806077,1.9038505751980899,-0.9152601611957287,9.78680273649501,-0.11230698620291703,0.5427000968247768,1.0
2023-03-20,82.53299713134766,82.72429656982422,82.43900299072266,82.53299713134766,0,82.51875915527344,82.24636993408203,82.4084545135498,82.13153350830078,82.12390769958496,81.10095336914063,82.40283216080293,82.36544199305425,82.27402984080783,80.90124462727063,47.78918603266755,0.8357858713925336,0.031027831714339982,0.0017795451442551924,0.02924828657008479,0.13722189170524146,0.82049560546875,0.538520268031529,4.842972456119197,4.531800311853525,83.13531402793613,81.68159499916347,0.0176404112582119,0.0,,,0,0.1511284473577643,0.4888057070142309,1.7657545352012236,-1.0229588172270272,9.667471635420018,-0.10869348418990435,0.34606626566513454,1.0
2023-03-21,82.52909851074219,82.76429748535156,82.4905014038086,82.52909851074219,0,82.54109954833984,82.31383972167968,82.4000343322754,82.13851348876953,82.12190872192383,81.12279586791992,82.42808543079079,82.38102832807215,82.28403253374643,80.91744217834996,48.01581311360549,0.8455763347288459,0.04039483119520071,0.009502602354444296,0.030892228840756413,0.2105511626911749,0.6746978759765625,0.5223410470145089,4.837906592912724,4.468384348947758,83.1166243621256,81.68344430242519,0.017392954642727065,0.0,,,0,0.15663121928607965,0.4755199545047253,1.7335480462383719,-1.0276342070182083,9.662291260545382,-0.004723711413586818,0.331912252784934,1.0
2023-03-22,82.677001953125,82.8823013305664,82.53299713134766,82.677001953125,0,82.61551971435547,82.37407989501953,82.390824508667,82.15930557250977,82.12183372497559,81.14625339508056,82.47786873525763,82.40921629236288,82.29944309921225,80.93495023581042,54.92328505351492,1.0,0.05907187369996336,0.01941645662354811,0.03965541707641525,1.1803584631913777,0.6024017333984375,0.522162846156529,4.827692367413609,4.474017988040857,83.0868997257121,81.69474929162189,0.01689691106251481,0.0,,,0,0.34734140138129205,0.6301128971426626,1.8864069430188097,-0.8502621786584468,9.858821098744333,0.17921368953710434,0.4232297521715438,1.0
2023-03-23,82.52580261230469,82.529296875,82.0470962524414,82.52580261230469,0,82.57754058837891,82.43021011352539,82.37534980773925,82.17718566894531,82.11820777893067,81.16938140869141,82.48745551066705,82.42031975140496,82.30831994286294,80.95077961269097,53.15232267478029,0.9331224014060289,0.06097021458613483,0.027727208216065457,0.03324300637006937,0.8202393180237966,0.5613021850585938,0.5044849940708706,4.866001361546946,4.4848652991831095,83.04300046578622,81.70769914969229,0.016209962315310005,0.0,,,0,0.18264299322137426,0.42422594607193576,1.6710995945424787,-1.0315867870373674,9.494227948727474,-0.18287956414534395,0.587711990531591,1.0
2023-03-24,82.26529693603516,82.51300048828125,82.18099975585938,82.26529693603516,0,82.50603942871093,82.45489959716797,82.35771980285645,82.20017959594726,82.11404273986817,81.19081939697266,82.44302379574067,82.4055556737507,82.30663276612461,80.96385938705261,61.937367373568286,1.0,0.0409816218505199,0.03037809094295635,0.010603530907563552,0.23234559266578358,0.24689483642578125,0.4764927455357143,4.90503983886413,4.529497760533894,83.01697197758729,81.69846762812561,0.016009480988762707,0.0,,,0,-0.11222125508395778,0.07921800220872643,1.3233978263096124,-1.3439961498942776,8.661299647422167,-0.3156657288064831,0.4039872153030164,0.0
2023-03-27,82.33879852294922,82.42829895019531,82.2406005859375,82.33879852294922,0,82.46719970703126,82.49297943115235,82.328759765625,82.22139556884765,82.11768074035645,81.21270637512207,82.42217874118239,82.39919784986485,82.30789416835302,80.97754037347944,60.77876130232685,0.9566619146616173,0.03071739092146686,0.030445950938658452,0.0002714399828084059,0.45665878978347063,0.38079833984375,0.4674715314592634,4.7134907934124515,4.530049552500204,82.93297043872717,81.72454909252282,0.0146779976966069,0.0,,,0,0.012193500002675798,0.14278881219336328,1.38659601199069,-1.255849955670717,8.758385274748596,0.08934701466064503,0.22823078007762929,1.0
2023-03-28,82.21489715576172,82.37329864501953,82.07949829101562,82.21489715576172,0,82.40435943603515,82.4727294921875,82.30690460205078,82.2326414489746,82.12156974792481,81.23411087036133,82.38072242409825,82.38164540280741,82.30424722668278,80.98985238126335,53.26165230562936,0.6754816936329702,0.012441689068396045,0.02684509856460597,-0.014403409496209926,0.23957435297716767,-0.2024993896484375,0.45796421595982145,4.613875763926381,4.5385719584891415,82.89324243500566,81.7205667690959,0.014247597714670294,0.0,,,0,-0.11178581764666093,-0.02157816275900106,1.2073576911127726,-1.4044376860205845,8.515183516434716,-0.1504775019919274,0.35794608900047997,0.0
2023-03-29,82.16429901123047,82.36499786376953,82.14600372314453,82.16429901123047,0,82.30181884765625,82.45866928100585,82.283349609375,82.24541748046875,82.12916076660156,81.25425785064698,82.33743774152471,82.36094574646674,82.29875906137092,81.00153841738242,54.77712351056921,0.7321684502776784,-0.0060549856117688705,0.020265081729331003,-0.026320067341099873,0.25171286227592127,-0.14060211181640625,0.451934814453125,4.615458307773506,4.534318021648896,82.85169779370399,81.715001425046,0.013814415359295042,0.0,,,0,-0.14468370418765922,-0.09862977381997037,1.1199919667671214,-1.4651171089073038,8.344282343207496,-0.06154376674021543,0.2665913503997988,0.0
2023-03-30,82.25540161132812,82.27909851074219,82.03199768066406,82.25540161132812,0,82.24773864746093,82.41263961791992,82.27512474060059,82.26180557250977,82.13827674865723,81.27456935882569,82.32103051548539,82.35089392407258,82.29705876921238,81.01401466806846,55.567543928824904,0.7617219638084091,-0.013210235731051512,0.0135700182372545,-0.026780253968306012,-0.19655429663174573,-0.460296630859375,0.4420563834054129,4.555355956173797,4.5328280252667374,82.83990243646271,81.71034704473847,0.013729002481436933,0.0,,,0,-0.02397216574833212,-0.007784853659700063,1.206813226129913,-1.35586303944254,8.264983492205417,0.11087857036935721,0.30122493303167436,0.0
2023-03-31,82.10050201416016,82.31189727783203,82.02950286865234,82.10050201416016,0,82.21477966308593,82.36040954589843,82.26236495971679,82.27901962280274,82.15445274353027,81.29435985565186,82.27692481522035,82.32704707550948,82.28935066117113,81.02482548743255,53.20531301482701,0.5869644627245714,-0.031022319949229882,0.004651550599957624,-0.035673870549187504,-0.24834378766962484,-0.5223007202148438,0.4135627746582031,4.593969739533259,4.54774816350503,82.83099593484438,81.6937339845892,0.01382481467451231,0.0,,,0,-0.19676427444785707,-0.21696613481902138,0.9916335646651238,-1.5416251508522292,8.035500767718208,-0.1883154104576594,0.34425956430805676,0.0
2023-04-03,82.18479919433594,82.4854965209961,82.18489837646484,82.18479919433594,0,82.18397979736328,82.32558975219726,82.28597984313964,82.30319564819337,82.17133071899414,81.31402236938476,82.25849969104348,82.31349965825486,82.28525060364818,81.03636751436692,43.70610458514833,0.1376417150350816,-0.037899564494196625,-0.0038586724188732257,-0.034040892075323397,-0.6418359019313535,-0.34819793701171875,0.3902408054896763,3.596420004663915,4.459701991581849,82.79451417269757,81.77744551358171,0.012360169509492197,0.0,,,0,-0.12296219720125373,-0.1438540179697477,1.0708815030641403,-1.440532427167766,8.146426862567498,0.10267559650395587,0.3657583698093758,0.0
2023-04-04,82.14089965820312,82.27890014648438,82.08149719238281,82.14089965820312,0,82.16918029785157,82.28676986694336,82.30030479431153,82.31625366210938,82.18281974792481,81.33252136230469,82.23497968447542,82.29706156301182,82.27958978225817,81.04735788395733,45.3911596713607,0.09242667969673887,-0.04635777248167017,-0.012358492431432614,-0.03399928005023756,-0.5832567526438792,-0.3881988525390625,0.3452698843819754,3.5654087407843953,4.454975797818516,82.77249289087541,81.82811669774765,0.011474759364354629,0.0,,,0,-0.19368717589417964,-0.21302476255301983,0.9939176633875956,-1.4931785971451759,8.088659756968546,-0.05341563958683736,0.2404962882668782,0.0
2023-04-05,82.11479949951172,82.24330139160156,81.83599853515625,82.11479949951172,0,82.1592803955078,82.23054962158203,82.30231475830078,82.32651168823242,82.19325370788575,81.34772937774659,82.21094364748268,82.2797032712499,82.2731274182289,81.05797919356485,28.454817513855375,0.0,-0.054538343849145576,-0.020794462714975207,-0.03374388113417037,-0.5067035566034161,-0.5622024536132812,0.32528468540736605,3.442040861231293,4.236983612500612,82.77078515917545,81.83384435742612,0.011384136697744976,0.0,,,0,-0.22783716270890209,-0.25716161705289164,0.9429520991337823,-1.52447900512097,8.054314732941084,-0.03177486343589094,0.49770622187781777,0.0
2023-04-06,81.94999694824219,82.12030029296875,81.81220245361328,81.94999694824219,0,82.09819946289062,82.17296905517578,82.30158958435058,82.33545761108398,82.19780067443848,81.3629878616333,82.15875430763458,82.24830266905869,82.26045563509216,81.06685499211886,27.05950906839537,0.0,-0.07347274608906673,-0.03133011938979351,-0.04214262669927322,-0.701693794007241,-0.5758056640625,0.3153419494628906,3.485016974347706,4.258831361643752,82.77230130813821,81.83087786056295,0.011438703095890991,0.0,,,0,-0.4272002981765581,-0.4681587666185551,0.7214694322769473,-1.7221171555697068,7.837452159419541,-0.20069774544174734,0.37659154761193137,0.0
2023-04-07,81.831298828125,81.87860107421875,81.76499938964844,81.831298828125,0,82.04435882568359,82.12956924438477,82.29223442077637,82.34318161010742,82.20086463928223,81.3773293685913,82.09326321173268,82.20858801754119,82.24362595638756,81.07446139844728,26.536662023643714,0.0,-0.09693889137371059,-0.04445187378657693,-0.05248701758713366,-1.0229000871118776,-0.43399810791015625,0.3081779479980469,3.5117366959440086,4.057642765484049,82.79311430237314,81.7913545391796,0.012173199211864303,0.0,,,0,-0.5601204000544121,-0.6216456201633938,0.5578574070395964,-1.8644649332041425,7.681258098086818,-0.14484212878269492,0.13893681332882715,0.0
2023-04-10,81.88480377197266,82.03790283203125,81.76100158691406,81.88480377197266,0,81.98435974121094,82.08416976928712,82.28857460021973,82.35071762084961,82.20451370239257,81.39199989318848,82.05157132378068,82.17775142272514,82.22955449817522,81.08252450664158,29.147880194572707,0.07376175545424708,-0.10995113057612116,-0.05755172514448578,-0.052399405431635376,-0.7767253635124982,-0.4539947509765625,0.30839974539620535,3.5137258388292145,4.0407180328038095,82.80068117572668,81.77646802471278,0.012446602167917016,0.0,,,0,-0.49067665858681414,-0.5657678066899943,0.6054696769103649,-1.8002995543283038,7.751664895369656,0.06538444899919744,0.33867154235241886,0.0
2023-04-11,81.98390197753906,82.1458969116211,81.91600036621094,81.98390197753906,0,81.95296020507813,82.06107025146484,82.26689987182617,82.35879760742188,82.20707572937012,81.40722190856934,82.03803745453236,82.15928957080264,82.21992106599342,81.09149343670026,26.836581709145435,0.00847213869150659,-0.11098763058322447,-0.06823890623223353,-0.042748724350990946,-0.3420579138186164,-0.23099517822265625,0.3018204825265067,2.866572579433231,3.938841212194836,82.7925647387774,81.74123500487494,0.01277949862630609,0.0,,,0,-0.3439997067204722,-0.4551980368506868,0.7083893240054391,-1.6814568185207652,7.882067560406984,0.12102148506378343,0.2806491337252654,0.0
2023-04-12,82.07009887695312,82.12560272216797,81.93949890136719,82.07009887695312,0,81.9440200805664,82.05165023803711,82.25515975952149,82.36483154296874,82.21062675476074,81.42073040008545,82.04444973901651,82.15079521900745,82.21404568603106,81.10123080426497,34.07862329271023,0.21304550840206884,-0.10365878099925396,-0.07532288118563762,-0.02833589981361634,-0.3263341836609368,-0.09420013427734375,0.2701203482491629,2.8716827102037477,3.9291335318459555,82.7876942763959,81.72262524264708,0.01294835529907928,0.0,,,0,-0.224983919682854,-0.3578380001443466,0.7975468577557703,-1.5780858716308144,7.995493483079379,0.10513881058951996,0.22712345486125013,0.0
2023-04-13,81.96060180664062,82.09500122070312,81.63089752197266,81.96060180664062,0,81.94614105224609,82.02217025756836,82.21740493774413,82.36983764648437,82.21390380859376,81.43531391143799,82.02768015254134,82.1326815606868,82.20410671036868,81.1097817595125,38.09875733826027,0.3376573153566654,-0.10547031720770406,-0.08135236839005092,-0.02411794881765314,-0.3093056829339802,-0.2947998046875,0.27864183698381695,2.1660336221598167,3.9325426432684827,82.71860916497829,81.71620071050998,0.012192168497988268,0.0,,,0,-0.3123464323618143,-0.4968272993326849,0.6450369869930085,-1.7093993633784312,7.851407021564579,-0.1334189574654563,0.5685392575838647,0.0
2023-04-14,81.68070220947266,81.94090270996094,81.47149658203125,81.68070220947266,0,81.91602172851563,81.98019027709961,82.17029991149903,82.36253372192382,82.21415679931641,81.44760940551758,81.9582845639276,82.08963590819022,82.18358104366688,81.11546256000963,27.86417433970786,0.04572759175556499,-0.12801584401452715,-0.09068506351494617,-0.03733078049958098,-0.5885729052367505,-0.4197998046875,0.3001708984375,2.400404416039216,3.965439771616587,82.68789592195853,81.65270390103953,0.01259812878903868,0.0,,,0,-0.5958329257087911,-0.8278418373494911,0.286187410111123,-2.0450667318110414,7.483089016158124,-0.3415050536455318,0.576159942584406,0.0
2023-04-17,81.84480285644531,82.08480072021484,81.84480285644531,81.84480285644531,0,81.90802154541015,81.94619064331054,82.13589019775391,82.35490982055664,82.21590782165528,81.46017642974853,81.93558822243115,82.0663184746907,82.17029562456015,81.12271967738711,37.87923460948392,0.39070713121587536,-0.1311301983751605,-0.09877409048698904,-0.03235610788817145,-0.4991754302324902,-0.339996337890625,0.3080493382045201,2.5586170536457247,3.9223347412488985,82.64336490218321,81.62841549332461,0.012356953901820048,0.0,,,0,-0.35439725631238933,-0.6194007925244571,0.4721649811653507,-1.8482703345145326,7.699027958516111,0.2009050394202233,0.29323531292571414,0.0
2023-04-18,82.00370025634766,82.09709930419922,81.94149780273438,82.00370025634766,0,81.91198120117187,81.932470703125,82.10962028503418,82.33988388061523,82.21944183349609,81.4728059387207,81.94921062921446,82.06035483484851,82.16376247286554,81.13148565329716,45.08870659163237,0.6390451598605292,-0.11940028230225153,-0.10289932885004155,-0.016500953452209977,-0.11790641401413504,-0.13719940185546875,0.3104280744280134,2.690658962448774,3.72844481476122,82.58475560563437,81.634484964434,0.011573194930163115,0.0,,,0,-0.12899831751606813,-0.4082877075160924,0.6516214969032348,-1.6577138899334556,7.908119982900776,0.1941447646725323,0.18989340643911362,0.0
2023-04-19,82.10790252685547,82.27649688720703,82.04049682617188,82.10790252685547,0,81.91954193115234,81.93178100585938,82.0811653137207,82.32720397949218,82.22421188354492,81.4859634399414,81.98094900874267,82.06488318646822,82.16157188674751,81.14120124407884,45.5251621385156,0.7120157716694974,-0.10053705830372905,-0.10242687474077905,0.001889816437049996,-0.09356555985327031,-0.00689697265625,0.31226348876953125,2.642426010323761,3.7266578095982896,82.47432170599848,81.68800892144293,0.009579698114058184,0.0,,,0,0.03257411494168471,-0.2663778702983061,0.7632468963473243,-1.5327501447906917,8.045239052812226,0.12707020559080995,0.28766288621483516,0.0
2023-04-20,82.34010314941406,82.37550354003906,82.04889678955078,82.34010314941406,0,81.99544219970703,81.97079162597656,82.07188034057617,82.32081604003906,82.23455993652344,81.49862644195557,82.05277983687695,82.09109461151068,82.16857311273444,81.15313061627124,56.94336969546895,1.0,-0.06608933105459869,-0.09515936600354298,0.029070034948944293,0.24251437717366375,0.390106201171875,0.3154215131487165,2.8068644271260523,3.757423359392522,82.42783392054284,81.7159267606095,0.008674190928477692,0.0,,,0,0.3268145042185439,0.023429200902988095,1.0325041588986883,-1.2542853927464668,8.350790296973521,0.282799359638552,0.3980635490151718,0.0
2023-04-21,82.14089965820312,82.28980255126953,82.00150299072266,82.14089965820312,0,82.08748168945313,82.00175170898437,82.06566047668457,82.31296997070312,82.24434692382812,81.50993942260742,82.07040380114219,82.09583794929091,82.1674878792234,81.16295916395215,48.80727326998657,0.7324242889663037,-0.054238092981009345,-0.08697511139903626,0.03273701841802691,0.03178496306450729,0.309600830078125,0.31210763113839285,2.710964296736598,3.7908235718554333,82.41158987938577,81.71973107398337,0.008430551845725607,0.0,,,0,0.09168168644658709,-0.20904398488019632,0.7740899331606012,-1.4931785971451759,8.088659756968546,-0.2419276677968979,0.35157838580043116,0.0
2023-04-24,82.05480194091797,82.15489959716797,81.86000061035156,82.05480194091797,0,82.12948150634766,82.01875152587891,82.05146064758301,82.30380599975587,82.2506699371338,81.52161094665527,82.06728342909736,82.0919297580173,82.16306882281927,81.1718332214344,47.71320766951849,0.6964432280676311,-0.051203030991914034,-0.07982069531761182,0.02861766432569779,0.12788895250597232,0.1699981689453125,0.3190716334751674,2.7065541478440447,3.796254955574897,82.37260982849565,81.73031146667037,0.007827994246001311,0.0,,,0,0.004072192388270028,-0.30254258088457786,0.654048648046954,-1.5964306006549207,7.308171109401866,-0.10481711016487262,0.3602479655724739,0.0
2023-04-25,81.85230255126953,82.018798828125,81.85130310058594,81.85230255126953,0,82.09920196533203,82.00559158325196,82.0333309173584,82.28890411376953,82.25020294189453,81.5307209777832,82.0242872535318,82.06910811927942,82.15088191020948,81.17860406053724,43.6253075623277,0.5620024937628572,-0.06439542056226344,-0.07673564036654215,0.012340219804278713,0.025667102252224794,-0.13159942626953125,0.3045142037527902,2.7899870026511406,3.8292336956359905,82.35656408907494,81.71009774564186,0.007880532659149678,0.0,,,0,-0.22067660067495964,-0.5305716088968361,0.39442993957327654,-1.8392763850727887,6.401878163542129,-0.24678554436612182,0.2046341612096625,0.0
2023-04-26,81.9916000366211,82.09200286865234,81.68150329589844,81.9916000366211,0,82.07594146728516,81.99774169921875,82.02469596862792,82.27138412475585,82.24639694213867,81.54139945983887,82.01774981014965,82.06172639712148,82.14463556222562,81.18669357273708,51.022996311735284,0.8052938368852256,-0.06288543725669626,-0.07396559974457298,0.011080162487876716,0.13042256893700532,-0.07849884033203125,0.31182861328125,2.866606853084284,3.8159707350038805,82.34237706448819,81.70701487276766,0.00774598654975252,0.0,,,0,-0.040348740846888956,-0.3400746093082597,0.5521128896051843,-1.672224982318609,6.3272449885181885,0.1701815110995946,0.5025612362530051,0.0
2023-04-27,81.76689910888672,81.85099792480469,81.60399627685547,81.76689910888672,0,81.96130065917968,81.97837142944336,82.00027084350586,82.25196807861329,82.24153091430664,81.5502169418335,81.96757966989708,82.03364760776579,82.12982236797704,81.19246676215151,48.494909330813265,0.7193835367461473,-0.07891061907581332,-0.07495460361082106,-0.00395601546499226,-0.2646896078595917,-0.19370269775390625,0.3263004847935268,2.974474034042338,3.8557318197664268,82.3183831924917,81.68215849452002,0.007758812153021772,0.0,,,0,-0.284598736343836,-0.5897353960733911,0.26570397379540045,-1.94169578492109,5.978129686204457,-0.2740535952878265,0.3026832743720339,0.0
2023-04-28,81.76509857177734,81.86109924316406,81.69100189208984,81.76509857177734,0,81.88614044189453,81.98681106567383,81.98350067138672,82.23336410522461,82.2363899230957,81.56016292572022,81.92708345027313,82.00807150910022,82.11551947400844,81.19816459110302,47.133073622815544,0.674150026329282,-0.09071032723254291,-0.07810574833516543,-0.012604578897377483,-0.37163389510845857,0.0843963623046875,0.318671635219029,2.9155592913550312,3.7604647830554576,82.31446843976592,81.65253290300753,0.008074009176695427,0.0,,,0,-0.2663976261330872,-0.5694349714892849,0.25126929459884173,-1.9438550647463717,5.8948209026248435,-0.0022020366786531485,0.208220424691216,0.0
2023-05-01,81.74479675292969,81.92400360107422,81.70580291748047,81.74479675292969,0,81.82413940429687,81.97681045532227,81.96150054931641,82.21309997558593,82.2297078704834,81.56950290679931,81.89062611080445,81.98299772279826,82.10098132808378,81.20360371709135,44.04883977061258,0.5565719832649447,-0.10054089521518961,-0.08259277771117027,-0.01794811750401934,-0.2633034030424253,-0.100006103515625,0.3156078883579799,2.879064056862696,3.7312486973000047,82.29461717517964,81.62838392345319,0.008128612180856537,0.0,,,0,-0.2643970582948677,-0.5696211708296046,0.21490120680355526,-1.968201859725497,5.868527808035312,-0.024829443371653655,0.2670565318526076,0.0
2023-05-02,81.77469635009766,81.95099639892578,81.71890258789062,81.77469635009766,0,81.8086181640625,81.95391006469727,81.94319038391113,82.19464385986328,82.22100784301757,81.57976387023926,81.86744015866309,81.96315949682678,82.08818583875099,81.20928623085261,42.435656485537116,0.5010964700899949,-0.1047119889293242,-0.08701661995480106,-0.017695368974523146,0.11507508883059625,-0.22900390625,0.3188928876604353,2.8857567983912626,3.4777638718709323,82.27504269283587,81.61133807498639,0.008099570138042717,0.0,,,0,-0.20562298468495577,-0.510918339741948,0.23894709988184568,-1.9323450053387279,5.90725108413316,0.03657675883437458,0.28401484073471717,0.0
2023-05-03,81.77870178222656,81.89430236816406,81.71150207519531,81.77870178222656,0,81.76603851318359,81.92098999023438,81.92638549804687,82.17299392700195,82.21476989746094,81.58945137023926,81.84969248337578,81.94559209543628,82.07604920908337,81.21495205723444,45.07608300565046,0.5918976937074232,-0.10646711917452478,-0.0909067197987458,-0.01556039937577898,-0.08076392380673703,-0.32920074462890625,0.29879978724888395,2.8871022331750966,3.4781259092332926,82.2556772463755,81.59709374971824,0.008038722722278019,0.0,,,0,-0.1802639222059023,-0.4798317864938201,0.23195450981587773,-1.9275415226765555,5.912438560517791,0.00489813146081033,0.22371427317604242,0.0
2023-05-04,81.77999877929688,81.88379669189453,81.61699676513672,81.77999877929688,0,81.76865844726562,81.86497955322265,81.9178855895996,82.1518879699707,82.20748985290527,81.5991143798828,81.83575374256,81.92982130342301,82.06443938830742,81.22057441267785,53.16532660139016,0.8018245738902567,-0.10652545656131451,-0.09403046715125955,-0.01249498941005496,-0.2727943694631807,-0.5601043701171875,0.28292083740234375,2.807675534638644,3.4743511772565996,82.25332987179736,81.58244130740185,0.008189769054301473,0.0,,,0,-0.16832320476816337,-0.4526848985013765,0.22167446398004467,-1.9259861092430899,5.9141183147756715,0.0015859839323034888,0.32689260488910565,0.0
2023-05-05,81.71610260009766,81.81719970703125,81.64550018310547,81.71610260009766,0,81.75885925292968,81.8224998474121,81.91212577819825,82.13385208129883,82.19607185363769,81.60983737945557,81.81182351406753,81.90946714120155,82.05077912210312,81.2255050414084,45.617371514083956,0.21931196064509118,-0.11045432827839363,-0.09731523937668637,-0.013139088901707258,-0.4771768790825748,-0.42479705810546875,0.2663209097726004,2.7750410021530287,3.4653039236823084,82.25763507877322,81.56661647762327,0.008436096543521409,0.0,,,0,-0.23930910867992924,-0.5086203442493697,0.1302112883131876,-2.002613094568222,5.8313657153065535,-0.07813179280138909,0.2102988205604872,0.0
2023-05-08,81.72979736328125,81.82530212402344,81.67340087890625,81.72979736328125,0,81.755859375,81.78999938964844,81.90437545776368,82.1100880432129,82.18610984802245,81.62251235961914,81.79541828391027,81.89235573378056,82.03819160214933,81.23052287545688,39.64917743525871,0.0,-0.11118130560015516,-0.10008845262138014,-0.01109285297877502,-0.7412011435367738,-0.32500457763671875,0.2591498238699777,2.763560065878851,3.4659329880509793,82.25929131858534,81.54945959694201,0.008666590980958896,0.0,,,0,-0.21314867918436634,-0.4631473293896702,0.13144045749220304,-1.9861897586089847,5.669827607806033,0.016758952945434995,0.1859861882602454,0.0
2023-05-09,81.78710174560547,82.14849853515625,81.7750015258789,81.78710174560547,0,81.75834045410156,81.78347930908203,81.894535446167,82.09279006958008,82.17816184997558,81.63666934967041,81.79375497624932,81.88233154443056,82.0283449411084,81.23606097366732,37.43139997847842,0.0,-0.10591256154320661,-0.10125327440574544,-0.0046592871374611655,-0.43072076647546753,-0.0652008056640625,0.2695715767996652,2.7374996342938203,3.461877831689502,82.25107647913424,81.53799441319975,0.00870732170406202,0.0,,,0,-0.1311854325520293,-0.37236927105962936,0.18427061899195804,-1.9174679333221711,5.686933584037486,0.0701144309333182,0.456737392000103,0.0
2023-05-10,82.1050033569336,82.21279907226562,81.86599731445312,82.1050033569336,0,81.82360076904297,81.79481964111328,81.89628067016602,82.08218215942382,82.17284286499023,81.65417186737061,81.85600465238618,81.90353838371655,82.0313511534937,81.24470716653565,41.36868582184452,0.2502417824697764,-0.0752179747083801,-0.09604621446627239,0.02082823975789229,0.0611803512142739,0.1134033203125,0.27664947509765625,3.062781172796532,3.490007564129193,82.25676002091309,81.53580131941895,0.00880331433362368,0.0,,,0,0.2548622294682645,0.02780286404355863,0.5521230321155715,-1.5362269512890259,6.09773242353175,0.38869406610952106,0.4236212459251058,0.0
2023-05-11,81.9198989868164,82.17859649658203,81.78150177001953,81.9198989868164,0,81.85158081054688,81.81011962890625,81.89424552917481,82.07218215942383,82.16325584411621,81.66817985534668,81.86878351927223,81.90509653639273,82.02698048029067,81.2514254931056,41.80143666611947,0.2777460955790531,-0.06507848492169899,-0.08985266855735771,0.024774183635658725,0.08258342580471645,0.1529998779296875,0.2808276585170201,3.133597341603732,3.504742910132584,82.25365388842015,81.53483716992947,0.008777377627034776,0.0,,,0,0.0313251040727359,-0.18554785385335357,0.30822179692945306,-1.7582118967168885,5.858536843138887,-0.2254483436441585,0.48555567942391575,0.0
2023-05-12,82.10030364990234,82.22560119628906,82.06500244140625,82.10030364990234,0,81.92842102050781,81.84364013671875,81.91522560119628,82.06707427978516,82.15550987243653,81.68290687561036,81.91508754539825,81.92368769006032,82.02985589870683,81.25987204192946,51.577610834832285,0.8990896675311905,-0.04200154988627958,-0.08028244482314208,0.0382808949368625,0.13257896325074014,0.335205078125,0.2815993172781808,2.955781804117856,3.537203221437514,82.27111860184951,81.55933260054306,0.008689300384421516,0.0,,,0,0.2259385204004828,0.04049050171314394,0.5109964743634966,-1.5418630376126417,6.091659367826449,0.22022080754148698,0.19569700859690914,0.0
2023-05-15,82.20030212402344,82.37359619140625,82.18399810791016,82.20030212402344,0,82.02252197265625,81.88919067382812,81.9330005645752,82.07683029174805,82.15147186279297,81.69685539245606,81.97213046112329,81.95003192186633,82.03654006440551,81.26922955518413,62.988865791497,1.0,-0.01546559373335299,-0.06731907460518426,0.05185348087183127,0.5300470237468158,0.45550537109375,0.2865845816476004,2.9066202365339993,3.543321245567542,82.30902532776255,81.55697580138784,0.00917883540444725,0.0,,,0,0.32624407455646576,0.15043445493264707,0.6162375885202896,-1.4219406618924624,6.220879402127384,0.12180037061435726,0.23069951311829046,0.0
2023-05-16,82.2667007446289,82.31449890136719,82.15799713134766,82.2667007446289,0,82.11844177246094,81.93839111328126,81.94615058898925,82.0850762939453,82.14510986328125,81.7101794052124,82.03104451782443,81.98019085736753,82.04556597343388,81.27915464164627,60.85888092513401,0.9166589957726557,0.010797687445958104,-0.05169572219495579,0.06249340964091389,0.6134673370585375,0.49200439453125,0.2684418814522879,2.8447395748062108,3.545878710243919,82.34995443869522,81.54234673928329,0.009855346390370246,0.0,,,0,0.39117170646295396,0.22126366799393088,0.6810918094508607,-1.342312643589821,6.3066810316780835,0.08077661381984559,0.1904887843959106,0.0
2023-05-17,82.2959976196289,82.44830322265625,82.25,82.2959976196289,0,82.156640625,81.99012069702148,81.95555534362794,82.08950424194336,82.14030883789063,81.72376739501954,82.08403513818533,82.0102676918686,82.05538682230427,81.28927248222321,74.6941275335071,1.0,0.03358835432496221,-0.03463890689097219,0.06822726121593439,0.6742947424105861,0.5172958374023438,0.254920414515904,2.8158024792517558,3.521039127661029,82.38327478565684,81.52783590159903,0.010437838905136707,0.0,,,0,0.41539865671527093,0.2515466253480427,0.700200495950513,-1.307178598975074,6.344539041269568,0.03561206993208945,0.24109814304711244,0.0
2023-05-18,82.45030212402344,82.79149627685547,82.34249877929688,82.45030212402344,0,82.26272125244141,82.05715103149414,81.9610652923584,82.0992202758789,82.13629188537598,81.74052989959716,82.15728853535296,82.05217573302622,82.0708736968815,81.30082501597246,77.9947259159513,1.0,0.06337070787900245,-0.015036983936977263,0.07840769181597972,0.8261794957126423,0.6703033447265625,0.27816336495535715,2.7127984294055913,3.5441949380726347,82.41185963133462,81.51027095338218,0.011000206924305382,0.0,,,0,0.5969137052085789,0.42763116015570807,0.8683234930065851,-1.1221301478466217,6.5439344173080505,0.18749940320029265,0.5452803888816207,0.0
2023-05-19,82.72509765625,82.94940185546875,82.63700103759766,82.72509765625,0,82.38768005371094,82.15805053710938,81.99027519226074,82.11335418701172,82.13519187927245,81.75608539581299,82.27085035953237,82.116263535238,82.09652953842537,81.31499688303991,83.15631386635289,1.0,0.10790329847212377,0.009551072544842944,0.09835222592728082,1.1572644874501048,1.0089950561523438,0.2982275826590402,2.7799778033352758,3.571199610856797,82.55215446101984,81.42839592350164,0.013705997874541511,0.0,,,0,0.8962312448228279,0.7449987584784836,1.18524786961808,-0.7925837887492371,6.899030716648177,0.3332862647528076,0.37803987795849414,0.0
2023-05-22,82.90480041503906,82.90509796142578,82.7300033569336,82.90480041503906,0,82.52857971191406,82.27555084228516,82.0327751159668,82.13229019165038,82.13674186706542,81.7724713897705,82.39764037063371,82.19136228569525,82.12822643554749,81.33081582365682,84.70611389931537,1.0,0.15589910036761978,0.038820678109398314,0.11707842225822146,1.3753994283831394,1.1750030517578125,0.2945066179547991,2.799227656297762,3.520545566121753,82.72797403436074,81.33757619757286,0.01694929660519625,0.0,,,0,1.0630206010213745,0.9405682242466101,1.3847313234196956,-0.5770766827972189,7.126261234137345,0.21722882641467114,0.21164583269355428,0.0
2023-05-23,82.82499694824219,82.8772964477539,82.75700378417969,82.82499694824219,0,82.64023895263672,82.37934036254883,82.08140983581544,82.14044219970702,82.13793182373047,81.78883186340332,82.48311168615541,82.25170844403306,82.15555076937865,81.34568329753328,80.70289342419873,0.9153200486454522,0.18535993241741267,0.06812852897100119,0.11723140344641148,1.3570083653784204,1.0378952026367188,0.29200635637555805,2.6320608133844905,3.462628314008219,82.85511189489682,81.30770777673405,0.018852065543927574,0.0,,,0,0.9059141575590908,0.8333954994676237,1.2668784493332592,-0.672780356409264,6.805501526616771,-0.09625916279559432,0.14535647506998628,0.0
2023-05-24,82.8906021118164,82.94100189208984,82.57479858398438,82.8906021118164,0,82.75915985107422,82.45790023803711,82.1263599395752,82.15215621948242,82.13898086547852,81.80755485534668,82.56460977128762,82.31255546001243,82.18437631221934,81.36105562404357,81.40471084685649,0.9301655625460328,0.21156287732939916,0.0968153986426808,0.11474747868671836,1.4202956400044542,0.7855987548828125,0.2991065979003906,2.600828355226932,3.465716602170861,82.9785690521669,81.27415082698349,0.020753607324584335,0.0,,,0,0.9305686661426431,0.8988758497842838,1.3238963789894296,-0.5941038851482721,6.832934355777849,0.07920937638574957,0.44348071613279716,0.0
2023-05-25,82.71369934082031,82.80970001220703,82.6405029296875,82.71369934082031,0,82.8118392944336,82.5372802734375,82.17369995117187,82.15211624145508,82.13945289611816,81.82432483673095,82.59442768519416,82.35075963913698,82.20513407804684,81.37451476550405,76.51465071479265,0.8267263298887522,0.2155693752028469,0.12056619395471402,0.0950031812481329,1.1329385385203894,0.7938003540039062,0.3047065734863281,2.5060844468129155,3.451473096494668,83.04676722590804,81.3006326764357,0.021249311525584326,0.0,,,0,0.6571438184836684,0.6835893280152096,1.0869316744916424,-0.8062531279821622,6.595312419652485,-0.21341716248780332,0.2047386892883362,1.0
2023-05-26,82.74210357666016,82.80999755859375,82.53369903564453,82.74210357666016,0,82.81524047851562,82.60146026611328,82.22255020141601,82.15450225830078,82.14042190551758,81.83920185089111,82.62396286348736,82.38803049032967,82.22619170544344,81.38812261437127,76.69686080248528,0.8305806120743142,0.2185176031740923,0.1401564757985897,0.0783611273755026,0.775957851139597,0.6417999267578125,0.3135920933314732,2.4978701843770597,3.447489061288799,83.10859063886433,81.3365097639677,0.021552248994414092,0.0,,,0,0.6318867196060235,0.7152393383285396,1.1032631127245163,-0.7721895737892708,6.5214128688386275,0.03434042494315797,0.33477055575794723,1.0
2023-05-29,82.57479858398438,82.73770141601562,82.50879669189453,82.57479858398438,0,82.74924011230469,82.63890991210937,82.26405029296875,82.15533828735352,82.14343589782715,81.85248634338379,82.61413000758678,82.4058179278206,82.23986256342543,81.39993033546196,69.63422472910113,0.6522200361481667,0.20499097207571992,0.15312337505401574,0.05186759702170418,0.7994389705892724,0.3744964599609375,0.30034964425223215,2.652051951260861,3.0613034278814895,83.13346713119076,81.39463345474674,0.021137224221898517,0.0,,,0,0.3777449443699322,0.5105697394413,0.8824560778402943,-0.9728287572155171,6.226709757051261,-0.2022005550303347,0.27743069017946403,1.0
2023-05-30,82.57969665527344,82.78450012207031,82.52999877929688,82.57969665527344,0,82.70018005371094,82.67020950317382,82.30430030822754,82.15635025024415,82.14743186950683,81.86596584320068,82.60724333712412,82.42237780662563,82.25318939055673,81.41166930381829,64.01991933121522,0.5178568887567583,0.19244783405787302,0.1609882668547872,0.03145956720308582,0.5839113670216722,0.31299591064453125,0.2881213596888951,2.65641456437149,3.044042358033322,83.15260770699786,81.45599290945722,0.020613926504287783,0.0,,,0,0.33460748225128706,0.5152935880668996,0.8718284878477768,-0.9669547841314892,6.178643918457003,0.005931678154904389,0.30837434452656337,1.0
2023-05-31,82.68389892578125,82.75260162353516,82.62010192871094,82.68389892578125,0,82.65883941650391,82.70899963378906,82.34956016540528,82.15648818969727,82.15789688110351,81.88011283874512,82.62257445485555,82.44728457987856,82.27007996056552,81.42432830503185,73.6969392922557,0.6676827025467822,0.18873988329742986,0.16653859014331576,0.022201293154114093,0.5883151147402899,0.38790130615234375,0.27210780552455355,2.6645664365122963,3.0070423103206134,83.17610567914176,81.5230146516688,0.020074072334479942,0.0,,,0,0.40599944881845923,0.6419587152583751,0.9816621633376448,-0.8419910389887251,6.312624257739798,0.12618388626783392,0.16037222386695504,1.0
2023-06-01,82.66680145263672,82.71199798583984,82.31449890136719,82.66680145263672,0,82.64945983886719,82.73064956665038,82.39390029907227,82.1593081665039,82.16824691772462,81.89446285247803,82.63141985441179,82.46819094871267,82.28563766613695,81.43669122192344,69.55173103862317,0.3645223797201393,0.1823200108177616,0.16969487427820495,0.012625136539556658,0.4863458779631902,0.21649932861328125,0.2786647251674107,2.6716536957684656,2.992372056106188,83.18623382434355,81.601566773801,0.01923281996349907,0.0,,,0,0.3312152387177625,0.6176942058766228,0.9430901348604671,-0.8624950478381126,6.290640809187099,-0.020678116739364562,0.4829028783239718,1.0
2023-06-02,82.27670288085938,82.43180084228516,82.2344970703125,82.27670288085938,0,82.55637969970704,82.68581008911133,82.42193031311035,82.15953628540039,82.17985794067383,81.90643188476562,82.5604764597013,82.4499539898695,82.28528728240059,81.44504954688799,52.196919836777674,0.0,0.14409350088914152,0.16457459960039228,-0.020481098711250756,-0.023445537240718295,-0.448394775390625,0.29002271379743305,3.238149272549122,3.1521799578902594,83.15039312910869,81.69346749711201,0.017676431824176025,0.0,,,0,-0.17619998912822857,0.14260863772645585,0.452065836068511,-1.3303176611705676,5.789063072485639,-0.4718926641922243,0.2399282284221386,0.0
2023-06-05,82.40979766845703,82.68450164794922,82.38099670410156,82.40979766845703,0,82.52337951660157,82.63630981445313,82.45593032836913,82.16095626831054,82.1911759185791,81.91868537902832,82.53034070145246,82.44612957830641,82.2901700426381,81.4546490306847,53.96278079204909,0.05431881675917405,0.12311911290854027,0.1562835022620219,-0.03316438935348162,-0.049125903147662076,-0.49500274658203125,0.30797249930245535,3.268501523711985,3.1638850389258613,83.10782715794679,81.80403349879148,0.015812005928053065,0.0,,,0,-0.05594826197265238,0.3028706230412595,0.5995119271706977,-1.1707047944246662,5.960192595021028,0.16176485315701566,0.3684162076088907,0.0
2023-06-06,82.51119995117188,82.64800262451172,82.47650146484375,82.51119995117188,0,82.50968017578126,82.6049301147461,82.49213523864746,82.16688232421875,82.19976188659668,81.93140186309815,82.52651255139634,82.45232675667455,82.29883788218844,81.46516197516718,55.73073062904556,0.10870188862479704,0.11337219202454207,0.14770124021452596,-0.03432904818998389,-0.25856446367333863,-0.3137969970703125,0.31082262311662945,3.28002151474297,2.959876441134781,83.06302782887362,81.92124264842131,0.013841139851079737,0.0,,,0,0.023110945630462267,0.41904672200473636,0.7076628434144621,-1.0490989124000305,6.090572789003136,0.12304639203556283,0.20793942107385877,1.0
2023-06-07,82.51719665527344,82.62239837646484,82.46700286865234,82.51719665527344,0,82.4763397216797,82.5675895690918,82.51274490356445,82.1739402770996,82.20967887878417,81.94557636260987,82.52464937217177,82.4585048422554,82.30740097132903,81.47562998193442,51.93414040165178,0.0,0.10492209431413357,0.1391454110344475,-0.03422331672031392,-0.46752872912689813,-0.37340545654296875,0.286529541015625,3.0186258099256036,2.945777790578648,83.05377199219188,81.97171781493702,0.01311378234380029,0.0,,,0,0.005395229202697466,0.41771926357228994,0.6975608910652391,-1.0419074126429495,6.098283181935942,0.007267745597096156,0.18843355815901672,1.0
2023-06-08,82.61810302734375,82.64679718017578,82.46900177001953,82.61810302734375,0,82.46660003662109,82.55802993774414,82.54765510559082,82.18119430541992,82.22149993896484,81.96092288970948,82.54334010320616,82.47370466940667,82.31958536568256,81.48699787293353,46.56058703500236,0.0,0.10515546516982965,0.13234742186152393,-0.027191956691694275,-0.2497964727094737,-0.0955963134765625,0.26357923235212055,2.884994461293204,2.7724342908427313,83.01233011021178,82.08298010096986,0.01125834535279212,0.0,,,0,0.08534212348347901,0.5316407550614212,0.8018213002781867,-0.9208962475193443,6.228025748003758,0.12228526435751604,0.21559059324140514,1.0
2023-06-09,82.48829650878906,82.52079772949219,82.41300201416016,82.48829650878906,0,82.50891876220703,82.53264923095703,82.56705474853516,82.1889501953125,82.23398490905761,81.97478038787841,82.53233138432276,82.47509436839547,82.32620148894163,81.49696104343955,36.16747410455476,0.0,0.09378501675134032,0.1246349408394872,-0.03084992408814688,-0.48534525359660297,-0.25380706787109375,0.2653721400669643,2.887827765984156,2.7815758806488717,82.9829258773082,82.15118361976211,0.010073536716057476,0.0,,,0,-0.09538700391573676,0.3642172247792436,0.6264318348653787,-1.0765656837368716,6.061124189023127,-0.15711631446164528,0.13079940385318065,0.0
2023-06-12,82.4448013305664,82.5552978515625,82.3853988647461,82.4448013305664,0,82.5159194946289,82.51964950561523,82.5792797088623,82.19415023803711,82.24867294311524,81.98838188171386,82.5148253735715,82.47220931717365,82.33085246312301,81.50639229007763,37.061270271533395,0.019757974433103148,0.08033806982165004,0.11577556663591979,-0.03543749681426975,-0.3250948904436224,-0.12999725341796875,0.2669508797781808,2.8755579396241218,2.77481639637404,82.96287933493012,82.19568008279448,0.009290457059451746,0.0,,,0,-0.162847603866256,0.30495003817595473,0.5566879579487588,-1.1287269307026717,6.005199316109728,-0.052728908297944875,0.20622463343939515,0.0
2023-06-13,82.33719635009766,82.49030303955078,82.1520004272461,82.33719635009766,0,82.48111877441406,82.49539947509766,82.58280448913574,82.198076171875,82.25716491699218,82.00115287780761,82.47929956887674,82.4593509393569,82.33110124300437,81.5146589971425,31.690041296862844,0.0,0.060303305895487824,0.1046811144878334,-0.04437780859234558,-0.48936056621687873,-0.24250030517578125,0.26495797293526785,2.9089905251598003,2.7873501123420037,82.95544978669223,82.21015919157925,0.009024767319581933,0.0,,,0,-0.2974083292005351,0.16924992007325845,0.4098033509245804,-1.2577713487355862,5.866843868368878,-0.13051760539430818,0.41180082109417243,0.0
2023-06-14,82.29039764404297,82.32499694824219,81.93099975585938,82.29039764404297,0,82.43575897216797,82.45604934692383,82.58252449035645,82.20158813476563,82.26404991149903,82.01312934875489,82.44151918390999,82.44326014932699,82.32950502343725,81.52237778964897,34.67532108824747,0.06632949904428805,0.04018610625784902,0.09178211284183653,-0.05159600658398751,-0.3444161473214469,-0.39350128173828125,0.2761077880859375,2.9142953787266714,2.7630438925398706,82.95608445501556,82.20896452569734,0.009046949508130639,0.0,,,0,-0.3537393027354019,0.10803867819650972,0.3380779364106667,-1.3138943252113304,5.806671412580281,-0.05683786688060092,0.4808890329141082,0.0
2023-06-15,82.04499816894531,82.26319885253906,81.93599700927734,82.04499816894531,0,82.32113800048828,82.39386901855468,82.56225929260253,82.20348815917968,82.26947288513183,82.02510532379151,82.36221498091706,82.4053304369097,82.31834789188855,81.52757799242805,28.189643237359576,0.0,0.004390779682026391,0.0743038462098745,-0.06991306652784811,-0.6474938852829792,-0.6218032836914062,0.2816865103585379,3.0082756954514367,2.8042123848354628,83.00380840805197,82.1207101771531,0.01069614904516053,0.0,,,0,-0.6265103790631936,-0.19280202553871012,0.024252142164619975,-1.6081876963137616,5.4911436916086105,-0.29821155581136116,0.39933833138647323,0.0
2023-06-16,81.9126968383789,82.01589965820312,81.85130310058594,81.9126968383789,0,82.20601806640624,82.35746841430664,82.52163925170899,82.20511611938477,82.2741488647461,82.03613731384277,82.27231135240945,82.35841295133534,82.3024400074372,81.53141002074598,28.82091380766208,0.013871854076783499,-0.03425798152292714,0.05259148066331418,-0.08684946218624132,-0.9327113227867834,-0.36400604248046875,0.2788570949009487,2.7279898603064434,2.7493766647420013,83.0424689533945,82.00080955002348,0.012622863685411531,0.0,,,0,-0.7379184646013596,-0.35571907785056633,-0.1504708528530837,-1.7668490160180135,5.321034373736087,-0.1612545962813896,0.20109216516066586,0.0
2023-06-19,81.91480255126953,82.00199890136719,81.89299774169922,81.91480255126953,0,82.10001831054687,82.30796890258789,82.47213935852051,82.2057160949707,82.27821685791015,82.04743232727051,82.20080959218147,82.31616434180526,82.28723853856788,81.53522487179598,28.69353048461467,0.011072669460458533,-0.06397996854381915,0.02927719082188751,-0.09325715936570667,-0.9096746071614259,-0.4949951171875,0.26846422467912945,2.550754624562128,2.7421149613189817,83.02672512364074,81.91755359340027,0.01344904520323785,0.0,,,0,-0.675787983173491,-0.3538848118117221,-0.16165012388437588,-1.7643237565613283,5.323741839956766,0.002570679481814352,0.133101928948519,0.0
2023-06-20,81.98139953613281,82.16480255126953,81.91529846191406,81.98139953613281,0,82.0288589477539,82.25498886108399,82.42995948791504,82.20566604614258,82.28223182678222,82.06056282043457,82.15692758097174,82.28428197936027,82.27524485219787,81.53966442069486,26.932519640852973,0.0,-0.08122472917172274,0.00717680682316546,-0.0884015359948882,-0.3589148986125168,-0.5298004150390625,0.2739710126604353,2.5947936190349092,2.731987942141314,82.99966297064564,81.86025600518444,0.013822728684323233,0.0,,,0,-0.5441710205474409,-0.2728114992510216,-0.09646934115597314,-1.684457851498275,5.40937036401589,0.08130030567014913,0.3045879024312826,0.0
2023-06-21,81.9917984008789,82.1272964477539,81.9469985961914,81.9917984008789,0,81.9691390991211,82.20244903564453,82.38501930236816,82.2041000366211,82.28446578979492,82.07250980377198,82.12390174495319,82.25642640045729,82.26412930508732,81.54416326626884,27.73746137509687,0.027951102051927024,-0.09298040450818235,-0.012854635443104102,-0.08012576906507825,-0.5072203541377163,-0.5253982543945312,0.2584566388811384,2.5609996572937965,2.7296284725874327,82.94341378324796,81.82662482148837,0.013555728592607053,0.0,,,0,-0.47729660661492934,-0.25826161425964755,-0.09834158000778384,-1.6719870955581966,5.4227409308955545,0.012684419642666032,0.22001763902415772,0.0
2023-06-22,81.94149780273438,82.08380126953125,81.88739776611328,81.94149780273438,0,81.94843902587891,82.1347885131836,82.34640922546387,82.20371795654297,82.28677780151367,82.0849488067627,82.08742095650942,82.22643320067415,82.25147708930878,81.54811684374612,35.75060972445644,0.30620270430058755,-0.10514366903109362,-0.031312442160702,-0.07383122687039162,-0.6904543247154726,-0.676605224609375,0.24160657610212052,2.491605543840513,2.721624869621106,82.9157924327486,81.77702601817914,0.013828974757739901,0.0,,,0,-0.4917171574790266,-0.3189881921730373,-0.1747592050840178,-1.7323096883042974,5.358065841066043,-0.0613483288884563,0.23984582338168356,0.0
2023-06-23,81.91929626464844,82.07849884033203,81.92489624023438,81.91929626464844,0,81.94975891113282,82.07788848876953,82.30526885986328,82.20848983764648,82.28551177978515,82.0952997970581,82.05379601813723,82.19718206390979,82.23845039030249,81.55181017131729,26.978579562137895,0.0015994021748019888,-0.11524613664956007,-0.04809918105847362,-0.06714695559108645,-0.7245767123219227,-0.569000244140625,0.22344970703125,2.4745251022135033,2.6954695778270157,82.87317132417193,81.73736639555462,0.013799905453819632,0.0,,,0,-0.4689524748069443,-0.35178066592534774,-0.21438929249878125,-1.7589347064889103,5.329519729826262,-0.027094376697122856,0.1874919678228656,0.0
2023-06-26,81.98480224609375,82.072998046875,81.94309997558594,81.98480224609375,0,81.96375885009766,82.03188858032226,82.27576904296875,82.21128982543945,82.28309982299805,82.10677631378174,82.03999726372854,82.17695541459398,82.2285034042551,81.55611855017078,24.43228981382663,0.0,-0.11662228071797642,-0.06180380099037418,-0.054818479727602246,-0.7665399688980945,-0.45999908447265625,0.21741376604352677,2.446636911207655,2.6920462734886645,82.84601101137328,81.70552707456422,0.013861723203260989,0.0,,,0,-0.35364822506008897,-0.27549449695608175,-0.14855542156696883,-1.6803771786081247,5.413745472473947,0.07996404318915157,0.15852228110452768,0.0
2023-06-27,82.00650024414062,82.04219818115234,81.94300079345703,82.00650024414062,0,81.96877899169922,81.99881896972656,82.2471092224121,82.21134582519531,82.27561485290528,82.11827133178711,82.03329785981097,82.16072158883651,82.2197973979761,81.56059996006103,25.56757624866775,0.05130473544772822,-0.11464053299894772,-0.07237114739208889,-0.042269385606858834,-0.5840783299447816,-0.33069610595703125,0.21339961460658483,2.4523661208583696,2.690767152494423,82.81061171355327,81.68360673127094,0.013702669831649522,0.0,,,0,-0.29254399400327646,-0.24916947776313503,-0.13610988862015042,-1.6543560268153277,5.441644146139217,0.02646587837309667,0.12105657192777981,0.0
2023-06-28,81.99839782714844,82.08550262451172,81.96109771728516,81.99839782714844,0,81.97009887695313,81.96961898803711,82.21283416748047,82.20915573120118,82.26817985534667,82.12944980621337,82.02631785327847,82.14526218296146,82.2111150618652,81.5649561577435,17.463267693195107,0.0,-0.11242778348629656,-0.08038247461093043,-0.032045308875366135,-0.5414574311703335,-0.29199981689453125,0.20958600725446427,2.380460143789572,2.6901315100514034,82.74710554512018,81.67856278984075,0.012997274283266214,0.0,,,0,-0.26083073586197975,-0.25636792176999745,-0.15956758431251614,-1.6640727860290936,5.43122628698573,-0.009880213114894412,0.15178531119200248,0.0
2023-06-29,82.02649688720703,82.2125015258789,81.99700164794922,82.02649688720703,0,81.98709869384766,81.96776885986328,82.18081893920899,82.20288360595703,82.26184982299804,82.13932880401612,82.02635366006419,82.13395120241341,82.20387513344724,81.56954860281279,22.85475957700622,0.2751041521838731,-0.10717139906589068,-0.08574025950192248,-0.021431139563968207,-0.37735006371789614,-0.01850128173828125,0.2103287833077567,2.3948177225230407,2.658993531299315,82.67584766517732,81.68579021324067,0.01204730574258475,0.0,,,0,-0.18778354121308322,-0.21457485554340475,-0.13736649477414362,-1.6303752114676058,5.46735526557546,0.034267815961265734,0.26281433905952734,0.0
2023-06-30,82.07540130615234,82.19629669189453,82.00810241699219,82.07540130615234,0,82.01831970214843,81.98403930664062,82.17075386047364,82.20157363891602,82.25727180480958,82.14439479827881,82.03616318928182,82.12837502181713,82.19883694414156,81.57458196304502,28.423351158645275,0.599326214094669,-0.09793061546946547,-0.08817833069543109,-0.009752284774034378,-0.2612654016093341,0.1627044677734375,0.21163558959960938,1.7821230264089674,2.6438585117224203,82.66575983995469,81.67574788099259,0.012048227775093135,0.0,,,0,-0.11604196121068071,-0.1534913836539259,-0.08399050512928263,-1.5717269755351766,5.530235187584737,0.05962027003610793,0.22948253813436567,0.0
2023-07-03,82.09629821777344,82.11239624023438,81.76619720458984,82.09629821777344,0,82.04061889648438,82.00218887329102,82.15507888793945,82.20240356445312,82.25310478210449,82.14860229492187,82.04819019498015,82.12532008809869,82.19481581761733,81.57977316955973,34.343233996132284,0.9230409905431683,-0.08790767679059286,-0.08812419991446345,0.00021652312387059058,0.06252672310687046,0.18149566650390625,0.21219961983816965,1.6677855531626224,2.6412282875033517,82.63791796410526,81.67223981177365,0.011754332968857624,0.0,,,0,-0.07154843128590162,-0.12907815596473238,-0.06367007555485567,-1.546666520274814,5.557103846926923,0.02546062679991712,0.4234011700193118,0.0
2023-07-04,81.95010375976562,82.02559661865234,81.86669921875,81.95010375976562,0,82.02933959960937,81.99905929565429,82.12702407836915,82.20435958862305,82.24663185119628,82.15027381896972,82.02857290793726,82.10863281873364,82.18521926632903,81.58345805105432,30.413742831297256,0.7081660700589476,-0.09071538613636676,-0.08864243715884412,-0.0020729489775226373,0.04566681702657949,-0.0312957763671875,0.19958550589425222,1.670287314916929,2.6559194415939142,82.5874210738064,81.6666270829319,0.011211827059456569,0.0,,,0,-0.21542278024672648,-0.3092972564104894,-0.24366328911477753,-1.7219890626987155,5.3691311377940405,-0.17807679661756312,0.1940928380143502,0.0
2023-07-05,82.0071029663086,82.34819793701172,81.97810363769531,82.0071029663086,0,82.03108062744141,82.00058975219727,82.1015193939209,82.2046696472168,82.23802688598633,82.15168632507324,82.02427891961153,82.09896330897887,82.17823431338705,81.58767342334542,47.21483923785172,1.0,-0.08733441959032007,-0.08838083364513932,0.0010464140548192558,0.11267855401506655,0.0153045654296875,0.20270647321428573,1.7050086386071874,2.650866440170831,82.5260246225688,81.677014165273,0.010340983499005361,0.0,,,0,-0.11499961061535821,-0.2403351071856037,-0.17599560670311062,-1.6536332170433055,5.442419109296585,0.06955355018226736,0.45145506286904263,0.0
2023-07-06,82.39409637451172,82.82379913330078,82.28350067138672,82.39409637451172,0,82.10460052490234,82.045849609375,82.0903190612793,82.21721359252929,82.23459083557128,82.15651329040527,82.09824241059158,82.127071219982,82.18669949225469,81.59569753231226,75.74335792153535,1.0,-0.052818981105389184,-0.0812684631371893,0.028449482031800116,0.5034030166769954,0.45259857177734375,0.24720655168805802,2.4196664402108223,2.806824049025668,82.46650657434475,81.71413154821386,0.00916521015796338,0.0,,,0,0.37005254298701235,0.21514081328402093,0.2891835042544258,-1.1895344464603823,5.940004314288565,0.4719023038310664,0.6566303785151743,0.0
2023-07-07,82.76840209960938,82.76830291748047,82.53399658203125,82.76840209960938,0,82.24320068359376,82.1307601928711,82.10432434082031,82.23727966308594,82.23532188415527,82.16295230865478,82.23227434839514,82.18815035137509,82.20951135920978,81.60736623447443,82.64998219882455,1.0,0.0046841009758509244,-0.06407795031458126,0.06876205129043218,0.9471724170915907,0.8491058349609375,0.2661497933523996,2.8678148552853595,2.855021195601398,82.5561495433348,81.65249913830583,0.01100612437023242,0.0,,,0,0.8088219032561954,0.6458414464818911,0.7368890405497495,-0.7406512790530643,6.421276054334923,0.4542870685738186,0.28389069371715164,0.0
2023-07-10,82.61530303955078,82.71530151367188,82.55049896240234,82.61530303955078,0,82.34700164794921,82.1938102722168,82.11284942626953,82.25468978881835,82.23389488220215,82.16842231750488,82.30888008662626,82.22883155977277,82.22542475843883,81.6173954564155,72.74175448200356,0.8480023453864157,0.03746996276157688,-0.04376836769934963,0.08123833046092652,0.8223003665841278,0.6305007934570312,0.26385716029575895,2.9478822782739877,2.8613940558086868,82.59700135394708,81.62869749859199,0.011792354815607082,0.0,,,0,0.6119061959144512,0.438410565596041,0.5438594406974542,-0.9242541106374725,6.2244256027030715,-0.18497283525462224,0.199638467775453,0.0
2023-07-11,82.52529907226562,82.63330078125,81.26689910888672,82.52529907226562,0,82.46204071044922,82.2456901550293,82.12225456237793,82.26970184326171,82.2321728515625,82.1735737991333,82.35216388375414,82.25706656096257,82.23718453545165,81.62642932323988,68.10557767892745,0.776880847114314,0.05555007973038073,-0.023904678213403557,0.07945475794378429,0.739755875904291,0.518798828125,0.348578861781529,2.935155644961979,2.848074565064265,82.63141872981271,81.61309039494316,0.012400150730105143,0.0,,,0,0.4907859776079946,0.3106820898547421,0.4280272317133185,-1.0321906534291834,6.10870104108943,-0.10894345717290205,1.6813754275679778,0.0
2023-07-12,82.39990234375,82.46399688720703,81.97219848632812,82.39990234375,0,82.5406005859375,82.28584060668945,82.12772979736329,82.2821258544922,82.22755989074707,82.1782458114624,82.36171157575332,82.27066996884709,82.24356562597316,81.63412557220018,64.8025148803658,0.7262100497959986,0.0590792063658796,-0.007307901297546927,0.06638710766342652,0.5063134706481787,0.4015045166015625,0.3740572248186384,2.9835827206530197,2.8567575020791063,82.64676642324345,81.60869317148313,0.012639741221650702,0.0,,,0,0.33140152182247606,0.14313739227652295,0.2697265317589432,-1.1825716839729283,5.9474694657158755,-0.15194943844531575,0.5999575587336867,0.0
2023-07-13,82.00180053710938,82.14129638671875,81.95349884033203,82.00180053710938,0,82.46214141845704,82.28337097167969,82.12556991577148,82.28656188964844,82.21922492980957,82.18001079559326,82.28972936802454,82.24506335630063,82.23408464209615,81.63778402956245,52.143746382155406,0.5320175890436285,0.02941351523584501,3.6382009131460946e-05,0.02937713322671355,-0.005730895742728226,-0.02469635009765625,0.39497157505580355,3.2923426472797153,2.969705865217293,82.64641249119016,81.6047273403528,0.012684053844688395,0.0,,,0,-0.1507074821995663,-0.346060579029839,-0.21685353501248614,-1.6599921131389435,5.435601395443785,-0.48313383307161273,0.2291513468541472,0.0
2023-07-14,82.03079986572266,82.19259643554688,81.9280014038086,82.03079986572266,0,82.31462097167969,82.27891082763672,82.13147506713867,82.29285583496093,82.21335395812989,82.17841979980469,82.23794346756418,82.22465730957892,82.22611269008151,81.64169463489738,51.21828990813824,0.5178205784865579,0.008149304636049237,0.0016589665345150162,0.006490338101534221,0.039515453268390566,-0.0446014404296875,0.4028925214494978,3.2401752031628943,2.9299631261943606,82.64477905910607,81.61817107517126,0.012499568321348242,0.0,,,0,-0.12257809972816466,-0.3184431583755353,-0.1796334541862059,-1.625214898664815,5.472887913939458,0.035364258374007036,0.3229604374628148,0.0
2023-07-17,82.07679748535156,82.19760131835938,81.99810028076172,82.07679748535156,0,82.20691986083985,82.27696075439454,82.13957481384277,82.29979583740234,82.20494194030762,82.1746422958374,82.20571427112166,82.21057542155727,82.22025719185682,81.64602401649394,51.83822649248669,0.5273307461495549,-0.004934233209752392,0.00034032658566153463,-0.005274559795413927,0.06132237758940118,-0.019500732421875,0.41005706787109375,3.244720135455833,2.9244418993083334,82.64350990462742,81.63563972305812,0.012270214252429372,0.0,,,0,-0.07642762777075929,-0.27095857259640405,-0.11906934761405719,-1.5700526187215051,5.532030355404971,0.056073596385992075,0.24329958488619147,0.0
2023-07-18,82.06159973144531,82.09120178222656,81.96399688720703,82.06159973144531,0,82.11417999267579,82.2881103515625,82.14358482360839,82.30528579711914,82.19903793334962,82.17284679412842,82.1768913631864,82.19638726059422,82.21403533066422,81.65015909823475,51.64657804350592,0.48150700347077596,-0.016340994133216213,-0.0029959375581140152,-0.013345056575102198,-0.016815726134011832,0.1114959716796875,0.4102570669991629,3.234919814328236,2.878968880130549,82.64348046032082,81.64368918689597,0.012171264202454228,0.0,,,0,-0.09980705412252402,-0.2960758392535186,-0.1353817800201301,-1.588278404365405,5.512489512247018,-0.018516504507820712,0.15519606150317622,0.0
2023-07-19,82.07540130615234,82.14710235595703,82.027099609375,82.07540130615234,0,82.04927978515624,82.29494018554688,82.14776496887207,82.30469375610352,82.19343795776368,82.17185428619385,82.15659335177959,82.18486478874262,82.20859870225199,81.65439036398517,51.283653345509016,0.4215696558749036,-0.02399071261078234,-0.007194892568647681,-0.01679582004213466,-0.02545414601479168,0.06829833984375,0.4034358433314732,3.2350851842774593,2.8583349308935744,82.64369890499849,81.65183103274565,0.012074191825288058,0.0,,,0,-0.08808963061520202,-0.2785897613939793,-0.1173795831667275,-1.5717269755351766,5.530235187584737,0.01681855429603891,0.14629646440444902,0.0
2023-07-20,82.06169891357422,82.07879638671875,81.91410064697266,82.06169891357422,0,82.06125946044922,82.26170043945312,82.15377502441406,82.30752975463867,82.18985595703126,82.17116279602051,82.13761446413852,82.17313470539324,82.20283792622541,81.65844318537413,49.633565109522415,0.3679403898698952,-0.030803751707864535,-0.011916664396491052,-0.018887087311373483,0.13617451191487717,-0.3323974609375,0.4017573765345982,3.2267884863425786,2.800200290368768,82.64203801102649,81.66551203780163,0.011886562400019392,0.0,,,0,-0.11207776004508395,-0.29867357433429936,-0.13321447417997737,-1.5881594609851988,4.446718873885531,-0.01669488343652835,0.20105908316797286,0.0
2023-07-21,82.0823974609375,82.09929656982422,81.93599700927734,82.0823974609375,0,82.07157897949219,82.19309997558594,82.16193008422852,82.30717163085937,82.18712295532227,82.17061428070069,82.12657106349833,82.16449306306411,82.19811477072393,81.66266163587724,49.62822092899877,0.3678380819589822,-0.03413939677535893,-0.01636121087226463,-0.017778185903094303,0.09181460130329722,-0.686004638671875,0.3886931283133371,3.2247285261786605,2.800421225502281,82.63902389652603,81.684836271931,0.011613500603221397,0.0,,,0,-0.09679984782426916,-0.27309184056277025,-0.10735811157725422,-1.5633368924852489,4.009065733333875,0.02522315238084524,0.1993013650988895,0.0
2023-07-24,81.99030303955078,82.04090118408203,81.79399871826172,81.99030303955078,0,82.05428009033203,82.13059997558594,82.16220512390137,82.30297164916992,82.18990097045898,82.16850177764893,82.09931745870882,82.14790353701522,82.1899652910701,81.66592174934664,51.107179329850766,0.10984406345660716,-0.04371030448272961,-0.021831029594357627,-0.021879274888371984,-0.4900755669745349,-0.625,0.3928931100027902,3.2415255399757767,2.810307700308138,82.63887514343178,81.68553510437097,0.01160314572403649,0.0,,,0,-0.2092228222104819,-0.3798995386848723,-0.2168698883914894,-1.6737803957520745,3.8923701320358863,-0.11219752862426553,0.3018589012511353,0.0
2023-07-25,81.81420135498047,81.90769958496094,81.66300201416016,81.81420135498047,0,82.00480041503906,82.05949020385742,82.15259017944337,82.29392166137696,82.18949897766113,82.16659927368164,82.04229423796315,82.11612237682144,82.17522945043913,81.66739716830817,45.01415849628093,0.0,-0.06475875339887693,-0.03041657435526149,-0.034342179043615445,-1.1528563079912457,-0.7110977172851562,0.3878364562988281,3.327890017040764,2.8453146086939136,82.64979957749549,81.65538078139124,0.01210453369677284,0.0,,,0,-0.411902806379889,-0.5829352845407471,-0.4288822000864366,-1.88496894205353,3.5530996447721166,-0.21478355127601362,0.29964312450618863,0.0
2023-07-26,81.95010375976562,82.07039642333984,81.83000183105469,81.95010375976562,0,81.97974090576172,82.01451034545899,82.15017547607422,82.28700378417969,82.18825401306152,82.16491779327393,82.02385614232365,82.10031107995897,82.16640099198135,81.67021016921821,36.81264644432057,0.0,-0.0696704944369344,-0.038267358371596075,-0.03140313606533833,-0.8051768320291752,-0.449798583984375,0.3478006635393415,3.387206447559348,2.8653825275294897,82.650993855588,81.64935709656045,0.01219275251967379,0.0,,,0,-0.24354386968640035,-0.40942069697625233,-0.26144252228034115,-1.7219890626987155,3.7251127553520287,0.1661110205005786,0.29377317231578737,0.0
2023-07-27,81.97550201416016,82.23090362548828,81.88300323486328,81.97550201416016,0,81.9625015258789,82.01188049316406,82.14762573242187,82.27750778198242,82.18836402893066,82.15981029510498,82.01418531669096,82.08842450226385,82.15891475755699,81.67324789901863,20.292141897493067,0.0,-0.0706986872707489,-0.04475362415142664,-0.025945063119322265,-0.6662163776274488,-0.02629852294921875,0.3459216526576451,3.386749301720266,2.865932592776374,82.6516046135747,81.64364685126904,0.012270077842406177,0.0,,,0,-0.20952975417983682,-0.3670575057068033,-0.2243290001313453,-1.6915304078751499,3.7572595944650655,0.03099233952038121,0.42487497634536525,0.0
2023-07-28,82.3749008178711,82.3750991821289,82.15399932861328,82.3749008178711,0,82.02100219726563,82.04629058837891,82.16260070800782,82.27050384521485,82.19192901611328,82.15755630493165,82.08632841692699,82.11570796089312,82.16738479913792,81.68022952010175,42.39616212511704,0.4622972573789982,-0.03883769518046165,-0.04357043835723365,0.004732743176771997,-0.030341693579449824,0.3441009521484375,0.35889979771205355,3.8040348508740447,3.025659406150452,82.67526710901306,81.64993430700257,0.012479312889015742,0.0,,,0,0.2583902019092088,0.12689477732221122,0.2645459805702638,-1.2125545652756695,4.241674046842239,0.4872172708889868,0.2691285333915795,0.0
2023-07-31,82.25279998779297,82.36599731445312,82.11799621582031,82.25279998779297,0,82.07350158691406,82.06389083862305,82.1704257965088,82.25746383666993,82.19487701416016,82.15611381530762,82.1196227311002,82.12876434440739,82.1707344143793,81.68592673868574,41.55247037676497,0.4776488502455983,-0.023173021780579006,-0.039490955041902726,0.01631793326132372,0.3060901700201235,0.17600250244140625,0.27965000697544645,3.8493961977625086,3.0437361699279952,82.68360838094073,81.65724321207686,0.012490688211907372,0.0,,,0,0.10024797910646079,-0.005669818469262957,0.11768591282531404,-1.3589830158002556,4.087161024022412,-0.14822576885171246,0.30200578443368575,0.0
2023-08-01,82.2332992553711,82.34539794921875,82.22200012207031,82.2332992553711,0,82.15732116699219,82.08106079101563,82.18458557128906,82.2456298828125,82.19303604125976,82.15347282409668,82.14235803595437,82.13872005021345,82.17318793755544,81.69137323138908,44.47234527275028,0.7591518156299105,-0.012191663477779002,-0.03403109672907798,0.02183943325129898,0.24685775340471672,0.17169952392578125,0.24895695277622767,3.7880203048720107,3.0419797755090925,82.68770092294645,81.68147021963168,0.012243545384090785,0.0,,,0,0.05927350456707691,-0.014992440885880299,0.09716744591592995,-1.3823691142469465,4.062483737948462,-0.02370829008224532,0.15007884381945924,0.0
2023-08-02,82.30729675292969,82.8093032836914,82.29000091552734,82.30729675292969,0,82.228759765625,82.10425033569337,82.19959526062011,82.23396377563476,82.19305999755859,82.15278282165528,82.17534577934944,82.15477497428166,82.17844710678581,81.69750182364322,62.91310853693145,1.0,0.0024538354362277914,-0.02673411029601683,0.029187945732244622,0.2808336517019505,0.23189544677734375,0.2582141331263951,3.792447881429278,2.9431534139653506,82.69830858712326,81.70088193411696,0.01213420394399611,0.0,,,0,0.13102435841453638,0.08917602159492725,0.18808118966565168,-1.2936282031223552,4.15612419085583,0.0899848336727905,0.6310637530520127,0.0
2023-08-03,82.7332992553711,82.85569763183594,82.66300201416016,82.7332992553711,0,82.38031921386718,82.17141036987304,82.21655540466308,82.23435577392578,82.19323600769043,82.15620132446288,82.28693647455378,82.20987252486161,82.20020601457348,81.70780826574997,72.23247054278539,1.0,0.04788337084355021,-0.011810614068103423,0.05969398491165363,0.8185308672070457,0.671600341796875,0.27848597935267855,3.867071202861828,3.0850737363065184,82.76382662687482,81.66928418245135,0.013312920238949687,0.0,,,0,0.628515568628046,0.6067336172936982,0.7024398908477434,-0.782748086155265,4.695210897628558,0.5175756211750969,0.23310987138208764,0.0
2023-08-04,82.7843017578125,82.88899993896484,82.67050170898438,82.7843017578125,0,82.46219940185547,82.24160079956054,82.21735038757325,82.23519973754883,82.1948509979248,82.15791034698486,82.38640953120553,82.26458007085694,82.22311172999463,81.71851964378045,72.3201563522933,1.0,0.08699920794323646,0.007951350334164555,0.0790478576090719,0.8637185324453789,0.701904296875,0.2798429216657366,3.5201530613515377,3.057401908572749,82.7680324550754,81.6666683200711,0.013395762935833663,0.0,,,0,0.68957630909612,0.6677213918323508,0.7624237376317652,-0.721583740256936,4.759752234641213,0.06164688571644886,0.2643001136604001,0.0
2023-08-07,82.69529724121094,82.82479858398438,82.65709686279297,82.69529724121094,0,82.55069885253906,82.31210021972656,82.22135009765626,82.23760971069336,82.19647399902344,82.1601908493042,82.44818707320661,82.3056007537478,82.24162880886585,81.7282388238544,69.10215721447956,0.9381487229229284,0.10955399969766688,0.02827188020686502,0.08128211949080186,0.7720999394662975,0.7049942016601562,0.2827355521065848,3.4762549238942198,3.0589518271630256,82.7852067312724,81.65749346404012,0.013715577108535298,0.0,,,0,0.5764283157498187,0.5565428422928269,0.6512964324635193,-0.8283216997558001,4.6471210846652005,-0.10751376131908122,0.20288847244391306,0.0
2023-08-08,82.74829864501953,82.98429870605469,82.71829986572266,82.74829864501953,0,82.65369873046875,82.40550994873047,82.23250007629395,82.24098175048829,82.19866600036622,82.16028736114502,82.5082093875692,82.34776245767843,82.26149821420522,81.73838867282122,69.81550047630174,0.9518594760488601,0.1302046864222035,0.04865844144993273,0.08154624497227078,0.8112594230680559,0.9340972900390625,0.294806889125279,3.4553042624331316,3.0574955883911947,82.8295086352516,81.63549151733629,0.014520014797160722,0.0,,,0,0.6272441774809675,0.616866291881579,0.7156879591837797,-0.7647601872717774,4.714191940046939,0.0640924037723643,0.3215719384511402,0.0
2023-08-09,82.84500122070312,83.1063003540039,82.78610229492188,82.84500122070312,0,82.76123962402343,82.49499969482422,82.2547550201416,82.24420379638671,82.20034599304199,82.16108985900878,82.57556775419599,82.39511853034745,82.28438068504828,81.74939974294941,71.99167191456002,0.9936863929716431,0.1526143508743587,0.06944962333481793,0.08316472753954078,1.042438129226153,0.8948974609375,0.3086144583565848,3.4160199669794546,3.0649489171854944,82.90852461978201,81.60098542050119,0.01589621413328202,0.0,,,0,0.7175830751875569,0.7305042745672572,0.8324029815913557,-0.6487903915707571,4.836564632138998,0.1168635213860244,0.3867775510693083,1.0
2023-08-10,82.86630249023438,82.86730194091797,82.58409881591797,82.86630249023438,0,82.7878402709961,82.58407974243164,82.29798011779785,82.24819381713867,82.2037509918213,82.16097938537598,82.63371470140368,82.43999319319381,82.30720114799675,81.7605132031214,72.00114772211421,0.9938685219199317,0.17013183197896353,0.08958606506364705,0.08054576691531648,1.2859639498147502,0.8908004760742188,0.3171789986746652,2.8337548253389535,3.043073706553711,82.99426438083987,81.60169585475583,0.016921053519062926,0.0,,,0,0.6905666112619698,0.7515164095517255,0.8584648212992649,-0.6232450132987849,4.863520415675175,0.025712196532537163,0.34292694242661276,1.0
2023-08-11,82.79989624023438,82.99150085449219,82.7229995727539,82.79989624023438,0,82.79095916748047,82.62657928466797,82.33643493652343,82.25865768432617,82.20909698486328,82.16156986236572,82.66695100916982,82.47426967386434,82.32652252416294,81.77085532289367,73.05454529653818,1.0,0.17662016524349156,0.10699288509961596,0.06962728014387559,1.0369632757999847,0.42499542236328125,0.31575775146484375,2.8723976586517637,2.9719239693181447,83.05517872020492,81.61769115284194,0.017458705474328557,0.0,,,0,0.5628872613542774,0.657971538978003,0.7769159948354857,-0.7028821810922113,4.779486339780162,-0.08013661525180979,0.32457875454834967,1.0
2023-08-14,82.89730072021484,83.28849792480469,82.87149810791016,82.89730072021484,0,82.83135986328125,82.69102935791015,82.3774600982666,82.26840774536133,82.21468200683594,82.16618137359619,82.71302095137882,82.51455834494534,82.34890598283164,81.78206373480731,82.29037775675086,1.0,0.18746100976265723,0.12308651003222422,0.06437449973043301,1.124480708755482,0.644500732421875,0.3272792271205357,2.8833446487813053,2.9480218763747486,83.12681947654322,81.62810071998997,0.018193311067923802,0.0,,,0,0.6310471594148925,0.7644404359934556,0.8898056772218428,-0.5860706322389627,4.902747259696479,0.11763840826305007,0.5031884621556374,1.0
2023-08-15,83.2333984375,83.49230194091797,83.15399932861328,83.2333984375,0,82.92837982177734,82.79103927612304,82.43605003356933,82.28285171508789,82.22486701965332,82.17321838378906,82.81709644860305,82.58301930614103,82.38359196144609,81.79650487612763,84.17891280317316,1.0,0.22062945502678133,0.14259509903113565,0.07803435599564568,1.042183494128901,1.0000991821289062,0.3514796665736607,3.1310611969992816,3.055039325664209,83.26086511057548,81.61123495656318,0.020011028589319153,0.0,,,0,0.9672326653278224,1.1552184964413614,1.2901771094803398,-0.3100926641131272,5.32806356776208,0.4054386745589142,0.4068386548285689,1.0
2023-08-16,83.19419860839844,84.9292984008789,83.09100341796875,83.19419860839844,0,82.9982192993164,82.87972946166992,82.49198989868164,82.29639175415039,82.235166015625,82.18216339111328,82.89251688056213,82.64122685873697,82.415380457405,81.81041227644873,82.22154086971958,0.9540808047297669,0.24097478098883585,0.1622710354226757,0.07870374556616014,1.1445186312747824,0.88690185546875,0.4579364231654576,3.153843181391238,3.053469376855022,83.3642110156519,81.61976878171137,0.021146807539533137,0.0,,,0,0.851244721553289,1.0909431569370929,1.2314536093054413,-2.0429932015810843,5.278457974707326,-0.047096273656298766,2.2123875116335614,1.0
2023-08-17,83.23699951171875,83.25019836425781,82.97650146484375,83.23699951171875,0,83.07235870361328,82.93009948730469,82.55075492858887,82.3087696838379,82.2449819946289,82.19162937164306,82.96141340679345,82.69796711140191,82.44760081247614,81.82460717431212,78.09011947318442,0.8571592423998166,0.25758301691070074,0.1813334317202807,0.07624958519042002,1.2205520943902703,0.5037002563476562,0.4489435468401228,3.138900233672368,3.02013569216118,83.45855485809754,81.6429549990802,0.02199374022185427,0.0,,,0,0.8313001906808944,1.127741103950825,1.2718693473624616,-1.9925972791771507,5.332620562686534,0.05144698072251369,0.3298486855703659,1.0
2023-08-18,83.09829711914062,83.214599609375,82.95449829101562,83.09829711914062,0,83.13203887939453,82.9614990234375,82.60154991149902,82.32096969604493,82.2549599456787,82.20470634460449,82.9887901492629,82.7360937788056,82.47311831469827,81.83728070610147,77.25432715718438,0.8256060375734262,0.25659517024028844,0.19638577942428226,0.06020939081600618,0.9610331008505391,0.313995361328125,0.4507718767438616,3.2482043254711304,3.0414076778950676,83.51268795167664,81.6904118713214,0.022061039802614615,0.0,,,0,0.6013775869506437,0.9442641722587057,1.0870311619266395,-2.1559124073952467,5.157099020892953,-0.16663550271126412,0.31354697300067363,1.0
2023-08-21,83.16729736328125,83.20379638671875,83.05000305175781,83.16729736328125,0,83.18603820800782,83.00869903564453,82.66039962768555,82.33541961669921,82.26478492736817,82.21805782318116,83.02449159206658,82.7771607868509,82.50034102248584,81.85051470269033,79.17606066816971,0.7647466292659713,0.2584013477918887,0.20878889309780357,0.04961245469408515,0.524574883168305,0.4720001220703125,0.45294298444475445,3.1829563949512223,3.013527832201274,83.55723631035431,81.76356294501679,0.02169930672264459,0.0,,,0,0.6132292341663497,1.0103522280626316,1.1545389969458257,-2.0746680718834503,5.2444156778776145,0.08303448630445122,0.18518161265459743,1.0
2023-08-22,83.1135025024414,83.14129638671875,82.91300201416016,83.1135025024414,0,83.1620590209961,83.04521942138672,82.7253646850586,82.3509457397461,82.27451095581054,82.22866535186768,83.04229377414154,82.80919333119286,82.5243865707194,81.86308174547393,75.50603671753183,0.42475182842750864,0.2525803715297883,0.21754718878420054,0.035033182745587754,0.39766083380397,0.365203857421875,0.4299637930733817,3.0453950703399966,3.0176010714415407,83.54939108893429,81.9013382811829,0.019921976941723245,0.0,,,0,0.4691884029287523,0.9259842201511825,1.0760689679047952,-2.1380088292578066,5.176340738868454,-0.06468270888359351,0.2753420657951872,1.0
2023-08-23,83.07330322265625,83.08529663085938,82.46499633789062,83.07330322265625,0,83.13787994384765,83.06804962158203,82.78152465820312,82.36660385131836,82.28409599304199,82.23867485046387,83.04849566384449,82.83434665418937,82.54591271393261,81.87512375022202,64.23065378302604,0.0,0.24193458864608886,0.2224246687565782,0.019509919889510646,0.45710698680085926,0.228302001953125,0.43711417061941965,3.059017991573668,3.0102873877087077,83.53298577038655,82.0300635460197,0.018155285621668137,0.0,,,0,0.3524682175858084,0.8579926065830856,1.014885482663728,-2.1853414701038543,5.125470386629159,-0.04836672571219751,0.7521982908083116,1.0
2023-08-24,82.5447006225586,82.6427993774414,82.35399627685547,82.5447006225586,0,82.99942016601562,83.03588943481445,82.80998458862305,82.37659790039062,82.29004302978515,82.24392185211181,82.94773665558732,82.8067613178436,82.54586518093755,81.88178620666318,42.83582974801648,0.0,0.1886690574485499,0.21567354649497256,-0.027004489046422664,-0.24604496502622641,-0.32160186767578125,0.47288622174944195,3.9573602184876044,3.288553914025992,83.47052811811784,82.14944105912826,0.015953233967526608,0.0,,,0,-0.3203526330578561,0.20406611398451016,0.3657155005176347,-2.8077445866380017,4.456547943110553,-0.6363086329682537,0.3506849863302892,0.0
2023-08-25,82.64140319824219,82.71530151367188,82.55259704589844,82.64140319824219,0,82.90804138183594,83.02004013061523,82.8233097076416,82.39117202758788,82.29814407348633,82.24950435638428,82.8864699641183,82.7910129255006,82.54961176985145,81.88934458468884,48.39593078704755,0.13448685071728247,0.15250089451414794,0.20303901609880765,-0.0505381215846597,-0.24575776384931913,-0.1584930419921875,0.4730933053152902,3.5996810056945243,3.1472434917919885,83.45710860566125,82.18951080962195,0.01530484353394952,0.0,,,0,-0.21963202151848785,0.3037111434347785,0.4764756273300138,-2.693882141634461,4.578920635202612,0.11715176741117884,0.1970918827459485,0.0
2023-08-28,82.66429901123047,82.66459655761719,82.45760345458984,82.66429901123047,0,82.80744171142578,82.99673995971679,82.84388465881348,82.40616195678712,82.3059390258789,82.25522636413574,82.84203577354074,82.77894493366534,82.55410930872905,81.89705557400767,47.45426462699543,0.11170997752677034,0.12425255941059277,0.1872817247611647,-0.06302916535057193,-0.2437703540926206,-0.233001708984375,0.4672355651855469,3.5468408439830985,3.1311321380718717,83.42415981018819,82.26360950743877,0.014008883184667835,0.0,,,0,-0.2167759857261898,0.3132496991896271,0.49732116143454225,-2.6669234672789877,4.607894240643896,0.027705014801549563,0.25102973450027166,0.0
2023-08-29,82.69149780273438,82.87999725341797,82.56800079345703,82.69149780273438,0,82.72304077148438,82.94254989624024,82.86679458618164,82.42036392211914,82.31301498413086,82.26004535675048,82.81192817937948,82.77061663548145,82.55949709280769,81.90496047180595,45.14324060752943,0.05581129149063661,0.10287439351597527,0.1704002585121268,-0.06752586499615154,-0.1309161513747492,-0.541900634765625,0.4639494759695871,3.5422286508198426,3.1220825645975845,83.37758888348685,82.35600028887643,0.012328081467516721,0.0,,,0,-0.21154044188949123,0.32896467294349596,0.5244981863464137,-2.634898250991996,4.642313068833891,0.03290270628220185,0.3778660703453306,0.0
2023-08-30,82.49469757080078,82.79930114746094,82.48829650878906,82.49469757080078,0,82.60731964111328,82.87259979248047,82.8761646270752,82.43042190551758,82.31726097106933,82.26394386291504,82.74848205766374,82.74433862932139,82.55695593508193,81.91082850264172,39.41782503465327,0.0,0.06925359668056785,0.150170926145815,-0.08091732946524716,-0.4856649684805592,-0.6995010375976562,0.465935298374721,3.655620114546659,3.161172743794458,83.34922605123258,82.40310320291782,0.01141610320134994,0.0,,,0,-0.46028560562730686,0.07797565971077781,0.2805040666057395,-2.8666206785159667,4.393271365282438,-0.23799330906192165,0.3770288050968996,0.0
2023-08-31,82.70040130615234,82.78559875488281,82.57099914550781,82.70040130615234,0,82.63845977783203,82.81893997192383,82.87451972961426,82.44559997558594,82.32465896606445,82.2692813873291,82.73886590736146,82.74015412235292,82.56258124375137,81.91868494844779,47.37494716077215,0.17776873893835665,0.05853271654777359,0.13184328422620673,-0.07331056767843314,-0.6403644947260978,-0.5365982055664062,0.4675352913992746,3.2687511235674696,3.192722792268439,83.34989590069944,82.39914355852909,0.011472191275101969,0.0,,,0,-0.21009886275057413,0.30905388600708966,0.5240351095246617,-2.6244148211443323,4.553555823655437,0.24935388747260753,0.2598970723326594,0.0
2023-09-01,82.68240356445312,82.768798828125,82.54239654541016,82.68240356445312,0,82.64665985107422,82.77735061645508,82.86942481994629,82.46086212158202,82.33467597961426,82.27441638946533,82.72757343877979,82.7346540692196,82.5672801582887,81.92628413865681,44.082239786206806,0.10420691238951484,0.04803040979481921,0.11508070933992923,-0.06705029954511002,-0.6151811694879994,-0.4158935546875,0.4488067626953125,3.2606184376017424,3.1759522714390567,83.35101583895653,82.38783380093605,0.011622887936210748,0.0,,,0,-0.22568185540024274,0.26866253537884993,0.4958858329137114,-2.645606261599035,4.530802271535625,-0.021762580852047016,0.27428605442815074,0.0
2023-09-04,82.6969985961914,82.78119659423828,82.5905990600586,82.6969985961914,0,82.6531997680664,82.73032073974609,82.86950988769532,82.47510604858398,82.34319793701172,82.2795528793335,82.72145847026212,82.7310678336931,82.57236715585351,81.9339529392293,32.05052923966157,0.0,0.04041902772196693,0.10014837301633678,-0.05972934529436985,-0.6487510586578926,-0.47029876708984375,0.41992078508649555,3.239188927958613,3.173864133068599,83.3509719843158,82.38804779107483,0.011619764549662882,0.0,,,0,-0.20817221163452787,0.2690418457621788,0.5073504926188825,-2.6284213418915967,4.5492539651368125,0.017651920008474396,0.23077388510172686,0.0
2023-09-05,82.7345962524414,83.07710266113281,82.70649719238281,82.7345962524414,0,82.66181945800781,82.69243011474609,82.8688247680664,82.48966796875,82.35050689697266,82.28497436523438,82.72408602669799,82.7314038735739,82.5787290812099,81.94191953936077,34.60388372342655,0.05418197750488071,0.03699432172219019,0.08751756275750747,-0.05052324103531727,-0.4376754750795575,-0.37890625,0.31576429094587055,3.234983841267021,3.16220202767085,83.35105150020297,82.38659803592984,0.011638314733827234,0.0,,,0,-0.16197709573012103,0.29691995339852195,0.5464204013861814,-2.5841519826034354,3.968629326369998,0.04546435407358491,0.44809716446815306,0.0
2023-09-06,83.08609771728516,83.23979949951172,82.91519927978516,83.08609771728516,0,82.78009948730468,82.69370956420899,82.88087959289551,82.51142196655273,82.36028884887695,82.29225036621094,82.79648836481542,82.76518423964164,82.59862589046776,81.95330439685256,45.81129102622205,0.2920022622436898,0.06192956268742478,0.08239996274349093,-0.02047040005606615,-0.09763410447427567,0.01279449462890625,0.3323004586356027,3.5513742904086327,3.2716953453421023,83.3725600727236,82.38919911306742,0.011864750524926552,0.0,,,0,0.24760611301142219,0.6964802412027008,0.9646684196160618,-2.170276592764924,4.410344487395366,0.4248542698767054,0.3914845800843423,1.0
2023-09-07,83.25740051269531,83.30899810791016,83.06600189208984,83.25740051269531,0,82.89149932861328,82.76497955322266,82.90043449401855,82.5360400390625,82.36946182250976,82.3020108795166,82.8886707943914,82.81206197993247,82.62446018937864,81.96628047760723,54.33785965087448,0.47293536509023637,0.09442515039732768,0.08480500027425829,0.009620150123069396,0.17313433548258317,0.7126998901367188,0.32947867257254465,3.6159512937496805,3.227528715751448,83.41999274274133,82.38087624529578,0.012534512078106446,0.0,,,0,0.43059607691502955,0.8739945280769583,1.160833888466375,-1.9685761211543127,4.38163760936542,0.20617504024926492,0.2925339010970894,1.0
2023-09-08,83.24150085449219,83.26000213623047,82.91649627685547,83.24150085449219,0,83.0033187866211,82.82498931884766,82.92251472473144,82.55936203002929,82.38046783447265,82.31240737915039,82.95923680641157,82.85296092036673,82.64865786252035,81.97896923757624,52.0834404400802,0.46099821088547643,0.11754023754532739,0.09135204772847211,0.02618818981685528,0.2024689344362951,0.60009765625,0.3430295671735491,3.599178744442224,3.2056354895635493,83.4612630334369,82.38376641602599,0.012994017619795366,0.0,,,0,0.3846797589528579,0.8262404259068549,1.1287404960253167,-1.9872971732558813,4.144303024668462,-0.01909699090437081,0.4142792746910641,1.0
2023-09-11,83.03130340576172,83.05220031738281,82.82420349121094,83.03130340576172,0,83.07017974853515,82.86168975830078,82.9292148590088,82.57806213378906,82.39023284912109,82.32045139312744,82.97365012628161,82.86994591897577,82.66366357009845,81.98944022432435,47.8783988153376,0.4918523405447704,0.11754297102413602,0.09659023238760489,0.020952738636531132,0.5895021479672469,0.36700439453125,0.3546725681849888,3.7133466004567546,3.2562215928633123,83.46997215659522,82.38845756142237,0.013041418479742916,0.0,,,0,0.1231032356045921,0.5488640206140196,0.8635181180428059,-2.23479415331841,3.3073293374453456,-0.25251520764612123,0.2752780184551601,1.0
2023-09-12,82.94329833984375,83.0082015991211,82.86799621582031,82.94329833984375,0,83.11192016601562,82.88686981201172,82.91470985412597,82.59792602539062,82.40114280700683,82.32567287445069,82.96757976899404,82.87693186382035,82.67462963950022,81.99893134985192,46.725318820192335,0.6584363990560206,0.10918524446250899,0.09910923480258571,0.01007600965992328,0.3653073761070713,0.251800537109375,0.3200154985700335,3.420988104165987,3.2644156584753996,83.43633695473312,82.39308275351883,0.012582257153763434,0.0,,,0,0.034479389444976354,0.41813678753503086,0.7502221892980578,-2.338415715694413,3.19783366587047,-0.10599022574401969,0.169191231480525,1.0
2023-09-13,82.84300231933594,83.03119659423828,82.82499694824219,82.84300231933594,0,83.06330108642578,82.92170028686523,82.89715003967285,82.61464401245117,82.40965682983398,82.32802688598633,82.94266427906243,82.87370047863136,82.68123248968986,82.00733006596619,59.58125652448797,1.0,0.09339206965762514,0.0979658017735936,-0.004573732115968454,0.21617954817616525,0.34830474853515625,0.2833649771554129,3.4394853064533724,3.2770687570739794,83.40255483158676,82.39174524775895,0.012193538418920976,0.0,,,0,-0.06531915790953016,0.2764138363294952,0.6255165498655508,-2.456509262204594,3.0730456209182964,-0.1209211865398328,0.24895822951246116,0.0
2023-09-14,82.93679809570312,83.10369873046875,82.91850280761719,82.93679809570312,0,82.99918060302734,82.94533996582031,82.88213996887207,82.625498046875,82.42135581970214,82.3314433670044,82.94149104239057,82.87970977549534,82.69125467031783,82.01657850407302,59.50564181127184,0.9972534429463547,0.08743648671834592,0.09585993876254408,-0.008423452044198157,0.29664512009919264,0.23639678955078125,0.2898003714425223,3.463654984965759,3.278712287782421,83.3622451717541,82.40203476599004,0.011585251130396533,0.0,,,0,0.06594680935070621,0.3767602691502371,0.73526553640056,-2.346069427973941,3.1897460792053813,0.11322112156876181,0.2233469208690895,1.0
2023-09-15,83.0282974243164,83.18070220947266,83.00309753417969,83.0282974243164,0,82.95653991699218,82.97992935180665,82.87863998413086,82.63069595336914,82.43398780822754,82.33518886566162,82.95885231877574,82.89386098014496,82.70447203321974,82.02664535900082,61.2179637902657,1.0,0.0890730962510844,0.09450257026025215,-0.0054294740091677535,0.6468292741574899,0.34589385986328125,0.29243687220982145,3.4454497507425947,3.282345606592861,83.35309765081752,82.4041823174442,0.011449455897864811,0.0,,,0,0.18057419886982373,0.4811788964861713,0.8418132856726223,-2.2383335460861726,3.3035893032363735,0.11032416335592989,0.21397355107119134,1.0
2023-09-18,83.08580017089844,83.34760284423828,83.04949951171875,83.08580017089844,0,82.96743927001953,83.01880950927735,82.87456512451172,82.6401058959961,82.44739784240723,82.33855285644532,82.98424188920029,82.91214090307386,82.7194260778346,82.03718421285055,61.929074609227136,1.0,0.0939273758544914,0.0943875313791,-0.00046015552460859643,0.46601813130189296,0.38880157470703125,0.2929589407784598,3.441171648076133,3.28161793377705,83.33989648100481,82.40923376801862,0.011229774920543502,0.0,,,0,0.25488525468502515,0.5393195834759098,0.9075302984203785,-2.1706269387495505,3.3751340693100484,0.0692568056504438,0.3589465731548053,1.0
2023-09-19,83.25489807128906,83.33409881591797,83.14230346679688,83.25489807128906,0,83.02975921630859,83.0708396911621,82.8816349029541,82.65469787597657,82.46219985961915,82.34160385131835,83.03837312561805,82.94478444290388,82.7404249795387,82.04930076865591,73.39089445093924,1.0,0.11014948012362424,0.09753992112800486,0.012609558995619385,0.6924018680585009,0.5203018188476562,0.2884799412318638,3.510214953307089,3.302539708534585,83.36615213057298,82.39711767533522,0.011691787407094478,0.0,,,0,0.45035690810396173,0.7261537586322037,1.1091528185676534,-1.9715226207173235,3.5855252322736857,0.203522021865119,0.23068322757943288,1.0
2023-09-20,83.19499969482422,83.28900146484375,82.9280014038086,83.19499969482422,0,83.10015869140625,83.08172988891602,82.8877197265625,82.67059982299804,82.47636283874512,82.34556636810302,83.06969843945929,82.9686144668963,82.75825143896166,82.06070075797102,66.71858881782546,0.8386007090403359,0.11682562317916734,0.10139706153823737,0.01542856164092997,0.6021997256085987,0.1089019775390625,0.2934870038713728,3.5162791299081446,3.307802513799358,83.38525379940197,82.39018565372302,0.012005012913391311,0.0,,,0,0.3707183274861552,0.6343245034497672,1.0315471302049717,-2.0420499623917063,3.5109998297999665,-0.07194576878053985,0.43531744998568933,1.0
2023-09-21,83.08699798583984,83.20010375976562,82.99600219726562,83.08699798583984,0,83.1301986694336,83.06468963623047,82.91483459472656,82.69230377197266,82.48943283081054,82.34846134185791,83.0731583487354,82.97988908774806,82.77114346040787,82.07091267068614,62.89181580828192,0.7460332392082214,0.11210935251249055,0.103539519733088,0.008569832779402542,0.4259424102623033,-0.17040252685546875,0.2918940952845982,2.6293355899410993,3.3227338513899385,83.39236356925012,82.43730562020299,0.01151854132876571,0.0,,,0,0.20763882838914405,0.4773046533514994,0.8968432827372464,-2.1692165715806704,3.3766243875100703,-0.12981754838697845,0.245917341915927,1.0
2023-09-22,82.89129638671875,83.00039672851562,82.73300170898438,82.89129638671875,0,83.10279846191406,83.02966918945313,82.9273292541504,82.70951370239258,82.50118476867675,82.34862831115723,83.03678595633207,82.97145168765003,82.77585533987104,82.07907569273621,55.55042172482183,0.5400400187719887,0.09152514562138947,0.10113664491074831,-0.009611499289358838,-0.23445719069542514,-0.3502044677734375,0.303565434047154,2.773634440590548,3.363141532926623,83.38749584081471,82.46716266748608,0.011098068412501874,0.0,,,0,-0.043451136984301315,0.2197844917578171,0.6589886033207883,-2.3996454139306365,3.1331329725497623,-0.23553817548498543,0.32320236665873603,0.0
2023-09-25,82.97480010986328,83.17040252685547,82.89569854736328,82.97480010986328,0,83.08059844970703,83.02401885986328,82.94285430908204,82.72747375488281,82.51363479614258,82.34987232208252,83.0243887870383,82.97177058500367,82.783657095557,82.08798837350365,56.68643175099391,0.3943182415387968,0.08101616206158724,0.0971125483409161,-0.016096386279328856,-0.3394297697163151,-0.0565032958984375,0.2963512965611049,2.790084829300062,3.367529790309464,83.38630397806614,82.49940464009794,0.01069289627607003,0.0,,,0,0.03851543456920355,0.2989651971161211,0.7588691641640656,-2.3013239574759026,3.237028085283791,0.10073883119761488,0.33138508306945824,1.0
2023-09-26,83.0282974243164,83.4021987915039,83.0353012084961,83.0282974243164,0,83.0352783203125,83.03251876831055,82.95969429016114,82.74680770874023,82.52604675292969,82.35210430145264,83.02517051449392,82.97715409350964,82.79325083393974,82.09734468246697,48.0710080866926,0.05046541222791419,0.07612695886355425,0.09291543044544373,-0.01678847158188948,-0.25612636483869355,0.08499908447265625,0.2907938276018415,2.7944527447658993,3.3438515908787365,83.38828435949692,82.53110422082536,0.010332489120240481,0.0,,,0,0.08269453587343312,0.34018196395803507,0.8210999932540125,-2.2383335460861726,3.3035893032363735,0.06447417093176672,0.441857351834682,1.0
2023-09-27,83.29869842529297,83.31629943847656,83.1593017578125,83.29869842529297,0,83.05601806640625,83.07808837890624,82.99989433288575,82.77127365112305,82.53798370361328,82.35541328430176,83.07987609665373,83.00777736320329,82.81307230811045,82.10929845105231,51.292743156557336,0.17128542055917606,0.09299929308701849,0.09293220297375868,6.709011325981007e-05,0.3220412164608888,0.45569610595703125,0.29400852748325895,2.8184824054448496,3.4000029035001127,83.3943041816212,82.6054844841503,0.009503863876105651,0.0,,,0,0.3600053889331679,0.6372075128298565,1.1453832885700697,-1.9199498951342602,3.6400215175369164,0.3256733058064255,0.1887914849517278,1.0
2023-09-28,83.22270202636719,83.34480285644531,83.09850311279297,83.22270202636719,0,83.08315887451172,83.10667877197265,83.02600936889648,82.79449371337891,82.5510117340088,82.3571337890625,83.10844128259643,83.02824637874271,82.82913621863032,82.12037709359277,49.43288006702327,0.10153770105412478,0.09909614656045562,0.09416499169109807,0.004931154869357551,0.3368610751149914,0.2859039306640625,0.2870652335030692,2.755485239623413,3.2789446889422535,83.405819059413,82.64619967837996,0.009149173696376875,0.0,,,0,0.23690486748167341,0.5171941922498646,1.0509936389015497,-2.009431852899962,3.545466997852708,-0.09123359711789393,0.2963949222021859,1.0
2023-09-29,83.19300079345703,83.22650146484375,83.00330352783203,83.19300079345703,0,83.14349975585938,83.12314910888672,83.05153923034668,82.8167057800293,82.56193870544433,82.35872428894044,83.12535318476856,83.04393727538216,82.84340541764314,82.13104996622823,55.47422254365121,0.3280973133529844,0.10037425367576702,0.09540684408803186,0.004967409587735158,0.4224840533566754,0.164703369140625,0.27320098876953125,2.759496053153671,3.1515193002213553,83.40157648109076,82.7015019796026,0.008429398274563899,0.0,,,0,0.17032985110366858,0.4543709024447543,1.0129789062658245,-2.044403568749965,3.508512801975725,-0.03568885915377526,0.2689024743899232,1.0
2023-10-02,83.03479766845703,83.28790283203125,82.91519927978516,83.03479766845703,0,83.15549926757812,83.11804885864258,83.06842918395996,82.83759567260742,82.57028366088868,82.36087776184083,83.10724208150626,83.04306683662739,82.85091099610644,82.14004248067828,52.957131092163465,0.19297570831006547,0.08761156120286273,0.09384778751099804,-0.006236226308135306,0.11816175088026348,-0.05100250244140625,0.28815787179129465,2.869211205463261,3.152902153278262,83.37652167632021,82.76033669159972,0.007417799888281411,0.0,,,0,-0.04048651916656994,0.2380585702040371,0.8182524578780584,-2.230679833806645,3.3116768899014617,-0.19016398433898343,0.449499676155225,0.0
2023-10-03,83.3593978881836,83.36090087890625,83.1343002319336,83.3593978881836,0,83.22171936035156,83.12849884033203,83.09966926574707,82.86849960327149,82.58121063232421,82.36316024780274,83.15767324284172,83.07319360344228,82.87085165854084,82.1521753703052,64.5759127577192,0.6518554006755976,0.1025079129905464,0.0955798126069077,0.006928100383638697,0.3987802642454463,0.10449981689453125,0.296722412109375,3.15575189068307,3.2382847364965968,83.39151427859929,82.80782425289485,0.007023975316169323,0.0,,,0,0.31255072942099427,0.5923822529215025,1.2095670411182797,-1.8484793142704994,3.7155436296348543,0.3909207089570238,0.27257178606239624,1.0
2023-10-04,83.22979736328125,83.3302001953125,83.18229675292969,83.22979736328125,0,83.20793914794922,83.13197860717773,83.10685424804687,82.89409347534179,82.59054862976075,82.36542873382568,83.17209806692964,83.08810824723646,82.88492796068753,82.16289797720049,58.10641944662563,0.39634503945103383,0.10267215912271865,0.0969982819100699,0.0056738772126487536,0.17331143478984679,0.03479766845703125,0.2907513209751674,2.8725497653958927,3.2390783065821402,83.40431396143737,82.80939453465638,0.00715848809540245,0.0,,,0,0.14793378518146375,0.4049792619293436,1.0494313484956002,-2.0010774486511815,3.554294997381501,-0.15547200218047036,0.17780639409623336,1.0
2023-10-05,83.44979858398438,84.6969985961914,83.18489837646484,83.44979858398438,0,83.25335845947265,83.16825866699219,83.11647415161133,82.92357940673828,82.60054359436035,82.36841773986816,83.22763817034058,83.12255494597436,82.90707974983643,82.17570295836252,60.88752428887303,0.5061837963174354,0.11918074382226962,0.10143477429250985,0.017745969529759764,0.2341009564727603,0.36280059814453125,0.38133675711495535,2.9321728240128406,3.104969952643413,83.4452315006313,82.78771680259136,0.007910762634620079,0.0,,,0,0.40103293092658804,0.6345832886265048,1.3128585855945103,-1.7420370175567357,3.8280199376097745,0.26432987664605756,1.8177580897957493,1.0
2023-10-06,83.22489929199219,83.34130096435547,83.08439636230469,83.22489929199219,0,83.25973815917969,83.20161895751953,83.11564407348632,82.9405793762207,82.60554161071778,82.37036674499512,83.22709039467091,83.13230202654748,82.91954326129351,82.18614272287626,53.30699635055032,0.20679351354638317,0.11281595077755924,0.10371100958951975,0.009104941188039492,0.03593917576494299,0.3336029052734375,0.38462938581194195,3.097385155803376,3.1648053509894867,83.4431537127431,82.78813443422955,0.007880818175870923,0.0,,,0,0.1314496443163787,0.34279952938573993,1.0374271485794804,-2.0068446825519524,3.54820082996485,-0.269502498278468,0.30920920569790483,1.0
2023-10-09,83.12460327148438,83.33519744873047,83.07929992675781,83.12460327148438,0,83.27769927978515,83.21659927368164,83.12030906677246,82.95801544189453,82.60773963928223,82.37224075317383,83.2065929700336,83.13156881177956,82.9275848303206,82.19548063878281,46.79755475547555,0.0,0.09854281555068667,0.10267737078175312,-0.004134555231066456,0.04526013281997976,0.14980316162109375,0.3851721627371652,2.9884274148327354,3.1778609872987778,83.44540948974435,82.79520864380058,0.007822406500214651,0.0,,,0,0.0051662520990647266,0.20080980566190765,0.9133690080921578,-2.1249382290621335,3.423412785012677,-0.1205120358943623,0.3080159825591379,1.0
2023-10-10,83.27030181884766,83.27030181884766,83.15599822998047,83.27030181884766,0,83.25988006591797,83.24079971313476,83.13665924072265,82.97875549316406,82.61219268798828,82.37506225585938,83.21933473979641,83.14478147911939,82.94102471222362,82.20617537689292,51.775908106201825,0.28002323668462525,0.09785984084010124,0.10171386479342275,-0.003854023953321503,0.4572318791597807,0.24200439453125,0.3697934831891741,3.015625102049839,3.192285076041897,83.45713497863075,82.81618350281455,0.007709613083685697,0.0,,,0,0.1607504792056208,0.3513505643111457,1.0867846875886291,-1.9533854785901323,3.604690534476518,0.17527728449714317,0.13745681766823803,1.0
2023-10-11,83.25029754638672,83.32230377197266,83.11000061035156,83.25029754638672,0,83.26398010253907,83.23595962524413,83.15702400207519,82.99761550903321,82.61578964233398,82.37738525390625,83.22552730111447,83.15483062838295,82.9531530586614,82.21656465221126,54.01799122965099,0.40613629634773984,0.09461375241367875,0.10029384231747396,-0.005680089903795205,0.3320254295986924,-0.04840087890625,0.3703793116978237,2.9750029889046616,3.193794828895246,83.44946639414546,82.86458161000492,0.007033498266195117,0.0,,,0,0.11216556319908885,0.3044449359222949,1.0596504001552678,-1.9769395086334685,3.579801271288887,-0.024023297651131693,0.2554483937696553,1.0
2023-10-12,83.21800231933594,83.29989624023438,83.01920318603516,83.21800231933594,0,83.21762084960938,83.23548965454101,83.17108421325683,83.0073095703125,82.62083267211914,82.38014278411865,83.22402230475876,83.16084697990229,82.96353930417806,82.226529206113,58.74153853691198,0.6718271608620486,0.08841604391126623,0.09791828263623242,-0.009502238724966194,0.2284822173939549,-0.00469970703125,0.3651433672223772,2.9638343842766575,3.1953095505955917,83.44542447060093,82.89674395591274,0.006597010486016135,0.0,,,0,0.056411560006603856,0.2538243319944814,1.0170649223235075,-2.014965522810982,3.5396196347239584,-0.038792926875470306,0.3381061771578588,1.0
2023-10-13,83.26239776611328,83.29660034179688,83.07890319824219,83.26239776611328,0,83.2251205444336,83.24242935180663,83.18278923034669,83.01687149047852,82.62603561401367,82.38322875976563,83.23169739702968,83.17051848335095,82.97525924386179,82.23683635596375,57.85962103015746,0.6222209201370492,0.08609421626442781,0.09555346936187151,-0.009459253097443693,-0.043578903231300536,0.06939697265625,0.3607570103236607,2.9468960938018247,3.1959003440649156,83.45139466946401,82.91418379122936,0.006458197461340488,0.0,,,0,0.09570313342841497,0.2957546715825344,1.0671698834617918,-1.9626921052586663,3.5948563328508945,0.05334836879042498,0.2620366123939075,1.0
2023-10-16,83.28230285644531,83.28250122070312,83.097900390625,83.28230285644531,0,83.25666046142578,83.26717987060547,83.19261436462402,83.0286116027832,82.63311065673828,82.38827327728272,83.2418184889128,83.18116461412183,82.98730016984545,82.24723900770984,57.07143008857076,0.5778866266388962,0.08488186031387102,0.09341914755227142,-0.008537287238400401,0.07161607184928975,0.24750518798828125,0.343414306640625,2.940028385372095,3.183300444831162,83.46065701951375,82.9245717097343,0.006443905073470215,0.0,,,0,0.10780823815464817,0.30554678533683644,1.0851417848674663,-1.9392548572102055,3.6196221938945747,0.02390645821652324,0.22214860930343244,1.0
2023-10-17,83.19950103759766,83.28109741210938,81.51699829101562,83.19950103759766,0,83.24250030517578,83.25119018554688,83.18984451293946,83.03763565063477,82.63930870056153,82.39337028503418,83.23335499864977,83.18291094016715,82.9956217725024,82.25671425178832,46.916268214936245,0.0066774141597166275,0.07635942083982172,0.09000720220978149,-0.013647781369959769,0.007813450745408623,-0.1598968505859375,0.4489359174455915,2.874162664752461,3.154604847397385,83.4563175124893,82.92337151338961,0.006406382921136486,0.0,,,0,0.011607816692932335,0.19493014907590261,0.978392739336578,-2.0367498564704367,3.5166003886408137,-0.09942306589478286,2.164087439525088,1.0
2023-10-18,83.26429748535156,83.30269622802734,83.19219970703125,83.26429748535156,0,83.24530029296875,83.2546401977539,83.19330940246581,83.04602157592774,82.64511268615723,82.40150478363037,83.23954349599013,83.19066203970851,83.00615807496709,82.26673995560488,51.30213806675965,0.2533745417161483,0.0739810504648517,0.08680197186079554,-0.012820921395943832,0.276389927281917,0.0345001220703125,0.4392356872558594,2.875905724984359,3.14329005112557,83.46185867956127,82.92476012537036,0.00645603063574004,0.0,,,0,0.0853290768159342,0.26283728621997526,1.0470594001732236,-1.9604552808952833,3.5972199585311846,0.07788081292053048,0.13282077091989045,1.0
2023-10-19,83.26860046386719,83.2927017211914,82.71900177001953,83.26860046386719,0,83.255419921875,83.23652038574218,83.20238952636718,83.05406753540039,82.65113067626953,82.40968879699707,83.24535488956555,83.19808474677124,83.01644993335533,82.27670871688112,52.404875278493726,0.3154014854639853,0.07161782352315527,0.08376514219326749,-0.01214731867011222,-0.10892284087535842,-0.1811981201171875,0.46427154541015625,2.8320248033264614,3.1435785277429797,83.46806901122623,82.93671004150814,0.0063863426608644315,0.0,,,0,0.07957816821958019,0.2583051436648231,1.0422459778799842,-1.9553887389637647,3.60257371308413,0.005167855426129081,0.6935527979011533,1.0
2023-10-20,83.12229919433594,83.19619750976562,83.01899719238281,83.12229919433594,0,83.22740020751954,83.22626037597657,83.21393966674805,83.06051559448242,82.6595866394043,82.41972229003906,83.22074375051963,83.19086707511075,83.02060088476634,82.28512255247769,52.80471879447713,0.33789194920270316,0.057279378366644096,0.07846798942794281,-0.021188611061298712,-0.12915827305947092,-0.10260009765625,0.4554786682128906,2.770056689366397,3.0201805671289192,83.43977097365348,82.98810835984261,0.005427727801611949,0.0,,,0,-0.11012634755559894,0.07438383859203611,0.8524378446999292,-2.1276511646353935,3.4205460582839713,-0.1756980046695208,0.21344550449360408,0.0
2023-10-23,83.15979766845703,83.19039916992188,83.04049682617188,83.15979766845703,0,83.20289916992188,83.22977981567382,83.22318954467774,83.06576553344726,82.6670866394043,82.4291312789917,83.20855453410712,83.18790808400087,83.02605958216597,82.29382578746257,42.15899009758554,0.0,0.048384128634126,0.07245121726917944,-0.02406708863505344,-0.34751541699107324,0.03519439697265625,0.4428928920200893,2.7539424449885974,3.0014428961259267,83.42122270222897,83.0251563871265,0.004759085986362588,0.0,,,0,-0.07617092852067935,0.11320203263750825,0.8864176755573161,-2.0834985873421075,3.4672015611700155,0.045112412053742786,0.18051715666368132,0.0
2023-10-24,83.02940368652344,83.09429931640625,82.9478988647461,83.02940368652344,0,83.16887969970703,83.2056900024414,83.22324485778809,83.06168563842773,82.67226867675781,82.43601528167724,83.1727243645904,83.17281242709825,83.02619072351332,82.3011449705378,42.13272470227398,0.0,0.03046173067080815,0.06405331994950518,-0.03359158927869703,-0.2349003809339112,-0.24089813232421875,0.4453784397670201,2.8086636858390133,3.021749521543995,83.42104929796336,83.02544041761281,0.004753586345095862,0.0,,,0,-0.2329171033836606,-0.03886503344613105,0.7198169426538077,-2.237030977681793,3.304965711765056,-0.15679930157291966,0.176496877755608,0.0
2023-10-25,82.98780059814453,83.18730163574219,81.20500183105469,82.98780059814453,0,83.11358032226562,83.17944030761718,83.20769996643067,83.05755767822265,82.67697471618652,82.44332679748535,83.13573961130123,83.15519225291217,83.02468522840083,82.30797736484236,28.90789904492543,0.0,0.012754058769957055,0.053793467713595555,-0.0410394089436385,-0.16457543008421283,-0.2624969482421875,0.4789641244070871,2.5351566644847625,3.0207550384853503,83.42811069271013,82.9872892401512,0.0052978444631540215,0.0,,,0,-0.26427766706068295,-0.0839864330569033,0.6604219186795159,-2.2860165329168467,3.253203258613968,-0.05010645209012729,2.441105547675048,0.0
2023-10-26,83.1709976196289,83.27169799804688,83.14179992675781,83.1709976196289,0,83.09405975341797,83.17473983764648,83.20511474609376,83.05623764038086,82.68250366210937,82.4520018005371,83.14279121296677,83.15669752593281,83.0304229692333,82.31656463105914,47.44175604527712,0.6212402280093907,0.013349188666666123,0.04570461190420967,-0.03235542323754355,-0.11925524112400554,-0.04700469970703125,0.47314235142299105,2.6554836517397162,2.8675415633716033,83.42599697353874,82.98423251864877,0.005309342535468553,0.0,,,0,-0.04100364090472111,0.13817141554730666,0.8720174203061234,-2.070311205151559,3.4811365109638532,0.22075174924984214,0.15623678030003407,0.0
2023-10-27,83.28250122070312,83.28939819335938,83.1416015625,83.28250122070312,0,83.1261001586914,83.17675018310547,83.20958976745605,83.05992172241211,82.69044570922851,82.46221530914306,83.17073321451404,83.16867883019665,83.04030839085958,82.32617594040883,57.415157074065576,0.9555407424158665,0.02255820518234941,0.04107533055983762,-0.01851712537748821,0.03868295401401323,0.02010345458984375,0.4654208592006138,2.6958589232418815,2.8770524238854973,83.43305009229209,82.98612944262001,0.005371023351047386,0.0,,,0,0.08762385856105905,0.26797460637499354,0.9947415413045705,-1.939021293220455,3.619868998182476,0.13406548468273172,0.1777649553073282,1.0
2023-10-30,83.41339874267578,83.41339874267578,83.2239990234375,83.41339874267578,0,83.17682037353515,83.18985977172852,83.228519821167,83.06484375,82.70013168334961,82.47440231323242,83.2192663201464,83.191985488528,83.05493938504846,82.33699407774482,56.81481266168648,0.9354176725322759,0.039958140613464366,0.04085189257056297,-0.0008937519570986069,0.23480066559402601,0.13109588623046875,0.4685423714773996,2.6428527464626557,2.881972091916256,83.4537718841977,83.00326775813629,0.005412857600128121,0.0,,,0,0.22213409766992429,0.41961794778646894,1.1385307478520628,-1.784896009676017,3.782731350779802,0.15717289953356559,0.2275782484147903,1.0
2023-10-31,83.29650115966797,83.33100128173828,83.2249984741211,83.29650115966797,0,83.23023986816406,83.19955978393554,83.22537498474121,83.06850372314453,82.7097247314453,82.48344482421875,83.23471328805073,83.2019393619699,83.06441239581785,82.34654141189331,52.014476555431365,0.7745142028920898,0.04381004191512261,0.041443522439474904,0.002366519475647706,0.04095893761129066,0.0970001220703125,0.46683502197265625,2.3151714206918457,2.8973110797805823,83.44460926488749,83.00614070459493,0.005268447998857957,0.0,,,0,0.08546212611213964,0.2744691746023511,0.9857206342217281,-1.9225370654822698,3.6372876854247735,-0.1401424528551258,0.1273689511092622,1.0
2023-11-01,83.2771987915039,83.34929656982422,83.1978988647461,83.2771987915039,0,83.28811950683594,83.20084991455079,83.22774505615234,83.07258163452148,82.71959274291993,82.49182132720948,83.24321038874137,83.20910692668744,83.07275696035457,82.35580168432725,52.610541757228695,0.8186954380258878,0.04478886351542144,0.04211259065466421,0.0026762728607572298,-0.006128630893176279,0.01290130615234375,0.4575996398925781,2.2467044536337615,2.8896722624917577,83.44820211023679,83.0072880020679,0.005297681775127032,0.0,,,0,0.05941977079662185,0.24631130146242153,0.9520670675692486,-1.9452646383311025,3.1769373414697917,-0.02317308397751606,0.18197299107787634,1.0
2023-11-02,85.19400024414062,83.32589721679688,83.17050170898438,85.19400024414062,0,83.69272003173828,83.39338989257813,83.31495513916016,83.12556762695313,82.75108276367187,82.51027782440185,83.63336835982122,83.3981443854925,83.15594297148344,82.38404246601694,82.12695004682396,1.0,0.1979525705235261,0.07328058662843659,0.12467198389508952,2.3972489998968394,1.9253997802734375,0.4531495230538504,8.36484364747528,5.471609226077369,84.22056292678809,82.40934735153223,0.02173938126991249,0.0,,,0,2.2553515174339496,2.488322998851699,3.252591665550154,0.31167317786176296,5.335779287564734,2.3017122098879654,0.1868396902981693,1.0
2023-11-03,83.24729919433594,83.3280029296875,83.14540100097656,83.24729919433594,0,83.68567962646485,83.40588989257813,83.31607513427734,83.137685546875,82.76442878723145,82.51928882598877,83.55615452672417,83.38377817681092,83.15952556845805,82.3926320852042,49.64520908536944,0.3896595232354712,0.16040436468477992,0.09070534223970526,0.06969902244507466,-0.020414861506057314,0.125,0.5862922668457031,11.94610142357377,7.297836608530638,84.22126928527925,82.41088098327543,0.021729159698006435,0.0,,,0,-0.08254822353376566,0.13184592130500147,0.8822305411312391,-1.9804699181708563,2.9288342969144057,-2.285021297539759,0.21961759341180254,0.0
2023-11-06,83.15850067138672,83.25969696044922,82.97660064697266,83.15850067138672,0,83.63470001220703,83.4057601928711,83.31777000427246,83.14756958007813,82.77686576843261,82.52754131317138,83.47662375565668,83.36232317629434,83.15948537641604,82.40025266815128,49.584932124739716,0.38852690325268396,0.1220746418729135,0.09697920216634691,0.025095439706566594,-0.13222246064799048,-0.0012969970703125,0.4804202488490513,11.944326397531373,7.29805850128106,84.22158052560232,82.4139594829426,0.021695504363199176,0.0,,,0,-0.19115890028930804,0.013146615546067743,0.7645439912247022,-2.085025736505863,2.8190418046304906,-0.10666835297794322,0.34117608008673117,0.0
2023-11-07,83.2228012084961,83.28089904785156,83.14450073242188,83.2228012084961,0,83.61996002197266,83.42509994506835,83.31539497375488,83.15819564819336,82.78927978515625,82.53575580596925,83.42585924622456,83.34903536983737,83.1619683502231,82.40843723074178,49.579869581136386,0.3884317767235929,0.09578245582818568,0.09673985289871467,-0.000957397070528998,0.12090860711779783,0.19339752197265625,0.48227037702287945,11.930563849232835,7.252237223105077,84.21998001451703,82.41080993299272,0.021714715294744984,0.0,,,0,-0.11113644157595516,0.07768994961850326,0.8324215315141749,-2.009315070905086,2.8985444358676102,0.07732286728384896,0.16404971372508284,0.0
2023-11-08,83.23269653320312,83.31529998779297,83.1843032836914,83.23269653320312,0,83.6110595703125,83.44958953857422,83.3145149230957,83.17295562744141,82.80168876647949,82.5430772781372,83.38722670362029,83.33795548063411,83.16474200445762,82.4166388158409,49.636900646881635,0.38950340548569196,0.0748809974412552,0.0923680818072228,-0.01748708436596759,0.0876611858012577,0.24489593505859375,0.45064871651785715,11.93039961735867,7.251615646197646,84.21940082146801,82.40962902472339,0.021722166880706863,0.0,,,0,-0.09820424444419867,0.07182732092546171,0.835465889819178,-1.997663821108669,2.9107792380406696,0.011890160585006901,0.157477671784798,0.0
2023-11-09,83.21769714355469,83.30909729003906,83.21869659423828,83.21769714355469,0,83.2157989501953,83.45425949096679,83.31449966430664,83.18330154418945,82.81445075988769,82.55061428070069,83.35332079160717,83.32650230567415,83.16681867657908,82.42460954546989,50.99108781875078,0.4149489394885593,0.05645533374801914,0.08518553219538207,-0.028730198447362923,0.22677924767731117,0.04669952392578125,0.439277103969029,11.929755746213894,7.250940061602497,84.21939242540759,82.40960690320568,0.021722335601773404,0.0,,,0,-0.11618928414860559,0.04134916350605307,0.8080895201890194,-2.015324852025983,2.8922336551013985,-0.01802103052428916,0.10863027120162828,0.0
2023-11-10,83.31939697265625,83.52580261230469,83.23169708251953,83.31939697265625,0,83.23021850585937,83.45794906616212,83.31734962463379,83.19604141235351,82.82845176696777,82.55698177337646,83.346536027817,83.32582560729149,83.17280213917036,82.43351290295433,51.63624758892242,0.4270716616721742,0.04948871370301333,0.07804616849690832,-0.028557454793894987,0.39957243368506923,0.036895751953125,0.4505773271833147,11.936334625518791,7.246796474380565,84.22191043676979,82.4127888124978,0.021713624262204162,0.0,,,0,0.0024572889460381634,0.14827094920459102,0.9235017837409061,-1.895578391126796,3.0179776126703124,0.12220937684219405,0.353357603045829,1.0
2023-11-13,83.29889678955078,83.39910125732422,83.21820068359375,83.29889678955078,0,83.25829772949218,83.44649887084961,83.31817932128907,83.20807937622071,82.84159271240235,82.56234626770019,83.33700818016375,83.32326095798285,83.17774702742058,82.44212368789559,52.82659526625514,0.44943860837496774,0.04183121941771617,0.07080317868106989,-0.02897195926335372,0.15377856895115727,-0.114501953125,0.44836316789899555,11.936472660516962,7.245168583517526,84.22263521608863,82.4137234264895,0.021710889560172277,0.0,,,0,-0.02314324664240126,0.10914494603275961,0.8921143295303127,-1.9197163311445096,2.992630724899294,-0.024604334465114404,0.21738102031102052,0.0
2023-11-14,83.19760131835938,83.33300018310547,82.90899658203125,83.19760131835938,0,83.25325775146484,83.43660888671874,83.31808433532714,83.21733947753906,82.85350372314453,82.5645592880249,83.30912680780287,83.31129337325682,83.17852562706524,82.44964087824847,52.173294534005,0.13641378187237108,0.027274498621451926,0.0620974426691463,-0.03482294404769437,-0.10194206597945454,-0.09889984130859375,0.3370562962123326,11.939211618168514,7.248370556934967,84.2225931058881,82.41357556476619,0.021712183561989003,0.0,,,0,-0.14460608153550952,-0.023718805844554446,0.7667236836160227,-2.03898668083382,2.867386724551022,-0.12160481722503796,0.511408434010782,0.0
2023-11-15,82.98159790039062,83.20590209960938,82.9219970703125,82.98159790039062,0,83.20303802490234,83.40704879760742,83.3039493560791,83.21524948120117,82.86333572387696,82.56575778961182,83.24362102632043,83.27989380441242,83.17080297111721,82.4549339829464,48.05128132668297,0.0,-0.001672201995589262,0.049343513736199184,-0.051015715731788445,-0.5176636473202989,-0.29560089111328125,0.3370568411690848,11.97013088199125,7.2675575241658406,84.22074936227938,82.38714934987883,0.022010961383870396,0.0,,,0,-0.38695819127446085,-0.2807797636457581,0.5036471800312382,-2.2933198992117485,2.6003152371773472,-0.2596269778766856,0.3423760152039535,0.0
2023-11-16,83.18620300292969,83.26439666748047,82.99330139160156,83.18620300292969,0,83.19673919677734,83.20626907348633,83.29982948303223,83.21382553100585,82.87493278503418,82.56839130401612,83.23213742164228,83.27097087093789,83.17140689393338,82.46221029160296,49.027820568118806,0.0286579626494208,-0.008010409946038521,0.037872728999751644,-0.045883138945790165,-0.1324163142541357,-2.0077972412109375,0.3466998508998326,12.006591412657999,7.161997142359401,84.21803779404058,82.38162117202387,0.022045862919692804,0.0,,,0,-0.13640661788591563,-0.033194637910106385,0.7482423832611597,-2.052407627014119,2.853293590821993,0.2465668385714459,0.32664717673990434,0.0
2023-11-17,83.12030029296875,83.28369903564453,83.13639831542969,83.12030029296875,0,83.15691986083985,83.19356918334961,83.29972953796387,83.2114015197754,82.88538177490234,82.57132678985596,83.20976999590758,83.25662129208368,83.1694027135034,82.46875845082053,47.001674884997996,0.0,-0.01814215189901347,0.026669752819998623,-0.04481190471901209,-0.18840511065696397,-0.1269989013671875,0.3436927795410156,11.993243585077662,7.161101593581981,84.21801964386411,82.38143943206363,0.0220478532401892,0.0,,,0,-0.21540195387230532,-0.10948166374170787,0.6648476226014005,-2.130004770993652,2.77180999701252,-0.07922312544859934,0.177179578619664,0.0
2023-11-20,83.29149627685547,83.41449737548828,83.20369720458984,83.29149627685547,0,83.15543975830079,83.20686874389648,83.30631446838379,83.21660537719727,82.89733375549316,82.57521926879883,83.22611525209716,83.2599427192048,83.17419069637995,82.47694489685074,49.949363805618766,0.08391931186419029,-0.012216718510529745,0.01889245855389295,-0.031109177064422695,-2.2331431342971886,0.13299560546875,0.35124969482421875,12.014814977327692,7.172308331077618,84.2222654031344,82.39036353363318,0.021989952156585467,0.0,,,0,-0.017787597042171487,0.08999513897345497,0.8674236827940006,-1.928430064608291,2.983480564446042,0.2059617004309601,0.2533543315750745,0.0
2023-11-21,83.32219696044922,83.37079620361328,83.23699951171875,83.32219696044922,0,83.18035888671875,83.2168083190918,83.32095413208008,83.22418334960938,82.9110546875,82.57884326934814,83.24533159376757,83.26587169456141,83.17999486359835,82.48535536514525,50.45421500434345,0.0982921871341713,-0.004986005700004625,0.014116765703113435,-0.01910277140311806,0.0899702054458773,0.099395751953125,0.3499924795968192,11.99923419399756,7.172360724634988,84.22758181322261,82.41432645093754,0.021762297145694113,0.0,,,0,0.0014916156230920497,0.11777058890215311,0.9001745019320195,-1.892281545579159,3.0214395805943774,0.036859325340612134,0.16074184879248837,1.0
2023-11-22,83.345703125,83.34609985351562,83.25959777832031,83.345703125,0,83.25317993164063,83.22810897827148,83.33884925842285,83.23423736572266,82.92444068908691,82.58123378753662,83.26540590001406,83.27347468793651,83.18649322679057,82.49391603937266,19.800096735428596,0.0,0.002611038895778961,0.011815620341646542,-0.00920458144586758,0.22511523428379032,0.113006591796875,0.3450715201241629,11.996592022673514,7.15330506500431,84.23181496738391,82.4458835494618,0.021429758555750814,0.0,,,0,0.008224095530636202,0.13391816012870744,0.9257179899130515,-1.8646042127936833,3.0505031314773348,0.028211167501907067,0.10389441878595825,1.0
2023-11-23,83.54830169677734,83.35379791259766,83.17829895019531,83.54830169677734,0,83.32559967041016,83.26116943359375,83.35771446228027,83.24646743774414,82.93598274230958,82.58528678894044,83.32198505936671,83.2996486887785,83.20068179424104,82.50440743894883,61.43624884776597,1.0,0.024695093363078513,0.014391514945932937,0.010303578417145576,0.39111936098592537,0.33060455322265625,0.21127864292689733,12.001752904354854,7.152450080104083,84.25169080489813,82.46373811966241,0.02144915676694542,0.0,,,0,0.2286377880277832,0.3625790598969577,1.1660853225563554,-1.6260545301846872,3.3010005653289856,0.24308220361821292,0.210991285728778,1.0
2023-11-24,83.34400177001953,83.4072036743164,83.29650115966797,83.34400177001953,0,83.3703399658203,83.26362991333008,83.3607894897461,83.2527815246582,82.94173873901367,82.58853031158448,83.32638840149728,83.30387279175385,83.20630218544804,82.51276161139731,56.47924105953206,0.880944622959885,0.025418559619026837,0.016596923880551718,0.00882163573847512,0.13372777940938718,0.02460479736328125,0.20904323032924108,12.03043054184744,7.1721956883219,84.25409935769775,82.46747962179444,0.021432375423016844,0.0,,,0,-0.020138628519863453,0.10957020737416386,0.9147413758119455,-1.8666074731673155,3.048399537888598,-0.24452911981296782,0.13290175830583323,0.0
2023-11-27,83.31449890136719,83.42859649658203,83.30850219726562,83.31449890136719,0,83.37494049072265,83.26519012451172,83.35584449768066,83.25735549926758,82.94873069763183,82.591312789917,83.32401050147126,83.3048848021932,83.21054519391546,82.52073909686966,53.28264206392125,0.804170021239098,0.023342202523991773,0.01794597960923973,0.005396222914752044,0.1163235238839988,0.01560211181640625,0.20787865774972097,12.017280679677617,7.172881860318219,84.24902309089083,82.4626659044705,0.02143049713172826,0.0,,,0,-0.04960131657550058,0.0686346590723926,0.8756200707085484,-1.9013456250275673,3.011921527091974,-0.035398910570378334,0.14415611390063862,0.0
2023-11-28,83.364501953125,83.42250061035156,83.30599975585938,83.364501953125,0,83.3834014892578,83.28188018798828,83.35924453735352,83.2595475769043,82.95712272644043,82.59464778900147,83.33210879180201,83.31056262609147,83.21658271388446,82.52913474718066,54.58672727079638,0.8354910041040998,0.025438266449882008,0.019444436977368185,0.005993829472513822,0.05413502990612162,0.166900634765625,0.2068432399204799,12.008615487589863,7.173230086569872,84.25198957803305,82.46649949667399,0.021419221002644456,0.0,,,0,0.006306937881527548,0.12605686587926812,0.9320872292962854,-1.8424695331496024,3.073746425659616,0.06001722679387315,0.13984689558208363,1.0
2023-11-29,83.41809844970703,83.41809844970703,83.25540161132812,83.41809844970703,0,83.39788055419922,83.32553024291992,83.36628952026368,83.26400955200195,82.9673046875,82.59743228912353,83.34930672338302,83.32080413310247,83.22448529175986,82.53798015715606,56.79137471882514,0.8884413209844988,0.03106609100292701,0.02176876778247995,0.00929732322044706,0.14310112708624256,0.43650054931640625,0.2120072501046317,12.009994731612936,7.1228374309238935,84.25853208278487,82.47404695774249,0.021405356233452476,0.0,,,0,0.06214613813507988,0.18506062647492935,0.9935734536042777,-1.779362339764997,3.1400143402823923,0.06429174927736989,0.19541895808568047,1.0
2023-11-30,83.3302993774414,83.41130065917969,83.18699645996094,83.3302993774414,0,83.35428009033203,83.33993988037109,83.27310447692871,83.26887557983399,82.98058967590332,82.59990730285645,83.3455052541947,83.32170844208713,83.22863486374737,82.54586393049223,50.37298434457593,0.7342870572347671,0.028117411130097025,0.023038496452003364,0.005078914678093661,0.15949745783445657,0.14409637451171875,0.20650700160435267,8.513452425168053,7.114194828682413,83.51088345809707,83.03532549576035,0.005710823024119133,0.0,,,0,0.0686835213745926,0.07376561431831496,0.8842528986224383,-1.8827413549208742,3.031457591317422,-0.10525182651886901,0.2696385357857111,1.0
2023-12-01,83.35269927978516,83.36129760742188,83.2489013671875,83.35269927978516,0,83.35601959228515,83.36317977905273,83.27837448120117,83.27810363769531,82.99380867004395,82.60358131408691,83.3469440593128,83.32465995043933,83.23350013496454,82.553892142923,51.838258294580115,0.7694794051263485,0.027273652315514596,0.02388552762470561,0.0033881246908089857,0.4472092473321476,0.23239898681640625,0.20161383492606028,2.2033610282627385,7.114251343028021,83.51840670254148,83.03834225986085,0.005764575085324173,0.0,,,0,0.08924861832019178,0.08957413633525793,0.9068831566150206,-1.8563665905397781,3.059153334709945,0.02688086147667669,0.1350122805088163,1.0
2023-12-04,83.21859741210938,83.4541015625,83.19770050048828,83.21859741210938,0,83.33683929443359,83.35588989257812,83.2813793182373,83.28297958374023,83.00522666931153,82.60508430480957,83.32127472987212,83.31455875631266,83.23291571446042,82.56050612570098,50.701639879252674,0.7421805708762295,0.015604191978781046,0.022229260495520698,-0.006625068516739652,0.03894204568821724,-0.07289886474609375,0.18964222499302455,2.248275066884167,7.102670141897244,83.51654844277043,83.04621019370417,0.005647579962250487,0.0,,,0,-0.07538528617305905,-0.0773053173081038,0.7427062298441214,-2.0142648308417295,2.893346767403959,-0.16088485296156912,0.30818287100400565,0.0
2023-12-05,83.41709899902344,83.43160247802734,83.32879638671875,83.41709899902344,0,83.34735870361328,83.36538009643554,83.29109420776368,83.29075561523437,83.0187816619873,82.60890979766846,83.34043958370239,83.32432449371369,83.24013858836486,82.56902943787334,64.72567047436254,1.0,0.02211851127528064,0.022207110651472687,-8.859937619204797e-05,0.35707126298698544,0.09490203857421875,0.18457794189453125,2.386574202921237,7.114973316999726,83.53205601370276,83.0501324018246,0.005786016097663874,0.0,,,0,0.1512824299623799,0.1516895636926532,0.978331760259821,-1.780539142944126,3.1387785969634487,0.23853032024927878,0.12337402646677297,1.0
2023-12-06,83.31590270996094,83.37229919433594,83.28800201416016,83.31590270996094,0,83.32691955566406,83.36240005493164,83.29525451660156,83.29109970092773,83.03118667602538,82.61231231689453,83.3355322089541,83.32352241907057,83.24310973038824,82.57646101271997,54.71530643944436,0.7771789383683957,0.018897621439634804,0.02154521280910511,-0.0026475913694703063,0.02930243085601525,-0.0298004150390625,0.1735992431640625,2.432844854924243,7.115004139036589,83.53484026506685,83.05566876813627,0.005752686629165318,0.0,,,0,0.024789159333515755,0.029778702793295298,0.8516773993293968,-1.8996927106385613,3.01365722763156,-0.12131360389754707,0.10121167291472488,1.0
2023-12-07,83.28959655761719,83.3917007446289,83.29280090332031,83.28959655761719,0,83.31877899169922,83.33652954101562,83.2988494873047,83.29243759155274,83.04346565246583,82.61666080474853,83.32634507868673,83.32029138464644,83.24493274322076,82.5835568887886,56.33732021887887,0.8132834028068503,0.014060278259620418,0.020048225899208173,-0.005987947639587755,-0.039125712020660064,-0.25870513916015625,0.17014203752790177,2.4350209638633205,7.112179064670052,83.53567707803388,83.0620218965755,0.005686215168320801,0.0,,,0,-0.011108112230188597,-0.003410914625268761,0.8145279006846223,-1.9306668889716745,2.9811317088245373,-0.031573987063822494,0.11873756223348625,0.0
2023-12-08,83.35489654541016,83.4540023803711,81.0260009765625,83.35489654541016,0,83.31921844482422,83.33761901855469,83.30062446594238,83.29567550659179,83.05619064331054,82.62165679931641,83.33205537203142,83.32358711424298,83.24924504918897,82.59123191024753,52.57763936622951,0.7295965282774973,0.015319221765778934,0.019102425072522328,-0.0037832033067433934,0.011030467157224777,0.010894775390625,0.32255663190569195,2.4117806539465505,7.110502813001357,83.53862967345067,83.06261925843408,0.005714367906223878,0.0,,,0,0.06515206796555092,0.07109737505361596,0.8874667665824525,-1.8537794201917688,3.0618700833806014,0.07840113350506653,2.996570698967255,1.0
2023-12-11,83.43009948730469,83.44100189208984,83.3572998046875,83.43009948730469,0,83.36151885986328,83.34917907714843,83.30718460083008,83.30358154296874,83.07058860778808,82.63024478912354,83.35166419508607,83.33373114977267,83.25633738009547,82.59957885131277,54.23374663976483,0.7664598810564532,0.022130090569689287,0.019707958171955718,0.0024221323977335688,-0.1414776926306094,0.1156005859375,0.3191501072474888,2.4292575739678046,7.111421123881638,83.55212105368493,83.06224814797524,0.0058803200235002,0.0,,,0,0.1475441608830686,0.15187575611102053,0.9679926523543756,-1.7652317183850703,3.1548526932648313,0.09022018502963665,0.10041362615927352,1.0
2023-12-12,83.34349822998047,83.42379760742188,83.33940124511719,83.34349822998047,0,83.34679870605468,83.34707870483399,83.31447944641113,83.30326354980468,83.08588157653809,82.63769027709961,83.35003100206497,83.3346613478877,83.25975545264,82.60698103418508,49.91756846951174,0.0,0.020305684170011773,0.019827503371566933,0.0004781807984448397,-0.0006041707001913643,-0.02100372314453125,0.3194498334612165,2.4174458755924,7.103040803443951,83.5543112961135,83.07464759670876,0.005757266955178714,0.0,,,0,0.03483042054893574,0.048299044312628416,0.8540993226143598,-1.8672003663720675,3.0477769496515723,-0.1038009757346587,0.10126826092313958,1.0
2023-12-13,83.39600372314453,83.44259643554688,83.3468017578125,83.39600372314453,0,83.36281890869141,83.34486923217773,83.33519973754883,83.30658767700196,83.10034057617187,82.6442972946167,83.3592255462809,83.34050347886455,83.26509852207154,82.61483200621453,43.5864648126253,0.0,0.022833374517617244,0.020428677600776997,0.0024046969168402474,0.0978278965271473,-0.0220947265625,0.3139926365443638,2.203655404213592,7.102440798805591,83.51899952928167,83.151399945816,0.004411096206925445,0.0,,,0,0.07296314857010013,0.10733370389537489,0.9095684192801406,-1.805377774931092,3.112695923094128,0.06299890726829982,0.11493503735480251,1.0
2023-12-14,83.2853012084961,83.36409759521484,83.24440002441406,83.2853012084961,0,83.3619598388672,83.3403694152832,83.34015464782715,83.30329772949219,83.11343856811523,82.65090129852295,83.34444067872394,83.33524611978184,83.26589078428427,82.62150334156063,47.316470883674214,0.17644967983827145,0.015722579467364994,0.019487457974094596,-0.003764878506729602,-0.09500535932360776,-0.0449981689453125,0.3068357195172991,2.1073509576024048,7.102679266004991,83.51199609243425,83.16831320322005,0.004123857109055097,0.0,,,0,-0.06581873955340066,-0.02160361172559107,0.7675656284518676,-1.9357244476728177,2.975820842499609,-0.1327431887695054,0.1437905381811583,0.0
2023-12-15,83.29660034179688,83.3302001953125,82.94219970703125,83.29660034179688,0,83.35030059814453,83.33475952148437,83.34896965026856,83.30473175048829,83.1226555633545,82.65729228973389,83.33487261133854,83.33156556949757,83.26709508065731,82.62822072464756,49.167908065545866,0.26403278071243647,0.01087362441248274,0.017764691261772225,-0.006891066849289484,-0.1456495774516009,-0.05609893798828125,0.3259718758719308,2.0831919623667288,7.085085073382391,83.48834569953245,83.20959360100467,0.003344397653593274,0.0,,,0,-0.06283138074942451,-0.00976104060423227,0.773444222951384,-1.9224202834873942,2.9897913452122538,0.013566779655986409,0.46779623599536396,0.0
2023-12-18,83.04170227050781,83.15470123291016,82.9188003540039,83.04170227050781,0,83.27262115478516,83.31707000732422,83.33647994995117,83.30307373046875,83.13054458618164,82.6627108001709,83.2762385431724,83.30395954102237,83.25825614692597,82.63233496888498,37.39468258791844,0.0,-0.013383079672522058,0.011535137074913368,-0.024918216747435426,-0.3463291372882371,-0.1768951416015625,0.34463609967912945,2.234723074775368,7.111455539204524,83.53128738334333,83.14167251655901,0.004675201868597065,0.0,,,0,-0.3537198590825881,-0.31375968287391326,0.45847936351021523,-2.22255001031724,2.6746296331059223,-0.30601257463464426,0.28449625163307013,0.0
2023-12-19,83.11119842529297,83.27420043945312,83.06500244140625,83.11119842529297,0,83.22616119384766,83.28647994995117,83.32593002319337,83.29989166259766,83.13932357788086,82.66617980957031,83.24323051959652,83.28560133952433,83.25248917745017,82.6370997793965,38.16255664763698,0.02809536424036109,-0.02669125337821754,0.003889858984287187,-0.030581112362504725,-0.2897336937842332,-0.30590057373046875,0.3496219090053013,2.255211618695118,7.112292105451883,83.54529942516143,83.1065606212253,0.005265333417988996,0.0,,,0,-0.2577008115488502,-0.22652278837166262,0.5383321410857547,-2.1407217648310666,2.7605562429705306,0.0836882588928307,0.2518485425849984,0.0
2023-12-20,83.09159851074219,83.22720336914062,83.03309631347656,83.09159851074219,0,83.16528015136718,83.2640495300293,83.31322479248047,83.29671768188477,83.14716659545898,82.67011329650879,83.21290411782566,83.26712487964032,83.24617973954007,82.64162215483277,40.28178988761951,0.10563494125044223,-0.03837723731831488,-0.004563560276233228,-0.03381367704208166,-0.15260879817317052,-0.22430419921875,0.3469794137137277,2.250246274467515,7.080383348415017,83.5559617145705,83.07048787039044,0.005827092222024761,0.0,,,0,-0.26601572834362835,-0.2462512051506603,0.5098398894430923,-2.1637996836645255,2.7363224675020734,-0.0235827601119231,0.23377070623892687,0.0
2023-12-21,83.26719665527344,83.32969665527344,83.14199829101562,83.26719665527344,0,83.16165924072266,83.26180953979492,83.29916954040527,83.29770156860351,83.15250556945801,82.67287078857422,83.22376262531522,83.2671317154149,83.24700393231393,82.6478467767277,46.905015713804396,0.3479688756732788,-0.03308774611427623,-0.010268397443841828,-0.0228193486704344,-0.179702178029173,-0.02239990234375,0.35595812116350445,2.204404763560268,7.091600956773441,83.51573711811918,83.08260196269137,0.005199753584790642,0.0,,,0,-0.03838319794572154,-0.03662155468353867,0.7188886281923583,-1.9570416533527706,2.953435965432014,0.21133080561514103,0.22575637838391396,0.0
2023-12-22,83.13159942626953,83.27449798583984,83.04229736328125,83.13159942626953,0,83.12865905761718,83.23947982788086,83.28854942321777,83.29508560180665,83.15597854614258,82.67541477203369,83.20532998550608,83.25422387835344,83.24247826541023,82.65266023592713,46.854292760707764,0.3461129986260466,-0.03938336248619123,-0.01609139045231171,-0.023291972033879522,-0.22121021041204836,-0.223297119140625,0.3542295183454241,2.1092258867695572,7.09919916228976,83.51639806929334,83.0607007771422,0.005471307824507644,0.0,,,0,-0.18844126597850236,-0.19627349483577486,0.5517778840223647,-2.1167006068082284,2.7857804997251647,-0.16284591585961442,0.2796172913458747,0.0
2023-12-25,83.16500091552734,83.17230224609375,83.16500091552734,83.16500091552734,0,83.1533187866211,83.21296997070313,83.28107452392578,83.29273956298829,83.16067558288574,82.67857479095458,83.19726417151034,83.24572645332238,83.23943993796384,82.65775815313708,39.64863696454416,0.1189884123075758,-0.04120250594236552,-0.02111361355032247,-0.020088892392043048,-0.1495932832423441,-0.26509857177734375,0.3419222150530134,2.11551445984151,7.088681917625736,83.51506492056204,83.04708412728952,0.005619293410270191,0.0,,,0,-0.13937573339677645,-0.1533610830081352,0.5883339496388806,-2.077372024226335,2.827078852781182,0.04017905283710643,0.00877933083151455,0.0
2023-12-26,83.17230224609375,83.2146987915039,83.10420227050781,83.17230224609375,0,83.16553955078125,83.19585037231445,83.27146453857422,83.2921955871582,83.16491561889649,82.68179080963135,83.19227178642703,83.23873367168156,83.23680708730227,82.66287799485804,43.61099796334012,0.32816524797272906,-0.04157577423526959,-0.025206045687311895,-0.016369728547957697,-0.21905647644459014,-0.17119598388671875,0.34059361049107145,2.1011274909923894,7.042564735226605,83.50681148885164,83.0361175882968,0.005652523384367681,0.0,,,0,-0.11908316135659676,-0.14394306719768968,0.5932520711746125,-2.0687750727574286,2.83610638221805,0.00877933083151455,0.132961412271816,0.0
2023-12-27,83.18280029296875,83.34919738769531,83.12120056152344,83.18280029296875,0,83.18377990722657,83.17453002929688,83.2596996307373,83.29056564331054,83.16829360961914,82.68431980133056,83.19037748773539,83.23340668323272,83.234689173799,82.66805135105815,45.1806814112981,0.46237717247271437,-0.04055697187375529,-0.028276230924600576,-0.012280740949154711,-0.2964148381167542,-0.21320343017578125,0.3498148236955915,2.084341917364464,7.035507339704751,83.48758948026045,83.03180978121415,0.005474193410109796,0.0,,,0,-0.09236081574832228,-0.1293848222898323,0.6028718538604569,-2.0564141477613833,2.8490864036445185,0.012622046752941781,0.2742944334678126,0.0
2023-12-28,83.26719665527344,83.33570098876953,83.1592025756836,83.26719665527344,0,83.18377990722657,83.1727195739746,83.25654449462891,83.29053756713867,83.17230255126952,82.68802677154541,83.205741321243,83.23662477580802,83.23596397699407,82.67401299587621,46.10948277612688,0.5175347134125825,-0.03256410383546893,-0.02913380550677425,-0.0034302983286946774,-0.09155072240486506,-0.01810455322265625,0.18899318150111608,2.0935367731062073,7.0172256105963555,83.48205362860868,83.03103536064914,0.005417210991607231,0.0,,,0,0.012794382362593445,-0.028023485676771674,0.7004277479352449,-1.9570416533527706,2.953435965432014,0.10145890978356656,0.21224158916784397,0.0
2023-12-29,82.302001953125,83.25299835205078,82.70240020751953,82.302001953125,0,83.01786041259766,83.07325973510743,83.20400962829589,83.27413162231446,83.16732360839843,82.68821029663086,83.0249934476194,83.14761307840965,83.19933801527372,82.67031139346078,22.03650750423627,0.0,-0.10292637316392472,-0.04389231903820435,-0.059034054125720374,-1.3118155800982523,-0.994598388671875,0.2231854030064174,4.619480938366003,7.392662090525788,83.68266250381077,82.72535675278101,0.011505524256660408,0.0,,,0,-1.0840915951052188,-1.1673849372557863,-0.46706579102437373,-3.0935101280981705,1.76004751291564,-1.1591535933944646,0.6657583614860891,0.0
2024-01-01,83.24859619140625,83.23799896240234,83.1500015258789,83.24859619140625,0,83.03457946777344,83.09394912719726,83.20550956726075,83.27590759277344,83.17083656311036,82.69275928497315,83.06971399637676,83.15723051774266,83.2012697084554,82.67606547105228,48.350724599249546,0.9698805277505042,-0.08136876604368126,-0.05138760843929973,-0.029981157604381532,-0.04407142263669339,0.2068939208984375,0.2835638863699777,6.277530953153371,7.762864733615546,83.68454278096894,82.72647635355256,0.0115144589871409,0.0,,,0,0.05178337873247713,-0.03279628184989705,0.6721711927855654,-1.9789427690071006,2.9304379332825015,1.150147281739734,0.10582974733446025,0.0
2024-01-02,83.20259857177734,83.34300231933594,83.1697998046875,83.20259857177734,0,83.04063873291015,83.1030891418457,83.19478454589844,83.27937149047851,83.17052856445312,82.69769779205322,83.09629091145689,83.16155128479359,83.20132182074254,82.68130460638288,46.63124714287233,0.9065046083064762,-0.06722094931254219,-0.054554276613948224,-0.012666672698593964,-0.11285186866427654,0.091400146484375,0.2888570513044085,6.217071161120409,7.75533596982318,83.66336218285514,82.72620690894175,0.011264591633101268,0.0,,,0,0.009392446800063023,-0.09218719753419892,0.610537890660171,-2.0331026649381734,2.873565441145743,-0.05525332766350549,0.20825169118499637,0.0
2024-01-03,83.25700378417969,83.33370208740234,83.24620056152344,83.25700378417969,0,83.05547943115235,83.11962966918945,83.19183959960938,83.28475555419922,83.17115661621094,82.70316131591797,83.12843348600146,83.17064199902084,83.20350542715184,82.6870329564107,49.497252441897345,1.0,-0.05103040986645624,-0.05384950326444983,0.002819093397993591,0.2592691476513087,0.1654052734375,0.2873927525111607,6.209175554224338,7.7563836389860255,83.65794596393073,82.72573323528803,0.011205578974203538,0.0,,,0,0.07833001996822389,-0.03332154826518599,0.6696750879281343,-1.9690432491338146,2.940833270209804,0.06538883801256445,0.10511173517671585,0.0
2024-01-04,83.31809997558594,83.36029815673828,83.20210266113281,83.31809997558594,0,83.06566009521484,83.12472000122071,83.19326477050781,83.28769760131836,83.17196762084961,82.70847480773926,83.16636678391835,83.18468561583657,83.207999331012,82.69331223023335,50.375332978156635,1.0,-0.032890200902002675,-0.0496576427919604,0.016767441889957727,0.24894545405809154,0.0509033203125,0.2709781101771763,6.214060238779787,7.7573846388776335,83.66080178081882,82.7257277601968,0.011239780325984956,0.0,,,0,0.150054461046205,0.03650283912650712,0.7370770277940473,-1.897105540290552,3.0163739763022166,0.07338264485787244,0.1901340116965199,0.0
2024-01-05,83.2406005859375,83.27159881591797,83.03500366210938,83.2406005859375,0,83.25337982177734,83.1356201171875,83.18754997253419,83.28685958862305,83.17339065551758,82.71417530059814,83.18121354432219,83.19001085108428,83.20927781159732,82.69875788551398,53.70156865863217,1.0,-0.024485256860202753,-0.044623165605608875,0.020137908745406122,0.17932267264788582,0.10900115966796875,0.26421356201171875,6.2158051854178265,7.759048629542694,83.64952952015548,82.72557042491289,0.01110693962675491,0.0,,,0,0.06377229936550627,-0.05554177803561239,0.6364390183740977,-1.9883571944401353,2.920551986730947,-0.09301627097971095,0.28493423661587325,0.0
2024-01-08,83.19110107421875,83.189697265625,83.0282974243164,83.19110107421875,0,83.24188079833985,83.13823013305664,83.17560005187988,83.2824136352539,83.17362869262695,82.71920680999756,83.18319105030152,83.19011468185899,83.20856499836678,82.70365682271503,51.498167523538946,0.9304153835563543,-0.02156983147327196,-0.040012498779141495,0.018442667305869534,-0.09138722583603709,0.02610015869140625,0.2627710614885603,6.207512468759827,7.759813264560879,83.62330662111128,82.72789348264848,0.010765334279575928,0.0,,,0,0.01863650196595948,-0.10964206853450238,0.5704772596588265,-2.0466403931133477,2.8593496764003308,-0.05946558694954004,0.19439136573373206,0.0
2024-01-09,83.05069732666016,83.1343994140625,83.02069854736328,83.05069732666016,0,83.21150054931641,83.12606964111328,83.16096000671386,83.27749755859375,83.17300064086913,82.72375579833984,83.15669230557324,83.17683683850672,83.20237410928024,82.70710996205777,49.26634205621289,0.8599331111096383,-0.03024015518934675,-0.038058030061182545,0.007817874871835793,-0.09731810787680928,-0.12160491943359375,0.261077880859375,6.224228767971164,7.76484898425983,83.60468107645782,82.7172389369699,0.010671379207458285,0.0,,,0,-0.1325894747304579,-0.2723427559455891,0.3952208469805478,-2.2119587817050763,2.6857513229764205,-0.16877255589312717,0.13695484221245433,0.0
2024-01-10,83.131103515625,83.18219757080078,82.95480346679688,83.131103515625,0,83.18632049560547,83.1208999633789,83.1477149963379,83.27457565307617,83.17357864379883,82.7288373184204,83.15157454758359,83.17248128394655,83.19957918403887,82.7113288033868,47.47254055156935,0.8032838756669172,-0.03027435778236054,-0.03650129560541815,0.00622693782305761,-0.040759213045371556,-0.05169677734375,0.2603133065359933,6.231182213146587,7.765786916080089,83.577490236782,82.7179397558938,0.01033763201942543,0.0,,,0,-0.019978276869818894,-0.17228804389094443,0.48624664656688954,-2.1172845167826058,2.598058047652407,0.09681579029804548,0.274118067309896,0.0
2024-01-11,83.02559661865234,83.11000061035156,82.93329620361328,83.02559661865234,0,83.12781982421875,83.0967399597168,83.13472976684571,83.2312075805664,83.17838760375976,82.73421531677246,83.12637896179734,83.15849226820424,83.19275633833743,82.71445584632478,48.009113314609955,0.8202291378416631,-0.03837265236123244,-0.03687556695658101,-0.0014970854046514326,-0.1763875995729025,-0.24160003662109375,0.2578566414969308,6.229764413282866,7.769939708420552,83.5626913258332,82.70676820785822,0.01029561436448339,0.0,,,0,-0.13127263238773115,-0.24703589902265133,0.3521895998701878,-2.2415136096389343,2.467844417828599,-0.1269162714203903,0.21306810994759728,0.0
2024-01-12,83.07610321044922,83.09400177001953,82.77909851074219,83.07610321044922,0,83.0949203491211,83.17415008544921,83.12370491027832,83.22778366088868,83.18273460388184,82.74043933868408,83.11632381152774,83.15064569127519,83.18818170587123,82.71805432755986,48.34103114624326,0.8307112850263757,-0.040251158997790526,-0.03755068536482291,-0.0027004736329676177,-0.1282682022530457,0.7741012573242188,0.277442387172154,6.234955215777123,7.7628304846359,83.5454236358702,82.70198618468645,0.010146774041100932,0.0,,,0,-0.057266095009217484,-0.18224737433532842,0.40568297007845383,-2.1820446245562173,2.530178225727479,0.060832555084016464,0.3804139751974696,0.0
2024-01-15,82.87210083007812,82.8949966430664,82.80999755859375,82.87210083007812,0,83.03112030029297,83.13650054931641,83.11522483825684,83.2220556640625,83.18481262207031,82.74537582397461,83.06747921523782,83.12411760925642,83.17578637740876,82.71958712857993,44.78093398839147,0.7182814640166171,-0.0575379149506432,-0.04154813128198697,-0.015989783668656228,-0.47449156578551754,-0.376495361328125,0.2885573250906808,6.200762592870475,7.7783485397695555,83.5504897169613,82.67995995955238,0.01047377010773872,0.0,,,0,-0.2925144083431561,-0.42050731767190624,0.15315055958304746,-2.4222472215542195,2.2784042545177887,-0.2455608441988581,0.10264350558942302,0.0
2024-01-16,82.8593978881836,83.1404037475586,82.82730102539062,82.8593978881836,0,82.99286041259765,83.10218048095703,83.10263481140137,83.21478759765625,83.1864916229248,82.74975330352783,83.02586294982699,83.09890620724948,83.16337898567444,82.72097828041679,44.38188695649869,0.7056793398663728,-0.07143930697422718,-0.04752636642043502,-0.02391294055379216,0.6772568368094589,-0.34320068359375,0.29463631766183035,6.190833727813954,7.772006972463006,83.55270491947635,82.65256470332639,0.010831668793568363,0.0,,,0,-0.29269459839606426,-0.4270751866735166,0.13250140366411717,-2.437204300128649,2.2627266427124058,-0.015328369580707872,0.37801874296494026,0.0
2024-01-17,83.08899688720703,83.21399688720703,83.01750183105469,83.08899688720703,0,82.98443908691407,83.08537979125977,83.10250473022461,83.21191360473632,83.19243461608886,82.7548477935791,83.038489737303,83.09796246248354,83.1604620406365,82.72464015710126,47.05300478191201,0.7900347059396986,-0.06320099815923186,-0.050661292768194394,-0.012539705391037465,-0.1917141087067309,-0.16800689697265625,0.3073577880859375,6.276594927352405,7.79245393965593,83.55258977247874,82.65241968797048,0.010832045164348297,0.0,,,0,-0.016254435484740915,-0.1477152876367653,0.40378189621158966,-2.166862965222412,2.5460912371095192,0.2770946988213393,0.23669112153268876,0.0
2024-01-18,83.17759704589844,83.1886978149414,83.0552978515625,83.17759704589844,0,83.01483917236328,83.07132949829102,83.09802474975587,83.2111116027832,83.19720657348633,82.7609327697754,83.0663111990221,83.10554670852305,83.16113400162718,82.72914719082064,70.39283835842325,1.0,-0.04895842448368626,-0.05032071911129277,0.0013622946276065084,-0.030048972397589413,-0.1405029296875,0.2765437534877232,6.240794803791968,7.782301917530934,83.54296179111796,82.65308770839377,0.010708727258006277,0.0,,,0,0.09575714510928397,-0.04027654028316925,0.5034552682992607,-2.062540710877156,2.655439048458415,0.10663284190526527,0.16061583888040518,0.0
2024-01-19,83.16059875488281,83.23079681396484,83.04199981689453,83.16059875488281,0,83.03173828125,83.06332931518554,83.09947471618652,83.20793563842773,83.20198852539062,82.76833225250245,83.08516871019424,83.11078976055731,83.16111301155877,82.73344024120932,46.385323171037456,0.07702279642068499,-0.03859777117806118,-0.04797612952464645,0.00937835834658527,-0.11579209545755642,-0.0800018310546875,0.22317232404436385,6.213504944566233,7.77739151528527,83.54506097940384,82.6538884529692,0.010724165579605734,0.0,,,0,0.07355526482574247,-0.05688986655144653,0.4739330752535563,-2.082555348152729,2.634460238186708,-0.020436141003502578,0.22735121683799164,0.0
2024-01-22,83.12470245361328,83.18049621582031,83.0248031616211,83.12470245361328,0,83.08225860595704,83.056689453125,83.09745979309082,83.20445175170899,83.20626556396485,82.77473175048829,83.09307545887805,83.11211477894359,83.1596851465413,82.73733339755165,46.77347996460624,0.09194561825718509,-0.03290411218030442,-0.04496172605577804,0.012057613875473619,-0.2321194578720931,-0.06639862060546875,0.22192164829799108,6.213711655850293,7.770675906621746,83.5421620277039,82.65275755847775,0.010703148705637091,0.0,,,0,0.03278398712823956,-0.09584739327853085,0.42279895775431614,-2.124821447067258,2.590158037859785,-0.043165034652210915,0.18752595401658134,0.0
2024-01-23,83.09510040283203,83.18099975585938,81.51370239257812,83.09510040283203,0,83.12939910888672,83.06112976074219,83.09359970092774,83.20240173339843,83.20987060546875,82.7801887512207,83.09348044766884,83.11049436217107,83.1571524114939,82.74089326825097,43.15314675838393,0.0,-0.03042970975513981,-0.0420553227956504,0.011625613040510588,-0.17479473007315782,0.044403076171875,0.3316497802734375,6.214648451784757,7.765900097463827,83.53690464188173,82.65029475997375,0.010670014117803198,0.0,,,0,0.0018060379014659962,-0.12896422258364754,0.38041910312348914,-2.159676380922386,2.553624023562556,-0.03561161713363012,2.045419744586474,0.0
2024-01-24,83.22139739990234,83.22250366210938,83.07099914550781,83.22139739990234,0,83.15587921142578,83.07015914916992,83.09552955627441,83.20719772338867,83.21122360229492,82.78575622558594,83.11906383811554,83.1210565562407,83.15967182280403,82.7456744038893,46.12420878818457,0.10907105973976396,-0.018069323932024872,-0.0372581230229253,0.019188799090900426,0.03641774816343091,0.09029388427734375,0.3311718532017299,6.239388172620992,7.772340833284801,83.54080121909142,82.65025789345741,0.010717102717672851,0.0,,,0,0.1514736644679408,0.017065442536443237,0.5262272088562037,-2.0109679852940925,2.709496207242021,0.15199090735560153,0.18237955262363706,0.0
2024-01-25,83.09760284423828,83.15039825439453,83.0780029296875,83.09760284423828,0,83.13988037109375,83.07735977172851,83.08704986572266,83.20542572021485,83.20962562561036,82.78954372406005,83.11477163934009,83.11882286938334,83.15723774521321,82.74917617941517,44.47379749149384,0.048482587560132344,-0.018054691913548027,-0.033417436801049846,0.01536274488750182,0.05647817428147128,0.0720062255859375,0.32119315011160715,6.249908211875612,6.159886067001963,83.52495496424208,82.64914476720324,0.010540874883080406,0.0,,,0,0.01270111110296253,-0.12958635214382513,0.37209906749214405,-2.1567298813593747,2.5567124660083014,-0.14875327683960252,0.08714138779708336,0.0
2024-01-26,83.14610290527344,83.18589782714844,83.0740966796875,83.14610290527344,0,83.13698120117188,83.08435974121093,83.12925491333007,83.20594177246093,83.20867164611816,82.79456974029542,83.12103789252677,83.12142096803953,83.15680108482341,82.75312569907545,48.25968415834573,0.18746678468101396,-0.013968525868762072,-0.029527654614592294,0.015559128745830222,0.018043053699656753,0.06999969482421875,0.3140144348144531,4.518178342678512,3.9468792001759887,83.36430289197317,82.89420693468698,0.0056550002496270286,0.0,,,0,0.020267223567600415,-0.07191657940863483,0.4245848080142073,-2.0996234858652914,2.616569870360745,0.0583651746562014,0.13458003388470677,0.0
2024-01-29,83.12129974365234,83.1613998413086,83.12210083007812,83.12129974365234,0,83.13630065917968,83.10927963256836,83.12289009094238,83.20253784179687,83.20957160949708,82.79990222930908,83.12109026275189,83.1214094228598,83.15540887536572,82.75678912240458,52.998703823720035,0.36144157613450706,-0.012586528032855426,-0.026139429298244924,0.013552901265389498,0.11526942159727493,0.24919891357421875,0.304649897984096,1.9378746978785604,3.941309178060823,83.35112662477982,82.89465355710493,0.005491544713802397,0.0,,,0,-0.00191324831017476,-0.09763896661300443,0.3881617075502946,-2.128827967814523,2.5859585094122166,-0.029830816784463678,0.0472786549401651,0.0
2024-01-30,83.1530990600586,83.21260070800781,83.09100341796875,83.1530990600586,0,83.147900390625,83.13864974975586,83.12041511535645,83.19915588378906,83.21166961669923,82.80640621185303,83.12749202221323,83.1244274835454,83.15531829437329,82.7607325048688,50.97445396102184,0.28712906583078257,-0.008823632373662349,-0.022676269913328412,0.013852637539666063,0.09268110399247576,0.293701171875,0.29709298270089285,1.9358278625320413,3.9388186803245975,83.3460712244023,82.89475900631061,0.005429619395732625,0.0,,,0,0.03932120004066776,-0.05535732092618621,0.4186787762755696,-2.0913858636113862,2.6252043268325385,0.03825651969389277,0.1463423054688573,0.0
2024-01-31,83.10970306396484,83.12560272216797,83.0009994506836,83.10970306396484,0,83.1255615234375,83.14072036743164,83.1130500793457,83.19443588256836,83.2143366241455,82.81199672698975,83.12393423056356,83.12302515787107,83.15352946180826,82.7642048487404,53.94311385812803,0.3961119405525327,-0.00923672939602227,-0.019988361809867183,0.010751632413844914,0.28670955786906926,0.0207061767578125,0.2938281467982701,1.925734512767548,3.940085139839864,83.32935718867547,82.89674297001592,0.005205129859228451,0.0,,,0,-0.004027063593092047,-0.10184914135738105,0.3594966294032967,-2.142482477984573,2.5716462151514468,-0.05218806825516699,0.1501226157624886,0.0
2024-02-01,83.05359649658203,83.0791015625,82.91190338134766,83.05359649658203,0,83.11676025390625,83.1283203125,83.09982490539551,83.18454177856445,83.21550460815429,82.81843021392822,83.10986668376725,83.11641290441497,83.14961052199547,82.7670843676244,48.95034229515663,0.21282162888967254,-0.013930856604815745,-0.018776860768856898,0.004846004164041153,0.23437125220304722,-0.12400054931640625,0.28546360560825895,1.9108422849064284,3.9422259775037354,83.29461915603005,82.90503065476096,0.0046881988224718035,0.0,,,0,-0.0556299713821359,-0.15741540337024856,0.2839540450674441,-2.208545154162564,2.5024010756819055,-0.06750904565214298,0.20165763217776717,0.0
2024-02-02,82.92759704589844,83.03309631347656,82.81500244140625,82.92759704589844,0,83.07305908203125,83.10502014160156,83.08417472839355,83.17621368408203,83.21449760437012,82.82424270629883,83.0734127561935,83.09843044169912,83.14090411116814,82.76868150870176,52.7912938034352,0.35382731884664065,-0.02750107362800236,-0.02052170334068599,-0.006979370287316371,-0.19424935593781445,-0.233001708984375,0.2834984915597098,1.9532300909961036,3.944977038815446,83.28162366006272,82.88672579672438,0.004752985326378758,0.0,,,0,-0.18845668625459905,-0.2989035292323854,0.12478754555729209,-2.3569032038062305,2.3468961153420262,-0.1517086026356235,0.26335067999861445,0.0
2024-02-05,82.99929809570312,83.09100341796875,82.95469665527344,82.99929809570312,0,83.04865875244141,83.09247970581055,83.07458457946777,83.16990966796875,83.21363258361816,82.83051521301269,83.05858982409544,83.08898926588998,83.13535093409108,82.77097620110973,56.6423484579551,0.4952039067707984,-0.0320998656289504,-0.02283733579833887,-0.009262529830611526,-0.21435934257264533,-0.12540435791015625,0.2728058951241629,1.9814217933855645,3.9495232105943883,83.26877128460596,82.88039787432957,0.004674996718218616,0.0,,,0,-0.09062517031622945,-0.2051361759880996,0.20376896395776695,-2.2724788047416724,2.4353875241990766,0.08646223013673324,0.16431470210993468,0.0
2024-02-06,83.10369873046875,83.06999969482422,82.9822998046875,83.10369873046875,0,83.03877868652344,83.09333953857421,83.07723464965821,83.16469360351563,83.21212059020996,82.83716022491456,83.0676116053701,83.09039016727844,83.13410967120393,82.77428687304365,50.792215160210816,0.280438872583119,-0.027008841595645094,-0.023671636957800116,-0.003337204637844978,-0.06842185514053245,0.00859832763671875,0.2537416730608259,1.9467463179500366,3.9511166528730017,83.2714953744319,82.88297392488452,0.0046766295385948725,0.0,,,0,0.03185479261814845,-0.07334226870079116,0.321762002500454,-2.1495522802897233,2.564235836478272,0.1257849610309293,0.1056850561422555,0.0
2024-02-07,83.07060241699219,83.07769775390625,82.93599700927734,83.07060241699219,0,83.03095855712891,83.0782600402832,83.07420959472657,83.15774368286132,83.21087661743164,82.84361972808838,83.06820976769453,83.08850561963213,83.1316191906466,82.77723528641627,43.86773476990887,0.05297481848371024,-0.02535251624465218,-0.02400781281517053,-0.0013447034294816473,-0.06508298378725685,-0.15079498291015625,0.2561917986188616,1.9198569087262387,3.915295144257093,83.26681551981079,82.88160366964235,0.004636960761320304,0.0,,,0,-0.0043421150221929555,-0.1047903201913055,0.27398934238848055,-2.188521533656616,2.523389301936679,-0.03982531942880687,0.17085553889592162,0.0
2024-02-08,83.01260375976562,83.0103988647461,82.89800262451172,83.01260375976562,0,83.02276000976562,83.06976013183593,83.07355995178223,83.15138977050782,83.2101326751709,82.84978275299072,83.05708856610875,83.08127687107341,83.12695191884734,82.77957726127548,41.89859672569329,0.0,-0.02839258138949674,-0.024884766530035775,-0.0035078148594609657,-0.0992797922699129,-0.08499908447265625,0.2550348554338728,1.881486194778266,3.8844631006384107,83.26694234799444,82.88017755557001,0.004655690602989887,0.0,,,0,-0.07337616451249321,-0.16690762610851637,0.1965255687638211,-2.256812050967615,2.4518089986666967,-0.0698185104466015,0.13558377364467536,0.0
2024-02-09,82.98529815673828,83.04759979248047,82.9209976196289,82.98529815673828,0,83.0343002319336,83.05367965698242,83.06901969909669,83.14404174804687,83.2110726928711,82.85612873077393,83.04273048423467,83.07213604113674,83.12139686935286,82.78162423535969,42.29640622628464,0.02698156533122272,-0.032629061372517754,-0.026433625498532173,-0.006195435873985581,-0.283700166712586,-0.16080474853515625,0.2529569353376116,1.8701669509975027,3.8817616684056095,83.26637375787026,82.87166564032312,0.004751568261873106,0.0,,,0,-0.1007855186707043,-0.19092599778783503,0.15589604286734418,-2.2889630324798573,2.418109195272423,-0.032893321966342384,0.1526780628379626,0.0
2024-02-12,83.0145034790039,83.1239013671875,82.88099670410156,83.0145034790039,0,83.03734130859375,83.04300003051758,83.07613983154297,83.13995986938477,83.2114697265625,82.86255226135253,83.03708508318852,83.06664722569552,83.11720497169212,82.78394144176411,45.54419530630494,0.24726396963362252,-0.03324663039360587,-0.027796226477546912,-0.005450403916058957,-0.10000212086760385,-0.1067962646484375,0.151214599609375,1.6433477014836866,3.8583068239345097,83.25276731226833,82.89951235081762,0.00425218314388495,0.0,,,0,-0.07419260531850762,-0.15089782407636135,0.18337742865089565,-2.254575226604232,2.4541535784502044,0.03519336908383883,0.2930764261355906,0.0
2024-02-13,82.99019622802734,83.11139678955078,82.96170043945312,82.99019622802734,0,83.01464080810547,83.02670974731446,83.08267974853516,83.13142181396485,83.21108871459961,82.86856773376465,83.02770731215628,83.05936617829855,83.11222423664644,82.7859937281946,35.593397607773795,0.0,-0.03529064175134522,-0.029295109532306574,-0.005995532219038646,-0.18750930205798655,-0.16290283203125,0.15108544485909597,1.6467841988473415,3.85758289569801,83.23328613037303,82.93207336669728,0.003625457972557277,0.0,,,0,-0.11131504278356295,-0.16988231748705795,0.1467727723416859,-2.2831957985790865,2.4241542564009855,-0.029280728014846595,0.18044031077558156,0.0
2024-02-14,83.07460021972656,83.11599731445312,83.01300048828125,83.07460021972656,0,83.01544036865235,83.02319946289063,83.08195991516114,83.12659576416016,83.20884773254394,82.87341571807862,83.03708589367035,83.06081703938693,83.11074878500253,82.78886543457801,48.49266580676126,0.6128223820179786,-0.029756820636791304,-0.02938745175320352,-0.00036936888358778466,-0.056182379329727805,-0.03510284423828125,0.14982877458844865,1.3600358081118682,3.8633499520692385,83.23257678709781,82.93134304322446,0.003625741908122506,0.0,,,0,-0.008858355582955052,-0.06254983011828405,0.24276120382480654,-2.183814320940099,2.5283232770634183,0.10170356925932167,0.12407312778245477,0.0
2024-02-15,83.04309844970703,83.05069732666016,82.96279907226562,83.04309844970703,0,83.02153930664062,83.02214965820312,83.07523498535156,83.12166580200196,83.20705169677734,82.87903171539307,83.03828840487769,83.05912955465551,83.10809583067721,82.7913951163206,43.09644825787714,0.3564572269424402,-0.027595058447346332,-0.029028973092032083,0.0014339146446857506,-0.1322868438999647,-0.010498046875,0.14982877458844865,1.3042079742194745,3.82899703064521,83.21975969395446,82.93071027674866,0.0034793692399036854,0.0,,,0,-0.038683653016680745,-0.09452090683802564,0.1979592798301124,-2.2209060791586093,2.489444682982682,-0.03791985749701022,0.10594899807800187,0.0
2024-02-16,83.00959777832031,83.05229949951172,82.9728012084961,83.00959777832031,0,83.02639923095703,83.03034973144531,83.06768493652343,83.11475982666016,83.20521766662597,82.88357818603515,83.03255027956622,83.05441224262358,83.10423316195734,82.79356628708678,42.599799844323364,0.33286230208900025,-0.02825931475202026,-0.028875041424029718,0.000615726672009459,-0.12044957682917357,0.082000732421875,0.15270015171595983,1.308615659165285,3.7982671705123114,83.20917796345718,82.92619190958969,0.0034066924350153066,0.0,,,0,-0.0699275033937803,-0.12652632162947947,0.15204410215290817,-2.2603514437353778,2.4480991013385762,-0.04034130711898664,0.0958124709033985,0.0
2024-02-19,83.01599884033203,83.05159759521484,82.91210174560547,83.01599884033203,0,83.02669830322266,83.0320198059082,83.06224975585937,83.1064778137207,83.20502967834473,82.8876566696167,83.02923999171938,83.05075382335772,83.10077299248184,82.79577954632305,40.60087453187439,0.2378967464811892,-0.027947073978367598,-0.0286894479348973,0.0007423739565297002,-0.04526914888213218,0.01670074462890625,0.15397862025669642,1.303491224970894,3.7979032409381794,83.20286939639368,82.92163011532506,0.003385885668823734,0.0,,,0,-0.05568223310021222,-0.10887114430655402,0.15483870080546402,-2.2528145134507254,2.4559991111311983,0.007711231210652271,0.16824546317422065,0.0
2024-02-20,83.02100372314453,83.03410339355469,82.8917007446289,83.02100372314453,0,83.0328598022461,83.02375030517578,83.058544921875,83.10002792358398,83.20164573669433,82.89142818450928,83.02759273800442,83.04792048048029,83.09764478584115,82.79802058290834,43.581192994854355,0.37948662828540725,-0.02698470580908463,-0.028348499509734768,0.0013637937006501372,0.11263642089422987,-0.08269500732421875,0.15328598022460938,1.2995472879677732,3.7955082766303496,83.19942448970744,82.91766535404255,0.003392295590175675,0.0,,,0,-0.04519847869448859,-0.09509527543374185,0.1563195875293968,-2.246921514324704,2.4621759960226886,0.006028817194774817,0.17179361461588596,0.0
2024-02-21,82.8291015625,82.964599609375,82.81300354003906,82.8291015625,0,82.98376007080078,82.99960021972656,83.03893013000489,83.08868988037109,83.19763877868652,82.89409370422364,82.98789450290354,83.02708058352978,83.08711367904345,82.79832984638686,36.42269820322811,0.0393986665348297,-0.041231630106111083,-0.030925125629010033,-0.01030650447710105,-0.20505779820797487,-0.2415008544921875,0.15401458740234375,1.3965688411772386,3.820127122202717,83.1929650025872,82.88489525742257,0.0037099435732411215,0.0,,,0,-0.25268698329371564,-0.3124231688390327,-0.07840382688245033,-2.472876707947904,2.225335773956144,-0.23114892863073505,0.18305829139821342,0.0
2024-02-22,82.93840026855469,82.98680114746094,82.81700134277344,82.93840026855469,0,82.96282043457032,82.99217987060547,83.03097000122071,83.08175186157227,83.19252479553222,82.89653419494628,82.97799565603378,83.01863483924645,83.08128178059292,82.79972358193082,50.66684248201032,0.7161138330135198,-0.04320488905689501,-0.03338107831458703,-0.009823810742307981,-0.19890626342659035,-0.0742034912109375,0.14910071236746653,1.4180255092243421,3.826251770451484,83.1886495677017,82.87329043473972,0.003798090434898578,0.0,,,0,-0.11148819851756564,-0.17254281452373738,0.05050400962475448,-2.3441829495951843,2.3602291473639014,0.1319568895386538,0.20503012900057946,0.0
2024-02-23,82.87229919433594,82.9457015991211,82.83499908447266,82.87229919433594,0,82.93536071777343,82.98087997436524,83.01727981567383,83.07326583862304,83.18899879455566,82.89727020263672,82.95685636369421,83.00469811115973,83.07308638505343,82.8004457273279,42.10626149964909,0.42851122262672336,-0.04953154641691526,-0.03661117193505268,-0.012920374481862583,-0.23871648559958825,-0.11299896240234375,0.14533615112304688,1.4149884229584826,3.8283553900527565,83.18032384121831,82.85423579012935,0.003927953936975337,0.0,,,0,-0.17463908918697288,-0.24191494370463476,-0.030122835456151117,-2.4220136575644684,2.2786490700775124,-0.07969899829839326,0.13364219939876668,0.0
2024-02-26,82.88179779052734,82.94920349121094,82.84459686279297,82.88179779052734,0,82.9085205078125,82.96760940551758,83.00530471801758,83.07006774902344,83.18657073974609,82.89715518951417,82.94184464906084,82.99299331871855,83.0655848715426,82.80125520059356,34.362735083172936,0.0,-0.05316614440830847,-0.03992216642970384,-0.013243977978604632,-0.15757362534588593,-0.1327056884765625,0.1465437752859933,1.4174144762788576,3.8155220815841266,83.17133458673548,82.83927484929968,0.004000464049422616,0.0,,,0,-0.14879401733396802,-0.2266399481759258,-0.018525845611605113,-2.4108295357475527,2.290371968995051,0.011461726395610187,0.12626849834421672,0.0
2024-02-27,82.85199737548828,82.91690063476562,82.82599639892578,82.85199737548828,0,82.87471923828124,82.95378952026367,82.99024963378906,83.06488372802734,83.1823876953125,82.89729019165038,82.92387519434634,82.979565133649,83.05720889130517,82.8017600978562,34.523102185444046,0.009835993982874845,-0.057785123015420936,-0.04349475774684726,-0.014290365268573677,-0.16063180371808095,-0.1381988525390625,0.14105824061802455,1.405261135234817,3.781548593670702,83.15444782578957,82.82605144178855,0.003957047791157861,0.0,,,0,-0.16658855577715065,-0.2562892319648519,-0.05463726987624154,-2.4459180335924304,2.2535931391380983,-0.03595531930229007,0.10975326563173436,0.0
2024-02-28,82.94819641113281,83.00409698486328,82.86990356445312,82.94819641113281,0,82.8985382080078,82.9411491394043,82.98217430114747,83.06201568603515,83.17936668395996,82.89757816314697,82.92873943770363,82.97657763626651,83.05293389208273,82.80321717560025,45.67405251398938,0.6937710329130337,-0.05307146383265149,-0.045410098964008105,-0.007661364868643383,-0.07987407632674692,-0.12640380859375,0.13959394182477677,1.476276514864604,3.7833390134403686,83.13727026555023,82.8270783367447,0.003738054966839228,0.0,,,0,-0.04094601075569103,-0.13702927139712584,0.061061190335643646,-2.332648481793642,2.3723192696210256,0.11610949487259035,0.16193263734859495,0.0
2024-02-29,82.91190338134766,83.02200317382812,82.83999633789062,82.91190338134766,0,82.8932388305664,82.92802963256835,82.97508964538574,83.05490982055665,83.17630569458008,82.89856918334961,82.92537222643244,82.97041818341711,83.04740328381861,82.80429863038381,45.12921257290991,0.6603536904145216,-0.05166879347193287,-0.04666183786559306,-0.005006955606339812,-0.0943398741516055,-0.131195068359375,0.1435514177594866,1.4663098561834822,3.783754378126717,83.12939155488041,82.82078773589106,0.003719234535428017,0.0,,,0,-0.07615088372681747,-0.17218300461460964,0.016084955541942923,-2.375381708687673,2.327527438174655,-0.04375385042161714,0.2197088894054561,0.0
2024-03-01,82.910400390625,82.92859649658203,82.84600067138672,82.910400390625,0,82.90085906982422,82.91810989379883,82.97422981262207,83.05048583984374,83.17278572082519,82.89941066741943,82.92237785927097,82.96470220315119,83.04203062134043,82.80535436929169,42.82755648069301,0.5191833683654272,-0.05010091374872161,-0.047349653042218776,-0.002751260706502834,-0.19765346889093482,-0.0991973876953125,0.13210078648158483,1.3650771985105963,3.7795412034906204,83.12983220265777,82.81862742258637,0.003750619689681673,0.0,,,0,-0.07692680262439815,-0.1686750508466483,0.013256696419300103,-2.3771514050715545,2.3256724895105947,-0.0018127562646141973,0.09969802347241051,0.0
2024-03-04,82.84609985351562,82.9979019165039,82.81620025634766,82.84609985351562,0,82.89371948242187,82.90111999511718,82.9665699005127,83.04410781860352,83.1684236907959,82.9007671737671,82.90712225811991,82.95340674128114,83.03434706181788,82.80575979699542,40.59065591901398,0.3819847774239484,-0.05343095494582428,-0.04856591342293988,-0.004865041522884403,-0.23722452542003225,-0.16989898681640625,0.13438688005719865,1.349761268311565,3.7763914204004414,83.13176380604023,82.80137599498516,0.003982179948517068,0.0,,,0,-0.14520311872785507,-0.2384371032324326,-0.06594308124661968,-2.4528620706723308,2.246314584227852,-0.07755424748454805,0.21940352200875457,0.0
2024-03-05,82.9104995727539,82.9926986694336,82.6980972290039,82.9104995727539,0,82.905419921875,82.89006958007812,82.95690994262695,83.03887176513672,83.16553367614746,82.9024211883545,82.90779772104672,82.94932034427855,83.02949029754086,82.80680198381889,38.99694089481385,0.2842354811752141,-0.05029376226988802,-0.04891148319232951,-0.0013822790775585084,-0.1193816235937617,-0.110504150390625,0.14644404820033483,1.2957865837612415,3.775799771930953,83.11053021639451,82.80328966885939,0.003703616103198683,0.0,,,0,-0.05594515261614912,-0.15459289084020125,0.00974444929787649,-2.3770346230766792,2.3257948972904567,0.07773415930520525,0.3562372657908806,0.0
2024-03-06,82.88480377197266,82.91069793701172,82.79900360107422,82.88480377197266,0,82.89274139404297,82.8956398010254,82.94762001037597,83.0329118347168,83.16173873901367,82.90342571258545,82.90319893123191,82.94317590882083,83.02381631614604,82.80757812101444,39.3029490616622,0.3030042588434826,-0.04931250696195377,-0.048991687946254366,-0.000320819015699407,-0.15803588488010334,0.05570220947265625,0.14643641880580358,1.2936142357577198,3.7730927185415206,83.09462048279087,82.80061953796107,0.003544416883727676,0.0,,,0,-0.07573000695554243,-0.17837271928866355,-0.022462208832417428,-2.4072901429797895,2.2940818663231712,-0.03099221559834162,0.1348981643253143,0.0
2024-03-07,82.81909942626953,82.85810089111328,82.65899658203125,82.81909942626953,0,82.87418060302734,82.88370971679687,82.93794479370118,83.02394989013672,83.1572437286377,82.90418720245361,82.88637903023944,82.9313591009588,83.01578820281755,82.80769276086772,37.66365945000543,0.20245968001093273,-0.05322312360627279,-0.04983797507825806,-0.0033851485280147336,-0.24319664641528904,-0.11930084228515625,0.15688705444335938,1.29972420709293,3.76725504311387,83.09222810536725,82.7836614820351,0.003720451767881149,0.0,,,0,-0.143294324120595,-0.24673659123453118,-0.10263387056228662,-2.4846537229695724,2.21299142015623,-0.07927188424537576,0.2408743359041856,0.0
2024-03-08,82.7522964477539,82.7916030883789,82.66600036621094,82.7522964477539,0,82.84255981445312,82.87170944213867,82.92629470825196,83.0329557800293,83.15354370117187,82.90656517028809,82.85956251374235,82.91430551493929,83.00545519281505,82.80714155377207,34.16209974522994,0.0,-0.06100947825358105,-0.052072275713322666,-0.008937202540258385,-0.09272720975748161,-0.12000274658203125,0.15785871233258927,1.3209777281680766,3.7697573804299243,83.09954496458717,82.75304445191675,0.004178415469899645,0.0,,,0,-0.20982278432939327,-0.3380095645624289,-0.18607539971933396,-2.5633108881333593,2.1305450724277417,-0.08066131964535181,0.1519400014655939,0.0
2024-03-11,82.7520980834961,82.77100372314453,82.66000366210938,82.7520980834961,0,82.82375946044922,82.85873947143554,82.91317443847656,83.02302581787109,83.14946670532227,82.90827667236329,82.8380696276931,82.89885718813517,82.99551961990059,82.80659385755042,33.755807093872136,0.0,-0.06643045778123735,-0.05494391212690561,-0.011486545654331742,-0.22462717445157487,-0.12969970703125,0.15561567034040177,1.309395898454177,3.7191103917547763,83.09767672260452,82.7286721543486,0.004450493793718235,0.0,,,0,-0.19427112285996018,-0.3263284272116649,-0.18837514797753932,-2.56354445212311,2.130300256868018,-0.0002397084628796233,0.1342850908752593,0.0
2024-03-12,82.7782974243164,82.84829711914062,82.7301025390625,82.7782974243164,0,82.79731903076171,82.85136947631835,82.90257949829102,83.01453979492187,83.14695564270019,82.90961215972901,82.82611518701776,82.88737530586671,82.9870011024267,82.80631230100083,46.162800078369,0.7336625286231403,-0.06783064580407938,-0.057521258862340365,-0.010309386941739017,-0.11342966338980798,-0.073699951171875,0.14920098440987722,1.3189236424631838,3.715291914518167,83.09270941994427,82.71244957663777,0.004586827642852092,0.0,,,0,-0.1499133980230063,-0.2845795100341186,-0.15838300528968588,-2.5326960390152475,2.1626347427176786,0.031660032104415786,0.14286768231952487,0.0
2024-03-13,82.83509826660156,82.91310119628906,82.7583999633789,82.83509826660156,0,82.7873779296875,82.84005966186524,82.89060440063477,83.00610168457031,83.14542861938476,82.91120166778565,82.82791180293452,82.88239654022242,82.98104412847277,82.80659872851925,41.52563589024634,0.6262459248653546,-0.06362353907780971,-0.05874171490543424,-0.004881824172375468,-0.05634472848164984,-0.11309814453125,0.14812251499720983,1.2856834843177254,3.718303014762496,83.06460023695026,82.71660856431929,0.004198204068449322,0.0,,,0,-0.06696311896210971,-0.2060130695193646,-0.09178904617619855,-2.465815888873128,2.232736736646253,0.06861803643290543,0.18693115499890342,0.0
2024-03-14,82.83110046386719,82.95030212402344,82.80699920654297,82.83110046386719,0,82.78977813720704,82.83197937011718,82.88000450134277,82.99636169433593,83.14202964782714,82.91226665496826,82.82854953512106,82.87751119961715,82.97516398476274,82.80684252688093,46.23682890115404,1.0,-0.05992123130153004,-0.058977618184653406,-0.0009436131168766362,-0.02522197687810923,-0.08080291748046875,0.15045111519949778,1.2830280402251109,3.69089429724812,83.04016445014402,82.71984455254152,0.0038648634194670263,0.0,,,0,-0.05900583351776717,-0.199118644594781,-0.09789406848427087,-2.4705231015896456,2.2278027615195137,-0.0048262183760659355,0.17305652765297372,0.0
2024-03-15,82.9655990600586,82.97540283203125,82.83399963378906,82.9655990600586,0,82.83243865966797,82.83749923706054,82.87780456542968,82.99086166381836,83.1388606262207,82.91465316772461,82.85595944010856,82.88590051965919,82.9747888896763,82.80842219387773,56.231561748286666,1.0,-0.04560846703644472,-0.056303787955011675,0.010695320918566953,0.02098014143614435,0.05519866943359375,0.1532865251813616,1.4195653613321049,3.6930294584101686,83.03154971366884,82.72405941719053,0.003710164598237535,0.0,,,0,0.10593245693374734,-0.030440223481598715,0.06144377427585521,-2.3121577333081924,2.393797126995247,0.162376927794262,0.170706713266695,0.0
2024-03-18,82.88890075683594,82.9281005859375,82.83300018310547,82.88890075683594,0,82.85979919433593,82.84177932739257,82.87144966125489,82.9848176574707,83.1336156463623,82.91687366485596,82.86254770345404,82.88618625653316,82.97142072760413,82.80922297559871,52.565258435070376,0.8368774099206417,-0.039993391393110755,-0.0530417086426315,0.013048317249520741,-0.027743452476203245,0.0428009033203125,0.15626471383231028,1.4540042180272743,3.6963607117929267,83.01099496202252,82.73190436048725,0.003367753341785177,0.0,,,0,0.0210580310256245,-0.11558367342646961,-0.03373608625559483,-2.4024661482683967,2.2991382492297725,-0.0924459102225424,0.11480980119252981,0.0
2024-03-19,82.86360168457031,83.04570007324219,82.86399841308594,82.86360168457031,0,82.87686004638672,82.83708953857422,82.86357955932617,82.98107574462891,83.12928665161132,82.91950569152831,82.8627584996773,82.88403534491765,82.9671925298381,82.80976405728003,43.476572611959625,0.4325000725249599,-0.03715651007102849,-0.0498646689283109,0.012708158857282409,-0.05644491623993941,-0.04689788818359375,0.15837914603097097,1.4552288116141914,3.6965879639692503,82.98406335191427,82.74309576673807,0.002908003569936135,0.0,,,0,2.670080662835306e-05,-0.14156728989645742,-0.06741960952586057,-2.4322545401920057,2.2679148493819348,-0.030521664583105908,0.21927696422570356,0.0
2024-03-20,83.04239654541016,83.220703125,82.96099853515625,83.04239654541016,0,82.91831970214844,82.85284881591797,82.87424430847167,82.9793016052246,83.12693862915039,82.92326568603515,82.89868610882387,82.89911736401217,82.97014170691936,82.81207880840572,58.249729896588974,1.0,-0.020247608340625334,-0.04394125681077379,0.02369364847014846,0.23694137954788363,0.1575927734375,0.17088590349469865,1.4154790017136298,3.724287577117265,83.01748843580486,82.73100018113848,0.003456903372777964,0.0,,,0,0.20290047691124852,0.07603696218814363,0.14366397462692737,-2.221732536353112,2.488578412540583,0.2157700814411213,0.31304419477749584,0.0
2024-03-21,83.05460357666016,83.22160339355469,82.8936996459961,83.05460357666016,0,82.96302032470703,82.87639923095703,82.88005447387695,82.97988174438477,83.10554466247558,82.92831371307373,82.92986960239112,82.91392557474055,82.97345393710529,82.8144919901794,58.99473669182522,1.0,-0.0057953710636411415,-0.036312079661347266,0.030516708597706124,0.17380670077835614,0.235504150390625,0.18840789794921875,1.344123250705646,3.718157801488104,83.04240756409442,82.71770138365949,0.003917784351086238,0.0,,,0,0.21060447400914709,0.09004813058852432,0.15228799179900854,-2.20735936775306,2.5036439854466566,0.014699757904174668,0.39557137509718093,0.0
2024-03-22,83.22660064697266,83.7156982421875,83.18190002441406,83.22660064697266,0,83.01522064208984,82.9238296508789,82.89776954650878,82.98289169311523,83.10533767700196,82.9348832321167,82.98921581130743,82.94370415304837,82.98338125906088,82.8185925738291,70.92286651619779,1.0,0.019314214988142453,-0.025186820731449323,0.044501035719591776,0.4123758028556468,0.47430419921875,0.22265025547572545,1.477255832759346,2.8490593790152134,83.12206288254312,82.67347621047445,0.0054113237849782855,0.0,,,0,0.3966706248705355,0.2936857813520144,0.3517427209000812,-2.00484142217832,2.715917907693235,0.20708914726652708,0.641724001996548,0.0
2024-03-25,83.59359741210938,83.60070037841797,83.35230255126953,83.59359741210938,0,83.15615997314453,83.00797958374024,82.9333595275879,82.99732162475586,83.10968864440918,82.9432772064209,83.11009213146782,83.00559874914941,83.00731130427847,82.82630406475727,78.18313450218767,1.0,0.06804295780328573,-0.0065408650245023115,0.07458382282778804,0.9351683261532573,0.8414993286132812,0.22832870483398438,2.093784981438235,1.8533463368253067,83.31657281553821,82.55014623963758,0.009241475086339306,0.0,,,0,0.7961065224927366,0.718427746439069,0.784054148318762,-1.5727210914481173,3.168854941131274,0.44096089745805106,0.2980095564794379,0.0
2024-03-26,83.41739654541016,83.49629974365234,83.26750183105469,83.41739654541016,0,83.2669189453125,83.0718894958496,82.96162948608398,83.00848159790038,83.11163459777832,82.95045719146728,83.17155301425629,83.04481758688854,83.0233930784405,82.8321855819777,69.54617745223216,0.8055935939928064,0.09138941984137716,0.013045191948673585,0.07834422789270358,0.8037240369228371,0.63909912109375,0.24364307948521205,2.2661674544714576,1.9024867861534271,83.39914333261468,82.52411563955327,0.010547378329980725,0.0,,,0,0.5493709105636939,0.4926182718177975,0.5629135386982637,-1.7801887969595,2.9513928122151665,-0.21078272996263503,0.2747745609828369,0.0
2024-03-27,83.34549713134766,83.43589782714844,83.28970336914062,83.34549713134766,0,83.3275390625,83.12292938232422,82.98149452209472,83.0136116027832,83.11276260375976,82.95722568511962,83.20634183767456,83.07345373397989,83.03602460992707,82.83729315958337,69.23136957588191,0.7985076877563821,0.10290376681390967,0.031016906921720808,0.07188685989218886,0.7170803660504488,0.5103988647460938,0.23795645577566965,2.282730332384663,1.9070639645648555,83.4513251223658,82.51166392182364,0.011323743998030388,0.0,,,0,0.438655162032561,0.39979651789216797,0.4680381281092887,-1.864846760013809,2.8626565877983925,-0.08619234960582822,0.17552524753255214,0.0
2024-03-28,83.36499786376953,83.41529846191406,83.30979919433594,83.36499786376953,0,83.38961791992188,83.17631912231445,83.00414924621582,83.01735961914062,83.11423561096191,82.96434318542481,83.23807304289356,83.10121984157891,83.04892552184246,82.84254395265985,73.18574464153733,0.8875154065712498,0.11230790031250137,0.047275105599876924,0.06503279471262445,0.7087611822284012,0.5338973999023438,0.2345564705984933,2.268735767306087,1.901795223504304,83.5026704113101,82.50562808112153,0.012011957706247231,0.0,,,0,0.43473563771291224,0.4187536754044858,0.48292394414460826,-1.841885623175225,2.8867238405158453,0.0233974636819827,0.12663488400929634,0.0
2024-03-29,83.39299774169922,83.39959716796875,83.23259735107422,83.39299774169922,0,83.42289733886719,83.21905899047852,83.02827911376953,83.02200759887695,83.11497161865235,82.97171169281006,83.2690579826547,83.12900821301893,83.06241855007215,82.8480211047896,73.7530255389418,0.8791486290392235,0.12062955755722271,0.06194599599134608,0.05868356156587663,0.6735061426523359,0.427398681640625,0.23855645315987722,2.2661996255265144,1.892748437021732,83.55368726921188,82.50287095832718,0.012656125384037133,0.0,,,0,0.4392703688702671,0.4468575905978013,0.5077466045884462,-1.808917167698855,2.9212804983691516,0.03358709128193507,0.20064232309142987,1.0
2024-04-01,83.36479949951172,83.41680145263672,83.23899841308594,83.36479949951172,0,83.37713775634765,83.26664886474609,83.05421409606933,83.02680953979493,83.11563064575195,82.97861167907715,83.28820628602611,83.15146452601824,83.07427662652076,82.85316317836893,71.70478287876222,0.8232734946809735,0.12352524624901662,0.07426184604288019,0.049263400206136426,0.6443220392530424,0.47589874267578125,0.24281420026506698,2.2441114018641466,1.8898555591337907,83.59280083102651,82.51562736111215,0.012969522156556477,0.0,,,0,0.3739550206123586,0.4070853277275386,0.46540646152067133,-1.842119187164976,2.8864790249561216,-0.03381368094578037,0.21360545290130376,1.0
2024-04-02,83.40969848632812,83.47440338134766,83.33399963378906,83.40969848632812,0,83.37559814453125,83.32125854492188,83.07917404174805,83.03310150146484,83.11775161743164,82.98562767028808,83.31250472608653,83.17605823652396,83.08743042494459,82.85870084312475,71.45331282401868,0.8060936805133719,0.12796793865956602,0.08500306456621737,0.04296487409334865,0.5352814073554146,0.5460968017578125,0.24179295131138392,2.239147305825683,1.8579350611576808,83.63568852301454,82.52265956048156,0.013397207848668213,0.0,,,0,0.39784271857828846,0.45355042513573907,0.5110171820654626,-1.7892528764079079,2.9418920853012738,0.05385844755335761,0.16848314994551739,1.0
2024-04-03,83.35030364990234,83.5802993774414,83.33200073242188,83.35030364990234,0,83.37655944824219,83.3520492553711,83.10244903564453,83.03567962646484,83.12143867492676,82.99238719940186,83.3200645108497,83.1926530377981,83.0977391788645,82.86359241334144,68.61497557319561,0.7243126830236081,0.12525230685997712,0.09305291302496933,0.03219939383500779,0.5566522041593691,0.3079071044921875,0.24929264613560267,2.258162947216567,1.8552378241830432,83.6636529488919,82.54124512239716,0.013506314669659259,0.0,,,0,0.2982518772118349,0.3789022078856171,0.43126419492011214,-1.8591873248775383,2.868588657130159,-0.07120854948962176,0.2979631388148419,1.0
2024-04-04,83.37329864501953,83.51349639892578,83.36000061035156,83.37329864501953,0,83.37821960449219,83.38391876220703,83.13015899658203,83.04119354248047,83.12330963134765,82.99912120819091,83.33071133768367,83.20985738134299,83.1085454324392,82.86866411713923,65.88752259537627,0.645726593555977,0.12353165697665247,0.09914866181530596,0.02438299516134651,0.6151035558283224,0.318695068359375,0.25064195905412945,2.2223875128160424,1.8354220956985194,83.68716742970774,82.57315056345631,0.013400874961603726,0.0,,,0,0.2924806729258182,0.3999281421324573,0.4508209621762729,-1.8321118685271895,2.896968430091975,0.027588375938945295,0.18413602141355767,1.0
2024-04-05,83.47779846191406,83.4813003540039,83.2490005493164,83.47779846191406,0,83.39517974853516,83.40903854370117,83.16643409729004,83.04782745361328,83.1268846130371,83.00613319396973,83.36012876252975,83.23537557949261,83.123025943399,82.87472515539571,72.4618787102782,0.8351534845195847,0.12911196902003041,0.10514132325625086,0.023970645763779552,0.5243128023958432,0.25119781494140625,0.2577634538922991,2.2023703980966967,1.8482056561945432,83.71424943452944,82.61861876005064,0.01317395276557251,0.0,,,0,0.3743870565134306,0.5177390203746685,0.5682294184721728,-1.7090685620803652,3.025939150151032,0.12533966940598404,0.2790421544459101,1.0
2024-04-08,83.29679870605469,83.33609771728516,83.23269653320312,83.29679870605469,0,83.38157958984375,83.37935867309571,83.19366912841797,83.05133743286133,83.1269376373291,83.01213569641114,83.34746275123474,83.24122540106995,83.12984056154235,82.8789248922182,64.76892024054769,0.3270485134349637,0.11757391993680244,0.10762784259236119,0.009946077344441251,0.29160951827429393,-0.2967987060546875,0.2622920445033482,2.3864551465058534,1.8321778659015124,83.70788154983771,82.67945670699822,0.012361816152765246,0.0,,,0,0.12396325191227052,0.29555366690125534,0.3429173424529285,-1.9221867194976434,2.802554367886225,-0.2168238252497212,0.12423144796322022,1.0
2024-04-09,83.26959991455078,83.33740234375,83.17330169677734,83.26959991455078,0,83.35355987548829,83.36457901000976,83.21823425292969,83.05366744995118,83.12641166687011,83.01873317718506,83.33189018389795,83.24392773568718,83.13532132048387,82.88281220587325,58.63899557896935,0.0,0.10502455999450433,0.10710718607278982,-0.0020826260782854933,0.05166529360067784,-0.147796630859375,0.2485062735421317,2.3977580939386147,1.8334849952349352,83.69443221994395,82.74203628591543,0.011444558305981924,0.0,,,0,0.06172404651722418,0.25999148650446574,0.302180878658202,-1.9542119357846353,2.7689863882548793,-0.0326528653278595,0.19729966662969992,1.0
2024-04-10,83.22429656982422,83.40139770507812,83.15499877929688,83.22429656982422,0,83.32835845947265,83.35245895385742,83.23769416809083,83.05595932006835,83.12519760131836,83.02481914520264,83.31037146108321,83.24205810084308,83.13881054594819,82.88621006024093,56.293860642006614,0.0,0.09038163726957293,0.10376207631214646,-0.013380439042573522,-0.4417812532514165,-0.1212005615234375,0.24268450055803573,2.410940155001788,1.7500717696975372,83.67845933881833,82.79692899736332,0.010590518517666231,0.0,,,0,-0.01609559034582582,0.20267931540848588,0.24026240186408543,-2.00755435775158,2.7130742808072132,-0.0544056231482458,0.2963128247229269,0.0
2024-04-11,83.4126968383789,83.47309875488281,83.30239868164062,83.4126968383789,0,83.33623809814453,83.35722885131835,83.2667739868164,83.0631413269043,83.12384155273438,83.02991214752197,83.33083653654235,83.25830940917982,83.14955118486705,82.89144873465025,56.819274683247045,0.02400326500534199,0.09290835299918854,0.10159133164955489,-0.008682978650366352,-0.005633965127038731,0.047698974609375,0.21323503766741073,2.5122747565169528,1.796896980698236,83.66970952347924,82.86383845015357,0.009678182962309424,0.0,,,0,0.175247394099364,0.42083107608330217,0.46102022868196085,-1.78572246687052,2.945592566646328,0.226376522625964,0.20491615600957339,1.0
2024-04-12,83.34929656982422,83.61589813232422,83.25420379638672,83.34929656982422,0,83.31053771972657,83.35285873413086,83.28595886230468,83.07157531738281,83.12389450073242,83.03281661987305,83.33452854319873,83.26697485305071,83.1573843372183,82.89600443450274,38.48604488935873,0.0,0.08877161765479968,0.09902738885060386,-0.010255771195804175,0.004558660764319988,-0.043701171875,0.21234893798828125,2.49450397217479,1.8038190168444217,83.66430385193614,82.90761387267322,0.009085444768834793,0.0,,,0,0.07604848210279014,0.33431562045182045,0.3811504448897941,-1.8603731112870427,2.867345747365408,-0.07600793519184777,0.4344457330011698,1.0
2024-04-15,83.61109924316406,83.61150360107422,83.41739654541016,83.61109924316406,0,83.37339782714844,83.37748870849609,83.32206878662109,83.08381134033203,83.12686050415039,83.03779560089112,83.3898426831918,83.29974860449009,83.17517707862794,82.90311980573321,58.44762532191412,0.5660133094719969,0.10540348706558689,0.10030260849360048,0.005100878571986406,0.29520948323742413,0.24629974365234375,0.20778547014508927,2.6562491709871825,1.9092682262756269,83.67804661519324,82.96609095804894,0.00854462290137735,0.0,,,0,0.3468834376678171,0.6346457803580123,0.6904128874379639,-1.552113560967792,3.1904552062853573,0.31410303879472307,0.23269373500334056,1.0
2024-04-16,83.50599670410156,83.6968002319336,83.21189880371094,83.50599670410156,0,83.4206771850586,83.38711853027344,83.35418853759765,83.09185729980469,83.12827545166016,83.04269908905029,83.41307348737375,83.31939128064357,83.18815039727397,82.90911858084135,56.802586903799515,0.5193680229230887,0.10884872651274691,0.10201183209742977,0.006836894415317138,0.13550173930951814,0.0962982177734375,0.23197882516043528,2.712328599135725,1.9272710167597022,83.64616000184006,83.06221707335524,0.007005561912721685,0.0,,,0,0.18212422095074143,0.4984115384526963,0.5579028862663298,-1.675866542614244,3.0607406235640626,-0.12570405127294515,0.5827308776674995,1.0
2024-04-17,83.6675033569336,83.73500061035156,83.57740020751953,83.6675033569336,0,83.50931854248047,83.41883850097656,83.38544387817383,83.10379531860352,83.13076950073243,83.04903709411622,83.46395946128573,83.35254481171881,83.20694855255475,82.91666469801639,61.44379408674771,0.6509700795058108,0.12319126845353878,0.10624771936865157,0.01694354908488721,0.3631075216868229,0.31719970703125,0.2408005850655692,2.6941165046807374,1.9422382634591295,83.67063590914292,83.10025184720475,0.006840331302565256,0.0,,,0,0.33825985164970973,0.6783180433203223,0.7447001006363201,-1.4857005388051747,3.260067569094484,0.19340725122331068,0.18856820437189406,1.0
2024-04-18,83.5958023071289,83.61419677734375,83.48480224609375,83.5958023071289,0,83.54593963623047,83.4410888671875,83.41250381469726,83.11545928955078,83.1334245300293,83.05700710296631,83.49032803045436,83.37571219223406,83.2221977194008,82.92342228616677,57.42655029446934,0.5574699212664689,0.1273046717736861,0.11045910984965848,0.016845561924027613,0.22312012173415496,0.222503662109375,0.24192210606166295,2.7287532649340402,1.9245632984413186,83.66651973182944,83.15848789756508,0.0060905956664837925,0.0,,,0,0.21974941891068034,0.5779225930819225,0.6487052964654128,-1.570124937869733,3.1715761602374335,-0.08569760890175478,0.1549917203715415,1.0
2024-04-19,83.54499816894531,83.7396011352539,83.36499786376953,83.54499816894531,0,83.58507995605468,83.44780883789062,83.4284236907959,83.12665328979492,83.1353475189209,83.06457809448243,83.50126205815256,83.39183466620656,83.23485656055941,82.92960712082129,56.491268571805485,0.5299420693351946,0.12502390640845817,0.11337206916141843,0.011651837247039748,0.2335858545407854,0.06719970703125,0.25597926548549105,2.6665619112989525,1.9272561350171666,83.67312128129495,83.18372610029684,0.0058660485161738446,0.0,,,0,0.1397299301512247,0.5032620255887947,0.5783693669236807,-1.6299442689370762,3.108875128998968,-0.06077355175914289,0.4493531830907391,1.0
2024-04-22,83.38529968261719,83.44629669189453,83.32160186767578,83.38529968261719,0,83.53992004394532,83.45665893554687,83.41800880432129,83.13406921386719,83.13701454162597,83.07112060546875,83.47806958304548,83.3912122868171,83.24075629083617,82.93414137516753,49.18822597676874,0.3149939202027915,0.10907272772396936,0.11251220087392863,-0.0034394731499592657,0.01439434182488597,0.0885009765625,0.2619073050362723,2.254743628306916,1.968762912600467,83.65053418536687,83.18548342327571,0.005574944412567441,0.0,,,0,-0.039211103421120184,0.30219917192275286,0.3782049343484539,-1.8179812471472627,2.9117797714552593,-0.19115266003738673,0.1496548571123004,0.0
2024-04-23,83.38619995117188,83.38999938964844,83.22810363769531,83.38619995117188,0,83.51596069335938,83.46831893920898,83.41644897460938,83.14198928833008,83.13670555114746,83.07774360656738,83.45969565667076,83.39073492151755,83.24645996379051,82.93863947045115,51.24267731592264,0.37546193844135906,0.09540418775358717,0.10909059824986034,-0.013686410496273171,-0.10972799047159754,0.11660003662109375,0.2557356698172433,2.1292526331114474,1.9675780495476862,83.64940978805117,83.18348816116759,0.005585488624976159,0.0,,,0,-0.036262660193930096,0.293727230887982,0.3712863773301976,-1.816921225963009,2.912890857457082,0.0010796490006201578,0.19452053438329198,0.0
2024-04-24,83.2833023071289,83.34960174560547,83.25910186767578,83.2833023071289,0,83.43912048339844,83.47421951293946,83.41333923339843,83.14616333007812,83.13637954711913,83.08378311157226,83.4244169867624,83.38050324395672,83.24790476156849,82.94206895141312,47.04778208246989,0.2519949102129042,0.07539963141151418,0.10235240488219112,-0.02695277347067694,-0.01620278226226457,0.0590057373046875,0.25315747942243305,2.1527986022607517,1.9817472708659518,83.65188150772241,83.17479695907446,0.005719523436329815,0.0,,,0,-0.15589464163000347,0.1649372280791359,0.24014216503443858,-1.9380780540310765,2.785897493841947,-0.12339888866889498,0.10869667808033713,0.0
2024-04-25,83.3405990600586,83.39600372314453,83.268798828125,83.3405990600586,0,83.38807983398438,83.46700973510742,83.4121192932129,83.15211334228516,83.13688957214356,83.09017761230469,83.40765340142164,83.37670284549023,83.25153983209752,82.94603442513099,45.35551021462331,0.2613665831259145,0.06343797204488055,0.09456951831472901,-0.03113154626984846,0.08526418474530395,-0.0720977783203125,0.24565070016043528,2.1663662148965686,1.9805739935707543,83.65194860038874,83.17228998603706,0.005750466699755784,0.0,,,0,-0.08574321544677746,0.22667579956453326,0.3013851395556813,-1.87061399391458,2.8566115266698304,0.06879740757443885,0.15276417675015908,0.0
2024-04-26,83.30180358886719,83.41529846191406,83.26499938964844,83.30180358886719,0,83.33944091796874,83.46226043701172,83.40755958557129,83.1579574584961,83.13635864257813,83.09627464294434,83.38648343891076,83.3695695829547,83.25351095981398,82.94957441680997,50.187475708178056,0.5096941654955508,0.05024856632590513,0.08570532791696425,-0.03545676159105912,0.09313027834119136,-0.04749298095703125,0.23887906755719865,2.167848865992309,1.9564052869899737,83.65233620166056,83.16278296948202,0.005869410813731862,0.0,,,0,-0.12679425849356607,0.1729793933946505,0.2473383395416774,-1.916293720371622,2.808731252777715,-0.04655050675055584,0.18050690370185757,0.0
2024-04-29,83.40229797363281,83.57350158691406,83.29830169677734,83.40229797363281,0,83.34284057617188,83.44138031005859,83.40943450927735,83.16568344116212,83.1360806274414,83.10333461761475,83.38964634585517,83.37268657254309,83.25934574466962,82.95407912881817,54.71194117997648,0.7067720860224026,0.047358999190336704,0.07803606217163875,-0.030677062981302045,-0.012466764821483789,-0.20880126953125,0.24681472778320312,2.2099304998019638,1.9635260247567374,83.65340517783224,83.16546384072245,0.005849953784970407,0.0,,,0,-0.008556029286759305,0.2845098154434044,0.35974892872071906,-1.7979666098716898,2.9327585817269664,0.12063890628540425,0.33037875266473254,0.0
2024-04-30,83.45110321044922,83.51969909667969,83.39800262451172,83.45110321044922,0,83.35582122802734,83.43589096069336,83.4115047454834,83.1742854309082,83.1371566772461,83.11151912689209,83.40193771877398,83.38015482377224,83.26686564528843,82.95902464206823,58.03363924290085,0.8514595305259846,0.04844868486500786,0.07211858671031257,-0.02366990184530471,0.12214457087795783,-0.05489349365234375,0.23790740966796875,2.2114338122856214,1.9511206359568651,83.65618649677049,83.16682299419631,0.005866858583445912,0.0,,,0,0.047473624995315176,0.33281654072155337,0.40858846899268114,-1.7405008851626051,2.9929926254020622,0.05851785622481981,0.14592252612558448,1.0
2024-05-01,83.49839782714844,83.57140350341797,83.26010131835938,83.49839782714844,0,83.39884033203126,83.41898040771484,83.41890945434571,83.18767135620118,83.13818061828613,83.119260597229,83.42122974044888,83.39141606218902,83.27594533869471,82.96439153943223,53.372726344676835,0.6484381951960339,0.05252309537399924,0.0681994884430499,-0.015676393069050665,-0.13479241038065748,-0.16910552978515625,0.24237169538225448,2.201465276955044,1.9512590303957107,83.66475354121707,83.17306536747435,0.0058942052462554895,0.0,,,0,0.09528819463437345,0.3735246652316538,0.4561364323927539,-1.6848138400677768,3.0513623044300315,0.05667344694047954,0.37389119173453333,1.0
2024-05-02,83.40640258789062,83.4885025024414,83.40640258789062,83.40640258789062,0,83.41200103759766,83.40004043579101,83.42056465148926,83.1970314025879,83.13939163208008,83.12641510009766,83.41826430993724,83.39284335035109,83.28106130925141,82.9687896593174,52.197915137277924,0.4253035921693431,0.047778091981570014,0.06411520915075393,-0.016337117169183915,-0.11926582537999941,-0.18939971923828125,0.22310747419084823,2.239952288228271,1.9599282670348674,83.66556004509371,83.1755692578848,0.005873740956513205,0.0,,,0,-0.01697670551356066,0.2516570384459848,0.33682131901852747,-1.7931336319299223,2.937824380616634,-0.11017605325584034,0.09843358783430008,0.0
2024-05-03,83.40630340576172,83.46939849853516,83.30359649658203,83.40630340576172,0,83.43290100097656,83.38617095947265,83.41698989868163,83.20771148681641,83.14048866271973,83.13157211303711,83.41587212910215,83.39412526039018,83.28597276401652,82.97314302992878,40.12929037382421,0.0,0.04350810508569225,0.0599937883377416,-0.016485683252049348,-0.3121880547308442,-0.13869476318359375,0.21622140066964285,2.1921357616931134,1.958165178316314,83.6605512497062,83.17342854765707,0.005839610163838259,0.0,,,0,-0.012810930882181215,0.2386700888616275,0.3304776822349126,-1.7932504139247976,2.937701972836772,-0.0001189142869478581,0.19903342583765626,0.0
2024-05-06,83.37999725341797,83.59940338134766,83.29910278320312,83.37999725341797,0,83.42844085693359,83.38564071655273,83.4211498260498,83.21767547607422,83.14387161254882,83.13720809936524,83.40869715396532,83.39277973591663,83.289659998895,82.97719133066,43.42791197421307,0.15475948419051494,0.03756835841238626,0.05550870235267054,-0.01794034394028428,-0.25815297868435616,-0.00530242919921875,0.20303562709263392,2.047443859697875,1.9590465779976272,83.65883894576214,83.18346070633746,0.005698533770104423,0.0,,,0,-0.049331102145729,0.19505685110180437,0.29203428838090073,-1.8242245922579108,2.9052356632241834,-0.031539765304995845,0.3605088027491761,0.0
2024-05-07,83.4728012084961,83.51499938964844,83.42900085449219,83.4728012084961,0,83.43278045654297,83.39430084228516,83.43130989074707,83.23009155273438,83.14748764038086,83.14340560913087,83.42151796487148,83.40040082854324,83.29684200711466,82.98212277223051,39.060356652949245,0.0,0.039889745800934406,0.05238491104232332,-0.012495165241388911,-0.08641685562458257,0.08660125732421875,0.1963212149483817,2.075865935334622,1.96897410525192,83.65887943365468,83.20374034783947,0.005455255184309191,0.0,,,0,0.049731111501609276,0.2916128664930454,0.39617766069598326,-1.7149525779760117,3.0197716812426085,0.11130242040673696,0.10307990539913012,1.0
2024-05-08,83.46990203857422,83.53589630126953,83.45500183105469,83.46990203857422,0,83.42708129882813,83.41296081542968,83.44359016418457,83.2405256652832,83.15127067565918,83.14921863555908,83.43119477961204,83.40701999140333,83.30362867501503,82.98697629726875,42.333351916894316,0.17250548229743196,0.04102263979190468,0.05011245679223959,-0.009089817000334913,0.10145955735489931,0.1865997314453125,0.18904931204659597,2.062015697986058,1.959762132981661,83.6496107286163,83.23756959975285,0.004937960220224383,0.0,,,0,0.03153252914678874,0.27555853529008045,0.3856721786174392,-1.718366205518524,3.016193607677416,-0.0034731911232181276,0.09693184163916928,1.0
2024-05-09,83.46430206298828,83.51110076904297,83.43800354003906,83.46430206298828,0,83.43866119384765,83.42533111572266,83.44617042541503,83.25157363891601,83.15324172973632,83.15287364959717,83.43781623628729,83.41247542679237,83.30992959219046,82.99172580737542,44.79974827182709,0.30249861043641824,0.04099601862934321,0.04828916915966032,-0.007293150530317108,0.09366311435481389,0.1237030029296875,0.16751316615513392,1.9050988905876989,1.9576865630949274,83.65185422812611,83.24048662270395,0.004929736179922616,0.0,,,0,0.021728543659716656,0.2555248084497796,0.3745251363211564,-1.7249598966137984,3.0092822761067546,-0.0067089758693493675,0.08760663714686004,1.0
