date,open,high,low,close,volume,sma_5,sma_10,sma_20,sma_50,sma_100,sma_200,ema_9,ema_20,ema_50,ema_200,rsi_14,stoch_rsi,macd,macd_signal,macd_hist,roc_12,momentum_10,atr_14,volatility_20d,volatility_60d,bollinger_upper,bollinger_lower,bollinger_width,volume_sma_20,relative_volume,volume_change_pct,obv,dist_sma_20_pct,dist_sma_50_pct,dist_sma_200_pct,dist_52w_high_pct,dist_52w_low_pct,gap_pct,intraday_range_pct,trend_strength
2021-08-16,41.41999816894531,41.41999816894531,40.630001068115234,40.779998779296875,3404513,40.779998779296875,40.779998779296875,40.779998779296875,40.779998779296875,40.779998779296875,40.779998779296875,40.779998779296875,40.779998779296875,40.779998779296875,40.779998779296875,50.0,0.5,0.0,0.0,0.0,,,0.7899971008300781,,,,,,3404513.0,1.0,,0,0.0,0.0,0.0,-1.545145866588371,0.3691796880097862,,1.944368890135313,0.0
2021-08-17,41.68000030517578,41.68000030517578,40.380001068115234,41.18000030517578,3492704,40.97999954223633,40.97999954223633,40.97999954223633,40.97999954223633,40.97999954223633,40.97999954223633,40.859999084472655,40.81809416271391,40.79568511364507,40.78397889398224,50.0,0.5,0.03190895363136548,0.0063817907262730955,0.025527162905092382,,,1.0449981689453125,,,41.54568712510421,40.41431195936845,0.02760798385489735,3448608.5,1.012786461553986,2.5904145468089057,3492704,0.4880448149671669,0.4880448149671669,0.4880448149671669,-1.1996161140572508,1.9811768595822066,2.2069680059328927,3.2194135776956414,0.0
2021-08-18,41.0,41.189998626708984,40.95000076293945,41.029998779296875,1995891,40.996665954589844,40.996665954589844,40.996665954589844,40.996665954589844,40.996665954589844,40.996665954589844,40.8939990234375,40.83827555476943,40.8048738848471,40.7864268530401,72.7271466222777,1.0,0.044579277590024446,0.014021288099023366,0.03055798949100108,,,0.7766647338867188,15.052919020158503,15.052919020158503,41.400812527400134,40.59251938177955,0.01971607024131892,2964369.3333333335,0.6732936336767753,-42.85542090025378,1496813,0.08130618412714954,0.08130618412714954,0.08130618412714954,-1.5595046092122742,1.609702065349598,-0.43710612880485483,0.5860753584813947,0.0
2021-08-20,41.47999954223633,41.47999954223633,40.7400016784668,40.970001220703125,2846275,40.989999771118164,40.989999771118164,40.989999771118164,40.989999771118164,40.989999771118164,40.989999771118164,40.909199462890626,40.85082085628692,40.811349466645375,40.788253463663615,65.57395502413888,0.6852578232972244,0.04921201359471894,0.021059433198162482,0.028152580396556458,,,0.7674980163574219,11.421508012661565,11.421508012661565,41.32105964925118,40.658939892985146,0.016153202243552368,2934845.75,0.9698209863329273,42.606735538163164,-1349462,-0.048788852224220254,-0.048788852224220254,-0.048788852224220254,-1.7034526853985872,1.461119705253711,1.0967603615102148,1.8163913433529841,0.0
2021-08-23,41.34000015258789,41.34000015258789,40.630001068115234,41.0099983215332,2345631,40.99399948120117,40.99399948120117,40.99399948120117,40.99399948120117,40.99399948120117,40.99399948120117,40.92935923461914,40.865980614881806,40.81913961781745,40.79045988015983,67.69233477901088,0.7784670496941496,0.055471481315962023,0.027941842821722393,0.02752963849423963,,,0.7559982299804687,9.336732418609852,9.336732418609852,41.28126318548184,40.7067357769205,0.014014914763922984,2817002.8,0.8326690339107935,-17.589445854669705,996169,0.039027273587608644,0.039027273587608644,0.039027273587608644,-1.6074903520559187,1.560171462985487,0.903097195168733,1.7474749343037415,0.0
2021-08-24,41.58000183105469,41.58000183105469,41.0099983215332,41.18000030517578,2663194,41.07399978637695,41.02499961853027,41.02499961853027,41.02499961853027,41.02499961853027,41.02499961853027,40.979487448730474,40.89588725205266,40.8332910173217,40.79433590428935,74.39034602108319,1.0,0.07330488086031295,0.03701445042944051,0.03629043043087244,,,0.7249991099039713,8.31500506519961,8.31500506519961,41.32346327290681,40.72653596415374,0.01455033063506587,2791368.0,0.9540820128338506,13.538489216760862,3659363,0.37782008065027917,0.37782008065027917,0.37782008065027917,-1.1996161140572508,1.9811768595822066,1.3899135158515514,1.3899135158515514,0.0
2021-08-25,41.47999954223633,41.47999954223633,40.849998474121094,41.040000915527344,1641519,41.045999908447264,41.027142660958425,41.027142660958425,41.027142660958425,41.027142660958425,41.027142660958425,40.99159014208985,40.90961236285977,40.84139728783957,40.79678033226187,63.541790843128375,0.5552110999746684,0.07527349180361398,0.04466625870427521,0.03060723309933877,,,0.7114279610770089,8.207766978740514,8.207766978740514,41.29983733970543,40.754447982211424,0.013293379019860356,2627103.8571428573,0.6248397814714705,-38.362770417776545,2017844,0.03134084836269718,0.03134084836269718,0.03134084836269718,-1.5355071616181417,1.6344720900298764,0.7285071268511889,1.5422303345111426,0.0
2021-08-26,44.400001525878906,44.400001525878906,40.68000030517578,40.79999923706055,1741050,41.0,40.99874973297119,40.99874973297119,40.99874973297119,40.99874973297119,40.99874973297119,40.95327196108399,40.89917301754556,40.83977383486785,40.79681236116534,50.83335187698881,0.03416728390275611,0.05681260019428436,0.04709552700227704,0.00971707319200732,,,1.0874996185302734,8.567415478869966,8.567415478869966,41.29797582987351,40.699523636068875,0.014596840091524975,2516347.125,0.6918957971666966,6.063347423940879,276794,-0.48477208989329107,-0.48477208989329107,-0.48477208989329107,-8.108112984455797,1.0401143086569915,8.187135807495359,9.144545705005374,0.0
2021-08-27,41.380001068115234,41.380001068115234,40.84000015258789,40.86000061035156,2143301,40.97799987792969,40.98333316379123,40.98333316379123,40.98333316379123,40.98333316379123,40.98333316379123,40.93461769093751,40.89544231209851,40.840567041749566,40.79744109996321,53.1746704531005,0.1301609436108979,0.04648793597434775,0.04697400879669118,-0.0004860728223434335,,,1.0311109754774306,7.970681361581021,7.970681361581021,41.27812184526334,40.68854448231912,0.014385783620574756,2474897.5555555555,0.8660160478920834,23.103931535567625,2420095,-0.30093343786061616,-0.30093343786061616,-0.30093343786061616,-7.972974760967125,1.188706115749324,1.4215731419128181,1.3222353416008148,0.0
2021-08-30,41.779998779296875,41.779998779296875,41.0,41.0099983215332,2593436,40.97799987792969,40.98599967956543,40.98599967956543,40.98599967956543,40.98599967956543,40.98599967956543,40.94969381705665,40.90635240823515,40.84721140566265,40.79955609719276,58.15601301867037,0.33439513369840085,0.04983466391938407,0.047546139821229766,0.0022885240981543042,,,1.0199996948242187,7.6722853712168515,7.6722853712168515,41.26444030640777,40.70755905272309,0.013587109208960588,2486751.4,1.042901192294493,21.001949796132237,5013531,0.05855326734835536,0.05855326734835536,0.05855326734835536,-7.6351420897357665,1.560171462985487,2.2515862829239364,1.9024360470655488,0.0
2021-08-31,41.47999954223633,41.79999923706055,40.81999969482422,40.83000183105469,3318327,40.90800018310547,40.99099998474121,40.97181805697355,40.97181805697355,40.97181805697355,40.97181805697355,40.92575541985626,40.899080924694154,40.8465365203839,40.79985903981826,51.57242663288613,0.06446922202443994,0.03753013342311107,0.04554293854160603,-0.008012805118494962,,0.0500030517578125,1.0163633173162288,7.660500959004235,7.660500959004235,41.2522204015779,40.69141571236919,0.013687571501681458,2562349.1818181816,1.295033098356015,27.950988572688896,1695204,-0.34613115220236484,-0.34613115220236484,-0.34613115220236484,-8.040539576881354,1.1144149357013804,1.146064959618251,2.400782825974855,0.0
2021-09-01,44.22999954223633,44.22999954223633,40.779998779296875,40.83000183105469,3368321,40.86600036621094,40.9560001373291,40.96000003814697,40.96000003814697,40.96000003814697,40.96000003814697,40.90660470209595,40.892501963395155,40.84588810119452,40.80015896808927,51.57242663288613,0.06446922202443994,0.027462137924054275,0.04192677841809568,-0.014464640494041406,,-0.34999847412109375,1.2191664377848308,7.267625992960007,7.267625992960007,41.239609858663215,40.68039021763073,0.01365282325467946,2629513.5,1.2809673728619382,1.5066025741284683,1695204,-0.3173784349883176,-0.3173784349883176,-0.3173784349883176,-8.040539576881354,1.1144149357013804,8.327204405353843,8.460031550297504,0.0
2021-09-02,41.2400016784668,41.2400016784668,40.75,40.91999816894531,2147433,40.89000015258789,40.945000076293944,40.95692297128531,40.95692297128531,40.95692297128531,40.95692297128531,40.90928339546582,40.895120649638024,40.84879437836122,40.80135139794854,54.166666666666664,0.1708326180803244,0.026440343471058725,0.03882949142868829,-0.012389147957629562,0.3433040555153477,-0.1100006103515625,1.1630768409142127,6.995306974325217,6.995306974325217,41.22554699811376,40.68829894445686,0.01311739297489603,2592430.3846153845,0.8283474120438513,-36.24618912508636,3842637,-0.09015521592255347,-0.09015521592255347,-0.09015521592255347,-7.837845129138667,1.337288475845211,1.0041631864446052,1.2024581066669862,0.0
2021-09-03,40.65999984741211,40.97999954223633,40.65999984741211,40.91999816894531,2236960,40.90199966430664,40.93999977111817,40.95428548540388,40.95428548540388,40.95428548540388,40.95428548540388,40.91142635016172,40.8974899371911,40.851586683874324,40.80253196283408,54.166666666666664,0.1708326180803244,0.02533847780594556,0.036131288704139744,-0.010792810898194186,-0.6313796364828872,-0.0500030517578125,1.1028570447649275,6.698676798686427,6.698676798686427,41.213124702353824,40.695446268453935,0.012640397159032094,2567039.6428571427,0.871416226946242,4.1690241325340605,3842637,-0.0837209489853922,-0.0837209489853922,-0.0837209489853922,-7.837845129138667,1.337288475845211,-0.6353820458636262,0.7870135170317415,0.0
2021-09-06,41.47999954223633,41.47999954223633,41.04999923706055,41.209999084472656,3188389,40.94199981689453,40.95999984741211,40.97133305867513,40.97133305867513,40.97133305867513,40.97133305867513,40.97114089702391,40.92725271312267,40.865642072133085,40.80658636205437,60.91374883331849,0.44746182870405243,0.04732041132627529,0.038369113228566856,0.008951298097708435,0.43870414460409624,0.20000076293945312,1.0864287785121374,7.052647656873809,7.052647656873809,41.253555263017596,40.68911085433266,0.01377656928752093,2608462.933333333,1.222324825572884,42.5322312424004,7031026,0.5825195520383334,0.5825195520383334,0.5825195520383334,-7.184689936433743,2.05546803963015,1.3685273664455038,1.0475038079600512,0.0
2021-09-07,41.619998931884766,41.619998931884766,40.939998626708984,41.060001373291016,1856286,40.987999725341794,40.94799995422363,40.97687482833862,40.97687482833862,40.97687482833862,40.97687482833862,40.98891299227733,40.93989544266251,40.87326400551183,40.809107904454734,46.51163822260665,0.0,0.05203783058468048,0.04110285669978958,0.010934973884890897,0.21967329730614438,-0.11999893188476562,1.0421431405203683,7.030869639916889,7.030869639916889,41.25310830196773,40.70064135470952,0.013482408055094958,2561451.875,0.7247007129501506,-41.7798141945666,5174740,0.20286209063191968,0.20286209063191968,0.20286209063191968,-7.522522607665101,1.684002692393987,0.9949038013121226,1.660968070311936,0.0
2021-09-08,41.220001220703125,41.220001220703125,40.75,40.880001068115234,2457445,40.997999572753905,40.93199996948242,40.971176371854895,40.971176371854895,40.971176371854895,40.971176371854895,40.967130607444915,40.93419121651515,40.87352820404529,40.80981330906827,45.71432308299309,0.0,0.04078179192029552,0.041038643743890775,-0.0002568518235952569,-0.31698917029633344,-0.15999984741210938,1.0585719517299108,7.059876110414439,7.059876110414439,41.24273483210668,40.69961791160311,0.013256073381301739,2555333.8235294116,0.9616923539977222,32.38504196012899,2717295,-0.22253523528871275,-0.22253523528871275,-0.22253523528871275,-7.927928686470902,1.2382367181134348,0.38967326366478683,1.1533772287193251,0.0
2021-09-09,41.220001220703125,41.220001220703125,40.529998779296875,40.790000915527344,2317747,40.97200012207031,40.9310001373291,40.961111068725586,40.961111068725586,40.961111068725586,40.961111068725586,40.9317046690614,40.92045880689727,40.87025262410341,40.80961617082408,44.94378651304933,0.0,0.024318709091666335,0.03769465681344589,-0.013375947721779552,-0.9470601912536125,-0.009998321533203125,1.0550008501325334,6.8956725588238985,6.8956725588238985,41.23805954532059,40.68416259213058,0.0135225080262267,2542134.5555555555,0.911732620499894,-5.684684703014719,399548,-0.41773806601864205,-0.41773806601864205,-0.41773806601864205,-8.130631725873801,1.0153537309731586,0.8317028955585747,1.7024487100619161,0.0
2021-09-13,40.95000076293945,40.95000076293945,40.5,40.720001220703125,3071349,40.932000732421876,40.917000198364256,40.9484210767244,40.9484210767244,40.9484210767244,40.9484210767244,40.88936397938975,40.90136760821212,40.86436041220536,40.80872447977811,41.98900267451246,0.0,0.0055591248485953315,0.03126755042047578,-0.025708425571880446,-0.779726334516595,-0.1399993896484375,1.0364295414515905,6.721101001205533,6.721101001205533,41.23941600840834,40.65742614504046,0.014212754681735232,2569987.947368421,1.1950830365352316,32.51442025380682,-2671801,-0.5578233543932968,-0.5578233543932968,-0.5578233543932968,-8.288288690780478,0.8420013461969935,0.39225262030137137,1.1111129949122298,0.0
2021-09-14,41.119998931884766,41.119998931884766,40.34000015258789,40.72999954223633,2019311,40.83600082397461,40.88900032043457,40.9375,40.9375,40.9375,40.9375,40.85749109195907,40.885046840023946,40.85909135848108,40.80794114706625,36.36353127492573,0.0,-0.008404320061110582,0.023333176324158506,-0.031737496385269084,-0.17156788267935763,-0.279998779296875,1.051429203578404,6.532823670155433,6.532823670155433,41.23710457961069,40.63789542038931,0.014637170301590815,2542454.1,0.794236953972935,-34.253287399120055,-652490,-0.5068713472089694,-0.5068713472089694,-0.5068713472089694,-8.265769949362472,0.9667808333496456,0.9823126208018658,1.9335616666992912,0.0
2021-09-15,41.43000030517578,41.43000030517578,40.58000183105469,40.959999084472656,4593529,40.816000366210936,40.90200004577637,40.94650001525879,40.938571384974885,40.938571384974885,40.938571384974885,40.87799269046179,40.89218514901906,40.86304852420624,40.809454161368805,47.701083906271926,0.4618106786377675,-0.0009010234437525355,0.018486336370576298,-0.019387359814328833,0.24473439213743564,0.12999725341796875,1.0671433040073939,6.6722585044635085,6.6722585044635085,41.23685492091139,40.65614510960619,0.014182159918156502,2601904.9,1.7654484604721719,127.48001669876507,3941039,0.03296757771441733,0.052341102224283315,0.052341102224283315,-7.7477529801462195,1.5369333900336921,1.7186368053197842,2.094624040826471,0.0
2021-09-16,41.220001220703125,41.220001220703125,40.459999084472656,40.52000045776367,7757035,40.74400024414062,40.87099990844727,40.913500022888186,40.919545433738016,40.919545433738016,40.919545433738016,40.80639424392216,40.85673898794712,40.849595658855556,40.80657402501453,42.78348893730484,0.2615030863620342,-0.030111709723819047,0.00876672715169723,-0.03887843687551627,-1.1948253689936128,-0.3100013732910156,0.8557147979736328,6.763928295546272,7.5410341724273255,41.23990076482379,40.587099280952586,0.015955649932320754,2815121.45,2.7554885775887215,68.8687499306089,-3815996,-0.9617841663616644,-0.976415968797445,-0.976415968797445,-8.738740844082503,0.44620799329430316,0.6347708545946521,1.8784037405530611,0.0
2021-09-17,40.52000045776367,40.52000045776367,39.959999084472656,40.20000076293945,7078265,40.626000213623044,40.79900016784668,40.87200012207031,40.88826088283373,40.88826088283373,40.88826088283373,40.68511554772562,40.79419249032735,40.82412134921179,40.80053847016801,34.99990463193997,0.0,-0.07818146283835858,-0.008622910846313933,-0.06955855199204465,-1.5429856474707848,-0.7199974060058594,0.8542861938476562,7.161265273713696,7.798551874639298,41.323224715218025,40.4207755289226,0.022079888030928974,3069240.15,2.306194580440374,-8.750379494226856,-10894261,-1.6441557964470344,-1.6832707115289134,-1.6832707115289134,-9.459460852701657,0.6006048147284739,0.0,1.4014048701733244,0.0
2021-09-20,40.31999969482422,40.31999969482422,39.58000183105469,40.16999816894531,6530151,40.51599960327148,40.72400016784668,40.831999969482425,40.85833326975504,40.85833326975504,40.85833326975504,40.58209207196956,40.73474541210049,40.79846945978957,40.794264437320024,29.80759531743746,0.0,-0.11734536280126662,-0.03036740123730447,-0.08697796156396215,-1.616467383078557,-0.75,0.8414290291922433,7.159923365315206,7.6193164107692875,41.37843714585088,40.28556279311397,0.02676514384682898,3253433.95,2.0071564692438275,-7.743620788427674,-17424412,-1.62128184030145,-1.6846871757230086,-1.6846871757230086,-9.527034260276098,1.4906425229816704,0.2985048000182954,1.8696256430916203,0.0
2021-09-21,43.599998474121094,43.599998474121094,40.119998931884766,40.22999954223633,4222239,40.41599960327149,40.626000213623044,40.793000030517575,40.833199920654295,40.833199920654295,40.833199920654295,40.511673566022914,40.68667437687533,40.77617652184631,40.78864986124954,34.693782223078586,0.1570810387451639,-0.1419056265803178,-0.052675046305907136,-0.08923058027441066,-1.6862137282123157,-0.9799995422363281,1.0200004577636719,7.181022605892501,7.484269324987124,41.394510539319285,40.191489521715866,0.0294908689408337,3347264.35,1.2613999249865042,-35.342398667350885,-13202173,-1.380139945235854,-1.4772302430132471,-1.4772302430132471,-9.391896036787427,1.6422376986138714,8.538711629385762,8.673977155743767,0.0
2021-09-22,40.63999938964844,40.66999816894531,40.40999984741211,40.599998474121094,3523204,40.34399948120117,40.579999923706055,40.763999938964844,40.824230634249176,40.824230634249176,40.824230634249176,40.52933854764255,40.67841952899398,40.769267578798264,40.786772733019404,45.06429336241024,0.49047202307362037,-0.13001525603941388,-0.0681430882526085,-0.06187216778680539,-0.7820129744460003,-0.4600028991699219,0.8050003051757812,7.843784514668253,7.950183641236895,41.342433580690376,40.18556629723931,0.028379631174154128,3390264.85,1.0392120249838297,-16.556026316842797,-9678969,-0.4023193628920279,-0.5492624273486352,-0.5492624273486352,-8.558565137757821,2.5770505201596814,1.0191395776220735,0.6434009465848924,0.0
2021-09-23,40.47999954223633,40.47999954223633,40.209999084472656,40.34000015258789,4144040,40.30799942016601,40.52599983215332,40.72899990081787,40.80629617196542,40.80629617196542,40.80629617196542,40.49147086863162,40.6461891121934,40.752433562084136,40.782327234706656,38.40002197268978,0.2762291599591545,-0.13995839017054124,-0.08250614863619504,-0.05745224153434619,-2.111135528300867,-0.5400009155273438,0.7978572845458984,8.051870161026498,8.028716363023026,41.32165321143978,40.136346590195956,0.029102276612002525,3515390.9,1.1788276518551608,17.62134693307569,-13823009,-0.9550928065438853,-1.1427060603894832,-1.1427060603894832,-9.144146922888304,1.9201573683023536,-0.2955638827455974,0.6714759112440125,0.0
2021-09-24,40.220001220703125,40.220001220703125,39.9900016784668,40.04999923706055,6573931,40.27799911499024,40.45199966430664,40.691499900817874,40.77928556714739,40.77928556714739,40.77928556714739,40.40317654231741,40.589409124085506,40.724887117965565,40.775040388958935,34.40860509091705,0.14791317001411233,-0.16928760373220086,-0.0998624396553962,-0.06942516407680466,-2.45982002545051,-0.7400016784667969,0.8000000544956752,8.176435146400642,8.142099681511654,41.35581692119829,40.02718288043746,0.032651390192036826,3757034.95,1.7497657294883562,58.63579984749181,-20396940,-1.5764979549068754,-1.7883744649866327,-1.7883744649866327,-9.797302115593228,1.1874618096583736,-0.29746884340819085,0.5751426171111534,0.0
2021-09-27,40.619998931884766,40.619998931884766,39.97999954223633,40.0099983215332,6448927,40.24599914550781,40.380999374389646,40.648999786376955,40.7527584207469,40.7527584207469,40.7527584207469,40.32454089816058,40.53422714289005,40.69685226320351,40.76742803007908,26.377910775030216,0.0,-0.19352808506921804,-0.11859556873816057,-0.07493251633105746,-2.128186702178436,-0.7100028991699219,0.8057141985212054,8.127248482566786,7.990511801415634,41.37392199067464,39.92407758207927,0.0356674067311557,3972316.25,1.623467668265335,-1.9015106790746694,-26845867,-1.5719980029075782,-1.8226007956201662,-1.8226007956201662,-9.887394264585675,1.0863983592369064,1.423220238907684,1.6007988918867264,0.0
2021-09-28,40.119998931884766,40.119998931884766,39.900001525878906,39.939998626708984,4523276,40.18799896240235,40.30199928283692,40.59549980163574,40.7256664276123,40.7256664276123,40.7256664276123,40.24763244387026,40.47763395087281,40.667171728439016,40.759194901687344,27.23570806079948,0.0402284069303204,-0.21589848815321488,-0.13805615262117144,-0.07784233553204345,-2.083849643883662,-0.7900009155273438,0.7728568485804966,7.935590933215197,7.852867296523799,41.364819486815954,39.826180116455525,0.0379017225524695,4068808.25,1.1116955437750107,-29.860021674923598,-31369143,-1.6147138922535016,-1.929171134129386,-1.929171134129386,-10.045051229492351,0.9095421399698911,0.27493280421449223,0.5513719237909561,0.0
2021-09-29,40.31999969482422,40.31999969482422,39.91999816894531,40.02000045776367,4920311,40.07199935913086,40.20799942016602,40.55499973297119,40.70290300923009,40.70290300923009,40.70290300923009,40.20210604664894,40.43404980867194,40.64179246292233,40.75183973309109,31.779652797982735,0.2533273068555702,-0.22458286315593057,-0.15536149472812327,-0.0692213684278073,-1.7190587965492332,-0.9399986267089844,0.7678568703787667,7.931636027501946,7.756413719756859,41.35693211984238,39.7530673461,0.03954789259777585,4148907.45,1.1859293221881824,8.777598360126593,-26448832,-1.3191943748739914,-1.6777735762767574,-1.6777735762767574,-9.864866931507457,1.1116690408128254,0.9514298477244242,1.0020078763181826,0.0
2021-09-30,40.36000061035156,40.36000061035156,39.650001525878906,39.720001220703125,6960363,39.94799957275391,40.127999496459964,40.49949970245361,40.67218732833862,40.67218732833862,40.67218732833862,40.10568508145978,40.36604518124634,40.60564378675687,40.74157268321659,29.182882842766176,0.131545715568301,-0.2527590748676687,-0.17484101075603237,-0.07791806411163632,-2.4797405668660844,-0.7999992370605469,0.7692852020263672,8.248935502929829,7.875522915831093,41.37184622595721,39.62715317895001,0.04307937282745009,4328509.55,1.6080276408307799,41.46185068382873,-33409195,-1.924711385269932,-2.34112343147096,-2.34112343147096,-10.540540865630387,0.3537124385340306,0.849575583955128,1.7906659701116316,0.0
2021-10-01,40.650001525878906,40.650001525878906,40.0,40.209999084472656,5920969,39.97999954223633,40.12899932861328,40.46399974822998,40.65818162397905,40.65818162397905,40.65818162397905,40.12654788206236,40.35118364822028,40.590128308235926,40.73628339367685,41.47153009020043,0.7078505259170716,-0.23286586043949598,-0.1864459806927251,-0.046419879746770865,-1.8310547284272616,0.009998321533203125,0.8035708836146763,9.505073295502092,8.576645886080328,41.32196329592439,39.60603620053557,0.04240626497789263,4517186.35,1.3107648304126307,-14.933043003647938,-27488226,-0.6277201100675546,-1.1023182090417574,-1.1023182090417574,-9.436942111283651,1.5917059734031378,2.341390424457088,1.6250038146972658,0.0
2021-10-04,39.880001068115234,40.720001220703125,39.880001068115234,40.2400016784668,6907829,40.02600021362305,40.13599967956543,40.429999923706056,40.645882213816925,40.645882213816925,40.645882213816925,40.14923864134325,40.34059488919614,40.57639785216655,40.731345267157344,41.86050637852416,0.7260924773344156,-0.21223289735875284,-0.19160336402593067,-0.020629533332822164,-0.6910137614354994,0.07000350952148438,0.807856695992606,9.517860403222505,8.447929162976996,41.265476805842795,39.59452304156932,0.0413295515069669,4750729.8,1.4540563851894923,16.667204303890127,-20580397,-0.4699437190150825,-0.9985772561535294,-0.9985772561535294,-9.36936870370921,1.6675083801897903,-0.8206864557847072,2.106319283074156,0.0
2021-10-05,40.58000183105469,40.599998474121094,40.310001373291016,40.349998474121094,3486231,40.10800018310547,40.1479995727539,40.386999893188474,40.63742839268276,40.63742839268276,40.63742839268276,40.18939060789882,40.341490468712806,40.567519445184374,40.72755077170425,39.4463539934213,0.6993565050528797,-0.18487418876912187,-0.19025752897456893,0.0053833402054470625,0.3731286276987378,0.11999893188476562,0.7728565761021206,9.158386716138326,8.362578074381087,41.137666149737626,39.63633363663932,0.03717365778762671,4765621.9,0.7315374725804411,-49.532175738571404,-17094166,-0.09161715196780561,-0.7073034144390364,-0.7073034144390364,-9.121628181470298,1.9454184119371682,0.8449307614463428,0.7194172437370026,0.0
2021-10-06,40.47999954223633,40.47999954223633,40.29999923706055,40.45000076293945,3648125,40.194000244140625,40.13299980163574,40.3564998626709,40.63222206963433,40.63222206963433,40.63222206963433,40.24151263890695,40.35182478244867,40.56291086941006,40.72478908007475,48.62745860684431,1.0,-0.15335508419892108,-0.18287704001943936,0.02952195582051828,0.6970440795553978,-0.14999771118164062,0.7314278738839286,9.18634566510603,8.272554065943314,41.038456377192084,39.67454334814972,0.033796613524057426,4855213.85,0.7513829694648775,4.643811612024562,-13446041,0.23168733806629904,-0.4484650295093191,-0.4484650295093191,-8.896397808989178,2.1980770379908363,0.32218357628591227,0.44665088978525336,0.0
2021-10-07,40.95000076293945,40.95000076293945,40.40999984741211,40.54999923706055,4512371,40.35999984741211,40.153999710083006,40.339999771118165,40.62999983091612,40.62999983091612,40.62999983091612,40.30320995853767,40.37069854003076,40.562404530886546,40.7230498776567,57.51069096719691,1.0,-0.11893590650948482,-0.17008881331744846,0.05115290680796364,0.7954255492552464,0.20999908447265625,0.729999269757952,9.148083869133469,8.184780462109368,40.98350999709138,39.69648954514495,0.031904324721089554,4957960.15,0.9101265164464865,23.690142196333742,-8933670,0.5205737906144775,-0.19690030565714858,-0.19690030565714858,-8.671176028168274,2.4507260261033994,1.2360939198253444,1.3363051659648195,0.0
2021-10-08,40.81999969482422,40.81999969482422,40.5,40.540000915527344,2632366,40.42600021362305,40.202999877929685,40.32749977111816,40.62763143840589,40.62763143840589,40.62763143840589,40.350568149935604,40.38682257579234,40.561525957735206,40.721228494948946,58.00872592279441,1.0,-0.09141150625961814,-0.1543533519058824,0.06294184564626426,-0.14777724346958232,0.4900016784667969,0.6999994005475726,9.123390058291719,8.070336161507068,40.9433218796977,39.71167766253863,0.03054105075071264,4973691.1,0.5292580393663773,-41.66335170578838,-11566036,0.5269385546221506,-0.21569193126949043,-0.21569193126949043,-8.693694769586278,2.425464982468585,0.6658457776662688,0.7901227032696758,0.0
2021-10-11,40.91999816894531,40.91999816894531,40.47999954223633,40.70000076293945,4870323,40.51800003051758,40.27200012207031,40.32649974822998,40.62948706211188,40.62948706211188,40.62948706211188,40.42045467253638,40.41664906980635,40.56695634225302,40.72101727373493,59.75107872218511,1.0,-0.056041558050807794,-0.1346909931348675,0.0786494350840597,0.8924159865886017,0.69000244140625,0.4828564780099051,9.227775399250786,8.030192203400926,40.9396975320329,39.71330196442705,0.03041165425371881,5063639.8,0.9618225609175439,85.01693913384385,-6695713,0.926192496351904,0.1735530175898567,0.1735530175898567,-8.333334765276703,2.8297091462133492,0.9373390351168563,1.0869531415134905,0.0
2021-10-12,40.97999954223633,40.97999954223633,40.75,40.84000015258789,3692920,40.61600036621094,40.3620002746582,40.33199977874756,40.63474988937378,40.63474988937378,40.63474988937378,40.50436376854668,40.45696822054745,40.57766394265831,40.72220118297725,55.504634514666485,0.8727587319776562,-0.016523367453139315,-0.11105746799852186,0.09453410054538254,1.9725366556219814,0.9000015258789062,0.47142791748046875,9.309196531365608,7.9732089200865985,40.96217440861114,39.70182514888398,0.031249361961746543,5147320.25,0.7174451599354053,-24.175049580900488,-3002793,1.2595467039251955,0.5051101920717997,0.5051101920717997,-8.01802083546335,3.18342158474738,0.6879576757940405,0.5644160545676764,0.0
2021-10-13,41.119998931884766,41.119998931884766,40.7400016784668,40.91999816894531,4781734,40.70999984741211,40.452000045776366,40.32999973297119,40.64170716448528,40.64170716448528,40.64170716448528,40.587490648626414,40.50106631087105,40.59108881427741,40.72416931219087,64.49997806544889,1.0,0.021008086513177204,-0.08464435709618205,0.10565244360935926,2.2744311061926537,0.8999977111816406,0.4707134791782924,9.110728879271614,7.885052785053394,40.95198285675804,39.708016609184334,0.030844687721550454,5156730.5,0.9272801826661292,29.483823099336036,1778941,1.4629269523445585,0.6847424084173667,0.6847424084173667,-7.837845129138667,3.3855388476492094,0.6855993590860269,0.9327374515519891,0.0
2021-10-14,41.060001373291016,41.54999923706055,41.060001373291016,41.52000045776367,5940090,40.90400009155273,40.63199996948242,40.37999973297119,40.662618909563335,40.662618909563335,40.662618909563335,40.77399261045387,40.59810765819416,40.62751672186511,40.73208803005727,81.81824186857611,1.0,0.0980370938681645,-0.04810806690331274,0.14614516077147724,3.955938621385169,1.7999992370605469,0.49071366446358816,9.576126404650646,8.57264083518724,41.196616724866075,39.56338274107631,0.04044660709732972,5065883.25,1.1725674886013213,24.22460136845754,7719031,2.823181605575005,2.108525154533742,2.108525154533742,-6.486488669232594,4.9014616901479044,0.3421388333588765,1.193370305360653,0.0
2021-10-18,44.0,44.0,40.52000045776367,40.97999954223633,8075613,40.991999816894534,40.70900001525879,40.418999671936035,40.66999985450922,40.66999985450922,40.66999985450922,40.815193996810365,40.63447831381722,40.641339577565944,40.734554811272986,67.25982319337953,0.7332769723284196,0.11419322780658803,-0.01564780796133259,0.1298410357679206,2.398798284587289,0.7700004577636719,0.6935708182198661,10.372417681321771,9.092907151186568,41.27306499256313,39.56493435130894,0.042260586731941954,5115750.65,1.578578306978273,35.9510209441271,-356582,1.387960797777511,0.7622318387904691,0.7622318387904691,-7.702706905649996,3.53713402328141,5.973023879802493,8.588350204644572,0.0
2021-10-19,41.2400016784668,41.2400016784668,41.0099983215332,41.20000076293945,3396263,41.09199981689453,40.804999923706056,40.47049980163574,40.68204532970082,40.68204532970082,40.68204532970082,40.892155350036184,40.688337594686004,40.6632478593453,40.739186114274645,71.28382645184072,0.7998604814005392,0.14309977510437477,0.016101708651808884,0.1269980664525659,3.72608131105725,0.9599990844726562,0.6964282989501953,10.464868125616249,9.073040885475713,41.38352792191405,39.55747168135743,0.04512067430614779,4959056.25,0.6848607534951837,-57.94420807435918,3039681,1.8025499187786873,1.2731794309773514,1.2731794309773514,-7.207208677851748,4.092973362658375,0.6344610520614958,0.5608470284009386,0.0
2021-10-20,41.52000045776367,41.52000045776367,40.880001068115234,41.060001373291016,4359620,41.136000061035155,40.876000213623044,40.511999893188474,40.69044435289171,40.69044435289171,40.69044435289171,40.92572455468715,40.72373414502934,40.6788068206765,40.74237830590665,67.21857734370461,0.7226262954202991,0.15294854574915462,0.043471076071278036,0.10947746967787658,2.113907754717137,0.7100028991699219,0.7135710035051618,10.594331771955137,9.009182880404214,41.45399366132354,39.57000612505341,0.046504431803844185,4965925.3,0.8779068827314016,28.36520611036306,-1319939,1.3526892810707198,0.9082157402713219,0.9082157402713219,-7.522522607665101,3.739260924124345,0.7766982740254398,1.565556196004142,0.0
2021-10-21,41.27000045776367,41.380001068115234,41.06999969482422,41.16999816894531,4069266,41.18600006103516,40.94799995422363,40.54049987792969,40.7008694358494,40.7008694358494,40.7008694358494,40.97457927753878,40.76623548064038,40.698069226490965,40.74663322991699,75.61837312937917,0.8536796671070137,0.16769648883359167,0.06831615862374077,0.0993803302098509,2.3111243829201378,0.7199974060058594,0.6857139042445591,10.175916008465142,8.926157235441933,41.527136506958676,39.553863248900704,0.04867412251944691,4993228.4,0.8149569124456634,-6.660075878172867,2749327,1.552764008611354,1.152625827404819,1.152625827404819,-7.274782085426191,4.017170955871722,0.511444416583137,0.7548122123070847,0.0
2021-10-22,35.79999923706055,43.880001068115234,35.79999923706055,41.290000915527344,2449953,41.14000015258789,41.02200012207031,40.58799991607666,40.71340414818297,40.71340414818297,40.71340414818297,41.0376636051365,40.81611790301057,40.721282233904155,40.7520398735549,71.9512648982592,0.7671338836874787,0.18691294267171799,0.09203551543333621,0.09487742723838177,2.329621999884668,0.7400016784667969,1.1964282989501953,9.843502071467364,8.848999132306826,41.62422005345772,39.551779778695604,0.05106041881953475,4908524.05,0.49912213427985547,-39.79373675743979,5199280,1.7295777099196843,1.4162332514514393,1.4162332514514393,-7.0045056384488475,15.335200545991878,-13.043476246582339,22.569837997901917,0.0
2021-10-25,41.529998779296875,41.65999984741211,41.33000183105469,41.58000183105469,6275955,41.26000061035156,41.126000213623044,40.664500045776364,40.731458266576134,40.731458266576134,40.731458266576134,41.14613125032014,40.888868753300486,40.75495751222378,40.76027830099271,74.63237923736835,0.8304096656636992,0.2229724830408415,0.11822290895483728,0.10474957408600422,2.7935748993867637,1.0400009155273438,1.1628567831856864,9.526779375577597,8.889887256464688,41.75781951987526,39.571180571677466,0.05377267507866268,4893625.25,1.2824756043589567,156.16634278290235,11475235,2.251353844871412,2.0832634052163583,2.0832634052163583,-6.351350445743924,16.1452589865159,0.5812493544394151,0.7984466531270917,0.0
2021-10-26,41.790000915527344,41.810001373291016,41.58000183105469,41.65999984741211,4449235,41.3520004272461,41.22200012207031,40.74700012207031,40.75040809475646,40.75040809475646,40.75040809475646,41.24890496973854,40.96230980988255,40.79044936850568,40.769230754190914,74.3494803358637,0.7749748334103428,0.2550648708680612,0.14559130133748205,0.10947356953057913,2.7373628390529703,0.9599990844726562,1.153571265084403,9.466142568682532,8.801597105776072,41.8806409814125,39.613359262728125,0.05564291142641239,4793640.65,0.9281536362138451,-29.106645920820018,15924470,2.2406550730277655,2.2321046467573704,2.2321046467573704,-6.171174739419242,16.36871713752783,0.5050482809642762,0.5531494278688303,0.0
2021-10-27,41.720001220703125,44.5,41.09000015258789,41.33000183105469,2725005,41.40600051879883,41.27100028991699,40.8165002822876,40.761999969482424,40.761999969482424,40.761999969482424,41.26512434200177,40.99732809761323,40.81160828860565,40.77481056590101,65.0685405750014,0.36345856847764874,0.2509771293039762,0.16666846693078088,0.08430866237319531,1.9486948635582424,0.4900016784667969,1.3842855181012834,10.032877004496967,8.915204515224998,41.91160486504783,39.72139569952737,0.05365989612957833,4703727.1,0.5793288900625209,-38.7534036750138,13199465,1.258073438966357,1.3934592561638612,1.3934592561638612,-7.123591390888342,15.446934949287435,0.14402634064038017,8.298855767216015,0.0
2021-10-28,43.79999923706055,43.79999923706055,41.29999923706055,41.56999969482422,3762963,41.48600082397461,41.33600044250488,40.89400024414063,40.77779998779297,40.77784310135187,40.77784310135187,41.326099412566265,41.05186824972856,40.841349128065204,40.78272289554204,66.66670822118806,0.42419397524616237,0.2640594732874675,0.18614666820211823,0.07791280508534926,2.1375894731603173,0.6500015258789062,1.5242854527064733,10.137039710651944,8.910256263949465,41.97100205097083,39.816998437310424,0.052672851782677756,4645859.7,0.8099605332464086,38.09013194471203,16962428,1.6530528846476675,1.9427230190652764,1.9426152371607102,-6.584270348709621,16.11732005790242,5.9762818692883375,6.053268876955875,0.0
2021-10-29,41.91999816894531,41.91999816894531,41.18000030517578,41.5,3459177,41.52800064086914,41.33400039672851,40.98300018310547,40.784199981689454,40.79173073401818,40.79173073401818,41.36087953005301,41.09454746404012,40.86717857402343,40.789859981158536,65.38462478970226,0.37547076469421525,0.2657159269832903,0.20206051995835264,0.06365540702493763,1.6160623039818578,-0.020000457763671875,1.5542853219168526,9.615508466752527,8.832686191309387,41.9388930917685,40.027107274442436,0.04664826412865117,4470800.4,0.7737265568822977,-8.073053070147118,13503251,1.2614982177601943,1.7550914781506382,1.736305994467549,-6.741573033707865,15.921790179924782,0.8419496672853506,1.7969836286682184,0.0
2021-11-01,41.720001220703125,41.720001220703125,40.97999954223633,41.279998779296875,3810487,41.46800003051758,41.36400032043457,41.03650016784668,40.78919998168945,40.80094333864608,40.80094333864608,41.34470337990179,41.11220949406457,40.883367601681215,40.79473698412509,59.119475730461346,0.13737535744059717,0.2464356616805219,0.2109355483027865,0.0355001133777354,0.8797669268342467,0.2999992370605469,1.575714111328125,9.189004002687792,8.833928237939112,41.92782159386293,40.145178741830435,0.043440421204078435,4365276.3,0.8729085487670047,10.15588389955182,9692764,0.5933708051472207,1.2032567391067934,1.174128344716584,-7.235957799332865,15.307261617378398,0.5301234233810241,1.8057630227743389,0.0
2021-11-02,41.31999969482422,41.540000915527344,41.31999969482422,41.45000076293945,6446940,41.42600021362305,41.38900032043457,41.09700012207031,40.79879997253418,40.81296292057744,40.81296292057744,41.36576285650933,41.144380091100274,40.90558850996585,40.80125702172523,59.50156984938477,0.016833255014766228,0.24208306890847808,0.21716505242392484,0.024918016484553246,-0.16859271207240178,0.25,1.5742857796805245,9.238909427717058,8.789292923055246,41.92251737116113,40.2714828729795,0.04017408796937895,4342231.85,1.4847065340373293,69.18939757569045,16139704,0.8589450320476524,1.5961273146358863,1.5608713427684642,-6.853930869798981,15.782127503594925,0.0969014455189504,0.5324327742690728,0.0
2021-11-03,41.439998626708984,41.439998626708984,40.779998779296875,41.099998474121094,2904207,41.37999954223633,41.39300003051758,41.134500122070314,40.80059997558594,40.81818174882368,40.81818174882368,41.31260998003168,41.14015327043559,40.91321243012881,40.80422957349036,52.586208786510895,0.0,0.20799372596015786,0.21533078713117146,-0.007337061171013598,0.2928231655080715,0.039997100830078125,1.5950004032679967,9.87307856685499,8.910528985885225,41.88154996732788,40.38745027681275,0.0363223008929549,4313130.65,0.6733408365452597,-54.95216335191579,13235497,-0.08387520900177088,0.733809058480285,0.6904195954429846,-7.64045286714361,14.80446745812757,-0.024130605660716137,1.6184400862394754,0.0
2021-11-04,41.779998779296875,42.970001220703125,41.099998474121094,41.36000061035156,3104231,41.337999725341795,41.412000274658205,41.180000114440915,40.80419998168945,40.82785708563669,40.82785708563669,41.32208810609566,41.16109111233235,40.93073353523558,40.809759633558635,47.45223432908169,0.0,0.19965616356648752,0.21219586241823468,-0.01253969885174716,0.38834913701271123,0.19000244140625,1.6835719517299108,10.045218511791772,8.925614743581122,41.85928806983352,40.50071215904831,0.03299115849950625,4285935.95,0.7242831055373098,6.887387848042503,16339728,0.4371065940029592,1.3621162255638468,1.3033834315592443,-7.056178403704354,15.530730423969514,1.6545020204902154,4.549885197099197,0.0
2021-11-08,42.08000183105469,42.08000183105469,41.459999084472656,41.5,4645164,41.337999725341795,41.43300018310547,41.22750015258789,40.813399963378906,40.839649066590425,40.839649066590425,41.357670484876536,41.193368149253075,40.95305771032438,40.81662769690631,59.489053635446034,0.42735070616911175,0.20201664390162222,0.2101600187149122,-0.008143374813289972,1.071599152442304,0.20999908447265625,1.486429214477539,10.066692723154098,8.868869136171794,41.851945396725775,40.60305490845001,0.030292656204074217,4292575.6,1.0821391241193283,49.639765855053966,20984892,0.6609662152775505,1.6822907114750727,1.6169358662530382,-6.741573033707865,15.921790179924782,1.7408153048308308,1.495423927334892,0.0
2021-11-09,41.959999084472656,41.959999084472656,41.41999816894531,41.66999816894531,3392048,41.41599960327149,41.44199981689453,41.28400001525879,40.830799942016604,40.85396543042413,40.85396543042413,41.42013602169029,41.23876148446186,40.981173022427164,40.82511894538431,58.7360157239349,0.40061513134111354,0.21512494659969406,0.21115300429186856,0.003971942307825493,1.2144766146167774,0.089996337890625,1.5064291272844588,10.10399819798201,8.825102219630358,41.84809798226086,40.71990204825672,0.027327679817535904,4330559.7,0.783281662183297,-26.976787041318673,24376940,0.9349824473012669,2.0553068470871136,1.9974382655972895,-6.359554676527387,16.39664541056213,1.1084315288497741,1.3037202786073758,0.0
2021-11-10,41.779998779296875,41.84000015258789,41.560001373291016,41.790000915527344,3598237,41.48399963378906,41.454999923706055,41.338500022888184,40.849399948120116,40.86983043864622,40.86983043864622,41.4941090004577,41.29126047789667,41.01289176333305,40.83471976100763,63.67039325642033,0.575803415666167,0.2325162866562991,0.21542566076475467,0.01709062589154442,1.2109469336726741,0.13000106811523438,1.4807147979736328,10.075215850006485,8.76281667937375,41.87497148100302,40.802028564773344,0.025955051964527357,4266955.4,0.8432797305544838,6.078599123597317,27975177,1.092204343140594,2.302606570969996,2.2514663432785342,-6.08988558308462,16.7318486204488,0.26398035801580805,0.6737217758534995,0.0
2021-11-11,42.56999969482422,42.75,39.29999923706055,42.70000076293945,7209037,41.80400009155274,41.59199981689453,41.43150005340576,40.88319999694824,40.90033327738444,40.90033327738444,41.73528735295405,41.42542621932932,41.07905290057252,40.853279770977096,72.04611489587651,0.904847293852972,0.3160848026006846,0.23555748913194066,0.08052731346874395,2.6936000061651644,1.3699989318847656,1.7042863028390067,12.368182652571214,9.721877385403872,42.19917045299989,40.66382965381164,0.03705733070753346,4442761.25,1.6226478521662626,100.34914320540867,35184214,3.0616818312119416,4.443881022343719,4.400129146502888,-4.044942105754038,19.273747689737238,1.866472271377868,8.778628065941655,0.0
2021-11-12,42.970001220703125,42.970001220703125,40.099998474121094,42.45000076293945,3350209,42.02200012207031,41.679999923706056,41.508000183105466,40.915599975585934,40.92573766239354,40.92573766239354,41.87823003495113,41.523004747292184,41.13281556184181,40.869167542041396,66.11109874867412,0.6864887763679189,0.3580135851485622,0.26004870833526494,0.09796487681329724,1.8963056131082068,0.8800010681152344,1.3321435110909599,12.698634273107276,9.735055096564695,42.36121995143746,40.65478041477347,0.04111109976718526,4371185.0,0.7664303844380872,-53.52764869981941,31834005,2.269443422180091,3.7501607901853715,3.724460907998621,-4.606739858563027,18.57542365250878,0.6323195619191018,7.1571143535933395,0.0
2021-11-15,42.880001068115234,42.880001068115234,42.15999984741211,42.650001525878906,3314639,42.252000427246095,41.795000076293945,41.56450023651123,40.95199996948242,40.95354836986911,40.95354836986911,42.03258433313669,41.63033777382425,41.19231305062758,40.886887283174104,65.24215161836531,0.6614029289391925,0.4027383208248452,0.28858663083318103,0.11415168999166414,3.1938050722088107,1.1500015258789062,1.3571436745779855,11.842169684823144,9.587306891871004,42.5590222652373,40.569978207785155,0.047854396086421,4239912.45,0.7817706235891734,-1.061724805825548,35148644,2.611606739383209,4.146321443792345,4.142383806864297,-4.157299941845154,19.134085013407383,1.0129571200177425,1.7077827877348073,0.0
2021-11-16,42.97999954223633,42.97999954223633,42.380001068115234,42.79999923706055,3456788,42.47800064086914,41.947000122070314,41.65550022125244,40.989599990844724,40.98285711379278,40.98285711379278,42.18606731392146,41.74173410365628,41.2553595677426,40.90592322301377,65.921771041561,0.7509809874174865,0.4451550870378469,0.31990032207411423,0.12525476496373267,2.958863486326835,1.5200004577636719,1.3835721697126115,10.554677736515785,9.564521384138013,42.7526063271409,40.558394115363974,0.052675209759153296,4008971.2,0.862263116282801,4.288521314085791,38605432,2.747533962451831,4.416728259412599,4.433907861090058,-3.820226433571805,19.553073042396953,0.7737350634259361,1.4157585158073651,1.0
2021-11-17,42.79999923706055,42.79999923706055,42.08000183105469,42.540000915527344,3333642,42.62800064086914,42.0560001373291,41.722500228881835,41.022000045776366,41.007187485694885,41.007187485694885,42.256854034242636,41.817759514310666,41.30573765981259,40.92218270254128,67.23644370444917,0.8044362629815699,0.45257399688826183,0.34643505703694377,0.10613893985131806,2.506026302475517,1.0900001525878906,1.1914291381835938,10.874370600393291,9.655958773468631,42.865200658123385,40.579799799640284,0.05477622016767497,4005840.15,0.8321954634160826,-3.5624400454988825,35271790,1.9593760732478958,3.700455531317448,3.737914067789144,-4.404492324657654,18.826820732134188,0.0,1.711020377082083,1.0
2021-11-18,43.08000183105469,43.08000183105469,42.5,42.61000061035156,2523169,42.61000061035156,42.20700035095215,41.80000019073486,41.05000007629395,41.03184614915114,41.03184614915114,42.32748334946443,41.893211047266945,41.356885226500395,40.93897691057919,65.56885748810478,0.7366313384266436,0.4588130159093211,0.3689106488114193,0.08990236709790184,3.2219037557765784,1.5100021362304688,1.0542864118303572,10.712697976420218,9.657962008838696,42.96357070282728,40.63642967864244,0.055673229989617566,3914017.6,0.6446493751075622,-24.311938714475033,37794959,1.9378000380876532,3.8002448992893005,3.846169766439008,-4.24718963965941,19.022350610111825,1.269395636825763,1.3647101907169117,1.0
2021-11-22,42.470001220703125,42.470001220703125,42.150001525878906,42.22999954223633,3812844,42.566000366210936,42.294000244140626,41.853000259399415,41.073400039672855,41.04999998844031,41.04999998844031,42.30798658801881,41.92528614202593,41.39112500358808,40.95182290691409,59.99997909757982,0.5101978410612978,0.42815902234784886,0.38076032351870526,0.047398698829143604,1.881782303835977,0.8699989318847656,1.0342864990234375,11.369955663786701,9.826714360138997,42.992051050574716,40.713949468224115,0.05443102210668831,3901196.5,0.9773524609693462,51.1133023590572,33982115,0.9007700296282715,2.8159331865545885,2.8745421537839313,-5.101124624188027,17.960895089962392,-0.3285599334500512,0.7591926055512667,1.0
2021-11-23,42.060001373291016,42.060001373291016,40.439998626708984,41.34000015258789,5111606,42.30400009155274,42.27800025939941,41.85550022125244,41.0826000213623,41.05432834909923,41.05432834909923,42.11438930093262,41.86954461922231,41.389120107470426,40.95568536707005,50.694459774844745,0.13183057618570823,0.3282659533194945,0.37026144947886314,-0.04199549615936865,0.5839457113798074,-0.15999984741210938,1.1092864445277624,13.878164423149908,10.76387382798958,42.98955676865617,40.72144367384871,0.05418912885565778,4034279.15,1.2670432089460146,34.0628150535401,28870509,-1.2316184633789224,0.6265429429776678,0.695838453523084,-7.101123252611481,15.474863222321734,-0.4025530920863232,4.005941645883452,0.0
2021-11-24,41.68000030517578,41.68000030517578,41.0,41.20000076293945,3087852,41.98400039672852,42.23100051879883,41.83650016784668,41.090800018310546,41.056470590479236,41.056470590479236,41.93151159333399,41.805778537671564,41.38170366258686,40.95811636603393,47.086247708069905,0.0,0.23509318777467314,0.34322779713802515,-0.10813460936335201,-0.3868468207228859,-0.4699974060058594,1.1392863137381417,13.677844041091806,10.716958609202965,43.00228071383091,40.670719621862446,0.05573030924227217,3874874.0,0.7968909440668265,-39.5913534806869,25782657,-1.5213973500498645,0.2657547299644841,0.34959208718126095,-7.41572862260797,15.083803466366463,0.8224483583283358,1.6585373296970276,0.0
2021-11-25,41.459999084472656,41.459999084472656,41.20000076293945,41.29999923706055,1942891,41.736000061035156,42.18200035095215,41.8185001373291,41.10239997863769,41.05999999115433,41.05999999115433,41.805209122079305,41.757609080470516,41.37849956746818,40.96151818564613,52.475258743358495,0.2159070396785296,0.1673925438985151,0.30806074649012316,-0.14066820259160806,-0.48192954925169174,-0.4900016784667969,1.1100003378731864,13.690592634239215,10.723714942972645,43.00665759634979,40.630342678308416,0.056824489406308624,3749556.8,0.5181655069207113,-37.07952971839323,27725548,-1.239884019192067,0.4807487118162297,0.5845086360397534,-7.191012950425738,15.363128819026176,0.6310638755305045,0.6310638755305045,0.0
2021-11-26,41.63999938964844,41.880001068115234,41.209999084472656,41.77000045776367,4643543,41.56800003051758,42.08900032043457,41.840500068664554,41.123199996948244,41.07014285496303,41.07014285496303,41.79816738921618,41.75878921164129,41.393852543558204,40.969562785368694,54.82353194609872,0.3099889987318775,0.14993609642885275,0.2764358164778691,-0.12649972004901633,0.2399863048059503,-0.9300003051757812,1.0242859976632255,13.99225292768826,10.942369590717979,43.00666362895287,40.674336508376236,0.0557432897969443,3845483.7,1.2075315778870679,139.00172474935547,32369091,-0.16849610015459818,1.5728359195379409,1.7040544642665356,-6.134830431991749,16.675981418801022,0.8232449367282106,1.6258238255943698,0.0
2021-11-29,41.7599983215332,41.7599983215332,41.36000061035156,41.619998931884766,11883229,41.44599990844726,42.0060001373291,41.84300003051758,41.13639999389648,41.07788730675066,41.07788730675066,41.7625336977499,41.745571089759714,41.40272102937494,40.97603478682657,51.40843872259529,0.1731656255221127,0.1225847854189368,0.24566561026608263,-0.12308082484714583,-0.4068006219626885,-0.8300018310546875,1.002143042428153,13.920753609490188,10.928880339520349,43.00693421090242,40.67906585013274,0.055633400068634854,4251497.0,2.7950693602747454,155.90866715350757,20485862,-0.53294720376209,1.1755985892300642,1.319716423305478,-6.471912512618504,16.256982734232274,-0.023945741251744902,0.9671124402293393,0.0
2021-11-30,41.68000030517578,41.68000030517578,41.15999984741211,41.5099983215332,9675176,41.47999954223633,41.89199981689453,41.843499946594235,41.15619995117188,41.08388884862264,41.08388884862264,41.71202662250656,41.72313558802385,41.4069279820086,40.981347856823646,48.095240257764495,0.0404245960967093,0.09098374052079805,0.21472923631702573,-0.12374549579622768,-2.786890913686091,-1.1400032043457031,1.0007144383021764,13.940903596340688,10.9456288985574,43.00682225846915,40.68017763471932,0.055603489830424686,4562296.95,2.120680899563103,-18.581254303859662,10810686,-0.7970213425900979,0.859647807088786,1.0371692769411391,-6.719104895431004,15.94971845295908,0.14416476412989293,1.2633636046924483,0.0
2021-12-01,41.43000030517578,41.43000030517578,40.72999954223633,41.209999084472656,3555487,41.481999206542966,41.73299980163574,41.839999961853025,41.17639991760254,41.085616386100035,41.085616386100035,41.61162111489978,41.6742654448285,41.39920528014444,40.98362299341717,43.37897037946681,0.0,0.04125667229639163,0.18003472351289893,-0.1387780512165073,-2.921087529283084,-1.5900001525878906,1.036428724016462,14.055634053675048,11.045614166661597,43.01085741509451,40.669142508611536,0.055968329555879534,4549546.95,0.7815035297086009,-63.25144886253232,7255199,-1.5057382360295457,0.08159811673034337,0.30274025148787015,-7.39326048433111,15.111731739400764,-0.19271987374647306,1.7186368053197842,0.0
2021-12-02,41.56999969482422,41.56999969482422,40.93000030517578,40.97999954223633,2871409,41.417999267578125,41.57699966430664,41.816499900817874,41.19259994506836,41.08418913145323,41.08418913145323,41.485296800367095,41.60814488267686,41.382765839442165,40.98358693917657,26.756721089725886,0.0,-0.016520984779148762,0.14072358185448938,-0.15724456663363814,-3.9155965390277103,-1.5600013732910156,0.8357143402099609,14.09368244250206,11.107541398175238,43.03808346103517,40.59491634060058,0.058425911451924495,4370770.4,0.6569571808210286,-19.24006472249793,4383790,-2.0004074003457784,-0.516113095836486,-0.25360020830284674,-7.91011338823297,14.469274903820079,0.8735758756354974,1.563643745117458,0.0
2021-12-03,41.27000045776367,41.27000045776367,40.849998474121094,40.91999816894531,3570987,41.247998809814455,41.407999420166014,41.80749988555908,41.20639991760254,41.08199991861979,41.08199991861979,41.37223707408274,41.54260710041671,41.36461808765797,40.98295421509467,28.20508083140878,0.035779883065604194,-0.06638654092959939,0.09930155729767164,-0.16568809822727104,-4.39252593838212,-1.69000244140625,0.6607142857142857,13.788187372087677,11.013857865428626,43.05371406243883,40.561285708679335,0.05961677595125496,4404109.4,0.8108306755504302,24.363578995538425,812803,-2.122828963805907,-0.6950419090964594,-0.3943375444121354,-8.044947934954354,14.301673298876741,0.7076645162683622,1.0281566691089445,0.0
2021-12-06,41.779998779296875,41.779998779296875,41.150001525878906,41.29999923706055,4868492,41.18399887084961,41.314999389648435,41.804499816894534,41.220399932861326,41.08486833070454,41.08486833070454,41.3577895066783,41.51950158962089,41.36208401508553,40.98610889193015,31.70727925145067,0.1222972353057619,-0.0743849793068847,0.06456424997676037,-0.13894922928364506,-2.914907503008979,-0.9300003051757812,0.6707142421177456,14.01021051187108,11.153381718748994,43.05552951726911,40.55347011651996,0.05985143732632305,4492322.45,1.083736097349824,36.33463241395165,5681295,-1.2068092718337042,0.1931065790940157,0.523625643933809,-7.191012950425738,15.363128819026176,2.1016633646973806,1.5309774727997727,0.0
2021-12-07,41.720001220703125,41.720001220703125,41.029998779296875,41.220001220703125,6156889,41.125999450683594,41.30299949645996,41.79049987792969,41.23799995422363,41.08662330330192,41.08662330330192,41.33023184948327,41.49097774496205,41.35651214079603,40.988436178783616,28.17681653935199,0.03508164972231272,-0.0861854781517053,0.03441430435106724,-0.12059978250277253,-3.262143557235142,-0.11999893188476562,0.6771430969238281,13.96352884914697,11.122471919472472,43.06197694959681,40.51902280626257,0.06085005326000471,4567908.7,1.3478572809478437,26.46398515187043,-475594,-1.3651395864921345,-0.04364599044688518,0.3246261354129975,-7.370783773700842,15.139670668014244,1.0169539743373397,1.6817023200946695,0.0
2021-12-08,41.52000045776367,41.56999969482422,41.220001220703125,41.470001220703125,5311149,41.177999877929686,41.32999954223633,41.78050003051758,41.266399993896485,41.09153840480707,41.09153840480707,41.358185723727246,41.48897998074692,41.36096269294925,40.99322787074301,35.180062134116696,0.21702853349610085,-0.074505692595352,0.01263030496178339,-0.08713599755713539,-1.79966452704573,0.2700004577636719,0.650714601789202,14.062839011737637,11.176663468278457,43.05909342058857,40.50190664044659,0.06120526988126372,4663863.75,1.1387873412897194,-13.736482824361463,4835555,-0.7431668112819569,0.49338257477452296,0.9210237206689321,-6.808986020891854,15.837994705242705,0.7278001653960882,0.8490986505485687,0.0
2021-12-09,41.779998779296875,41.779998779296875,41.060001373291016,41.349998474121094,2032038,41.25199966430664,41.33499946594238,41.75849990844726,41.29319999694824,41.09481005125408,41.09481005125408,41.35654827380602,41.475743646782554,41.36053272358344,40.99677782699553,32.78687328547248,0.18139474158405092,-0.07407866440708943,-0.004711488911991177,-0.06936717549509826,0.024185586589986485,0.049999237060546875,0.6607142857142857,14.042470591061917,11.188265619998573,43.05146599968696,40.465533817207564,0.0619258878587325,4585553.8,0.44313905988846974,-61.740143234543034,2803517,-0.9782473872906865,0.13754922645145537,0.6209748202966258,-7.078655114334621,15.502791495356034,0.7475224245688942,1.7535250412198187,0.0
2021-12-10,41.41999816894531,41.41999816894531,41.150001525878906,41.27000045776367,1538190,41.322000122070314,41.284999465942384,41.68699989318848,41.31980003356934,41.096999931335446,41.096999931335446,41.33923871059755,41.456149057352185,41.356982438649325,40.99949646013751,35.71430193323373,0.319152072151936,-0.07928150500140418,-0.01962549212987378,-0.059656012871530405,0.16990216875720776,-0.5,0.6471426827566964,11.36613249553475,11.197285188286067,42.91738956598349,40.456610220393465,0.05902989785532899,4302011.45,0.3575513496134465,-24.303088820189387,1265327,-1.0003104960617288,-0.12052230592889146,0.42095658251763746,-7.258425937609727,15.279333344344098,0.1692858462087443,0.6561279053576888,0.0
2021-12-13,41.68000030517578,41.68000030517578,41.400001525878906,41.54999923706055,2730323,41.37200012207031,41.27799949645996,41.64199981689453,41.35040000915527,41.10259251535675,41.10259251535675,41.38139081589015,41.46508716970536,41.36455172486153,41.00497409970888,53.81816517223012,0.9641795151214936,-0.060118226719701795,-0.027724039047839384,-0.03239418767186241,0.6053268876955897,-0.06999969482421875,0.5485711778913226,11.633094681298012,11.222991070699276,42.81959127165852,40.46440836213055,0.056557872337640466,4271017.15,0.639267627384732,77.50232416021427,3995650,-0.22093218442563928,0.48270204849549603,1.0885121699723437,-6.629215197616749,16.061452856254636,0.9934573367201904,0.6763255289298706,0.0
2021-12-14,41.459999084472656,41.779998779296875,41.459999084472656,41.54999923706055,1741396,41.4379997253418,41.281999588012695,41.58699970245361,41.386999969482424,41.10804869488972,41.10804869488972,41.41511250012423,41.473174033263,41.37182417632031,41.01039723540393,56.70495004355477,1.0,-0.044419154257170135,-0.031063062089705537,-0.013356092167464598,-0.5266967160452496,0.04000091552734375,0.5228568485804966,11.441858327883034,10.9850090519367,42.66489474398855,40.50910466091867,0.05183807676663637,4192355.0,0.4153741751354549,-36.22014684709465,3995650,-0.08897123057155902,0.3938417080201836,1.0750949174237254,-6.629215197616749,16.061452856254636,-0.21660686941147989,0.7718275491811649,0.0
2021-12-15,41.779998779296875,41.779998779296875,41.029998779296875,41.470001220703125,3778408,41.4379997253418,41.307999801635745,41.520499801635744,41.41220001220703,41.1124095686947,41.1124095686947,41.426090244240015,41.47287186063825,41.37567425649219,41.014970409387004,53.2818913827614,0.8857007983319919,-0.03799471811409916,-0.03244939329458427,-0.005545324819514891,-0.36039816201611785,0.26000213623046875,0.5578569684709821,11.300144316337473,10.858356402526322,42.435025875079035,40.60597372819245,0.044051785398173955,4208436.0,0.8978176215582225,116.97580561802141,217242,-0.12162324917540893,0.13957531471174342,0.8697900603731916,-6.808986020891854,15.837994705242705,0.5535488482781484,1.8279308367380183,0.0
2021-12-16,42.16999816894531,42.16999816894531,41.599998474121094,41.720001220703125,2259600,41.512000274658206,41.38199996948242,41.47949981689453,41.44180000305176,41.119642802647185,41.119642802647185,41.48487243953264,41.49640799016824,41.38917727469654,41.0219856413404,48.94516329969853,0.7408933010422926,-0.012585319789884863,-0.028476578593644386,0.015891258803759523,0.5059091969680463,0.7400016784667969,0.5599994659423828,11.474158654123524,10.9128968024732,42.26616480013163,40.692834833657436,0.03793030227990782,4154733.9,0.5438615455011451,-40.19703536515908,2476842,0.5798078686345151,0.6713058255936711,1.460028290949284,-6.247188268082865,16.536318742471167,1.6879597965691089,1.370191624355009,1.0
2021-12-17,41.880001068115234,42.45000076293945,41.880001068115234,42.13999938964844,4523690,41.68600006103516,41.50400009155273,41.455999755859374,41.477600021362306,41.13164699778837,41.13164699778837,41.6158978295558,41.55770240916635,41.418621279204466,41.033110156248945,59.84851002587929,1.0,0.04096987835481514,-0.014587287203952484,0.05555716555876762,2.2567345931492344,1.220001220703125,0.5828565870012555,12.095533463823434,11.080183088903892,42.11879783013829,40.793201681580456,0.03197597829902718,4254759.95,1.0632068678751194,100.19870773588244,7000532,1.6499412336386547,1.5970050531973257,2.4515244719334564,-5.303372158093398,17.709498010336976,0.38350873137729224,1.3610307552216856,0.0
2021-12-20,42.560001373291016,42.560001373291016,41.720001220703125,41.86000061035156,4534504,41.74800033569336,41.56000022888183,41.437499809265134,41.505800018310545,41.14011622584143,41.14011622584143,41.66471838571495,41.586492714041135,41.43593027258279,41.04133792196141,56.22781259884636,0.8905862286859552,0.06012610102164473,0.0003553904411669577,0.05977071058047777,2.147391600647186,0.5600013732910156,0.6057137080601284,11.910311378292041,11.043347005207439,42.02580284166314,40.849196776867124,0.02839471662653107,4290842.95,1.0567862895098503,0.2390526318116315,2466028,1.019609781070721,0.8533761351058402,1.7498355633179963,-5.932582898086376,16.92737849842644,0.9966824625672641,2.0134231256231345,0.0
2021-12-21,42.119998931884766,42.119998931884766,41.380001068115234,41.689998626708984,2549098,41.77600021362305,41.60699996948242,41.45499973297119,41.52860000610352,41.14643671320773,41.14643671320773,41.66977443391376,41.5963504200095,41.44589373745048,41.04779225733203,58.955227067305294,0.9730059030565715,0.060887928050988194,0.012461897963131206,0.04842603008785699,1.8817216329888087,0.4699974060058594,0.6028564998081752,9.160724481143589,10.990611055968724,42.051851420151124,40.85814804579125,0.028795160584947722,4162717.55,0.6123639111666368,-43.78441390723219,-83070,0.5668770841913423,0.3886445018174141,1.3210424933996232,-6.31460982762026,16.452512612209908,0.6211139936507983,1.7882983196434135,0.0
2021-12-22,41.959999084472656,41.959999084472656,41.22999954223633,41.52000045776367,1411905,41.78600006103515,41.611999893188475,41.4709997177124,41.54819999694824,41.1506817557595,41.1506817557595,41.63981963868375,41.58907899503371,41.44879988334512,41.05249084639105,60.30538018916275,1.0,0.04722981406351323,0.019415481183207614,0.027814332880305617,0.532690616869802,0.049999237060546875,0.6092850821358817,9.202245913983468,10.914654090984417,42.05611011262177,40.88588932280304,0.028217809982500206,4078920.2,0.3461467571736265,-44.611584176049725,-1494975,0.11815664050736918,-0.06787186734116286,0.8974789389788946,-6.696628184800738,15.97765738157256,0.6476384424505455,1.77055433019957,0.0
2021-12-23,42.220001220703125,42.220001220703125,41.619998931884766,41.689998626708984,2260536,41.779999542236325,41.645999908447266,41.49049968719483,41.56799995422363,41.15674149588253,41.15674149588253,41.649855436288796,41.59869038852659,41.45825865759468,41.05883420738924,64.10261426309752,1.0,0.04955188850129133,0.02544276264682436,0.02410912585446697,1.1402168658107614,0.3400001525878906,0.6292849949428013,9.269702676472198,10.93255369212098,42.07760618863521,40.903393185754446,0.02830076792840262,4094802.45,0.552050075089703,60.10538952691575,765561,0.4808304094147328,0.2934918028765012,1.295673834819516,-6.31460982762026,16.452512612209908,1.685936308337787,1.4416201446817005,0.0
2021-12-24,42.08000183105469,42.08000183105469,41.43000030517578,41.709999084472656,1541465,41.693999481201175,41.68999977111817,41.48749961853027,41.58539993286133,41.162888802422415,41.162888802422415,41.66188416592557,41.60929121671193,41.46813083119775,41.06531345989753,58.64981755378823,0.8482205808973532,0.0524019618168623,0.030834602480831946,0.02156735933603035,0.5787264449119922,0.4399986267089844,0.6142850603376117,8.33945833287697,10.920870556600493,42.06918066797166,40.905818569088886,0.028041268082667464,3939698.55,0.39126470729594276,-31.80975662409269,2307026,0.536304833957758,0.29962234777708113,1.32913480556798,-6.269664978713132,16.508379813857687,0.9354838503061137,1.568915088319955,0.0
2021-12-27,42.040000915527344,42.040000915527344,41.52000045776367,41.59000015258789,2219251,41.63999938964844,41.6939998626709,41.48599967956543,41.59879997253418,41.16758233374292,41.16758233374292,41.647507363258036,41.60745397250964,41.47291002027187,41.07053422300888,57.67635117488307,0.794791281074716,0.044465187519833194,0.03356071948863219,0.010904468031201,0.5804152051347655,0.04000091552734375,0.6021420615059989,8.303082228195349,10.94227469272101,42.06639542489444,40.905603934236424,0.02798031865265089,3456499.65,0.6420515621924047,43.970249081231174,87775,0.25068812087391146,-0.02115402355861305,1.0260933358205395,-6.539325499802493,16.173187259550197,0.7911815830692189,1.2524095665476778,0.0
2021-12-28,41.91999816894531,41.91999816894531,41.279998779296875,41.61000061035156,2262844,41.623999786376956,41.7,41.49099979400635,41.600599975585936,41.17239122805388,41.17239122805388,41.64000601267674,41.60769650944697,41.478286121843624,41.07590204775856,53.211005963546775,0.6522002047681786,0.03933566938770383,0.03471570946844652,0.004619959919257309,0.8238433458120475,0.060001373291015625,0.6228564126150948,8.246693631500108,10.809292773146261,42.07398333152099,40.908016256491706,0.02810168665055205,3085883.05,0.733288968938729,1.964311382534012,2350619,0.2868111564821918,0.022597353814952353,1.0628709415340036,-6.494380650895365,16.229054461197975,0.7934551939088852,1.5503861641813224,0.0
2021-12-29,41.880001068115234,41.880001068115234,41.41999816894531,41.5,1661395,41.619999694824216,41.702999877929685,41.505499839782715,41.61099998474121,41.17591390302104,41.17591390302104,41.6120048101414,41.59743969902345,41.479137646477206,41.08012192788036,53.456271424804434,0.6249744361487315,0.02609356894972592,0.032991281364702404,-0.006897712414976484,-0.1203351094551941,0.029998779296875,0.6042853764125279,7.853128864729751,10.561617191640213,42.07328337010712,40.93771630945831,0.027359435858675715,2991178.45,0.5554315891785059,-26.57933998101504,689224,-0.013250869894218906,-0.2667563499601462,0.7870768764046341,-6.741573033707865,15.921790179924782,0.6488835707839482,1.1105816501817463,0.0
2021-12-30,41.779998779296875,43.779998779296875,41.150001525878906,41.220001220703125,2342863,41.52600021362305,41.65299987792969,41.517499923706055,41.611399993896484,41.176382917038936,41.176382917038936,41.53360409225375,41.561493177278656,41.46897543370176,41.0815137616398,48.945159904004484,0.0,-0.006914743633053888,0.025010076365151148,-0.03192481999820504,-0.7942190671885285,-0.5,0.7728568485804966,7.980953456925738,10.666732547270115,42.047400611661224,40.987599235750885,0.02552661836232591,2964751.15,0.7902393426847983,41.01781936264403,-1653639,-0.7165621811275323,-0.940604673841228,0.1059303915841036,-7.370783773700842,15.139670668014244,0.6746958537274097,6.391244607279018,0.0
2021-12-31,41.91999816894531,41.91999816894531,41.36000061035156,41.47999954223633,1731890,41.48000030517578,41.58699989318848,41.54549999237061,41.61979995727539,41.1795788815147,41.1795788815147,41.52288318225027,41.553731878703196,41.469407751683505,41.08547879428255,48.51063898863053,0.0,-0.011956549851866782,0.017616751121747563,-0.029573300973614346,0.02410976908342466,-0.6599998474121094,0.7935709272112165,8.225296768469601,10.724675375013488,41.99564449910192,41.095355485639296,0.021669952549083635,2872796.3,0.6028586154890272,-26.078050658531893,78251,-0.15765955433514736,-0.33589881542576705,0.729537962459555,-6.786517882614993,15.865922978277002,1.6981973010971374,1.3539592609522206,0.0
2022-01-03,42.06999969482422,44.25,41.540000915527344,41.72999954223633,9144638,41.508000183105466,41.57399978637695,41.567000007629396,41.63099998474121,41.18531243006388,41.18531243006388,41.564306454247486,41.57051927523016,41.47962703758754,41.09189193605324,53.46155651934058,0.31752984747336943,0.004172593992102236,0.014927919695818498,-0.010755325703716262,0.023965295399475117,-0.13000106811523438,0.9685709817068917,7.850199979422105,10.77735200972915,42.00877092120508,41.125229094053715,0.021255847835763765,3086603.6,2.962686235446625,428.0149432123287,9222889,0.39213687438837175,0.23780249701281556,1.3225275711999793,-6.224720129806005,16.564247015505465,1.4223726111354766,6.52383010290132,0.0
2022-01-04,41.779998779296875,41.779998779296875,41.150001525878906,41.459999084472656,4681329,41.47799987792969,41.55099983215332,41.57899990081787,41.63439994812012,41.18814425124336,41.18814425124336,41.54344498029252,41.559993542777065,41.478857313935976,41.09555469374895,49.820749815417436,0.08402468601475446,-0.004776661381860947,0.010987003480282611,-0.015763664862143558,-1.6136694708705268,-0.22999954223632812,0.9599993569510323,8.197775273803016,10.864202343176373,41.993266127469404,41.164733674166335,0.01992670471342365,3012825.6,1.5538001934131203,-48.80793531684906,4541560,-0.2862041334064715,-0.4188864589492847,0.6600317595544298,-6.831462731522121,15.810055776629225,0.11981604986585484,1.5309774727997727,0.0
2022-01-05,41.97999954223633,43.0,41.36000061035156,41.560001373291016,2839093,41.49000015258789,41.554999923706056,41.583499908447266,41.63399993896484,41.191938711672414,41.191938711672414,41.54675625889222,41.559994288540295,41.482039433910685,41.1001760537444,46.969694780358324,0.0,-0.003756360798938374,0.008038330624438414,-0.011794691423376788,-0.7166727966706254,0.04000091552734375,1.0271423884800501,7.957152843452674,10.871396128504225,41.99472494262598,41.17227487426855,0.019778279129178202,2889222.8,0.9826493823875404,-39.352841895965874,7380653,-0.056509277016090015,-0.17773590282535176,0.8935308051288812,-6.606738486986481,16.089391784868116,1.2542220676469316,3.965182218198467,0.0
2022-01-06,41.81999969482422,41.81999969482422,41.18000030517578,41.2400016784668,2415846,41.49400024414062,41.510000228881836,41.57800006866455,41.625599975585935,41.192424196185485,41.192424196185485,41.48540534280714,41.52951880186663,41.472547757226614,41.10156735349288,32.28348940068635,0.0,-0.028441213652435238,0.0007424217690636834,-0.029183635421498922,-1.0793882539345878,-0.4499969482421875,1.0207138061523438,8.373210821737704,10.972341624706285,42.005013389277,41.1509867480521,0.02054034921868564,2908413.2,0.8306405706039293,-14.907824435479922,4964807,-0.8129260417517964,-0.9263489231273483,0.11550056402293019,-7.325838924793715,15.19553786966202,0.6255974806109941,1.5541510075413913,0.0
2022-01-07,41.58000183105469,41.58000183105469,41.0099983215332,41.09000015258789,2969814,41.41600036621094,41.44800033569336,41.56900005340576,41.6207999420166,41.19139995574951,41.19139995574951,41.406324304763295,41.4876598828877,41.45754589037804,41.10145225696646,34.024885756932534,0.05472797771076806,-0.059423015375266175,-0.011290665659802288,-0.04813234971546389,-1.0356461956526286,-0.6199989318847656,1.0014283316476005,8.443619800016608,10.979659889339304,42.02961221774219,41.10838788906933,0.022161330017304266,2979994.4,0.9965837519694668,22.930600708820027,1994993,-1.1523007534520275,-1.2753233723719595,-0.24616741181545165,-7.66292100542047,14.77653918509327,0.8244426254847111,1.3899135158515514,0.0
2022-01-10,41.439998626708984,41.439998626708984,40.7599983215332,41.06999969482422,3641805,41.284000396728516,41.39600028991699,41.545000076293945,41.6107999420166,41.194299964904786,41.19019797296807,41.33905938277548,41.44788272211975,41.442348000356326,41.10113929614912,36.283199284321746,0.12570144216506618,-0.08461479950535278,-0.02595549242891239,-0.05865930707644039,-1.487164673321817,-0.5200004577636719,0.9971427917480469,8.030790591837103,10.973444054953479,42.056941126972156,41.033059025615735,0.02464513417923086,3025568.5,1.2036762677824018,22.627376663993104,-1646812,-1.143339464670665,-1.299663183466716,-0.2918128196973846,-7.707865854327599,14.720671983445493,0.8517850397210341,1.6683030745282004,0.0
2022-01-11,41.58000183105469,43.0,40.880001068115234,41.209999084472656,3010372,41.23400039672852,41.356000137329104,41.528000068664554,41.60499992370605,41.19459995269776,41.19039210151224,41.31324732311492,41.42522713758193,41.433236278164806,41.10222247812249,43.04929513617446,0.33834386652808474,-0.0922196386153118,-0.03920832166619227,-0.05301131694911952,-1.1987533228839942,-0.40000152587890625,1.096428462437221,8.153353668194734,10.574995880480543,42.06137422483401,40.994625912495096,0.025687447278344707,3089017.3,0.9745403497740204,-17.338462657940223,1363560,-0.7657507793924533,-0.9494071384634952,0.04760086505634058,-7.39326048433111,15.111731739400764,1.2417875335283748,5.1859072321264685,0.0
2022-01-12,41.68000030517578,41.68000030517578,41.209999084472656,41.33000183105469,2258367,41.18800048828125,41.33900032043457,41.52100009918213,41.60599998474121,41.19759998321533,41.19174753577964,41.31659822470288,41.41615806076981,41.429187868474216,41.1044889393457,41.7432083643204,0.35878029389242655,-0.08755404116939047,-0.04887746556683191,-0.03867657560255856,-0.6251462384691209,-0.1699981689453125,1.0799999237060547,8.214490126146432,10.240132538210622,42.061210077656725,40.98079012070754,0.026021048490363012,3013015.25,0.7495371953394527,-24.98046753025872,3621927,-0.46000401645240346,-0.6633614233229427,0.33563590657317377,-7.123591390888342,15.446934949287435,1.1405028661604966,1.1405028661604966,0.0
2022-01-13,41.81999969482422,41.81999969482422,41.220001220703125,41.41999816894531,1817380,41.22399978637695,41.359000015258786,41.50599994659424,41.60539993286133,41.20209995269775,41.193942253406234,41.33727821355137,41.41652378535795,41.42882748810054,41.1076283346651,43.55553521050348,0.44390608313677204,-0.07572169665872508,-0.05424631178521054,-0.02147538487351454,-0.45662686522283114,0.1999969482421875,1.0764282771519251,7.940060996191445,10.191627797921038,42.03956338947486,40.97243650371362,0.02571018375980129,2990904.25,0.607635633939134,-19.52680853023445,5439307,-0.20720324232540557,-0.4456194729895687,0.5487600923176658,-6.921352429336376,15.698321373333668,1.1855742609751225,1.4556003307921763,0.0
2022-01-14,41.31999969482422,41.779998779296875,41.22999954223633,41.529998779296875,3926645,41.31199951171875,41.363999938964845,41.47549991607666,41.613999938964845,41.20729995727539,41.19714279174805,41.37582232670047,41.427330927637854,41.43279498971608,41.111831025656464,48.66068463546678,0.7733092516434108,-0.0568134384908916,-0.054759737126346755,-0.0020537013645448438,0.07228621517318956,0.049999237060546875,1.078571047101702,7.0431071007244235,10.178547798550087,41.918526079957715,41.0324737521956,0.021363270594808807,2961052.0,1.3260979543756746,116.06075779418723,9365952,0.1314001358163086,-0.20185793192477164,0.8079589141203688,-6.674160046523876,16.00558565460686,-0.24142558798099542,1.3339782759326093,0.0
2022-01-17,41.81999969482422,41.81999969482422,41.18000030517578,41.529998779296875,2644534,41.40399932861328,41.3439998626709,41.45899982452393,41.61739990234375,41.2107999420166,41.20028294257398,41.40665761721976,41.437108818272044,41.436606903032974,41.11599189882702,48.19815794899993,0.7514693602182181,-0.04135182951619498,-0.0520781556043164,0.010726326088121421,0.7520561606340959,-0.20000076293945312,1.078571047101702,6.68619405353465,10.165401270964528,41.86474206723331,41.05325758181455,0.01957318046391337,2866553.5,0.922548279667552,-32.65156386686344,9365952,0.1712510071961478,-0.21001101282627638,0.8002756611707348,-6.674160046523876,16.00558565460686,0.6982926175088455,1.5541510075413913,0.0
2022-01-18,41.81999969482422,41.81999969482422,41.279998779296875,41.52000045776367,2549058,41.465999603271484,41.35,41.45049991607666,41.61779991149902,41.21559993743897,41.20327095673463,41.42932618532854,41.44500326012839,41.439877238512615,41.120011884488086,50.47170914718081,0.8588234065267348,-0.029564374293471474,-0.04757539934214742,0.018011025048675945,0.09643422364702392,0.060001373291015625,1.0842851911272322,6.543785001525275,10.149286743769782,41.84276534916662,41.0582344829867,0.01892693375878053,2866551.5,0.889242003850271,-3.610314709510254,6816894,0.1676711784604007,-0.23499429076818187,0.7686998960874378,-6.696628184800738,15.97765738157256,0.6982926175088455,1.3081417914144173,0.0
2022-01-19,41.84000015258789,41.84000015258789,41.33000183105469,41.599998474121094,1830780,41.519998931884764,41.35399971008301,41.45449981689453,41.616399917602536,41.22359992980957,41.20694435967339,41.46346064308705,41.459764709080076,41.44615650265412,41.12478787045459,59.89577124510249,1.0,-0.013610664488830082,-0.04078245237148395,0.02717178788265387,-0.31152904275413285,0.039997100830078125,0.932856695992606,6.417502925071293,10.054641469331102,41.851353844656956,41.05764578913211,0.01914648733022162,2887495.25,0.6340374066416213,-28.178174054886163,8647674,0.3509839893599777,-0.03941100987571144,0.953854066481953,-6.516857361525632,16.201115532584495,0.7707121659349192,1.2339663656874043,0.0
2022-01-20,42.439998626708984,42.439998626708984,41.68000030517578,42.04999923706055,4187268,41.645999145507815,41.43499946594238,41.47249984741211,41.6215998840332,41.23549991607666,41.21467880808979,41.58076836188175,41.515977521268695,41.469836609885746,41.1339939537044,63.50709786593964,1.0,0.03494128484603465,-0.02563770492798023,0.06057898977401488,1.4230587689734175,0.80999755859375,0.942856924874442,7.338794351944496,10.286921341851816,41.94059164338916,41.00440805143506,0.02257359926212702,2983831.85,1.4033190241601583,128.71497394553143,12834942,1.3924875321555363,1.029271710412282,2.026754673645044,-5.505619691998771,17.458100930711566,2.0192312100935426,1.8234124663353883,0.0
2022-01-21,42.380001068115234,42.380001068115234,41.75,41.84000015258789,9839700,41.70799942016602,41.509999465942386,41.47899990081787,41.604399871826175,41.243799934387205,41.22036354758523,41.63261472002298,41.54683681948957,41.48435282724661,41.14101889100672,52.65701996542815,0.6525040367263818,0.05583030639154174,-0.009344102664075838,0.06517440905561758,0.6737217758534975,0.75,0.7899998256138393,7.5880104179939085,10.20513152733197,41.96427307136568,40.993726730270055,0.023398499081856844,3398743.6,2.895099236082416,134.99092964672909,2995242,0.8703205299868001,0.5662869347654276,1.5032293548001971,-5.977527746993505,16.871511296778657,0.7847843924901718,1.5089845942879865,0.0
2022-01-24,42.13999938964844,42.13999938964844,41.65999984741211,42.040000915527344,12373380,41.80999984741211,41.6069995880127,41.50149993896484,41.59619987487793,41.25589992523194,41.22774766801714,41.714091959123856,41.593804828636024,41.50614294835566,41.14996398577807,64.50004577636719,1.0,0.08751458292074688,0.010027634452888705,0.07748694846785817,1.9398622805543164,0.970001220703125,0.7792857033865792,7.667416726225749,10.1833783406437,42.046497048765765,40.95650282916392,0.026263971692706875,3906450.05,3.167423067395934,25.749565535534625,15368622,1.2975458172703684,1.0669268875146587,1.9701615864412607,-5.5280878302756316,17.430172657677264,0.717015382329035,1.1521832549073938,0.0
2022-01-25,42.31999969482422,42.31999969482422,41.7400016784668,42.060001373291016,5243707,41.918000030517575,41.69199981689453,41.523999977111814,41.58439987182617,41.2681999206543,41.23517850467137,41.78327384195729,41.63820449955555,41.527862886588416,41.15901908416129,63.02084575097951,0.954085718903704,0.11293660722624566,0.0306094290075601,0.08232717821868556,2.3606746583135108,0.8500022888183594,0.7035713195800781,7.667422044368999,10.176032065654525,42.1223978746867,40.92560207953693,0.028821784890893133,4055493.2,1.2929887294595883,-57.62106231280377,20612329,1.2908231299360564,1.1437017317329825,2.0002893125009935,-5.483142981368505,17.486039859325047,0.6660294319676342,1.3895495760284946,0.0
2022-01-27,42.15999984741211,42.15999984741211,41.599998474121094,41.81999969482422,2730577,41.9620002746582,41.74099960327148,41.53999996185303,41.56479988098145,41.27719993591309,41.240353913433786,41.79061901253068,41.655518327676376,41.539319232009426,41.16559600566042,65.76081435487048,1.0,0.11242168773347316,0.046971880752742716,0.06544980698073044,1.8261504883685609,0.48999786376953125,0.697857175554548,7.910710154153742,10.185835513303182,42.15263878425722,40.927361139448834,0.029496332352758357,4108952.3,0.6645433679042709,-47.92659086405857,17881752,0.6740484670879164,0.6139806147834775,1.4055305699052612,-6.0224725959006316,16.81564409513088,0.23775195163116394,1.3461571967109238,0.0
2022-01-28,41.880001068115234,41.880001068115234,41.22999954223633,41.43000030517578,2163132,41.83800048828125,41.741999816894534,41.55049991607666,41.54259986877442,41.28229995727539,41.242017478273624,41.718495271059695,41.63404042077156,41.53503221527085,41.168226894212815,58.17308838551954,0.7425936273612623,0.07962603952377378,0.053502712506948935,0.02612332701682485,0.533853981049992,0.01000213623046875,0.7035713195800781,8.268252440236566,10.339216759663456,42.14703302298204,40.95396680917128,0.028713642825489733,4099965.75,0.5275975781017195,-20.781138931441966,15718620,-0.29000760795721586,-0.2710460201198706,0.45580414925430596,-6.89887571870611,15.726260301947148,0.14347530781651727,1.5765256684348001,0.0
2022-01-31,41.720001220703125,41.720001220703125,41.029998779296875,41.25,8624680,41.720000457763675,41.71399993896485,41.53899993896484,41.515399856567385,41.28269996643066,41.24208689150603,41.624796216847756,41.59746514260284,41.52385448133867,41.169040556956965,54.01786778655386,0.511069230924307,0.03866502539077743,0.050535175083714634,-0.011870149692937204,-0.19356841884912157,-0.279998779296875,0.7042857578822544,8.099445082988689,10.228811566889158,42.149949279381936,40.92805059854775,0.029415698082033235,4444605.25,1.9404827909070215,298.71260745992384,7093940,-0.6957315760838806,-0.6392805018964559,0.019186974012226656,-7.303370786516854,15.22346614269632,0.6999780675625881,1.6817023200946695,0.0
2022-02-01,41.68000030517578,41.68000030517578,41.20000076293945,41.54999923706055,2575407,41.62200012207031,41.71599998474121,41.52999992370606,41.50179985046387,41.28759994506836,41.24474130827805,41.609836820890315,41.59294458017025,41.524879765876776,41.17283119058984,57.083343267450275,0.6387037454592924,0.03006399875134491,0.04644093981724069,-0.01637694106589578,0.3138606322119708,0.020000457763671875,0.5871429443359375,8.237578017424351,10.255112695881527,42.134370120340876,40.92562972707124,0.02910523466145411,4116143.7,0.6256844239913198,-70.13910081301566,9669347,0.048156304818756775,0.11613806333784779,0.7401135735120454,-6.629215197616749,16.061452856254636,1.0424249822443181,1.1650474110381597,1.0
2022-02-02,41.91999816894531,41.91999816894531,41.119998931884766,41.5099983215332,2103178,41.51199951171875,41.714999771118165,41.53249988555908,41.50519981384277,41.29389991760254,41.247008462237496,41.58986912101889,41.585044936490526,41.524296179824084,41.17618608741515,53.87924159737443,0.46492126127988154,0.01979173676953394,0.04111109920769934,-0.0213193624381654,-0.04815906176631746,-0.01000213623046875,0.6107142312186105,7.90610553155696,10.233970486837945,42.13606399974253,40.928935771375635,0.029064665784459997,3987236.15,0.527477661437234,-18.336092120585214,7566169,-0.05417820763951692,0.011561220550565125,0.6375974139711984,-6.719104895431004,15.94971845295908,0.8904908271448171,1.945523486967363,0.0
2022-02-03,41.36000061035156,41.880001068115234,41.36000061035156,41.560001373291016,1519387,41.45999984741211,41.71100006103516,41.53249988555908,41.5123998260498,41.30159992218017,41.24966094453456,41.58389557147332,41.58265983523343,41.52569638348946,41.180005144986055,53.07024221626966,0.27741158026875573,0.015506968841165758,0.035990273134392625,-0.020483304293226867,0.07224318535039576,-0.039997100830078125,0.6050000871930804,7.87010750030594,10.20183033805185,42.13606399974253,40.928935771375635,0.029064665784459997,3921250.85,0.3874750833652991,-27.757564980234672,9085556,0.06621678879843802,0.11466826162948905,0.7523466172818893,-6.606738486986481,16.089391784868116,-0.36135320945997174,1.2572544731382969,1.0
2022-02-04,41.849998474121094,41.849998474121094,41.470001220703125,41.599998474121094,1583137,41.49399948120117,41.66599998474121,41.550499725341794,41.51839981079102,41.31039989471436,41.25260495738823,41.58711615200288,41.58431113417511,41.52861019096521,41.184184183086906,51.58370415888479,0.19276959769896776,0.015163891255902229,0.031824996758694546,-0.016661105502792317,0.192673447676861,-0.4500007629394531,0.5928570883614677,7.323678492097733,10.18596306329945,42.138609411375086,40.9623900393085,0.028308188345306545,3879615.4,0.4080654489617708,4.1957710576699725,10668693,0.119129129869671,0.19653614711053594,0.8421129213335836,-6.516857361525632,16.201115532584495,0.6977793340893581,0.9163184042258051,1.0
2022-02-07,41.880001068115234,41.880001068115234,41.279998779296875,41.630001068115234,1982504,41.56999969482422,41.64500007629395,41.57749977111816,41.51559982299805,41.31939990997314,41.25574992497762,41.59569313522535,41.58866255645512,41.53258630379462,41.18862017199266,52.23219227422204,0.11514624977240591,0.017115659719912912,0.02888312935093822,-0.011767469631025308,0.07212162282361767,-0.20999908447265625,0.5900001525878906,7.163421001894118,9.13848365719055,42.124756531964486,41.03024301027184,0.02632465943642316,3830249.9,0.5175912934558135,25.226307009437598,12651197,0.12627333843085436,0.2755620672829884,0.9071490490857099,-6.449435801988238,16.284921662845754,0.6730831833283052,1.453493959692843,1.0
2022-02-08,41.970001220703125,41.97999954223633,41.52000045776367,41.81999969482422,1918554,41.623999786376956,41.62299995422363,41.614999771118164,41.51959983825684,41.327999916076664,41.260413146216024,41.64055444714513,41.610694664871225,41.54385741716833,41.19490255530442,56.19832626353862,0.32549807689020277,0.03360635839960935,0.02982777516067245,0.0037785832389369,-0.5469668166690922,-0.220001220703125,0.5842857360839844,7.279559281737999,9.12272519930891,42.11672357990588,41.11327596233045,0.02411264263112767,3744087.35,0.5124223397191842,-3.2257185861920057,14569751,0.492610656814973,0.7235133713658477,1.3562310843208663,-6.0224725959006316,16.81564409513088,0.8167190580456161,1.1078975900797292,1.0
2022-02-09,42.18000030517578,42.5,41.709999084472656,41.9900016784668,2543561,41.720000457763675,41.61599998474121,41.65399990081787,41.52919990539551,41.34269992828369,41.26639338008693,41.71044389340946,41.64681914235652,41.56135327055259,41.20281398936574,57.76896971502303,0.4362853550993508,0.0597048548250001,0.03580319109353798,0.023901663731462117,0.3585122498371396,-0.06999969482421875,0.6042859213692802,7.312942937130005,9.108754913768212,42.144302251885385,41.16369754975036,0.023541669574829262,3720746.8,0.683615719295922,32.57698245657927,17113312,0.8066494897224191,1.1095850007248058,1.7535050657687037,-5.640445666366749,17.29050998134741,0.8608336034878483,1.8940324451396036,1.0
2022-02-10,41.880001068115234,42.380001068115234,41.880001068115234,42.16999816894531,2478102,41.84199981689453,41.65099983215332,41.695999717712404,41.54839988708496,41.36239990234375,41.273739760484155,41.802354748516635,41.696645716317356,41.58522169794053,41.212437712545636,52.67854557963771,0.0772259935641132,0.09383069195058624,0.047408691264947636,0.046422000685638606,0.30922276543041693,0.34999847412109375,0.5800001961844308,7.377763652358657,9.123654447578023,42.2126453051956,41.17935413022921,0.024781542161404345,3731733.55,0.6640618808381965,-2.5735179930813534,19591414,1.1367959862863173,1.496082360691754,2.17149793951854,-5.23595917090941,17.793293485019053,-0.26196857812456986,1.1938872665900386,1.0
2022-02-11,42.5,42.5,41.880001068115234,42.189998626708984,4052801,41.95999984741211,41.72699966430664,41.73449974060058,41.57259986877441,41.382599906921385,41.28112894488919,41.879883524155105,41.74363170778323,41.60893844024518,41.22216468681592,58.53653544127608,0.490426552821746,0.12109364140675183,0.06214568129330848,0.058947960113443346,0.30907572318938925,0.7599983215332031,0.5792857578822544,7.366711553907836,9.04283309682661,42.278577072852265,41.1904224083489,0.026073264835250295,3843504.6,1.054454572527375,63.544559505621635,23644215,1.0914205008794635,1.4851098076218892,2.201658978447868,-5.191014322002283,17.849160686666835,0.7825512103002801,1.4804176601532928,1.0
2022-02-14,43.31999969482422,43.31999969482422,42.33000183105469,42.959999084472656,9337588,42.225999450683595,41.8979995727539,41.805999755859375,41.61339988708496,41.40989990234375,41.29455990600586,42.095906636218615,41.859476219848894,41.66192121060705,41.23945657136972,67.5571985591525,1.0,0.20249805551559774,0.09021615613776635,0.1122818993778314,2.725966996574436,1.7099990844726562,0.6257144383021763,9.558798280006222,9.77905312985421,42.56880326046033,41.04319625125842,0.03649253738963825,4114051.75,2.2696817073338953,130.39838373510074,32981803,2.7603677351395977,3.2359749528795994,4.033071625554671,-3.460676214668188,20.0,2.678362419760476,2.338761684255908,1.0
2022-02-15,43.060001373291016,43.5,42.61000061035156,42.720001220703125,15219667,42.405999755859376,42.01499977111816,41.865499877929686,41.64179992675781,41.43109992980957,41.30587293231298,42.22072555311552,41.94143098183501,41.703414544336304,41.25418835892528,61.61971499914707,0.6282915052134167,0.24482364375582932,0.12113765366137895,0.12368599009445037,3.113687921856445,1.1700019836425781,0.6478573935372489,9.891435939253373,9.669319314194375,42.718024979846895,41.01297477601248,0.04072685645235236,4742808.4,3.2089989129647316,62.99355893620493,17762136,2.0410632746891144,2.589228361506275,3.4235526040266624,-3.99999725684691,19.329614891385017,0.23278000686574482,2.0887101077211048,1.0
2022-02-16,43.08000183105469,43.08000183105469,42.220001220703125,42.63999938964844,2893357,42.5359992980957,42.12799987792969,41.92149982452393,41.67019989013672,41.45409992218018,41.316377865047905,42.304580320422104,42.00796130638867,41.740143361799525,41.26797752341009,65.2985000270445,0.8585970936910244,0.268812791680368,0.15067268126517677,0.11814011041519121,3.369695490056812,1.1300010681152344,0.6692859104701451,9.9445095199639,8.58368346454918,42.824134010331036,41.01886563871682,0.04306306738000206,4760023.35,0.6078451274824104,-80.98935410347677,14868779,1.7139166492898013,2.32732144810581,3.2036243083164044,-4.179776652475422,19.106146084793902,0.8426980338593663,2.036950699873145,1.0
2022-02-17,43.08000183105469,43.470001220703125,42.560001373291016,43.38999938964844,7597957,42.779999542236325,42.31099967956543,42.010999870300296,41.70859985351562,41.48749992370605,41.33257803320885,42.52166413426737,42.13958398098484,41.804843598185755,41.2890921688453,82.23681733879772,1.0,0.3443733743371311,0.18941281987956765,0.15496055445756346,4.428399967205543,1.8299980163574219,0.6878572191510882,11.474021210155703,9.216640653355617,43.11248001697108,40.909519723629515,0.052437702033817715,5048382.2,1.5050280860272425,162.60005246500864,22466736,3.2824725038811238,4.031301798761029,4.977723273845987,-2.494383394048455,21.20111819647929,1.0319006747290618,2.1381574672203594,1.0
2022-02-18,43.849998474121094,43.849998474121094,39.5,43.18000030517578,4018280,42.97799987792969,42.4689998626709,42.06749992370605,41.74519989013672,41.51919994354248,41.34689913609231,42.65333136844905,42.2386712499554,41.85877131218537,41.30790717517695,81.43323285063533,0.9737845717840831,0.3828967144169795,0.22810959878705003,0.15478711562992944,4.023131898746102,1.5800018310546875,0.9492855072021484,11.248467227220244,9.284373515532652,43.28700576707966,40.84799408033244,0.057978527156846316,5039932.8,0.7972884082898883,-47.11367805845703,18448456,2.644560250757399,3.4370428667609967,4.4334670976168296,-2.966291449043188,20.614528562546386,1.0601500136973923,11.012654364863529,1.0
2022-02-21,43.63999938964844,48.79999923706055,42.81999969482422,43.099998474121094,5190610,43.00599975585938,42.61599960327148,42.130499839782715,41.78179985046387,41.5507999420166,41.36038451561561,42.74266478958346,42.32070241416166,41.90744688716324,41.3257389293953,77.19294723274051,0.8354532514706378,0.40233341069834694,0.2629543611693094,0.1393790495290375,3.705478945965046,1.4699974060058594,1.3421426500592912,11.067301041701624,9.032632975097778,43.42819749387657,40.83280218568886,0.06160371507714565,4807478.3,1.0796949411087307,29.174920612799514,13257846,2.3011799955501764,3.1549589255968575,4.205990778080643,-11.680329614863313,20.391059755955272,1.0653058851820303,13.965435742306061,1.0
2022-02-22,43.7400016784668,43.7400016784668,43.18000030517578,43.380001068115234,7953166,43.1379997253418,42.771999740600585,42.19749984741211,41.81839988708496,41.584399948120115,41.3758014358637,42.870132045289814,42.42158800025248,41.96519410994567,41.34617934868605,80.25890526970738,0.9354743494573834,0.4353129846767487,0.2974260858707973,0.13788689880595145,4.27885254635636,1.5600013732910156,1.3307143620082311,11.150768471735844,9.072206441822585,43.60891007542108,40.78608961940314,0.06689544324249946,4586467.6,1.7340504051527588,53.22218390516722,21211012,2.802301617344858,3.7342442208377173,4.843893200131068,-11.106553798527855,21.17318992344499,1.4849262807514618,1.296899882661397,1.0
2022-02-23,43.720001220703125,43.720001220703125,42.880001068115234,43.09000015258789,3618230,43.22799987792969,42.8819995880127,42.248999786376956,41.84919990539551,41.61809993743896,41.38878778977828,42.91410566674943,42.4852463004749,42.00930415083361,41.36353079947114,72.97294201205122,0.6977835408634075,0.4330568743365433,0.3245522435639465,0.10850463077259676,3.5070839467042036,1.0999984741210938,1.3535714830671037,11.529271530371071,9.173613783159583,43.71345445698737,40.78454511576654,0.0693249391945427,4505193.75,0.8031241719626375,-54.505790524176156,17592782,1.9905805355470505,2.964931826647441,4.1103217892014685,-11.700817978981174,20.36313148292097,0.7837716556392489,1.9589555309328082,1.0
2022-02-24,43.970001220703125,44.81999969482422,43.220001220703125,44.619998931884766,17716412,43.47399978637695,43.12699966430664,42.38899974822998,41.91219985961914,41.66219993591309,41.41308261039562,43.2552843197765,42.68855607489489,42.11168433832581,41.39593346745536,81.32778276818608,0.9697035184190697,0.5484053301183351,0.36932286087482424,0.1790824692435109,6.695359295775138,2.450000762939453,1.450000217982701,16.311806578906072,11.419257230925663,44.179770039641774,40.59822945681818,0.08449221741716482,5254485.5,3.3716739726467986,389.6430575170733,35309194,5.263156000155316,6.460646497523713,7.7437276323017254,-8.565574529766247,24.636871180973824,2.042239649568401,3.701986184476707,1.0
2022-02-25,44.619998931884766,44.619998931884766,43.25,43.619998931884766,17738310,43.56199951171875,43.26999969482422,42.49849967956543,41.95019981384277,41.69599990844726,41.42955213518285,43.32822724219815,42.77726491841774,42.17083393023008,41.41806347207655,67.18478021681182,0.49076734781283937,0.5527563387209469,0.4060095564440488,0.14674678227689808,3.881869941086147,1.4300003051757812,1.5049999782017298,18.243642369319993,12.358403463844432,44.31006782741825,40.6869315317126,0.08525327536321861,6033244.4,2.940094719186247,0.12360290559962905,17570884,2.6389149282335485,3.980431858374584,5.2871602124845065,-10.614754889671996,21.843575032059974,0.0,3.1676275881728686,1.0
2022-02-28,43.9900016784668,44.209999084472656,43.54999923706055,43.59000015258789,7633640,43.65999984741211,43.332999801635744,42.61549968719483,41.97919982910156,41.72839992523193,41.445555453830295,43.380581824276106,42.854668274053,42.226487507577446,41.43967478233039,65.71936165152646,0.4411900728887318,0.5474729660443742,0.4343022383641139,0.11317072768026032,3.367327591416136,0.6300010681152344,1.5192857469831194,18.104831067369524,12.352697469100766,44.38942146675698,40.841577907632676,0.08325242189264682,5983692.4,1.2757407115379125,-56.96523513232095,9937244,2.2867277693469896,3.837139178554954,5.1741246444301465,-10.6762277990283,21.759779557377897,0.848241072082126,1.5154991021227324,1.0
2022-03-02,44.20000076293945,45.849998474121094,43.810001373291016,44.38999938964844,10668971,43.86199951171875,43.499999618530275,42.75749969482422,42.0297998046875,41.767799911499026,41.46720577688778,43.58246533735058,43.000890285062084,42.31133111079592,41.4690312460848,69.16931593197162,0.5579071228081351,0.6009121662935542,0.467624223950002,0.13328794234355212,5.214507785138234,1.6699981689453125,1.6242855616978236,18.86499448134293,12.735962702505931,44.62453058969786,40.890468799950575,0.08733115398231046,6388370.6,1.6700613768399724,39.762564124061385,20606215,3.818042931593197,5.615538489188117,7.048446014150558,-9.036885074504243,23.99441434539314,1.3994049282317964,4.656464361751361,1.0
2022-03-03,44.849998474121094,44.90999984741211,43.400001525878906,44.400001525878906,4136756,44.123999786376956,43.67599983215332,42.9019998550415,42.0839998626709,41.806299934387205,41.488613045128595,43.74597257505625,43.134138974663685,42.393239754524664,41.49819512946584,68.30871842541426,0.41232349161045473,0.6367303748912789,0.5014454541382574,0.13528492075302156,3.351961061672193,1.7600021362304688,1.6964282989501953,18.834015501299636,12.720876615253808,44.80941019005535,40.99458952002765,0.08891941361515371,6490049.5,0.6373997609725472,-61.22628883329049,24742971,3.491682615959383,5.503283126046989,7.017319372868632,-9.016388893383667,24.02235327400662,1.036267381837194,3.479258683050527,1.0
2022-03-04,44.400001525878906,45.52000045776367,44.400001525878906,44.650001525878906,6157186,44.130000305175784,43.80200004577637,43.0564998626709,42.1465998840332,41.847399940490725,41.511521657307945,43.926778365220784,43.27850683668418,42.481740216146406,41.5295563871416,69.46203744557872,0.3803794692986197,0.6774799072696567,0.5366523447645373,0.1408275625051194,4.517790847441394,1.2600021362304688,1.7321425846644811,18.83195981098446,12.714210890732424,45.006326427327295,41.1066732980145,0.0905706023887398,6721939.45,0.9159835559066215,48.84092752872058,30900157,3.7009549505661106,5.939747568567431,7.560503068232971,-8.504093803407228,24.720677311235086,0.0,2.5225200301670374,1.0
2022-03-07,45.25,46.20000076293945,45.25,46.0,15897977,44.60600051879883,44.08400001525879,43.27649993896485,42.23279991149902,41.900399932861326,41.54381286840645,44.34142269217663,43.53769666176188,42.61971118806223,41.574038413140194,72.02898726997104,0.5048853179917984,0.8093777963020372,0.5911974350720373,0.21818036122999995,7.879926497295542,2.8199996948242188,1.7621424538748605,20.958811384203127,13.96390759731686,45.50707495783618,41.04592492009351,0.10308481610191367,7437681.45,2.1374909784553893,158.20199357303807,46798134,6.29325399437628,8.920081302673129,10.726476035574546,-5.737703444335553,28.491622850037107,1.3437815310562482,2.099449199866195,1.0
2022-03-08,46.400001525878906,46.470001220703125,45.18000030517578,45.93000030517578,13287272,45.07400054931641,44.36700019836426,43.49149990081787,42.31719993591309,41.95129993438721,41.57514277866908,44.65913821477646,43.76553510399177,42.74952644755688,41.617381317538566,73.84842112422983,0.5047680321381559,0.8979088984206101,0.6525397277417518,0.24536917067885822,5.8538855756087305,2.8300018310546875,1.7907139914376395,21.03495197762377,13.959466884076537,45.87738225267089,41.10561754896485,0.10971717955435024,8002919.85,1.660303020528189,-16.421617668713452,33510862,5.606843658919322,8.537427747426737,10.474666436361684,-5.881145444168738,28.296092972059473,0.8695685345193614,2.85524769104431,1.0
2022-03-09,47.599998474121094,47.599998474121094,45.400001525878906,45.65999984741211,10485976,45.32800064086914,44.59500007629394,43.68349990844727,42.39859992980957,41.99869995117187,41.6041133961779,44.85931054130359,43.94596031765085,42.863662659315914,41.657606377537306,71.82080630108427,0.3693937350326742,0.9354997949207373,0.709131741177549,0.22636805374318836,5.743398621373008,2.279998779296875,1.8864280155726842,21.382906926344468,14.007588036935262,46.12050684562704,41.24649297126749,0.11157562659985124,8431290.95,1.2436975621153248,-21.0825517833909,23024886,4.524591534806573,7.692234939365336,9.74876309131206,-6.434425079383617,27.541901733183234,3.6359637662730933,4.845808093174061,1.0
2022-03-10,43.650001525878906,46.79999923706055,43.650001525878906,44.79999923706055,14283266,45.40800018310547,44.765999984741214,43.82399978637695,42.46239990234375,42.03149993896484,41.62661963449398,44.847448280454984,44.027297357594634,42.93959742707061,41.68887396817933,60.02844471648345,0.0,0.8856863483908342,0.7444426626202061,0.14124368577062807,3.944317455046309,1.7099990844726562,2.0464278629847934,22.94233052366959,14.627071550455433,46.17230683786063,41.47569273489327,0.10716990977230108,9018276.2,1.5838133234375769,36.2130334839599,8741620,2.2270889362932875,5.505104139410108,7.623438151910232,-8.196721439622994,25.139665340224653,-4.4020988354145265,7.216489349522915,1.0
2022-03-11,45.880001068115234,45.880001068115234,44.84000015258789,45.279998779296875,6661457,45.533999633789065,44.831999969482425,43.97949981689453,42.537999877929686,42.07449993133545,41.65216774040169,44.933958380223366,44.146602254899605,43.03137787225596,41.72460655336458,64.38354517958334,0.20447116490325615,0.8748559893974743,0.7705253279756598,0.10433066142181457,4.379893186720452,0.6599998474121094,1.812856674194336,23.091918602687887,14.737083577970742,46.27799818552457,41.681001448264496,0.10452589857545752,9227443.95,0.7219179044701757,-53.361808146680175,15403077,2.9570571921392403,6.445998658225212,8.709825288099642,-7.213115804908561,26.480446213033797,2.4107184139442173,2.3193597501968815,1.0
2022-03-14,45.880001068115234,45.880001068115234,44.52000045776367,44.63999938964844,7715591,45.26199951171875,44.93400001525879,44.101999855041505,42.606399841308594,42.10889991760254,41.67291657129923,44.87516658210838,44.19359245820902,43.09446106901645,41.75361543730771,59.796442722276474,0.0,0.8053467142096693,0.7774896052224617,0.027857108987207613,3.5971205188483957,1.0200004577636719,1.4828567504882812,23.927604833603795,15.051094979632426,46.255504712090676,41.948494997992334,0.09766019065473258,9410583.45,0.8198844461657688,15.824375958592851,7687486,1.2198982730381351,4.7729908086911115,7.119930790715713,-8.524589984527807,24.692738382621606,1.3250934297566614,3.05480816794196,1.0
2022-03-15,44.97999954223633,45.45000076293945,44.0099983215332,44.33000183105469,11720963,44.94199981689453,45.008000183105466,44.17049999237061,42.663399887084964,42.14159992218018,41.691241297228586,44.766133631897645,44.20658382705146,43.14291364791991,41.779251122817634,56.02028704525181,0.0,0.716980990066908,0.7653878821913509,-0.048406892124442935,-0.649926283666602,0.7400016784667969,1.539999553135463,23.45592671406771,15.02513519294895,46.25717419432035,42.08382579042087,0.09448270688854161,9529752.2,1.2299336597650463,51.91270506692229,-4033477,0.3611048974125928,3.9063974000680535,6.329292320690658,-9.159830893216851,23.826823396028985,0.7616490977523025,3.271989312259723,1.0
2022-03-16,44.5,44.5,43.380001068115234,44.22999954223633,5549265,44.655999755859376,44.99200019836426,44.24599990844727,42.71339988708496,42.172199935913085,41.70863005233137,44.65890681396539,44.208813895164305,43.18554446730487,41.80363667922976,57.40259637316276,0.054620549699758054,0.6316004710172223,0.7386303999565252,-0.10702992893930297,1.3984425155629143,-0.15999984741210938,1.5599994659423828,23.350117714137834,14.958022007701713,46.217805524062506,42.27419429283203,0.08912921483050446,9046232.1,0.6134338516474721,-52.65521271588349,-9582742,-0.03616228866800724,3.5506413892609237,6.0451985278380524,-9.364753619409056,23.547487387790092,0.38348333391275197,2.581832421179853,0.0
2022-03-17,44.779998779296875,46.25,43.70000076293945,44.22999954223633,5724381,44.54199981689453,44.975,44.32549991607666,42.76879989624023,42.20159992218018,41.72578222573209,44.57312535961958,44.21083157583783,43.226503489851204,41.82777959328953,46.83955019945247,0.0,0.5575091757957651,0.7024061551243732,-0.14489697932860812,1.4682252521406314,-0.17000198364257812,1.6185708727155412,23.32112995394539,14.923277733343268,46.1471646205357,42.50383521161762,0.08219488591930485,9187783.3,0.6230426657973093,3.155661155125955,-9582742,-0.21545244615660397,3.416508411601582,6.001606639647129,-9.364753619409056,23.547487387790092,1.2434981748877,5.835238426867759,0.0
2022-03-21,44.81999969482422,45.47999954223633,43.77000045776367,44.13999938964844,6197187,44.31399993896484,44.92399978637695,44.36299991607666,42.820399856567384,42.22719989776611,41.74209450386666,44.48650016562536,44.204085653343604,43.26232685847071,41.85078675544236,54.942971708136405,0.30002814746506234,0.48592755995089476,0.6591104360896776,-0.1731828761387828,-0.5631899153805797,-0.5100021362304688,1.6428565979003906,22.606268294570555,14.899422928508766,46.13374582574291,42.59225400641041,0.07982985429371536,9117744.8,0.679684191204825,8.259513124650496,-15779929,-0.5026723324619211,3.081707638184667,5.744572509555442,-9.549180164480681,23.296090308164676,1.3339366011624867,3.906783336963265,0.0
2022-03-22,44.959999084472656,44.959999084472656,44.15999984741211,44.31999969482422,5629993,44.25,44.75599975585938,44.41999988555908,42.881999816894535,42.25379989624023,41.75939588098718,44.45320007146513,44.21512508586557,43.303804224602224,41.87535603842128,56.74676120911099,0.3668132235979498,0.4386664600870205,0.6150216408891461,-0.17635518080212564,-0.18018429798489777,-1.6800003051757812,1.654285158429827,22.52915096232668,14.899279501247337,46.101553122618895,42.73844664849926,0.0757115372081074,9198330.45,0.6120668343677521,-9.152442874484823,-10149936,-0.22512424806955134,3.3533880977331303,6.131802819022268,-9.180327074337429,23.798884467415505,1.8577247534274373,1.8115924814873587,0.0
2022-03-23,44.869998931884766,44.869998931884766,43.720001220703125,44.41999816894531,8813459,44.267999267578126,44.60499954223633,44.48599987030029,42.94859977722168,42.28469985961914,41.777133229573565,44.446559690961166,44.23463680806364,43.3475765361451,41.90067586061555,50.318458440849504,0.12880613377309158,0.4046165711197176,0.5729406269352605,-0.16832405581554288,-0.5151250819113273,-1.5100021362304688,1.5749994005475725,22.49996435354371,14.900969543316068,46.04883652453569,42.92316321606489,0.07026195471797307,9379472.9,0.9396539756514463,56.544759469505564,-1336477,-0.14836510710652057,3.4259519503683706,6.326104103047678,-8.97541216514794,24.078209820075216,1.2409730163531048,2.630369805747105,0.0
2022-03-24,45.27000045776367,45.27000045776367,44.380001068115234,44.58000183105469,4797761,44.337999725341795,44.496999740600586,44.545999908447264,43.01879981994629,42.31479988098145,41.79569527329198,44.473248118979875,44.26752871501517,43.39590693986704,41.92733582052042,51.85185475895198,0.1855799368088849,0.3860921175259193,0.5355709250533922,-0.1494788075274729,-3.0869525411854615,-1.0799980163574219,1.5307137625558036,22.43877785242622,14.887115851513583,46.01964775353253,43.072352063362,0.06616297077690332,9221702.65,0.5202684560643472,-45.56324594010138,3461284,0.07632991217461818,3.6291156834750318,6.661706521585045,-8.647535803240414,24.525147433257448,1.9135576854044285,2.005406417819707,1.0
2022-03-25,45.41999816894531,45.61000061035156,44.0,44.790000915527344,6162885,44.45,44.49599990844727,44.63099994659424,43.09039985656738,42.34769989013672,41.81539465251722,44.53659867828937,44.317287972206806,43.450577291853726,41.955820050321485,51.45227591817871,0.17078558121045417,0.3839308102804324,0.5052429020988003,-0.12131209181836788,-2.482036538371135,-0.009998321533203125,1.565713882446289,22.25914318564288,14.904026428671308,45.9376937605654,43.32430613262307,0.058555435259562374,9348935.4,0.6592071435213895,28.453355638182053,9624169,0.35625679264047083,3.944268478866131,7.113663012698739,-8.217209803740857,25.111737067190354,1.884244736180066,3.6590922962535513,1.0
2022-03-28,45.2400016784668,45.2400016784668,44.27000045776367,44.4900016784668,8152023,44.52000045776367,44.417000198364256,44.62450008392334,43.15359985351562,42.379799919128416,41.83287574419009,44.52727927832486,44.33373689661252,43.491339032505216,41.98103578791497,29.97349949356611,0.0,0.35393063543335757,0.47498044876571177,-0.1210498133323542,-2.562413869590985,-0.7899971008300781,1.5242854527064733,18.7047304455208,14.972476084324962,45.93271670540952,43.316283462437156,0.05863221409879667,8870715.95,0.9189814042010894,32.27608498292602,1472146,-0.3014003634855178,3.096848998664247,6.351764938478413,-8.83196234831204,24.273750353632035,1.0046902293843254,2.1911028025142363,0.0
2022-03-29,44.84000015258789,44.84000015258789,43.880001068115234,44.18000030517578,2477168,44.492000579833984,44.37100028991699,44.65250015258789,43.20879989624024,42.407099914550784,41.84811681276792,44.45782348369505,44.31909531647569,43.518345356923675,42.00291603186782,28.17956274650446,0.0,0.3016633731062086,0.44031703363381114,-0.13865366052760253,-1.383926210810904,-0.45999908447265625,1.500713893345424,16.946596800538217,14.97757655922724,45.892379040852965,43.412621264322816,0.05553457853549623,8107658.85,0.3055343158648073,-69.61284333962257,-1005022,-1.058171089630969,2.2476912371270292,5.572254309174554,-9.4672110740038,23.407824711460236,0.7866901796285913,2.18778272813267,0.0
2022-03-30,44.63999938964844,44.63999938964844,43.880001068115234,44.11000061035156,2699794,44.43000106811523,44.34900016784668,44.678500175476074,43.260399932861326,42.437199935913085,41.86270961146201,44.388258909026355,44.299181534940054,43.541547523724766,42.023882047574126,29.65880999510398,0.04085868871839803,0.2516914583270946,0.40259191857246784,-0.15090046024537324,-2.5839182872952393,-0.220001220703125,1.3978568485804967,16.958903095450736,14.94924012429753,45.84415362699756,43.51284672395459,0.052179614219069526,7860966.55,0.34344300829011926,8.98711754713446,-3704816,-1.2724231182598198,1.9639223835396538,5.368240660356695,-9.610653073836986,23.2122948334826,1.0411930314513067,1.731992486402752,0.0
2022-03-31,44.47999954223633,44.47999954223633,43.9900016784668,44.119998931884766,4088541,44.33800048828125,44.33800010681152,44.66500015258789,43.312199935913085,42.46479991912842,41.87717941479805,44.33460691359804,44.28211652512527,43.56423189267222,42.04473893199513,38.51350480574679,0.2854366112441931,0.2104689814193108,0.36416733114183647,-0.15369834972252566,-1.1648755933546306,-0.1100006103515625,1.2078568594796317,15.634242573763615,14.91382118818699,45.850802015532075,43.47919828964371,0.053097586875323274,7531945.05,0.5428267164535407,51.43899867915849,383725,-1.2201975122383393,1.8650611078793975,5.355708164753271,-9.590164709719122,23.2402231065169,0.8388096276696394,1.1138846216716247,0.0
2022-04-01,43.150001525878906,44.900001525878906,43.150001525878906,44.56999969482422,5340702,44.294000244140626,44.37200012207031,44.673500061035156,43.373199920654294,42.49549991607666,41.89433113632688,44.381685469843276,44.3095339698585,43.603673767266415,42.0698659047596,37.883975929653346,0.3069377241076719,0.2116711588751059,0.3336680966884904,-0.1219969378133845,0.5413892484917637,0.3400001525878906,1.255713871547154,16.06956591726745,14.950061428884398,45.85372792683186,43.493272195238454,0.05283794035319446,7592142.35,0.7034512465378103,30.62610843330176,5724427,-0.23168179361261185,2.7593070752430457,6.386707905159139,-8.668031984360992,24.497208504643968,-2.1985435845168593,4.055619787059451,0.0
2022-04-04,44.720001220703125,44.720001220703125,43.880001068115234,44.220001220703125,5545988,44.24000015258789,44.380000305175784,44.65200004577637,43.42559997558594,42.52099994659424,41.909050567240655,44.34934862001525,44.30100704136751,43.62784347132276,42.091260286012776,42.04548738548681,0.47448614733596156,0.18228072266272477,0.3033906218833373,-0.12110989922061255,-0.022605294227184825,0.0800018310546875,1.2185709817068917,16.17927518517456,15.063057781959746,45.84956939338886,43.454430698163875,0.053640121221211506,7561582.45,0.7334427729476123,3.843801807327951,178439,-0.9674792274262446,1.829338559660204,5.514204264195112,-9.385241983526917,23.519559114755793,0.33655267423375257,1.9143120604850314,0.0
2022-04-05,44.58000183105469,44.58000183105469,44.0,44.310001373291016,5064068,44.26600036621094,44.37900047302246,44.56750011444092,43.47080001831055,42.54619995117187,41.924150886775564,44.34147917067041,44.301863644407845,43.65459476159602,42.11333731175684,49.58676774029814,0.7325456099898289,0.1643562537835379,0.27558374826337745,-0.11122749447983954,0.18087685254957186,-0.009998321533203125,1.1571423666817802,11.660491564354384,14.95293599673303,45.59033138350174,43.544668845380095,0.04590032047722605,7019887.0,0.7213888200764486,-8.68952475194681,5242507,-0.5777724586048,1.9304943884791246,5.690873723260159,-9.200815438455292,23.770956194381206,0.8141126196600278,1.3181859796697444,0.0
2022-04-06,44.58000183105469,44.58000183105469,44.130001068115234,44.4900016784668,2283303,44.342000579833986,44.38600082397461,44.49550018310547,43.52380004882812,42.56409996032715,41.94018745422363,44.37118367222969,44.31978155241346,43.687355817159585,42.13698571341564,55.200042724609375,0.9458568369409336,0.16279885944739192,0.25302677050018035,-0.09022791105278843,0.7929367776575935,0.07000350952148438,1.1092853546142578,11.849125023010535,14.929703009552195,45.29224256492367,43.69875780128727,0.035812267691766014,6469688.55,0.3529231712398273,-54.911683650377526,7525810,-0.01235743977715982,2.2199385820050663,6.079644319726049,-8.83196234831204,24.273750353632035,0.6093442775797825,1.0197161841099236,0.0
2022-04-07,44.779998779296875,44.779998779296875,41.79999923706055,44.63999938964844,2527931,44.44600067138672,44.39200057983398,44.44450016021729,43.575800018310545,42.585999946594235,41.956956472456085,44.42494681571344,44.35027848929298,43.724714388629735,42.16189132213437,57.73585285908208,1.0,0.17168905042418459,0.2367592264849812,-0.06507017606079663,0.7220209770479435,0.05999755859375,1.1399996621268136,11.859087224701675,14.93061094538656,45.02995419275321,43.85904612768137,0.02634539843739616,6071786.3,0.4163405750956683,10.713777365509536,10053741,0.4398727147935006,2.4421797669594496,6.394751056249081,-8.524589984527807,24.692738382621606,0.6518253312865955,7.129185637865307,1.0
2022-04-08,45.08000183105469,45.08000183105469,44.43000030517578,44.65999984741211,1741546,44.4640007019043,44.37900047302246,44.437500190734866,43.62779998779297,42.606099929809574,41.97364192538791,44.47195742205318,44.379775761494805,43.76139224975846,42.186748123380916,60.077535999384914,1.0,0.17829320750198008,0.225066022688381,-0.04677281518640092,0.54030096434039,-0.13000106811523438,1.0642855507986886,9.799554095960772,14.925868696901937,45.00821968955779,43.86678069191194,0.025686390835365606,5444700.3,0.31986076442077077,-31.10785064940459,11795287,0.5007024601344114,2.365922324545243,6.4001068260873195,-8.483605439289367,24.74860558426938,0.9856685650140983,1.4629788913217399,1.0
2022-04-11,45.18000030517578,45.279998779296875,44.560001373291016,45.220001220703125,3623747,44.6640007019043,44.45200042724609,44.43450031280518,43.69580001831055,42.630299949645995,41.9935582400831,44.62156618178317,44.45979723380036,43.81859260156021,42.21692974623984,65.20273317988622,1.0,0.22610804744081747,0.22527442763886832,0.0008336198019491536,1.4356199267865577,0.7299995422363281,1.0571425301688058,10.080474868643925,15.096169736868612,44.98691082947777,43.88208979613258,0.024864036403416036,5292814.8,0.684654033237664,108.07644472210325,15419034,1.7677725694410056,3.488209854846152,7.683185507105635,-7.336061623621169,26.312855263669643,1.1643539174660433,1.6157930516524206,1.0
2022-04-12,44.880001068115234,45.58000183105469,44.880001068115234,45.20000076293945,4327749,44.842000579833986,44.55400047302246,44.462500381469724,43.771200027465824,42.65689994812012,42.013109718881005,44.737253098014435,44.530292808004084,43.87276547063391,42.24661204491347,63.541706679029105,0.9551354872796236,0.2593976086260952,0.2320990638363137,0.02729854478978147,0.9153825385834535,1.0200004577636719,1.0249998910086495,8.587589019925451,15.100693965861039,45.10773857356997,43.81726218936948,0.029023927424880264,5123422.7,0.8446987987151635,19.427460029632314,11091285,1.6587019963841068,3.264248488908407,7.5854681202668415,-7.377046168859609,26.256988062021865,-0.7518800163858199,1.5597164578428788,1.0
2022-04-13,46.29999923706055,46.29999923706055,44.29999923706055,45.72999954223633,4390115,45.09000015258789,44.716000366210935,44.53250026702881,43.86080001831055,42.68809993743896,42.03563632387103,44.93580238685882,44.64455059221668,43.9455981793242,42.28127261702613,67.69229324609991,1.0,0.3248021804544692,0.25063968715994484,0.07416249329452435,2.7871382714954818,1.6199989318847656,1.104285648890904,8.941444863430528,15.243275180522303,45.38703333358179,43.67796720047583,0.03837795144799742,4756880.3,0.9228979337571307,1.4410724836398714,15481400,2.6890456813046493,4.261663086732219,8.788645876326026,-6.290983079550432,27.73743161116087,2.433624901668162,4.514672763982437,1.0
2022-04-18,45.79999923706055,46.290000915527344,45.79999923706055,46.189998626708984,7062605,45.4,44.92300033569336,44.63050022125244,43.953600006103514,42.72769992828369,42.060662602803795,45.18664163482886,44.79173611931119,44.03361388314321,42.320165413142384,69.99998910085307,1.0,0.4090387129223316,0.2823194923124222,0.12671922060990942,4.549566110568204,2.0699996948242188,1.0292857033865792,9.300676858484819,15.33597092843824,45.74804371358777,43.51295672891711,0.0500798102999155,4832547.3,1.461466295425603,60.875170695984046,22544005,3.494243617538332,5.088089758961537,9.81757244982138,-5.348361990074439,29.02234528232223,0.15307171555855117,1.0698726782298638,1.0
2022-04-19,46.31999969482422,46.31999969482422,45.630001068115234,45.97999954223633,4461027,45.66399993896484,45.06400032043457,44.71800022125244,44.043000030517575,42.77409992218018,42.08413168627345,45.34531321631036,44.90490406435168,44.10994273251941,42.35658167313337,71.84750142631809,1.0,0.4536225226423838,0.31658009837841455,0.13704242426396923,4.2393990161177175,1.4099998474121094,1.0092855181012834,9.57807160967024,15.385598279177879,45.96951837684408,43.4664820656608,0.05597379799630888,4769379.6,0.9353474401576256,-36.83595500527071,18082978,2.8221282587321928,4.397973594842763,9.257332157891685,-5.778687989573995,28.43575564838933,0.2814485212824023,1.5121600056045867,1.0
2022-04-20,47.4900016784668,47.4900016784668,44.93000030517578,45.220001220703125,7594980,45.66399993896484,45.16400032043457,44.772000312805176,44.11620002746582,42.81429992675781,42.10279757635934,45.320250817188914,44.93491331733753,44.15347443793838,42.38507340992511,63.47153894654868,0.8014642740596525,0.42275672372362294,0.33781542344745624,0.0849413002761667,2.4932056107177525,1.0,1.1235713958740234,11.582004902315498,15.839127823196309,46.01165339583787,43.53234722977248,0.055376265271674316,4839269.25,1.5694477012205923,70.2518276621056,10487998,1.0006274117035978,2.5020314364113383,7.4037922033335075,-7.336061623621169,26.312855263669643,3.284041216319305,5.69775507656988,1.0
2022-04-21,47.599998474121094,47.599998474121094,45.09000015258789,45.209999084472656,2159625,45.66599960327149,45.25400009155273,44.8165002822876,44.18840003967285,42.85339992523193,42.12118338409966,45.29820047064566,44.96111196182659,44.194906777018154,42.41318212310469,64.47368156876603,0.7828900342434656,0.392958486082577,0.34884403597448044,0.04411445010809656,1.435942100135934,0.8999977111816406,1.2485713958740234,11.541502575574418,15.721141084982271,46.05172430283418,43.58127626174102,0.05512362691268723,4665750.85,0.4628676218319716,-71.5650995789324,8328373,0.8780221563631909,2.3119168014288896,7.333164579461923,-7.356557804741747,26.284916335056163,5.26315167883793,5.566640747481001,1.0
2022-04-22,45.84000015258789,45.84000015258789,45.08000183105469,45.33000183105469,2997378,45.58600006103516,45.33800010681152,44.862000465393066,44.26240005493164,42.888999938964844,42.1400587867288,45.30456074272747,44.9962443303245,44.239420308549,42.44220520477584,65.47318345767687,0.8123187191133269,0.37470699778821626,0.3540166283372276,0.020690369450988677,2.5101777017407123,0.8400001525878906,1.2678571428571428,11.548109248287457,15.670102907747301,46.10275676199448,43.621244168791655,0.05531435440818299,4374946.8,0.6851233025279302,38.79159576315332,11325751,1.0432021773586342,2.411983477620071,7.569859027653986,-7.110650533311101,26.62011954494283,1.3934994047182094,1.6858879562193272,1.0
2022-04-25,45.2599983215332,45.2599983215332,44.58000183105469,44.900001525878906,2842944,45.32800064086914,45.36400032043457,44.87800045013428,44.32400009155273,42.921799964904785,42.15619880274723,45.223648899357755,44.98707834894873,44.26532545432664,42.46666088956293,54.24166944515269,0.40924019574502846,0.3218352148337331,0.3475803456365287,-0.025745130802795557,1.3315281749088914,0.26000213623046875,1.1964285714285714,12.08639996272263,15.809697442769691,46.111678114380595,43.644322785887965,0.05497917250645349,4277205.95,0.6646731612257296,-5.1523031129206975,8482807,0.049024188965531845,1.2995249371365905,6.508657803731754,-7.991798713430791,25.419001348463542,-0.15443085526973518,1.5253397544834242,1.0
2022-04-26,44.84000015258789,44.84000015258789,44.439998626708984,44.63999938964844,2256816,45.060000610351565,45.3620002746582,44.87050037384033,44.37700004577637,42.953099975585936,42.17063950383386,45.10691899741589,44.954023209967744,44.28001854982946,42.48828614827025,55.52628725851982,0.26681598198858025,0.25600290433153816,0.3292648573755306,-0.07326195304399241,0.3371492594351544,-0.020000457763671875,1.1692859104701452,12.16099213511729,15.872557620472142,46.10824776030276,43.6327529873779,0.05516976080721587,4081902.5,0.5528833674983663,-20.616937934760582,6225991,-0.5137027273408223,0.5926478662387606,5.855637749079142,-8.524589984527807,24.692738382621606,-0.13363334354550696,0.9000934703866089,0.0
2022-04-27,45.2400016784668,45.2400016784668,44.36000061035156,44.43000030517578,2670040,44.902000427246094,45.28300018310547,44.86750030517578,44.42220008850098,42.98529998779297,42.183699392858955,44.97153525896787,44.90411626665423,44.28590018729402,42.50760668714493,51.530597846448785,0.0,0.18475540754901232,0.30036296741022694,-0.11560755986121463,-0.47042806304642415,-0.7900009155273438,1.1907144274030412,12.037902944717464,15.855692867106441,46.10941473229579,43.62558587805577,0.05535919846984409,3807803.35,0.7012021773655932,18.31004388483599,3555951,-0.9750933237293171,0.01755927590092791,5.325044850611396,-8.954915984027362,24.106148748688696,1.3440911671640698,1.9837715419460185,0.0
2022-04-28,44.29999923706055,50.20000076293945,44.04999923706055,44.33000183105469,2871800,44.7260009765625,45.196000289916995,44.875000381469725,44.46500015258789,43.018800010681154,42.196034464342844,44.84322857338524,44.849438701359034,44.28762966351993,42.52573997215896,47.91666873627231,0.0,0.11885215820205985,0.2640608055685935,-0.14520864736653366,-0.7389118170284648,-0.8699989318847656,1.5978573390415736,11.791342610111212,15.723260655713398,46.10114476183798,43.64885600110147,0.054647102838780895,3827534.95,0.7503001376904475,7.556441102005973,684151,-1.2144814390688772,-0.30360580472267495,5.057269939702798,-11.693224786200279,23.826823396028985,-0.29259749543618657,13.961411197266788,0.0
2022-04-29,52.45000076293945,52.45000076293945,38.599998474121094,44.790000915527344,4709439,44.61800079345703,45.1020004272461,44.909000396728516,44.501600189208986,43.05750003814697,42.210857129778184,44.83258304181366,44.84377795985126,44.30733049693199,42.548269931794465,51.80724663525441,0.1625759516759489,0.1025592013986838,0.23176048473461158,-0.12920128333592779,-0.9509073276603885,-0.9399986267089844,2.374286106654576,12.302878916115915,15.79226988282117,46.082405063841655,43.735595729615376,0.05225699333083435,3928017.2,1.198935432360123,63.9891009123198,5393590,-0.26497913591913447,0.6480682157319161,6.110143126967375,-14.604384625337458,25.111737067190354,18.317163538207723,35.88083636351418,0.0
2022-05-02,44.470001220703125,44.59000015258789,44.099998474121094,44.15999984741211,4645318,44.470000457763675,44.899000549316405,44.911000442504886,44.53040016174317,43.086100044250486,42.221931804310195,44.69806640293336,44.77865623485705,44.301552824401796,42.564307045382705,44.74790151674219,0.0,0.03836880301193446,0.19308214839007617,-0.15471334537814171,-2.300886942418079,-2.029998779296875,2.377143314906529,13.39831149828189,16.059489010727532,46.078865921735876,43.743134963273896,0.05200799214998974,3955856.05,1.1742889380416155,-1.3615422134143795,748272,-1.672197429790521,-0.8317920184541133,4.590192727524769,-15.805530590926054,23.351957509812458,-0.7144444927065954,1.1111149556033233,0.0
2022-05-04,43.97999954223633,45.650001525878906,43.65999984741211,43.97999954223633,4326871,44.33800048828125,44.69900054931641,44.88150043487549,44.55720016479492,43.11370002746582,42.23186439040017,44.55445303079395,44.70259369270269,44.28894289176785,42.578393537888715,35.844733149798245,0.0,-0.026719069675600338,0.14912190477694087,-0.1758409744525412,-3.8268095725295104,-2.0,2.467857905796596,12.918863460777914,16.088626229313586,46.113669903814575,43.64933096593641,0.05490767719439334,3905164.5,1.1079868722559574,-6.855224981368336,-3578599,-2.008624675877915,-1.2954149282805352,4.139374799265391,-16.148715152522794,22.84916335056163,-0.40760938812894887,4.557951638620429,0.0
2022-05-05,45.400001525878906,45.45000076293945,44.11000061035156,44.540000915527344,3874078,44.36000061035156,44.63100051879883,44.8975004196167,44.5802001953125,43.14440002441406,42.244831449530096,44.551562607740635,44.68710866630504,44.2987883044643,42.59791201925826,43.29268718176948,0.2068717042747131,-0.032736876679081206,0.11275014848573646,-0.14548702516481765,-3.5721969262574205,-0.6800003051757812,2.5228579384940013,13.443193471819747,16.266047947522505,46.10149100552251,43.693509833710884,0.05363285593421428,3821569.0,1.0137401679781262,-10.464675281514058,295479,-0.7962570315677412,-0.09017294585721289,5.433018400698998,-15.08102904166442,24.413413029961887,3.2287448804515675,3.0378601996061287,0.0
2022-05-06,46.81999969482422,46.81999969482422,42.75,44.54999923706055,4765135,44.40400009155273,44.56500053405762,44.90950031280518,44.607600173950196,43.17640003204346,42.25770948186267,44.551249933604616,44.67405062542462,44.30863971358572,42.617335772669236,36.59091027314957,0.020725548591716554,-0.036281026013298856,0.08294391358592941,-0.11922493959922827,-3.11004854156689,-0.6599998474121094,2.6707150595528737,13.428667915997167,16.26712231368157,46.09345357608308,43.72554704952728,0.05272618288029874,3806622.35,1.2518013508747459,23.00049198802916,5060614,-0.8005011706668359,-0.1291280783208035,5.424548048875546,-15.06196646513865,24.44134130299619,5.118991316639223,9.520467122395832,0.0
2022-05-09,44.88999938964844,45.25,44.0099983215332,44.41999816894531,4932473,44.32999954223633,44.47400016784668,44.9060001373291,44.63400016784668,43.207900009155274,42.26972219679091,44.524999580672755,44.64985515337897,44.31300671183512,42.63527271193567,28.255541381931465,0.0,-0.04901477777992369,0.056552175312758794,-0.10556695309268249,-1.7691354050462627,-0.910003662109375,2.7192865099225725,13.396231404684183,16.28827074942631,46.09557578354123,43.716424491116975,0.05298069935305888,3939080.85,1.2521888196328845,3.5117158275683735,128141,-1.0822651024306866,-0.4794596005211489,5.087035969017207,-15.309823598073319,24.078209820075216,0.7631877854333363,2.817545389135107,0.0
2022-05-10,44.790000915527344,45.130001068115234,44.130001068115234,44.2599983215332,4762974,44.349999237060544,44.40999984741211,44.88700008392334,44.65160011291504,43.235,42.28071819748009,44.471999328844845,44.61272593129843,44.310927951431125,42.651439135911765,28.60697272779032,0.009442601042366479,-0.07119631154698425,0.031002477940810187,-0.10219878948779443,-2.1013067511114647,-0.6400032043457031,2.741429465157645,13.387130015505308,16.299836410843398,46.10623370373247,43.66776646411421,0.054324575825053185,4050833.0,1.1758011253487863,-3.4363898190623687,-4634833,-1.396844879849083,-0.8770162556135832,4.681283120141218,-15.61487573360191,23.63128286247217,0.8329643445161277,2.2660321228102553,0.0
2022-05-11,44.13999938964844,44.15999984741211,43.18000030517578,44.060001373291016,2945267,44.36599960327148,44.352000045776364,44.85700016021728,44.6710001373291,43.260100021362305,42.29049447866586,44.38959973773408,44.560085497202486,44.301087693464844,42.665454680562306,33.23701047056346,0.13384698252763308,-0.10371782462543422,0.004058417427561304,-0.10777624205299552,-2.8016774905436193,-0.5799980163574219,2.6357149396623885,13.460330419786956,16.32478114983931,46.12817187788237,43.58582844255219,0.05667662630692214,4111019.05,0.7164323405409664,-38.16327781759884,-7580100,-1.7767545401600617,-1.3677749818892198,4.184171683113824,-15.996185448250197,23.072632157152746,-0.2711227664606219,2.2695681688516807,0.0
2022-05-12,43.779998779296875,44.540000915527344,43.650001525878906,44.02000045776367,2448614,44.26199951171875,44.31100006103516,44.797000122070315,44.65900016784668,43.28560001373291,42.29994533101066,44.31567988174,44.50864882677974,44.290064664613816,42.678932747997145,32.95131727226324,0.1261706983149261,-0.13120662927739346,-0.02299459191342965,-0.10821203736396381,-1.9599132254105367,-0.4099998474121094,2.520000730242048,12.5343814368013,16.312215050448565,46.10866575143354,43.48533449270709,0.058560422608164894,4052262.4,0.6042585001405635,-16.862749625076432,-10028714,-1.7344903948687314,-1.4308419527561862,4.06632943209034,-16.072450300386496,22.960897753857186,-0.6355029170831505,2.038944693096473,0.0
2022-05-13,43.84000015258789,45.0,43.150001525878906,43.41999816894531,6268886,44.0359992980957,44.21999969482422,44.7079999923706,44.65500015258789,43.30259998321533,42.30603257469509,44.13654353918107,44.404967811747895,44.25594440988172,42.68630653328022,25.944545657203903,0.0,-0.19911164024347272,-0.05821800157943827,-0.14089363866403445,-2.732977682311599,-0.910003662109375,2.597857883998326,13.272451077119637,16.578534788628698,46.140518667629685,43.27548131711152,0.06408332627286127,4149319.25,1.5108227693012535,156.01773084691993,-16297600,-2.880920246141825,-2.7656521765144455,2.6331128835667075,-17.21640126338117,21.28491367116137,-0.40890573217619114,4.287365952957314,0.0
2022-05-16,43.58000183105469,43.58000183105469,43.0,43.13999938964844,4339791,43.779999542236325,44.05499954223633,44.578499984741214,44.6460001373291,43.312599983215335,42.31054050342457,43.93723470927455,44.28449462869081,44.212181860068654,42.69082089006,26.963320983832475,0.03443932883867973,-0.2723805783489155,-0.10105051693333372,-0.17133006141558177,-2.9034456598395875,-1.6500015258789062,2.5857151576450894,12.322610658828927,16.224652690996436,46.08820606326529,43.06879390621714,0.06773247547767795,4146803.05,1.0465389717507805,-30.772532791312525,-20637391,-3.2268932233815875,-3.3732041908531,1.9604072090658657,-17.750240682302053,20.50279415925083,0.3685022313607839,1.3488414675690408,0.0
2022-05-17,43.779998779296875,44.40999984741211,43.310001373291016,43.540000915527344,2297137,43.636000061035155,43.99299964904785,44.44600009918213,44.62900016784668,43.32939998626709,42.31715050564017,43.85778795052511,44.213590465532384,44.185821823027815,42.69927044255222,36.11112716623799,0.3930982118867784,-0.29477201122923447,-0.13979481579251388,-0.1549771954367206,-1.7820908705082017,-0.6199989318847656,2.6435721261160716,12.216855703336204,16.28779554598543,45.81917829185934,43.07282190650492,0.061790855852627204,3908529.65,0.5877240818679731,-47.068027008673916,-18340254,-2.038426813735837,-2.4401157279429957,2.889727676073527,-16.98760670697227,21.62011688104804,1.4835405625944609,2.5398255350771137,0.0
2022-05-18,43.52000045776367,43.52000045776367,43.0099983215332,43.38999938964844,2809408,43.50199966430664,43.933999633789064,44.31650009155273,44.60880012512207,43.34639999389648,42.3228876654477,43.764230238349775,44.1351532202101,44.15461310015019,42.70614336739895,36.666660145819186,0.41457829550421155,-0.3209218651374357,-0.17602022566149825,-0.14490163947593745,-3.125701043228979,-0.5900001525878906,2.618572235107422,12.203915607047273,16.30005582391523,45.56324451095577,43.0697556721497,0.05626547298759638,3825948.7,0.7343036251374724,22.30041133811349,-21149662,-2.0906450193274577,-2.732197978997536,2.5213584966980473,-17.27359626597509,21.20111819647929,-0.04593582302047968,1.1857757640858435,0.0
2022-05-19,43.650001525878906,43.7400016784668,43.150001525878906,43.59000015258789,3101059,43.41599960327149,43.838999557495114,44.23500003814697,44.58760009765625,43.36709999084473,42.329627625485685,43.7293842211974,44.08323388043656,44.132471415932066,42.71493796227646,40.74998784066406,0.5724631080112411,-0.3217979363679291,-0.20517576780278443,-0.11662216856514465,-1.2907601829568849,-0.9500007629394531,2.2214292798723494,11.324775439494045,15.931451770660063,45.445646496303404,43.02435357999054,0.054737038865712954,3601252.65,0.8611056488913656,10.381226222748708,-18048603,-1.4581211371150709,-2.237393227900592,2.977518579311491,-16.8922792783102,21.759779557377897,0.5992213410643594,1.367323596116311,0.0
2022-05-20,43.349998474121094,43.97999954223633,43.349998474121094,43.91999816894531,1442916,43.51599960327148,43.77599945068359,44.17049999237061,44.54600006103516,43.38939998626709,42.33804228444579,43.76750701074699,44.067687622199294,44.124139131736506,42.726928611099034,38.75966241431723,0.6815334907684932,-0.29249247592606054,-0.22263910942743967,-0.06985336649862087,-0.13642877197711512,-0.6300010681152344,1.2771434783935547,11.7969774268298,15.970123699503194,45.29695749882107,43.044042485920144,0.05100496968089709,3565417.2,0.40469766062720514,-53.470217754644466,-16605687,-0.567124717783507,-1.4052931604007612,3.7364880356801535,-16.263112430727244,22.681561745618293,-0.550588845209142,1.4532897123198976,0.0
2022-05-23,44.439998626708984,44.439998626708984,44.04999923706055,44.25,2140814,43.737999725341794,43.75899963378906,44.11649990081787,44.51240005493164,43.414799995422364,42.34810521979081,43.864005608597594,44.08505070579936,44.12907485206056,42.74208355029208,51.2605050996148,1.0,-0.23987417736552885,-0.2260861230150575,-0.01378805435047134,-0.6511021768440206,-0.1699981689453125,1.265000479561942,12.139601595341096,16.031320507373998,45.10387936504368,43.12912043659206,0.04476236630039209,3522589.0,0.6077387966634767,48.36719531836919,-14464873,0.3026080933035532,-0.5894987792341412,4.491097701628373,-15.633938310127682,23.60335458943787,1.1839719477296122,0.885356177986763,0.0
2022-05-24,44.380001068115234,44.380001068115234,43.779998779296875,44.06999969482422,1742995,43.84399948120117,43.739999771118164,44.07499980926514,44.48060005187988,43.43959999084473,42.35712037411036,43.905204425842925,44.08361727618268,44.126758179227764,42.75529664625758,51.2605050996148,1.0,-0.2102744045202627,-0.22292377931609855,0.01264937479583586,-1.0774400683648544,-0.18999862670898438,1.1657148088727678,11.792877008440877,16.007441024378924,44.990906469757405,43.15909314877287,0.04156127802408898,3467591.55,0.502652914816337,-18.582604560695138,-16207868,-0.011344559189009638,-0.923099860561145,4.043899362339114,-15.977122871724426,23.10056043018704,0.293787724554202,1.3704940738876732,0.0
2022-05-25,44.34000015258789,44.34000015258789,44.029998779296875,44.119998931884766,1725313,43.98999938964844,43.74599952697754,44.04899978637695,44.467000045776366,43.46469997406006,42.366302033265434,43.94816332705129,44.087082195773355,44.12649311070451,42.768875773477745,43.137225569430576,0.679124168741731,-0.1806988666620697,-0.2144787967852928,0.03377993012322311,-0.6753697645811241,0.05999755859375,1.08285767691476,11.669080404369227,15.942128482531487,44.926074370301016,43.17192520245289,0.03982267875218889,3441016.4,0.5013963316187624,-1.0144607414249607,-14482555,0.16118219676300216,-0.7803564745415293,4.139367408659724,-15.881795443062352,23.2402231065169,0.6126627175706152,0.7040685484569666,0.0
2022-05-26,45.11000061035156,45.11000061035156,43.77000045776367,43.869998931884766,2024163,44.045999145507814,43.73099937438965,44.0209997177124,44.43880004882813,43.4883999633789,42.37409320890595,43.932530448017985,44.06640759921254,44.116434515456675,42.77983222281513,39.69697460107552,0.5432315917220454,-0.1754109225662006,-0.20666522194147438,0.03125429937527377,-0.8811554551250267,-0.15000152587890625,0.8878577096121651,11.719413506859281,14.27326334099087,44.8824775185158,43.159521916909,0.03913940193669764,3408722.55,0.593818643292045,17.321494708496378,-16506718,-0.3430198923148872,-1.279965067279898,3.530236542417426,-16.358439859389314,22.541899069288437,2.243884185027347,3.061457935969039,0.0
2022-05-27,44.279998779296875,44.279998779296875,43.869998931884766,44.08000183105469,1370322,44.077999877929685,43.79699974060058,44.008499717712404,44.42760009765625,43.51699996948242,42.382886552319086,43.96202472462532,44.06770228795941,44.11500578273503,42.79276923384239,44.97047564014591,0.7515389660116363,-0.1525165935252133,-0.1958354962582222,0.043318902733008896,0.04539368393163823,0.660003662109375,0.8285718645368304,11.855414609980555,13.523401313693226,44.85827466617258,43.158724769252224,0.0386186738430515,3333648.65,0.41105771599535545,-32.30179585339719,-15136396,0.1624734171828761,-0.7823926249392494,4.004246564567084,-15.958053022182044,23.12849935880052,0.9345791141884916,0.9345791141884916,0.0
2022-05-30,44.279998779296875,44.380001068115234,43.880001068115234,43.97999954223633,2903680,44.023999786376955,43.88099975585938,43.967999649047854,44.42060005187988,43.54199996948242,42.391076875344304,43.96561968814753,44.05934964550959,44.10971142036253,42.804582470741835,45.783160216931705,0.7836406360524066,-0.14081875086578322,-0.1848321471797344,0.04401339631395118,-0.09086986622302007,0.8400001525878906,0.7928575788225446,11.184989876754358,13.531605930490773,44.73403125152556,43.20196804657015,0.03484496036172489,3243360.7,0.8952689104236848,111.89764157621349,-18040076,0.02729233370691583,-0.9918832909257512,3.7482479427555684,-16.148715152522794,22.84916335056163,0.45371356609447366,1.139471257586905,0.0
2022-05-31,44.09000015258789,44.09000015258789,43.83000183105469,43.95000076293945,1265893,44.0,43.92199974060058,43.95749969482422,44.41500007629394,43.564199981689455,42.39903056864836,43.96249590310592,44.048935466217195,44.103448257326335,42.81597966767913,48.25396364059117,0.8812392844180781,-0.13244206734871256,-0.17435413121353002,0.04191206386481747,1.2206416774407147,0.4099998474121094,0.7342861720493862,10.030436847776905,12.999357135787479,44.71818856253481,43.19681082711363,0.03461019725833764,3074389.45,0.41175427530822417,-56.40383926603483,-19305969,-0.017059505060183004,-1.0469420523600952,3.6580322084957047,-16.205910155116715,22.76536787587955,0.25011507843678593,0.593197149604013,0.0
2022-06-01,43.880001068115234,43.880001068115234,43.470001220703125,43.52000045776367,2238485,43.880000305175784,43.93499984741211,43.934499740600586,44.40080009460449,43.584799995422365,42.404720771131174,43.87399681403747,43.99856070350734,44.080567951461134,42.82298484967003,42.93787015405305,0.6712494754743863,-0.15867184600492834,-0.17121767417180972,0.012545828166881379,0.8808555250151784,0.13000106811523438,0.705000468662807,10.518360973228194,13.148968712392003,44.719744625010755,43.14925485619042,0.035746162539527504,2969970.15,0.7537062283269076,76.83050621182043,-21544454,-0.9434482816106099,-1.9837472184377438,2.6300837886704636,-17.02573913304042,21.56424967940026,-0.15927120275102596,0.9431788265440441,0.0
2022-06-02,44.29999923706055,44.29999923706055,43.58000183105469,43.97999954223633,1975583,43.902000427246094,43.97399978637695,43.90649967193603,44.39760009765625,43.608999977111814,42.412676724520594,43.89519735967724,43.996792973862476,44.07662409227584,42.834497433675665,58.23530137744014,1.0,-0.1407189325610645,-0.16511792584966067,0.024398993288596182,1.0105618223633872,0.3899993896484375,0.6285719190325055,10.185132826423004,13.28131226235607,44.63900133244005,43.17399801143201,0.033366433943820745,2875045.4,0.6871484533774667,-11.74463978985787,-19568871,0.1674008879083457,-0.9405926322625009,3.6954112278643274,-16.148715152522794,22.84916335056163,1.792276587988244,1.6521279847510153,0.0
2022-06-03,44.560001373291016,44.79999923706055,44.13999938964844,44.150001525878906,1767101,43.91600036621094,43.99700012207031,43.88649978637695,44.39420013427734,43.63809997558594,42.421406999904306,43.94615819291757,44.011384264530705,44.07950163869165,42.847587026632915,65.34953667201574,1.0,-0.11148821327531522,-0.1543919833347916,0.042903770059476376,1.751560605948721,0.23000335693359375,0.6457146235874721,10.306626627429974,11.751397330728812,44.56486551550388,43.20813405725002,0.030914551510326002,2725143.7,0.6484432362227357,-10.552935513213058,-17801770,0.6004163940723967,-0.5500687199224606,4.074816580172599,-15.824593167451825,23.324029236778156,1.3187854413178903,1.4952420854969253,0.0
2022-06-06,44.95000076293945,44.95000076293945,43.29999923706055,44.0,2337622,43.92000045776367,43.97200012207031,43.865499877929686,44.385800170898435,43.66719997406006,42.429299964904786,43.95692655433406,44.01030004886111,44.076383927370415,42.859053822387814,57.56575314962606,0.7286261189570502,-0.0992820653207005,-0.1433699997319734,0.0440879344112729,0.9405823491096532,-0.25,0.6728575570242745,10.323323549553539,11.7634427240909,44.498836430657356,43.232163325202016,0.028876294787025747,2595401.15,0.9006784943437357,32.2857040995393,-20139392,0.3066193761489215,-0.8691972869994233,3.7019230493890123,-16.110582726454645,22.905030552209407,1.8120027393240752,3.810627147694421,0.0
2022-06-07,44.18000030517578,44.18000030517578,43.59000015258789,43.86000061035156,1464099,43.902000427246094,43.95100021362305,43.845499992370605,44.371400146484376,43.69509998321533,42.44469997406006,43.93754136553757,43.99598581662211,44.06789830709517,42.869013491919794,57.75577931708251,0.714411686142719,-0.09975546691999426,-0.13464709316957757,0.03489162624958331,-0.13660646879574134,-0.20999908447265625,0.6771430969238281,10.307423091357697,11.725527850381388,44.45103558988832,43.23996439485289,0.027621333893926722,2430457.4,0.6023964871797383,-37.36801758368119,-21603491,0.033072078054715376,-1.152543157178989,3.334457864365778,-16.377502435915087,22.51397079625414,0.40909160267223016,1.3535217951883007,0.0
2022-06-08,44.060001373291016,44.060001373291016,43.7400016784668,43.880001068115234,1227638,43.97400054931641,43.92700042724609,43.836499977111814,44.353200149536136,43.721800003051754,42.458199977874756,43.92603330605311,43.984939650097644,44.060529787919485,42.87907306979238,55.08772446433735,0.6140706756179068,-0.09739407305885805,-0.12719648914743367,0.029802416088575617,-0.836155778270653,-0.23999786376953125,0.6578573499407087,10.197330529593911,11.08599941099256,44.43390805163621,43.23909190258742,0.02725619403174604,2344575.95,0.5236076911903834,-16.15061549799569,-20375853,0.09923486370064644,-1.0668882511871023,3.3487078844166454,-16.339370009846938,22.569837997901917,0.4559980851715953,0.7315950675460413,0.0
2022-06-09,44.13999938964844,44.13999938964844,43.68000030517578,43.95000076293945,1208810,43.96800079345703,43.935000610351565,43.8329999923706,44.34240013122559,43.74799999237061,42.47279998779297,43.93082679743038,43.98161213703496,44.05619531635164,42.88972906673912,50.579198915981166,0.42421588474522265,-0.0888500529473859,-0.11952720190742412,0.030677148960038217,-0.2722916558106081,0.0800018310546875,0.645714351109096,10.213102264333118,10.854978988546012,44.42669013657188,43.23930984816933,0.027088729692451383,2282585.75,0.529579228294052,-1.533676865655842,-19167043,0.2669239399293117,-0.8849303761746771,3.4779924459207896,-16.205910155116715,22.76536787587955,0.5925212288158468,1.0531114497683498,0.0
2022-06-10,44.150001525878906,44.150001525878906,43.75,43.810001373291016,1088837,43.900000762939456,43.9080005645752,43.85250015258789,44.33500015258789,43.771900024414066,42.48699998855591,43.90666171260251,43.965268254773626,44.046540651917894,42.89888600511277,40.83338234148776,0.04429997039943205,-0.09231152635967987,-0.11408406679787528,0.021772540438195404,-0.7026236765606986,-0.2700004577636719,0.6371429988316127,8.95339668412609,10.48771902154896,44.413809945114586,43.2911903600612,0.02559989923373014,2023583.3,0.5380737229843713,-9.924884804063506,-20255880,-0.0969130132808855,-1.1841632513589324,3.113896921626532,-16.472829864577157,22.374308119924283,0.45506429912989316,0.9142892020089286,0.0
2022-06-13,44.689998626708984,44.689998626708984,44.11000061035156,44.189998626708984,5159270,43.93800048828125,43.92900047302246,43.90500011444092,44.336600112915036,43.798500022888184,42.50289999008179,43.9633290954238,43.9866711473389,44.052166454850884,42.91173289686995,52.30766973553901,0.49159593102589766,-0.06365835253414787,-0.1039989239451298,0.040340571410981935,0.7294271771491667,0.20999908447265625,0.6571426391601562,9.01109656019044,10.552130381842739,44.374647060917134,43.4353531679647,0.02139377953545407,2064557.25,2.4989716318111306,373.8330898013201,-15096610,0.6491254106028989,-0.33065567912896315,3.9693730004797056,-15.748335588332132,23.435752984494535,2.008667486494222,1.3148900664973244,0.0
2022-06-14,44.08000183105469,44.08000183105469,43.36000061035156,43.56999969482422,2820945,43.880000305175784,43.89100036621094,43.906500053405765,44.325600128173825,43.81890003204346,42.51484998703003,43.88466321530389,43.94698815186131,44.03325795445768,42.918282815257555,41.324938597852935,0.06346204298328587,-0.08994243766410648,-0.10118762668892514,0.011245189024818664,-1.156992094022935,-0.3800010681152344,0.6942852565220424,10.010661776131277,10.931748549617842,44.37140639998739,43.441593706824136,0.021177107991579312,2090747.65,1.3492517855992807,-45.322787913794,-17917555,-0.7664021458605056,-1.7046592288986033,2.481838012167701,-16.930411704378347,21.703912355730118,-0.24891785261974061,1.660519397066695,0.0
2022-06-15,43.66999816894531,43.7400016784668,43.22999954223633,43.61000061035156,2091201,43.82600021362305,43.900000381469724,43.91750011444092,44.30640014648438,43.83980003356933,42.52769998550415,43.829730694313426,43.914894100288954,44.016659627237836,42.925165579387844,45.60814076219123,0.1947596819766243,-0.10631944058523857,-0.10221398946818783,-0.00410545111705074,-0.8412890762525715,0.09000015258789062,0.6349996839250837,9.928691431278402,10.934264369714459,44.33936914747333,43.49563108140851,0.019211887376699262,2054837.3,1.0176966322345813,-25.86877801587766,-15826354,-0.700175336228314,-1.571780902601887,2.544931010180006,-16.85414685224205,21.815646759025675,0.22951222130252344,1.1797412482787313,0.0
2022-06-16,43.95000076293945,43.95000076293945,43.529998779296875,43.720001220703125,2170013,43.78000030517578,43.874000549316406,43.92400016784668,44.29640014648437,43.861000061035156,42.54229999542236,43.807784799591374,43.896332873661734,44.005025964236474,42.93307439173925,43.706284378951416,0.11718404113186141,-0.1091638307593854,-0.10360395772642735,-0.00555987303295806,-0.5233209061290212,-0.2599983215332031,0.6357141222272601,9.834960853411634,10.942064988966742,44.32826131560273,43.519739020090626,0.018407301075095646,2008285.0,1.0805304028063747,3.7687434158648614,-13656341,-0.464436176951126,-1.30123198245263,2.7683064277377736,-16.64442214537553,22.122911040298867,0.7796380367561515,0.9648564103391006,0.0
2022-06-17,44.13999938964844,44.13999938964844,43.86000061035156,44.08000183105469,2039843,43.83400039672851,43.867000579833984,43.93200035095215,44.29180015563965,43.881300086975095,42.55840000152588,43.86222820588404,43.91382515531821,44.00796619430778,42.94448660506577,51.602601330987454,0.43927032128728505,-0.08143031191325889,-0.09916922856379366,0.017738916650534772,1.2867678478875488,-0.06999969482421875,0.6299997057233538,9.903158470611286,11.042544030343848,44.34221699547653,43.521783706427776,0.01867507244137972,2038131.35,1.0008398133908298,-5.998581575317752,-11616498,0.3368876420837244,-0.47818856727590775,3.5753266792789438,-15.958053022182044,23.12849935880052,0.9606545224578517,0.6383921007761943,0.0
2022-06-20,44.060001373291016,44.060001373291016,43.7400016784668,43.81999969482422,2583650,43.76000061035156,43.84900054931641,43.91050033569336,44.2784001159668,43.90110008239746,42.57245000839234,43.85378250367207,43.90488939717592,44.00059495903391,42.95319817809819,48.05968687619778,0.29475685449212913,-0.07951470189649257,-0.09523832323033345,0.01572362133384088,-0.3638013848964561,-0.18000030517578125,0.6357141222272601,9.733331093342317,11.09526818511741,44.29479583888382,43.52620483250289,0.017503581159519804,2060273.15,1.2540327480363467,26.65925759972705,-14200148,-0.20610250436060934,-1.03526870876547,2.930415529728618,-16.453767288051385,22.40223639295858,-0.04537308741575733,0.7315950675460413,0.0
2022-06-21,44.08000183105469,44.08000183105469,43.619998931884766,43.779998779296875,3212517,43.80200042724609,43.841000366210935,43.89600028991699,44.26120010375976,43.918500061035154,42.587199993133545,43.839025758797035,43.892995052616016,43.99194412845599,42.96142504975191,54.39185923780877,0.5530425658741155,-0.08029867361320697,-0.09225039330690817,0.011951719693701193,-0.8380582871897579,-0.0800018310546875,0.6342857905796596,9.643030284144245,11.067368105327311,44.27682487849935,43.515175701334634,0.017351220433167027,2133749.25,1.505573815667422,24.3402550655081,-17412665,-0.2642644201156559,-1.087185443085199,2.800838717632641,-16.530032140187686,22.29050198966302,0.5933412552286685,1.0545687997109854,0.0
2022-06-22,43.779998779296875,43.790000915527344,43.459999084472656,43.68000030517578,1702697,43.816000366210936,43.821000289916995,43.87400035858154,44.24160011291504,43.934700050354,42.60144998550415,43.80722066807279,43.87270983857408,43.979711037346966,42.96857505229344,44.230788981403364,0.1385782857340348,-0.08797489812328507,-0.09139529427018356,0.0034203961468984856,-0.7272720336914062,-0.20000076293945312,0.6021431514195034,9.650592020935507,11.025053142553347,44.2511588919826,43.49684182518048,0.017192803497221458,2132618.45,0.7984067661048322,-46.99803923216594,-19115362,-0.4421754383466276,-1.2693930741788733,2.531722089362269,-16.720686997511827,22.01117663700331,0.0,0.7593231431350633,0.0
2022-06-23,43.97999954223633,43.97999954223633,43.61000061035156,43.7599983215332,2159396,43.82399978637695,43.80200004577637,43.868500328063966,44.21240005493164,43.95410003662109,42.61564998626709,43.79777619876488,43.86197540837971,43.971094852413096,42.97644991069384,42.23100667040538,0.08259021053183249,-0.0866048630514058,-0.09043720802642802,0.003832344975022217,-0.22800339130583103,-0.19000244140625,0.570000239780971,9.48259624592625,10.95532696394077,44.249097117905386,43.48790353822255,0.01735171191151664,2139380.1,1.0093559344597063,26.822094594634272,-16955966,-0.247334660905541,-1.0232462676451697,2.6852772059909515,-16.568164566255835,22.234634788015246,0.6868114353584357,0.8484267982260476,0.0
2022-06-24,44.599998474121094,44.599998474121094,43.209999084472656,43.65999984741211,2826062,43.73999938964844,43.78699989318848,43.847500228881835,44.18160003662109,43.97640003204346,42.62934999465942,43.770220928494325,43.84273964066851,43.95889504829541,42.98325140260148,43.089414504871506,0.13331634795220576,-0.09252160999847092,-0.09085408842083662,-0.0016675215776343066,-0.5013701352504896,-0.15000152587890625,0.5514286586216518,9.328613640744873,10.874259987510422,44.22529872277148,43.46970173499219,0.01723238460197514,2212167.1,1.2775083762885724,30.872799616188964,-19782028,-0.427619318070545,-1.180582388995962,2.4177001358965304,-16.75881942357998,21.95530943535553,1.9195616654641128,3.216846607497218,0.0
2022-06-27,43.970001220703125,43.970001220703125,43.619998931884766,43.869998931884766,3381786,43.74999923706055,43.75499992370605,43.84200019836426,44.14440002441406,44.002600021362305,42.642649993896484,43.79017652917241,43.845335763641486,43.95540892608323,42.99207476110181,50.19759568048756,0.6569376024719544,-0.07935079690790303,-0.0885534301182499,0.009202633210346867,-0.18202919150378527,-0.31999969482421875,0.5342859540666852,9.484662808970096,10.918064855159185,44.21484719712793,43.46915319960059,0.017008667354441592,2236072.4,1.5123776850874775,19.664253650486074,-16400242,0.0638628105328771,-0.6215988718332064,2.8782191964241304,-16.358439859389314,22.541899069288437,0.7100352138672547,0.8023894942430165,0.0
2022-06-28,43.79999923706055,43.93000030517578,43.560001373291016,43.79999923706055,2173213,43.75399932861328,43.77799987792969,43.83450012207031,44.09660003662109,44.025100021362306,42.656349983215335,43.79214107075004,43.84101799920521,43.9493144284745,43.00011381061384,48.4495734330874,0.5617291049606197,-0.07371152245645618,-0.08558504858589117,0.011873526129434986,-0.022830714259158835,0.22999954223632812,0.5378573281424386,9.497335057140363,10.922194485153943,44.20422139325121,43.46477885088941,0.01686896258204384,2281438.4,0.9525626464427004,-35.73771374060926,-18573455,-0.07870714828202609,-0.6726160277985704,2.6810762156049948,-16.491899714119537,22.346369191310803,-0.1595616515352657,0.849400643296655,0.0
2022-06-29,44.040000915527344,44.040000915527344,43.54999923706055,43.7599983215332,1372013,43.769998931884764,43.79299964904785,43.84650001525879,44.05220001220703,44.04760002136231,42.67074996948242,43.78571252090667,43.83330183942692,43.94189026741798,43.00767485052349,46.274455245292955,0.40130413949973903,-0.07164422636184042,-0.08279688414108102,0.011152657779240599,-0.9730715513439403,0.14999771118164062,0.5400003705705915,8.795777738387143,10.711202708932419,44.187722636811216,43.505277393706365,0.015564417749817138,2238114.8,0.6130217270356284,-36.867071934504345,-19945468,-0.1972830070712243,-0.6633078270616625,2.552681527345541,-16.568164566255835,22.234634788015246,0.5479490471399917,1.1251473870286801,0.0
2022-06-30,44.599998474121094,44.599998474121094,43.540000915527344,43.7599983215332,2636944,43.769998931884764,43.79699935913086,43.835499954223636,44.022999954223636,44.06959999084473,42.68559995651245,43.78056968103198,43.826320552008475,43.93475724993231,43.01516065620519,48.96259057942339,0.5845028214387528,-0.06920809151435492,-0.0800791256157358,0.010871034101380878,0.4360767226068152,0.039997100830078125,0.5871429443359375,7.920659021282337,10.594185764999638,44.17276341843597,43.4982364900113,0.015387686444298826,2271182.85,1.1610443430391348,92.1952634559585,-19945468,-0.17223855726358106,-0.5974186969627447,2.5170042499469116,-16.568164566255835,22.234634788015246,1.9195616654641128,2.4345372905486804,0.0
2022-07-01,43.869998931884766,44.900001525878906,43.79999923706055,44.36000061035156,9083077,43.90999908447266,43.824999237060545,43.84599990844727,44.00599998474121,44.09720001220703,42.703799953460695,43.89645586689589,43.87714722423163,43.95143346014483,43.02854214828625,53.231975562740146,0.9112351175133072,-0.018647312209431277,-0.06779276293447489,0.049145450725043616,1.7197890151415818,0.279998779296875,0.6057147979736328,9.239962945241729,10.957103549459282,44.2337820717461,43.45821774514844,0.017688371304499358,2636981.65,3.444497613398258,244.45467935610316,-10862391,1.1722864183222057,0.8044371806869545,3.878344921753619,-15.424213603261164,23.910618870711062,0.25137251958584733,2.511420794472556,0.0
2022-07-04,45.04999923706055,45.04999923706055,41.70000076293945,44.68000030517578,3696528,44.07199935913086,43.9109992980957,43.87999992370605,43.992999954223635,44.12770000457763,42.72354995727539,44.05316475455187,43.95360942241679,43.98000470896957,43.044974567757784,73.81973686795591,1.0,0.04670538013463954,-0.044893134320652006,0.09159851445529155,2.195789244438684,0.8600006103515625,0.785714830671038,9.448946687383328,11.025007741641621,44.41567498077026,43.34432486664184,0.024415453874001198,2704926.95,1.3665906948060094,-59.30313042595587,-7165863,1.8231549290352922,1.5616128740185855,4.579325336627907,-14.814109332203978,24.804472785917163,1.5554522480055395,8.033569335323318,0.0
2022-07-05,45.380001068115234,45.380001068115234,44.380001068115234,44.79999923706055,2799231,44.27199935913086,44.01299934387207,43.9269998550415,43.990999908447264,44.1575,42.74274995803833,44.202531651053604,44.03421797619238,44.012161357130005,43.06243749979065,74.68876975213963,1.0,0.10694794129376817,-0.01452491919776797,0.12147286049153613,1.6333878768095111,1.0200004577636719,0.8207146780831474,9.352404170519423,11.017168547521933,44.60209373315123,43.25190597693177,0.03073708108168225,2771683.55,1.009938887143159,-24.274048512550152,-4366632,1.987386766453279,1.8390110029254785,4.813095275904968,-14.585322048811689,25.139665340224653,1.566698205367658,2.2532671832638798,0.0
2022-07-06,44.439998626708984,44.59000015258789,42.099998474121094,44.16999816894531,4719772,44.353999328613284,44.06199913024902,43.94149971008301,43.9815998840332,44.179299964904786,42.76099994659424,44.196024954631945,44.04714942312123,44.01835103602472,43.07345800396134,57.67912800976979,0.4759453478190525,0.10267125367655439,0.008914315377096502,0.09375693829945789,0.7987185681391784,0.48999786376953125,0.9835717337472099,10.80445808453175,11.395556020516985,44.62475124947756,43.258248170688454,0.0310982348760287,2946290.25,1.6019372157919607,68.60959313468591,-9086404,0.5200060543447323,0.4283570525148313,3.2950544283595375,-15.786468014400281,23.379885782846756,-0.8035728046480725,5.914493512386712,0.0
2022-07-07,44.900001525878906,44.900001525878906,43.18000030517578,43.59000015258789,7871542,44.31999969482422,44.044999313354495,43.92349967956543,43.964799880981445,44.19349998474121,42.77794994354248,44.074819994223134,44.00361139735615,44.00155296216445,43.07859772683325,42.2221899284653,0.0,0.051882881689522264,0.017508028639581653,0.03437485304994061,-0.4339849977310517,-0.1699981689453125,1.0764290945870536,11.807256352155102,11.393680320952864,44.62454473599729,43.22245462313357,0.031921183946916086,3279426.85,2.4002797927936705,66.77801385321156,-16957946,-0.7592735765831855,-0.8524995664899815,1.898291550009147,-16.8922792783102,21.759779557377897,1.6527131247355102,3.983328412568252,0.0
2022-07-08,43.939998626708984,44.150001525878906,43.119998931884766,43.56999969482422,1646453,44.16199951171875,44.0359992980957,43.91149959564209,43.94959983825684,44.20729999542236,42.79494995117187,43.973855934343355,43.96231504473406,43.9846293046217,43.08348729865406,45.70446149772298,0.10725711141025217,0.009904686132330198,0.015987360138131363,-0.006082674005801165,-0.25183289739704184,-0.09000015258789062,1.1257149832589286,11.7617020484774,11.393670313498014,44.62875388459515,43.194245306689034,0.03266817556029173,3307307.65,0.4978227531992677,-79.08347563920766,-18604399,-0.7777003836411089,-0.8637169503923169,1.8110775793327514,-16.930411704378347,21.703912355730118,0.8029329499791589,2.3886888207516,0.0
2022-07-11,44.09000015258789,44.400001525878906,43.27000045776367,43.560001373291016,2527931,43.9379997253418,44.00499954223633,43.87999973297119,43.92499984741211,44.21330001831055,42.81159996032715,43.891085022132884,43.92399945697758,43.96797722888324,43.088228732232544,46.18059188871655,0.1219223577521652,-0.023894674339707933,0.008010953242563503,-0.03190562758227144,-0.457031434902444,-0.30999755859375,1.173571995326451,11.282059250103554,11.103668542823598,44.601080735705786,43.1589187302366,0.03286604408034107,3175740.7,0.7960130372105002,53.53799956634049,-21132330,-0.7292578888502868,-0.8309583958771455,1.7481276421750114,-16.94947428090412,21.675984082695816,1.1934828124991792,2.6115115695878974,0.0
2022-07-12,43.810001373291016,43.900001525878906,43.290000915527344,43.619998931884766,1798323,43.70199966430664,43.98699951171875,43.88249969482422,43.91419982910156,44.22229999542236,42.82669996261597,43.83686780408327,43.89504702601636,43.95433102115781,43.09351997800023,48.943635013102984,0.20702658306300775,-0.04531722075517308,-0.002654681556983814,-0.04266253919818927,-0.09161913803743538,-0.18000030517578125,1.1935719081333704,10.120040817459948,10.883159450064227,44.59938990973664,43.1656094799118,0.032673171305096484,3124609.6,0.5755352604690198,-28.861863713843462,-19334007,-0.5981900866290307,-0.6699447977231102,1.8523467135251575,-16.835084275716277,21.843575032059974,0.5739210103728061,1.4091027892142323,0.0
2022-07-13,43.86000061035156,43.900001525878906,43.209999084472656,43.439998626708984,2941632,43.555999755859375,43.95499954223633,43.87399959564209,43.903399810791015,44.23029998779297,42.84219995498657,43.757493968608415,43.851709083225174,43.93416112333629,43.096967526743605,44.55781871592393,0.07193947746092774,-0.07594383023138818,-0.017312511291864688,-0.05863131893952349,-0.9801693996925431,-0.31999969482421875,1.2164293016706194,10.221494807268302,10.877538836237544,44.608313656754355,43.139685534529825,0.03347376887814909,3167131.15,0.9288001856190894,63.57639867810177,-22275639,-0.9891985525208735,-1.0555018200848567,1.395350080879391,-17.17826883731302,21.340780872809145,0.5502101887750476,1.596858264350669,0.0
2022-07-14,43.95000076293945,43.95000076293945,43.040000915527344,43.29999923706055,1465436,43.497999572753905,43.908999633789065,43.85299949645996,43.87859977722168,44.22939998626709,42.858449954986575,43.665995022298844,43.799165288352356,43.90929202975685,43.09898774276666,43.95971264279534,0.053517269874637514,-0.11024162281028538,-0.03589833359554882,-0.07434328921473655,-1.1415525312998942,-0.45999908447265625,1.1821436200823103,10.22264635805217,10.385553474551777,44.628712716054316,43.0772862768656,0.0353778865072606,3131902.3,0.46790603908685147,-50.18289167373757,-23741075,-1.2610317783257956,-1.3186394805184676,1.0302502366224686,-17.44518854677346,20.949721116853876,1.1740381039443568,2.114311868157542,0.0
2022-07-15,43.689998626708984,43.70000076293945,42.86000061035156,43.11000061035156,1889788,43.405999755859376,43.783999633789065,43.8044994354248,43.8497998046875,44.22869998931885,42.873949966430665,43.554796139909385,43.733530557114186,43.87794726821154,43.09909732353866,37.16216999916231,0.0,-0.15101338353907323,-0.05892134358425371,-0.09209203995481952,-1.485369598064612,-1.25,1.2171434674944197,9.771526796302798,10.412167808527226,44.6394837607668,42.9695151100828,0.038123221865502946,3124399.55,0.60484837798674,28.95738879077625,-25630863,-1.5854508875213775,-1.6871210304975064,0.5505689214679774,-17.80743568489597,20.418998684568752,0.9006914469287941,1.9598696701488463,0.0
2022-07-18,43.650001525878906,43.70000076293945,42.599998474121094,43.54999923706055,2649053,43.40399932861328,43.67099952697754,43.79099941253662,43.8323998260498,44.233199996948244,42.89199996948242,43.55383675933962,43.71605138377575,43.86508656110758,43.10358390974286,46.24623971003668,0.24207015212332558,-0.14613651493055357,-0.07636437785351369,-0.06977213707703989,-0.47988823703706274,-1.1300010681152344,1.2692865644182478,10.370519089120823,10.629464183338452,44.633624320348524,42.94837450472472,0.03848393136104921,3127669.7,0.8469733872473809,40.17725797814358,-22981810,-0.5503418024460066,-0.6442736197652191,1.534083903866204,-16.968544130446496,21.648045154082336,1.2526117093064453,2.582165089716131,0.0
2022-07-19,43.75,43.75,43.04999923706055,43.38999938964844,2033750,43.35799942016602,43.529999542236325,43.771499443054196,43.81499984741211,44.23329998016357,42.908849964141844,43.52106928540138,43.68499881290648,43.846455691638596,43.106433815015556,44.63768596686182,0.19920579047683123,-0.1534137536783433,-0.09177425301847962,-0.06163950065986369,-2.1866573655474064,-1.4099998474121094,1.2842864990234375,10.438210034715887,10.487768804088276,44.6330347336821,42.90996415242629,0.03936512578230248,3068731.35,0.6627331519261208,-23.227281598367423,-25015560,-0.8715718178722264,-0.9699884953640489,1.1213291102154492,-17.27359626597509,21.20111819647929,0.4592440102025416,1.6260180611962518,0.0
2022-07-20,43.63999938964844,43.63999938964844,43.02000045776367,43.38999938964844,2727549,43.347999572753906,43.45199966430664,43.75699939727783,43.80159980773926,44.23629997253418,42.92719995498657,43.49485530625079,43.65690362973904,43.82855544450173,43.10925536302186,44.63768596686182,0.19920579047683123,-0.15736698912257907,-0.10489280023929952,-0.05247418888327955,-2.8871998807437516,-0.779998779296875,1.2528580256870814,10.416304229053592,10.431278828936508,44.634630142397654,42.87936865215801,0.04011384497148229,3119973.95,0.8742217222679054,34.11427166564229,-25015560,-0.8387229761742405,-0.9396926593948183,1.0781030096236395,-17.27359626597509,21.20111819647929,0.5761696324421763,1.4411876459496331,0.0
2022-07-21,43.31999969482422,43.31999969482422,42.95000076293945,43.029998779296875,2536379,43.29399948120117,43.39599952697754,43.720499420166014,43.78179977416992,44.2203999710083,42.94129995346069,43.40188400086001,43.59719840588741,43.797239496846636,43.108466740298226,29.283405428530685,0.0,-0.18738889476509257,-0.12139201914445813,-0.06599687562063444,-3.950893946220091,-0.5600013732910156,1.2028576987130302,10.755429452470908,10.520034858786024,44.65639141023614,42.78460743009589,0.04281250225785145,3138823.1,0.8080668834124484,-7.008856669486052,-27551939,-1.5793521346433816,-1.717154157094716,0.20655831549653433,-17.959965389168573,20.195529877977634,-0.16132679375173853,0.8614643197027112,0.0
2022-07-22,43.599998474121094,43.84000015258789,43.220001220703125,43.689998626708984,2743924,43.40999908447266,43.407999420166014,43.72199935913086,43.78719978332519,44.22109996795654,42.958549938201905,43.4595069260298,43.60603652215613,43.79303397252751,43.114253127227684,36.05628142431461,0.14916466582038426,-0.15612528435223538,-0.12833867218601358,-0.027786612166221802,-1.0867094456295523,0.11999893188476562,1.0214293343680245,12.148638545474572,10.996809248976156,44.65757919452458,42.786419523737145,0.042796754453468595,3134716.2,0.8753341052054409,8.182728212148117,-24808015,-0.07319137480201907,-0.22198532241658378,1.7026847730179582,-16.701624420986054,22.03910491003761,1.324656544258291,1.4345185432058143,0.0
2022-07-25,44.290000915527344,44.290000915527344,43.310001373291016,43.599998474121094,7496829,43.41999893188476,43.41199913024902,43.708499336242674,43.79639976501465,44.221199951171876,42.974799938201905,43.48760523564806,43.60546146996232,43.78546395298216,43.11908641426145,32.95449988891839,0.1292833612486825,-0.1370312965218048,-0.13007719705317183,-0.006954099468632957,0.022937190865346402,0.039997100830078125,1.020000730242048,12.035366905762546,10.779333945965874,44.64287850698722,42.774120165498125,0.04275503322850394,3340468.35,2.244244882607554,173.2156211323637,-32304844,-0.2482374452778632,-0.4484416343519708,1.454802667652274,-16.873216701784425,21.787707830412195,1.373317252639052,2.262755740388148,0.0
2022-07-26,43.88999938964844,43.88999938964844,43.310001373291016,43.459999084472656,4145903,43.43399887084961,43.395999145507815,43.69149932861328,43.794799728393556,44.21189994812012,42.98984992980957,43.48208400541298,43.591607909439496,43.77270062480532,43.1224785801342,38.28380926961553,0.45779749429516375,-0.13167805170898816,-0.1303973679843351,-0.0012806837246530645,-0.2524686966307921,-0.15999984741210938,0.8685719626290458,12.072023970284624,10.411513866677033,44.63122562729012,42.751773029936444,0.04301643629159769,3439102.85,1.2055187590565952,-44.6979116103622,-36450747,-0.5298519110078203,-0.7644757962070056,1.0936282760481968,-17.140136411244868,21.396648074456927,0.6651397377902998,1.3391780142383065,0.0
2022-07-27,45.459999084472656,45.459999084472656,43.16999816894531,43.56999969482422,2639482,43.46999893188477,43.40899925231933,43.681999397277835,43.79839973449707,44.20359992980957,43.00494993209839,43.499667143295234,43.58954998423804,43.76475156872763,43.12693152654903,49.609365104673465,1.0,-0.11720833199331082,-0.12775956078613024,0.010551228792819417,0.022952987185465012,0.13000106811523438,0.9092862265450614,12.113948343705312,10.396120159954881,44.62265105024484,42.74134774431083,0.043068159239323875,3502476.3,0.7536045283161517,-36.33517233760655,-33811265,-0.2563978389244602,-0.5214803304627436,1.3139179643692156,-16.930411704378347,21.703912355730118,4.601932908725159,5.304612028394002,0.0
2022-07-28,44.06999969482422,44.08000183105469,43.63999938964844,44.02000045776367,1860323,43.667999267578125,43.48099937438965,43.69499950408935,43.80699974060059,44.19729991912842,43.02234992980957,43.60373380618893,43.63054526743096,43.77476132908198,43.13581778457107,57.52511134727976,1.0,-0.06863845275658065,-0.11593533918022032,0.047296886423639675,0.9170140661936665,0.720001220703125,0.8721433367047992,12.674538755839587,10.281797330161595,44.64730442067777,42.742694587500935,0.043588736807253774,3463645.25,0.5370997506167815,-29.519390547084612,-31950942,0.7437943869158365,0.4862253028610707,2.3189122155850495,-16.072450300386496,22.960897753857186,1.1475786171726694,1.0082549210819196,0.0
2022-07-29,38.29999923706055,44.4900016784668,38.29999923706055,44.060001373291016,3799713,43.741999816894534,43.5759994506836,43.67999954223633,43.8097998046875,44.17789993286133,43.03914993286133,43.694987319609346,43.67144584894144,43.78594721316861,43.14501364117525,58.27815489709147,1.0,-0.02661196775403596,-0.09807066489498345,0.07145869714094749,1.4272623530904527,0.9500007629394531,1.233572006225586,11.665504301589102,10.283945822502972,44.596997163002534,42.76300192147013,0.04198707098792495,3199477.05,1.1876043930366684,104.25017591031236,-28151229,0.8699675710555864,0.5711086782385715,2.3719135764116137,-15.996185448250197,23.072632157152746,-12.994096231760274,16.161886591936447,0.0
2022-08-01,44.439998626708984,44.439998626708984,43.83000183105469,44.220001220703125,3672587,43.86600036621094,43.64299964904785,43.656999588012695,43.809199829101566,44.1607999420166,43.0560499382019,43.7999900998281,43.72368921768064,43.80296893895429,43.1557100350014,59.61542458695496,1.0,0.019381556389134857,-0.07458022063815979,0.09396177702729465,2.1247159349950806,0.6700019836425781,1.2335717337472099,11.426700392642962,10.29701707898508,44.48737329618503,42.826625879840364,0.038040805186270045,3198280.0,1.1483006490988907,-3.3456737390429203,-24478642,1.2896022127114257,0.9377057631823541,2.703339679724071,-15.691133312721602,23.519559114755793,0.8624540208215279,1.3917334478003567,0.0
2022-08-02,44.4900016784668,44.5099983215332,44.0099983215332,44.18000030517578,2404168,44.01000061035156,43.72199974060059,43.62599964141846,43.81139984130859,44.14599994659424,43.07234994888306,43.87599214089764,43.767147416489706,43.81775448272768,43.16590197798821,62.41613745201225,1.0,0.05200454009013811,-0.04926326849250021,0.10126780858263831,2.4820219895039575,0.7900009155273438,1.2200001307896204,11.364254485437913,10.272271023273813,44.310117816954026,42.941881465882894,0.03136286531695038,3178526.85,0.7563780686641045,-34.537479983455796,-26882810,1.2698864629140876,0.841334596023671,2.5716041906402793,-15.767398164857905,23.407824711460236,0.6105844647450209,1.1361054739130951,0.0
2022-08-03,44.18000030517578,44.27000045776367,43.90999984741211,44.189998626708984,2213499,44.13400039672852,43.80199966430664,43.62699966430664,43.81279983520508,44.13989994049072,43.08569993972778,43.9387934380599,43.80741896032011,43.832352292295575,43.176091994393396,65.6140327394895,1.0,0.07776880037602041,-0.023856854718796092,0.1016256550948165,1.4695738251673918,0.7999992370605469,1.1807144709995814,10.190067322955548,10.229458464200459,44.3145160836333,42.939483244979975,0.03151793268466056,3053213.2,0.7249736114071562,-7.930768565258339,-24669311,1.2904828815513603,0.8609328619094907,2.5630283099172035,-15.748335588332132,23.435752984494535,0.0,0.8198601949500567,0.0
2022-08-04,44.47999954223633,44.83000183105469,43.93000030517578,44.65999984741211,3192387,44.262000274658206,43.964999771118165,43.68049964904785,43.82859985351563,44.13369995117188,43.104099941253665,44.08303471993035,43.88861714004316,43.864809059162894,43.19085724666224,74.76036274955484,1.0,0.1345611951247463,0.007826755249912384,0.1267344398748339,2.9269427878043652,1.6300010681152344,1.185000283377511,9.571398194716076,10.452044782374232,44.50814054175564,42.85285875634007,0.03789521179279023,2819255.45,1.132351096457045,44.22355736325159,-21476924,2.242419858367182,1.8969348705530082,3.6096332095530856,-14.852241758272127,24.74860558426938,0.6562591639277934,2.0487173221641637,0.0
2022-08-05,44.959999084472656,44.9900016784668,44.369998931884766,44.720001220703125,2218906,44.39400024414063,44.06800003051758,43.737999725341794,43.84139984130859,44.13449996948242,43.12169994354248,44.21042802008491,43.96779657629649,43.898346006674274,43.20607260958803,71.2727338302143,0.9233099766389121,0.1823096345194699,0.0427233311038239,0.139586303415646,3.065226664584797,1.0300025939941406,1.150714601789202,9.551012577016563,10.040236831939785,44.684564481288746,42.79143496939484,0.043283403991541576,2847878.1,0.7791436016871649,-30.493827972611086,-19258018,2.245190684365841,2.0040449953121446,3.7064894919570333,-14.73784448006768,24.91620718921272,0.6717403450191252,1.3973467692298962,0.0
2022-08-08,44.849998474121094,44.90999984741211,44.40999984741211,44.619998931884766,2202250,44.47399978637695,44.170000076293945,43.79099960327149,43.85419982910156,44.137399940490724,43.13949993133545,44.292342202444885,44.02991108635251,43.926646121388416,43.220141528217844,72.86239185216593,0.958265218053375,0.20966438725039893,0.07611154233313891,0.13355284491726002,3.695096903774231,1.0200004577636719,1.1364288330078125,9.620137118339096,9.95199968306327,44.81142133471421,42.77057787182876,0.0466041762319804,2831594.05,0.7777421343288952,-0.7506401803411222,-21460268,1.893081537584601,1.7462389138725605,3.4318872562403486,-14.928506610408428,24.636871180973824,0.2906915247528806,1.1258725550955757,0.0
2022-08-10,44.9900016784668,45.20000076293945,44.61000061035156,44.869998931884766,4815067,44.61199951171875,44.31100006103516,43.85349960327149,43.87259979248047,44.143799934387204,43.157999935150144,44.40787354833286,44.10991945259368,43.963640349251015,43.23655801979662,75.17000668219357,1.0,0.24864985577463017,0.11061920502143716,0.138030650753193,2.7008476591125596,1.4099998474121094,1.1342860630580358,9.745552798240857,9.843921932677961,44.97767047846757,42.7293287280754,0.05126938033981772,2982431.25,1.614477114937687,118.64306958792143,-16645201,2.3179434658789404,2.2733987594125726,3.966817274449921,-14.451862194081466,25.335195218202287,0.8292307383217641,1.3225737379859699,0.0
2022-08-11,44.869998931884766,44.95000076293945,44.54999923706055,44.90999984741211,2336609,44.75599975585938,44.445000076293944,43.92699966430664,43.90039978027344,44.15059993743896,43.17609992980957,44.50829880814871,44.186117585433536,44.000752486433804,43.253209182260456,85.87779313035895,1.0,0.27955136590519203,0.14440563719818814,0.1351457287070039,3.0045904108656485,1.3400001525878906,1.1314291272844588,9.526922041626863,9.809616590866664,45.12700188122069,42.72699744739259,0.054636202157422806,2952180.1,0.7914859259433392,-51.47297015804764,-14308592,2.237804062689523,2.299751419558444,4.0158789710541365,-14.375597341945168,25.446929621497844,0.0,0.8978710050036327,1.0
2022-08-12,45.119998931884766,45.119998931884766,44.68000030517578,45.0,5335944,44.82399978637695,44.543000030517575,44.011999702453615,43.92079978942871,44.15919994354248,43.193199920654294,44.60663904651897,44.26363019634463,44.0399386634364,43.270590185422044,81.95114598704495,0.925804935732168,0.3077556795654388,0.17707564567163828,0.13068003389380053,3.5434904463160777,0.9799995422363281,1.1050003596714564,9.349967031937355,9.778494740936262,45.26467896394203,42.7593204409652,0.05692444196842898,3145705.5,1.6962630481461154,128.3627256421592,-8972648,2.244843006965906,2.4571506341991505,4.18306604434214,-14.204005061146797,25.698326701123257,0.4675998334138432,0.9847775821478999,1.0
2022-08-16,45.15999984741211,45.15999984741211,44.619998931884766,44.650001525878906,3136639,44.80999984741211,44.602000045776364,44.08899974822998,43.93079978942871,44.16249996185303,43.208149929046634,44.61531154239096,44.300427465824086,44.06386269725768,43.28431567139674,72.72728773982172,0.7236939561728082,0.29842578287858856,0.20134567311302834,0.09708010976556022,2.478774015651375,0.5900001525878906,1.0735718863351005,9.72666073039343,9.81434968218067,45.29674572634266,42.881253770117304,0.0547867261679559,3208048.05,0.9777406544767931,-41.21679312976298,-12109287,1.2724302679863997,1.6371241586711567,3.336989894730459,-14.8713043347979,24.720677311235086,0.3555552164713542,1.210221713253936,1.0
2022-08-17,44.84000015258789,44.97999954223633,44.279998779296875,44.599998474121094,2652324,44.805999755859375,44.63999977111816,44.14149971008301,43.942799758911136,44.164299964904785,43.22449991226196,44.61224892873699,44.32895803804285,44.0848876296837,43.29740704256813,75.67555957261814,0.7187020746938484,0.2837263237058849,0.21782180323159966,0.06590452047428524,1.3175783969241905,0.37999725341796875,1.0821435110909599,9.246818695464416,9.702113632700044,45.3418560061582,42.94114341400782,0.054386747344744205,3208211.6,0.8267297580994969,-15.440571898774458,-14761611,1.0387022802792327,1.4955777028674309,3.182219724117455,-14.966639036476579,24.581003979326045,0.42552882467173525,1.5808509083941948,1.0
2022-08-18,44.72999954223633,44.72999954223633,44.349998474121094,44.54999923706055,2115125,44.741999816894534,44.67699966430664,44.199499702453615,43.956599731445316,44.16399993896484,43.239399909973145,44.5997989904017,44.35000958080644,44.10312730056122,43.30987064649344,72.68509606469422,0.5346931494311731,0.26498776186825523,0.2272549949589308,0.03773276690932442,1.1121149534656372,0.3699989318847656,0.9457149505615234,9.111622540695869,9.666217243390518,45.35834681810304,43.04065258680419,0.0524371146031362,3212280.35,0.6584496897974674,-20.253898090881805,-16876736,0.7929943482764696,1.3499668064423325,3.0310303330206794,-15.06196646513865,24.44134130299619,0.29148222547735464,0.8568231819375842,1.0
2022-08-19,44.529998779296875,44.529998779296875,44.2599983215332,44.41999816894531,1588648,44.64399948120117,44.69999961853027,44.25099964141846,43.96739967346191,44.160299911499024,43.253999900817874,44.56383882611043,44.356675160629194,44.11555360912531,43.32091669149296,60.86945705062953,0.09388898983518591,0.23691629332110153,0.22918725463136497,0.007729038689736567,0.45227712058169,0.22999954223632812,0.9300005776541573,9.226068074671218,9.684856981896685,45.34828677180278,43.153712511034136,0.049593778186980186,3155335.3,0.5034799312770342,-24.89105844808226,-18465384,0.3819089487159784,1.0293956405081242,2.6957004457416462,-15.309823598073319,24.078209820075216,-0.04489440652343213,0.6100326886644103,1.0
2022-08-22,44.11000061035156,44.59000015258789,43.95000076293945,43.9900016784668,2676258,44.44199981689453,44.63299980163574,44.29899978637695,43.96819969177246,44.15529991149902,43.26754991531372,44.4490713965817,44.32175387661373,44.11063000400144,43.327574253552406,48.43050247869417,0.0,0.17792136238904988,0.21893407618290198,-0.0410127137938521,-0.4300557387880488,-0.6699981689453125,0.5335717882428851,9.42789951791471,9.822735931562265,45.24494760111106,43.35305197164285,0.04270741187366524,3162329.25,0.8462932820799731,68.46135833740388,-21141642,-0.6975284078652739,0.049585807122357065,1.6697311601121572,-16.129645302980418,22.87710227917511,-0.6978783686904201,1.456198813511996,0.0
2022-08-23,44.290000915527344,44.290000915527344,43.90999984741211,44.150001525878906,2369737,44.34199981689453,44.57599983215332,44.32199993133545,43.97499969482422,44.15499992370606,43.28104991912842,44.38925742244114,44.30539650987707,44.11217398525154,43.33575760949596,48.43050247869417,0.0,0.1424361893738677,0.20363449882109513,-0.06119830944722743,-0.0905116589116739,-0.5699996948242188,0.5171435219900948,7.899617429271161,9.801968459712532,45.2270873024879,43.41691256018299,0.040841449959597244,3143619.9,0.7538242775470406,-11.45334268968089,-18771905,-0.3880655334213371,0.3979575492192301,2.007695304005195,-15.824593167451825,23.324029236778156,0.6819714153532237,0.8654089488402269,0.0
2022-08-24,44.459999084472656,44.459999084472656,44.060001373291016,44.33000183105469,2177388,44.28800048828125,44.547000122070315,44.35850009918213,43.97779975891113,44.157199935913084,43.297199935913085,44.377406304163856,44.30773987379875,44.120716253714406,43.3456505868249,53.16458548613995,0.12641990715649581,0.12737020991019676,0.18838164103891547,-0.06101143112871871,-0.7389118170284648,-0.2899971008300781,0.510000501360212,7.933139710647516,9.824581235216272,45.19745341208755,43.51954678627671,0.03782604511106477,2877647.85,0.7566554747134886,-8.11689229648691,-16594517,-0.0642453375648927,0.8008633312133566,2.3853780306124133,-15.481408605855085,23.826823396028985,0.7021462013133617,0.9078477047531767,0.0
2022-08-25,44.689998626708984,44.75,44.25,44.63999938964844,2207667,44.306000518798825,44.52400016784668,44.41750011444092,43.99919975280762,44.16239994049072,43.31359992980957,44.42992492126077,44.339383637213004,44.14108029826084,43.358529679390315,58.426974318677004,0.26694779958769654,0.1388440174557033,0.17847411632227306,-0.03963009886656976,-0.17889496616929623,-0.22999954223632812,0.5200004577636719,8.066766972102029,9.922129381463044,45.14955855069835,43.68544167818349,0.03296261313091896,2780736.05,0.7939146183975283,1.3906111359114792,-14386850,0.5009270549541343,1.4563892989893024,3.0623163671186897,-14.89037418434028,24.692738382621606,0.8120838727376428,1.1299435028248588,1.0
2022-08-26,44.689998626708984,44.75,44.279998779296875,44.29999923706055,2403321,44.28200073242188,44.46300010681152,44.454000091552736,44.0129997253418,44.15969993591309,43.327599925994875,44.40393978442073,44.33563274196039,44.14731241350788,43.36789753568554,42.91337636630692,0.0,0.11912868051191339,0.16660502916020112,-0.04747634864828773,-0.7171665228247082,-0.6100006103515625,0.48928615025111605,8.65486469359309,9.836900621678774,45.072057304081746,43.835942879023726,0.02780659608836662,2768928.0,0.8679608137156329,8.862477900879062,-16790171,-0.3464274399942078,0.6520789619197408,2.2442953515231996,-15.538610881465612,23.743017265767726,0.11200546089644703,1.0614300669829155,0.0
2022-08-29,44.470001220703125,44.470001220703125,41.599998474121094,43.849998474121094,3588407,44.25400009155273,44.34799995422363,44.44549999237061,44.015599670410154,44.155999908447264,43.33849992752075,44.29315152236081,44.28938185930903,44.13565304333586,43.372694559948584,35.15353829408839,0.0,0.06642710289398224,0.14656944390695734,-0.0801423410129751,-2.27323486080776,-1.1500015258789062,0.6500004359654018,8.744193430906524,9.834306161394698,45.0926788334005,43.798321151340716,0.02912235619538465,2855332.2,1.2567388831324073,49.31035013633218,-20378578,-1.3398465949347749,-0.37623296633258635,1.180240542371731,-16.396572285457463,22.48603186764066,0.3837516626870677,6.899045316954587,0.0
2022-08-30,43.81999969482422,44.220001220703125,43.41999816894531,43.900001525878906,2717694,44.204000091552736,44.272999954223636,44.4375,44.01199966430664,44.151899909973146,43.34904993057251,44.214521523064434,44.252298018029975,44.12641180735716,43.377941395430476,37.50004967051889,0.046260144855841574,0.028368536491448992,0.12292926242385567,-0.09456072593240668,-2.248938599342709,-0.75,0.6714292253766742,8.748444895595044,9.803907945069998,45.108268850670036,43.766731149329964,0.030189315360676747,2801231.25,0.9701783813814014,-24.26461100984364,-17660884,-1.2095605606100563,-0.25447182423425807,1.2709657909199705,-16.30123758377879,22.625705199549696,-0.06841226987631333,1.8424760144969046,0.0
2022-09-01,43.58000183105469,43.70000076293945,43.22999954223633,43.349998474121094,5014410,44.007999420166016,44.147999954223636,44.393999862670896,44.00259963989258,44.140499877929685,43.35229991912842,44.04161691327577,44.16636472813389,44.095964225661625,43.37766335641248,26.10065269625572,0.0,-0.045647604123594476,0.08921388911436565,-0.13486149323796012,-3.666670057508681,-1.25,0.6771436418805804,9.661482699759501,10.113178626128635,45.21921819463925,43.568781530702545,0.03717702097225276,2868322.4,1.7482030611342714,84.50973509158868,-22675294,-2.3516722795407765,-1.483096842259839,-0.005308703371261595,-17.34986111811139,21.089383793183732,-0.7289286644684511,1.0872107926902175,0.0
2022-09-02,43.529998779296875,43.529998779296875,43.11000061035156,43.369998931884766,2592415,43.75399932861328,44.02999992370606,44.353499794006346,43.99439964294434,44.12779987335205,43.356899909973144,43.90729331699757,44.09052036658636,44.06749499845469,43.37758709348186,25.632925145103187,0.0,-0.10152177915283289,0.05106675546092594,-0.15258853461375882,-2.866747033037076,-1.1800003051757812,0.6785719735281808,9.675305346550198,10.095519173503858,45.294345677424154,43.41265391058854,0.04242487685469852,2877734.75,0.9008526585016218,-48.30069739012167,-20082879,-2.2174143341321733,-1.4192731714199238,0.030212081442216498,-17.31172869204324,21.14525099483151,0.41522563209139923,0.9742476525144438,0.0
2022-09-05,43.70000076293945,43.790000915527344,43.2400016784668,43.540000915527344,2440863,43.60199966430664,43.942000198364255,44.32099990844726,43.99159965515137,44.11659988403321,43.36134990692139,43.833834836703524,44.03808994267598,44.046808955986954,43.37920315141266,27.46918813018928,0.036693971172637965,-0.13057948705720435,0.014737506957299886,-0.14531699401450424,-2.376676221656837,-0.8799972534179688,0.6864291599818638,9.820853316188357,10.129714180121566,45.32819299399552,43.313806822899004,0.04544992611307469,2889102.95,0.8448515135121786,-5.845977592322216,-17642016,-1.7621420873473261,-1.0265567589360056,0.4120051820098828,-16.98760670697227,21.62011688104804,0.7608988683005862,1.2719685839754313,0.0
2022-09-06,43.84000015258789,43.88999938964844,43.369998931884766,43.5,3275297,43.53199996948242,43.89300003051758,44.26299991607666,43.9863996887207,44.09939987182617,43.36484991073608,43.767067869362826,43.98684328146875,44.02536546751688,43.38040511010507,30.375453726415344,0.09476976253481516,-0.1550483684254047,-0.019219668119241032,-0.13582870030616367,-2.35690068471891,-0.4900016784667969,0.6850005558558873,8.864466009418575,10.12454166474212,45.32034714169561,43.205652690457704,0.04777566941344697,2893248.45,1.1320483036982185,34.18602354986739,-20917313,-1.7237871755717382,-1.105795637203352,0.31165815064992697,-17.06387155910857,21.508382477752484,0.6890198225824116,1.1989865588430482,0.0
2022-09-07,43.45000076293945,43.459999084472656,43.150001525878906,43.40999984741211,2873935,43.433999633789064,43.8189998626709,44.19749984741211,43.9813996887207,44.081499862670896,43.369199905395504,43.69565426497269,43.93190581155859,44.001233482414726,43.38069958510316,29.966387051115575,0.09209908536245821,-0.17963171080436524,-0.05130207665626588,-0.12832963414809936,-2.273746877908045,-0.7400016784667969,0.6600003923688617,8.81134237932461,10.112877337855755,45.297104918483655,43.09789477634057,0.049758700146742746,2925999.9,0.9822061169585139,-12.254216945822016,-23791248,-1.7817749934244569,-1.2991852131871313,0.09407584669674551,-17.235463839906938,21.256985398127068,-0.1149407748518319,0.7184184186131052,0.0
2022-09-08,43.7400016784668,43.77000045776367,43.2400016784668,43.599998474121094,1485287,43.48399963378906,43.74599952697754,44.14649982452393,43.97599967956543,44.06019985198974,43.37414989471436,43.67652310680237,43.9002955889455,43.98549877620713,43.382881663600855,34.726697568532586,0.2580779643073549,-0.18168849360535688,-0.07737936004608409,-0.1043091335592728,-0.8865723788699209,-0.7300033569335938,0.6707145145961216,9.045456006527788,9.991520606548592,45.25814688149672,43.034852767551136,0.0503617302115199,2890151.75,0.5139131535221291,-48.318698926732864,-22305961,-1.237926795046267,-0.8550145720031417,0.5206985726635743,-16.873216701784425,21.787707830412195,0.7601977245212098,1.225714058102848,0.0
2022-09-09,43.7599983215332,43.849998474121094,43.310001373291016,43.65999984741211,1677773,43.54199981689453,43.6479995727539,44.08599987030029,43.973199691772464,44.034899864196774,43.381299896240236,43.673218454924324,43.877410280228034,43.972734112332816,43.38563905846465,37.500047056225284,0.3618681501729555,-0.1764429746415317,-0.09719208296517362,-0.07925089167635807,-1.1098565380107117,-0.9799995422363281,0.6885713849748883,8.747640710598503,9.56606205300321,45.16302134608861,43.00897839451197,0.048860022635616125,2733287.05,0.6138297841787236,12.959515568371627,-20628188,-0.9662932090492712,-0.7122516590916983,0.6424426004717937,-16.75881942357998,21.95530943535553,0.36697213993499966,1.2468184800453288,0.0
2022-09-12,48.0,48.0,43.31999969482422,43.599998474121094,3909092,43.55399932861328,43.57799949645996,44.020499801635744,43.96999969482422,44.011099853515624,43.3925998878479,43.65857445876368,43.85099010821785,43.958117028481375,43.38777198797367,42.69659550210236,0.5203282542721033,-0.17510892574846793,-0.11277545152183249,-0.06233347422663543,-1.6467478609987318,-0.7000007629394531,0.9771428789411273,8.706949611634514,9.568560417558473,45.04455764299408,42.99644196027741,0.0465264068319498,2811911.2,1.3901904156859575,132.99290190031664,-24537280,-0.9552397846673802,-0.8414856112602543,0.47795842334691513,-16.873216701784425,21.787707830412195,9.940449307732049,10.80332488029758,0.0
2022-09-13,43.58000183105469,43.58000183105469,43.31999969482422,43.5,2180910,43.55399932861328,43.54299964904785,43.94549980163574,43.96479972839356,43.9938998413086,43.4040998840332,43.626859567010946,43.81756247886376,43.94015165481544,43.38888868461075,37.54790280006665,0.36332743150744623,-0.18004527368807288,-0.12622941595508058,-0.0538158577329923,-2.5537621085021556,-0.34999847412109375,0.9699998583112445,8.612116074173674,9.565218260752845,44.88361640324636,43.007383200025124,0.04269454692039697,2654159.5,0.821695154341704,-44.209294639266616,-26718190,-1.0137552278314477,-1.0572087926363938,0.22094713684427159,-17.06387155910857,21.508382477752484,-0.04586386184915882,0.600189607714917,0.0
2022-09-14,43.4900016784668,43.5099983215332,43.150001525878906,43.18000030517578,2513567,43.507999420166016,43.470999526977536,43.871999740600586,43.94119972229004,43.97359985351562,43.41349988937378,43.537487714643916,43.75684227184586,43.91034179796683,43.38681019327309,29.090939356191868,0.10544639342296366,-0.20738802594937766,-0.14246113795394,-0.06492688799543767,-2.528214336734791,-0.720001220703125,0.9671426500592913,8.573370132720388,9.521804761504358,44.80805188958739,42.93594759161378,0.04267196182172431,2623005.9,0.9582772955257173,15.253128281313755,-29231757,-1.5773145503199064,-1.7323136872116902,-0.5378501728563779,-17.67397583016575,20.614528562546386,-0.022984647202765805,0.8342915015620367,0.0
2022-09-15,43.27000045776367,43.279998779296875,42.86000061035156,43.04999923706055,7819360,43.3979995727539,43.440999603271486,43.79449977874756,43.90859970092774,43.950799827575686,43.41989988327026,43.439990019127244,43.68952388758059,43.87660287400972,43.38345884047496,19.06627896448488,0.0,-0.2368174694687255,-0.1613324042568971,-0.0754850652118284,-1.8243996919012018,-0.2999992370605469,0.9614282335553851,8.583525051742809,9.46770675242618,44.73342385636615,42.85557570112896,0.04287863007282171,2881357.7,2.713776217371415,211.0861974238204,-37051117,-1.699986403425708,-1.9554266583660824,-0.8519150140929682,-17.921832963100425,20.251397079625413,0.2084301805275873,0.979930384891022,0.0
2022-09-16,42.939998626708984,43.20000076293945,42.209999084472656,42.2599983215332,5272807,43.11799926757813,43.32999954223633,43.67999973297119,43.857799682617184,43.924399795532224,43.42309988021851,43.203991679608436,43.55337859557608,43.81320661704986,43.3722801288437,16.22528351173078,0.0,-0.32019596725992017,-0.1931051168575017,-0.12709085040241846,-3.7357702672947024,-1.1100006103515625,0.9985711233956474,10.432497012489616,10.177840477984185,44.77632926399279,42.58367020194959,0.050198238906766966,3039241.8,1.7349086867652321,-32.5672817212662,-42323924,-3.250919002103657,-3.6431407244473815,-2.6785318457081386,-19.42803106421761,18.04469056464447,-0.25551826318469717,2.3454198055905153,0.0
2022-09-19,42.7400016784668,42.810001373291016,42.20000076293945,42.34000015258789,6588351,42.86599960327148,43.20999946594238,43.57599983215332,43.82119972229004,43.901399803161624,43.427249889373776,43.03119337420433,43.43781874386291,43.755433814521936,43.36200868629389,21.509605072802785,0.19962446753655705,-0.3754901318012571,-0.2295821198462528,-0.14590801195500433,-2.3298693358343447,-1.2000007629394531,0.8371423993791852,10.554344807749015,10.18408749107863,44.767274178175796,42.38472548613085,0.054675709133974786,3289226.95,2.003008944092471,24.949595158707695,-35735573,-2.8364229950575384,-3.3800981695823435,-2.5036117634792365,-19.27550135994501,18.268159371235583,1.1358338286753134,1.4454990505290994,0.0
2022-09-20,42.779998779296875,42.790000915527344,42.349998474121094,42.4900016784668,3125863,42.66399993896484,43.10899963378906,43.50099983215332,43.79919975280762,43.881999816894535,43.43364990234375,42.92295503505682,43.347550451920426,43.705809024872714,43.353331999648844,24.363745822923875,0.3074446145379307,-0.402566747177481,-0.2641790453124985,-0.1383877018649825,-2.029046057391093,-1.0099983215332031,0.8121422358921596,10.381385099831885,10.206883485461391,44.76893505020984,42.2330646140968,0.05829453221529591,3311707.2,0.9438826596747442,-52.554698436680134,-32609710,-2.324080268470641,-2.989091311552782,-2.1726201366881552,-18.98951180094219,18.687158055804336,1.0392031769562735,1.0389668412269797,0.0
2022-09-21,42.689998626708984,42.720001220703125,42.2400016784668,42.70000076293945,2429479,42.56800003051758,43.0379997253418,43.42849979400635,43.78179977416992,43.86569980621338,43.442249908447266,42.878364180633355,43.285879052969854,43.66636556362043,43.346831191323375,36.51461214462881,0.7664647917820574,-0.4024409006661216,-0.29183141638322313,-0.11060948428289846,-1.9292607600481904,-0.7099990844726562,0.7985706329345703,10.480242836732462,10.25966152497135,44.70596890838753,42.151030679625165,0.05883091151849964,3314694.3,0.7329420996681354,-22.278135670053356,-30180231,-1.6774676411167155,-2.4708874847778595,-1.7085881764228885,-18.589132236751528,19.273747689737238,0.47069178710704196,1.1363625074878332,0.0
2022-09-22,42.79999923706055,43.040000915527344,42.310001373291016,42.9900016784668,4283507,42.556000518798825,42.977000045776364,43.36149978637695,43.770399780273436,43.84769981384277,43.452599925994875,42.90069168020004,43.257700255398134,43.63984148969284,43.34328064890689,42.91051999293998,1.0,-0.37462210571440835,-0.3083895542494602,-0.06623255146494816,-1.1724099345590822,-0.6099967956542969,0.8207135881696429,10.717450254892144,10.309882366469934,44.57904256725486,42.14395700549905,0.056157779914265155,3420000.25,1.252487335344493,76.31381049187912,-25896724,-0.8567464449808335,-1.782935741332551,-1.0646043005848662,-18.036222968288264,20.08380613026126,0.23418845979947917,1.7253592969560954,0.0
2022-09-23,43.290000915527344,43.290000915527344,42.709999084472656,42.81999969482422,2355990,42.66800079345703,42.89300003051758,43.270499801635744,43.75439979553223,43.83429981231689,43.46019992828369,42.88455328312487,43.21601448772443,43.60769083107054,43.338073873244376,36.56718117480941,0.762290327739935,-0.3621189675588852,-0.3191354369113452,-0.04298353064753996,-1.3591341964104275,-0.8400001525878906,0.8228566305977958,10.259769478570826,10.333590861609693,44.3499236908276,42.191075912443885,0.04989190761097023,3427416.4,0.6873953220274024,-44.99857243142126,-28252714,-1.0411252675072977,-2.1355568927343,-1.473072453683847,-18.360344953359238,19.60894024404473,0.6978349042745283,1.3580001018205332,0.0
2022-09-26,42.869998931884766,42.869998931884766,42.27000045776367,42.63999938964844,2868912,42.72800064086914,42.797000122070315,43.187499809265134,43.738399810791016,43.82089981079102,43.467299919128415,42.835642504429586,43.16115590695529,43.5697421470932,43.331127858482226,34.75180183104993,0.69426097581578,-0.36255534841904336,-0.3278194192128848,-0.03473592920615853,-2.201832839609996,-0.9599990844726562,0.8285707746233258,10.083677584068209,10.362979855639914,44.18585344210343,42.18914617642684,0.04623345353389111,3450695.95,0.8314009815903948,21.7709752588084,-31121626,-1.2677289077503846,-2.511295396937645,-1.903271035972289,-18.703529514955978,19.106146084793902,0.11676608457937573,1.4194427906870128,0.0
2022-09-27,42.88999938964844,42.88999938964844,42.310001373291016,42.41999816894531,2785259,42.71399993896485,42.68899993896484,43.11599979400635,43.72079978942871,43.799699783325195,43.47204990386963,42.75251363733273,43.09056945571624,43.52465414795015,43.32206189142216,33.220358270175495,0.6368718062668114,-0.3763155123009696,-0.3375186378305018,-0.03879687447046781,-2.840132118187111,-1.0800018310546875,0.8449993133544922,9.684360854954843,10.40789407252816,44.11939210645913,42.11260748155357,0.04654384995113881,3410538.55,0.8166625180061372,-2.9158440551679488,-33906885,-1.6142537071766785,-2.975246625744298,-2.4200647019193626,-19.12297892868902,18.491617522247516,0.586303948354867,1.3708295852799395,0.0
2022-09-28,42.119998931884766,42.619998931884766,42.119998931884766,42.29999923706055,1773850,42.63399963378906,42.60099983215332,43.03599967956543,43.70459976196289,43.777199783325194,43.476799907684324,42.662010757278296,43.01527705393951,43.476628465170165,43.31189211376682,27.43063695980142,0.4199083435502268,-0.3923803359793183,-0.34849097746026514,-0.04388935851905318,-2.9816497306351164,-0.8800010681152344,0.8428565434047154,9.634699276615052,9.991244786669117,44.03130227385204,42.040697085278815,0.04625441963460224,3363346.35,0.5274062839231529,-36.31292457900683,-35680735,-1.7101971558345208,-3.213850561617082,-2.7067324943935973,-19.35176621208131,18.156424967940026,-0.707211810490292,1.1870845505209662,0.0
2022-09-29,42.54999923706055,43.15999984741211,42.5099983215332,42.900001525878906,3330240,42.61599960327148,42.58600006103516,43.01349983215332,43.69159980773926,43.76199981689453,43.484949913024906,42.70960891099842,43.00429843221946,43.45401564402149,43.30779369995699,38.88894465915998,0.8492958705233191,-0.3526317350696715,-0.3493191289821464,-0.003312606087525094,-1.3793068370599904,-0.14999771118164062,0.8657139369419643,10.318716153081214,10.32107487023676,43.99921409090682,42.027785573399825,0.04583278564171421,3279137.85,1.0155840200496602,87.7407898074809,-32350495,-0.2638667086317249,-1.8117859848202071,-1.3451743380548125,-18.207815249086636,19.832409050635846,0.5910165591231643,1.5290556375996176,0.0
2022-09-30,43.279998779296875,43.349998474121094,42.7400016784668,43.15999984741211,2654545,42.683999633789064,42.67600021362305,43.00299987792969,43.686999816894534,43.75099983215332,43.49299991607666,42.79968709828116,43.01912713842828,43.44248561278191,43.30632311435953,43.92268191699782,1.0,-0.2967304667125248,-0.3388013965282221,0.04207092981569732,-0.046318799495870255,0.9000015258789062,0.5749994005475726,10.57618963303001,10.390531384333123,43.97713058516075,42.02886917069863,0.04530524428510915,3282244.35,0.8087591041172788,-20.289678821946765,-29695950,0.36509073768827255,-1.20630844803086,-0.7656406072404859,-17.7121082562339,20.558661360898604,0.8857744519863012,1.4272268874561709,0.0
2022-10-03,43.439998626708984,43.439998626708984,43.11000061035156,43.13999938964844,5004653,42.783999633789065,42.7560001373291,42.98299980163574,43.68199981689453,43.74179981231689,43.5009499168396,42.86774955655462,43.030638781401635,43.43062340795315,43.304668151924595,44.91525789015423,1.0,-0.25114711102111187,-0.32127053942680006,0.07012342840568819,0.20905959159789322,0.7999992370605469,0.5785707746233258,10.461630497537275,9.999964766001574,43.9266566534019,42.039342949869585,0.043908375689043724,3410433.85,1.467453473698075,88.53148091292482,-34700603,0.36525972765335146,-1.2407866615952623,-0.8297532074154482,-17.750240682302053,20.50279415925083,0.6487460154930095,0.7654790342967028,0.0
2022-10-04,43.4900016784668,44.150001525878906,43.47999954223633,44.04999923706055,5484223,43.10999984741211,42.91199989318848,43.01049976348877,43.702399826049806,43.74209980010986,43.513849906921386,43.10419949265581,43.12772072955963,43.45491265615344,43.31208438162744,60.532652539077475,1.0,-0.139978999947715,-0.28501223153098304,0.14503323158326803,4.235686196455113,1.55999755859375,0.6249997275216239,12.90915716944578,10.557772775012415,44.045253010251095,41.97574651672644,0.048116308922349284,3520880.15,1.5576284242450003,9.58248254174665,-29216380,2.4168504883409936,0.7953783142214224,1.232134897937127,-16.015255297792574,23.044693228539266,0.8113173244558353,1.5409429408842112,0.0
2022-10-06,44.58000183105469,45.0,44.119998931884766,44.279998779296875,4782138,43.50599975585938,43.06999969482422,43.053999710083005,43.71419982910156,43.750699806213376,43.52664989471435,43.33935934998402,43.23746149620127,43.48726897470809,43.32171537065898,64.53897703159339,1.0,-0.032938732917543234,-0.23459753180829507,0.20165879889075183,4.5819523375471904,1.5799980163574219,0.6628570556640625,12.965729310510913,10.606997236335221,44.22380179545908,41.88419762470693,0.054341157302610174,3616290.3,1.3223877518903835,-12.801904663614149,-24434242,2.8475846087924506,1.294313866906583,1.730776171391046,-15.57674330753376,23.687150064119948,1.203184116171866,1.9945627593369517,0.0
2022-10-07,44.29999923706055,44.540000915527344,44.119998931884766,44.4900016784668,3208191,43.82399978637695,43.21999969482422,43.098499870300294,43.73199989318848,43.764199829101564,43.538399906158446,43.56948781568058,43.35675103736942,43.52659182583588,43.33334011004015,80.5479145677175,1.0,0.06805246235803253,-0.17406753297502955,0.24211999533306208,4.70698969403327,1.5,0.6221427917480469,12.978937950996983,10.645684965223575,44.41435117230553,41.78264856829506,0.06106251057299582,3702435.5,0.8665082754311317,-32.91304015066064,-21226051,3.228654854238682,1.7332886379074115,2.1856608749044724,-15.176356470326494,24.273750353632035,0.04516815337633454,0.9519537484373098,0.0
2022-10-10,44.400001525878906,44.630001068115234,43.70000076293945,43.72999954223633,3643998,43.9379997253418,43.31099967956543,43.101999855041505,43.73739990234375,43.766099815368655,43.54774990081787,43.601590160991734,43.392298514023416,43.534568599028056,43.337286970062,66.05076619745111,0.7419709378256168,0.08577414052583521,-0.12209919827485662,0.2078733388006918,2.4121750840595757,0.9099998474121094,0.6449999128069196,14.500627496761876,11.23579295537111,44.42449523926922,41.77950447081379,0.061365847927031925,3800746.75,0.9587584334578462,13.58419744959074,-24870049,1.4570082346686464,-0.016919981809501033,0.41850530012122533,-16.625359568849756,22.15083931333317,-0.20229298537305018,2.128147114277591,0.0
2022-10-11,44.470001220703125,44.47999954223633,43.349998474121094,43.41999816894531,2163274,43.99399948120117,43.38899955749512,43.09299983978271,43.73439987182617,43.76639980316162,43.55639989852905,43.565271762582455,43.39493657639693,43.5300756409856,43.33810996706582,60.3562868884284,0.61986704536454,0.07395170885031632,-0.08288901684982204,0.15684072570013835,1.0002244096070756,0.779998779296875,0.6935713631766183,14.71848051050983,11.299505491263082,44.403622190443045,41.78237748912238,0.06082762191228968,3713455.85,0.582550079328397,-40.634599689681494,-27033323,0.7588200644614207,-0.7188888010405653,-0.31316116552677936,-17.21640126338117,21.28491367116137,1.6922060055181827,2.6066922904041574,0.0
2022-10-12,43.220001220703125,43.68000030517578,42.9900016784668,43.59000015258789,2786712,43.90199966430664,43.50599975585938,43.09749984741211,43.72579986572266,43.76639980316162,43.56674989700318,43.57021744058355,43.413514059843685,43.53242562183275,43.34061633707102,59.999965710680435,0.6131588480736672,0.07740777721448211,-0.05082965803696121,0.12823743525144332,1.7982262103022562,1.1700019836425781,0.708571297781808,14.766339838674455,11.307271543256117,44.414608097199675,41.78039159762454,0.061122257878105414,3743745.95,0.7443646115997802,28.81918795307483,-24246611,1.1427584127141766,-0.3105711354664582,0.05336697283979106,-16.8922792783102,21.759779557377897,-0.4606102180474724,1.6050211671766388,0.0
2022-10-13,43.83000183105469,43.84000015258789,43.41999816894531,43.689998626708984,1957699,43.783999633789065,43.64499969482422,43.12299976348877,43.71839981079101,43.76409980773926,43.576749897003175,43.59417367780864,43.43984592335466,43.53860495535731,43.34409277776393,58.21590778841195,0.5795716989837332,0.08721046942724797,-0.02322163254411938,0.11043210197136735,2.4624747938327918,1.3899993896484375,0.6864286150251117,14.512914050720765,11.2764014837259,44.46632013805295,41.77967938892459,0.06230180562260128,3715952.55,0.5268363827735099,-29.74878638337941,-22288912,1.314840958026946,-0.0649639149761793,0.2598833781167268,-16.701624420986054,22.03910491003761,0.550588845209142,0.9673007861685502,0.0
2022-10-14,43.66999816894531,43.66999816894531,43.220001220703125,43.2599983215332,3757412,43.53799896240234,43.68099937438965,43.133499717712404,43.699199752807615,43.75419979095459,43.58449989318848,43.527338606553556,43.42271758032405,43.52767920501126,43.343256017005416,54.86723273747081,0.5165286515659173,0.05959477123885648,-0.006658351787524207,0.06625312302638069,1.9801984649844506,0.3599967956542969,0.6785711560930524,14.93824812632549,11.270611666897935,44.47770014791852,41.78929928750629,0.06232744567462633,3512855.15,1.0696176869120266,91.93001579916013,-26046324,0.2932722933419979,-1.0050560050500563,-0.7445343469594102,-17.521453398909763,20.83798671355832,-0.045778114882899096,1.041177546350071,0.0
2022-10-17,43.380001068115234,45.599998474121094,43.0099983215332,43.2400016784668,2052094,43.439999389648435,43.688999557495116,43.18249988555908,43.68039978027344,43.745899810791016,43.59274990081787,43.469871220936206,43.40531606586145,43.516397733382064,43.3422286106518,56.880753209460785,0.5544357236649946,0.03568422396643456,0.0018101633632675454,0.033874060603167014,2.2222280339491807,0.0800018310546875,0.8207141331263951,13.204313967892814,11.246351288822815,44.46254700091131,41.90245277020686,0.05928545678200967,3351819.5,0.6122328484573826,-45.38544083001811,-28098418,0.1331599445611169,-1.008228184773922,-0.8091901133873097,-17.5595785519613,20.782130167489722,0.27739887017586495,6.021855972245394,0.0
2022-10-18,43.220001220703125,43.279998779296875,43.0099983215332,43.119998931884766,2538797,43.37999954223633,43.68699951171875,43.221499824523924,43.65899978637695,43.73589981079102,43.60029989242554,43.39989676312592,43.37814300548272,43.50085268234295,43.34001737006705,58.21595991887064,0.5795726804056177,0.0069713627126546385,0.002842403233144964,0.004128959479509675,0.512814447974197,-0.020000457763671875,0.7985714503696987,13.273255133365522,11.260155636580496,44.43949244377351,42.00350720527434,0.056360497631713156,3149341.8,0.8061357455707094,23.71738331674864,-30637215,-0.2348388951129526,-1.2345698644712721,-1.1016001305628955,-17.7883731083702,20.446926957603047,-0.046254525872583295,0.627762074634852,0.0
2022-10-19,43.7400016784668,43.869998931884766,42.869998931884766,43.189998626708984,3615050,43.29999923706055,43.600999450683595,43.256499671936034,43.62959976196289,43.72909980773926,43.608749885559085,43.35791713584254,43.36022449321855,43.488662327220055,43.338524646252544,60.57004715356987,0.520442597164559,-0.01001989324336705,0.00026994393784256134,-0.010289837181209613,0.06950597637380707,-0.8600006103515625,0.8342857360839844,13.240417428205916,11.133581629638414,44.42521976349793,42.08777958037414,0.05403673900688442,3173801.15,1.1390285116003567,42.39224325536859,-27022165,-0.1537365383963186,-1.0075754479809866,-0.9602459596961963,-17.654913253639982,20.642456835580685,1.437854271660417,2.332633601388418,0.0
2022-10-20,43.18000030517578,44.369998931884766,42.869998931884766,43.040000915527344,1937458,43.16999969482422,43.47699966430664,43.27349967956543,43.595999755859374,43.718699798583984,43.617849884033205,43.2943338917795,43.32972700962891,43.47106776205564,43.33555426087219,51.861692953568266,0.21676342952635,-0.03518357338017353,-0.006820759525760657,-0.02836281385441287,-0.23179989693066227,-1.2399978637695312,0.8799999782017299,13.23040773269552,10.697061963669595,44.41777212316591,42.129227235964954,0.052885597516894395,3149200.1,0.6152222591381221,-46.40577585372263,-28959623,-0.5395883526109891,-1.2753437091606168,-1.3247992967149662,-17.940895539626194,20.223468806591114,-0.023149622253102124,3.498950402082627,-1.0
2022-10-21,43.08000183105469,43.209999084472656,42.70000076293945,42.72999954223633,5502791,43.06399993896484,43.30099945068359,43.26049957275391,43.55819976806641,43.70619979858398,43.6240998840332,43.181467021870866,43.272610107972476,43.44200626323919,43.32952884078627,44.356959059643366,0.0,-0.07922720926692506,-0.02130204947399354,-0.057925159792931516,-2.996594137767128,-1.7600021362304688,0.8728572300502232,13.269170427345383,10.78647864424423,44.42407830794785,42.09692083755996,0.053794049846191926,3210164.3,1.7141773709214823,184.02117620098088,-34462414,-1.2262919655502458,-1.9013646804504871,-2.0495559660226252,-18.531937234157606,19.357543164419315,0.09293892815163209,1.194375438924688,-1.0
2022-10-24,44.36000061035156,44.369998931884766,43.06999969482422,43.47999954223633,3722883,43.11199951171875,43.27599945068359,43.29349956512451,43.530399780273434,43.70149978637696,43.632849884033206,43.241173525943964,43.29236148266427,43.443496195748885,43.33102606169622,53.74449117116966,0.2593888992356656,-0.053002397391686884,-0.027642119057532208,-0.025360278334154676,-1.8066830603314932,-0.25,0.9664287567138672,14.588892576641413,11.363385925846762,44.441812616237804,42.14518651401122,0.053047827625296695,3278508.95,1.1355415088923273,-32.34554974012278,-30739531,0.4307805536285447,-0.11578170265265059,-0.35031024148805634,-17.10200398517672,21.4525152761047,3.8146526692659224,3.0183404835658023,0.0
2022-10-25,43.68000030517578,43.90999984741211,43.130001068115234,43.16999816894531,2942957,43.12199935913086,43.250999450683594,43.31999950408935,43.4955997467041,43.69799976348877,43.64139987945557,43.22693845454424,43.28070783373865,43.432770782933055,43.32942379410667,38.832491487138974,0.0,-0.05658133071615623,-0.03342996138925702,-0.023151369326899214,-2.9669666435646946,-0.25,0.9499999455043248,14.758464139966366,11.444647903230102,44.42858834450095,42.21141066367775,0.051181387493180824,3282211.2,0.8966385222255046,-20.949516812642244,-33682488,-0.3462634738254792,-0.7485850974694553,-1.0801709198429539,-17.69304567970813,20.586589633932906,0.4599833602692959,1.8084830975659438,-1.0
2022-10-27,37.599998474121094,43.7400016784668,37.599998474121094,43.459999084472656,1876894,43.17599945068359,43.23799934387207,43.37199954986572,43.46479972839356,43.692799758911136,43.65089986801147,43.27355058052992,43.297783190951414,43.433838559464014,43.33072305072722,39.75002336497619,0.021995027500137928,-0.035606560649483754,-0.033865281241302364,-0.0017412794081813898,-0.617426161879775,-0.13000106811523438,1.3207144056047713,14.742116708062616,11.3282328230039,44.39727190548496,42.346727194246476,0.04727807646684428,3236792.95,0.579862236785952,-36.22421258618458,-31805594,0.20289480660388154,-0.011044900588293308,-0.43733527628536323,-17.140136411244868,21.396648074456927,-12.90247841342519,16.329796418932503,0.0
2022-10-28,43.7400016784668,43.7400016784668,43.06999969482422,43.279998779296875,1956627,43.2239990234375,43.19699935913086,43.42099952697754,43.43739967346191,43.684099731445315,43.66109985351562,43.274840220283316,43.2960894374605,43.427805626908444,43.33021833160851,34.76068810517404,0.0,-0.03312656217082122,-0.03371753742720614,0.0005909752563849208,-0.3224306668639376,-0.4099998474121094,1.338571548461914,14.797364824633588,11.354246975831723,44.315942122158354,42.526056931796724,0.04122164873817729,3245931.8,0.6027936261630636,4.248135483410365,-33762221,-0.32472939180743654,-0.3623626076797602,-0.8728618277994691,-17.48332097284161,15.106384403406686,0.6442765759150226,1.555611767796444,-1.0
2022-10-31,43.380001068115234,43.380001068115234,43.0099983215332,43.22999954223633,2202954,43.3239990234375,43.193999481201175,43.43749942779541,43.40999969482422,43.67639972686768,43.67179985046387,43.26587208467392,43.28979516172487,43.42004852554876,43.32922112972422,42.33129336874993,0.29332790672484527,-0.03479457586706758,-0.03393294511517843,-0.0008616307518891503,-0.8258788921573057,-0.029998779296875,1.2985717228480749,13.997032674914072,11.325941003994249,44.303704438615895,42.57129441697492,0.03988282116747296,3189567.5,0.6906748328731089,12.589369358595182,-35965175,-0.477697584558246,-0.41465135649230483,-1.0116375091942753,-17.57864840150368,14.973407703700275,0.2310588993505143,0.8602714741255575,0.0
2022-11-01,43.4900016784668,43.4900016784668,42.959999084472656,43.310001373291016,2306222,43.289999389648436,43.2009994506836,43.44499950408935,43.38519973754883,43.67089973449707,43.6829998588562,43.274697942397346,43.29171956282641,43.415732950950414,43.32902988836668,48.18487291277696,0.5201285619852422,-0.029322992372676993,-0.033010954566678144,0.0036879621940011514,-0.8697579889271667,0.06999969482421875,1.2557146889822823,13.850546229167742,11.334519979199925,44.30365237035704,42.58634663782166,0.03952827142681253,3172151.35,0.7270214266415755,4.687705689723898,-33658953,-0.3107334154431973,-0.1733272284389946,-0.8538756192806721,-17.426118697231082,15.186178539608022,0.601439137135412,1.2337118372651532,0.0
2022-11-02,43.5,43.540000915527344,43.06999969482422,43.5,2114895,43.35599975585937,43.23899955749512,43.462999534606936,43.36679977416992,43.667099723815916,43.69444986343384,43.319758353917884,43.31155579493817,43.41903754110922,43.3307310835073,48.524587293427835,0.5332910113127852,-0.00954538844588626,-0.02831784134251977,0.01877245289663351,0.5547889222809577,0.3800010681152344,1.2400005885532923,13.927395890354314,11.37509745402479,44.309742209782925,42.61625685943095,0.03896383978292981,3027663.45,0.6985238071952812,-8.2961224027869,-31544058,0.08513095227954148,0.307147925426162,-0.44502188273702503,-17.06387155910857,15.691494056681126,0.4386945755816929,1.0912496494853834,0.0
2022-11-03,43.47999954223633,43.47999954223633,42.95000076293945,43.0,3452084,43.263999938964844,43.21999969482422,43.410499572753906,43.34699974060059,43.657599716186525,43.70279985427857,43.25580668313431,43.28188381446787,43.40260469635984,43.32744022695499,40.00002211418216,0.2030013220856706,-0.03382737524460566,-0.029419748122936948,-0.004407627121668714,-0.5550454883222589,-0.18999862670898438,1.249286106654576,12.267945172027506,11.378732887756088,44.23388123891444,42.58711790659337,0.03793467821214948,2926056.5,1.1797735279547745,63.22720513311535,-34996142,-0.945622779728505,-0.8005161664639342,-1.608134619800021,-18.017160391762495,14.361706768673299,-0.045978063824533046,1.2339901510646736,0.0
2022-11-04,43.459999084472656,43.459999084472656,43.02000045776367,43.290000915527344,1894906,43.26600036621094,43.244999694824216,43.36099967956543,43.32979972839355,43.652399711608886,43.71214986801147,43.26264552961292,43.28265687171163,43.39818886181739,43.327067696493025,50.45321120160609,0.6080167689172975,-0.02933225055486588,-0.029402248609322737,6.999805445685736e-05,0.3942532185845504,0.25,1.2485719408307756,12.384136746231267,11.471606210774986,44.07621532853254,42.64578403059832,0.03298889113500614,2781694.9,0.681205548458963,-45.108346146849264,-33101236,-0.16373876193529427,-0.09185090426376814,-0.9657474037740186,-17.46425112329923,15.132985830631087,1.0697653127271076,1.022776899179645,0.0
2022-11-07,43.45000076293945,44.09000015258789,43.45000076293945,43.7400016784668,3090161,43.36800079345703,43.34599990844727,43.32349967956543,43.3179997253418,43.64789974212646,43.72319988250732,43.3581167593837,43.32621351997403,43.411593285999714,43.33117649233356,56.68448216070664,0.8494513178116008,0.010421338203535413,-0.02143753124675111,0.03185886945028652,1.273450032984469,1.0100021362304688,1.1207147325788225,12.88625584870097,11.67993516526738,43.84070996320832,42.80628939592254,0.02387666220265413,2775793.4,1.1132532413975766,63.07727137916077,-30011075,0.9613766246539414,0.9741953825215959,0.038427644830714994,-16.60628971930738,16.329796418932503,0.369600009305429,1.4729559917391832,0.0
2022-11-09,43.95000076293945,44.43000030517578,43.869998931884766,43.970001220703125,5393284,43.50000076293945,43.39500007629395,43.33549976348877,43.30459976196289,43.65189975738525,43.735399894714355,43.480493651647585,43.387526634329184,43.43349163638024,43.33753295729247,61.03898420121774,1.0,0.05979609244388939,-0.0051908065086230075,0.0649868989525124,2.1607813322333635,0.4900016784667969,1.150714601789202,11.491151238620471,11.67272664086062,43.90127781783646,42.76972170914108,0.026111527843708907,2863257.7,1.883618089981911,74.5308415969265,-24617791,1.4641609319778486,1.5365606942399168,0.5364106114349776,-16.167777729048566,16.941497353959484,0.4801076278331256,1.2765019077399749,0.0
2022-11-10,44.290000915527344,44.290000915527344,43.7599983215332,44.18000030517578,2125679,43.63600082397461,43.49600028991699,43.37349987030029,43.30219978332519,43.657599754333496,43.74869989395142,43.620394982353226,43.46300031726695,43.46276648613693,43.345915716972904,62.40603085218771,1.0,0.1145506434739687,0.018757483487895334,0.09579315998607338,3.393402243092014,1.0100021362304688,1.1171433585030692,11.249293694529678,11.717052058937256,44.053694711464146,42.69330502913644,0.03136453563571485,2861377.95,0.7428864823676997,-60.58655542708302,-22492112,1.859431305491061,2.0271499513717814,0.9858588078499533,-15.767398164857905,17.500005580009525,0.7277682191046835,1.2111577109758243,0.0
2022-11-11,44.560001373291016,44.81999969482422,44.2400016784668,44.7599983215332,5847659,43.98800048828125,43.626000213623044,43.43199977874756,43.32039978027344,43.667999725341794,43.76449989318848,43.84831565018922,43.58652393672088,43.51363832281914,43.359986190650126,69.45697549878008,1.0,0.2024117358311841,0.055488333956553094,0.14692340187463102,2.9438794681989178,1.2999992370605469,1.0557147434779577,12.017804875311954,12.023089729804918,44.35020393578649,42.51379562170863,0.04228237989116175,3014425.3,1.939891826146762,175.09605166161023,-16644453,3.0576500035705663,3.3231423268519884,2.2746710936360186,-14.661586900947988,19.04255355845324,0.8601201120198191,1.3110262078487394,0.0
2022-11-14,44.849998474121094,44.95000076293945,44.5099983215332,44.81999969482422,4678336,44.294000244140626,43.78000030517578,43.48849983215332,43.338799743652345,43.675399703979494,43.7783498954773,44.042652459116226,43.703997818445,43.56486818054483,43.3745136882041,75.05994194710472,1.0,0.27372852189117935,0.09913637154347835,0.174592150347701,3.822102376334713,1.5400009155273438,1.0507150377546037,12.01239409882602,11.917944101386176,44.59359376884156,42.38340589546509,0.05082235261981517,3150457.15,1.4849705224525909,-19.99642934035655,-11966117,3.06172865886362,3.417722594841402,2.3793719997074003,-14.547189622743536,19.202131685384046,0.20107273450140684,0.9885474230480572,0.0
2022-11-15,45.27000045776367,45.279998779296875,44.650001525878906,45.150001525878906,6931363,44.57600021362305,43.97200050354004,43.5829999923706,43.3747998046875,43.68869972229004,43.79489990234375,44.26412227246877,43.841712457248235,43.62703027251872,43.392180233852606,72.26667046440586,0.9306867691978826,0.3528090157614514,0.14987090038707296,0.20293811537437845,3.8886389254666476,1.9200019836425781,0.978572028023856,11.43056065042814,12.007732271068898,44.907317033802244,42.25868295093896,0.0607721837259238,3309154.7,2.0946022861971367,48.158725666561786,-5034754,3.5954421076626533,4.092702973120264,3.0941996135550824,-13.918015502143977,20.07979616529571,1.0040177733232312,1.4109680445426762,0.0
2022-11-16,45.290000915527344,45.439998626708984,44.90999984741211,45.349998474121094,4986732,44.85199966430664,44.17600021362305,43.68849983215332,43.414399795532226,43.70439971923828,43.81144989013672,44.48129751279924,43.98535874456946,43.69459765297371,43.41166101236274,79.9450641581884,1.0,0.4267002245992373,0.20523676522950585,0.22146345936973144,4.782809041608416,2.039997100830078,0.9607148851667132,11.414607804192489,12.035269306066054,45.218044359600604,42.15895530470603,0.07002046457642797,3455886.6,1.4429674862595316,-28.05553539758342,-48022,3.803057208077824,4.458425517120842,3.511749982806997,-13.536705787495693,20.61170296412135,0.31007615706988,1.18013533978539,0.0
2022-11-17,45.33000183105469,45.40999984741211,45.029998779296875,45.16999816894531,2284358,45.04999923706055,44.34300003051758,43.790999794006346,43.44699974060059,43.719299697875975,43.82699987411499,44.61903764402846,44.09818154689097,43.7524564967373,43.429156904468044,74.22095858080246,0.8733167064059951,0.4653705180096921,0.25726351578554313,0.20810700222414896,4.487621205763781,1.6699981689453125,0.5492861611502511,11.49409165443038,12.049250519108263,45.43090832140225,42.15109126661044,0.0748970580763199,3443164.65,0.6634472156305392,-54.19128198587772,-2332380,3.149045195190335,3.9657477815081594,3.0643171987310094,-13.879890349092433,20.132978728800783,-0.044094032501053565,0.8438842514247298,0.0
2022-11-18,45.27000045776367,45.310001373291016,44.91999816894531,45.2599983215332,2779991,45.14999923706055,44.5689998626709,43.89449977874756,43.48219970703125,43.734299697875976,43.844199867248534,44.74722977952941,44.208830763523565,43.8115757839842,43.44737423200103,78.77907460286657,0.9708101557625777,0.49754388806182703,0.3053195902407999,0.19222429782102712,4.502417193283059,2.259998321533203,0.5292862483433315,11.491858358981283,11.8716085936994,45.63302209324505,42.155977464250064,0.07921367475472343,3401411.7,0.81730506189533,21.696818099439753,447611,3.110864800074061,4.088566416787043,3.229157924130041,-13.708298068294061,20.372340846461068,0.22139095167622042,0.8682173202209196,0.0
2022-11-21,45.15999984741211,45.15999984741211,44.619998931884766,44.79999923706055,1910550,45.145999145507815,44.71999969482422,43.98249969482422,43.50999969482422,43.74569969177246,43.86104986190796,44.75778367103564,44.26513252290803,43.85033748802642,43.460833187275256,70.389614507349,0.7607850896661353,0.48038584489047764,0.3403328411707355,0.14005300371974216,2.9885039932426416,1.5099983215332031,0.5485717228480748,12.172928880499924,12.052133546658004,45.71707475200364,42.2479246376448,0.07887569234194942,3400066.3,0.5619155132357272,-31.27495736496989,-1462939,1.858692770780667,2.964834638667634,2.140736206973557,-14.585322048811689,19.148938976407113,-0.22094228420136242,1.210221713253936,0.0
2022-11-22,45.040000915527344,45.11000061035156,44.619998931884766,44.900001525878906,1808560,45.09599914550781,44.83599967956543,44.09099979400635,43.53599975585937,43.7559997177124,43.879299869537356,44.7862272420043,44.32559623747669,43.89150078362848,43.47515327024644,70.54264330007877,0.7646160730597986,0.46944584157203906,0.3661554412509962,0.10329040032104286,4.418608199718377,1.1599998474121094,0.5457145145961216,11.674246676280713,12.033081569805832,45.766154023198276,42.415845564814425,0.07598622108903244,3215354.75,0.5624760378306624,-5.33825338253383,345621,1.8348455141689257,3.1330434069932154,2.3261575717395613,-14.39465991847094,19.414902521291793,0.5357180414151812,1.0981660470561985,0.0
2022-11-23,45.099998474121094,45.099998474121094,44.630001068115234,44.77000045776367,1970626,44.97999954223633,44.91599960327149,44.15549983978271,43.55819976806641,43.76569972991943,43.89539987564087,44.782981885156175,44.367920448932594,43.92595175124163,43.48803732186353,66.66666666666666,0.6675833392065694,0.4451543481643938,0.3819552226336757,0.0631991255307181,3.418802289065037,0.7999992370605469,0.5457142421177456,10.385216660889148,11.966209435017287,45.830937787910074,42.48006189165535,0.07588807528877041,3127741.9,0.6300475112732288,8.961051886583803,-1625005,1.3916740161716226,2.782026567098083,1.9924652346273524,-14.64251705140561,19.069154985677635,0.4454274865155978,1.0530974563243671,0.0
2022-11-24,45.279998779296875,45.279998779296875,44.7599983215332,45.040000915527344,4073101,44.954000091552736,45.00199966430664,44.248999977111815,43.58699981689453,43.77849975585937,43.91304988861084,44.83438569123041,44.43192811241781,43.96963995376264,43.503479745681084,78.49161832588153,0.9507170392295587,0.4425880653655909,0.39408179118005876,0.04850627418553216,2.972106052068435,0.8600006103515625,0.5435714721679688,9.980034639276521,11.918398215887356,45.90142859531873,42.5965713589049,0.07468772713786279,3184249.1,1.2791401903827184,106.69071655402904,2448096,1.7876131411437117,3.3335652940939986,2.5663237460734507,-14.127740209010497,19.787241338658486,1.1391519238744237,1.1617526301682395,0.0
2022-11-25,45.29999923706055,45.310001373291016,44.880001068115234,44.97999954223633,1910506,44.89800033569336,45.023999786376955,44.325,43.616599807739256,43.7906997680664,43.93014987945557,44.86350846143159,44.484125391448146,44.00926189840866,43.518171484950294,75.22384286646405,0.797029098745875,0.4307472719659273,0.4014148873372325,0.029332384628694808,2.2970168148588765,0.220001220703125,0.541428702218192,9.898454049914072,11.722039672509121,45.96440229755433,42.685597702445676,0.07397190287893182,3185929.7,0.5996698546110417,-53.09455866672592,537590,1.4777203434547665,3.1258734988671746,2.3898157999951017,-14.242137487214945,19.62766321172768,0.5772609152935648,0.9581111741133017,0.0
2022-11-28,45.2599983215332,45.2599983215332,44.709999084472656,45.119998931884766,3409844,44.9620002746582,45.053999710083005,44.4170000076294,43.655399780273434,43.79829975128174,43.947749881744386,44.91480655552223,44.544684776251636,44.052820213446935,43.53411006651183,72.69731641147521,0.6166446051635921,0.4277295387391078,0.4066778176176076,0.021051721121500222,2.127656451371407,0.2999992370605469,0.5235715593610492,9.660074710913737,11.734103324658024,46.01548647697115,42.81851353828765,0.07197633649580938,3258590.55,1.0464168319643596,78.4785810670053,3947434,1.582724911936006,3.3549094934027837,2.667369895602606,-13.975217777754503,20.00000202909437,0.6224961808502365,1.2301481733904938,0.0
2022-11-29,45.060001373291016,45.150001525878906,44.540000915527344,45.099998474121094,2438774,45.00199966430664,45.04899940490723,44.51049995422363,43.69639976501465,43.80249973297119,43.965099868774416,44.95184493924201,44.59757179509634,44.09388602759102,43.54969104569202,69.96460286735646,0.4309571618512583,0.41889532902481363,0.4091213198990488,0.009774009125764815,0.759607161165432,-0.0500030517578125,0.517857415335519,9.631669472474284,11.4161422475782,46.033632268018586,42.98736764042868,0.068439236376199,3270381.55,0.7457154349467267,-28.478428925194233,1508660,1.324403276763291,3.2121609941655485,2.581362509658992,-14.013350203822652,19.94680932011744,-0.1329733156339943,1.3695567979633938,0.0
2022-11-30,45.209999084472656,45.2599983215332,45.0,45.099998474121094,1984004,45.067999267578124,45.02399940490723,44.599999809265135,43.75319976806641,43.8054997253418,43.9814998626709,44.98147564621783,44.64542195500346,44.133341417651025,43.56511699025351,67.5571985591525,0.06706621736956163,0.40720020370422105,0.4087370966600833,-0.0015368929558622346,0.6247183873345996,-0.25,0.49857139587402344,9.660820459147136,11.416875871145066,46.03385984768123,43.16613977084904,0.06429865670619239,3254270.65,0.6096616456901026,-18.647484350743447,1508660,1.121073244381695,3.078171912440688,2.5431115695067805,-14.013350203822652,19.94680932011744,0.24390380060585176,0.5777740478515625,0.0
2022-12-01,45.5099983215332,45.560001373291016,45.15999984741211,45.369998931884766,3594010,45.13399887084961,45.04399948120117,44.69349975585938,43.813799743652346,43.81749973297119,43.998399848937986,45.05918030335122,44.71442928613501,44.18183779075824,43.58307601454835,63.20344676114765,0.0,0.4149353961241715,0.409976756552901,0.004958639571270518,0.48725891156340406,0.20000076293945312,0.4857145036969866,9.72850002490429,11.449695022882736,46.06799209579557,43.31900741592319,0.061507483076708114,3328226.4,1.0798574279682416,81.14933236021702,5102670,1.513641088124225,3.5518471288441,3.1173840131822135,-13.49857336142754,20.66489567309829,0.9090906015160334,0.8857429743809627,0.0
2022-12-02,46.029998779296875,46.029998779296875,45.52000045776367,45.880001068115234,4102571,45.31399917602539,45.10599975585937,44.83749980926514,43.88159973144531,43.840399742126465,44.01694986343384,45.22334445630403,44.82543612251408,44.24843242908596,43.60593099020573,69.20288202521289,0.35835457959549927,0.45695105465819097,0.419371616173959,0.03757943848423195,1.1686937416251153,0.6200027465820312,0.5014286041259766,8.795845174797128,11.64401700692838,46.06000476978482,43.61499484874546,0.054530469616731955,3360750.75,1.2207305168346685,14.150238869674814,9205241,2.3250655439861845,4.554075851610027,4.2325767924894055,-12.52621467923124,22.021284388330518,1.4547054506282564,1.120382944649598,0.0
2022-12-05,46.29999923706055,46.29999923706055,45.810001373291016,46.09000015258789,3622012,45.507999420166016,45.23499984741211,44.97749977111816,43.94939971923828,43.8655997467041,44.03644987106323,45.3966755955608,44.94587079204492,44.32065077118408,43.63064809629908,67.80298268505234,0.27473665266760333,0.5014139499387014,0.4357800829269075,0.06563386701179386,2.036754529414808,1.2900009155273438,0.49142864772251676,8.715659030875706,11.651432864372593,46.090198415276326,43.864801126959996,0.04947801233152017,3447106.05,1.0507399387959069,-11.713605931500027,12827253,2.473459812419609,4.870602208504321,4.6632966270836125,-12.125835115040577,22.579792614380555,0.9154275483162411,1.0696307554690858,0.0
2022-12-06,45.970001220703125,45.970001220703125,45.52000045776367,45.81999969482422,2339290,45.65199966430664,45.32699966430664,45.08149967193604,44.00599967956543,43.888199729919435,44.05074987411499,45.481340415413484,45.02912116373819,44.379448768189576,43.652432689319234,58.67158775471135,0.0,0.5089969345113587,0.4504234532437978,0.058573481267560956,1.2372987053881124,0.9199981689453125,0.4942858559744699,8.837039600625978,11.713861234561808,46.091247092162405,44.07175225170967,0.04479653195099685,3409562.5,0.6860968232727807,-35.41462590405554,10487963,1.6381443125502553,4.122165223986807,4.016389790787352,-12.640611957435688,21.861706261399704,-0.2603578465773293,0.9885781160239492,0.0
2022-12-07,46.08000183105469,46.08000183105469,45.58000183105469,45.84000015258789,1502324,45.8,45.433999633789064,45.17499961853027,44.0663996887207,43.910399742126465,44.06634986877442,45.55307236284837,45.10634773410483,44.436725293067944,43.67419952974977,63.13725842185651,0.2220899459424422,0.5107329625364798,0.46248535510233424,0.04824760743414558,2.3214306545501273,1.0699996948242188,0.5028572082519531,8.790892842663185,11.713567120487726,46.09359135212652,44.25640788493402,0.0406681457156872,3215014.5,0.46728374008888607,-35.77863368799935,11990287,1.4720543213570785,4.024836329710783,4.024953936723244,-12.602479531367539,21.914898970376644,0.5674424660894059,1.0969723122286903,1.0
2022-12-08,46.209999084472656,46.209999084472656,45.68000030517578,46.060001373291016,1618610,45.93800048828125,45.53599967956543,45.26899967193604,44.13479972839355,43.936599769592284,44.083449878692626,45.6544581649369,45.197171890217795,44.500383178566885,43.697938851576055,64.92538588110705,0.31552918669521873,0.523822734720099,0.4747528310258872,0.04906990369421177,2.583518503320148,1.0200004577636719,0.5128568921770368,8.79183768939412,11.732493487028888,46.14253880653336,44.395460537338714,0.038593259887687005,3189661.05,0.5074551730190893,7.740407528602344,13608897,1.7473363827063997,4.362094439637639,4.483658833501911,-12.183030117634498,22.500008623651084,0.8071529900810382,1.1602425038443431,1.0
2022-12-09,46.38999938964844,46.38999938964844,46.0099983215332,46.11000061035156,1722820,45.98400039672852,45.648999786376955,45.336499786376955,44.20859977722168,43.964699783325194,44.09704988479614,45.74556665401983,45.28410795880196,44.56350543079373,43.721939466091236,78.85455300141665,1.0,0.5320973075101563,0.486221726322741,0.04587558118741525,2.9930760305710846,1.1300010681152344,0.49428558349609375,7.781480851655258,11.713416553871593,46.25205660149982,44.42094297125409,0.04038939130444187,2983419.1,0.577464962934641,6.438240218459046,15331717,1.7061326472473624,4.300975020044796,4.564819485236016,-12.087702688972426,22.632985323357495,0.7164524674738265,0.8259097630468497,1.0
2022-12-12,46.380001068115234,46.380001068115234,45.86000061035156,46.189998626708984,3257599,46.00400009155273,45.75599975585938,45.40499973297119,44.28639976501465,43.995499763488766,44.11209987640381,45.83445304855766,45.370383260507396,44.62728947769237,43.74649726868445,78.66655363879117,0.9906852456847903,0.538898056072064,0.49675699227260567,0.04214106379945831,2.553280834381999,1.0699996948242188,0.49642835344587055,7.781755583117279,11.583975062159556,46.36191400734382,44.44808545859856,0.04215017200750067,2912382.25,1.1185341484621396,89.08527878710485,18589316,1.7288820578227202,4.298382509743179,4.710496113599596,-11.935180257716434,22.845746013793377,0.5855572634780177,1.1338867222917064,1.0
2022-12-13,46.349998474121094,46.75,45.86000061035156,46.15999984741211,2740609,46.072000122070314,45.861999893188475,45.45549964904785,44.35159973144531,44.021599769592285,44.127399883270265,45.899562408328556,45.445584840212604,44.68739576670099,43.77051221971657,82.32554425932825,1.0,0.53569192447641,0.5045439787133665,0.031147945763043472,2.6233888776894254,1.0600013732910156,0.5264284951346261,7.499347196313955,11.55799538800922,46.461115424483765,44.44988387361194,0.04424616529133138,2702844.55,1.0139721131945971,-15.870277465090087,15848707,1.5498679011418917,4.077418011789642,4.606208318456694,-11.992375260310356,22.765962023063903,0.3463950036135978,1.9406876969110767,1.0
2022-12-14,46.58000183105469,48.900001525878906,46.209999084472656,46.540000915527344,2311017,46.2120002746582,46.0060001373291,45.51499977111816,44.419199752807614,44.05309978485107,44.143199882507325,46.02765010976832,45.549814942623534,44.7600469490079,43.79806932116743,83.18580933958538,1.0,0.5573887222556593,0.5151129274218251,0.042275794833834146,3.1471675914404917,1.44000244140625,0.6850000108991351,7.833314320406061,10.892418093318682,46.629280929593605,44.40071861264272,0.04896325009684025,2569058.8,0.899557845853898,-15.675056164524015,18159724,2.252007359252152,4.77451456694845,5.429604195888395,-11.267873711048724,23.776603202681976,0.909882983169301,5.821256210130799,1.0
2022-12-15,46.47999954223633,46.4900016784668,45.90999984741211,46.029998779296875,2670575,46.205999755859374,46.072000122070314,45.557999801635745,44.47699974060058,44.07949977874756,44.15789987564087,46.02811984367403,45.595546736592425,44.80984898156825,43.820277574482155,69.37265892560785,0.4365250242128581,0.5273516985685376,0.5175606816511676,0.009791016917369944,2.0620850036379146,0.6599998474121094,0.6992857796805245,8.800953854805408,11.195195248112281,46.682551145722655,44.433448457548835,0.04936789801937414,2588369.65,1.031759509311199,15.558431634211267,15489149,1.036039728952681,3.4916901943784793,4.239556022655692,-12.240232393245027,22.420214487449748,-0.12892430621116965,1.263345312529731,1.0
2022-12-16,45.83000183105469,46.40999984741211,45.83000183105469,46.099998474121094,2141668,46.20399932861328,46.0939998626709,45.599999809265135,44.517999725341795,44.110199775695804,44.16529987335205,46.04249556976344,45.64358975921421,44.860443079315424,43.842961364528314,68.56057486262048,0.4033979652860331,0.5033927331749339,0.5147270919559209,-0.011334358780986986,2.2172949752399918,0.21999740600585938,0.7014285496303013,8.795105678328518,11.186325702587753,46.74032315787535,44.45967646065492,0.050014182165786875,2556453.5,0.8377496402731363,-19.80498581766099,17630817,1.0964883047090876,3.5536159722799687,4.380585224864244,-12.106772538514806,22.606383896133096,-0.43449262121671195,1.265542206381523,1.0
2022-12-19,46.470001220703125,46.709999084472656,46.220001220703125,46.41999816894531,3589858,46.24999923706055,46.12699966430664,45.680999755859375,44.56079971313476,44.137499771118165,44.17929986953735,46.11799608959982,45.71753341728384,44.92160210243817,43.8686035217862,72.4489557599286,0.5620153165996621,0.504411835850533,0.5126640407348434,-0.008252204884310443,2.3143029794577163,0.3299980163574219,0.7014285496303013,7.98336983806983,11.220783882152004,46.81216393766657,44.54983557405218,0.049524493240194555,2640418.9,1.359578966807123,67.61972443908206,21220675,1.6177369519832987,4.17227354037484,5.071828449126178,-11.496668267457622,23.45744694882036,0.8026090213207657,1.0601424725840307,1.0
2022-12-20,46.380001068115234,46.79999923706055,45.83000183105469,46.75,3231954,46.36799926757813,46.21999969482422,45.77349967956543,44.60599967956543,44.16899978637695,44.19509986877441,46.24439687167986,45.81586356801871,44.99330398077393,43.897274133509725,75.22934816591462,0.6754348839458919,0.5257869274799418,0.5152886180838632,0.010498309396078653,1.896248717590776,0.9300003051757812,0.7521427699497768,8.202878444386613,11.22741991299873,46.937834366346216,44.60916499278465,0.05087374550478495,2711588.6,1.191904258632744,-9.969865103299346,24452629,2.133331135417868,4.806529022634516,5.780957931561831,-10.86749414685806,24.335111428732016,-0.08616351229594821,2.116511820317195,1.0
2022-12-21,47.11000061035156,47.11000061035156,46.779998779296875,46.86000061035156,3914662,46.43199920654297,46.32199974060059,45.87799968719482,44.668599700927736,44.20299980163574,44.20744987487793,46.3675176194142,45.915305191098035,45.06650777016913,43.926753998950936,73.95497682360056,0.6234499029869053,0.5453168977876643,0.5212942740246234,0.024022623763040984,1.6706453790723996,1.0200004577636719,0.744999749319894,7.994411229678504,11.173110021831793,47.03826517868653,44.717734195703116,0.05058047427536614,2808790.4,1.3937180930268063,21.12369173571158,28367291,2.1404615062823447,4.905909126536404,6.0002346730726375,-10.65776943999154,24.62766625536924,0.7700547815006685,0.7054336033902042,1.0
2022-12-22,47.279998779296875,47.279998779296875,46.68000030517578,46.869998931884766,4841450,46.599999237060544,46.40299949645996,45.969499588012695,44.73759971618652,44.23599979400635,44.21979986190796,46.46801388190832,46.006228404506295,45.13723291376582,43.95604001818411,68.96547188232611,0.4199147866871851,0.5552013058970644,0.5280756803991116,0.027125625497952832,2.2915740813048258,0.80999755859375,0.7407139369419643,7.899878476292136,11.113070802347258,47.14009565517825,44.79890352084714,0.05092924994427422,2847207.85,1.7004202907069113,23.674789803053244,33208741,1.9589061267634298,4.7664587041461655,5.993240761498233,-10.638706863465769,24.654257537121772,0.8962828926052836,1.2853437664921505,1.0
2022-12-23,46.7400016784668,46.7400016784668,46.369998931884766,46.689998626708984,6051020,46.71799926757812,46.4609992980957,46.05499954223633,44.799599685668944,44.2626997756958,44.22999984741211,46.512410830868454,46.071349378049405,45.198125686822415,43.98324358642814,61.627869153019525,0.12059454501024368,0.5422594211722114,0.5309124285537316,0.011346992618479823,1.8542724068318028,0.5799980163574219,0.7414283752441406,8.088417728166636,11.081973156816032,47.169752821989995,44.94024626248267,0.04840965327689738,3054233.55,1.9811909930725502,24.98363093701268,27157721,1.378784259655253,4.219678198697753,5.5618331173039985,-10.981891425062509,24.17553330180121,-0.2773570650319219,0.7979356374917045,1.0
2022-12-26,47.119998931884766,47.119998931884766,46.5099983215332,46.689998626708984,6123432,46.77199935913086,46.510999298095705,46.13349952697754,44.85959968566895,44.28899974822998,44.23344984054565,46.54792839003656,46.13026835411222,45.25663050799444,44.010176472401085,68.83113451671447,0.3341351400623965,0.5259401733544777,0.5299179775138808,-0.0039778041594030755,1.3677751511820047,0.5,0.7442855834960938,8.10033764477987,11.048747940352097,47.19065145040828,45.07634760354679,0.04583012059653322,3189912.95,1.919623543332115,1.1966908058476111,27157721,1.2062798301395328,4.080283716006465,5.5535998096887935,-10.981891425062509,24.17553330180121,0.9209687680945868,1.311547263739944,1.0
2022-12-27,46.939998626708984,46.939998626708984,46.59000015258789,46.869998931884766,3104361,46.795999145507814,46.58199920654297,46.22199954986572,44.931799697875974,44.315499725341795,44.2381498336792,46.61234249840621,46.20071888532865,45.31989985795092,44.03863241727157,70.85016741416163,0.4277912537715045,0.5215198163790546,0.5282383452869156,-0.0067185289078609545,1.6482288255762478,0.7099990844726562,0.7335711887904576,8.092233789952928,10.751674962024975,47.20887343024307,45.235125669488376,0.04270147938159514,3223192.3,0.9631324199924405,-49.30357681770615,30262082,1.4019284936385383,4.313647009559723,5.94927479585029,-10.638706863465769,24.654257537121772,0.535446578182137,0.751230892841396,1.0
2022-12-28,47.099998474121094,47.099998474121094,46.5099983215332,46.54999923706055,2288068,46.73399887084961,46.582999038696286,46.2944995880127,44.99799964904785,44.339199714660644,44.24259983062744,46.59987384613707,46.23398368073169,45.36813904928855,44.06362114184659,59.53303350106129,0.0,0.4865862867812325,0.519907933585779,-0.03332164680454652,0.7793908228076685,0.009998321533203125,0.7378570011683873,8.654230219426164,10.842050640041148,47.13676377148534,45.452235404540055,0.036387224874150526,3238395.5,0.7065437189497082,-26.29504107286491,27974014,0.5519006606003075,3.44904129098445,5.215334124274909,-11.248811134522951,23.803194484434513,0.4907180445439776,1.2685447729090378,1.0
2022-12-29,46.900001525878906,46.91999816894531,46.560001373291016,46.61000061035156,4403064,46.68199920654297,46.640999221801756,46.356499671936035,45.067799682617185,44.36339973449707,44.25164983749389,46.60189919897997,46.26979481688596,45.41683950266357,44.08895825098595,59.68991560357931,0.006632714214561626,0.4584580037773094,0.5076179476240851,-0.04915994384677569,0.9748716733686935,0.5800018310546875,0.7371425628662109,8.497630699666935,10.83609729681304,47.087418597370224,45.625580746501846,0.031534690091222874,3278848.2,1.3428691209309416,92.43588914315484,32377078,0.5468509059345465,3.4219574476568244,5.329407562245208,-11.134413856318503,23.962772611365324,0.751884628474294,0.7731889712975992,1.0
2022-12-30,46.9900016784668,46.9900016784668,46.619998931884766,46.790000915527344,2945907,46.70199966430664,46.70999946594238,46.40199966430664,45.139799728393555,44.384699745178224,44.25919984817505,46.63951954228945,46.31933825485181,45.470688969834704,44.115834297399296,61.19405534433995,0.07022523929615473,0.4455545812808239,0.4952052743554329,-0.049650693074608954,0.537172314314649,0.69000244140625,0.7271426064627511,7.737630524765864,10.05545656097177,47.12122720044852,45.682772128164764,0.030999850926473057,3221015.0,0.914589655745161,-33.09415897656722,35322985,0.8361735572339108,3.65575655422279,5.718135610299891,-10.79122929472176,24.44149684668589,0.8152779728366712,0.7936567032586861,1.0
2023-01-02,47.41999816894531,47.41999816894531,46.849998474121094,47.16999816894531,5088245,46.79799957275391,46.784999465942384,46.455999565124515,45.222399673461915,44.409199714660645,44.27184984207153,46.74561526762062,46.400353484765475,45.537328546270416,44.14622398766344,66.66662470083608,0.30159636435382214,0.4606806883578827,0.48830035715592285,-0.027619668798040176,2.476644405563566,0.75,0.708571025303432,8.04876460843458,10.123972790685103,47.236185427404855,45.675813702844174,0.03358816383604595,3294326.65,1.54454780615031,72.72252654275914,40411230,1.5369351870685213,4.3067119603259725,6.546255322992332,-10.066735018476736,25.452127880832098,1.3464356509745292,1.2166482676388433,1.0
2023-01-03,47.4900016784668,47.790000915527344,47.209999084472656,47.630001068115234,5165224,46.95,46.872999572753905,46.54649963378906,45.32039970397949,44.439299736022946,44.288349838256835,46.92249242771955,46.51746277841784,45.61939413536237,44.18088843622515,67.5240932747351,0.5091042033941333,0.5039770925445453,0.49143570423364735,0.012541388310897905,3.3188777540915426,0.8800010681152344,0.5571425301688058,8.142470917921935,10.251639037630337,47.4292293532892,45.66376991428892,0.03792894101361594,3435623.35,1.5034313933161503,1.5128791950859366,45576454,2.3277828469396598,5.096162830031138,7.545215032987838,-9.189703764942504,26.67553989635792,0.6784047529010948,1.2285571749681516,1.0
2023-01-04,47.650001525878906,48.13999938964844,47.650001525878906,48.06999969482422,4039965,47.25400009155273,46.99399948120117,46.65799961090088,45.41219970703125,44.471299743652345,44.30754983901978,47.151993881140484,46.665323437123206,45.715496314164795,44.219586060688826,83.55263653224046,1.0,0.5672550535958365,0.5065995741060851,0.06065547948975136,3.5545057969923466,1.2099990844726562,0.5485709054129464,8.513508627452373,9.641812589856034,47.71176697463517,45.60423224716659,0.045169847508339904,3562505.4,1.1340235442169435,-21.785289466633007,49616419,3.0262765135637055,5.852612304489312,8.491667603996037,-8.350812210493027,27.845749057434936,0.04199130236228507,1.0283270683704206,1.0
2023-01-05,48.11000061035156,48.16999816894531,47.650001525878906,47.779998779296875,4303123,47.487999725341794,47.08499946594238,46.74399948120117,45.50439971923828,44.49999973297119,44.32529983520508,47.277594860771764,46.7714829935207,45.79645719515037,44.25501305291379,75.76685896160731,0.6758573586529866,0.5872333824845981,0.5227263357817877,0.06450704670281038,2.203205945020059,0.9099998474121094,0.5442850930350167,8.96357073349553,9.603267346583023,47.87051086904775,45.617488093354595,0.048199187076391314,3696731.05,1.164034640821382,6.513868313215587,45313296,2.216325752169209,5.000833049329342,7.7939663283403755,-8.90372147895629,27.074469995477145,0.08321388762490614,1.0912835811432116,1.0
2023-01-06,47.779998779296875,48.040000915527344,47.34000015258789,47.5,3457817,47.62999954223633,47.16599960327149,46.813499450683594,45.58519973754883,44.52499973297119,44.342099838256836,47.32207588861741,46.84086556556635,45.863262795340546,44.28730148024798,66.77020841033806,0.3013028525026994,0.573857716086188,0.5329526118426677,0.04090510424352023,1.3657690595656025,0.8100013732910156,0.5507136753627232,9.372039019131211,9.711377943442335,47.94680944766983,45.68018945369736,0.048418084966287876,3783480.9,0.91392479343559,-19.644012034980175,41855479,1.466458515966342,4.200486722610409,7.1216748265462995,-9.437560897877175,26.32979236074376,0.0,1.4786665836146746,1.0
2023-01-09,47.720001220703125,48.279998779296875,47.709999084472656,48.11000061035156,4176477,47.81800003051758,47.307999801635745,46.90949954986572,45.681799774169924,44.55959972381592,44.361049842834475,47.47966083296424,46.9617355698316,45.95137016063509,44.32533828751269,69.42858014787947,0.4119779429315736,0.6054995336529672,0.5474619962047277,0.058037537448239473,2.645619173725322,1.4200019836425781,0.5371423448835101,10.192278380398092,9.984129822111862,48.141417306663605,45.67758179306784,0.05252316774295711,3829424.8,1.0906277621641767,20.783633141950553,46031956,2.5591853931626045,5.3154666589003945,8.450996495347022,-8.27454735835673,27.952134475388814,0.46316046463815785,1.1947174717295828,1.0
2023-01-10,48.119998931884766,48.279998779296875,47.84000015258789,47.959999084472656,3691056,47.88399963378906,47.41699981689453,46.99949951171875,45.776399765014645,44.593199729919434,44.37874984741211,47.575728483265934,47.05680828551171,46.030139922354216,44.361504066586924,65.53669759372407,0.24994851433929174,0.6114239181875547,0.5602543806012932,0.051169537586261526,2.72006959759723,1.0900001525878906,0.5428564889090401,10.315776437852556,9.74472634307796,48.26345329695414,45.735545726483366,0.05378584020539348,3876947.15,0.9520521836362923,-11.622738494669072,42340900,2.0436378743020756,4.770142105248876,8.069738893894018,-8.56053691735955,27.55319423079772,0.020782210364495072,0.919729567946464,1.0
2023-01-11,47.95000076293945,48.06999969482422,47.79999923706055,48.02000045776367,2415393,47.873999786376956,47.56399993896484,47.073499488830564,45.8705997467041,44.627899742126466,44.395949840545654,47.66458287816548,47.148540873345226,46.10817366884086,44.397907015752864,66.01671664375017,0.26993298491538753,0.613884170399551,0.5709803385609448,0.04290383183860624,2.8485797176568406,1.470001220703125,0.5192852020263672,10.045531767388116,9.734667642407054,48.39611765404023,45.750881323620895,0.05619374720689694,3882165.95,0.6221766485793838,-34.560922402694516,44756293,2.0106874976603146,4.685791602744434,8.163020794091148,-8.4461396391551,27.712772357728525,-0.02084720959980198,0.5648545231656273,1.0
2023-01-12,49.45000076293945,49.45000076293945,47.91999816894531,47.95000076293945,1434158,47.90800018310547,47.69799995422363,47.1694995880127,45.95959976196289,44.663199768066406,44.411749839782715,47.72166645512028,47.224870386639914,46.18040218233492,44.43325123214279,68.10346150557625,0.3568097271795012,0.6032318661876559,0.5774306440862871,0.025801222101368815,2.3042497453952038,1.3400001525878906,0.5928568158830915,8.973069791013243,9.71217877968442,48.45129969754903,45.887699478476364,0.0543486838203423,3820345.1,0.3754001176490574,-40.62423796044784,43322135,1.654673426141467,4.330762259213271,7.966925275228132,-8.57959949388532,27.52660294904518,2.977926471353427,3.1928269041246815,1.0
2023-01-13,48.11000061035156,48.290000915527344,48.0,48.22999954223633,2270665,48.05400009155274,47.84199981689453,47.27599964141846,46.06419975280762,44.7055997467041,44.43044982910156,47.82333307254349,47.32059697288719,46.26077854938988,44.47102982229298,70.47872394390775,0.4556982240147005,0.610347691536063,0.5840140535762424,0.026333637959820688,3.609023271128775,1.4399986267089844,0.5735710688999721,9.069236587204225,9.747538395525709,48.53743466522597,46.014564617610944,0.053364710778209444,3826794.95,0.5933594639033377,58.32739488954495,45592800,2.0179370252428703,4.7016985013328165,8.551679597549548,-8.045760074964436,28.27128058377857,0.3336805940903618,0.6041685740152996,1.0
2023-01-16,48.380001068115234,48.93000030517578,48.380001068115234,48.70000076293945,4385790,48.172000122070315,47.99500007629395,47.38999977111816,46.17239974975586,44.751099739074704,44.45304983139038,47.998666610622685,47.45196876241597,46.356434322470264,44.51310913513523,72.59259817422134,0.5437044340910961,0.6464602139986084,0.5965032856607156,0.04995692833789278,4.484016574167837,1.5300025939941406,0.5985712323869977,9.30920379396409,9.814289670566358,48.73504190298852,46.044957639247805,0.05676480854047582,3866591.55,1.1342780697899162,93.15002433207893,49978590,2.764298371277205,5.474268235748254,9.553789779683692,-7.1496662449044335,29.52128388105692,0.31101291167864475,1.1368318001609616,1.0
2023-01-17,49.060001373291016,49.060001373291016,48.43000030517578,48.5,3222233,48.28000030517578,48.081999969482425,47.47749977111816,46.267599716186524,44.79279972076416,44.474999828338625,48.09893328849815,47.5517812612335,46.44049572158907,44.55277969100453,74.80914400418548,0.6335919715863878,0.651431956046757,0.6074890197379239,0.04394293630883306,3.65462502888132,0.8699989318847656,0.6014284406389508,9.409683004731086,9.708614300510684,48.873945100441055,46.08105444179527,0.058825563100624326,3866105.5,0.8334570797408399,-26.53015762268599,46756357,2.1536522222340215,4.824975355340252,9.050028526580729,-7.530983232569325,28.98936693675942,0.7392209542335816,1.3008487799821575,1.0
2023-01-18,49.95000076293945,49.95000076293945,48.220001220703125,48.459999084472656,2210772,48.36800003051758,48.12099990844727,47.557499694824216,46.35739967346191,44.8309997177124,44.496699829101566,48.171146447693054,47.63827819678009,46.51969193189824,44.59165749591466,73.65724733264129,0.5574232051471083,0.6447125133239311,0.6149337184551253,0.029778794868805747,2.7347911079136367,0.3899993896484375,0.6985713413783482,9.454135301598154,9.187231121974673,48.98790507209737,46.12709431755106,0.06015477627932688,3780911.0,0.584719396991889,-31.39006397116534,44545585,1.8977015096246983,4.535628455912751,8.906951011182695,-7.607248084705624,28.882981518805543,2.989692294720522,3.5877218963933943,1.0
2023-01-19,49.900001525878906,49.900001525878906,48.099998474121094,48.5,1803822,48.47799987792969,48.19300003051758,47.63899974822998,46.4437996673584,44.8729997253418,44.51634983062744,48.23691715815445,47.720346939943894,46.597351071823795,44.63054647605481,72.67900724892846,0.39644393109785686,0.6352917977475556,0.6190053343136115,0.01628646343394413,1.8265776031383796,0.720001220703125,0.8000000544956752,9.444047536867092,8.998340565915965,49.09006739023402,46.18793210622594,0.060919316092817644,3629029.6,0.49705353739743535,-18.4075969842209,46349407,1.8073432614462328,4.42728705956145,8.948734980584124,-7.530983232569325,28.98936693675942,2.971527999610816,3.742210205528916,1.0
2023-01-20,49.95000076293945,49.95000076293945,48.61000061035156,48.7599983215332,2310265,48.58399963378906,48.3189998626709,47.74249973297119,46.5237996673584,44.92209972381592,44.539049816131595,48.34153339083021,47.819361357238115,46.682160767890835,44.671635549144156,71.78079213901782,0.3465872395884103,0.6414117095094838,0.623486609352786,0.017925100156697793,1.4354038508206601,1.2599983215332031,0.8585717337472099,9.28914214808372,8.972107404776436,49.20381686911273,46.28118259682965,0.061216615984283955,3441991.85,0.6712000204184098,28.0761072877479,48659672,2.1312218552714866,4.80656926167565,9.47696127965627,-7.035276239716591,29.680851862515873,2.989692294720522,2.756634716648277,1.0
2023-01-23,48.540000915527344,49.0099983215332,48.540000915527344,48.77000045776367,2703249,48.597999572753906,48.38499984741211,47.846499824523924,46.60279968261719,44.97079971313477,44.56134981155395,48.4272268042169,47.90989841443103,46.76403683416036,44.712415299478685,67.8124649823213,0.12631966595600821,0.63969486823013,0.6267282611282549,0.012966607101875138,2.072000217161518,0.6599998474121094,0.8478570665631976,9.283073372079501,8.89031677175009,49.28835942048549,46.40464022856236,0.06027022253454519,3270982.7,0.8264332917444045,17.01034296931305,51362921,1.9301320611260335,4.650366050765074,9.444621098794661,-7.016206390174212,29.707453289740272,-0.45118419519859776,0.9682682264958777,1.0
2023-01-24,49.2400016784668,49.27000045776367,48.86000061035156,48.90999984741211,4267976,48.67999954223633,48.47999992370605,47.948499870300296,46.67799964904785,45.02639972686767,44.58344980239868,48.523781412855946,48.005146169953036,46.84819224644474,44.754182309905886,64.48273458043012,0.0,0.6422278371344419,0.6298281763294923,0.012399660804949586,2.968420731393917,0.9500007629394531,0.8471429007393974,9.266199549901824,8.86770402539571,49.38812363820533,46.50887610239526,0.06004875113086689,3329163.45,1.2819965327926448,57.88319906897219,55630897,2.005276452261596,4.781696334773828,9.704385964274683,-6.74928668071377,30.07979210710696,0.9637096909813658,0.8391318917119419,1.0
2023-01-25,49.209999084472656,49.209999084472656,48.720001220703125,48.7599983215332,2684878,48.73999938964844,48.553999710083005,48.05899982452392,46.74619964599609,45.08029972076416,44.6040497970581,48.571024794591395,48.07703685105591,46.923165033703114,44.79404117569323,67.75357661650904,0.3167453373051931,0.6249275874920954,0.628848058562013,-0.003920471069917553,1.3510656889116346,0.7399978637695312,0.8450001307896206,8.868975600639557,8.929765463378109,49.38111732346816,46.736882325579685,0.055020599836519156,3349003.95,0.8016944859082653,-37.092476621236855,52946019,1.4586206528825205,4.3079409466168155,9.317424187678155,-7.035276239716591,29.680851862515873,0.6133699407002149,1.0057427165279116,1.0
2023-01-27,48.900001525878906,48.900001525878906,48.54999923706055,48.779998779296875,4045147,48.795999145507814,48.63699951171875,48.167499732971194,46.81839965820313,45.132699699401854,44.62464979171753,48.6128195915325,48.14398560612648,46.995982043334244,44.83370244538084,75.59989746125042,1.0,0.6058470570526993,0.6242478582601503,-0.018400801207451023,1.7097575281015853,0.8299980163574219,0.820000239780971,8.88796974447262,8.921196845684161,49.336194092391544,46.998805373550844,0.04852626214353266,3331108.1,1.2143547668116805,50.664089764972566,56991166,1.2716023246405257,4.189803870731095,9.311779491770016,-6.997143813648441,29.734044571492806,0.28712717220065087,0.7209110078650337,1.0
2023-01-30,49.2599983215332,49.2599983215332,48.54999923706055,48.77000045776367,3389681,48.79799957275391,48.690999603271486,48.26649971008301,46.888599700927735,45.18539970397949,44.64239978790283,48.644255764778734,48.20360606818716,47.065551392919716,44.87286958978266,67.36836821763791,0.259565652508895,0.5831960966482157,0.6160375059377634,-0.03284140928954771,1.5618492145989649,0.5400009155273438,0.8150002615792411,8.909090214314626,8.481570781385667,49.26726311597537,47.26573630419065,0.04146824036976084,3353296.8,1.0108502772555057,-16.203762187134362,53601485,1.0431681408533515,4.012490816181725,9.24592022263851,-7.016206390174212,29.707453289740272,0.9840089262979825,1.4624080239545705,1.0
2023-01-31,50.25,50.25,48.54999923706055,48.66999816894531,2414372,48.77799911499024,48.68799934387207,48.341499710083006,46.96599967956543,45.23799968719482,44.65974977493286,48.649404245612054,48.248024363497464,47.128470874332486,44.91065196370468,69.18910113656983,0.4233424126815028,0.5508261177743137,0.6029952283050735,-0.05216911053075979,1.5015586956201865,-0.030002593994140625,0.9050004141671317,8.726164306358477,8.4679057526455,49.21270583117818,47.470293588987836,0.036043818512873124,3219603.15,0.7498973903041436,-28.772884528072108,51187113,0.6795371695797603,3.628153347114385,8.9795585828906,-7.206868520514961,29.441489744855588,3.0346514831757148,3.5015464256521778,1.0
2023-02-01,48.970001220703125,49.45000076293945,48.56999969482422,49.40999984741211,3765879,48.87799911499023,48.77899932861328,48.43049964904785,47.056199645996095,45.29609970092773,44.67814977645874,48.801523365972066,48.35868869529886,47.21794259876698,44.95542159438834,77.47027408455037,1.0,0.5782192754257309,0.598040037729205,-0.01982076230347407,2.446610649752179,0.9099998474121094,0.9485718863351005,9.561773681050449,8.720981777857295,49.357554174673645,47.50344512342206,0.038283913333279754,3149635.9,1.19565534543215,55.977579262847655,54952992,2.0224862544516684,5.002104332954337,10.590971413607237,-5.795997848059846,31.409579395114797,0.6164024307468217,1.8118202051564152,1.0
2023-02-02,50.380001068115234,50.5,49.5099983215332,50.470001220703125,7185518,49.21999969482422,48.97999954223633,48.550499725341794,47.170199661254884,45.36419971466064,44.69954978942871,49.13521893691828,48.55976607867069,47.34547430943115,45.01029303345615,85.79537880832166,1.0,0.6776502717350894,0.6139620845303819,0.06368818720470748,3.634497802945913,2.0100021362304688,0.9171431405203683,11.539333853395423,9.548273469476078,49.8339079363687,47.267091514314885,0.05286900107258882,3306913.55,2.1728774857147384,90.80586497866767,62138510,3.953618410150809,6.995521713168968,12.90941733967779,-3.775022904547548,34.22873209806126,1.9631678277649895,1.9995994991504962,1.0
2023-02-03,52.0,52.0,49.34000015258789,49.41999816894531,8593265,49.347999572753906,49.07199935913086,48.63249969482422,47.25779960632324,45.42239971160889,44.71674978256225,49.19217478332369,48.64169294441113,47.42682818627485,45.054170696495845,63.86940790555939,0.0,0.6640686120453978,0.6239833900333851,0.0400852220120127,1.8969034411243646,0.9199981689453125,1.082857404436384,13.968264250468104,10.661496246159471,49.91819221411769,47.34680717553075,0.05287379951108297,3521420.65,2.4402835827068827,19.591447686861272,53545245,1.619284386084938,4.575326360165031,10.517867262832995,-5.776935271534075,31.43617067686733,3.0315013716886132,5.3911630303726135,1.0
2023-02-06,48.9900016784668,49.18000030517578,48.380001068115234,49.040000915527344,3437174,49.40199966430664,49.099999618530276,48.709499740600585,47.338999633789065,45.47779972076416,44.73584978103638,49.16174000976443,48.679627036898395,47.49008986193181,45.09383069867526,54.04761277630387,0.0,0.6155468058956686,0.6222960732058418,-0.006749267310173224,1.1968671935871589,0.2800025939941406,1.1071428571428572,14.11505692637625,10.580773022938391,49.88974917921408,47.52925030198709,0.048460749746921605,3520388.5,0.9763621259414976,-60.00153608669115,50108071,0.6785148209011028,3.5932345315640304,9.621257125008285,-6.5014295477791,30.425539642721123,-0.8700860105428294,1.6535742443126673,1.0
2023-02-07,49.209999084472656,49.209999084472656,48.779998779296875,49.06999969482422,2840902,49.48199996948242,49.12999954223633,48.75749969482422,47.41799964904785,45.53669971466064,44.75514978408813,49.14339194677639,48.71680538527228,47.552047110280526,45.13339456928371,57.07194526533402,0.0952612692804935,0.5729094324072292,0.6124187450461194,-0.039509312638890126,1.1752571027303427,0.2999992370605469,1.0928570883614677,13.485208703403973,10.582361131155126,49.912915099741156,47.60208428990728,0.04739436649330845,3453609.75,0.8225891764406792,-17.347739742008983,52948973,0.6409270408777196,3.4839091863917133,9.64101322764459,-6.444234545185179,30.505323633450594,0.346652050920918,0.8815094627642369,1.0
2023-02-08,49.47999954223633,49.47999954223633,48.27000045776367,49.20000076293945,2932331,49.44000015258789,49.158999633789065,48.819499778747556,47.49999969482422,45.598199729919436,44.77449977874756,49.154713710009005,48.762823992669155,47.616672743718134,45.173858312504166,58.98058859203637,0.15538024977119858,0.5433456559635701,0.5986041272296095,-0.055258471266039444,0.9023840372281988,0.29000091552734375,1.0557141985212053,13.407222230632174,10.51551708804004,49.926805409904276,47.712194147590836,0.045363251822533424,3415673.5,0.8584927687028634,3.218308832898842,55881304,0.7794036930250148,3.578949640078573,9.883976384014185,-6.196377412250509,30.851071169064753,0.8355407580231862,2.50673103997877,1.0
2023-02-09,50.70000076293945,50.70000076293945,48.83000183105469,49.11000061035156,1587624,49.168000030517575,49.1939998626709,48.873999786376956,47.58019973754883,45.66669975280762,44.79554977416992,49.145771090077524,48.795888432448436,47.67523462084101,45.21302390750762,57.31414582917865,0.10289017027467262,0.5068116804128024,0.5802456378662482,-0.07343395745344572,0.6971501935546298,0.3500022888183594,1.0607139042445592,13.4525509357225,10.517679809038855,49.92129041773669,47.82670915501722,0.04285675966515252,3374285.05,0.4705067818736891,-45.85795396222323,54293680,0.48287601793620527,3.2152048146940824,9.631427358146741,-6.367969693048881,30.611709051404468,3.0487804405277465,3.8296106118421074,1.0
2023-02-10,48.97999954223633,48.97999954223633,48.279998779296875,48.65999984741211,2554259,49.01600036621094,49.18199996948242,48.90949974060059,47.64599975585938,45.72989974975586,44.81564977645874,49.048616841544444,48.78294666244498,47.71385286502027,45.247322175566374,48.85323067500766,0.0,0.43651506685035457,0.5514995236630695,-0.11498445681271496,-0.5111429171538395,-0.11999893188476562,1.0164282662527901,13.922501203850066,10.683577116983901,49.8694011346156,47.949598346585574,0.03925214525219046,3430290.1,0.7446189463684135,60.885637909227874,51739421,-0.5101256289917927,2.1281956444371426,8.578141988633558,-7.225931097040733,29.41489846310305,-0.26471404296385276,1.4498773418354416,0.0
2023-02-13,50.099998474121094,50.099998474121094,48.560001373291016,48.66999816894531,2363354,48.94199981689453,49.17199974060058,48.93149967193604,47.70179969787598,45.791699714660645,44.836849765777586,48.97289310702462,48.77218966306406,47.751348759291844,45.281378653112434,48.853185925181265,0.0,0.3772624286904005,0.5166521046685357,-0.13938967597813523,-0.18457784184980897,-0.10000228881835938,1.0928568158830916,13.792431326227158,10.68448736688067,49.84486952303688,48.0181298208352,0.03733259177521956,3434924.55,0.6880366557105309,-7.473987563516459,54102775,-0.5344236427331615,2.029689607523229,8.549102854441474,-7.206868520514961,29.441489744855588,2.959306681513621,3.171328371660854,0.0
2023-02-14,48.79999923706055,48.84000015258789,48.560001373291016,48.790000915527344,2015279,48.886000061035155,49.18400001525879,48.93599967956543,47.75579971313476,45.852599716186525,44.85914976119995,48.93631466872516,48.77388597282247,47.79208021639912,45.316290317415074,48.617526305103155,0.0,0.3361130033215858,0.48054428439914576,-0.14443128107755998,0.020504584831426698,0.12000274658203125,1.0771424429757255,13.382306529865653,10.417988416144972,49.84544560169837,48.02655375743248,0.03716878895242882,3316399.0,0.6076708502203746,-14.728009430665068,56118054,-0.2983463401056235,2.165603358345884,8.762651934449513,-6.978073964106063,29.760645998717205,0.2671071974647899,0.5766037301862186,0.0
2023-02-15,48.689998626708984,48.70000076293945,48.08000183105469,48.15999984741211,3000332,48.677999877929686,49.05900001525879,48.918999671936035,47.80259971618652,45.90429969787598,44.875999755859375,48.781051704462556,48.7154206275453,47.80650843722316,45.34458593462898,43.77595889630371,0.0,0.24978658196279468,0.4343927439118756,-0.18460616194908092,-1.2507701550666162,-1.25,1.0928568158830916,14.104516117755898,10.826871214149095,49.87431570879537,47.9636836350767,0.039057055265477335,3305303.95,0.9077325551255279,48.87923706841584,53117722,-1.5515440414031003,0.7476583561303025,7.317943019473228,-8.179219929694657,28.085111175095218,-0.2049647201103737,1.2895152002351022,0.0
2023-02-16,49.599998474121094,49.599998474121094,48.060001373291016,48.18000030517578,1739270,48.491999816894534,48.829999923706055,48.90499973297119,47.84939971923828,45.95789970397949,44.896099758148196,48.6608414246052,48.66442821589106,47.82115517714287,45.372799012942885,43.77595889630371,0.0,0.18090082873163738,0.383694360875828,-0.2027935321441906,-1.006776006172494,-2.2900009155273438,1.1778564453125,14.10586658773935,10.794943571943213,49.89617182252694,47.913827643415445,0.04053459134925665,3281728.85,0.5299858944775404,-42.030748597155245,54856992,-1.4824648435824932,0.6909189830537885,7.314445051391329,-8.141087503626508,28.138303884072158,2.9900303805469446,3.2043217994702764,0.0
2023-02-17,48.34000015258789,48.34000015258789,47.72999954223633,47.95000076293945,2493726,48.35,48.68300018310547,48.87749977111817,47.88719970703125,46.0109997177124,44.91594976425171,48.518673292272055,48.59638750608614,47.826207945213326,45.398442811450316,41.8650961847037,0.0,0.10652141951194949,0.32825977260305234,-0.22173835309110285,-2.9548655919478306,-1.4699974060058594,1.1707136971609933,14.187397983670527,10.817123315669425,49.943666373958706,47.81133316827763,0.04362606957529115,3316224.05,0.7519775390326839,43.37773893645036,52363266,-1.8975991254093876,0.13114372168849497,6.7549523378942915,-8.57959949388532,27.52660294904518,0.33208768451361187,1.2780234992706678,0.0
2023-02-20,48.369998931884766,48.41999816894531,48.15999984741211,48.380001068115234,2176367,48.29200057983398,48.61700019836426,48.858499908447264,47.93259971618652,46.070599746704104,44.93514976501465,48.490938847440695,48.57577927389843,47.84792532258203,45.4281100577853,47.299844073551824,0.12371301899902354,0.08133505293490373,0.27887482866942265,-0.19753977573451892,-4.141074107465171,-0.6599998474121094,1.0828563145228796,14.44018542581781,10.92469695866837,49.946797158090924,47.770202658803605,0.04454894242283116,3309529.15,0.6576062338051926,-12.726297917253138,54539633,-0.9793563888139369,0.9333968000438472,7.666273109392543,-7.759770515961617,28.670220828369665,0.8759085761473627,0.5398636261564984,0.0
2023-02-21,48.779998779296875,48.779998779296875,48.09000015258789,48.2599983215332,1890550,48.18600006103516,48.53600006103515,48.832999801635744,47.97399971008301,46.13019973754883,44.95369976043701,48.4447507422592,48.5457048974827,47.86408504803109,45.456288050459406,37.89474022354893,0.0,0.0511023807846982,0.23332033909247776,-0.18221795830777957,-2.3472276211880416,-0.8100013732910156,1.0692847115652901,14.456987591348868,10.943388566676223,49.953453063286545,47.71254653998494,0.04588918420749038,3268894.2,0.5783454233544787,-13.13275748070064,52649083,-1.1733898847708037,0.5961533605255895,7.354897547289331,-7.988565072370515,28.35106457450804,0.8267831797243562,1.4348068715318005,0.0
2023-02-22,47.779998779296875,48.65999984741211,47.779998779296875,48.15999984741211,1531186,48.18600006103516,48.43199996948242,48.79549980163574,48.013999710083006,46.18279972076416,44.97239976882935,48.38780056328979,48.50897108319026,47.8756895499676,45.483190655404215,19.525085880907113,0.0,0.018856364716789642,0.19042754421734015,-0.1715711795005505,-1.7944556518892818,-1.0400009155273438,1.0542847769601005,14.40953057361786,10.958441472337933,49.95463728598112,47.63636231729036,0.04751001584398249,3132054.7,0.4888758807437175,-19.0084366983153,51117897,-1.3023741058234417,0.30407826511158853,7.0879030137771455,-8.179219929694657,28.085111175095218,-0.9946116015966714,1.8417770837125675,0.0
2023-02-23,48.04999923706055,48.060001373291016,47.84000015258789,47.86000061035156,1730841,48.12200012207031,48.30699996948242,48.75049991607666,48.04039970397949,46.22979972839355,44.990399780273435,48.28224057270214,48.44716437149134,47.87507429743364,45.5068405057022,24.342153144991087,0.1220886044552974,-0.030554058403545525,0.14623122369316305,-0.17678528209670857,-2.465863240264665,-1.25,0.8871419089181083,14.520464567401268,11.059448698805063,49.9829982089305,47.51800162322282,0.050563514014238614,3084352.85,0.561168285269307,13.039238864514168,49387056,-1.8266465108215981,-0.375515388588623,6.378251458295193,-8.75119177468369,27.287240831384896,-0.22840658367957495,0.4598687709059802,0.0
2023-02-24,48.0099983215332,48.0099983215332,47.75,47.779998779296875,1269779,48.087999725341795,48.2189998626709,48.70049991607666,48.07539970397949,46.27619972229004,45.008999767303465,48.181792214021094,48.383624791282344,47.871345845742006,45.52945899598673,27.007306383618555,0.18963693245760938,-0.07529964642066744,0.10192504967039695,-0.1772246960910644,-2.886182848826724,-0.8800010681152344,0.8314277103969029,14.513762737441576,11.023335033807472,50.00688097377007,47.394118858383244,0.05364959538175752,2945584.45,0.43107879660350595,-26.63803318733494,48117277,-1.8901266688556406,-0.6144533930066636,6.156544305182243,-8.90372147895629,27.074469995477145,0.31340933821300004,0.5444991026873364,0.0
2023-02-27,47.9900016784668,48.0,47.36000061035156,47.439998626708984,3179913,47.89999923706055,48.09599990844727,48.633999824523926,48.10219970703125,46.31009971618652,45.02609975814819,48.03343349655867,48.29375563275155,47.85443026852503,45.54846934057103,23.27873117200994,0.09513616690135425,-0.1366211347154973,0.054215812793218104,-0.1908369475087154,-3.4005334206625326,-1.2299995422363281,0.8464276450020927,14.669124541886692,10.930060268870092,50.05579168168669,47.21220796736116,0.058469048907872107,2935096.05,1.0834102004941202,150.43042923217348,44937364,-2.455075054741561,-1.376654465607456,5.361110292756279,-9.551958176081623,26.17021423381295,0.43952052016568144,1.3513500451867637,0.0
2023-02-28,47.650001525878906,47.650001525878906,47.310001373291016,47.40999984741211,2281399,47.72999954223633,47.957999801635744,48.57099990844726,48.121999740600586,46.34139972686768,45.04604976654053,47.908746766729365,48.20958841510017,47.83700162455982,45.566992032181396,19.661048509942773,0.0035979362604355828,-0.1855011648081657,0.0062724172729413455,-0.19177358208110704,-2.568845055322122,-1.3800010681152344,0.7842848641531808,14.66918115287986,10.90049668848188,50.094126034396155,47.04787378249837,0.06271751163533268,2928447.4,0.7790472862855587,-28.255930272306195,42655965,-2.390315338830892,-1.4795725386028824,5.247852127152526,-9.609153178675545,26.09043024308348,0.442670542261966,0.7186644318717745,0.0
2023-03-01,47.849998474121094,47.970001220703125,47.56999969482422,47.77000045776367,2904455,47.65199966430664,47.9189998626709,48.488999938964845,48.14239974975586,46.37419971466065,45.0691997718811,47.88099750493623,48.16772289535384,47.83437412782271,45.58891251402799,29.192576752892123,0.32963185840277415,-0.19296551388625716,-0.03357516895889836,-0.1593903449273588,-1.8491837785929888,-0.3899993896484375,0.690713609967913,13.76879088481314,10.914287775827844,49.99846390805163,46.97953596987806,0.062260057785758174,2885376.2,1.0066122400261013,27.31026006410979,45560420,-1.4828094662835043,-0.7735370358102617,5.992564100433868,-8.922784055482062,27.04787871372461,0.9280713522993226,0.8408693051188474,0.0
2023-03-02,48.15999984741211,48.15999984741211,47.65999984741211,47.810001373291016,2417506,47.64199981689453,47.88199996948242,48.35599994659424,48.16139976501465,46.41499973297119,45.09054977416992,47.86679827860719,48.13365417896691,47.833418333527355,45.61101290068733,34.87549991447493,0.523402948380379,-0.19342365720866184,-0.06554486660885106,-0.12787879059981078,-2.008607345453939,-0.3699989318847656,0.6671420506068638,10.864137780437078,10.914191754544452,49.57044632389761,47.14155356929086,0.05022939774359519,2646975.6,0.9133087588718234,-16.765589413504422,47977926,-1.129122702262882,-0.7296266168303873,6.031089912944306,-8.846519203345762,27.154264131678485,0.8164106885308896,1.0490977792714984,0.0
2023-03-03,47.939998626708984,47.95000076293945,47.7599983215332,47.81999969482422,2310650,47.65,47.8689998626709,48.276000022888184,48.18039978027344,46.45899974822998,45.1126997756958,47.8574385618506,48.103782323334265,47.832892112401744,45.63299286878819,34.87549991447493,0.5276427075124626,-0.1907807563023809,-0.09059204454755704,-0.10018871175482386,-0.7059803855173019,-0.13000106811523438,0.570713860648019,8.465777243731148,10.881255456824583,49.40297868637294,47.14902135940343,0.04668898263942511,2332844.85,0.9904859296579452,-4.420092442376566,50288576,-0.9445694089149269,-0.748022198015842,6.00119241940594,-8.827456626819991,27.180855413431022,0.2719038897384168,0.39782757136443403,0.0
2023-03-06,47.86000061035156,48.08000183105469,47.79999923706055,47.83000183105469,3400795,47.72800064086914,47.81399993896484,48.215500068664554,48.20319984436035,46.50139976501465,45.133899784088136,47.851951215691415,48.07770799073621,47.8327787680352,45.65485365448239,32.222269317170344,0.4571482980408337,-0.18573807656195385,-0.1096212509504364,-0.07611682561151745,-0.7264393356251064,-0.5499992370605469,0.5707141331263951,8.174148877279334,10.881154551305041,49.298857078072274,47.13214305925683,0.04493812188465918,2331025.9,1.458926303650251,47.17914872438491,53689371,-0.7995317627337085,-0.774218339260986,5.97356324151953,-8.808386777277613,27.207456840655418,0.08364892468134674,0.5857794946930617,0.0
2023-03-08,47.189998626708984,47.189998626708984,46.5099983215332,47.119998931884766,2248801,47.67000045776367,47.7,48.11800003051758,48.21179985046387,46.53569976806641,45.14989978790283,47.70556075893008,47.98649760417893,47.804826617597925,45.66943221445654,31.294990682829237,0.42376263801421754,-0.23630899377532444,-0.134958799515414,-0.10135019425991043,-1.730973551300119,-1.1399993896484375,0.6142858777727399,9.469287388632626,11.335626993850342,49.22821332700013,47.00778673403503,0.04614544643494846,2301420.85,0.9771359288762852,-33.87425587252393,51440570,-2.0740701982623064,-2.264592738635537,4.363462938426696,-10.162062447138807,25.319151181125687,-1.338078987758196,1.4620518807048735,0.0
2023-03-09,47.369998931884766,47.369998931884766,46.91999816894531,47.06999969482422,2670045,47.53000030517578,47.59099998474121,48.01149997711182,48.21579986572266,46.573799781799316,45.163999786376955,47.57844854610891,47.89921208900229,47.776009875528366,45.68336820928607,30.249135925150625,0.38610777346329683,-0.2772256459014528,-0.16341216879262177,-0.11381347710883105,-2.7077332459059633,-1.0900001525878906,0.5364289964948382,9.31683022310697,11.337465574018788,49.09296665359722,46.93003330062641,0.04505031823629611,2288306.55,1.1668213771445963,18.73193759696834,48770525,-1.9609891020618682,-2.376399798591761,4.220175178156342,-10.257389875800877,25.186174481419275,0.5305602836735892,0.9590809473588017,0.0
2023-03-10,47.18000030517578,47.709999084472656,47.18000030517578,47.43000030517578,3009916,47.454000091552736,47.547999954223634,47.92749996185303,48.233399887084964,46.615699768066406,45.18079978942871,47.54875889792228,47.85452525244739,47.762440872769446,45.70074763312577,41.15647361831051,0.7788146196402098,-0.2774055879562596,-0.18621085262534937,-0.09119473533091021,-1.7198467576139187,-0.43000030517578125,0.5385717664446149,9.950526618304517,11.320888102520371,48.90576658083504,46.94923334287102,0.04082276854668591,2359421.15,1.2757010337048136,12.729036402008198,51780441,-1.0380254698726705,-1.66564991020735,4.978222001889688,-9.571020752607394,26.143622952060415,0.23369579576109087,1.1233547602133707,0.0
2023-03-13,48.849998474121094,48.900001525878906,48.220001220703125,48.81999969482422,5159849,47.65400009155273,47.65200004577637,47.93549995422363,48.277599868774416,46.672699775695804,45.20429979324341,47.80300705730267,47.94647519934042,47.803913767751986,45.731784967073025,55.64100031006599,1.0,-0.16350210876278481,-0.18166910385283647,0.018166995090051652,1.3704315811943868,1.0400009155273438,0.6100006103515625,14.366568925773285,12.506141491692235,48.941220035408705,46.929779873038555,0.041961389039250445,2489700.65,2.072477669152715,71.4283388639417,56940290,1.8451872650650323,1.123502053797464,7.99857517563239,-6.920878961512142,29.840429989446683,2.9938818465290113,1.4102038323545811,0.0
2023-03-14,49.400001525878906,49.439998626708984,49.099998474121094,49.130001068115234,5412885,47.91399993896484,47.821000289916995,47.95850009918213,48.324399871826174,46.732099800109864,45.23059980392456,48.06840585946519,48.05919194874755,47.855917191295646,45.76559806260578,60.63572008170347,1.0,-0.04766876498670314,-0.1548690360796098,0.10720027109290667,2.653573843642998,1.69000244140625,0.6050006321498326,14.53242579779676,12.553755660216485,49.05214310245307,46.86485709591119,0.045607890197116134,2642177.2,2.048645715359288,4.903941956440971,62353175,2.442738964960001,1.6670692205714033,8.621157537363299,-6.3298372669807295,30.6649017603814,1.1880414475221268,0.6924646907414731,0.0
2023-03-15,49.25,49.25,48.779998779296875,48.93000030517578,3470751,48.27600021362305,47.97300033569336,47.965500068664554,48.359599914550785,46.790999794006346,45.25484979629517,48.240724748607306,48.142126077931195,47.89803809772232,45.79708465208409,59.188535895883504,0.9646810058431964,0.02767261175422675,-0.1183607065128425,0.14603331826706925,2.406868052029343,1.5200004577636719,0.5757149287632534,14.598849062454883,12.536914335546722,49.0830820816282,46.84791805570091,0.04659941046643029,2714950.8,1.2783844922714622,-35.879831180599616,58882424,2.0108207672817056,1.1794977452933195,8.12100918558674,-6.711154254645621,30.1329848160839,0.24424776974540605,0.9635121616743504,0.0
2023-03-16,49.79999923706055,49.79999923706055,49.29999923706055,49.70000076293945,4805081,48.80200042724609,48.16600036621094,48.04250011444092,48.40099990844727,46.860699806213375,45.28344980239868,48.53257995147374,48.29049509555102,47.968703300279856,45.83591963826176,69.74245923151165,1.0,0.14780993646682106,-0.06512657791690979,0.21293651438373085,4.7639169512076585,1.9300003051757812,0.6150005885532924,14.715426657378334,12.835609019450573,49.40243685779106,46.68256337109078,0.0566139039438275,2805188.25,1.7129263962944377,38.444993605130406,63687505,3.450071591924317,2.6838306170312705,9.753123889220182,-5.243088579596584,32.18085845707258,1.7780480818691875,1.0141987986566383,0.0
2023-03-17,49.95000076293945,49.95000076293945,49.630001068115234,49.75,2930564,49.26600036621094,48.36000022888184,48.121000099182126,48.43459991455078,46.92339981079102,45.312449798583984,48.776063961179,48.42949556264141,48.03855807281791,45.87486571151289,71.27428880276305,1.0,0.2442387204776253,-0.003253518238002774,0.24749223871562806,4.935667918411979,1.9399986267089844,0.6192864009312221,14.710753411600239,12.832614240189013,49.68090477560412,46.56109542276013,0.06483259588150189,2864752.95,1.0229726790228106,-39.01114258011468,66618069,3.3852162204865746,2.715827296539814,9.793225087456406,-5.147761150934514,32.31383515677899,0.5030181009301338,0.6447706788984987,0.0
2023-03-20,50.790000915527344,51.59000015258789,50.5099983215332,50.90999984741211,9374247,49.684000396728514,48.669000244140626,48.26900005340576,48.49719993591309,47.00079982757568,45.34939979553223,49.20285113842563,48.665734065952904,48.151163632605915,45.924966548686015,81.83484684528301,1.0,0.40954059070155324,0.07930530354990843,0.3302352871516448,6.573161732382027,3.0900001525878906,0.705000741141183,16.335678909356353,13.603231167197686,50.26211380046285,46.275886306348674,0.08258359381184062,3208779.0,2.921437406564927,219.87859674792975,75992316,5.471420147681315,4.975132409061617,12.261683896481701,-2.936131350098073,35.398941259138276,2.0904541015625,2.1381941535212166,0.0
2023-03-21,52.45000076293945,52.45000076293945,50.29999923706055,50.47999954223633,4152847,49.954000091552736,48.93400001525879,48.373999977111815,48.55679992675781,47.07099983215332,45.38189979553223,49.45828081918778,48.838521254170374,48.242490531022796,45.97029026006463,76.23928625458416,0.8937059404756245,0.5000814550999877,0.1634605338599243,0.3366209212400634,5.584601740749795,2.6499977111816406,0.8342865535191127,16.662747254663117,13.711993266861692,50.5994548342798,46.14854511994383,0.09201037161371635,3307603.0,1.2555457834570836,-55.69940710971238,71839469,4.353577471618985,3.9607215021983238,11.233773309785503,-3.7559603280217764,34.255323379813795,3.0249477904990134,4.274356975128553,0.0
2023-03-22,50.099998474121094,50.099998474121094,49.77000045776367,50.040000915527344,16592552,50.17600021362305,49.226000213623045,48.46300010681152,48.595399932861326,47.13859985351562,45.41134979248047,49.57462483845569,48.95294788858533,48.3129811343367,46.01078489345232,69.13995683541168,0.7539068516565333,0.5302194902604427,0.23681232514002798,0.2934071651204147,4.642411616207953,2.920001983642578,0.8450006757463727,17.03723771505354,13.863999440184477,50.80839768566497,46.11760252795807,0.09679126647893195,4042703.1,4.104321190443097,299.5464316407515,55246917,3.254030508305602,2.972711377335831,10.192718657777744,-4.594851882471252,33.08511421873678,-0.7527754983382867,0.6630460384212136,0.0
2023-03-23,50.70000076293945,50.70000076293945,50.31999969482422,50.36000061035156,9676515,50.30800018310547,49.55500030517578,48.5730001449585,48.643399963378904,47.20989986419678,45.44314979553223,49.73169999283487,49.08695290970592,48.393256407905916,46.05406067172993,70.53138523817276,0.7808799877816777,0.5733165647993701,0.30411317307189645,0.26920339172747365,5.289564462559193,3.2900009155273438,0.8564292362758091,17.04565064168193,13.89459835464508,51.060612745916906,46.08538754400009,0.10242779295223756,4449969.55,2.1745126323392485,-41.681574962067316,64923432,3.6789995677846563,3.5289487335691954,10.81978436121243,-3.9847476114140683,33.93617727142404,1.3189445150615742,0.7551690588629322,0.0
2023-03-24,50.5,51.060001373291016,50.459999084472656,50.900001525878906,4762415,50.53800048828125,49.902000427246094,48.72500019073486,48.70099998474121,47.28579986572266,45.47834980010986,49.96536029944368,49.2596242064843,48.49156013802251,46.102278988686635,72.84865965004425,0.8258008461073334,0.6436255530437265,0.3720156490662625,0.271609903977464,8.022076994225745,3.470001220703125,0.8928576878138951,16.986617508599434,13.924961246806816,51.39406330100049,46.05593708046923,0.10955620727829815,4601548.25,1.0349592661556901,-50.78377907748812,69685847,4.463830326587923,4.515310859790722,11.921390616851161,-2.9551939266238447,35.37234997738574,0.27799719609149576,1.1890651995730805,1.0
2023-03-27,50.7599983215332,50.7599983215332,50.13999938964844,50.400001525878906,6111441,50.43600082397461,50.060000610351565,48.85600032806396,48.75,47.354799880981446,45.510949802398684,50.05228854473073,49.36823157023617,48.56640097676197,46.14504239701691,67.7731569955606,0.7274111454721748,0.6514901386705816,0.4279105469871264,0.2235795916834552,7.0745737256098895,1.5800018310546875,0.9271433694022042,17.531398555787174,14.118313486853944,51.58625561000792,46.12574504612001,0.11176744979574742,4843631.35,1.2617477587347767,28.326510814366234,63574406,3.1603102739624687,3.384618514623398,10.742583366657273,-3.908482759277769,34.04256268937792,-0.27505540304261444,1.2365355792420818,1.0
2023-03-28,50.68000030517578,50.68000030517578,50.02000045776367,50.40999984741211,7012406,50.422000885009766,50.18800048828125,49.00450038909912,48.79360000610352,47.428899879455564,45.54324979782105,50.12383080526701,49.467447596633875,48.63869897168943,46.18747978458303,75.19143591541068,0.8712160632978773,0.6510250489145406,0.47253344737260927,0.17849160154193133,6.282942279279591,1.279998779296875,0.880000250680106,17.17663850927175,14.109972332886676,51.733552832024046,46.2754479461742,0.11137966600030852,5035256.0,1.392661266875011,14.742267821942479,70586812,2.8681028214821604,3.3127292126557557,10.685996434588873,-3.8894201827519974,34.06915397113045,0.5555531167059666,1.3194718939864982,1.0
2023-03-29,50.970001220703125,51.060001373291016,50.45000076293945,50.689998626708984,3699065,50.55200042724609,50.36400032043457,49.16850032806396,48.83339996337891,47.50289985656738,45.57764978408814,50.23706436955541,49.583881028069605,48.719142095415684,46.23228096709175,76.7751466768392,0.8756169490797413,0.6655776584351827,0.511142289585124,0.1544353688500587,3.830395214203608,1.7599983215332031,0.8942860194614956,17.141469985799837,14.066742177120236,51.88830129230072,46.44869936382721,0.11063184543313678,5106139.3,0.7244347994971465,-47.2497028837178,74285877,3.0944574036084513,3.8019033381299963,11.216789077188546,-3.355580763831114,34.81383160586384,1.1108934238962596,1.209119130082687,1.0
2023-03-31,50.79999923706055,51.439998626708984,50.79999923706055,51.06999969482422,6527536,50.694000244140625,50.501000213623044,49.33350028991699,48.88479995727539,47.57619983673096,45.61204978942871,50.40365143460918,49.72541613918909,48.81133258951014,46.280417471845304,76.84365814905004,0.8094518615460914,0.6997078205196914,0.5488553957720375,0.15085242474765392,3.9487046296199146,1.3699989318847656,0.9021432059151786,17.138367329644097,14.016367630230938,52.09613272295617,46.57086785687781,0.11199823311964828,5287293.35,1.2345704253387038,76.46448494416833,80813413,3.5199193138585017,4.470100602761311,11.966026369331185,-2.6310792145694815,35.82447278548191,0.21700653646023627,1.2598413371265043,1.0
2023-04-03,50.70000076293945,50.900001525878906,50.40999984741211,50.79999923706055,5802605,50.67399978637695,50.606000137329104,49.48300018310547,48.93159996032715,47.64449981689453,45.648199787139895,50.482920995099455,49.82775738660543,48.88931951686506,46.32538843468327,67.49116250543392,0.36662159360531826,0.6969355996472686,0.5784714365470837,0.11846416310018493,3.8217840184377794,1.0499992370605469,0.8442859649658203,17.39384274570791,13.976295604718272,52.22200580989876,46.743994556312174,0.11070491347161474,5456548.3,1.0634204410872712,-11.105737295052831,75010808,2.6615181963132675,3.8183899121391147,11.285876494459323,-3.1458560569645933,35.106386432501054,-0.7244937029483942,0.9720326918270206,1.0
2023-04-05,51.79999923706055,52.4900016784668,51.75,51.86000061035156,6683360,50.965999603271484,50.70100021362305,49.68500022888183,48.99879997253418,47.72129981994629,45.68944978713989,50.75833691814988,50.02130436029554,49.005816814648846,46.38045920260037,71.294848730289,0.5345821163303648,0.771379859800092,0.6170531211976853,0.15432673860240675,4.346076085018469,0.9500007629394531,0.9207147870744977,18.436013362685724,14.470008968022361,52.50237867437468,46.867621783388984,0.11340961789329371,5675183.8,1.1776464402791678,15.178613743310109,81694168,4.3775794937108685,5.839327982361206,13.505417228614736,-1.2002306114874493,37.92553913544753,1.9685039665718373,1.4299549342353561,1.0
2023-04-06,51.63999938964844,51.869998931884766,51.560001373291016,51.810001373291016,4684885,51.24599990844727,50.83400039672851,49.88400020599365,49.05980003356934,47.79179985046387,45.72989978790283,50.96866980917811,50.1916564567713,49.11578483655638,46.43448449783113,73.00320958720211,0.3842839085948666,0.8169259380483282,0.6570276845678139,0.15989825348051434,4.140706277971895,1.3300018310546875,0.9092859540666852,18.473159521726625,14.399831529802794,52.71191713283669,47.05608327915061,0.11337971755133057,5739388.3,0.8162690438630891,-29.902249766584475,77009283,3.8609597452971554,5.605814409842361,13.29568097369106,-1.2954853942303086,37.79256243574112,-0.42422140014246634,0.6012365212122244,1.0
2023-04-10,51.68000030517578,51.68000030517578,51.11000061035156,51.380001068115234,4825642,51.38400039672852,50.968000411987305,50.09700031280518,49.11200004577637,47.85739986419678,45.76639978408814,51.05093606096554,50.30483213404215,49.20457762995085,46.48369361793346,64.18919615540257,0.0,0.8089984714419174,0.6874218419426347,0.12157662949928272,0.9232002005731932,1.3400001525878906,0.8971432277134487,17.705767081806666,14.340813403281965,52.67941969313355,47.514580932476804,0.10309676684048041,5868230.35,0.8223334314066251,3.0044921059962038,72183641,2.561033090402642,4.6180180408554,12.265769889067855,-2.1146896072722416,36.64894455641664,-0.2509188663759663,1.115241025273582,1.0
2023-04-11,51.45000076293945,51.619998931884766,51.099998474121094,51.54999923706055,3126795,51.48000030517578,51.0870002746582,50.321000289916995,49.164800033569335,47.92139984130859,45.80504978179932,51.15074869618454,50.42341947718676,49.296554947876714,46.53410461911881,64.90066308817576,0.04031967680178601,0.8071292450257843,0.7113633225592646,0.09576592246651972,2.119650761741698,1.1899986267089844,0.9114289964948382,17.5970134206671,14.320525110269209,52.551043015644694,48.090957564189296,0.08863268666678477,5891067.85,0.5307687977146622,-35.20458003308161,75310436,2.442318197299053,4.851436804100935,12.542174896934593,-1.7908218924517036,37.1010673645128,0.13623918522582185,1.0176134506677512,1.0
2023-04-12,51.970001220703125,51.970001220703125,51.59000015258789,51.720001220703125,2107439,51.6640007019043,51.169000244140626,50.53550033569336,49.22400009155273,47.98509986877441,45.84474979400635,51.26459920108826,50.54690345275975,49.391592056615,46.5857055803286,58.019816788749594,0.0,0.8100281091210917,0.7310962798716301,0.07893182924946163,3.3573146971195955,0.8199996948242188,0.8100005558558873,17.563780933446967,14.326926414603214,52.388026204709014,48.6829744666777,0.07331582181673638,5845944.0,0.36049592674852854,-32.60066617734773,77417875,2.343898600273979,5.0706995053389186,12.815538209055505,-1.4669469101570873,37.55320031808083,0.8147468280477268,0.7365789241932625,1.0
2023-04-13,51.9900016784668,51.9900016784668,51.72999954223633,51.939998626708984,3068716,51.68000030517578,51.32299995422363,50.6915002822876,49.287200088500974,48.05279987335205,45.88604978561401,51.39967908621241,50.67957918361206,49.49152956916771,46.638982128053776,65.08264658221782,0.3752066147541893,0.8206178599982721,0.7490005958969586,0.07161726410131353,3.1374066664182187,1.5399971008300781,0.6757147652762276,14.982887040557763,14.328767139199993,52.459297054776975,48.92370350979822,0.06974726581951539,5741387.35,0.5344903266281102,45.61351479212448,80486591,2.4629342936563865,5.3823275281302205,13.193440859215077,-1.0478244125936895,38.13829982588341,0.5220426361003114,0.5026138382587518,1.0
2023-04-17,51.70000076293945,51.7599983215332,51.119998931884766,51.70000076293945,2780804,51.65800018310547,51.452000045776366,50.82000026702881,49.34580009460449,48.11719989776611,45.92574979782105,51.45974342155782,50.77676219116705,49.578136282648956,46.68934052243075,67.8879464494918,0.5242357004534757,0.8004177741455294,0.7592840315466727,0.041133742598856715,1.5717076877764136,1.2900009155273438,0.6835719517299107,15.173237232516994,14.348993461577919,52.4802348280699,49.15976570598772,0.06533784149222918,5609783.3,0.495706135386727,-9.382165048834757,77705787,1.7316026983210646,4.770822772802444,12.573014029250244,-1.5050502767490466,37.500007609103896,-0.46206752043716404,1.2519550137338806,1.0
2023-04-18,50.93000030517578,51.630001068115234,50.93000030517578,51.52000045776367,2607685,51.68600006103516,51.535000228881835,50.949500274658206,49.40280014038086,48.184399909973145,45.965049800872805,51.47179482879899,50.84754678798578,49.65428781892797,46.73740679044401,62.888898119522196,0.2586656590211981,0.7611109272765475,0.7596494106926477,0.0014615165838998134,2.2222200356674104,0.8300018310546875,0.6914291381835938,15.140384748675467,14.268030827631295,52.376701780783634,49.52229876853278,0.05602416111764316,5566630.0,0.46844949278109016,-6.2255016894394615,75098102,1.1197365627337217,4.2855876820072245,12.085161836995088,-1.8479733086026036,37.021283373783334,-1.4893625655720257,1.3744369894855768,1.0
2023-04-19,51.84000015258789,51.84000015258789,51.06999969482422,51.119998931884766,24059884,51.6,51.54000015258789,51.02050018310547,49.437000122070316,48.2465998840332,46.0012998008728,51.40143564941614,50.87349461121425,49.71176668610274,46.7810146724484,52.522907886367435,0.0,0.6897323821976755,0.7456660049936532,-0.05593362279597769,1.4084488923264749,0.049999237060546875,0.6964291163853237,14.742207382855591,14.343408832429969,52.32169766259581,49.71930270361513,0.051006849200635994,6529370.15,3.6848705843395932,822.6530044848209,51038218,0.19501719587657848,3.4043303712983657,11.127292387757368,-2.6100261054936365,35.95744948518832,0.621117414559334,1.5077353874386432,1.0
2023-04-20,51.900001525878906,51.90999984741211,51.33000183105469,51.63999938964844,4638296,51.58399963378906,51.62400016784668,51.11500015258789,49.460400085449216,48.31529987335205,46.04049980163574,51.44914839746261,50.946495066303214,49.78738365486924,46.82936277908721,64.15523563173343,0.4782881950485905,0.6674303405791591,0.7300188721107544,-0.06258853153159538,1.8741384665157401,0.8400001525878906,0.6985718863351005,15.06078497057654,14.462851656557552,52.2967294251724,49.93327088000338,0.04623806198011652,6614756.75,0.7012043186622093,-80.72186881699014,55676514,1.027094268792579,4.406756315019051,12.162117292683599,-1.619360376524925,37.340429482173086,1.5258267024486074,1.1299395980276834,1.0
2023-04-21,51.650001525878906,51.90999984741211,51.2400016784668,51.290000915527344,3650585,51.454000091552736,51.567000198364255,51.13400020599365,49.49780014038086,48.37779987335205,46.078149814605716,51.41731890107556,50.979209909086464,49.84630982195387,46.87374723815627,59.32205033625121,0.27956137768974487,0.6144310810840068,0.706901313905405,-0.09247023282139821,0.43078367342426205,-0.5699996948242188,0.6992860521589007,13.090207006828122,14.552287854764733,52.31406973573052,49.95393067625678,0.046155963741657265,6328573.65,0.5768416711086233,-21.29469529327149,52025929,0.30508215454539633,3.6207685393363285,11.310894907654454,-2.2861511231990197,36.40958243875635,0.01936897046608746,1.3075685928926772,1.0
2023-04-24,51.5099983215332,51.5099983215332,51.02000045776367,51.2599983215332,2660843,51.36599960327148,51.511999893188474,51.17300014495849,49.54220008850098,48.44059986114502,46.11564981460571,51.3858547851671,51.00595166265282,49.90174858664325,46.91739152754311,56.3758337714118,0.15842134158814317,0.5635120118038444,0.6782234534850929,-0.11471144168124858,0.9055100224038437,-0.5500030517578125,0.6878572191510882,12.675331726777037,14.526186568886354,52.31293718878364,50.033063101133344,0.044552285017334665,6253973.45,0.42546439016302506,-27.111873850355494,49365086,0.17000796577935415,3.467343456615963,11.155320433754746,-2.3433098068239984,36.329788302555016,0.4289284501440868,0.9604034875992807,1.0
2023-04-25,51.68000030517578,51.90999984741211,51.2599983215332,51.31999969482422,3122970,51.3259994506836,51.50599975585938,51.23700008392334,49.58720008850098,48.50259986877441,46.15044981002808,51.37268376709852,51.035860999050094,49.957366277160155,46.961198573983715,53.0120470852966,0.023883398109766685,0.5219827991340082,0.646975322614876,-0.12499252348086776,-1.0412666972077878,-0.060001373291015625,0.6807144709995815,12.165894943877683,14.52574999482078,52.245221026028474,50.22877914181821,0.03935519021229672,5580494.35,0.5596224642714673,17.36769136698406,52488056,0.16199155056878578,3.494449380547034,11.201515708028579,-2.22899970704812,36.48936642948583,0.8193562180944209,1.26804827772664,1.0
2023-04-26,51.66999816894531,51.88999938964844,51.349998474121094,51.47999954223633,1868163,51.3979995727539,51.498999786376956,51.293000030517575,49.632800064086915,48.56639987945557,46.18444980621338,51.39414692212608,51.07815990792497,50.01707738559452,47.00616176769767,58.41584345392432,0.2877367557196053,0.4962606653642041,0.6168323911647416,-0.12057172580053754,-0.6369461924484954,-0.06999969482421875,0.674285888671875,12.038557325865488,14.527298748882531,52.217021077577485,50.368978983457666,0.03602912859494078,5190076.75,0.3599490123147023,-40.179924879201536,54356219,0.3645712116809205,3.721731346537512,11.466088170894519,-1.9241800417865225,36.91489795582946,0.6819923542524732,1.0516084353916555,1.0
2023-04-27,51.68000030517578,51.68000030517578,51.41999816894531,51.470001220703125,1677642,51.363999938964845,51.47399978637695,51.32150001525879,49.68000007629394,48.63009990692139,46.21779981613159,51.409317781841494,51.11547812818955,50.074054790892895,47.0505780806629,43.47826641660606,0.0,0.4696550173554215,0.5873969164028776,-0.11774189904745613,0.17516572735873925,-0.25,0.5721430097307477,11.499136185198328,14.506045608847423,52.22950620202996,50.413493828487624,0.03538502134587654,5035838.1,0.33314057495216143,-10.198307107035088,52678577,0.28935476437785534,3.603061879348357,11.364023007296725,-1.9432280913454631,36.88830667407692,0.3885018739663434,0.5056440013401147,1.0
2023-04-28,51.380001068115234,51.380001068115234,51.20000076293945,51.25,1904628,51.35599975585937,51.40499992370606,51.363999938964845,49.7318000793457,48.68889991760254,46.25319982528686,51.3774542254732,51.12828973502864,50.12017028928925,47.09236337339263,41.13921834917762,0.0,0.42590798757899506,0.5550991306381011,-0.12919114305910606,-0.581957791465626,-0.6899986267089844,0.5692860739571708,10.986633432970727,14.544677352178642,52.16348467871877,50.56451519921092,0.03113015889354173,4825497.45,0.3947008613588636,13.53006183679235,50773949,-0.2219452127955568,3.0527749211411033,10.803144849626944,-2.362357856382939,36.30319702080248,-0.1748594335600856,0.3515630908077495,0.0
2023-05-02,51.529998779296875,51.529998779296875,51.060001373291016,51.310001373291016,5643337,51.36600036621094,51.36599998474121,51.40900001525879,49.78460014343262,48.7431999206543,46.29179983139038,51.36396365503677,51.14559560533934,50.166830331799126,47.1343299206553,48.745525594012435,0.2843614551058027,0.391566031206672,0.5223925107518154,-0.13082647954514337,-0.7927297713364867,-0.3899993896484375,0.5528572627476284,10.984565168803007,14.54325521648009,52.07206860999646,50.745931420521124,0.02579581764052441,4757044.0,1.1863117095406306,196.2960221103544,56417286,-0.19257064315273767,3.06400217228544,10.840368186543927,-2.2480477566070607,36.46277514773329,0.5463390815548781,0.920480598051277,0.0
2023-05-03,52.849998474121094,52.849998474121094,51.5099983215332,52.060001373291016,2664385,51.514000701904294,51.420000076293945,51.47750015258789,49.85000015258789,48.80289993286133,46.334249839782714,51.503171198687625,51.23268186895378,50.24107233342626,47.18334157690043,57.566791106442416,0.6141440705388844,0.4200267089069172,0.5019193503828357,-0.08189264147591857,0.23104110464939875,0.5400009155273438,0.6257141658238002,11.911369558710508,14.796209593236863,52.110185192955115,50.84481511222067,0.024581032042808492,4705310.0,0.5662506827392881,-52.787065525238,59081671,1.1315647010373298,4.4333023348815335,12.357492682642194,-1.4947911516344012,38.457456079745036,3.0013585258481608,2.60143699524781,1.0
2023-05-04,53.599998474121094,53.599998474121094,52.2599983215332,52.5099983215332,4360800,51.720000457763675,51.55900001525879,51.54950008392334,49.937000122070316,48.86979991912842,46.37899982452392,51.70453662325674,51.35433105491373,50.330049823155946,47.23634313654852,60.82188487968019,0.7358356052178564,0.47343552395739863,0.49622258509774836,-0.02278706114034973,1.5667263958231592,1.3899993896484375,0.7057138170514788,11.995667713082305,14.59306018630325,52.303115266332405,50.79588490151428,0.029238505947959428,4596973.2,0.9486241947201258,63.67004017812741,63442471,1.8632542236998548,5.15248852188403,13.219341771504478,-2.03358243212294,39.654256522574585,2.958119593174198,2.564102938433806,1.0
2023-05-05,53.08000183105469,53.08000183105469,52.459999084472656,52.5,3223986,51.92600021362305,51.64500007629395,51.634500122070314,50.023400115966794,48.936399917602536,46.4233998298645,51.863629298605396,51.46344238301718,50.415145908522376,47.28871783170724,58.13955809375953,0.6355569386636455,0.5090871736443674,0.4987955028070722,0.010291670837295208,1.902173007625918,0.8600006103515625,0.7307139805385044,11.752277896672215,13.972967024605603,52.415173744326566,50.85382649981406,0.03023844988953678,4468042.25,0.7215656924461715,-26.068932305998903,60218485,1.6762046226525635,4.9508827434597125,13.089519924015516,-2.052236017603974,39.627665240822054,1.0855142406046097,1.1818580964587595,1.0
2023-05-08,52.20000076293945,52.25,51.97999954223633,52.16999816894531,3089746,52.10999984741211,51.73299980163574,51.65,50.107800064086916,48.99749988555908,46.467049827575686,51.92490307267338,51.53073341024843,50.483963644225234,47.337287785311595,56.657182161926755,0.674224546421002,0.5048928821908234,0.5000149786838225,0.0048779035070009025,2.053989160797176,0.8799972534179688,0.7092854636056083,9.683716514279824,13.30723707473033,52.46123641307081,50.83876358692919,0.03141283303275155,4288361.55,0.7204956867501062,-4.163789793131856,57128739,1.0067728343568516,4.1155231365593465,12.273101827061195,-2.6679110930687946,38.75000076091039,-0.5714271182105655,0.5194314354394772,1.0
2023-05-09,52.29999923706055,52.439998626708984,52.150001525878906,52.369998931884766,3174692,52.32199935913086,51.8439998626709,51.677999877929686,50.18760002136231,49.060099868774415,46.5123998260498,52.013922244515655,51.610663459928084,50.55792581236875,47.3873645131382,61.97179920310505,0.9051340463546123,0.5118074681846068,0.5023734765839794,0.009433991600627412,1.4136319730140512,1.1100006103515625,0.674999509538923,9.749967129177229,13.197654577076397,52.54894789368041,50.80705186217896,0.03370672308556919,4212851.9,0.7535731317780242,2.7492874818836333,60303431,1.3390592816859659,4.348482313546618,12.593629070401887,-2.2947753306936955,39.28191770520789,0.24918741168869496,0.5560826315339032,1.0
2023-05-10,52.54999923706055,52.54999923706055,52.349998474121094,52.43000030517578,3804699,52.395999145507815,51.954999923706055,51.730499839782716,50.27100006103515,49.12249988555908,46.55899982452392,52.097137856647684,51.688695540427865,50.63134049836118,47.43753999365599,70.40498738536607,1.0,0.51617874946011,0.5051345311592055,0.011044218300904518,2.2226542587237885,1.1100006103515625,0.6342852456229073,9.169286404162015,13.197272791520106,52.65099067580465,50.81000900376078,0.035587935120396465,4161804.75,0.9141944969907586,19.844665246266402,64108130,1.352201249861349,4.294723083923809,12.609807991535588,-2.182832466889352,39.441495832138706,0.3437088196429015,0.382045403570207,1.0
2023-05-11,52.43000030517578,52.540000915527344,52.25,52.369998931884766,2016110,52.36799926757813,52.0439998626709,51.77149982452393,50.35520004272461,49.18459987640381,46.60309982299805,52.151710071695106,51.753581577709475,50.69952318202878,47.486619187071206,63.27270053835708,0.7562925191478961,0.5089347292343902,0.5058945707742425,0.0030401584601477127,2.165432396991074,0.8899993896484375,0.5985709599086216,9.157776701334223,13.201221478059574,52.73038620684375,50.81261344220411,0.03704302118230687,4106270.5,0.49098324136220445,-47.010000002628324,62092020,1.1560397311057438,4.001173438792158,12.374496827013266,-2.2947753306936955,39.28191770520789,0.0,0.5550256756504186,1.0
2023-05-12,52.150001525878906,52.150001525878906,51.849998474121094,51.90999984741211,3345301,52.24999923706055,52.087999725341795,51.780999755859376,50.43620002746582,49.23829986572266,46.64569982528687,52.10336802683851,51.76847855577639,50.74699285518106,47.53063292498505,60.83912539530739,0.6731381984792522,0.46076430517670985,0.496868517654736,-0.03610421247802614,1.1496495637107307,0.4399986267089844,0.5878568376813617,9.711494383050292,13.343174048325482,52.74150125575457,50.82049825596418,0.03709860776824832,4168163.6,0.8025839004975717,65.9284959650019,58746719,0.24912630532618424,2.9221071752901797,11.285713456637726,-3.152982602275524,38.05851583515394,-0.4200828919091631,0.5785979953452599,1.0
2023-05-15,52.34000015258789,52.52000045776367,52.04999923706055,52.279998779296875,2473337,52.27199935913086,52.190999603271486,51.79799976348877,50.52620002746582,49.30079986572266,46.69014982223511,52.13869417733019,51.81719476754025,50.80711073455816,47.57789029666974,65.93750335276047,0.8473477998448853,0.44728865348498914,0.48695254482078665,-0.03966389133579751,1.5540000858084602,1.029998779296875,0.596428462437221,9.920731402223575,13.23249049348489,52.78209584918595,50.813903677791586,0.037997455121456206,4138394.65,0.5976561466896348,-26.06533761834884,61220056,0.9305359627957237,3.471067982309571,11.972223216982979,-2.4626860679138542,39.04255558754761,0.8283573616639459,0.9029802643464316,1.0
2023-05-16,52.29999923706055,52.29999923706055,52.0,52.04999923706055,2608312,52.20799942016602,52.26499938964844,51.81549968719482,50.61840003967285,49.36029987335205,46.735249824523926,52.12095518927626,51.83936662178028,50.85585146014649,47.622388893091546,60.8308571751988,0.6728556765985401,0.41328595829472903,0.47221922751557516,-0.05893326922084613,1.126866140667837,0.7399978637695312,0.5714282989501953,9.906300984259413,13.280948494341358,52.80469279131969,50.82630658306996,0.038181359249511396,4129770.05,0.6315877078918717,5.457202152395735,58611744,0.4525664159978679,2.828218980184404,11.372035952502282,-2.8917897037047684,38.43085465252063,0.03825642354756931,0.5769216097318208,1.0
2023-05-17,51.75,51.75,51.560001373291016,51.619998931884766,3919739,52.045999145507814,52.22099914550781,51.82049961090088,50.70260002136231,49.41229988098144,46.774899826049804,52.02076393779796,51.81847446083785,50.885818027665636,47.6621661074079,51.92306886158516,0.36847999787987185,0.3476338399032173,0.4473021499931036,-0.0996683100898863,0.7219491353849028,-0.44000244140625,0.5657138824462891,10.292022281937822,13.416776235296416,52.80440054760453,50.83659867419723,0.03797342534677826,4195372.75,0.9343005338441024,50.27876266336235,54692005,-0.386913828545835,1.809372517653797,10.358331335509641,-3.694029101870782,37.287236773196156,-0.5763674187471303,0.3685000419868239,0.0
2023-05-18,51.599998474121094,51.650001525878906,51.41999816894531,51.59000015258789,1567727,51.88999938964844,52.12899932861328,51.84399967193603,50.77900001525879,49.46069988250733,46.814849834442136,51.93461118075595,51.79671500290928,50.9134330129567,47.70124903323059,51.63932973890168,0.35878474188531306,0.28984229079327406,0.4158101781531377,-0.12596788735986364,0.5457001984073839,-0.9199981689453125,0.5635711124965123,9.868256936323966,13.10356549360229,52.77867369273883,50.90932565113324,0.03605717254522509,3070764.9,0.5105330596946709,-60.004301306796194,53124278,-0.48993040844731667,1.5971171883759072,10.200076119079274,-3.749996975286597,37.207452782466675,-0.038745560204415164,0.44730331607149376,0.0
2023-05-19,51.4900016784668,51.4900016784668,51.279998779296875,51.439998626708984,2730413,51.795999145507814,52.02299919128418,51.83399963378906,50.85159996032715,49.5064998626709,46.85474983215332,51.83568866994656,51.76274201469973,50.93408264486855,47.73845052172292,52.64622031522787,0.18009195051986832,0.2292950318388023,0.37850714889027065,-0.14921211705146836,-1.1909387826104068,-1.0600013732910156,0.5664283207484654,9.239977932983418,13.129211992441576,52.78204742945736,50.88595183812077,0.036580152115071984,2975370.75,0.9176715204315294,74.163805305388,50393865,-0.7601207891803132,1.1570897805396199,9.786091721717218,-4.0298505763111,36.80851253787558,-0.19383305645537505,0.4095220440112525,0.0
2023-05-22,49.900001525878906,52.09000015258789,49.900001525878906,51.97999954223633,4148458,51.735999298095706,52.00399932861328,51.86849956512451,50.93479995727539,49.55759986877442,46.89679983139038,51.86455084440452,51.78343320779846,50.97509899378494,47.780654989588726,58.23093635359903,0.35125902533659736,0.22232166800669972,0.3472700527135565,-0.12494838470685676,-1.0093292634510198,-0.18999862670898438,0.6892855507986886,9.624074964236831,13.208769607689163,52.782812758175986,50.95418637207303,0.03525504692509924,3000264.4,1.38269747159617,51.935183431957,54542323,0.2149666522969751,2.0520343376977315,10.839118509411607,-3.0223861529901463,38.24468524383728,-2.9937736040888456,4.388774668820837,1.0
2023-05-23,52.400001525878906,52.400001525878906,50.400001525878906,51.43000030517578,3155167,51.61199951171875,51.909999465942384,51.87699966430664,51.006799926757814,49.60499988555908,46.933849830627445,51.77764073655878,51.7497729313582,50.992938260898306,47.81696688327616,41.8604490698346,0.0,0.17045004303931677,0.3119060507787086,-0.14145600773939182,-2.0380946568080316,-0.9399986267089844,0.7221429007393974,10.425768438802196,13.337005404637289,52.77041578412801,50.98358354448526,0.034443631112154656,3024980.6,1.0430371024528222,-23.943619532848103,51387156,-0.8616522968239606,0.8296940388843308,9.579760643488276,-4.048504161792133,36.78192125612305,0.8080069013877265,3.9682538481135947,0.0
2023-05-24,52.27000045776367,52.27000045776367,51.540000915527344,51.75,2764715,51.6379997253418,51.8419994354248,51.89849967956543,51.099399948120116,49.65559989929199,46.972299823760984,51.77211258924703,51.74979455694314,51.02262695654936,47.856101541154004,39.83959919177413,0.0,0.15339447157746378,0.2802037349384596,-0.12680926336099585,-0.8050568979995121,-0.6800003051757812,0.6721431187220982,10.640913924048776,13.358361526289583,52.75542793432834,51.04157142480253,0.03302323805326934,3007067.85,0.9194055930596976,-12.375002654376143,54151871,-0.2861348217815687,1.2732048762616028,10.171314145070264,-3.4514897887810605,37.63298430881031,1.6332882512220308,1.4163747172468573,0.0
2023-05-25,51.75,51.75,50.20000076293945,51.45000076293945,2717194,51.60999984741211,51.749999618530275,51.896999740600585,51.18699996948242,49.70139991760254,47.00844982147217,51.70769022398552,51.72124276703803,51.039386713662694,47.891861732415556,36.97272256567097,0.0,0.11435219614723025,0.24703342718021376,-0.13268123103298352,-1.7567274922841047,-0.9199981689453125,0.7385714394705636,10.811408008991169,13.418927161779756,52.75711143194433,51.03688804925684,0.033146875374024956,3049519.4,0.891023680649482,-1.7188390123394237,51434677,-0.8613194980353184,0.5138038830441949,9.448409718540656,-4.011189873857353,36.83511396509998,0.0,3.087647835664668,0.0
2023-05-26,53.0,53.0,51.15999984741211,51.33000183105469,2465982,51.58800048828125,51.69199981689453,51.88999977111816,51.265,49.74919994354248,47.044199829101565,51.63215254539936,51.68398172551581,51.05078338493297,47.92607208165575,39.00528265710662,0.060796362507820834,0.07288779551852542,0.21220430084787612,-0.1393165053293507,-2.0980325533442756,-0.5799980163574219,0.8328571319580078,10.842406203230885,13.351166484699103,52.76685917646193,51.0131403657744,0.03379685524037419,3088936.4,0.7983272170964737,-9.245272880773324,48968695,-1.0792020476653934,0.12679573013691003,9.110160269538527,-4.235068484493326,36.515967856710226,3.0126320973294227,3.5965601213366027,0.0
2023-05-29,51.29999923706055,51.810001373291016,51.11000061035156,51.18000030517578,2542716,51.42800064086914,51.581999969482425,51.88649978637695,51.31220001220703,49.79489994049072,47.079149837493894,51.54172209735464,51.63598349500723,51.055850715138575,47.95844947691466,34.21752676105933,0.0,0.027604877912885684,0.17528441626087804,-0.14767953834799236,-2.27229072174846,-1.0999984741210938,0.8621431078229632,10.784106578365241,13.365018899391428,52.77460196355413,50.99839760919977,0.034232495189831895,3120840.8,0.8147535112973402,3.111701545266743,46425979,-1.36162486217015,-0.2576379632909869,8.710544862932009,-4.514922085517829,36.11702761211913,-0.058450405072826304,1.369596467579925,0.0
2023-05-30,51.43000030517578,51.43000030517578,51.0,51.13999938964844,3304510,51.37000045776367,51.49099998474121,51.87799968719482,51.35239997863769,49.83839992523193,47.111549835205075,51.46137755581341,51.58874691354449,51.05915066315857,47.990106689976685,32.79998779296875,0.0,-0.011378733163944332,0.13795178637591357,-0.1493305195398579,-1.4833374302197333,-0.9099998474121094,0.8785716465541294,10.776632262544508,13.259727241322144,52.79220493934852,50.96379443504112,0.035244429533367504,3003899.45,1.1000734395420593,29.95985395144405,43121469,-1.422568915525376,-0.41361375335449135,8.550874612562673,-4.589550661387391,36.01064219416526,0.4884720564855443,0.8431378532858456,0.0
2023-05-31,51.47999954223633,51.4900016784668,51.0099983215332,51.130001068115234,3035185,51.24600067138672,51.442000198364255,51.83149967193604,51.39639999389649,49.87799995422363,47.14359983444214,51.39510225827377,51.54505683302742,51.061929110411775,48.02134942010741,33.243258290271896,0.013376696768450566,-0.04258936312520234,0.10184355647569039,-0.14443291960089272,-2.1996896289849244,-0.48999786376953125,0.8921432495117188,9.280634377088692,13.257377012339969,52.79973688695293,50.863262456919145,0.03736095699122285,3022439.45,1.0042169744707374,-8.150224995536403,40086284,-1.3534213909705297,-0.5183221506037173,8.455869402575214,-4.608204246868426,35.98405091241272,0.6648419175709105,0.9409985742559153,0.0
2023-06-01,51.439998626708984,51.439998626708984,50.95000076293945,50.9900016784668,4059946,51.15400085449219,51.38200035095215,51.755499839782715,51.42220001220703,49.91159996032715,47.17544984817505,51.31408214231238,51.49219443735498,51.05910842680609,48.0508882485488,36.3905485719703,0.10835334871508143,-0.07772482949842185,0.06592987928086794,-0.1436547087792898,-2.0364987015004887,-0.5999984741210938,0.8900002070835659,8.586931605139558,13.216194746248465,52.73800840809606,50.77299127146937,0.03796731057973943,3007396.75,1.3499868283092347,33.762719570635724,36026338,-1.4790663092533893,-0.8404897760843231,8.085883319752405,-4.86939714543918,35.61171209504603,0.6062928850339201,0.9617229763143615,0.0
2023-06-02,51.33000183105469,51.61000061035156,51.119998931884766,51.31999969482422,2845619,51.152000427246094,51.37000045776367,51.696499824523926,51.453600006103514,49.94409996032715,47.207699851989744,51.31526565281475,51.475794938066336,51.06933945692445,48.083416720651044,35.62874046324637,0.1009156238325911,-0.07804223541477029,0.03713545634174029,-0.11517769175651058,-0.5811686231462554,-0.11999893188476562,0.8907143729073661,9.030225472125629,13.26165587203537,52.631328208889954,50.7616714401579,0.03616602236279687,2988478.4,0.952196609485282,-29.90992983650521,38871957,-0.7282894025275999,-0.25965201902966417,8.711078607362282,-4.253729186947074,36.48936642948583,0.66679768855837,0.9585322549002854,0.0
2023-06-05,51.0,51.0,50.650001525878906,50.720001220703125,5408201,51.060000610351565,51.244000625610354,51.623999977111815,51.44980003356934,49.97349998474121,47.2367498588562,51.196212766392435,51.40381458403174,51.055639918249106,48.10965139229335,32.07547557819471,0.0,-0.1252646712003127,0.0046554308333296955,-0.1299201020336424,-1.6863712527845798,-1.2599983215332031,0.9171428680419922,9.631865098655446,13.523390749638706,52.62665632246088,50.62134363176275,0.0388445818144122,3104401.15,1.7421076525499934,90.05358763769851,33463756,-1.7511211002818259,-1.4184677343547376,7.374028425441863,-5.373129357099657,34.893625742065176,-0.6235379905048825,0.6910137484246016,0.0
2023-06-06,50.810001373291016,51.33000183105469,50.720001220703125,51.06999969482422,3104068,51.04600067138672,51.208000564575194,51.55900001525879,51.46160003662109,50.009199981689456,47.26709985733032,51.170970152078795,51.3720226898215,51.05620304674225,48.139107594308584,42.424239239749426,0.3956635958517057,-0.1329146822568248,-0.022858591784701204,-0.11005609047212359,-0.7192825461948105,-0.3600006103515625,0.9257144927978516,9.90869084337546,13.576066489069003,52.525945370386125,50.59205466013145,0.037508305236376605,3100869.95,1.0010313396084218,-42.60442612987202,36567824,-0.9484286357180155,-0.7609564053939313,8.045553564683388,-4.7201471106727695,35.82447278548191,0.17744509152565624,1.2026825624415987,0.0
2023-06-07,51.29999923706055,51.29999923706055,50.880001068115234,50.9900016784668,2619324,51.018000793457034,51.13200073242187,51.48700008392334,51.48060005187988,50.03799999237061,47.29879985809326,51.134776457356395,51.33563973635915,51.05360691465302,48.1674746996236,41.84783059393296,0.37362580226182945,-0.1437751915716916,-0.04704191174209929,-0.09673327982959232,-1.9045745911657974,-0.7599983215332031,0.9392855507986886,9.86818126272002,13.171343943566102,52.39342261454073,50.58057755330595,0.03520976281934976,3041601.2,0.861166151565169,-15.616410465234654,33948500,-0.9652891111279381,-0.9529771854226295,7.804007356313369,-4.86939714543918,35.61171209504603,0.450361354240693,0.8254680820132905,0.0
2023-06-08,50.90999984741211,50.90999984741211,50.650001525878906,50.70000076293945,2389085,50.960000610351564,51.057000732421876,51.403500175476076,51.48740005493164,50.065400009155276,47.32929986953735,51.04782131847301,51.275102691271556,51.03974000674268,48.1926739639352,40.314143968172175,0.31498846304878786,-0.17377965006191687,-0.07238945940606281,-0.10139019065585406,-1.4194041180335404,-0.75,0.9414283207484654,9.984998429583522,13.241297425265866,52.2744155850569,50.53258476589525,0.033885451636864475,3060249.95,0.7806829634945341,-8.790016049942661,31559415,-1.3685827037752045,-1.5293048224461039,7.1218059483098175,-5.410443645034438,34.84043303308824,-0.15689709437384167,0.513323422903276,0.0
2023-06-09,51.380001068115234,51.380001068115234,50.81999969482422,50.959999084472656,3521432,50.88800048828125,51.02000045776367,51.356000137329104,51.48860000610352,50.09479999542236,47.36134986877441,51.03025687167294,51.24509282395737,51.0366129117517,48.22020953727389,35.59317102502514,0.3399145600260003,-0.1745664149668542,-0.09282485051822109,-0.08174156444863312,-1.5265718174441445,-0.37000274658203125,0.833571297781808,9.876714485603214,13.19963639357044,52.21413410652113,50.49786616813708,0.03341903446130236,3069056.5,1.147398883011766,47.39668115617486,35080847,-0.7710901390246845,-1.0266368119704175,7.598282620045958,-4.9253721358277085,35.53191795884469,1.3412234614261505,1.1019310835376672,0.0
2023-06-12,50.95000076293945,51.099998474121094,50.810001373291016,50.93000030517578,2970118,50.93000030517578,50.99500045776367,51.288500213623045,51.49919998168945,50.12459999084473,47.39389987945557,51.010205558373514,51.215084012644844,51.03243202521932,48.247172629491814,41.72182418981599,0.9321257038130185,-0.17558653037798422,-0.10937718649017372,-0.0662093438878105,-1.0106908650198476,-0.25,0.7114282335553851,9.414270544197521,11.874448388610839,52.047231653630625,50.529768773615466,0.029586805496256197,3093895.55,0.9599929771384816,-15.655960416103454,32110729,-0.6989869209551206,-1.1052592597866537,7.46108768156691,-4.9813400092435245,35.45213396811522,-0.019619940566775993,0.5707480672939307,0.0
2023-06-13,50.97999954223633,50.97999954223633,50.83000183105469,50.88999938964844,1534463,50.89400024414063,50.970000457763675,51.23050022125244,51.50879997253418,50.15119998931885,47.428399868011475,50.9861643246285,51.18412357235947,51.02684643166753,48.273469413174965,34.306502272119744,0.215583886818598,-0.17757573622217393,-0.12301689643657378,-0.05455883978560015,-0.8572032451010902,-0.25,0.6621423448835101,9.343564899989095,11.819906193605185,51.91814927533045,50.54285116717443,0.026845299230271586,3040203.1,0.5047238455878161,-48.3366317432506,30576266,-0.6646447528981001,-1.2013492514205348,7.298579608990079,-5.055968585113087,35.345748550161346,0.09817246566060925,0.295096804600151,0.0
2023-06-14,50.70000076293945,50.70000076293945,50.5099983215332,50.560001373291016,2475767,50.80800018310547,50.91300048828125,51.177500343322755,51.50620002746582,50.169799995422366,47.460449867248535,50.90093173436101,51.12468336292438,51.008538782319434,48.29622097496717,33.93496535084337,0.17968231118820463,-0.20343520380130542,-0.1391005579095201,-0.06433464589178531,-1.2114086131063684,-0.5699996948242188,0.578571047101702,9.181619795434065,11.871166519189236,51.901199978719774,50.45380070792574,0.028281945407341146,2968004.5,0.8341520371684072,61.344196634262275,28100499,-1.2065829043803742,-1.8370577788115694,6.530809368036388,-5.671636543605193,34.46809421572154,-0.37335159950430674,0.376167982023569,0.0
2023-06-15,50.43000030517578,50.439998626708984,50.119998931884766,50.15999984741211,3347489,50.7,50.83000030517578,51.10600032806396,51.488000030517576,50.18639999389649,47.48959985733032,50.75274535697123,51.0328087423994,50.9752627456564,48.314766038374586,30.819586835881253,0.0,-0.25328607415362825,-0.16193766115834174,-0.09134841299528651,-1.9163073013933163,-0.8300018310546875,0.4785712105887277,9.499461118128693,11.571946825529887,51.933256623065695,50.27874403306223,0.032374135705840336,3056992.6,1.095026857441526,35.21017931008854,24753010,-1.8510555993018583,-2.5792421191701833,5.623125901469557,-6.417908068355392,33.404260327126536,-0.2571223587503879,0.6384670822900697,0.0
2023-06-16,50.54999923706055,50.70000076293945,50.290000915527344,50.65999984741211,2329107,50.64000015258789,50.76400032043457,51.06700038909912,51.48520004272461,50.20840000152588,47.51969985961914,50.73419625505941,50.99730313335299,50.96289949474486,48.33810169816601,42.35291213716794,0.9938535769879924,-0.24957053298631138,-0.17946423552393567,-0.0701062974623757,-0.9192278718652691,-0.6599998474121094,0.4671426500592913,10.288614937735503,11.742885595608014,51.901470697505175,50.23253008069307,0.032681391193839615,3036927.3,0.7669287967479499,-30.422265763980107,27082117,-0.7969932414003524,-1.6027910829281253,6.60841713451458,-5.485072220904001,34.734047615134365,0.7775107472783588,0.8152711074728166,0.0
2023-06-19,50.779998779296875,50.779998779296875,50.36000061035156,50.529998779296875,2465714,50.55999984741211,50.74500007629395,50.99450035095215,51.45860000610352,50.22869998931885,47.55084985733032,50.693356759906905,50.952797956776216,50.945922996099846,48.35991161937129,41.26071178733823,0.8997361220381442,-0.2541858433973374,-0.19440855709861604,-0.059777286298721366,-0.9021433301191317,-0.19000244140625,0.46642821175711496,9.407823372408783,10.755487962039481,51.74245144263049,50.24654925927381,0.02933457869106753,2952790.1,0.8350454710614208,5.865209284073258,24616403,-0.9108856218974665,-1.8045598339179454,6.265185440228882,-5.727611533993722,34.38830007952021,0.23687116511291423,0.8339915882744874,0.0
2023-06-20,50.36000061035156,50.599998474121094,50.36000061035156,50.4900016784668,2232025,50.48000030517578,50.6870002746582,50.9475004196167,51.43220001220703,50.24600002288818,47.58404987335205,50.65268574361889,50.908722120746745,50.928043728741685,48.381106545332436,40.90907120501461,0.8694344318120409,-0.25809577448760734,-0.20714600057641433,-0.050949773911193014,-1.6172993400097924,-0.5799980163574219,0.4492849622453962,8.754095748173395,10.614812555310863,51.698356113696654,50.19664472553675,0.029475663688923376,2906633.0,0.7679074035146508,-9.477538757536353,22384378,-0.8979807397454792,-1.8319230628217598,6.106987137179623,-5.802232992890572,34.2819248070382,-0.3364301861312612,0.47656445762671296,0.0
2023-06-21,50.33000183105469,50.34000015258789,50.04999923706055,50.09000015258789,3310301,50.386000061035155,50.59700012207031,50.86450042724609,51.406399993896486,50.25920001983643,47.6149998664856,50.54014862541269,50.83074859996971,50.89517927477487,48.39811046182254,38.09519003897459,0.6269557199893524,-0.2901268020559371,-0.22374216087231888,-0.06638464118361823,-1.2421156406795975,-0.9000015258789062,0.445713860648019,8.667736653816348,10.587834568153678,51.60881168855057,50.12018916594162,0.029266433565747818,2933912.3,1.1282890085024015,48.309315531860086,19074077,-1.522673511294987,-2.5607703349483564,5.197942440496262,-6.548504517640769,33.21809091844319,-0.3168941217927248,0.5794224174784934,0.0
2023-06-22,50.099998474121094,50.099998474121094,49.709999084472656,49.86000061035156,3525799,50.32600021362305,50.513000106811525,50.7850004196167,51.3726000213623,50.26870002746582,47.647549877166746,50.404119022400465,50.73829641048227,50.85458403303278,48.41265663245467,30.16301643640223,0.0,-0.3302635899638702,-0.24504644669062917,-0.08521714327324101,-2.3692952647408894,-0.8400001525878906,0.4292853219168527,8.600577594632894,10.54519741120455,51.60209420021382,49.96790663901958,0.032178547754092394,2974342.55,1.185404485438303,6.509921605316249,15548278,-1.8214035672388,-2.944369976177485,4.643367264189692,-6.977608153431683,32.606389983416214,0.019960713720793558,0.7845491789000196,0.0
2023-06-23,49.599998474121094,49.790000915527344,49.0,49.75,3149502,50.14400024414063,50.39200019836426,50.706000328063965,51.333199996948245,50.27860004425049,47.67944988250733,50.27329521792038,50.64417294281729,50.811267012129534,48.42596353163423,34.79619438485216,0.3778724212714831,-0.3667210811452577,-0.2693813735815549,-0.0973397075637028,-2.4318525939379443,-1.2099990844726562,0.44285692487444195,8.599201999550893,10.307756432059573,51.60285796632516,49.80914268980277,0.03537481293963614,3008518.55,1.0468614195514934,-10.672673059354775,12398776,-1.8853790909926151,-3.084163849209413,4.342646827081613,-7.182833178586623,32.31383515677899,-0.5214643663211047,1.612246766382334,0.0
2023-06-26,51.25,51.25,49.779998779296875,49.9900016784668,2461652,50.03600082397461,50.29800033569336,50.64650039672851,51.294200057983396,50.290700073242185,47.71169988632202,50.216636510029666,50.581870917641055,50.77906052845649,48.44152610025944,32.46755337792899,0.1890530483687406,-0.3719600519521862,-0.2898971092556812,-0.08206294269650499,-1.4003926504704278,-0.9399986267089844,0.5064283098493304,8.870972480603795,10.168628901975024,51.568495140640344,49.72450565281668,0.03640902082827374,3004465.35,0.8193311332413935,-21.83996073029958,14860428,-1.2962370807838128,-2.5425844989147355,4.775142779597163,-6.735068840341962,32.952137519030366,3.015075376884422,2.952995694556922,0.0
2023-06-27,48.5,50.2599983215332,48.5,49.79999923706055,1963954,49.89800033569336,50.18900032043457,50.579500389099124,51.25620002746582,50.301000061035154,47.74319988250733,50.133309055435845,50.50740694806196,50.740665968009594,48.455043245899255,31.347938390892566,0.09720525782808001,-0.38698268763158694,-0.30931422493086236,-0.07766846270072458,-2.276294874906226,-1.0900001525878906,0.6021426064627511,8.918038886001192,10.196111535277447,51.54425788782635,49.6147428903719,0.0381481624494317,2937437.55,0.6685942991366745,-20.218048692504055,12896474,-1.5411404739904762,-2.8410236998157603,4.308046715793788,-7.089551017236027,32.446811856485404,-2.9805993767522025,3.628862518625161,0.0
2023-06-28,49.779998779296875,49.880001068115234,49.459999084472656,49.54999923706055,2536016,49.79000015258789,50.08800010681152,50.50050029754639,51.21680000305176,50.30980007171631,47.77389987945557,50.01664709176079,50.41622526129992,50.693973155031195,48.46593833038842,31.74601636807087,0.12986164693510888,-0.41428551971510075,-0.33030848388771006,-0.08397703582739069,-2.709603494691104,-1.0100021362304688,0.6078570229666573,9.001501475967395,10.171983816544095,51.53191192440177,49.46908867069101,0.04084758054983041,2912479.1,0.8707413557062091,29.128075301152666,10360458,-1.8821616714399605,-3.254402395096717,3.717719009933207,-7.555968940961723,31.781918212481486,-0.040161562389719435,0.8491750736292116,0.0
2023-06-30,49.86000061035156,49.86000061035156,49.2400016784668,49.310001373291016,4198762,49.68000030517578,50.003000259399414,50.4165002822876,51.180600051879885,50.3088000869751,47.80244989395142,49.87531794806684,50.31087060529907,50.6396997518257,48.47433696763123,23.64221808117138,0.0,-0.4501005537027041,-0.3542668978507089,-0.09583365585199516,-3.10473184379485,-0.8499984741210938,0.6035712105887276,9.06901906246583,10.079010462766387,51.54876891969983,49.28423164487537,0.04491659004780312,2919419.9,1.4382179144562248,65.56528034523441,6161696,-2.194715822798438,-3.6548979040744207,3.153711750515012,-8.00372616223367,31.143625995701974,0.6256334572436328,1.2591366993309794,0.0
2023-07-03,50.79999923706055,50.79999923706055,47.849998474121094,49.560001373291016,3321759,49.64200057983398,49.8930004119873,50.32850036621094,51.13900009155273,50.29970008850098,47.83194990158081,49.81225463311168,50.239359249869736,50.59735863894199,48.48513959853332,29.552268718478956,0.31586485352281596,-0.4530883945339923,-0.3740311971873656,-0.0790571973466267,-1.977848047544284,-1.0999984741210938,0.7935714721679688,8.915573764170922,10.095515214540264,51.43846032353403,49.21854040888785,0.04410860443870034,2943226.9,1.1286112531792911,-20.8871805546492,9483455,-1.5269658092889862,-3.0876605241300723,3.6127556481929903,-7.5373082385079755,31.808519639705885,3.0216950360431247,6.165101059585015,0.0
2023-07-04,51.04999923706055,51.04999923706055,49.70000076293945,49.880001068115234,3242266,49.62000045776367,49.82800064086914,50.28650035858154,51.11080009460449,50.30430011749267,47.86334991455078,49.82580392011239,50.20513466113121,50.56922696949781,48.499018817136125,36.08818148285541,0.6651791411070208,-0.42473885378012,-0.3841727285059165,-0.0405661252742035,-0.5582112841878706,-0.6499977111816406,0.8892857687813895,8.536061319703895,9.210255826936308,51.39765447135609,49.17534624580699,0.04419293865555024,2834930.15,1.1436846160036782,-2.3930995596007976,12725721,-0.8083666343206499,-2.4080997053677256,4.213351462370956,-6.940293865496902,32.659582692393144,3.0064524263159607,2.7162946748438834,0.0
2023-07-05,50.2400016784668,50.2400016784668,49.56999969482422,49.97999954223633,2920838,49.65600051879883,49.777000427246094,50.23200035095215,51.08520011901855,50.313700103759764,47.89574991226196,49.856643044537186,50.18369322123646,50.546120011565996,48.513754943754044,41.470565135926584,0.9528426364836758,-0.389710260054116,-0.38528023481555645,-0.004430025238559565,-1.3422824856374693,-0.5100021362304688,0.9100001198904855,8.117068937050137,9.225973339686796,51.28684560974512,49.177155092159175,0.041998934998533397,2825768.65,1.03364371318933,-9.913683824831153,15646559,-0.5016738472590881,-2.1634457224544916,4.351637950741783,-6.75372954279571,32.92553609180597,0.7217333653621061,1.3516279761295529,0.0
2023-07-06,49.95000076293945,50.02000045776367,49.810001373291016,49.900001525878906,3122923,49.7260009765625,49.7580005645752,50.177500343322755,51.05680015563965,50.322000122070314,47.92934991836548,49.86531474080553,50.15667496453574,50.52078203173513,48.52754844208364,45.77924530872439,1.0,-0.3642066707183389,-0.381065521996113,0.01685885127777409,-1.2467786832326078,-0.18999862670898438,0.893571308680943,8.117351384991963,9.087017292156998,51.17871751422231,49.1762831724232,0.03990701665284498,2850948.6,1.0953978616099918,6.918733596317228,12523636,-0.5530343591154527,-2.2657092223453126,4.111575915112327,-6.902979577562121,32.71277540137009,-0.060021567770372014,0.4216002382711465,0.0
2023-07-07,51.400001525878906,51.400001525878906,49.79999923706055,50.02000045776367,2881198,49.86800079345703,49.774000549316405,50.143500328063965,51.0276001739502,50.330200119018556,47.96419992446899,49.89625188419716,50.14365834484316,50.50114353863821,48.54239871089638,38.14814605503343,0.6552789507259196,-0.33050215834515484,-0.37095284926592137,0.04045069092076653,-0.9308797882325526,0.15999984741210938,0.9692856924874442,8.01431141347032,9.072826491075734,51.115773807610914,49.171226848517016,0.038779641356740065,2875554.25,1.0019626651105609,-7.740344542596789,15404834,-0.24629287842351408,-1.9746170949675776,4.2861145115148895,-6.679100966926146,33.03192150975984,3.006011932128052,3.2128560508644695,0.0
2023-07-10,51.5,51.5,49.970001220703125,50.029998779296875,3318834,49.9620002746582,49.80200042724609,50.09700031280518,50.998800125122074,50.339400100708005,48.00304992675781,49.92300126321711,50.13283362431494,50.48266727356601,48.55720070162673,40.31005574201943,0.752939294400935,-0.29953149584105887,-0.35666857858094886,0.05713708273988999,-0.11978712938357505,0.279998779296875,1.0485714503696986,7.728119799193878,9.039659028538582,50.9906288732695,49.20337175234086,0.035675930889455004,2865424.35,1.1582347305731522,15.189376085919815,18723668,-0.1337436035889309,-1.8996551751184552,4.222541808555387,-6.660447381445113,33.05851279151238,2.9588155311714224,3.0618345845926846,0.0
2023-07-11,51.54999923706055,51.54999923706055,49.83000183105469,50.15999984741211,2680421,50.01800003051758,49.819000244140625,50.05850028991699,50.977000122070315,50.354400100708006,48.04214992523193,49.97040098005611,50.13542088365753,50.47001364901095,48.57314895183356,43.820186191643664,0.9115030624056707,-0.261482811854691,-0.33763142523569734,0.07614861338100631,0.6016831796794353,0.1699981689453125,1.1542857033865792,7.828257193383825,9.008529133477607,50.86291599001657,49.25408458981742,0.03213902515819493,2850939.5,0.9401886641228269,-19.236063026954653,21404089,0.20276188241212986,-1.6026840981262218,4.408316291998152,-6.417908068355392,33.404260327126536,3.038178082851902,3.451730569542013,0.0
2023-07-12,50.279998779296875,50.290000915527344,50.08000183105469,50.099998474121094,2861761,50.04199981689453,49.84900016784668,50.01900024414063,50.952800064086915,50.368700103759764,48.08019990921021,49.996320478869116,50.13204732084454,50.455503249995665,48.58834148439364,50.214556438739685,1.0,-0.23347916259109525,-0.31680097270677693,0.08332181011568168,0.7035145208464266,0.2999992370605469,1.137856892177037,7.82978502908041,8.969991319807253,50.72279121375157,49.315209274529686,0.028140945087897332,2917304.4,0.9809607115390496,6.76535514383747,18542328,0.16193492389915226,-1.6737089794735382,4.2008946899656605,-6.529850932159735,33.244682200195726,0.23923232107217937,0.41932723002105704,0.0
2023-07-13,50.25,50.61000061035156,50.25,50.52000045776367,3956450,50.16599960327149,49.946000289916995,50.01700019836426,50.922000045776365,50.38600009918213,48.11929990768433,50.10105647464803,50.16899523864636,50.45803255226108,48.60756197169085,63.095232688922096,1.0,-0.17537381860293522,-0.2885155418860086,0.11314172328307337,1.0602095649161924,0.970001220703125,1.1464285169328963,8.15812046107308,9.129512828302733,50.714517178115976,49.31948321861254,0.027891196072751666,2991338.55,1.3226353132112045,38.25228591765699,22498778,1.0056585908881917,-0.7894418672701681,4.989059597053628,-5.7462651194747565,34.36170879776767,0.2994042523901249,0.7164191250777363,0.0
2023-07-14,50.650001525878906,50.68000030517578,50.5,50.59000015258789,2947591,50.279999542236325,50.07400016784668,50.038500213623045,50.883600082397464,50.41030010223389,48.15729990005493,50.19884521023601,50.209090944736026,50.463207752273895,48.62728772473461,66.93549007332527,1.0,-0.12226710542277175,-0.2552658545933612,0.13299874917058946,1.586347244237385,1.279998779296875,1.0978570665631975,7.613311569107248,9.001737013063615,50.77971574953816,49.29728467770793,0.029625809436763264,2971343.65,0.9920060912510069,-25.499096412187694,25446369,1.1021512167838687,-0.5770030605816763,5.051571117113618,-5.615668670189378,34.54787820645102,0.25732594405639286,0.3564362478728341,0.0
2023-07-17,51.5,51.5,50.290000915527344,50.4900016784668,2897048,50.37200012207031,50.167000198364256,50.03000030517578,50.843400115966794,50.4334001159668,48.19564990997314,50.257076503882175,50.23584434794848,50.464258494477534,48.64582219193592,60.68377740391512,0.8555962074073968,-0.08724301063404738,-0.22166128580149846,0.13441827516745108,1.8970786193336142,0.9300003051757812,1.0771427154541016,6.770636714883203,8.74870085790079,50.744629254877815,49.31537135547375,0.02856801700351383,2999740.7,0.9657661410534584,-1.7147222935610773,22549321,0.9194510703279476,-0.695072392274994,4.76049554841439,-5.802232992890572,34.2819248070382,1.7987741543138918,2.4060430750540345,0.0
2023-07-18,50.650001525878906,50.689998626708984,50.5099983215332,50.65999984741211,3455452,50.47200012207031,50.24500007629395,50.03650035858154,50.81320014953613,50.46050010681152,48.235749912261966,50.33766117258816,50.27624010980216,50.47193462596517,48.66586376064713,68.53455930230264,1.0,-0.0452471506912957,-0.18637845877945794,0.14113130808816224,2.737778212377684,0.779998779296875,0.9657140459333148,6.8187646546818765,8.677513717798693,50.77232856794223,49.30067214922085,0.02941165765341107,3049227.6,1.133222065811027,19.27493089517329,26004773,1.2460893235184745,-0.3014970552399239,5.0258365207542415,-5.485072220904001,34.734047615134365,0.3168941217927248,0.3563656922535361,0.0
2023-07-19,50.79999923706055,51.099998474121094,50.79999923706055,51.02000045776367,3510703,50.65600051879883,50.34900016784668,50.06300029754639,50.78620018005371,50.486900100708006,48.27874992370605,50.47412902962327,50.34707442865564,50.49342740368275,48.68928800638958,80.24702986461708,1.0,0.01688922303196705,-0.14572492241717297,0.16261414544914002,2.945922203423268,1.0400009155273438,0.9671423775809151,7.237638304175063,8.804505933285487,50.89895786920744,49.22704272588533,0.03339622342618669,3113161.5,1.1276970372401174,1.5989514541078886,29515476,1.9115917035123977,0.4603618244347122,5.677965022685061,-4.813429272023365,35.6914960857755,0.2763509476314954,0.5905496881222115,0.0
2023-07-20,51.25,51.25,51.04999923706055,51.08000183105469,2538202,50.768000793457034,50.46700019836426,50.11250038146973,50.75920021057129,50.51510013580322,48.32264993667602,50.59530358990956,50.416877038407925,50.516430322403224,48.71307620364993,89.3334101925493,1.0,0.07016553167560602,-0.10254683159861719,0.1727123632742232,2.405775335290694,1.1800003051757812,0.9392852783203125,6.508346470087786,8.804539303497288,51.064393454135754,49.160607308803705,0.03799024456652373,3074556.55,0.825550598508263,-27.701033097929383,32053678,1.9306589019108582,0.6320068463501711,5.706127246730078,-4.701486408219021,35.851074212706315,0.4508027051601668,0.3917742721419267,0.0
2023-07-21,50.95000076293945,50.95000076293945,50.61000061035156,50.650001525878906,3002336,50.78000106811523,50.53000030517578,50.152000427246094,50.72480026245117,50.54000015258789,48.36139993667602,50.60624317710344,50.439079370548015,50.52166840881404,48.732349092428336,72.4280190703742,0.6824994176596094,0.07680460348579743,-0.06667654458173428,0.1434811480675317,1.3405401956364305,0.6300010681152344,0.7621424538748605,7.066077487979257,8.943494589954133,51.1251043354751,49.17889651901709,0.03880618519457295,3048383.4,0.9848944853852701,18.28593626511996,29051342,0.9929835188832533,-0.14745989375069393,4.732289785241035,-5.5037258063850345,34.70745633338183,-0.2545048227390601,0.6718042847016847,0.0
2023-07-24,50.650001525878906,50.68000030517578,50.439998626708984,50.650001525878906,3016047,50.81200103759765,50.592000579833986,50.19700050354004,50.699600296020506,50.56790016174316,48.398849945068356,50.61499484685854,50.45916719486524,50.52670108007148,48.751430211169136,68.24648405508358,0.5880274041213709,0.08113088933725265,-0.03711505779793689,0.11824594713518954,1.5030059660640305,0.6200027465820312,0.6728570120675224,6.984956995328484,8.943654292948965,51.175056996408955,49.21894401067112,0.038968722555441954,3041710.65,0.9915627576212748,0.45667773360476005,29051342,0.9024463967860394,-0.09782872025027177,4.651250150293981,-5.5037258063850345,34.70745633338183,0.0,0.47581618755181965,0.0
2023-07-25,52.150001525878906,52.150001525878906,49.79999923706055,50.58000183105469,2378439,50.79600143432617,50.63400077819824,50.226500511169434,50.665600357055666,50.59590019226074,48.436049957275394,50.60799624369777,50.47067525545471,50.52879130560024,48.769624953655565,64.42314569773264,0.5133313285657373,0.07801183975526271,-0.01408967828729697,0.09210151804255969,1.1195549143664607,0.4200019836425781,0.7928570338657924,6.869509703348217,8.907708789973059,51.213815891347636,49.23918513099123,0.03931452002946699,3037550.0,0.7830122960938914,-21.14051936193302,26672903,0.7038143535535426,-0.16894801482216806,4.42635573229121,-5.634322255670413,34.52128692469848,2.9615004043654296,4.7188801703224055,0.0
2023-07-26,49.04999923706055,50.90999984741211,49.04999923706055,50.84000015258789,2066147,50.76000137329102,50.70800094604492,50.2785005569458,50.64140037536621,50.62990020751953,48.46999996185303,50.6543970254758,50.50584905518168,50.54099557410956,48.79022570190365,70.7964452396425,0.637845671693618,0.09541972297139267,0.007812201964440957,0.08760752100695171,1.6190313672887813,0.7400016784667969,0.9107142857142857,6.843499962091881,8.9707633921043,51.28067280421536,49.276328309676245,0.03986484227525791,3042659.65,0.679059519522665,-13.130124421942291,28739050,1.1167787213664642,0.3921688100044851,4.889622844233767,-5.149250746463683,35.212771850454935,-3.024916051020707,3.792050232992069,0.0
2023-07-27,49.29999923706055,51.2599983215332,49.29999923706055,50.93000030517578,2359486,50.730001068115236,50.74900093078613,50.34750061035156,50.62760040283203,50.665100212097165,48.503249969482425,50.709517681415804,50.54624441232398,50.556250661602355,48.811516991488446,70.40358821104347,0.6138611444753711,0.11515047301416104,0.029279856174384975,0.08587061683977606,1.5350886365750327,0.4099998474121094,0.9364283425467355,6.458933942606931,8.445802955200184,51.32828186330158,49.36671935740154,0.03896047434570629,3033833.15,0.7777243781517781,14.197392537897846,31098536,1.1569585138541283,0.597302459404802,5.003273671805979,-4.9813400092435245,35.45213396811522,-3.029112727980497,3.9756574336805586,0.0
2023-07-28,50.220001220703125,50.79999923706055,50.220001220703125,50.66999816894531,3044246,50.73400039672852,50.75700073242187,50.415500450134275,50.60920036315918,50.69410018920898,48.534149951934815,50.70161377892171,50.55803048438315,50.56071134816482,48.83000934151289,62.903196035181296,0.4192849498677113,0.10855587060746075,0.04513505906100013,0.06342081154646062,1.1377239764161828,0.07999801635742188,0.877856935773577,6.493136908604395,8.28997429521233,51.27442227224244,49.55657862802611,0.03407371996466525,2976107.35,1.0228952258728168,29.021575037953173,28054290,0.504800540585252,0.12013192334567656,4.400712115336744,-5.466418635422967,34.7606388968869,-1.3940684865860924,1.1549143812412304,0.0
2023-07-31,52.20000076293945,52.20000076293945,50.58000183105469,50.65999984741211,2724579,50.736000061035156,50.774000549316405,50.47050037384033,50.59360038757324,50.7226001739502,48.56879995346069,50.693290992619794,50.56774185229067,50.56460501480198,48.84821820226811,60.59321759932758,0.2653109732177969,0.10135446847868934,0.05637894094453797,0.04497552753415137,0.2771167624305182,0.1699981689453125,0.8707141876220703,6.362936355013052,8.289960018907523,51.23438218627232,49.70661856140834,0.030270427547729323,2946248.35,0.9247621640585729,-10.50069541029207,25329711,0.37546581105425175,0.1312408275556897,4.305644561848833,-5.485072220904001,34.734047615134365,3.01954341678238,3.2028447474079216,0.0
2023-08-01,52.20000076293945,52.20000076293945,50.540000915527344,50.689998626708984,2808981,50.757999420166016,50.777000427246094,50.51100025177002,50.5678003692627,50.75130016326904,48.60514995574951,50.69263251943764,50.57938535461623,50.56952241134735,48.86654437564563,62.66095825931778,0.07194595698283074,0.09695037264103945,0.06449322728383827,0.03245714535720118,0.1976645064627025,0.029998779296875,0.9742856706891742,6.042725774509009,8.207109606894166,51.22748046587006,49.79452003766998,0.028369274436410744,2924584.1,0.9604719522341655,3.097799696760495,28138692,0.35437503523342107,0.24165230948143646,4.289357553381762,-5.4291043474881855,34.81383160586384,3.0398754839435957,3.2845267458277974,0.0
2023-08-02,50.599998474121094,50.72999954223633,50.5099983215332,50.68000030517578,2766414,50.725999450683595,50.7430004119873,50.54600028991699,50.5528003692627,50.77980014801025,48.64059995651245,50.690106076585266,50.58896773086,50.57385487777199,48.884588713252896,54.166674945113904,0.0,0.09159743574974044,0.06991406897701871,0.02168336677272173,0.37630940858142115,-0.3400001525878906,0.9535713195800781,6.0353654070453056,8.15822273391347,51.22041742193468,49.8715831578993,0.02668528184819488,2916862.9,0.948420990235777,-1.5153893885362701,25372278,0.2651050814905378,0.2516179815637348,4.192794394984173,-5.447757932969219,34.7872403241113,-0.17755011841817014,0.43555974661225644,0.0
2023-08-03,50.72999954223633,50.72999954223633,50.220001220703125,50.540000915527344,3504581,50.6479995727539,50.68900032043457,50.57800025939942,50.52860038757324,50.81400016784668,48.67484996795654,50.66008504437368,50.58430422463784,50.572527271409456,48.901060476459605,48.74373400553995,0.0,0.07519165142420547,0.07096958546645607,0.004222065957749405,-0.2368711651129174,-0.5400009155273438,0.9771426064627511,6.107864322079749,8.162957484119062,51.1802284643048,49.97577205449404,0.02381384008132911,2935945.8,1.1936804146725053,26.683171788459713,21867697,-0.07513018244530408,0.022562524721950614,3.831857620102915,-5.708950831539974,34.41490150674461,0.09865674183005207,1.0155282937806005,0.0
2023-08-04,52.04999923706055,52.04999923706055,50.34000015258789,50.5,1884959,50.613999938964845,50.67400016784668,50.60200023651123,50.50960037231445,50.84830017089844,48.711049976348875,50.62806803549895,50.57627525086281,50.569683064687524,48.916970322464984,50.259024344928314,0.037331914953126204,0.05829027555529365,0.0684337234842236,-0.010143447928929947,-1.0192090417446176,-0.15000152587890625,1.012856892177037,6.090662218412267,8.162292972766133,51.14604447523788,50.05795599778458,0.021502874834346982,2886133.85,0.6531086560659687,-46.214426203874304,19982738,-0.20157352680622592,-0.01900702488969639,3.672575369489532,-5.783579407409537,34.30851608879074,2.9877291139290185,3.3968992437214927,0.0
2023-08-07,52.0,52.0,50.40999984741211,50.4900016784668,2346100,50.58000030517578,50.65800018310547,50.625000381469725,50.492800369262696,50.87890018463135,48.74729997634888,50.60045476409252,50.568058720158426,50.566558304443575,48.932622375758534,45.1977827299491,0.0,0.04358659330714687,0.06346429744880826,-0.019877704141661387,-1.1550511578666267,-0.15999984741210938,1.112142835344587,6.09470394848169,7.980834556187709,51.101987088031,50.14801367490845,0.018843919129563846,2837497.15,0.8268202137225055,24.464245641417136,17636638,-0.26666410268777374,-0.005542752185324818,3.5749707224060416,-5.802232992890572,34.2819248070382,2.9702970297029703,3.1541363963513604,0.0
2023-08-08,52.0,52.0,50.400001525878906,50.560001373291016,2327953,50.55400085449219,50.6560001373291,50.64500045776367,50.480400390625,50.89630020141602,48.78449998855591,50.59236408593222,50.567291353790104,50.566301169888575,48.94881520160463,34.4594455269968,0.0,0.037153922263286177,0.05820222241170384,-0.021048300148417666,-0.17769032552132913,-0.020000457763671875,1.1949999673025948,6.053422733647683,7.834035335947764,51.07067684212821,50.219324073399136,0.016810203594312793,2819873.75,0.8255522077894445,-0.7734964409019218,19964591,-0.16783312015870708,0.15768690828529658,3.6394784924548027,-5.671636543605193,34.46809421572154,2.9906878022093513,3.174600050953455,0.0
2023-08-09,52.0,52.0,49.04999923706055,50.369998931884766,1844205,50.492000579833984,50.609000015258786,50.65850048065185,50.46500038146973,50.908700180053714,48.82039999008179,50.547891055122726,50.548501599322925,50.55860304290804,48.96295633324922,27.950176637420597,0.0,0.01653378384309434,0.04986853469798195,-0.03333475085488761,-0.5528185302246746,-0.470001220703125,1.3892857687813895,6.2097381312507665,7.821613120129009,51.02431765951775,50.29268330178596,0.014442479559994626,2768995.95,0.6660193923360559,-20.779972791546907,18120386,-0.5695027409610658,-0.18825215271344092,3.1740807984321893,-6.026118720499259,33.96276855317657,2.848098472302816,6.014272800865879,0.0
2023-08-10,51.900001525878906,51.900001525878906,50.099998474121094,50.22999954223633,2807602,50.43000030517578,50.53899993896484,50.64400043487549,50.44700035095215,50.921700172424316,48.85634998321533,50.48431275254545,50.518168070076584,50.545716631116996,48.97556372836352,34.090784298425845,0.14331720967381537,-0.010978056929218383,0.03769921637254189,-0.04867727330176027,-0.6919776119965859,-0.7000007629394531,1.48428589957101,5.506032540204137,7.668445602973159,51.0533339781951,50.234666891555875,0.016165134657795642,2711553.55,1.0354219262975648,52.23914911845484,15312784,-0.8174727294134947,-0.43015601959716515,2.8116090528517095,-6.287311619070015,33.590429735809884,3.037527549014165,3.5928205720157758,0.0
2023-08-11,50.18000030517578,50.18000030517578,49.900001525878906,50.130001068115234,2670804,50.35600051879883,50.48500022888184,50.62100048065186,50.42980033874512,50.92600017547608,48.893349990844726,50.41345041565941,50.4811997841755,50.52941406001889,48.987050667067514,31.69005192844459,0.08728590407123694,-0.04038489812597135,0.022082393472839242,-0.06246729159881059,-1.3965363539372722,-0.5399971008300781,1.4907142094203405,5.500481803221041,7.674892217822289,51.09039664857026,50.151604312733454,0.018545511288257325,2697714.2,0.9900248143409706,-4.872414252447466,12641980,-0.9699520117629671,-0.594488315670661,2.5292827705650587,-6.473875941771206,33.32447633639706,-0.09954058832611493,0.5611197810317968,0.0
2023-08-14,51.650001525878906,51.650001525878906,50.0099983215332,50.09000015258789,2275541,50.27600021362305,50.42800025939941,50.60100040435791,50.40520034790039,50.92940017700195,48.92639999389648,50.34876036304511,50.44394267640526,50.51218214208042,48.998025288813984,32.37398423070485,0.10324837465671036,-0.06615517553727557,0.0044348796708162785,-0.07059005520809185,-1.6493228893668888,-0.5699996948242188,1.439999989100865,5.473055791185754,7.658476128234951,51.1248286652589,50.07717214345692,0.020704265003261783,2666638.85,0.8533367763692484,-14.799401228993215,10366439,-1.0098619546779002,-0.6253326901529297,2.378266454994782,-6.548504517640769,33.21809091844319,3.0321173456556245,3.2793506486473003,0.0
2023-08-16,50.47999954223633,50.47999954223633,49.959999084472656,50.11000061035156,2226988,50.18600006103516,50.37000045776367,50.57350044250488,50.39300033569336,50.921400184631345,48.961100006103514,50.301008412506405,50.41213867011443,50.49641031730674,49.00908971987406,18.260826298243586,0.0,-0.08399618057595148,-0.013251332378537274,-0.07074484819741421,-1.1051856696868034,-0.5799980163574219,1.3442856924874442,5.301535612767787,7.317717792874136,51.14027453251519,50.00672635249457,0.022413876241556857,2605215.65,0.8548190626752914,-2.1336904059298445,12593427,-0.9164875440652028,-0.5615853857809436,2.3465579901285425,-6.511190229705988,33.271283627420125,0.7785973017775849,1.0408336014667496,0.0
2023-08-17,51.599998474121094,51.599998474121094,49.630001068115234,49.81999969482422,3112288,50.07600021362305,50.284000396728516,50.51350040435791,50.36800033569336,50.91480018615723,48.99290000915527,50.20480666896997,50.35574448199155,50.46988441054272,49.01715847584372,8.888819816103123,0.0,-0.12015093071298111,-0.03463125204542604,-0.08551967866755507,-1.6581132157875489,-0.8600006103515625,1.3449998583112444,4.791386294521427,7.098616148282025,51.13288161506401,49.89411919365182,0.024523392983973828,2585294.9,1.2038425480977044,39.75324519036474,9481139,-1.3729017074292171,-1.0879936412341535,1.6882031590585336,-7.052236729301245,32.50000456546233,2.9734540922390895,3.9693680507927356,0.0
2023-08-18,49.81999969482422,49.81999969482422,49.540000915527344,49.75,1845726,49.98000030517578,50.20500030517578,50.44700031280517,50.343200302124025,50.911900177001954,49.02525001525879,50.11384533517598,50.29805453132569,50.44165364934497,49.02445043130797,10.344770887183245,0.02707630965091075,-0.15269208176685112,-0.058243417989711055,-0.09444866377714006,-1.8544064947235817,-0.7900009155273438,1.3142855507986886,4.709276642905513,6.960296457507101,51.09520770445655,49.7987929211538,0.025698550464132882,2550671.1,0.7236236769217325,-40.69552689211281,7635413,-1.3816486777871915,-1.178312659036492,1.4783198138013267,-7.182833178586623,32.31383515677899,0.0,0.5651973639934166,0.0
2023-08-21,49.65999984741211,50.08000183105469,49.619998931884766,49.68000030517578,3301667,49.89000015258789,50.12300033569336,50.39850025177002,50.32280029296875,50.905100173950196,49.05750001907349,50.02707632917595,50.23919222407332,50.4117848907501,49.03097331562506,9.835998936885375,0.017614682030592993,-0.18203122611963352,-0.08300097961569555,-0.09903024650393796,-1.9731649447087163,-0.8199996948242188,1.2314286913190569,3.8855755304518653,6.87895875942168,51.12337487731357,49.67362562622646,0.028765722071981633,2565637.65,1.2868796963593048,78.88175167928502,4333746,-1.425637554698865,-1.2773533747142907,1.2689197082204906,-7.313429627872001,32.127665748095644,-0.1809048293223932,0.9270514088510664,0.0
2023-08-22,51.150001525878906,51.150001525878906,49.72999954223633,49.900001525878906,2084194,49.8520004272461,50.06400032043457,50.36100025177002,50.30160034179688,50.8951001739502,49.090450019836425,50.00166136851654,50.206888348054804,50.391714954872796,49.03962036249326,21.98591537864256,0.28926051212500486,-0.18539335037276317,-0.10347945376710908,-0.08191389660565408,-1.26632247339713,-0.5900001525878906,1.2178573608398438,4.323301563361248,6.944439172408545,51.108343391014074,49.61365711252597,0.029679439864492566,2519045.0,0.8273746598413287,-36.87449400560383,6417940,-0.9153883433340138,-0.7983817874364381,1.6491018226872207,-6.902979577562121,32.71277540137009,2.958939637023265,2.8554232791346643,0.0
2023-08-23,50.18000030517578,50.18000030517578,49.75,49.810001373291016,3727962,49.79200057983398,49.98900032043457,50.322500228881836,50.27920036315918,50.88920017242432,49.12200002670288,49.96332936947143,50.1690895885535,50.368902657555864,49.047285845187766,20.805437857627467,0.2880483231167324,-0.19309424792427876,-0.12140241259854304,-0.07169183532573573,-1.3663339142752196,-0.75,1.2328572954450334,4.334138876941619,6.93129284586654,51.101023991699385,49.54397646606429,0.030941378479868435,2586521.15,1.4413035052893344,78.86828193536685,2689978,-1.0184288404984285,-0.9331870564352789,1.4005971788895768,-7.07089031478228,32.4734132837098,0.5611197810317968,0.8643222214588568,0.0
2023-08-24,51.29999923706055,51.29999923706055,48.939998626708984,50.029998779296875,2304166,49.83400039672851,49.95500030517578,50.28200016021729,50.26200035095215,50.88540016174316,49.15715002059937,49.97666325143653,50.15584284481477,50.35561230938885,49.057064083338105,33.757890593489265,0.6011348278459275,-0.17937755979551895,-0.13299744203793823,-0.04638011775758072,-0.9110772110869303,-0.3400001525878906,1.3650003160749162,4.21000239545906,7.001965942192932,51.03088245014246,49.533117870292116,0.029787291179306737,2598422.1,0.8867558507911397,-38.19234208932387,4994144,-0.5011761268792824,-0.46158443761755213,1.7756292997696967,-6.660447381445113,33.05851279151238,2.9913628241104484,4.822232686094914,0.0
2023-08-25,50.02000045776367,50.029998779296875,49.869998931884766,49.939998626708984,1955871,49.87200012207031,49.92600021362305,50.232500076293945,50.24960029602051,50.87790016174316,49.190400009155276,49.96933032649102,50.135286252614215,50.33931373359749,49.065849501680106,32.715995601321495,0.6562339949437711,-0.17376617745327394,-0.14115118912100538,-0.03261498833226856,-1.2262712217993688,-0.29000091552734375,1.2542860848563058,4.1102811880590995,7.008022946871383,50.930161273613344,49.53483887897455,0.027777283482198933,2578241.35,0.7586066370396239,-15.115881407849951,3038273,-0.5822952254829143,-0.6161276258669957,1.5238717664710872,-6.828358118665272,32.81915067385209,-0.01998465276265522,0.3208338697392918,0.0
2023-08-28,50.029998779296875,50.029998779296875,49.77000045776367,49.79999923706055,2459176,49.895999908447266,49.89300003051758,50.18900012969971,50.242400283813474,50.865200157165525,49.22069999694824,49.93546410860493,50.10335415589482,50.31816414549801,49.07315447417146,30.28564453125,0.8367736072266442,-0.17855759641687285,-0.14863247058017887,-0.02992512583669399,-1.1316253859664172,-0.3300018310546875,1.1592859540666853,3.877052073763637,7.008972538396489,50.88026600625927,49.497734253140145,0.02754650918620316,2548987.85,0.9647656814056607,25.733036585746195,579097,-0.7750720110659587,-0.8805332632474863,1.1769423030314954,-7.089551017236027,32.446811856485404,0.18021657000958868,0.5223996767969603,0.0
2023-08-29,51.29999923706055,51.29999923706055,49.939998626708984,49.97999954223633,2026617,49.91199951171875,49.88199996948242,50.15500011444092,50.22880027770996,50.85700016021728,49.25074998855591,49.944371195331215,50.091606097451155,50.30490278850736,49.08217780818206,34.40855804490677,1.0,-0.16591771403625444,-0.15208951927139397,-0.013828194764860469,-0.4977105360906564,-0.1100006103515625,1.1521432059151786,4.186996212325586,6.913963965447516,50.814904560981205,49.49509566790063,0.026314602533528252,2514089.75,0.8061036802683754,-17.5895909849478,2605714,-0.34891949318170024,-0.4953348160776996,1.4806872054737632,-6.75372954279571,32.92553609180597,3.0120482389158725,2.7232692185622227,0.0
2023-08-30,51.5,51.5,50.119998931884766,50.34000015258789,2513078,50.017999267578126,49.90499992370606,50.13750019073486,50.22500030517578,50.841800155639646,49.28154998779297,50.023496986782554,50.11526267413085,50.30627915572621,49.094693453400026,49.261113366105924,1.0,-0.12540587471813325,-0.14675279036074185,0.0213469156426086,0.4189089966052828,0.22999954223632812,1.0500003269740514,5.02086399951696,6.674871112843964,50.754859180825676,49.52014120064405,0.024626636259974473,2499294.6,1.0055149160887236,24.003598114493265,5118792,0.4038892267916653,0.22896933143523884,2.147761515327942,-6.082086593915074,33.882984562447106,3.041217430342658,2.7533940493309172,0.0
2023-08-31,50.349998474121094,50.70000076293945,50.29999923706055,50.349998474121094,2754610,50.08199920654297,49.957999801635744,50.121000099182126,50.22220024108887,50.82720012664795,49.309499988555906,50.08879728425026,50.137618464606106,50.30799363880052,49.10718405062113,53.15787043264743,1.0,-0.09143911598797416,-0.13569005548618832,0.044250939498214154,0.5190623292896435,0.529998779296875,0.9500002179827008,5.024388900139301,6.514016932941444,50.69330507279727,49.54869512556698,0.022836933520186703,2498704.4,1.1024153157132153,9.611002921516953,7873402,0.45689107257599293,0.25446561962386127,2.1101379770767776,-6.06343300843404,33.909575844199644,0.019861584233009044,0.7952316738489908,0.0
2023-09-01,50.400001525878906,50.439998626708984,50.25,50.369998931884766,3540459,50.167999267578125,50.01999969482422,50.1125,50.22780021667481,50.81710010528565,49.33724998474121,50.14503761377716,50.15974993768027,50.31042521892147,49.11974937282276,56.59334901132253,1.0,-0.0621894637596867,-0.120989937140888,0.0588004733812013,0.5188551553908738,0.6199989318847656,0.9400002615792411,4.945525723533524,6.509313045820904,50.66324597626821,49.56175402373179,0.021980383188554168,2500498.3,1.415901382536433,28.528503127484473,11413861,0.5138417198997625,0.28310759100843497,2.093243842052316,-6.026118720499259,33.96276855317657,0.09931093003610136,0.3781067198188744,0.0
2023-09-04,50.54999923706055,50.630001068115234,50.400001525878906,50.439998626708984,4023285,50.295999145507814,50.095999526977536,50.10949993133545,50.239400177001954,50.80600009918213,49.363699970245364,50.20402981636353,50.18644028901634,50.315506529030785,49.132886181319144,59.459426021618015,1.0,-0.032980336486481576,-0.10338801701000672,0.07040768052352514,1.2444779921369165,0.7599983215332031,0.8414287567138672,4.9695858788818335,6.414964773504712,50.65194943643938,49.56705042623152,0.021650565495454743,2607414.6,1.5430169793480484,13.63738430525534,15437146,0.6595529706471113,0.3992851208419839,2.1803443767634403,-5.89552227121388,34.14893796185993,0.35735618223696064,0.45634828427183716,0.0
2023-09-05,50.43000030517578,50.5,50.310001373291016,50.349998474121094,3132796,50.369998931884766,50.140999221801756,50.10249977111816,50.25140014648437,50.79230007171631,49.38869997024536,50.233223547915046,50.20201725902631,50.31685915432844,49.144996751396775,56.24995032941532,0.936534759358833,-0.016899347672755027,-0.08609028314255639,0.06919093546980136,1.206027083660488,0.4499969482421875,0.817857197352818,5.007279021814331,6.331356330555452,50.62761076413548,49.57738877810084,0.02096146880559538,2646749.4,1.1836390706275404,-22.13338105553049,12304350,0.49398473955106803,0.19621011026420163,1.9463936172745464,-6.06343300843404,33.909575844199644,-0.01982220817886544,0.37765577722653854,0.0
2023-09-06,50.31999969482422,50.40999984741211,50.20000076293945,50.310001373291016,1934818,50.36399917602539,50.19099922180176,50.089999771118165,50.25780014038086,50.77600009918213,49.41439998626709,50.24857911299024,50.21230146038486,50.31659022173874,49.15658883718677,64.67075853341527,1.0,-0.00729834912226579,-0.07033189633849826,0.06303354721623247,1.2681180842295525,0.5,0.6921430315290179,4.978977122423983,6.3320358469234215,50.579982925523524,49.60001661671281,0.019564110866212542,2627092.65,0.7364863968539519,-38.23989816125915,10369532,0.43921262363371544,0.10386692764973363,1.8124299541688709,-6.138054467330889,33.80320057171763,-0.05958049693346819,0.41832486310974265,0.0
2023-09-07,51.79999923706055,51.79999923706055,50.099998474121094,50.16999816894531,2171675,50.327999114990234,50.204999160766604,50.07999973297119,50.26520011901855,50.76070007324219,49.43894998550415,50.23286292418126,50.20827257548585,50.31084151378606,49.166672512129644,62.068927717975136,0.9525514320736662,-0.01086137397641096,-0.0584377918660808,0.04757641788966984,0.5410754204614232,0.1399993896484375,0.7935717446463448,4.89877886794305,6.353129234547529,50.55381888200791,49.60618058393447,0.018922490078400415,2643466.15,0.821525556512233,12.241823261929552,8197857,0.17970933796725166,-0.18939932567227172,1.4786887335906382,-6.399254482874357,33.430851608879074,2.9616335183814035,3.393215199033549,0.0
2023-09-08,50.470001220703125,50.470001220703125,50.16999816894531,50.209999084472656,2405062,50.295999145507814,50.231999206542966,50.07899971008301,50.2784001159668,50.747600059509274,49.46599998474121,50.228290156239545,50.208437004913165,50.306886908714944,49.17705387105843,65.4970486273775,1.0,-0.010338185099541874,-0.04881787051277302,0.03847968541323114,0.8030469788264716,0.2700004577636719,0.7821431841169085,4.812353001185976,6.220277473728965,50.551568651567884,49.60643076859814,0.01887293852595562,2623339.15,0.9167941552658184,10.746865898442447,10602919,0.2615854452924904,-0.136044566526329,1.5040615775703479,-6.324625907004795,33.53723702683295,0.5979730171557215,0.5979730171557215,0.0
2023-09-11,50.209999084472656,51.70000076293945,49.900001525878906,50.15999984741211,4310243,50.23999938964844,50.267999267578126,50.08049964904785,50.29540008544922,50.73800006866455,49.492299976348875,50.21463209447406,50.20382394229402,50.301126631801104,49.18683442803708,58.44151983770166,0.8421285635457239,-0.013799008336462748,-0.041814098077510964,0.028015089741048216,0.2598462348334607,0.3600006103515625,0.8057144709995815,4.77099151688865,6.006157938553668,50.553939815568086,49.60705948252762,0.018907166255847662,2705311.1,1.5932522510996978,79.21546305251175,6292676,0.15874481868467,-0.2692099830343715,1.3490984888201025,-6.417908068355392,33.404260327126536,0.0,3.6072127896169293,0.0
2023-09-12,50.16999816894531,50.22999954223633,48.650001525878906,50.02000045776367,2862912,50.17399978637695,50.27199935913086,50.07699966430664,50.30460006713867,50.721800079345705,49.51854997634888,50.17570576713199,50.18631694376732,50.2901020759565,49.195124637288096,56.603760004606436,0.7474315821518424,-0.027521268356295536,-0.038955532133267884,0.011434263776972348,0.160195901591198,0.04000091552734375,0.887857164655413,4.868607496777712,5.664844633190777,50.55117850093834,49.60282082767494,0.018937989089217788,2734679.65,1.046891177911826,-33.57887246728317,3429764,-0.11382312623572782,-0.5657526528292869,1.01265178736917,-6.679100966926146,33.03192150975984,0.01993285798169508,3.2476833849983686,0.0
2023-09-13,51.5,51.5,49.75,49.880001068115234,2467090,50.087999725341795,50.225999450683595,50.06549968719482,50.30460006713867,50.70770008087158,49.54274997711182,50.11656482732864,50.15714400322903,50.27401968349214,49.201939328142096,45.03318285051675,0.41882846474982427,-0.04912673656765065,-0.040989773020144435,-0.008136963547506218,0.1606462495588712,-0.45999908447265625,0.8442856924874442,4.95950856507128,5.669192655679989,50.54740180616215,49.583597568227496,0.019250866244348377,2746684.75,0.8982064650848628,-13.825852837949615,962674,-0.37051186992753243,-0.8440560077145028,0.6807274347088579,-6.940293865496902,32.659582692393144,2.9588155311714224,3.5175879396984926,0.0
2023-09-14,50.08000183105469,50.18000030517578,49.7599983215332,49.880001068115234,2684250,50.03000030517578,50.178999710083005,50.06849975585938,50.30260009765625,50.6939001083374,49.56724998474121,50.069252075485956,50.13074943798009,50.258567973085206,49.2086862111269,47.88740718453488,0.49988812162195767,-0.06549424885213284,-0.045890668186542125,-0.019603580665590717,-0.20007698086629278,-0.4699974060058594,0.8628572736467633,4.50104847561973,5.66807842477233,50.54467980394962,49.592319707769136,0.01902114305050717,2725282.85,0.9849436362174296,8.802273123396386,962674,-0.37648159753794896,-0.8401136893929835,0.6309631530300791,-6.940293865496902,32.659582692393144,0.4009638305066106,0.8440554618363522,0.0
2023-09-15,51.400001525878906,51.400001525878906,49.95000076293945,50.119998931884766,2701704,50.012000274658206,50.153999710083006,50.08699970245361,50.30700004577637,50.681900100708006,49.59224998474121,50.07940144676572,50.129725580256725,50.253133893038125,49.21775399939315,60.5263289982884,0.8401106153448363,-0.05842629642273067,-0.04839779383377983,-0.010028502588950841,-0.4370306317764583,-0.25,0.952857426234654,4.764297997078945,5.523941494665338,50.539225878193456,49.634773526713765,0.018057626866306076,2768081.75,0.976020307203716,0.6502374965074109,3664378,0.06588382140513531,-0.3717198674567043,1.064176251946499,-6.492536644224954,33.29787490917266,3.047314405001689,2.902904385970071,0.0
2023-09-18,50.56999969482422,50.56999969482422,50.029998779296875,50.439998626708984,2785227,50.06800003051758,50.153999710083006,50.124999618530275,50.315400009155276,50.67150009155274,49.61894998550415,50.151520882754376,50.15927539420456,50.26046192180953,49.2299156374759,63.85542722413468,0.9197795069053346,-0.026695858933109662,-0.0440574068536458,0.01736154792053614,0.17874906716064398,0.0,0.8842860630580357,5.161726438488171,5.58966327943007,50.56064682014853,49.68935241691202,0.017382432117054883,2742259.75,1.0156685558324663,3.091493368629572,6449605,0.6284269537675173,0.24763515251997736,1.6547078111179225,-5.89552227121388,34.14893796185993,0.8978467129479063,1.079354244859194,0.0
2023-09-20,50.459999084472656,50.63999938964844,50.36000061035156,50.380001068115234,2700162,50.14000015258789,50.15699996948242,50.14899959564209,50.32240005493164,50.660600090026854,49.645349998474124,50.19721691982655,50.18029688695796,50.265149731468576,49.24135927360167,51.47062948439613,0.3145762733236081,-0.0063177332785500084,-0.036509472138626646,0.030191738860076638,0.019857328653105633,0.030002593994140625,0.7957145145961216,5.016232151579234,5.574852608968647,50.585342512427296,49.71265667885688,0.017401859271510788,2773058.15,0.9737127221800236,-3.054149625865321,3749443,0.4606302704654946,0.11446396261051929,1.4797983490169575,-6.0074580180455115,33.98936998040098,0.03965197919946262,0.5559943921829915,0.0
2023-09-21,49.599998474121094,50.45000076293945,49.599998474121094,50.27000045776367,2725534,50.21800003051758,50.15299987792969,50.171999549865724,50.324600067138675,50.65080009460449,49.669850006103516,50.21177362741398,50.188840084177556,50.26533995602917,49.25159450926497,47.26033302937587,0.1088333066266219,0.0009450541809243873,-0.02901856687471644,0.029963621055640828,-0.33703047893283156,-0.04000091552734375,0.827857426234654,5.040971560153367,5.512198209473091,50.58072500807045,49.763274091660996,0.01629297065581361,2722936.75,1.0009538414728143,0.9396473248642012,1023909,0.1953298827577026,-0.10849486990887437,1.2082791705358646,-6.212683043200451,33.69681515376376,-1.5482385419951745,1.7137143446926715,0.0
2023-09-22,50.20000076293945,50.290000915527344,50.099998474121094,50.220001220703125,2824953,50.28600006103515,50.15800018310547,50.18149967193604,50.32700012207031,50.639900093078616,49.69155000686646,50.213419146071814,50.19180781146571,50.263561966408545,49.261230396940974,44.96649965565179,0.0,0.002635959300413049,-0.022687661639690545,0.025323620940103594,-0.2581872042851874,0.0500030517578125,0.8278576987130302,4.840652835343677,5.457036474804836,50.5851288063107,49.77787053756138,0.016086770503608145,2748976.1,1.02763825411214,3.6476888565690313,-1801044,0.07672458778392978,-0.21260735014535723,1.0634629303445873,-6.305965204551048,33.56383845405735,-0.1392474521320758,0.37924640158301565,0.0
2023-09-25,50.29999923706055,50.29999923706055,49.81999969482422,50.220001220703125,1943054,50.306000518798825,50.159000396728516,50.19549980163574,50.3210001373291,50.62150009155273,49.712200012207035,50.21473556099808,50.19449289805975,50.26185370187108,49.27077040513762,42.25358166573985,0.0,0.003930703091455712,-0.017363988693461296,0.021294691784917007,-0.1788911749775246,0.01000213623046875,0.8435717991420201,4.784340311821338,5.349693553445732,50.582959222351256,49.808040380920225,0.015438014254133962,2748335.25,0.7069930788101634,-31.218183098975448,-1801044,0.048811983473039944,-0.2007092791286808,1.0214820675234604,-6.305965204551048,33.56383845405735,0.15929513025269065,0.9634675736182213,0.0
2023-09-26,50.220001220703125,50.380001068115234,50.0099983215332,50.02000045776367,2370206,50.22200088500976,50.14500045776367,50.206499862670896,50.30960014343262,50.59660011291504,49.733200016021726,50.1757885403512,50.177874570412506,50.25236926092569,49.278225430536885,39.21571560714972,0.0,-0.011054167655366598,-0.01610202448584236,0.005047856830475761,-0.2989789050350966,-0.1399993896484375,0.8564292362758091,4.902559748408651,5.317460347716523,50.55745408343582,49.85554564190597,0.013980429694357744,2743886.75,0.8638133479816541,21.98353725629858,-4171250,-0.37146466178154786,-0.5756350375341844,0.5766780373061694,-6.679100966926146,33.03192150975984,0.0,0.7398575464912908,0.0
2023-09-27,49.939998626708984,49.939998626708984,49.5099983215332,49.70000076293945,3315836,50.08600082397461,50.11300048828125,50.19249992370605,50.29380012512207,50.56860012054443,49.75250001907349,50.080630984868854,50.13236277922459,50.23070775120074,49.28242220001353,33.14913168099814,0.0,-0.048195518766007694,-0.022520723341875427,-0.025674795424132268,-1.0157305931736582,-0.31999969482421875,0.8778580256870815,5.262252922090814,5.392790022960088,50.599380505215976,49.78561934219613,0.0162128039897751,2808347.7,1.180707075551934,39.896532200154745,-7487086,-0.981220623629448,-1.1806611564553633,-0.10552084038773439,-7.27611533993722,32.18085845707258,-0.15993968477117498,0.8685120576721224,0.0
2023-09-28,49.38999938964844,49.47999954223633,49.119998931884766,49.369998931884766,4265474,49.90600051879883,50.0620002746582,50.143999862670896,50.26800010681152,50.54060012817383,49.76905000686646,49.938504574272045,50.05975669852556,50.19695446416875,49.28329361028091,29.999980926477292,0.0,-0.10307056363749467,-0.03863069140099928,-0.06443987223649539,-1.5749619575967766,-0.5100021362304688,0.7978581019810268,4.944153426984419,5.398061936690971,50.685747042347394,49.6022526829944,0.02160765719368932,2895967.5,1.472901197958886,28.63947432864593,-11752560,-1.543556423312624,-1.78642709679845,-0.801805690336939,-7.89179041540204,31.30319397716092,-0.6237452083143206,0.7329002813106312,0.0
2023-09-29,49.25,49.689998626708984,49.0,49.290000915527344,5822166,49.720000457763675,50.003000259399414,50.09099998474121,50.233400115966795,50.50980014801026,49.784950008392336,49.808803842523105,49.9864466239543,50.16138765833967,49.283360349636595,27.450951059516953,0.0,-0.15127084723611972,-0.06115872256802337,-0.09011212466809634,-1.4594153049893088,-0.5900001525878906,0.8257149287632534,4.929148710599065,5.386807359187033,50.74389258723487,49.43810738224755,0.02606825987472972,3049345.3,1.909316731037315,36.49517029057028,-17574726,-1.5990877991213337,-1.878031744340534,-0.9941741284897501,-8.041040450168452,31.090433286725034,-0.24306043038470956,1.4081604626713966,0.0
2023-10-03,47.79999923706055,49.88999938964844,47.79999923706055,48.83000183105469,12887312,49.44200057983399,49.874000549316406,50.01400012969971,50.1884001159668,50.47380016326904,49.79815002441406,49.613043440229426,49.87630902463053,50.10917644942654,49.27884931960096,22.857107268030717,0.0,-0.2240058015549593,-0.09372813836541057,-0.13027766318954875,-2.1050505504734973,-1.2899971008300781,0.8464292798723493,5.704767884597998,5.697914214150694,50.86233880858268,49.16566145081674,0.03392404833378646,3516687.95,3.6646163046681464,121.3490992871038,-30462038,-2.367333737702638,-2.7065981018987606,-1.9441448987256176,-8.89924772175028,29.86703141667108,-3.0229288918463304,4.372385326247999,0.0
2023-10-04,50.29999923706055,50.29999923706055,48.099998474121094,48.36000061035156,8145199,49.11000061035156,49.66600074768066,49.910000228881835,50.14260009765625,50.43370018005371,49.80915002822876,49.36243487425386,49.731898699461105,50.04058131848243,49.2697065463746,20.143833558144735,0.0,-0.31593207907959453,-0.13816892650824736,-0.17776315257134717,-3.0473144050016887,-2.079998016357422,0.8907151903424945,6.2713014926334925,5.978204220932777,51.01085090904451,48.80914954871916,0.04411343118069688,3722783.65,2.187932409126166,-36.796757927487135,-38607237,-3.105589283554683,-3.5550599367263533,-2.909404029291618,-9.776115695785856,28.617028119392725,3.0104389737519464,4.573806305052388,0.0
2023-10-05,48.54999923706055,48.54999923706055,48.16999816894531,48.25,6421522,48.82000045776367,49.45300064086914,49.80500030517578,50.09460006713867,50.39710018157959,49.81770002365112,49.13994789940309,49.59076548998862,49.97036244324783,49.25956021257983,20.363575832818924,0.005027093643697576,-0.39312870327560745,-0.1891608818617194,-0.20396782141388806,-3.731043439219095,-2.1300010681152344,0.7928581237792969,6.270404676212757,5.9862606603251365,51.110687917494964,48.4993126928566,0.05243198892957318,3887219.95,1.6519574612699752,-21.161877076299795,-45028759,-3.1221770819147734,-3.68223334384638,-3.1468735467652054,-9.981340720940796,28.324473292755503,0.3928838385256653,0.7888749897445856,0.0
2023-10-06,48.34000015258789,48.7599983215332,48.22999954223633,48.380001068115234,11110656,48.62200088500977,49.264000701904294,49.70850028991699,50.05060005187988,50.358100204467775,49.82945003509521,48.98795853314552,49.47545459266735,49.907995330497535,49.250808380296604,23.958308498040992,0.08726460465027912,-0.438759834140491,-0.23908067231747374,-0.1996791618230173,-4.084055540602138,-1.8899993896484375,0.8007150377546038,6.487164231848519,5.988474449989383,51.136583094349824,48.28041748548416,0.057458293696400625,4346011.85,2.5565176496239883,73.02215892120279,-33918103,-2.6725795669824963,-3.337820090134766,-2.9088199166539517,-9.738801407851074,28.670220828369665,0.18652881365365934,1.0988985783272516,0.0
2023-10-09,49.849998474121094,49.939998626708984,48.630001068115234,48.880001068115234,18450424,48.540000915527344,49.13000068664551,49.64400043487549,50.01140007019043,50.32640022277832,49.84335004806518,48.966367040139474,49.418744733186195,49.86768183001196,49.24711875529977,30.254807248412163,0.23131102854605665,-0.4296245681897233,-0.27718945149192364,-0.15243511669779963,-2.9773719098813767,-1.3400001525878906,0.8035719735281808,7.792443495998337,6.388476472344776,51.10056260220653,48.187438267544444,0.058680289846576965,5159949.3,3.575698699210087,66.06061784290685,-15467679,-1.5389560874782648,-2.262282200632842,-1.9327532740495317,-8.805965560399684,30.00000811637749,3.03844020990454,2.6938053255620087,0.0
2023-10-10,49.290000915527344,49.290000915527344,48.86000061035156,48.93000030517578,6469486,48.560000610351565,49.001000595092776,49.580000495910646,49.97140007019043,50.29950023651123,49.855900058746336,48.95909369314674,49.372197644804245,49.830910005508585,49.24396334783585,23.69339924211107,0.11330765177270656,-0.4135827589392562,-0.3044681129813902,-0.10911464595786602,-2.665606008326471,-1.2900009155273438,0.7957147870744977,7.800903387136252,6.130673156057195,51.04431246078776,48.115688531033534,0.05906865470878276,5363170.5,1.2062801285172642,-64.93584104083462,-8998193,-1.311012876630521,-2.0839915702819676,-1.8571518164942284,-8.712683399049087,30.1329848160839,0.8387885402063854,0.8800661068446255,0.0
2023-10-11,49.18000030517578,49.20000076293945,48.79999923706055,49.16999816894531,3861459,48.72200012207031,48.91600036621094,49.530500411987305,49.94140007019043,50.27530021667481,49.86800004959107,49.00127458830646,49.352940551865295,49.804991894270806,49.2432273759066,30.163881936966163,0.3695185062309409,-0.37715606730055384,-0.319005703845223,-0.05815036345533087,-2.090806503853593,-0.8500022888183594,0.8042864118303571,8.104616616433999,6.2190666474148815,50.97910720284732,48.08189362112729,0.05849352535551699,5340731.3,0.7230206470039038,-40.31273891001542,-5136734,-0.727838887237941,-1.5446140880330728,-1.399698965171311,-8.26492617777714,30.771277032863413,0.5109339841421484,0.8196752707633858,0.0
2023-10-12,49.20000076293945,49.4900016784668,49.20000076293945,49.38999938964844,3986932,48.95,48.885000228881836,49.49900035858154,49.916000061035156,50.2548002243042,49.88065004348755,49.079019548574855,49.356469964987504,49.788717678403266,49.24468779395379,36.075931794175354,0.6418367057530007,-0.32676860676057373,-0.32055828442829315,-0.006210322332280582,-1.652731602707569,-0.3100013732910156,0.7664293561662946,8.298307560599556,6.292252287207467,50.93008224149899,48.067918475664094,0.05782265793451899,5396932.3,0.7387404136976111,3.249367661290714,-1149802,-0.22020842470247048,-1.0537716779059765,-0.9836492776484397,-7.854476127467258,31.356386686137856,0.06101809052555467,0.5894327459966032,0.0
2023-10-13,49.38999938964844,49.560001373291016,49.20000076293945,49.4900016784668,2529347,49.172000122070315,48.89700050354004,49.47950038909912,49.892000122070314,50.22990024566651,49.89375005722046,49.16121597455325,49.36918727103315,49.77700332546458,49.24712872812805,38.62930088902568,0.8360776993443374,-0.2755900023091513,-0.3115646280044648,0.03597462569531351,-1.0595737194053045,0.12000274658203125,0.7785720825195312,8.307793647266356,6.264292024562594,50.89930707709365,48.05969370110459,0.05738969378548249,5400045.15,0.46839367630102124,-36.55906346032488,1379545,0.021223515365138793,-0.8057372777598638,-0.8092163413065248,-7.667904687793353,31.62235023102254,0.0,0.7317085462785962,0.0
2023-10-16,50.95000076293945,50.95000076293945,50.0,50.25,6107437,49.44599990844726,48.9930004119873,49.49800033569336,49.88340011596679,50.218100242614746,49.91155006408692,49.37897277964261,49.45307419760142,49.795552214662045,49.25710754675364,50.37781826288156,1.0,-0.17172553155043602,-0.28359680871365905,0.11187127716322304,1.1066382869568736,0.9599990844726562,0.8485720498221261,9.993500635097535,6.873408532602751,50.949077343666744,48.04692332771998,0.05863174262120644,5571204.5,1.0962507299812814,141.46299420364227,7486982,1.5192526146644463,0.7349135848417526,0.6780994288466493,-6.249997331135233,33.64362244478682,2.9500889774831123,1.9000015258789062,0.0
2023-10-17,50.38999938964844,50.38999938964844,50.13999938964844,50.310001373291016,4384291,49.72200012207031,49.14100036621094,49.50750045776367,49.87880012512207,50.20370025634766,49.92965007781982,49.56517849837229,49.53468630957185,49.81572669147103,49.26758410224157,53.78591092536743,1.0,-0.08360681349631705,-0.24359880967019068,0.15999199617387364,1.903995263810243,1.4799995422363281,0.8400004250662667,9.862575862950886,6.873569332272984,50.978080341925825,48.03692057360151,0.059408367239899396,5655333.85,0.7752488387577685,-28.213897253463283,11871273,1.6209683545061706,0.8644980374172366,0.7617744063464933,-6.138054467330889,33.80320057171763,0.2786057505441542,0.49860391512412605,0.0
2023-10-18,51.29999923706055,51.29999923706055,50.47999954223633,50.779998779296875,4319795,50.044000244140626,49.383000183105466,49.52450046539307,49.88440010070801,50.19700023651123,49.94920007705689,49.808142554557215,49.65328749716471,49.85354128315047,49.28263300450083,63.56781583636288,1.0,0.023877522933972273,-0.1901035431493581,0.21398106608333037,3.022921152553981,2.4199981689453125,0.8742858341761998,10.156858299580858,6.931530577871199,51.04739893577026,48.001601995015875,0.061500810954827095,5732062.25,0.7536196942034257,-1.4710702368980533,16191068,2.5351054571083043,1.7953481985967734,1.6632873018152665,-5.261193610268027,35.053193723524124,1.9677953423692596,1.6244051154123518,0.0
2023-10-19,50.939998626708984,50.9900016784668,50.689998626708984,50.90999984741211,5754437,50.34800033569336,49.64900016784668,49.55100040435791,49.89280006408691,50.192800216674804,49.971000080108645,50.0285140131282,49.77297438766446,49.89497103076857,49.29882570940542,70.37038905887957,1.0,0.11818724468275121,-0.12844538558293622,0.24663263026568744,4.259672206349574,2.6599998474121094,0.8542859213692802,10.169265725974826,6.950636766774141,51.15297130485129,47.94902950386452,0.06465947760572335,5884776.0,0.9778514934128334,33.21088153488765,21945505,2.742627660317996,2.0387706883931376,1.8790894034503034,-5.018654297178305,35.398941259138276,0.31508438609364775,0.591838745088737,0.0
2023-10-20,51.459999084472656,51.65999984741211,51.209999084472656,51.59000015258789,7276449,50.76800003051758,49.97000007629394,49.61700038909912,49.91340003967285,50.19690021514893,49.995900077819826,50.34081124102015,49.94602446051431,49.961442761036,49.321623465058984,76.25569265043882,1.0,0.24497480322151688,-0.0537613478220456,0.2987361510435625,6.679072583685897,3.2099990844726562,0.8585717337472099,11.06352343611482,7.449133521083172,51.43755062838617,47.79645014981207,0.07338413144729432,6112321.75,1.1904558198363822,26.44936420365711,29221954,3.97645917330029,3.3590180424143044,3.1884615984246896,-3.749996975286597,37.207452782466675,1.0803363557434873,0.8787361276792085,0.0
2023-10-23,51.59000015258789,51.630001068115234,51.310001373291016,51.540000915527344,7956254,51.02600021362305,50.236000061035156,49.68300037384033,49.9368000793457,50.20090023040771,50.019650077819826,50.58064917592159,50.09783174194412,50.0233470023886,49.34369687252633,84.13096034253472,1.0,0.33752950620606725,0.024496822983576978,0.3130326832224903,6.818654747206931,2.6599998474121094,0.7321431296212333,11.062827456388503,7.385939564726117,51.68250642533931,47.683494322341346,0.08049055155500577,6368886.8,1.2492377788846867,9.342537823050767,21265700,3.7376980611355832,3.210459688314591,3.0395071443766177,-3.8432791366371934,37.07447608276026,0.0,0.6236594937820288,0.0
2023-10-25,51.689998626708984,51.689998626708984,51.27000045776367,51.40999984741211,7689457,51.24599990844727,50.484000015258786,49.74250030517578,49.960400085449216,50.20370021820068,50.04085008621216,50.746519310219696,50.222800132941074,50.0777255453307,49.36425710113216,92.01099641334493,1.0,0.3958269289658958,0.09876284418004075,0.297064084785855,6.262915899962218,2.479999542236328,0.6050000871930804,11.13817170904159,7.400094116934914,51.87564567604642,47.609354934305145,0.08576751702401575,6656206.95,1.1552310584333618,-3.3532991782313615,13576243,3.3522632195929694,2.9014975049911267,2.736064153269038,-4.085818449726915,36.72872854714611,0.29103164244696617,0.8191889315298677,0.0
2023-10-26,51.900001525878906,51.900001525878906,51.54999923706055,51.83000183105469,8832646,51.45600051879883,50.750000381469725,49.833000373840335,49.994400100708006,50.212100219726565,50.06185009002686,50.9632158143867,50.37586696133285,50.14644226241792,49.38879187456423,95.43146716651434,1.0,0.4704951314874961,0.17310930164153182,0.2973858298459643,6.035189645001382,2.660003662109375,0.6128572736467633,11.224318781801221,7.494535261690584,52.160448473111835,47.505552274568835,0.09340991237980067,6979328.95,1.265543731106126,14.866966549133442,22408889,4.007387558913013,3.671614674141647,3.5319344727534827,-3.302232637041936,37.845755144718055,0.9531252284013821,0.6789569233722398,0.0
2023-10-27,51.97999954223633,51.9900016784668,51.560001373291016,51.63999938964844,4682849,51.6020004272461,50.97500038146973,49.93000030517578,50.02540008544922,50.215300216674805,50.07970008850098,51.09857252943905,50.49626052593433,50.20501313015245,49.41119194934119,90.74994015699372,0.9347413842472875,0.5084772021658921,0.2401828817464039,0.2682943204194882,5.538522517004751,2.25,0.6057145254952567,10.998491180237352,7.539621652957927,52.391929220450486,47.46807138990108,0.09861521731332731,7047679.6,0.6644525951491893,-46.982489731842534,17726040,3.424792858043296,3.2275590029091084,3.1156322789275785,-3.6567148139360004,37.340429482173086,0.28940325271562567,0.8339803989969033,0.0
2023-10-30,52.29999923706055,52.29999923706055,51.849998474121094,52.02000045776367,4571747,51.68800048828125,51.228000259399415,50.062500381469725,50.063600082397464,50.22830020904541,50.10090009689331,51.28285811510398,50.64137861467998,50.27618910378426,49.43715024295734,90.46385873839861,0.9307535235915395,0.5627540982773453,0.3046971250525922,0.25805697322475313,5.796222076368429,2.529998779296875,0.541428974696568,10.667904357477525,7.675329060734301,52.67798343512232,47.44701732781713,0.10448871046084221,7062993.25,0.6472818022302371,-2.3725300559552576,22297787,3.9101124821534112,3.9078299845521594,3.830470824194555,-2.947757577120584,38.35107066179116,1.2780787281426855,0.8678896358387619,0.0
2023-10-31,52.13999938964844,52.150001525878906,51.849998474121094,52.060001373291016,4323961,51.79200057983398,51.409000396728516,50.20100040435791,50.108400115966795,50.23820022583008,50.12370010375977,51.43828676674139,50.776485544071505,50.34614252611786,49.463248264154686,90.43922172422053,0.9235111054785324,0.6020565360901813,0.36416900726011003,0.23788752883007125,5.405956705077797,1.8100013732910156,0.5321434565952846,10.575358999184745,7.674501165734868,52.934926818467105,47.46707399024872,0.10891920049752082,6988083.0,0.6187621125850966,-5.419941217219593,26621748,3.703115384074546,3.8947586688211833,3.8630453568331196,-2.8731290012510216,38.457456079745036,0.23067845218916466,0.5785979953452599,0.0
2023-11-01,51.900001525878906,51.900001525878906,51.40999984741211,51.7599983215332,4307988,51.8620002746582,51.55400009155274,50.347500228881835,50.14860008239746,50.24590019226074,50.141950092315675,51.50262907769976,50.87015342763928,50.40158785142827,49.48610149855646,82.9515573721959,0.7897431180422919,0.6020561338250872,0.41174643257310545,0.1903097012519817,4.586778270516989,1.4499969482421875,0.5500005994524274,10.095223768952255,7.752838928608647,53.086104299934135,47.608896157829534,0.10878808515229127,6559116.8,0.656793914692905,-0.3694066620859915,22313760,2.8054979616268803,3.213246703772611,3.2269351834911912,-3.432836203300026,37.659575590562845,-0.30733738607658984,0.9531252284013821,1.0
2023-11-02,51.900001525878906,51.900001525878906,51.380001068115234,51.849998474121094,3706297,51.86599960327148,51.66100006103515,50.52200012207031,50.19200004577637,50.25740016937256,50.161400089263914,51.572102956984025,50.963472003494694,50.45838826800446,49.509622861497405,82.36831802439391,0.7700237508847,0.6023742794497551,0.44987200194843535,0.15250227750131973,3.184076565415106,1.0699996948242188,0.5642860957554409,8.956877611388022,7.753593156904874,53.1706587781991,47.87334146594152,0.10485169430066697,6337171.7,0.584850336310124,-13.966868059985316,26020057,2.6285545877876952,3.3033121350665238,3.366330249658625,-3.2649254660798674,20.72176380229832,0.27048533401412217,1.0120678220195043,1.0
2023-11-03,51.470001220703125,51.95000076293945,51.470001220703125,51.79999923706055,3203929,51.8979995727539,51.75,50.69950008392334,50.23,50.26580017089844,50.180300083160404,51.617682212999334,51.0431412638343,50.51100046286941,49.53241267617963,80.79990478534997,0.6752413458794323,0.5917703315616905,0.47825166787108636,0.1135186636906041,2.9616335183814124,0.8899993896484375,0.5728574480329242,8.856463164860436,7.757877868595499,53.177372162025414,48.221628005821266,0.09774739687769819,6176292.05,0.5187463568857629,-13.554445312936336,22816128,2.170631172527423,3.125620619272447,3.2277590034653554,-3.3582076274304637,20.605351145319535,-0.7328780416601739,0.932581175155004,1.0
2023-11-06,51.79999923706055,51.79999923706055,51.52000045776367,51.75,5369415,51.84399948120117,51.765999984741214,50.86800003051758,50.26879997253418,50.27400016784668,50.199300079345704,51.64414577039947,51.11046114346913,50.55958868001179,49.55447822169028,74.67098328564975,0.5014958196103363,0.5727300306125116,0.4971473404193714,0.07558269019314018,1.9102033163076682,0.15999984741210938,0.4885717119489397,8.997479388946331,7.760433319603422,53.13073788856417,48.60526217247099,0.08896508047059418,5889230.0,0.9117346410311704,67.58845155432596,17446713,1.7338994435662454,2.946559353465995,3.0890867366740933,-3.4514897887810605,20.48893848834075,0.0,0.543475886663509,1.0
2023-11-07,51.599998474121094,51.599998474121094,51.31999969482422,51.36000061035156,4250564,51.70399932861328,51.74799995422363,50.99200000762939,50.29540000915527,50.27870018005371,50.21495008468628,51.58731673838989,51.134226806981744,50.590977383162375,49.57244361859239,65.5785933642508,0.0631056845009221,0.5201745155309538,0.501752775441688,0.018421740089265892,0.8839142885252338,-0.18000030517578125,0.5014288766043526,9.39947767749622,7.885343894326822,53.059407345447084,48.9245926698117,0.08108751715988262,5179237.0,0.8206930866457742,-20.83748415795762,13196149,0.7216830143299132,2.1166957634346293,2.2802980461678914,-4.179100611077511,19.58090732950324,-0.28985802102204106,0.5455938834019786,1.0
2023-11-08,51.5,51.5,51.27000045776367,51.400001525878906,3223867,51.63199996948242,51.74700012207031,51.11550006866455,50.324600067138675,50.28710018157959,50.22845008850098,51.5498536958877,51.15953868497195,50.62270382013165,49.59062827438629,60.544228279006525,0.0,0.47626158369395455,0.4966545370921413,-0.020392953398186753,-0.3682857649680682,-0.009998321533203125,0.44714328220912386,9.404871312869005,7.8591301235668665,52.94576604828023,49.28523408904888,0.07161295408074024,5016956.05,0.6425942280279693,-24.154371043466227,16420016,0.5565854913522847,2.136929965276474,2.3324459251951657,-4.104472035207948,19.674041007772832,0.2725844781633837,0.4486045254198938,1.0
2023-11-09,51.099998474121094,51.099998474121094,50.900001525878906,50.939998626708984,3926743,51.45,51.65799980163574,51.204000091552736,50.34740005493164,50.29490016937256,50.24065008163452,51.42788268205196,51.13863010799452,50.63514675372292,49.60405484505617,50.458695261626616,0.0,0.39973399461501913,0.47727042859671687,-0.07753643398169774,-1.164148774078888,-0.8900032043457031,0.46142877851213726,10.187481722239744,8.077290774652523,52.79351027263972,49.61448991046575,0.062085390916527705,5020220.25,0.7821854031205105,21.80226417529012,12493273,-0.515587579821336,1.177019212771242,1.3919974043689998,-4.96268642376249,18.41003738882113,-0.5836635074938018,0.39292130107403583,0.0
2023-11-10,51.29999923706055,51.40999984741211,51.099998474121094,51.310001373291016,5683308,51.3520004272461,51.625,51.30000019073486,50.37400009155274,50.30140018463135,50.25490009307861,51.404306420299775,51.154951180879905,50.66161164076481,49.62102943737691,45.270313808879436,0.0,0.3647369972621064,0.45476374232979483,-0.09002674506768843,-0.19451171837754355,-0.3299980163574219,0.4414288657052176,10.331347154523844,8.198976853138552,52.64065162463693,49.959348756832796,0.052267112238498524,5105039.05,1.1132741482163588,44.73338336631656,18176581,0.01949548249311435,1.8581039425837398,2.0994993090389595,-4.272382772428108,18.0897594300061,0.7067149981484414,0.6066563259253552,1.0
2023-11-13,51.279998779296875,51.439998626708984,50.849998474121094,50.93000030517578,4839603,51.18800048828125,51.515999984741214,51.37200012207031,50.38580009460449,50.30540019989014,50.26705009460449,51.30944519727498,51.13352728795571,50.67213668642799,49.634054023126154,40.72951958240285,0.0,0.3028476748452249,0.42438052883288085,-0.12153285398765595,-1.7364489563642227,-1.0900001525878906,0.4607146126883371,10.84957231402698,8.3547144246332,52.427763280116594,50.31623696402403,0.041102668984566486,5220551.85,0.927029007479353,-14.845315439529227,13336978,-0.8603905159313409,1.0800666250203403,1.3188564065796409,-4.9813400092435245,16.38483148687508,-0.05847318883479551,1.1602756544587847,0.0
2023-11-15,51.70000076293945,51.849998474121094,50.849998474121094,51.459999084472656,3955640,51.20800018310547,51.455999755859374,51.43250007629395,50.40800010681152,50.31510017395019,50.28055009841919,51.33955597471452,51.164619840004946,50.7030332510572,49.65222263070174,50.67749388772013,0.18185777188318483,0.29318673882325186,0.39814177083095503,-0.10495503200770318,-0.34856759741144216,-0.6000022888183594,0.502143314906529,10.140257505238164,8.507698672225143,52.346735439540964,50.51826471304693,0.03555088171451349,5112962.0,0.773649403222633,-18.265196546080332,17292618,0.0534662093771771,2.0869682896207205,2.345736042554847,-3.992536288376318,17.59598048053506,1.511879939426233,1.96656839726146,1.0
2023-11-16,53.0,53.0,51.25,51.38999938964844,3282652,51.205999755859374,51.4189998626709,51.48649997711182,50.428400115966795,50.3281001663208,50.29365009307861,51.349644657701305,51.18608455901861,50.729973099629404,49.66951394173604,43.41315997459923,0.05365089620137268,0.27669244874800114,0.3738519064143643,-0.09715945766636314,-1.2110747069807304,-0.3699989318847656,0.5921431950160435,10.180599133145744,8.507265586080887,52.23393884721347,50.739061107010166,0.029034363199437738,5057880.05,0.6490173684526188,-17.013378366079824,14009966,-0.18742891341668363,1.9068605616484307,2.1798960595240344,-4.123132737661696,16.161838697808644,2.9926174561320926,3.414634146341464,0.0
2023-11-17,51.95000076293945,51.95000076293945,51.290000915527344,51.86000061035156,4213896,51.39000015258789,51.420000076293945,51.54050006866455,50.45680015563965,50.3481001663208,50.30840009689331,51.45171584823136,51.25026704009794,50.77428790397145,49.69130982898595,53.03868218393954,0.24749826398472916,0.29810935648019665,0.3587033964275308,-0.060594039947334144,-0.38417356447105755,0.01000213623046875,0.6085717337472099,10.159945632834006,8.675543205344164,52.22655617950802,50.854443957821076,0.026622019962145468,5052585.1,0.8340079220041242,28.368648275845267,18223862,0.6199019048347616,2.7809937419408,3.084177812194171,-3.24626476362612,16.513148878872343,1.0897088537498942,1.2868002254457036,1.0
2023-11-20,52.79999923706055,52.79999923706055,51.380001068115234,51.65999984741211,3682655,51.45999984741211,51.4060001373291,51.57800006866455,50.48300018310547,50.36720016479492,50.3229001045227,51.49337264806751,51.289289212223096,50.80902170567501,49.71089878439318,44.76744830767661,0.08123019352950217,0.29553725060591773,0.3460701672632082,-0.05053291665729048,-0.19319644003831238,-0.1399993896484375,0.6628573281424386,10.288660113113883,8.690595031179187,52.19773198990033,50.95826814742877,0.024030862786876123,4948996.0,0.7441216359843491,-12.606884460366373,14541207,0.15898208274534542,2.3314772498416887,2.6570403138773733,-3.619400526001219,15.98562816688812,1.8125696406593468,2.76371767112811,1.0
2023-11-21,52.599998474121094,52.599998474121094,51.709999084472656,51.880001068115234,2623630,51.65,51.419000244140626,51.59250011444092,50.51440017700195,50.386100158691406,50.3384001159668,51.57069833207706,51.34554748421283,50.85102089635894,49.7324818916939,47.51381506569269,0.1606813843771867,0.3077040769929269,0.338396949209152,-0.030692872216225076,0.057864213841996026,0.13000106811523438,0.708571297781808,9.279628009055898,8.708253505274175,52.22681315894746,50.958187069934375,0.024589350897883503,4716355.05,0.5562833951612698,-28.757105946660765,17164837,0.5572533857374462,2.7033893035020307,3.0624750659476287,-3.208950475691339,16.47956893065319,1.819586971516558,1.721135960947414,1.0
2023-11-22,52.2400016784668,52.2400016784668,51.939998626708984,52.16999816894531,4748477,51.79199981689453,51.5,51.623999977111815,50.55440017700195,50.409800148010255,50.35540010452271,51.690558299450714,51.4240665970445,50.902745495283895,49.75673578499988,55.67866128594238,0.35901952656885316,0.3368635635219732,0.33809027207171627,-0.0012267085497430497,0.7142836628075688,0.80999755859375,0.687856946672712,9.45184630880314,8.73284834239714,52.307963648454255,50.940036305769375,0.02649789522879607,4555966.2,1.0422546593958488,80.98882083220576,21913314,1.057644103664135,3.1957613704975247,3.603581861440964,-2.6679110930687946,17.130662542842543,0.6939101829988475,0.5775954171926809,1.0
2023-11-23,52.38999938964844,52.38999938964844,51.79999923706055,52.02000045776367,2382541,51.918000030517575,51.56199989318848,51.654500007629395,50.590600204467776,50.43450016021728,50.3721501159668,51.756446731113314,51.48082220282728,50.94655941538114,49.77925583149505,52.316102067523225,0.28915575496559487,0.34390478468526453,0.33925317459442594,0.004651610090838587,0.52174001500227,0.6199989318847656,0.692856924874442,9.468220299031621,8.748815450815256,52.35254166384162,50.95645835141717,0.027027331833978634,4290620.4,0.555290558913112,-49.82515446531593,19530773,0.7075868512526358,2.82542655655163,3.271352003047702,-2.947757577120584,16.793891756811085,0.42170064869598334,1.138996450343135,1.0
2023-11-24,52.900001525878906,52.900001525878906,51.779998779296875,52.150001525878906,5370475,51.976000213623045,51.68300018310547,51.67049999237061,50.63040023803711,50.462900161743164,50.38585012435913,51.83515769006644,51.54455356692743,50.99375322363595,49.802845340891906,54.666692437039764,0.41062380150988176,0.3558727236835182,0.34257708441224444,0.013295639271273751,1.5381637580590635,1.2100028991699219,0.7385714394705636,9.075484775229983,8.726002953913333,52.39946408865104,50.94153589609018,0.028215871585839634,4117511.85,1.3043010428737443,125.40955223855539,24901248,0.927998632835174,3.0013613969027313,3.5012833904074463,-2.705218264030863,17.085766623095413,1.6916590933706912,2.1630026515756513,1.0
2023-11-28,53.75,53.75,52.27000045776367,52.29999923706055,3445333,52.104000091552734,51.78199996948242,51.703499984741214,50.67600021362305,50.49030014038086,50.39500011444092,51.928125999465266,51.616500773606774,51.04497855749574,49.827692643341344,57.14284298814472,0.6605205308590483,0.3731594138341521,0.34869355029662596,0.02446586353752611,1.7509682577120378,0.9899978637695312,0.8328571319580078,8.991732034405514,8.717074765023074,52.484545859434455,50.92245411004797,0.030212495282669227,4055636.05,0.8495173032106764,-35.846773330105805,28346581,1.1536922113500487,3.204670882847074,3.780135168754057,-2.6976758380268895,17.422537409126875,3.068069851018338,2.831451175196046,1.0
2023-11-29,53.849998474121094,53.849998474121094,52.90999984741211,53.04999923706055,6169273,52.337999725341795,51.9939998626709,51.75499992370605,50.739400177001954,50.52200012207031,50.41315011978149,52.15250064698433,51.75302443679285,51.12360681943946,49.85975539551766,70.07122877566424,1.0,0.44227964784010254,0.3674107698053213,0.07486887803478126,4.142129303563125,2.1199989318847656,0.9128570556640625,9.956458347327992,9.052889252674992,52.73452697823027,50.77547286918183,0.03785246086245487,4135512.35,1.4917796098468912,79.06173365535349,34515854,2.502172379989375,4.553855686110161,5.2304787759025375,-1.4856067961543316,19.10641703324816,2.96366971256511,1.7765991862027208,1.0
2023-11-30,54.650001525878906,54.650001525878906,52.72999954223633,53.150001525878906,2888819,52.534000396728516,52.16300010681152,51.80949993133545,50.80480018615722,50.55370014190674,50.43370012283325,52.35200082276325,51.88606987384866,51.20307327851552,49.89249416298394,70.49178277509569,1.0,0.4993708439859432,0.3938027846414457,0.10556805934449753,3.586045806550464,1.69000244140625,1.033571515764509,9.961175590772381,9.054105167963554,52.965818637108406,50.6531812255625,0.04463732355284086,4063755.25,0.7108742584829635,-53.17407739939536,37404673,2.5873664025324654,4.616101886295145,5.385885620983582,-2.7447391731355975,19.33093945525713,3.016026977999659,3.6411947663771005,1.0
2023-12-01,54.75,54.75,53.060001373291016,53.290000915527344,3315625,52.78800048828125,52.353000259399415,51.886000061035155,50.86820022583008,50.58760013580322,50.45480012893677,52.53960084131607,52.01977759210378,51.284913578006176,49.92630020032268,79.74685866983947,1.0,0.5495776202660565,0.4249577517663679,0.12461986849968859,4.633812283939309,1.9000015258789062,1.1185714176722936,9.640154059903438,9.060353599397818,53.217677583814584,50.554322538255725,0.05133089932594283,4014137.1,0.8259869848491224,14.774411273257337,40720298,2.705933879737536,4.760932525518195,5.619288510399897,-2.666664994470605,19.645262281415025,3.010345114180381,3.1850708310755613,1.0
2023-12-04,54.349998474121094,54.349998474121094,53.5,53.720001220703125,7685812,53.1020004272461,52.53900032043457,51.979500198364256,50.93380027770996,50.624600143432616,50.477400131225586,52.77568091719348,52.18170365197038,51.38040721105312,49.96404846918219,80.04988598711755,1.0,0.6169524394708645,0.46335668930726726,0.15359575016359728,4.391764820128796,1.8600006103515625,1.1607140132359095,9.91976062252688,9.176136607976773,53.542958072706476,50.41604232402204,0.06015671056380877,4213112.85,1.8242597038434423,131.80582846371348,48406110,3.348437394928319,5.470239659718618,6.4238670792231405,-1.8812763092180365,20.610687284416937,1.9891115413452616,1.588782194618867,1.0
2023-12-05,53.099998474121094,53.189998626708984,52.86000061035156,52.939998626708984,6207060,53.23000030517578,52.667000198364256,52.03650016784668,50.98500022888184,50.65370014190674,50.49655012130737,52.80854445909659,52.253922220993104,51.4415676587259,49.99365991353569,72.78909740453526,0.8018166639644227,0.6004857525523519,0.4907825019562842,0.10970325059606773,3.016149553356029,1.279998779296875,1.179999760219029,11.481885879548791,9.707564772035123,53.65457304359322,50.41842729210015,0.06218991940377807,4363269.4,1.4225708822838212,-19.240023045060173,42199050,1.7362782968647323,3.834457956361222,4.838842454646386,-3.3059385813534536,18.859446651365623,-1.1541376256393097,0.6242868190447929,1.0
2023-12-06,52.939998626708984,53.099998474121094,51.349998474121094,52.83000183105469,4073967,53.18600082397461,52.762000274658206,52.09050025939941,51.036200256347655,50.680400161743165,50.517400131225585,52.81283593348821,52.30878694576087,51.49601605764076,50.021882221172696,67.16796340948073,0.6483877251139957,0.571966686480792,0.5070193388611858,0.06494734761960619,1.8704226943443425,0.9500007629394531,1.2335711887904577,11.515088437228071,9.720350995163523,53.74009360921947,50.440906909579354,0.06333566932954918,4298497.0,0.9477654631374641,-34.36559337270785,38125083,1.4196476669886393,3.514763179266912,4.577831982290884,-3.5068459706763697,17.400004069010418,0.0,3.407984521911815,1.0
2023-12-07,53.0,53.09000015258789,52.720001220703125,53.029998779296875,3667498,53.162000274658205,52.84800033569336,52.17400016784668,51.09240020751953,50.709700164794924,50.539200134277344,52.85626850264994,52.377473787050015,51.55617224280375,50.051813729213734,69.90292880210956,0.7124077061455246,0.5590587224784471,0.517427215584638,0.04163150689380912,2.65195303122594,0.8600006103515625,1.1349996839250838,11.087839943926497,9.709573674325208,53.83691356441604,50.51108677127732,0.06374490708857565,4269343.7,0.859030862284524,-9.977228583343944,41792581,1.6406612655659933,3.792342038948048,4.928448884038016,-3.1415547410102738,17.426924177316522,0.32178338643437954,0.7018188985539462,1.0
2023-12-08,53.099998474121094,53.099998474121094,52.900001525878906,52.939998626708984,2923772,53.09199981689453,52.94000015258789,52.251000022888185,51.146800155639646,50.73390014648437,50.55995012283325,52.87301452746175,52.43104758130325,51.61043994413337,50.08055188739777,64.43849912843208,0.5575309449839343,0.5353951063444882,0.521020793736608,0.014374312607880135,2.0431718133583576,0.9199981689453125,1.102142333984375,11.146886048371842,9.724426635281478,53.905606655675946,50.596393390100424,0.06333301303565375,4254338.95,0.6872447245887636,-20.278838597866987,38868809,1.3186323774071087,3.5059836893268748,4.707379058115183,-3.3059385813534536,16.300523054322145,0.13200018185093174,0.3780660538248721,1.0
2023-12-11,52.11000061035156,52.400001525878906,52.0,52.02000045776367,13193214,52.75199966430664,52.92700004577637,52.305000114440915,51.186800155639645,50.74820014953613,50.57925012588501,52.70241171352214,52.391900236204236,51.62650114074632,50.09984988312281,54.035889014335076,0.20045671662055636,0.4373637000975279,0.504289375008792,-0.06692567491126411,-0.2875171869776483,-0.13000106811523438,1.0678566523960658,12.53621838508259,10.425956560508032,53.84605243498171,50.76394779390012,0.058925621534042315,4717662.5,2.796557405282807,351.2394947348835,25675595,-0.5448803289430785,1.6277639930423093,2.8485007751060474,-4.986300533764982,14.27943746624324,-1.567808911764263,0.7692337036132812,0.0
2023-12-12,51.97999954223633,52.0,51.810001373291016,51.849998474121094,15764942,52.533999633789065,52.88199996948242,52.331999969482425,51.229800109863284,50.761800117492676,50.59760011672974,52.53192906564193,52.34029054457727,51.63526574205514,50.11726429696359,49.65983393494934,0.0,0.34201285377189095,0.4718340707614118,-0.12982121698952087,-0.32680119597577884,-0.4500007629394531,1.015713827950614,12.402540843116194,10.433082215967593,53.81757445442036,50.84642548454449,0.0567749937248434,5221744.2,3.019095037248282,19.49280895466412,9910653,-0.9210454323213553,1.2106203087417533,2.4752129636624014,-5.296806439961473,13.905970897849162,-0.07689526177498113,0.36672191019653605,0.0
2023-12-13,53.400001525878906,53.400001525878906,51.61000061035156,51.83000183105469,8031806,52.33399963378906,52.760000228881836,52.37700004577637,51.27900016784668,50.7735001373291,50.617000122070316,52.39154361872449,52.29169161947988,51.64290245142767,50.13430646148191,45.89375586257479,0.0,0.26181501855679556,0.4298302603204886,-0.16801524176369304,-0.6136139702036636,-1.2199974060058594,1.117856706891741,12.050138162663343,10.411158509935776,53.73259848025064,51.0214016113021,0.05176311867000794,5381354.35,1.4925250183534189,-49.05273993396233,1878847,-1.0443481189140613,1.0745171735105283,2.3964314480491544,-5.33332998894121,13.71215390285863,2.9893984520200827,3.4683218259220836,0.0
2023-12-14,53.400001525878906,53.400001525878906,51.5,52.79999923706055,16324182,52.2879997253418,52.725,52.44400005340576,51.349200134277346,50.79130012512207,50.63910011291504,52.4732347423917,52.340101868773274,51.6882787959623,50.16083076770658,57.862904466279865,0.3504246107525128,0.2733770202940775,0.3985396123152064,-0.1251625920211289,0.9560229584969049,-0.3500022888183594,1.211428233555385,13.200109745960493,11.03719662154891,53.73991113963502,51.1480889671765,0.04942075680381298,5999781.45,2.7207961049981244,103.2442267654373,18203029,0.6788177547331634,2.8253587183235256,4.267254195527047,-3.5616452291131564,15.586687575126904,3.029133010532774,3.689323351221177,1.0
2023-12-15,52.5,53.849998474121094,52.5,52.810001373291016,3644830,52.262000274658206,52.67700004577637,52.51500015258789,51.42880012512207,50.80860012054443,50.661850128173825,52.540588068571566,52.38485420253687,51.73226791664185,50.18719067422981,56.81819077456602,0.3198381922119894,0.28011805223433583,0.3748553002990323,-0.09473724806469647,-0.4523993727070019,-0.4799995422363281,1.2278564998081751,13.170318260806788,11.0088820708402,53.72019073515681,51.30980957001896,0.04589890808596081,6017890.35,0.6056657379940464,-77.67220434077493,21847859,0.5617465863962118,2.6856571508738143,4.2401752791941,-3.5433764871396973,15.230196952570571,-0.5681803814307181,2.5714256649925593,1.0
2023-12-18,52.70000076293945,52.70000076293945,52.349998474121094,52.4900016784668,5242081,52.35600051879883,52.55400009155274,52.54650020599365,51.51140014648438,50.82700012207031,50.683500137329105,52.530470790550616,52.39486824786353,51.76198296612518,50.21010421656053,51.896234029268896,0.17573648258182054,0.25668021781711303,0.35122028380264847,-0.09454006598553544,-1.2417682567530175,-1.2299995422363281,1.1464282444545202,13.089056591232229,11.038983135768252,53.71188300486711,51.38111740712019,0.044356248058573126,6069299.6,0.8637044379881988,43.82237305992322,16605778,-0.10752100959220694,1.8997766110017282,3.5642793734507268,-4.1278508155857585,14.531965047619206,-0.20829503406753552,0.6685812779753583,0.0
2023-12-19,52.599998474121094,52.72999954223633,52.40999984741211,52.59000015258789,10811458,52.50400085449219,52.51900024414063,52.59300022125244,51.59820014953613,50.846400108337406,50.70715013504028,52.54237666295807,52.41345223878965,51.794454228339404,50.23378477313792,44.724772648926546,0.0,0.24336919770140497,0.32965006658239976,-0.08628086888099479,-1.313568682517119,-0.34999847412109375,1.0585711342947823,12.987662552957813,11.034994225977938,53.68110048789588,51.504899954608995,0.04137814013522472,6425739.75,1.6825234791060437,106.243627292291,27417236,-0.005704311699136787,1.9221600756953414,3.7131844572872192,-3.9452052007527114,14.75015939657368,0.2095576150446597,0.610569921304855,0.0
2023-12-20,52.75,52.9900016784668,52.75,52.83000183105469,7715142,52.704000854492186,52.51900024414063,52.64050025939942,51.68720016479492,50.8689001083374,50.73240015029907,52.5999016965774,52.45312362852918,51.83506393824981,50.25961777868933,46.44444180711841,0.04868120709842645,0.24931233067702863,0.31358251940132553,-0.0642701887242969,-1.6567374710063087,0.0,0.9499996730259487,12.998516906428495,11.04573663223331,53.67937589675433,51.601624622044504,0.039470583761004915,6680315.35,1.154906856305818,-28.63920851378232,35132378,0.35999196573257003,2.210995493306188,4.134639154743896,-3.5068459706763697,15.27383748707764,0.30424005884745364,0.45497948524511256,1.0
2023-12-21,52.900001525878906,52.95000076293945,52.33000183105469,52.86000061035156,4154616,52.71600112915039,52.502000427246095,52.67500038146973,51.76680015563965,50.88910011291504,50.759500160217286,52.65192147933224,52.49187381727417,51.87525753323419,50.28549223472577,45.10249302665079,0.010692686930911568,0.2535205302949848,0.30157012158005736,-0.04804959128507258,-0.15111072616662558,-0.1699981689453125,0.8735711233956474,12.881063481694028,11.039361927143979,53.69371994108878,51.65628082185068,0.038679432453404244,6650622.3,0.6246958273363381,-46.149844033978894,39286994,0.3512106835160335,2.1117790773722667,4.138142502397103,-3.4520536797231736,15.33929412704781,0.13249989096739218,1.1847867574826527,1.0
2023-12-22,54.45000076293945,54.45000076293945,51.25,53.189998626708984,5225643,52.79200057983398,52.527000427246094,52.73350028991699,51.852000122070315,50.911700096130375,50.788400154113766,52.75953690880759,52.558361894363195,51.92681600748811,50.314392795840035,43.8227984296569,0.0,0.28025305802081135,0.2973067088682082,-0.01705365084739685,0.6814249161026575,0.25,1.026428495134626,12.954667520920912,11.092352232173761,53.72793256140527,51.73906801842871,0.03771539025557236,6792777.4,0.7692940151402576,25.779205587231168,44512637,0.8656704642822292,2.5804183088188393,4.7286358013005705,-2.849317576787243,16.059342137462274,3.00794577039131,6.243903927686738,1.0
2023-12-26,53.5,53.529998779296875,53.349998474121094,53.459999084472656,5025974,52.986000061035156,52.67100028991699,52.79900016784668,51.93780014038086,50.93960010528564,50.816850147247315,52.8996293439406,52.644232102945054,51.986940834036524,50.34569236090106,56.87833597907359,0.5005932624940673,0.31954207713734206,0.301753782522035,0.017788294615307065,0.8108623704959461,1.4399986267089844,0.9892856052943638,13.022916586566534,11.075025095121319,53.804121667485624,51.79387866820773,0.0380735050453111,6775552.35,0.7417807051553517,-3.820946053911456,49538611,1.2519155940920836,2.930811355077612,5.201323831694666,-2.3561660557577055,16.648476867936402,0.5828189157638943,0.3373951458744566,1.0
2023-12-27,53.59000015258789,53.66999816894531,53.400001525878906,53.630001068115234,5203005,53.194000244140625,52.84900054931641,52.86550025939941,52.022600173950195,50.96930011749268,50.84595014572144,53.04570368877553,52.738114861532694,52.05137456870628,50.378372049530064,60.41667701471542,0.6362651700002978,0.3602439788196392,0.31345182178155584,0.04679215703808337,1.3033669423975658,1.7800025939941406,0.8835710797991071,13.028390707134898,10.970574610468566,53.90694603196898,51.824054486829844,0.03939982663398326,6863435.95,0.758075843921877,3.522322240425435,54741616,1.4461242302911832,3.0898126752417294,5.47546247914509,-2.0456601495612157,17.019417249456055,0.243174467530047,0.5056116766879857,1.0
2023-12-28,54.099998474121094,54.099998474121094,53.709999084472656,53.84000015258789,4161520,53.395999908447266,53.05000038146973,52.90500030517578,52.109600143432615,51.000800132751465,50.87605014801025,53.204562981538004,52.84305631782366,52.12151674846635,50.41281611025701,60.51951294670414,0.8099028386669982,0.4047796523597782,0.33171738789720034,0.07306226446257785,3.4986537462680767,2.009998321533203,0.8907138279506138,12.149429534132246,10.857502956916768,54.03229788961613,51.777702720735434,0.042615918266238575,6763048.3,0.6153319945977616,-20.016990181635418,58903136,1.7673184803301767,3.3206933163799337,5.825825699823042,-1.662100177921661,16.10955659428888,0.8763703088667063,0.7261206410282453,1.0
2023-12-29,54.650001525878906,55.29999923706055,53.5099983215332,53.65999984741211,4379180,53.555999755859375,53.13600044250488,52.930500221252444,52.17780014038086,51.03060012817383,50.90520013809204,53.295650354712826,52.92086046349875,52.18184941901324,50.44512639619886,59.13708335995879,0.9172034962127489,0.42070040184460566,0.34951399068668143,0.07118641115792423,3.4908417098496347,0.8600006103515625,1.0042855398995536,12.22578821027078,10.884073419623459,54.103287549277496,51.75771289322739,0.0443142355777004,6837566.35,0.640458867357097,5.230300467137017,54523956,1.3782216739126136,2.840671134167195,5.41162730300056,-2.9656408901889364,15.721373912981957,1.504460198728439,3.345170943141333,1.0
2024-01-01,53.75,53.83000183105469,53.54999923706055,53.7400016784668,3996865,53.66600036621094,53.22900047302246,52.95300025939942,52.246400146484376,51.06260013580322,50.938300151824954,53.38452061946363,52.998873912543324,52.24295342918789,50.47791122487814,77.74196882775526,1.0,0.43476152939583557,0.36656349842851227,0.0681980309673233,3.68512402071286,0.9300003051757812,0.9571429661342076,12.205831706394827,10.649160061772742,54.17121464554457,51.73478587325426,0.04601115631512937,6871628.35,0.5816474344105063,-8.730287405404669,58520821,1.486226304859248,2.8587644848157527,5.500186536046917,-2.820972115942241,15.893903205407014,0.16772298330938426,0.5228806685030878,1.0
2024-01-02,53.900001525878906,54.060001373291016,53.7599983215332,54.0099983215332,6369905,53.77600021362305,53.3810001373291,52.96750011444092,52.3110001373291,51.097700119018555,50.9730001449585,53.509616159877545,53.09517147530426,52.31224930731908,50.5130563701185,83.75007003560789,1.0,0.46236172872593784,0.38572314448799744,0.0766385842379404,2.2916649658270227,1.5199966430664062,0.9650001525878906,12.000988019081634,10.407948361765449,54.23024310976929,51.70475711911254,0.04767991665078046,6805833.0,0.9359478847041942,59.37253322291345,64890726,1.9681846506629124,3.2478793747850676,5.958052631663826,-2.332732248326724,16.12556497669803,0.297729516960957,0.5580414083414291,1.0
2024-01-03,53.849998474121094,53.849998474121094,53.459999084472656,53.529998779296875,5429046,53.75599975585938,53.475,52.99700012207031,52.3634001159668,51.128100090026855,51.0035001373291,53.51369268376141,53.13658359949403,52.36000418857311,50.54307569757301,73.22402719902945,0.7363695936836921,0.44042617521670024,0.396663750633738,0.043762424582962256,1.363373200686957,0.9399986267089844,0.8764286041259766,11.20702663639813,10.607651613011054,54.28436485592137,51.709635388219255,0.04858255112122622,6766932.3,0.8022905741202702,-14.770377266222967,59461680,1.0057147687583916,2.227889443287612,4.953578940984583,-3.2007241992464004,15.093529802415734,-0.29624116345939444,0.7295162669797202,1.0
2024-01-04,53.29999923706055,53.349998474121094,52.650001525878906,53.290000915527344,5726820,53.645999908447266,53.520999908447266,53.02000007629395,52.39740013122559,51.155400085449216,51.02585014343262,53.468954330114606,53.151194772449585,52.39647464845367,50.570408286806384,58.36181340249271,0.36413745262445707,0.3990759697994548,0.3971461944668814,0.0019297753325734357,1.5240983263079766,0.45999908447265625,0.8035711560930524,11.314498314625324,10.681802446301903,54.31123317752986,51.728766975058036,0.048707397185132804,6849574.95,0.8360839967157377,5.484831036613058,53734860,0.5092433776779991,1.7035211328544932,4.4372622224426275,-3.6347167256128228,14.577516316217828,-0.4296647627148502,1.3295288280250477,1.0
2024-01-05,53.400001525878906,53.400001525878906,53.099998474121094,53.13999938964844,7403332,53.54199981689453,53.54899978637695,53.02550010681152,52.42940010070801,51.183100090026855,51.045900135040284,53.40316334202138,53.15012854551614,52.4256324814417,50.595976357481426,55.37456773954653,0.289320277726362,0.35016527722522994,0.3877500110185511,-0.03758473379332117,1.045824748934665,0.279998779296875,0.7285714830671038,11.298143350075017,10.564359958157274,54.31784914982417,51.73315106379887,0.04874443580576951,7036366.65,1.0521526759837052,29.274745844989013,46331528,0.21593249022880712,1.3553450689412583,4.102384812626051,-3.905967228231961,14.255001735929273,0.20641885618641664,0.5649775148374486,1.0
2024-01-08,53.540000915527344,53.540000915527344,52.7400016784668,52.849998474121094,6264962,53.36399917602539,53.51499977111816,53.02100009918213,52.45820007324219,51.2093000793457,51.06550012588501,53.29253036844133,53.1215447291928,52.442274285076195,50.61840443824401,55.92100557523557,0.30300610732879335,0.2847204703831352,0.3671441028914679,-0.08242363250833273,0.03785092253139055,-0.3400001525878906,0.752856935773577,11.456280431060566,10.657519216458862,54.31522809920772,51.72677209915654,0.04881944880724928,7203426.15,0.8697197513436019,-15.376454817911721,40066566,-0.32251678531366623,0.7468773239109912,3.4945282898179735,-4.430381187595984,13.63147792171086,0.7527315214023614,1.5168737421318255,0.0
2024-01-09,53.2400016784668,53.2400016784668,52.79999923706055,53.02000045776367,4307157,53.16599960327149,53.47099990844727,53.07100009918213,52.48200004577637,51.23820007324219,51.08210012435913,53.238024386305796,53.11187384619955,52.46493021341688,50.64230091605018,56.91318682936163,0.327855820675552,0.243762783143481,0.34246783894187055,-0.09870505579838956,0.30268604911967145,-0.4399986267089844,0.7614285605294364,9.458709347939532,10.638757517128328,54.276633784354125,51.86536641401013,0.04543474526271745,6759123.3,0.6372360450947833,-31.2500698328258,44373723,-0.09609700462238506,1.0251141563165371,3.79369745700888,-4.122963491415172,13.996994992830322,0.7379436435304249,0.8333379692502162,0.0
2024-01-10,53.220001220703125,53.41999816894531,52.630001068115234,52.91999816894531,3667366,53.04399948120117,53.39999961853027,53.12450008392334,52.50760002136231,51.266500053405764,51.09795011520386,53.1744191428337,53.09359997217534,52.48277601559446,50.664964570307845,51.51508924075996,0.19265756215499985,0.20091811302840057,0.3141578937591766,-0.11323978073077601,-0.507615086923674,-0.7100028991699219,0.789285387311663,9.389150838621905,10.636596833083749,54.18866137122294,52.06033879662373,0.04006291958017479,6154244.5,0.595908401104311,-14.854136963198695,40706357,-0.3849484035707874,0.785406583837814,3.5657948110120294,-4.303799459223542,13.781982538675791,0.37721758055957766,1.5010394922995376,0.0
2024-01-11,52.900001525878906,52.900001525878906,52.77000045776367,52.84000015258789,3419413,52.95399932861328,53.29999961853027,53.175,52.52400001525879,51.293800048828125,51.107600116729735,53.107535344784544,53.069447608405106,52.496784805280484,50.68660671540516,49.66886664350902,0.14641792385785732,0.15867907829402128,0.2830621306661455,-0.12438305237212421,-1.1597436260803118,-1.0,0.755713871547154,9.420025865444522,10.648886599433762,54.061542197097516,52.28845780290248,0.03334432335110556,5923624.85,0.5772500937496068,-6.76106502596141,37286944,-0.6299950115883527,0.6016299924554426,3.389711181705568,-4.448461335283405,13.60998077723865,-0.03778655283125226,0.246354115951326,0.0
2024-01-12,52.84000015258789,53.25,52.79999923706055,52.9900016784668,10182923,52.92399978637695,53.23299980163574,53.18450012207031,52.542600021362304,51.32550006866455,51.12015012741089,53.08402861152099,53.061881329363366,52.51612664344466,50.70952606827145,46.47893188625771,0.0,0.13574344256604576,0.2535983930461256,-0.11785495048007982,-1.1933607624500686,-0.6699981689453125,0.5592853001185826,6.825511775266528,10.240569048280596,54.058100034078905,52.31090021006172,0.03285167332600613,5616561.9,1.8130171413227012,197.7973997291348,47469867,-0.36570512678900213,0.851502698615204,3.657758332859991,-4.177210832664267,13.932495357527202,0.0,0.852274184548843,0.0
2024-01-15,53.20000076293945,53.939998626708984,53.20000076293945,53.25,4092852,53.00400009155273,53.183999633789064,53.20650005340576,52.57240005493164,51.36050006866455,51.13620012283325,53.1172228892168,53.07979739323352,52.544905990760554,50.734804415850846,46.289771226148055,0.0,0.13696760042208922,0.23027223452131831,-0.0933046340992291,-1.0958398048212747,-0.4900016784667969,0.6028564998081752,7.0277513841956605,10.273370396200693,54.062371515882276,52.35062859092925,0.03217168810643202,5638963.0,0.7258164311416834,-59.806707759648184,51562719,0.08175682773829404,1.2888891212125575,4.1336663109289145,-3.7070511127361705,14.491511334556014,0.3962994486146473,1.3909734081903127,1.0
2024-01-16,54.849998474121094,54.849998474121094,52.97999954223633,53.04999923706055,3616602,53.00999984741211,53.087999725341795,53.23449993133545,52.59640007019043,51.3942000579834,51.1496501159668,53.10377815878555,53.076959473598,52.56471356904683,50.757841180240995,39.86011001264452,0.0,0.12041133730647147,0.20830005507834895,-0.08788871777187748,-1.1367883192064165,-0.9599990844726562,0.7171423775809151,6.788043676562619,10.168015994925057,54.025886925932575,52.44311293673832,0.02973210965136882,5557689.05,0.6507384575608813,-11.636140275778361,47946117,-0.3465810602389065,0.862414853991504,3.715272962347276,-4.068716150166077,14.061494628133438,3.004691970180458,3.529631838509131,0.0
2024-01-17,52.849998474121094,52.849998474121094,52.59000015258789,52.66999816894531,4241987,52.95999984741211,53.00199966430664,53.23849983215332,52.613800048828125,51.421900024414064,51.15850009918213,53.01702216081751,53.03820125410727,52.56884237688599,50.776867617939544,30.69305310230304,0.0,0.07575422159920464,0.1817908883825201,-0.10603666678331547,-1.9910745740639335,-0.8600006103515625,0.7164282117571149,7.292663255160535,10.28862689321141,54.01687274008882,52.460126924217825,0.02924097825406422,5229215.5,0.8112090618564104,17.292060337300043,43704130,-1.067839373762115,0.1068125093892343,2.954539454504745,-4.755879031464217,13.24446370611919,-0.3770042710947549,0.49438737550642303,0.0
2024-01-18,54.25,54.25,52.36000061035156,52.4900016784668,4362662,52.89000015258789,52.92199974060058,53.221499824523924,52.62860008239746,51.44870002746582,51.16895009994507,52.91161806434737,52.98599177071294,52.56575058479112,50.79391372799454,30.693091744135685,7.283076750103599e-07,0.02554446251290443,0.150541603208597,-0.12499714069569257,-2.8142875213910123,-0.7999992370605469,0.7235709599086216,7.192104907807314,9.972270232053205,54.05063440023911,52.39236524880874,0.03115788087329063,5061591.5,0.8619150715738321,2.844775337595329,39341468,-1.374441059475856,-0.26335187277197125,2.581744546138623,-5.081369977145617,12.857457692414002,2.9998137193524155,3.6096244606895302,0.0
2024-01-19,53.119998931884766,53.119998931884766,52.599998474121094,52.84000015258789,3275231,52.85999984741211,52.89199981689453,53.22049980163574,52.658200073242185,51.47680004119873,51.181100101470946,52.89729448199548,52.972087807081984,52.57650546980276,50.81427279689597,36.36359432834648,0.10687636723285018,0.013835333386431614,0.12320034924416393,-0.10936501585773231,-1.2889942881445515,-0.2999992370605469,0.7485705784388951,7.603747891950389,10.053041464581181,54.051516300806284,52.389483302465194,0.031229188086091722,5017622.25,0.6527456306620133,-24.925859486707893,42616699,-0.7149494094682554,0.3452455250898067,3.2412356276594916,-4.448461335283405,13.60998077723865,1.200223344013371,0.9885940548449049,0.0
2024-01-23,53.18000030517578,53.18000030517578,52.279998779296875,52.86000061035156,4651343,52.78199996948242,52.89300003051758,53.20399990081787,52.68740005493164,51.50600006103516,51.19195011138916,52.8898357076667,52.9614128359648,52.58762292629487,50.834628297527374,31.147573789396134,0.010686815826493808,0.006099324765507674,0.09978014434843267,-0.093680819582925,-0.8069061696159396,0.01000213623046875,0.789999280657087,7.241757946768571,10.034357945746464,54.050525855864926,52.35747394577081,0.03182189146023373,4988907.25,0.9323370363319543,42.01572347110785,47268042,-0.6465665948191596,0.3275936091740463,3.258423434412775,-4.4122941417217305,13.652983268069555,0.6434522172711212,1.721502576307081,0.0
2024-01-24,52.70000076293945,52.939998626708984,52.70000076293945,52.90999984741211,5830182,52.75400009155273,52.88199996948242,53.176499938964845,52.7268000793457,51.537100067138674,51.2011501121521,52.89386853561579,52.95651636086455,52.600265158495546,50.855278760710306,38.16795449151666,0.2701567149418827,0.003957384503053163,0.08061559237935677,-0.0766582078763036,-0.4328181123034236,-0.1100006103515625,0.7678563254220145,6.979180971353648,9.90690955694855,54.0237437559859,52.32925612194379,0.03186534721139998,5029117.65,1.1592852674663516,25.34405654452918,53098224,-0.5011613999767198,0.34745095054264896,3.3375221679921427,-4.321879606910962,13.760485394203577,-0.3026860491196753,0.455403909478321,0.0
2024-01-25,52.810001373291016,52.84000015258789,52.689998626708984,52.720001220703125,3012454,52.764000701904294,52.8620002746582,53.13099994659424,52.755000076293946,51.56450008392334,51.210750122070316,52.85909507263326,52.9339911094206,52.60496069034682,50.87383321304854,38.910510457021566,0.31340257224692547,-0.012922457827535538,0.06190798233797831,-0.07483044016551385,-0.24597399653970564,-0.1999969482421875,0.7207137516566685,6.917761282109315,9.905619783736547,53.97342473324804,52.288575159940436,0.031711234025355535,4919590.1,0.6123384141292585,-48.33001782791686,50085770,-0.773557294807619,-0.06634225294323959,2.9471372612883613,-4.665457598466616,13.351974034139696,-0.18899730563122424,0.2846869041345339,0.0
2024-01-29,54.0,54.0,52.599998474121094,52.970001220703125,3395715,52.86000061035156,52.875000381469725,53.0875,52.795800094604495,51.59080009460449,51.21630012512207,52.88127630224724,52.93742064382846,52.61927600526276,50.894690606159536,46.816511506963614,0.6149266274725947,-0.006057121102756469,0.04831496164983136,-0.05437208275258783,-0.09430259643316008,0.13000106811523438,0.7992850712367466,6.998600298575896,9.841398249706302,53.862962119081175,52.31203788091882,0.029214490005412805,4881299.85,0.6956579403742223,12.722551116133229,53481485,-0.22133040602189516,0.32995262082680865,3.424107347263944,-4.21337802622594,13.8894928666963,2.427918720901357,2.661599936296004,0.0
2024-01-30,53.0,53.15999984741211,52.810001373291016,53.130001068115234,2905691,52.91800079345703,52.88900032043457,53.06100006103516,52.82920013427734,51.618600120544436,51.22290012359619,52.931021255420845,52.95576163661767,52.639304439100115,50.91693250130337,55.511868377775606,0.9465556329279933,0.012154251578905928,0.04108281963564627,-0.028928568056740343,0.3968308889571226,0.1399993896484375,0.7671421595982143,7.05733943032821,9.856718869819423,53.788848721753226,52.33315140031709,0.027434411710327167,4807625.4,0.6043921392045228,-14.430657460947105,56387176,0.13004090952056052,0.5693838503580173,3.723141290160033,-3.9240473759193817,14.233504591457063,0.056633525779776824,0.6627503598174638,1.0
2024-01-31,54.70000076293945,54.70000076293945,53.0,53.349998474121094,4770794,53.01600036621094,52.89900016784668,53.04149990081787,52.8684001159668,51.648400115966794,51.23275011062622,53.014816699160896,52.993308002094196,52.66717479341467,50.941142112973196,56.370636467138276,1.0,0.0438335616908887,0.04163296804669476,0.002200593644193942,0.9651747162385815,0.09999847412109375,0.8571420397077288,7.2165032851731254,9.803091044567628,53.7113387200226,52.371661081613134,0.02525715978836436,4846321.85,0.9844154283727566,64.18793326613188,61157970,0.5816173635362613,0.9109380217632992,4.132607285228933,-3.526222043114634,14.706515586824063,2.9550153646927337,3.2075486093197227,1.0
2024-02-01,53.970001220703125,53.970001220703125,52.599998474121094,53.459999084472656,3752403,53.126000213623044,52.94000015258789,53.013999938964844,52.90040008544922,51.67860012054443,51.24230010986328,53.10385317622325,53.037754771844526,52.69826594208361,50.96620536642096,60.38466955802175,1.0,0.07692898369623435,0.04869217117660268,0.02823681251963167,0.886954880389923,0.4099998474121094,0.8985710144042969,6.997610335523946,9.805045900826116,53.54776050531269,52.480239372617,0.020136589088254577,4715446.75,0.7957682906715042,-21.34636289053772,64910373,0.8412855962977562,1.0578350978811577,4.327867737893574,-3.3273059276188435,14.943025185450805,1.1621420137111735,2.604568034837615,1.0
2024-02-02,53.900001525878906,53.900001525878906,53.38999938964844,53.58000183105469,2757580,53.29800033569336,53.03100051879883,53.016500091552736,52.93880012512207,51.71090015411377,51.25160011291504,53.199082907189535,53.089397348912165,52.73284382008247,50.99221329144219,64.01520679595237,1.0,0.11155463047965242,0.06126466303721263,0.050289967442439784,0.6197217484595008,0.910003662109375,0.9242856161934989,6.304984900992923,9.80647556026904,53.56080166213536,52.47219852097011,0.02053328943414545,4581873.45,0.6018455180162167,-26.51162468423568,67667953,1.0628799308306962,1.2112131450224053,4.543081021879948,-3.1103027662488,15.201040130436242,0.8230498483754142,0.9552390748469477,1.0
2024-02-05,53.45000076293945,53.45000076293945,52.93000030517578,52.97999954223633,5752682,53.3,53.08000030517578,53.001000022888185,52.960800094604494,51.73760013580322,51.25680011749267,53.1552662341989,53.07897851018114,52.74253620134341,51.01199225911179,49.838152943616485,0.5745456916538441,0.08954827793436948,0.066921386016644,0.022626891917725475,-0.13195041626941073,0.48999786376953125,0.9385713849748883,7.326331441749806,10.097703586229846,53.529947238555884,52.472052807220486,0.01995989567892215,4583166.55,1.2551762929060477,108.61342191341686,61915271,-0.03962280078260401,0.03625218576293794,3.3618942672848777,-4.195297878538519,13.910990011168508,-0.2426298314157325,0.9824304832146835,0.0
2024-02-06,54.54999923706055,54.54999923706055,52.849998474121094,52.939998626708984,3487216,53.26199951171875,53.09000015258789,52.99099998474121,52.976200103759766,51.76530014038086,51.263000106811525,53.11221271270092,53.065742330802834,52.75027982586756,51.03117640207296,44.59927720099474,0.41732668982143273,0.06809538421227757,0.06715618565577072,0.0009391985565068428,0.5126266701160898,0.09999847412109375,0.992143086024693,7.268314955368233,9.964087105784866,53.51643310466573,52.46556686481669,0.01983103244233248,4387360.75,0.7948322918282934,-39.38104000881676,58428055,-0.09624532099207336,-0.06833535999161254,3.271362418124705,-4.2676322656618675,13.824985029506697,2.963381858039835,3.2166524352349555,0.0
2024-02-07,53.189998626708984,53.22999954223633,52.91999816894531,53.209999084472656,4643277,53.23399963378906,53.125,53.00900001525879,53.000000076293944,51.79530014038086,51.27145009994507,53.13176998705527,53.07948106924758,52.76830803208736,51.05285622975853,52.721087111377535,0.6610627335673291,0.07205004377626523,0.06813495727986962,0.003915086496395603,1.3716848599401477,0.34999847412109375,0.8807146889822823,7.21649204780739,10.008167197035885,53.53874255141306,52.479257479104525,0.01998689037717288,4306276.5,1.0782579799508927,33.151402150024545,63071332,0.37917913779925333,0.39622454316305156,3.7809521297890156,-3.7793854998595187,14.405506352894204,0.4722327285325456,0.5857924868049819,1.0
2024-02-08,53.59000015258789,53.59000015258789,53.0,53.04999923706055,2506407,53.15199966430664,53.138999938964844,53.01049995422363,53.01800003051758,51.82420013427734,51.28110010147095,53.11541583705633,53.07667327570596,52.77935474600788,51.07272829948293,56.98532041383895,0.7890324077213653,0.061563820065302366,0.06682072983695617,-0.0052569097716538005,0.39742445849022534,0.1399993896484375,0.890000479561942,7.226074043307102,9.837630077312038,53.540543430994134,52.48045647745313,0.01999767884582156,4216239.0,0.5944651145250542,-46.02073061762199,60564925,0.07451218696489004,0.06035536331915797,3.4494172942652224,-4.068716150166077,14.061494628133438,0.7141534949323527,1.1132078350714918,0.0
2024-02-09,52.90999984741211,53.189998626708984,52.90999984741211,53.04999923706055,2540282,53.045999145507814,53.17199974060058,53.01700000762939,53.03300003051758,51.85450012207031,51.28815010070801,53.10233251705718,53.07413289107306,52.78996825546093,51.092402637170274,61.023570014688076,0.9089792446974342,0.052646535732606026,0.06398589101608615,-0.011339355283480124,0.35943742814066315,0.3299980163574219,0.7750004359654018,7.190662211695327,9.74282940050817,53.54555683539396,52.488443179864824,0.019939145092649765,4159884.8,0.6106616221679986,1.351536282814414,60564925,0.062242732380946575,0.03205401642974656,3.435197278305065,-4.068716150166077,14.061494628133438,-0.2639008325388144,0.529198223595478,0.0
2024-02-12,53.0,53.0,52.75,52.790000915527344,4060609,53.007999420166016,53.153999710083006,53.014500045776366,53.02780006408691,51.883600120544436,51.29565010070801,53.03986619675121,53.04707270292585,52.78996953624785,51.10929416232806,48.979607724681706,0.5425408617568703,0.02431949203645445,0.05605261122015981,-0.03173311918370536,-0.22679820871448486,-0.18000030517578125,0.7514291490827288,7.391720455656577,9.667955206434835,53.54703977274194,52.48196031881079,0.020090342321656997,4191944.6,0.9686695286955843,59.84874907589,56504316,-0.42346740996364013,-0.44844241750963515,2.913211572298035,-4.538875870094174,13.502478651104626,-0.09424927008409377,0.47393364928909953,0.0
2024-02-13,54.349998474121094,54.349998474121094,52.599998474121094,52.810001373291016,2092214,52.98199996948242,53.121999740600586,53.00550003051758,53.02100006103515,51.91290012359619,51.303400115966795,52.99389323205918,53.02449448105587,52.79075509848484,51.12621662213864,48.979607724681706,0.4182902347151861,0.0034442721868543913,0.045530943413498726,-0.042086671226644334,0.17071348729891245,-0.31999969482421875,0.8121433258056641,7.315730383814029,9.451787383010577,53.5458104082466,52.46518965278856,0.020386955218531698,3787409.15,0.5524129865926949,-48.47536416335579,58596530,-0.36882711626908193,-0.3979530516234058,2.9366499177806573,-4.5027086765324995,13.54548114193553,2.9551004575468784,3.3269962942318148,0.0
2024-02-14,52.650001525878906,52.650001525878906,51.25,52.099998474121094,6828991,52.75999984741211,52.996999740600586,52.94799995422363,52.99720001220703,51.932700119018556,51.307300109863284,52.81511428047157,52.936447242300176,52.76366660341175,51.13590599380016,36.97748841180027,0.0,-0.06958861591610344,0.022507031547578292,-0.09209564746368173,-1.6424442637958503,-1.25,0.9064292907714844,8.459207649922988,9.870456980184567,53.609850685275575,52.28614922317169,0.02500002763557253,3924216.1,1.7402178743418335,226.40021527434575,51767539,-1.6015741497992022,-1.6929225277548285,1.545001125688587,-5.78661990431801,12.018921424041059,-0.3029726249790069,2.7317102943978657,0.0
2024-02-15,52.38999938964844,52.38999938964844,52.0099983215332,52.16999816894531,4848262,52.58399963378906,52.86799964904785,52.90399990081787,52.96619995117187,51.95000011444092,51.31075010299683,52.68609105816632,52.86345209245685,52.74038548833463,51.14619546817971,40.802641449735404,0.14147469781241634,-0.12043106124252745,-0.006080587010442857,-0.1143504742320846,-1.806894183832508,-1.2900009155273438,0.9178578513009208,8.439480805318203,9.699042408063958,53.649072583054746,52.158927218581,0.02816696974269256,3985799.1,1.216383936661534,-29.00470948050744,56615801,-1.3874219969163668,-1.5032261762417505,1.6745965791256288,-5.660038175945567,12.169426041005988,0.5566236545503775,0.7306308024968848,0.0
2024-02-16,52.5,52.5,52.20000076293945,52.349998474121094,4522588,52.443999481201175,52.74499931335449,52.88799991607666,52.95439994812012,51.96970008850098,51.315150089263916,52.61887254135728,52.81455174785344,52.72507619365959,51.15817360754231,39.38353569478301,0.08898854736178562,-0.1445334534786369,-0.033771160304081664,-0.11076229317455522,-1.874414299158933,-1.2300033569335938,0.8414293016706195,8.219074903263587,9.687124708925602,53.66719301607484,52.10880681607848,0.02946578056400752,3999829.15,1.1306952948227802,-6.717334995509727,61138389,-1.0172467153404787,-1.1413621428836194,2.0166527488607833,-5.334540332077334,12.556440256597659,0.6325509730439749,0.5747111737085222,0.0
2024-02-19,53.900001525878906,53.900001525878906,52.369998931884766,52.63999938964844,3209608,52.41399917602539,52.7109992980957,52.895499801635744,52.950599899291994,51.99340007781982,51.32210008621216,52.62309791101551,52.79792771373868,52.72173984840425,51.17291814268765,41.96720368311318,0.18454646210967215,-0.138636013069096,-0.05474413085708454,-0.08389188221201146,-1.5338565448318242,-0.3400001525878906,0.9271439143589565,8.38086574060907,9.713254820366004,53.66133620878571,52.129663394485775,0.02895658080638029,3942176.45,0.814171572660072,-29.031607566287263,64347997,-0.4830286374936663,-0.5865854404563785,2.567898237255368,-4.810126372713311,13.179964070816071,2.9608464124866156,2.921524966964663,0.0
2024-02-20,54.20000076293945,54.20000076293945,52.45000076293945,52.560001373291016,2532390,52.36399917602539,52.67299957275391,52.8814998626709,52.941199951171875,52.0168000793457,51.32835008621216,52.61047860347062,52.77526806226747,52.71539716310569,51.186719965877735,36.426201528234586,0.0,-0.1388172218813608,-0.07155874906193979,-0.06725847281942102,-1.903696198032756,-0.37999725341796875,0.9307152884347099,8.034590448496697,9.655571044460567,53.661710317478786,52.101289407863014,0.02950787919533414,3905034.4,0.6484936470726097,-21.09971061886685,61815607,-0.6079602322452854,-0.720041438865084,2.3995536287648975,-4.954788248773174,13.007962309378932,2.96352847906337,3.336510914288736,0.0
2024-02-21,52.86000061035156,53.400001525878906,52.58000183105469,52.63999938964844,1762556,52.47199935913086,52.61599960327148,52.870499801635745,52.935199966430666,52.041000061035156,51.33125007629395,52.61638276070619,52.76238533154185,52.712440387676,51.20118045765655,35.763918323231465,0.0,-0.13099562381252383,-0.0834461240120566,-0.04754949980046723,-0.6417518979343062,-0.5699996948242188,0.8928579602922712,8.056940112489206,9.639206709727464,53.65815453687983,52.08284506639166,0.029795622821773036,3760595.05,0.46869071957109554,-30.399504025841207,63578163,-0.43597169092805915,-0.5576640439054403,2.5496151202421284,-4.810126372713311,13.179964070816071,0.5707747892354413,1.5595277030589838,0.0
2024-02-22,52.68000030517578,52.790000915527344,52.45000076293945,52.720001220703125,1823657,52.581999969482425,52.582999801635744,52.86099987030029,52.94919998168945,52.06800006866455,51.33230009078979,52.63710645270558,52.75834874955721,52.712736890931964,51.216293102064974,34.85916533465861,0.0,-0.11699285106691093,-0.09015546942302746,-0.026837381643883468,-0.4155599012329203,-0.3299980163574219,0.8807149614606585,8.070386826176504,9.631330805459022,53.65122762023103,52.07077212036955,0.029898327760339204,3560268.8,0.5122245264177806,3.4666132593801358,65401820,-0.2667347381682513,-0.43286538996923174,2.703368303113145,-4.665457598466616,13.351974034139696,0.07598958205005196,0.6482366971253329,0.0
2024-02-23,52.97999954223633,53.060001373291016,52.400001525878906,52.439998626708984,3260583,52.6,52.521999740600585,52.84699974060059,52.960999984741214,52.09540004730225,51.33200008392334,52.59768488750626,52.72802969023833,52.70204127272714,51.22846927643955,39.285714285714285,0.16918210084230692,-0.12702515511968926,-0.09752940656235984,-0.02949574855732942,-1.4470972956441286,-0.6100006103515625,0.8814291272844587,8.18985285966642,9.67990072396246,53.65740910627852,52.03659037492265,0.030670023640162247,3572675.25,0.9126446631274421,78.79365472783533,62141237,-0.7701498966627571,-0.9837453185973402,2.158494780982941,-5.171791410143218,12.749947364393494,0.4931682767698835,1.2595416568569253,0.0
2024-02-26,53.060001373291016,53.119998931884766,52.47999954223633,52.709999084472656,3089841,52.613999938964845,52.51399955749512,52.83399963378906,52.97859992980957,52.128800048828126,51.33470008850097,52.620147726899546,52.726312489689214,52.70235334377599,51.24321086656923,45.81819594200003,0.4188526641963358,-0.11189914422695324,-0.10040335409527852,-0.011495790131674719,-0.6409051036335711,-0.0800018310546875,0.8085719517299107,8.223794508339175,9.281348599782264,53.64444273871478,52.023556528863345,0.030678847353718515,3557381.55,0.8685717167448626,-5.23654818785475,65231078,-0.23469839530585881,-0.5069987611842843,2.679082557413735,-4.683544644340869,13.330468687781002,1.1823088535823276,1.219511042741837,0.0
2024-02-27,54.29999923706055,54.29999923706055,51.599998474121094,52.790000915527344,3939347,52.65999984741211,52.51199951171875,52.81699962615967,52.978399963378905,52.16380004882812,51.33680009841919,52.65411836462511,52.73237805405475,52.70579050345252,51.258601812330014,41.79692738678865,0.2651603251430152,-0.09239116462028818,-0.09880091620028046,0.006409751579992282,-0.4901005188923113,-0.020000457763671875,0.9792861938476562,8.161901511078087,9.2782937358448,53.615475102225794,52.01852415009355,0.03023554846802192,3609064.35,1.0915147578346724,27.493518274888572,69170425,-0.05111746373975189,-0.3556148316706269,2.8307195117774837,-4.538875870094174,13.502478651104626,3.0165057488234215,5.232559772833293,0.0
2024-02-28,53.119998931884766,53.119998931884766,52.36000061035156,52.599998474121094,1982171,52.65199966430664,52.56199951171875,52.77949962615967,52.97419990539551,52.20150001525879,51.33765008926392,52.64329438652432,52.71977047501345,52.70164179641992,51.271949042795605,41.312752686113214,0.24665523371836695,-0.09121113416177451,-0.09728295979257928,0.0060718256308047724,-0.3599212693901732,0.5,0.9914289202008929,8.063521104789624,9.287542402493756,53.54222346884915,52.01677578347019,0.028902276379726987,3469633.2,0.5712912246747005,-49.682751989098705,67188254,-0.34009635049591785,-0.7063843001738316,2.458913453697733,-4.882460759836659,13.09395908915426,0.6251146251834183,1.4514864642361207,0.0
2024-02-29,54.20000076293945,54.20000076293945,52.52000045776367,52.779998779296875,2394588,52.66399917602539,52.622999572753905,52.74549961090088,52.97999984741211,52.24569999694824,51.339700088500976,52.67063526507883,52.72550650399282,52.70471461927784,51.286954512810546,45.12635975657621,0.7271156340804137,-0.07488816704592693,-0.09280400124324882,0.017915834197321887,-0.05681233329661861,0.6100006103515625,1.0914290291922433,8.139291887509662,9.159546962575941,53.43787950382869,52.05311971797307,0.02625361018609887,3401742.45,0.7039298345469981,20.806328011054553,69582842,0.06540684731492462,-0.37750296091215263,2.805428719515438,-4.556962915968427,13.48097330474593,3.041829534663488,3.1987819697884987,0.0
2024-03-01,53.70000076293945,53.70000076293945,52.68000030517578,52.900001525878906,3979857,52.75599975585938,52.677999877929686,52.71149959564209,52.98619987487793,52.29220001220703,51.34465009689331,52.71650851723884,52.742125077505776,52.712372929340624,51.30300473184605,52.091256407355516,1.0,-0.051673222517905515,-0.08457784549818018,0.03290462298027466,1.5355145397080605,0.5500030517578125,1.1428576878138952,8.140653462294038,8.671899028889005,53.288508027060786,52.13449116422339,0.02189307592631652,3462856.3,1.1492989183524596,66.20216087276809,73562699,0.35761063844292945,-0.1626807531066128,3.0292375662322497,-4.339959754598383,13.738988249731369,1.7430883003420075,1.9362195365504913,0.0
2024-03-04,54.0,54.15999984741211,53.22999954223633,53.88999938964844,6321132,52.991999816894534,52.802999877929686,52.7569995880127,53.007399826049806,52.34729999542236,51.35270009994507,52.95120669172076,52.85144644056698,52.75855435915662,51.328745972222194,64.99993112371135,1.0,0.04607818153002796,-0.058446640092538554,0.10452482162256652,3.2969163907829557,1.25,1.1078575679234095,9.705962759015135,9.456236428714007,53.53252297992928,51.98147619609611,0.02939982932967243,3491278.8,1.8105491890249499,58.828118698737164,79883831,2.147581952126743,1.6650497222934701,4.940926737572041,-2.5497285115099353,15.867558233599077,2.079392140627765,1.7471356625465597,0.0
2024-03-05,54.70000076293945,54.70000076293945,54.2400016784668,54.619998931884766,6871961,53.35799942016602,53.00899963378906,52.840999603271484,53.042599792480466,52.40469997406006,51.36555009841919,53.28496513975357,53.019880011168674,52.831552185538115,51.36149475789048,84.80657306976141,1.0,0.18037251363737994,-0.010682809346554856,0.1910553229839348,4.3361996636653855,2.05999755859375,1.0542861393519811,10.657997434194614,9.808306986779474,53.979140412248626,51.70285879429434,0.04307794392696072,3660516.05,1.8773202756480196,8.714087919695391,86755792,3.366702639938591,2.973834513345098,6.3358590090632205,-1.2296569883495831,17.437112240437973,1.5030643578864213,0.8480808817070431,0.0
2024-03-06,54.900001525878906,54.900001525878906,54.52000045776367,54.720001220703125,5869713,53.78199996948242,53.21699981689453,52.91649971008301,53.07319984436035,52.462599983215334,51.38105010986328,53.57197235594348,53.18179631683862,52.90560901044655,51.39491273264484,84.93146103583925,1.0,0.29151073404161565,0.04975589933107925,0.2417548347105364,3.951371305417828,2.0800018310546875,1.0542861393519811,10.577516180598828,9.801292028361068,54.32575203283723,51.50724738732879,0.05326324796519726,3721837.85,1.5771006789024944,-14.584599650667396,92625505,3.4082025842621375,3.1028869206531624,6.498409634876044,-1.0488210205412138,17.652124694592505,0.5126374944520318,0.6969938828405164,0.0
2024-03-07,55.0,55.5,54.900001525878906,55.439998626708984,5552924,54.31399993896484,53.48899955749512,53.03599967956543,53.11279983520508,52.52529998779297,51.400300102233885,53.945577610096585,53.39686320349294,53.00499683853527,51.435162343531054,86.87345511819626,1.0,0.4326984692073168,0.12634441330632679,0.30635405590099,5.4794466860145,2.7199974060058594,1.0864287785121374,11.209822123913057,9.38773337321613,54.84230922481752,51.22969013431334,0.06811635704674218,3874163.7,1.4333219837871074,-5.397010041206441,98178429,4.532768236043654,4.381615728646548,7.859289763756713,-0.10811058250633446,19.200173355072707,0.5116936642006843,1.0928933651090427,0.0
2024-03-11,56.189998626708984,56.31999969482422,55.58000183105469,56.0099983215332,7630767,54.9359992980957,53.845999526977536,53.183999633789064,53.16039978027344,52.591499977111816,51.42315010070801,54.35846175238391,53.64573321473487,53.12284003394695,51.48068309953108,87.69569502937826,1.0,0.5838546650728915,0.21784646365963972,0.3660082014132518,6.401973729026045,3.5699996948242188,1.038571493966239,11.52671351397082,9.528222761353007,55.427327731379734,50.940671536198394,0.08436101508113843,4128687.95,1.8482305014114713,37.41889858388121,105809196,5.313625728044558,5.360378313628079,8.919811819855903,-0.5504285777180226,20.425715637150837,1.352813886324083,1.33141029037546,1.0
2024-03-12,56.20000076293945,56.20000076293945,55.810001373291016,55.939998626708984,5363816,55.34599914550781,54.16899948120117,53.34149951934815,53.20239974975586,52.655999946594235,51.442950096130375,54.67476912724893,53.86423468254193,53.23331684150625,51.52505439830897,87.89228884912639,1.0,0.6900442483995661,0.312286020607625,0.3777582277919411,6.107733936738535,3.229999542236328,0.9414285932268415,11.275843402645421,9.536349445646845,55.889920938220705,50.79307810047559,0.09555117279551499,4193848.3,1.2789723462338873,-29.708035902550822,100445380,4.87143993096464,5.145630441163858,8.741816949018414,-0.6747178092583624,20.27521102018591,0.339229507409578,0.6987983874787709,1.0
2024-03-13,55.70000076293945,55.70000076293945,55.40999984741211,55.470001220703125,6135527,55.51599960327148,54.43699951171875,53.47449951171875,53.23859977722168,52.708199958801266,51.463150100708006,54.83381554593977,54.01716482903347,53.321029954415934,51.56430760052184,79.1752398930313,0.8356301047642986,0.7278847927103129,0.3954057750281626,0.3324790176821503,5.77803713452214,2.6800003051757812,0.919285637991769,11.951106935918169,9.03941181971092,56.17899459886132,50.77000442457617,0.10115083308259464,4396013.95,1.395702349852643,14.387350349079831,94309853,3.7316884257085396,4.191322560733759,7.785864472256615,-1.5092302534213404,19.264681192262305,-0.4290272964986138,0.5233728863489395,1.0
2024-03-14,56.220001220703125,56.310001373291016,55.40999984741211,55.84000015258789,6579954,55.73999938964844,54.76099967956543,53.66149959564209,53.2805997467041,52.76349994659424,51.48360010147095,55.035052467269395,54.190768193181505,53.41981309944229,51.606851805020014,80.35016524159857,0.8448332622639687,0.7787525437285154,0.4720751287682332,0.3066774149602822,5.938154282831842,3.240001678466797,0.9592857360839844,10.417965559377432,9.116680679011704,56.48060189824782,50.84239729303636,0.10506982935060094,4383562.1,1.501051850046792,7.243501658455753,100889807,4.059708680080789,4.803625368428994,8.461723815993349,-0.8522719191002408,20.06020676791786,1.352082176843502,1.6242583078096513,1.0
2024-03-15,55.900001525878906,55.900001525878906,55.5099983215332,55.72999954223633,4816645,55.79799957275391,55.055999755859375,53.83949966430664,53.31499977111817,52.812999954223635,51.50500009536743,55.174041882262784,54.33736165499625,53.51040864621852,51.647878150663956,83.09859263034441,0.8970857888750631,0.8009565444842082,0.5378514119114282,0.26310513257278,5.569233899831638,2.950000762939453,0.9400002615792411,10.572860857514044,9.020199255880785,56.711150190946796,50.96784913766649,0.10667448785910386,4381981.25,1.0991934299125539,-26.79819646155581,96073162,3.51136227066948,4.529681668359335,8.203085989798714,-1.0475855038793818,19.823697169291123,0.10745231577194915,0.7025819062120467,1.0
2024-03-18,55.5,55.529998779296875,55.209999084472656,55.5,4157750,55.69599990844726,55.315999603271486,53.996999740600586,53.354399795532224,52.858899955749514,51.52585008621216,55.23923350581023,54.44808911642518,53.5884318365629,51.686207721304115,78.29615357830961,0.7939838808777865,0.7908775896331051,0.5884566474557635,0.20242094217734152,5.51331104563757,2.5999984741210938,0.9285717010498047,10.89658730013293,9.079029524823676,56.87020853318942,51.12379094801175,0.10642105325820372,4363739.35,0.9527952213736139,-13.67954250313237,91915412,2.783488465321716,4.021411941077526,7.712924497389877,-1.4559653751198018,18.286449628920675,-0.41270329109193227,0.5796046008524857,1.0
2024-03-19,56.0,56.849998474121094,55.18000030517578,55.61000061035156,4423101,55.630000305175784,55.487999725341794,54.145499801635744,53.40079978942871,52.89909996032715,51.54800008773804,55.3133869267185,54.558747353941975,53.66770904337814,51.725250436618026,78.42742152566385,0.7968020271747963,0.7827431000241489,0.6273139379694407,0.15542916205470825,5.3618830930416195,1.720001220703125,0.8550000871930804,10.856857315500354,9.050045164824896,57.0303819255938,51.260617677677686,0.1065603654791974,4424414.0,0.9997032375360895,6.382081654741145,96338513,2.704750743978867,4.137018227506376,7.880035143361014,-2.181174840899944,17.86774109929581,0.9009009009009009,3.0264555268381717,1.0
2024-03-20,55.900001525878906,55.900001525878906,55.61000061035156,55.720001220703125,3902548,55.68000030517578,55.59799995422363,54.30349979400635,53.452399826049806,52.940899963378904,51.57090009689331,55.39470978551543,54.66934296030018,53.748191089547745,51.764999200638776,81.96725924791012,0.8614544398557588,0.7762247525805179,0.6570961008916563,0.11912865168886166,5.330812123785411,1.1000022888183594,0.8214288439069476,10.745030816416145,9.052739726489682,57.16883003598029,51.438169552032406,0.10553022375512522,4492921.9,0.8685991180928384,-11.768960283746633,100241061,2.6084901195504893,4.2422817348384285,8.045430884499455,-1.9876821174100106,16.569042071243384,0.5214905814501309,0.5214905814501309,1.0
2024-03-21,57.400001525878906,57.689998626708984,56.31999969482422,56.70000076293945,6209552,55.8520004272461,55.795999908447264,54.5064998626709,53.52939987182617,52.99379997253418,51.59875009536743,55.65576798100024,54.86273894150392,53.86394833164154,51.814103693796,84.5070810361745,0.9054438494627826,0.8404485207437489,0.6937665848620749,0.146681935881674,5.214328085204589,1.9799995422363281,0.8421429225376674,11.893850453137453,9.6099340686519,57.44981916220158,51.56318056314022,0.10799883709085595,4715271.7,1.3169022688554723,59.11532670450177,106450613,4.0242923427390815,5.923101881779261,9.886384182065717,-1.7160649806484616,18.61925035132325,3.015075858525944,2.4325265257603825,1.0
2024-03-22,57.0,57.0,55.900001525878906,55.9900016784668,6611760,55.90400085449219,55.851000213623045,54.66999988555908,53.58879989624023,53.0353999710083,51.623750095367434,55.72261472049355,54.97009729740515,53.94732297269351,51.85565491752407,74.64117772676637,0.4211556851722326,0.8245504232983905,0.719923352549338,0.10462707074905242,2.508243817965883,0.5500030517578125,0.8478570665631976,13.221567781601795,9.971105644352916,57.55824887104381,51.78175090007435,0.10566120327531414,4954676.85,1.3344482799115347,6.47724666771452,99838853,2.4144902060927063,4.4807903645459914,8.457834959748842,-2.946779318270139,17.13389659440901,0.5290991764088898,1.9677968588459689,1.0
2024-03-26,56.400001525878906,56.400001525878906,55.900001525878906,56.29999923706055,6626028,56.0640007019043,55.880000305175784,54.86299991607666,53.65639991760254,53.081999969482425,51.648650093078615,55.83809162380695,55.09675462499138,54.03958478698242,51.899877249061745,71.55637809364515,0.0,0.8274272128994156,0.7414241246193536,0.08600308828006198,2.8874232110938536,0.29000091552734375,0.7935714721679688,12.870682442044897,10.006803306443288,57.63744827266579,52.08855155948753,0.10114096425033908,5122949.1,1.2934010997688812,0.21579730661729357,106464881,2.6192503566739864,4.926904010551674,9.00575162293594,-2.4094287098923655,17.782427062069356,0.7322733258102245,0.8944543584109295,1.0
2024-03-27,56.22999954223633,56.34000015258789,56.099998474121094,56.220001220703125,4230421,56.18600082397461,55.9080005645752,55.038500022888186,53.723999938964845,53.123999977111815,51.67615009307861,55.91447354318619,55.20373049124964,54.125091313795,51.94286355723729,66.19438466272686,0.0,0.813870129795923,0.7559133256546675,0.05795680414125548,1.4069311206987622,0.2800025939941406,0.7528572082519531,12.973693090975164,9.995929492741036,57.68040769513081,52.39659235064556,0.09600216834194124,5179978.1,0.8166870435224427,-36.15449557412072,102234460,2.1466813182110744,4.64597067339356,8.792936624419912,-2.5480974882971976,17.61506719254158,-0.12433338503162912,0.4278104901865721,1.0
2024-03-28,57.900001525878906,57.900001525878906,56.220001220703125,56.61000061035156,5581816,56.364000701904295,56.02200050354004,55.2295000076294,53.79639991760254,53.16949996948242,51.70385009765625,56.05357895661927,55.33766097878315,54.222538737189375,51.989302731895144,68.06886893603985,0.08639010741359682,0.8250846726378427,0.7697475950513026,0.05533707758654005,1.0712413976054158,1.1399993896484375,0.8457142966134208,13.020862785034598,10.038619701808557,57.73581656189072,52.72318345336807,0.09076006677283345,5262101.55,1.0607579399527172,31.944692975001775,107816276,2.499571067149735,5.230091041516685,9.488946187621934,-2.2279807971175387,18.43096551026804,2.9882608834898385,2.9882608834898385,1.0
2024-04-01,58.29999923706055,58.54999923706055,57.61000061035156,58.31999969482422,13493168,56.68800048828125,56.27000045776367,55.51550006866455,53.89779991149902,53.235099983215335,51.740500087738035,56.50686310426026,55.62169323745373,54.383223480626036,52.05229474147653,73.15117204006297,0.32062024597272853,0.9608785044219132,0.8079737769254248,0.15290472749648842,4.254560469329149,2.479999542236328,0.9285714285714286,15.715629069432016,11.65258798579318,58.06351052005462,52.96748961727448,0.09179456001435829,5837651.4,2.311403520943371,141.73437461929953,121309444,5.05174162655639,8.204787190917838,12.716343282204685,-0.39282586717908047,22.008369509778674,2.9853358213883423,1.631658768877156,1.0
2024-04-02,58.45000076293945,58.70000076293945,58.22999954223633,58.63999938964844,9271109,57.21800003051758,56.561000442504884,55.808500099182126,54.00959991455078,53.30299999237061,51.78020008087158,56.9334903613379,55.90915096623418,54.55015586921515,52.11784404145835,72.02684733580959,0.26880304304867286,1.0818465419661152,0.862748329933563,0.2190982120325522,5.714797366476665,2.9099998474121094,0.8992857251848493,15.70228599894565,11.659125357753258,58.37964546475865,53.2373547336056,0.0921417117825106,6181477.45,1.4998208882894168,-31.29034634416469,130580553,5.073598619268048,8.573289715945801,13.247919664394992,-0.10221698894576131,22.677824948966453,0.2229099259182124,0.8071461864982775,1.0
2024-04-03,59.20000076293945,59.20000076293945,58.560001373291016,58.77000045776367,9579587,57.7120002746582,56.88800048828125,56.102000045776364,54.13159996032715,53.37270000457764,51.819250087738034,57.30079238062306,56.18161282257032,54.71563997072686,52.18403465256586,73.46605294023126,0.3970834293986279,1.174663790011742,0.9251314219491988,0.2495323680625432,5.247135202667064,3.270000457763672,0.9171428680419922,15.70372921079982,11.460711618639586,58.61468455617772,53.58931553537501,0.08957557692599674,6461463.95,1.4825722273046187,3.327304209237525,140160140,4.75562441590381,8.568748200378314,13.413452256173022,-0.726351857490129,22.94979371505472,0.954981887994138,1.092895106966884,1.0
2024-04-04,59.4900016784668,59.4900016784668,59.11000061035156,59.18000030517578,6481237,58.30400009155274,57.24500045776367,56.36650009155274,54.26539993286133,53.44700000762939,51.86050008773804,57.676633965533604,56.467173535199414,54.89071292501898,52.2536462510993,81.07205248824599,0.8124236607281325,1.2667039147411998,0.9934459205075992,0.27325799423360064,6.1905630563029,3.5699996948242188,0.9307144709995815,14.923281074105985,11.4426728057466,59.00912456819831,53.723875614907165,0.09376578188652179,6469469.2,1.0018189745767705,-32.34325237612018,146641377,4.991440321916819,9.056600298523431,14.113824982509904,-0.5210982762557641,23.807533995297707,1.2251169220605493,0.6428710272229082,1.0
2024-04-05,60.70000076293945,62.0,58.65999984741211,59.029998779296875,9365013,58.7879997253418,57.57600021362305,56.58700008392334,54.38919990539551,53.52369998931885,51.90120008468628,57.94730692828626,56.71125212987536,55.05303786048086,52.3210726444147,77.73913689597546,0.6304233957587935,1.3124138176387135,1.057239499933822,0.2551743177048915,6.360358160895263,3.30999755859375,1.1050000871930803,14.755101400831236,11.438029120750663,59.34926492956127,53.82473523828541,0.09762895511482338,6594121.8,1.4202062509673388,44.494222322065994,137276364,4.317243698641661,8.532574264695135,13.735325354671296,-4.79032454952117,23.49372326669291,2.568436042455943,5.693829119120328,1.0
2024-04-08,59.91999816894531,60.70000076293945,59.91999816894531,60.209999084472656,10360893,59.16599960327149,57.92700004577637,56.86149997711182,54.53619987487793,53.61179996490478,51.94945007324219,58.39984535952354,57.044466125551295,55.255271633970736,52.39956942491279,82.8445912650092,0.9092165491491568,1.4274012152774063,1.1312718430025388,0.29612937227486746,8.271890709644802,3.509998321533203,1.1964285714285714,15.766687545119904,11.918321678822142,59.918035401183694,53.804964553039945,0.10750808280830464,6818680.8,1.5194864379045285,10.634048238907944,147637257,5.888868757786361,10.403730407714672,15.901128885068333,-2.8870982508505545,25.96234319139972,1.507706942322655,1.3017400164047268,1.0
2024-04-09,60.630001068115234,60.650001525878906,59.93000030517578,60.54999923706055,7057775,59.54799957275391,58.38299980163574,57.11700000762939,54.6889998626709,53.7078999710083,52.00140007019043,58.82987613503094,57.378326421885504,55.462908010562494,52.480668229013766,86.43579938315268,1.0,1.5283468955110067,1.2106868535042326,0.3176600420067741,8.668337958619432,4.55999755859375,1.210714340209961,15.466051623486482,11.93762539873414,60.509102202680495,53.72489781257829,0.11877732354983639,6893923.35,1.0237675474010022,-31.880630366513774,154695032,6.010468387647445,10.716962074836179,16.439171167182796,-2.3387109079668598,26.673640593104032,0.6975618502390759,1.2014036660048923,1.0
2024-04-10,62.349998474121094,62.349998474121094,60.40999984741211,60.619998931884766,5582529,59.917999267578125,58.81499977111817,57.347500038146975,54.84699981689453,53.80099994659424,52.05120006561279,59.18790069440171,57.687057137123524,55.66514687022219,52.561656594216466,86.35705035680454,0.996109509763234,1.5956023540217643,1.287669953607739,0.30793240041402536,6.913576924513065,4.319999694824219,1.2300000871930803,15.348062194812172,11.909227106090556,61.03640632683349,53.65859374946046,0.1286509886649878,6791511.45,0.8219862457862749,-20.90242321411493,160277561,5.706436883143915,10.525642485939544,16.462250352481085,-2.7746585157566273,26.820083471642715,2.972748571000526,3.2113865777341024,1.0
2024-04-12,61.79999923706055,61.97999954223633,61.310001373291016,61.90999984741211,9381201,60.46399917602539,59.38399963378906,57.64600009918213,55.02579978942871,53.9107999420166,52.10810007095337,59.73232052500379,58.089242157151006,55.91004306540611,52.654674935044284,88.35193176462691,1.0,1.7330179304010684,1.376739548966405,0.3562783814346635,10.573313076398927,5.689998626708984,1.3064286368233817,16.35425966185369,12.487686708167086,61.79307108050101,53.498929117863256,0.1438806152788982,6992380.7,1.3416318994187486,68.04571906388664,169658762,7.396870105286757,12.51085869597112,18.810702679836556,-0.7056914795140045,29.518830199921265,1.9465528306948345,1.0928040351295594,1.0
2024-04-15,62.0,62.27000045776367,61.13999938964844,61.22999954223633,13045087,60.90399932861328,59.845999526977536,57.93400001525879,55.18779975891113,54.00849994659424,52.16180006027221,60.0318563284503,58.38836190811151,56.118668809595526,52.740001548051175,79.1505838895004,0.5847307541394109,1.766685176092757,1.4547286743916754,0.3119565017010817,8.7566614067208,4.619998931884766,1.2464288984026228,16.663124724905586,12.798525004511049,62.24170769837087,53.62629233214671,0.14871086691675023,7337858.7,1.777778441004867,39.05561771888269,156613675,5.689231757015623,10.948433910611858,17.38475181356077,-1.7963094776171178,28.096235396512647,0.1453725614758707,1.8482189718610857,1.0
2024-04-16,62.38999938964844,62.38999938964844,61.7599983215332,61.88999938964844,10566826,61.23999938964844,60.20299949645996,58.23649997711182,55.35859977722168,54.11349994659424,52.22080005645752,60.403484940689935,58.72185119206741,56.34499549900937,52.831046302693935,88.21243324895207,0.9937042437489445,1.8255790438659147,1.5288987482865233,0.29668029557939146,10.085375392801165,3.5699996948242188,1.2507147107805525,16.7808248061591,12.902148322096046,62.7689005756517,53.70409937857194,0.15565497927661207,7537202.3,1.4019560016320645,-18.997657892201104,167180501,6.273555955410302,11.798346848928476,18.51599233013904,-0.8014104902891833,29.476988237404733,1.894495926971131,1.0200794773914017,1.0
2024-04-18,62.18000030517578,62.18000030517578,61.709999084472656,61.959999084472656,5070662,61.52199935913086,60.534999465942384,58.547999954223634,55.52859977722168,54.214499931335446,52.28130004882812,60.71478776944648,59.03024622943934,56.565191718047146,52.92188165375641,87.83422589435023,0.9766352354845139,1.8565006647127404,1.5944191315717668,0.2620815331409736,9.450624300369292,3.3199996948242188,1.2485719408307756,16.64191803095654,12.839417293974353,63.20957566680216,53.88642424164511,0.15923945194449773,7549903.15,0.671619476337256,-52.01338604421044,172251163,5.827695451453046,11.582138453073679,18.51273596219894,-0.6892135107908426,29.623431115943415,0.46857475906818086,0.7616289542635656,1.0
2024-04-19,62.349998474121094,62.59000015258789,61.25,62.2400016784668,6921253,61.84599990844727,60.8819995880127,58.88500003814697,55.70179977416992,54.320299949646,52.34375005722046,61.01983055125054,59.33593722458482,56.78773328512243,53.014599265942586,89.19269028896814,1.0,1.8819066923647725,1.651916643730368,0.22999004863440442,6.7215397876458916,3.470001220703125,1.3271432604108537,16.270712393593627,12.681820332824401,63.593068375286045,54.176931701007895,0.15990722031380103,7688078.3,0.9002578706827167,36.49604331742089,179172416,5.697548846304466,11.737864720358239,18.906271733355137,-0.5591923202873207,30.20921061063648,0.6294373715479483,2.187755351163903,1.0
2024-04-22,62.189998626708984,62.20000076293945,60.709999084472656,61.7400016784668,8180384,61.8120002746582,61.1379997253418,59.19150009155273,55.87699981689453,54.41889995574951,52.40250005722046,61.1638647766938,59.56489574400214,56.981939888782996,53.10141919044531,82.92681613023437,0.6349801069582293,1.8404794297860008,1.6896292009414946,0.15085022884450616,5.286497819039182,2.5600013732910156,1.3164291381835938,16.954259452321928,12.813857798555734,63.79892265973387,54.5840775233716,0.15567852009341673,7875942.45,1.0386546184069692,18.192240624638334,170992032,4.305519513734646,10.492692665649479,17.818809429035515,-1.358041974834456,29.16318548933828,-0.08033909127465863,2.4542936928620107,1.0
2024-04-23,62.70000076293945,62.70000076293945,60.150001525878906,60.25,12070503,61.61600036621094,61.25999984741211,59.418000030517575,56.02319984436035,54.49969997406006,52.454750061035156,60.98109182135504,59.630143768382894,57.110099108830724,53.17254934775432,62.747677924967945,0.0,1.6681875154686807,1.685340863846932,-0.017153348378251332,2.5182908468751153,1.220001220703125,1.3600006103515625,19.95198765971262,13.93888491503365,63.7436323512511,55.09236770978405,0.1456000645767897,8284340.2,1.4570264750836766,47.55423461783701,158921529,1.400249030689526,7.544731767164755,14.860903788302238,-3.9074971820217153,26.046027116432786,1.5549061522093826,4.2394001203199245,1.0
2024-04-24,60.900001525878906,61.20000076293945,60.5099983215332,60.72999954223633,4634988,61.38400039672852,61.31199989318848,59.61949996948242,56.173599853515626,54.586799964904785,52.510650062561034,60.9308733655313,59.734891937321315,57.252055988572124,53.24774785715215,63.51874653013386,0.029157430314367225,1.5524808507492551,1.6587688612273968,-0.10628801047814163,2.619126781121328,0.5200004577636719,1.3942862919398717,19.374358740618653,13.982964481313301,63.78450402759549,55.45449591136935,0.13971952331854579,8205612.0,0.5648558571865206,-61.600705455273896,163556517,1.862644895247936,8.111283059306267,15.652728484379427,-3.1419476821881447,27.050210275214454,1.0788407068529564,1.140311453554783,1.0
2024-04-25,60.79999923706055,61.09000015258789,60.5099983215332,60.86000061035156,4876403,61.1640007019043,61.34300003051758,59.86299991607666,56.32979988098145,54.67389995574951,52.568400058746334,60.916698814495355,59.842045144276575,57.39354401295563,53.3234916656417,63.51874653013386,0.029157430314367225,1.4545058470637429,1.617916258394666,-0.16341041133092316,3.100121749784801,0.3100013732910156,1.3900007520403181,18.440394171170773,13.980117510033047,63.69030400601696,56.03569582613636,0.12786877020215778,8118844.15,0.6006277383708616,5.208535599229158,168432920,1.6654706507736348,8.04228088674542,15.772974909525844,-2.9346094580519893,27.322179041302718,0.11526378289454056,0.9585223056406645,1.0
2024-04-26,61.380001068115234,61.4900016784668,60.900001525878906,61.33000183105469,4519248,60.982000732421874,61.41400032043457,60.11450004577637,56.495399932861325,54.76419998168945,52.627250061035156,60.99935941780723,59.983755304922106,57.547914907783046,53.40315843345675,63.799737917363665,0.03978292684891677,1.3986622139523917,1.5740654495062112,-0.17540323555381954,1.860160710201475,0.7100028991699219,1.3835721697126115,18.477573272239955,13.967025136022674,63.60196008698116,56.627040004571576,0.11602724928425381,8013505.15,0.5639539646393064,-7.324148557861198,172952168,2.0219776998107486,8.557514247069257,16.536588478262495,-2.1850062443612295,28.305445209095293,0.8544207238723326,0.9688015399099381,1.0
2024-04-29,61.650001525878906,61.650001525878906,60.29999923706055,61.29999923706055,5112802,60.89400024414063,61.353000259399415,60.36849994659424,56.66559989929199,54.846699981689454,52.68435005187988,61.059487381657895,60.10911186988767,57.6950554697155,53.481733963840874,64.79789838793184,0.07752768025757757,1.3365775398975046,1.5265678675844698,-0.18999032768696522,1.2386457629234071,-0.6100006103515625,1.2414294651576452,18.44234329025126,13.972722657993309,63.3674212106132,57.36957868257528,0.09935384403031364,8057624.2,0.6345297165881725,13.13391077453594,167839366,1.543022091472156,8.178505735410843,16.35333676261845,-2.2328572708828665,28.24267827505133,0.5217669741894344,2.2388097941942333,1.0
2024-04-30,62.209999084472656,62.209999084472656,59.900001525878906,60.880001068115234,9870167,61.02000045776367,61.318000411987306,60.581999969482425,56.82699989318848,54.92399997711182,52.738850059509275,61.023590118949365,60.18252988876649,57.819955297103725,53.55534856189336,54.84805541738871,0.0,1.2391999209369544,1.4690942782549667,-0.22989435731801233,0.4289048842158749,-0.34999847412109375,1.2871434347970145,18.831086424629095,14.1015759819816,63.00743243198623,58.15656750697862,0.08007105951357149,8272041.75,1.1931959845342899,93.04809769672286,157969199,0.49189709613899296,7.132175167692717,15.436724538778673,-2.902710801719765,27.364021003819243,1.4845022165382749,3.8564232049238765,1.0
2024-05-02,61.20000076293945,61.20000076293945,60.7599983215332,60.849998474121094,5060651,61.044000244140626,61.21400032043457,60.708499908447266,57.001999893188476,54.99959995269776,52.79360004425049,60.98887178998371,60.246098325466924,57.93878051973186,53.62793214310956,52.27271807753418,0.0,1.1463916088864323,1.40455374438126,-0.2581621354948276,-1.7121650394178234,-1.0400009155273438,1.2671435219900948,16.13347777707701,14.107335469181098,62.888701046346775,58.52829877054776,0.07182523505563165,7850415.9,0.6446347638728287,-48.7278077463127,152908548,0.23307867248773734,6.750637851554467,15.260180065610038,-2.950561828241402,27.301254069775283,0.5256236682160845,0.7241646701137484,1.0
2024-05-03,61.27000045776367,61.27000045776367,60.2599983215332,60.47999954223633,7101832,60.96800003051758,61.066000366210936,60.80049991607666,57.168199920654295,55.06719993591309,52.84590003967285,60.88709734043424,60.26837463182592,58.03843616767321,53.696111918225256,48.985513015287516,0.0,1.0310986677405225,1.3298627290531124,-0.2987640613125899,-1.2248897690790517,-1.4799995422363281,1.2007152012416296,16.336490461112703,14.209330749499689,62.756989993046034,58.84400983910729,0.06435769704755487,7741952.05,0.9173180037972465,40.334356192513575,145806716,-0.5271344385041584,5.793080114781632,14.445963635461512,-3.5406717602710422,26.527197714565354,0.6902251342228067,1.676073953472973,0.0
2024-05-06,60.84000015258789,60.869998931884766,60.5099983215332,60.720001220703125,6853852,60.84599990844727,60.91400032043457,60.897999954223636,57.335599975585936,55.144999961853024,52.899350051879885,60.85367811648802,60.31138668790947,58.14359558151752,53.76600136402106,39.82908881056637,0.0,0.9481644612191076,1.2535230754863116,-0.305358614267204,-1.8904478598864016,-1.5200004577636719,1.1314293997628349,16.357725124793944,14.214653029403962,62.60715367476257,59.1888462336847,0.05613168648637683,7605665.3,0.9011508828820012,-3.49177508000752,152660568,-0.2922899498412269,5.902792063845674,14.784021280324438,-3.1578939683309555,27.029293284225357,0.5952391089225378,0.594944009812428,0.0
2024-05-07,60.9900016784668,60.9900016784668,60.619998931884766,60.68000030517578,4939015,60.72200012207031,60.80800018310547,60.97299995422363,57.49639999389648,55.22349994659424,52.9519500541687,60.81894255422557,60.34649274669673,58.24306243342569,53.83479737338578,44.72170704795014,0.09911388332402077,0.8691912695580584,1.176656714300661,-0.3074654447426026,-2.065846995174736,-1.0600013732910156,1.0771438053676061,16.25217967664542,13.953130215327022,62.48500327118663,59.460996637260635,0.04959583153520918,7528554.2,0.6560376493005788,-27.938114216647804,147721553,-0.480539991910885,5.53704286114827,14.594458264712545,-3.2216912809954037,26.945609359192304,0.444664776573839,0.6103641588608113,0.0
2024-05-08,60.900001525878906,60.900001525878906,60.349998474121094,60.5,4069276,60.645999908447266,60.83300018310547,61.046500015258786,57.655199966430665,55.29819995880127,53.00395006179809,60.755154043380465,60.36111248510657,58.33156978897763,53.9011177975312,35.30659449136414,0.0,0.783053374031148,1.0979360462467584,-0.3148826722156104,-2.7956324414251887,0.25,1.0335726056780135,16.26628771759791,13.980950346918068,62.277645126753214,59.81535490376436,0.0403346665635769,7263767.35,0.5602156297035037,-17.609563850281884,143652277,-0.8952192429085806,4.9341603796807565,14.142436421176441,-3.5087731039388177,26.56903967708188,0.3625596895133168,0.9113555354830063,0.0
2024-05-09,60.86000061035156,60.869998931884766,60.209999084472656,60.41999816894531,2861844,60.55999984741211,60.80200004577637,61.05699996948242,57.8107999420166,55.37299995422363,53.053450050354,60.68812286849344,60.366720645472164,58.41346894113323,53.96598227883881,33.75530957711703,0.0,0.7002608212232886,1.0184010012420646,-0.318140180018776,-2.1380036825976667,-0.3100013732910156,1.0471439361572266,14.724060364437483,13.986615678597639,62.261397843228394,59.852602095736444,0.0394515902958861,6888814.9,0.41543342963098046,-29.671912153415004,140790433,-1.0432903694179103,4.513340465009478,13.885144343298286,-3.6363677292677137,26.401671827015765,0.5950423311596075,1.0961631912436192,0.0
