date,open,high,low,close,volume,sma_5,sma_10,sma_20,sma_50,sma_100,sma_200,ema_9,ema_20,ema_50,ema_200,rsi_14,stoch_rsi,macd,macd_signal,macd_hist,roc_12,momentum_10,atr_14,volatility_20d,volatility_60d,bollinger_upper,bollinger_lower,bollinger_width,volume_sma_20,relative_volume,volume_change_pct,obv,dist_sma_20_pct,dist_sma_50_pct,dist_sma_200_pct,dist_52w_high_pct,dist_52w_low_pct,gap_pct,intraday_range_pct,trend_strength
2022-02-04,60.959598541259766,60.959598541259766,60.959598541259766,60.959598541259766,0,60.959598541259766,60.959598541259766,60.959598541259766,60.959598541259766,60.959598541259766,60.959598541259766,60.959598541259766,60.959598541259766,60.959598541259766,60.959598541259766,50.0,0.5,0.0,0.0,0.0,,,0.0,,,,,,0.0,,,0,0.0,0.0,0.0,0.0,0.0,,0.0,0.0
2022-02-07,60.0,64.33999633789062,59.439998626708984,61.77000045776367,208834,61.36479949951172,61.36479949951172,61.36479949951172,61.36479949951172,61.36479949951172,61.36479949951172,61.12167892456055,61.0367796761649,60.991379008573645,60.967662241921495,50.0,0.5,0.06464744633080244,0.012929489266160488,0.05171795706464195,,,2.4499988555908203,,,62.51088088080469,60.218718118218746,0.03735305551848474,104417.0,2.0,inf,208834,0.6603149713789537,0.6603149713789537,0.6603149713789537,-3.9943985489682885,3.9199224173731997,-1.5741549554501626,8.243603338476287,0.0
2022-02-08,62.0,63.0,61.54999923706055,62.279998779296875,65666,61.66986592610677,61.66986592610677,61.66986592610677,61.66986592610677,61.66986592610677,61.66986592610677,61.353342895507815,61.155181495510796,61.04191311722946,60.98072031692026,50.0,0.5,0.1552440587483943,0.041392403162607255,0.11385165558578705,,,2.1166661580403647,5.5945049366313455,5.5945049366313455,63.00160822921909,60.33812362299446,0.04318940160200822,91500.0,0.7176612021857923,-68.55588649357863,274500,0.9893532992615337,0.9893532992615337,0.9893532992615337,-3.2017371399516104,4.777927688766391,0.37234829291217886,2.3558095546918825,0.0
2022-02-09,62.5,63.0,62.0099983215332,62.77000045776367,156227,61.944899559020996,61.944899559020996,61.944899559020996,61.944899559020996,61.944899559020996,61.944899559020996,61.63667440795899,61.308973777630115,61.1096812482308,60.998524099416215,50.0,0.5,0.26354360056296855,0.08582264264267953,0.17772095792028902,,,1.8350000381469727,4.754448379487283,4.754448379487283,63.49172028630105,60.39807883174094,0.049941826955623644,107681.75,1.4508215180381077,137.91155240154725,430727,1.3319916645542722,1.3319916645542722,1.3319916645542722,-2.4401553768854707,5.602291231477876,0.35324538377521264,1.5965194408383252,0.0
2022-02-10,63.0,64.9000015258789,62.20000076293945,62.79999923706055,341078,62.115919494628905,62.115919494628905,62.115919494628905,62.115919494628905,62.115919494628905,62.115919494628905,61.869339373779304,61.45097620233777,61.17596822818491,61.01644922516392,50.0,0.5,0.34778338807598175,0.13821479172933998,0.20956859634664177,,,2.0080001831054686,8.324381595655383,8.324381595655383,63.65846516308222,60.57337382617559,0.049666677431594544,154361.0,2.2096125316627906,118.32205700679141,771805,1.1012953651773498,1.1012953651773498,1.1012953651773498,-3.2357507541521127,5.6527602422281475,0.36641634627848846,4.340837186208189,0.0
2022-02-11,62.97999954223633,62.97999954223633,62.02000045776367,62.36000061035156,670996,62.395999908447266,62.15659968058268,62.15659968058268,62.15659968058268,62.15659968058268,62.15659968058268,61.96747162109376,61.53754995548194,61.22240087062282,61.0298178956633,80.70519393836997,1.0,0.3747202725942742,0.18551588790232681,0.1892043846919474,,,1.8333333333333333,12.54810187756192,12.54810187756192,63.550613587296986,60.76258577386837,0.04485489598459445,240466.83333333334,2.7903889725610114,96.72802115645102,100809,0.3272394738678469,0.3272394738678469,0.3272394738678469,-3.9137147238964505,4.912520274404067,0.2866246932524747,1.5478862905304662,0.0
2022-02-14,62.400001525878906,66.4000015258789,62.400001525878906,64.08999633789062,755940,62.859999084472655,62.43279920305525,62.43279920305525,62.43279920305525,62.43279920305525,62.43279920305525,62.39197656445313,61.78064008713991,61.334855594829406,61.060267432401886,89.02854653424662,1.0,0.5295597099824434,0.2543246523183501,0.2752350576640933,,,2.148571559361049,18.566428551270402,18.566428551270402,64.3706868616726,60.494911544437905,0.062079153373040236,314105.85714285716,2.4066408913100723,12.65938992184752,856749,2.654369427591324,2.654369427591324,2.654369427591324,-3.4789233959399444,7.823011134950117,0.06414514935188075,6.410256253505212,0.0
2022-02-15,64.19999694824219,64.69000244140625,63.099998474121094,63.189998626708984,998503,63.04199905395508,62.52744913101196,62.52744913101196,62.52744913101196,62.52744913101196,62.52744913101196,62.551580976904305,61.914864709956014,61.40760630196194,61.08145878756912,72.71101512550204,0.5819077865370588,0.5730431018021989,0.31806834221511987,0.254974759587079,,,2.0787506103515625,21.663852630300994,21.663852630300994,64.39977312043808,60.655125141585835,0.05988806565587214,399655.5,2.4984092549708437,32.087599544937426,-141754,1.0596138254557619,1.0596138254557619,1.0596138254557619,-4.834341604523679,6.308883052892537,0.17163460233579242,2.519816173905705,0.0
2022-02-16,63.29999923706055,63.38999938964844,62.849998474121094,63.2400016784668,257824,63.135999298095705,62.60662163628472,62.60662163628472,62.60662163628472,62.60662163628472,62.60662163628472,62.689265117216806,62.04106823076656,61.47946494417781,61.10293682628453,72.98610053693733,0.5889560995249356,0.604569727991489,0.37536861937039373,0.22920110862109527,,,1.9077784220377605,20.20437014898745,20.20437014898745,64.42129950370085,60.7919437688686,0.05797079669810514,383896.44444444444,0.6715977804199512,-74.17894588198533,116070,1.011682192119738,1.011682192119738,1.011682192119738,-4.759035805414135,6.393006627779943,0.1740791466089188,0.859190021698557,0.0
2022-02-17,64.0,64.38999938964844,63.099998474121094,63.869998931884766,366056,63.349999237060544,62.73295936584473,62.73295936584473,62.73295936584473,62.73295936584473,62.73295936584473,62.9254118801504,62.215252107063534,61.57321137506828,61.13046978255916,76.0303735001583,0.6669572866957081,0.6726365837914727,0.43482221225460954,0.2378143715368632,,,1.8460006713867188,19.10811677057658,19.10811677057658,64.62124153601525,60.8446771956742,0.06020064059654765,382112.4,0.9579799032954701,41.97902445078814,482126,1.8125074562624643,1.8125074562624643,1.8125074562624643,-3.810244782913282,7.452894359901935,1.2017683449745737,2.0443755098605996,0.0
2022-02-18,64.0,64.48999786376953,63.61000061035156,63.790000915527344,479087,63.635999298095705,63.01599960327148,62.82905405217951,62.82905405217951,62.82905405217951,62.82905405217951,63.098329687225785,62.36522818406009,61.66014429822354,61.156932778907105,74.95773512757499,0.639473855519451,0.7119183346513651,0.4902414367339607,0.22167689791740441,,2.830402374267578,1.7581821788441052,18.302662887378936,18.302662887378936,64.73046218916743,60.9276459151916,0.060526397084024075,390928.2727272727,1.2255112597963216,30.878062372970263,3039,1.52946256766777,1.52946256766777,1.52946256766777,-3.9307237204419856,7.318308191991972,0.20354011318189655,1.3834259471375678,0.0
2022-02-21,63.9900016784668,63.9900016784668,63.25,63.41999816894531,174108,63.50199966430664,63.18099937438965,62.878299395243324,62.878299395243324,62.878299395243324,62.878299395243324,63.162663383569694,62.465682468334876,61.729158175506754,61.17945084248957,70.36621863737035,0.5218287752401818,0.7050657171116725,0.5332062928095032,0.17185942430216938,,1.6499977111816406,1.6733338038126628,18.057039335259823,18.057039335259823,64.72304583871099,61.03355295177567,0.058676728257927815,372859.9166666667,0.4669528480200003,-63.658375201163885,-171069,0.8615035376465143,0.8615035376465143,0.8615035376465143,-4.4879567597180845,6.6958271100092865,0.313529957781785,1.169963128010746,0.0
2022-02-22,63.5,64.55000305175781,63.5,64.29000091552734,482154,63.72200012207031,63.3819995880127,62.98689181988056,62.98689181988056,62.98689181988056,62.98689181988056,63.388130889961225,62.63942708235321,61.829583380997754,61.210401589484974,74.09704231642064,0.6174209509768974,0.7610638487710233,0.5787778040018072,0.18228604476921606,5.463294467094348,2.0100021362304688,1.6315392714280348,17.819428447473435,17.819428447473435,64.91891123431964,61.05487240544148,0.061346713851635884,381267.1538461539,1.264609330061921,176.9281135846716,311085,2.0688575955981396,2.0688575955981396,2.0688575955981396,-3.1777116895535094,8.15949259904431,0.12614606333095382,1.6535481130044292,0.0
2022-02-23,64.29000091552734,64.44999694824219,64.0,64.08000183105469,518105,63.89000015258789,63.5129997253418,63.064971106392996,63.064971106392996,63.064971106392996,63.064971106392996,63.526505078179916,62.77662467746764,61.917835084921556,61.2389548257195,71.91172680999202,0.5614282046287581,0.7795118728337158,0.618924617768189,0.16058725506552685,3.739681651565663,1.3100013732910156,1.5471433912004744,17.394759074826034,17.394759074826034,65.01098377929706,61.11895843348892,0.06171453467000166,391041.28571428574,1.3249368261809402,7.456331379600711,-207020,1.6095000233161079,1.6095000233161079,1.6095000233161079,-3.4939753637204607,7.80619668833698,0.0,0.703120231628418,0.0
2022-02-24,64.1500015258789,67.48999786376953,64.1500015258789,66.9800033569336,851371,64.51200103759766,63.9310001373291,63.32597325642904,63.32597325642904,63.32597325642904,63.32597325642904,64.21720473393066,63.17694645646439,62.11635148774556,61.29607968672661,80.04074940221648,0.7697122252773733,1.0164212798152406,0.6984239501775993,0.31799732963764127,7.546571402951119,4.180004119873047,1.7907145363943917,23.945919433499288,23.945919433499288,66.08347124181915,60.56847527103891,0.08708900451396288,421729.93333333335,2.018758766471244,64.32402698294749,644351,5.770191775352759,5.770191775352759,5.770191775352759,-0.7556593909891297,12.68506881633163,0.10923797257180357,5.206541322595649,0.0
2022-02-25,66.9800033569336,66.9800033569336,64.51000213623047,64.68000030517578,473542,64.69000091552735,64.16300010681152,63.41059994697571,63.41059994697571,63.41059994697571,63.41059994697571,64.30976384817968,63.32009444205595,62.216886735487925,61.32975053865148,62.64118276180808,0.3238958117673111,1.0069748876540956,0.7601341376728986,0.24684074998119698,3.0428546016935343,2.3199996948242188,1.6171433585030692,28.70809345284914,28.70809345284914,66.15927649681801,60.6619233971334,0.08669454482817583,424968.1875,1.1142998792115468,-44.37889004910902,170809,2.0018740703629248,2.0018740703629248,2.0018740703629248,-4.163576303952194,8.8156154097087,0.0,3.828865507533302,0.0
2022-02-28,65.0,65.68000030517578,64.69999694824219,64.8499984741211,278819,64.9760009765625,64.23900032043457,63.4952704485725,63.4952704485725,63.4952704485725,63.4952704485725,64.41781077336798,63.46579958796691,62.320146019355896,61.36477788129297,61.50402916792457,0.29475935410072374,1.0016594783536377,0.8084392058090465,0.19322027254459118,3.26433003497677,0.7600021362304688,1.585000446864537,27.73963416881428,27.73963416881428,66.24672819553845,60.74381270160654,0.08666654154011297,416371.17647058825,0.6696404932815884,-41.12053418704149,449628,2.1335888735931086,2.1335888735931086,2.1335888735931086,-3.911689840289151,9.101615027597191,0.4947428777278653,1.514688412918417,0.0
2022-03-02,66.5999984741211,67.37999725341797,66.5999984741211,67.08999633789062,671240,65.53600006103515,64.62900009155274,63.6949774424235,63.6949774424235,63.6949774424235,63.6949774424235,64.95224788627252,63.81096118319775,62.507198973023925,61.42174522911982,66.71825761559468,0.4283597289723513,1.1647693493351312,0.8797052345142635,0.2850641148208677,7.584983452924954,3.8999977111816406,1.695000239780971,29.250997031193073,29.250997031193073,66.85674319077347,60.533211694073536,0.09927833795711812,430530.55555555556,1.559099560619649,140.74399520836099,1120868,5.3301202571835775,5.3301202571835775,5.3301202571835775,-0.5926826767520732,12.870117577264148,2.6985351444508536,1.1711693651163682,0.0
2022-03-03,67.30000305175781,68.0,67.02999877929688,67.4800033569336,278653,66.21600036621093,65.05300025939941,63.89418933266088,63.89418933266088,63.89418933266088,63.89418933266088,65.45779898040473,64.16039377117258,62.70221090964784,61.48202640452096,67.62049399745439,0.22221878582378676,1.3103999295510036,0.9658441735216117,0.3445557560293919,5.289447983692219,4.240001678466797,1.5714288439069475,28.37769828499975,28.37769828499975,67.42370425866864,60.36467440665313,0.11047999709743765,422537.0,0.6594759748850396,-58.486830343841255,1399521,5.6121128724294636,5.6121128724294636,5.6121128724294636,-0.7647009456858915,13.526253223383966,0.31302239578239677,1.4471150803641712,0.0
2022-03-04,67.5999984741211,67.98999786376953,67.22000122070312,67.5199966430664,572952,66.3239990234375,65.41800003051758,64.07547969818116,64.07547969818116,64.07547969818116,64.07547969818116,65.87023851293708,64.48035594944818,62.891143683507394,61.542105710377136,70.03104477116847,0.3097970979748124,1.4127549775649086,1.055226334330271,0.3575286432346376,6.852347065137021,3.6499977111816406,1.5578572409493583,27.639496319519786,27.639496319519786,67.87431040408839,60.27664899227392,0.1185736173588122,430057.75,1.3322675849929457,105.61486867178891,1972473,5.375717764596036,5.375717764596036,5.375717764596036,-0.7058872896082261,13.593536680747375,0.17782322350043342,1.1454873982198837,0.0
2022-03-07,67.5999984741211,70.9000015258789,67.5999984741211,70.37000274658203,2521109,67.46199951171874,66.07600021362305,64.54599990844727,64.37521889096215,64.37521889096215,64.37521889096215,66.77019135966607,65.04127469203236,63.184432274216206,61.62994548188166,72.42858209414777,0.5893465935798816,1.7041988214167674,1.1850208317475703,0.519177989669197,11.274511193669046,6.5800018310546875,1.5107146671840124,29.777523083627667,29.777523083627667,68.9953006136462,60.09669920324835,0.13786449079756632,556113.2,4.5334457085356,340.02097906979986,4493582,9.023026750527666,9.312253936990517,9.312253936990517,-0.7475299970246438,18.388298069310046,0.11848613008321712,4.8816614293580685,0.0
2022-03-08,71.19999694824219,71.97000122070312,69.0999984741211,70.55999755859375,1555427,68.60399932861328,66.7900001525879,64.98549976348878,64.6563451940363,64.6563451940363,64.6563451940363,67.5281525994516,65.56686734599059,63.473670128505525,61.71880172145094,77.7276008605311,0.8752126313366815,1.928273227427951,1.3336713108836467,0.5946019165443044,10.474399152321334,7.1399993896484375,1.6021431514195033,29.72896791689783,29.065028509964986,69.98299612549454,59.98800340148301,0.15380342938636715,623442.85,2.4948990913922584,-38.303857548404295,6049009,8.578064053355071,9.13081669995473,9.13081669995473,-1.9591547008391168,18.707939415880244,1.1794716061745076,4.153404934816152,0.0
2022-03-09,71.58000183105469,74.0,70.12999725341797,70.6500015258789,3069502,69.31600036621094,67.42600021362304,65.40399990081787,64.91693894759469,64.91693894759469,64.91693894759469,68.15252238473707,66.05097536312282,63.755094889186836,61.8076693811965,77.7944362678254,0.8788181994441757,2.0890352782181196,1.4847441043505414,0.6042911738675782,10.754037485335344,6.3600006103515625,1.8400004250662667,29.782541988328315,28.429852476183747,70.83093281984131,59.977066981794415,0.16595110168347926,773634.65,3.9676376956487145,97.3414374316506,9118511,8.020918648731513,8.831381564236002,8.831381564236002,-4.527024965028505,18.85935928358649,1.4455843363853795,5.51832724675234,0.0
2022-03-10,68.5,69.69999694824219,67.5,68.5,1852430,69.51999969482422,67.86800003051758,65.69049987792968,65.06623315811157,65.06623315811157,65.06623315811157,68.22201790778966,66.28421580473017,63.941169599414806,61.874259735612455,65.58921877364116,0.2203836252628563,2.0196716888443547,1.591729621249304,0.4279420675950507,8.010094572254655,4.4199981689453125,1.9728576115199499,32.56328696131784,30.43846474195668,71.13690329035036,60.244096465509,0.16582012383956696,858444.8,2.1578906413085615,-39.6504709884535,7266081,4.276874323214335,5.2773407576005535,5.2773407576005535,-7.4324324324324325,15.242263766170346,-3.0431726531405188,3.2592547381365744,0.0
2022-03-11,68.69999694824219,69.94999694824219,68.69999694824219,69.47000122070312,450947,69.91000061035156,68.11699981689453,66.02399997711181,65.24238388061524,65.24238388061524,65.24238388061524,68.47161457037235,66.58762393958473,64.15798652573984,61.94983925287704,68.04318795972031,0.3527678418374498,2.0196898094897193,1.6773216588973872,0.34236815059233217,8.057240988348946,2.4899978637695312,2.0135718754359653,32.704732174911314,29.911620204187678,71.54154926611022,60.506450688113404,0.1671376860205728,863938.25,0.5219667030600856,-75.6564620525472,7717028,5.219316074133524,6.479863378113004,6.479863378113004,-6.121619972022804,16.874163569524754,0.29196634779881386,1.8195051754394342,0.0
2022-03-14,69.98999786376953,69.98999786376953,67.9000015258789,68.48999786376953,766744,69.53399963378907,68.49799957275391,66.33049983978272,65.36729211073656,65.36729211073656,65.36729211073656,68.47529122905179,66.7688024085547,64.32786932330964,62.014915457960555,65.50457319989604,0.21581725253481937,1.9185106925249897,1.7255594656229076,0.1929512269020821,6.8820160841157385,3.80999755859375,2.1100000653948103,33.152378320821725,29.939213987769676,71.66920309539466,60.99179658417077,0.1609728034164452,868725.65,0.8826077599987983,70.02973741925327,6950284,3.255663728153639,4.777168599462408,4.777168599462408,-7.445948832743876,15.225436484101781,0.7485196976093319,3.0780505020961733,0.0
2022-03-15,68.0,68.0,66.88999938964844,66.95999908447266,1206446,68.81399993896484,68.70899963378906,66.47399997711182,65.42628125791197,65.42628125791197,65.42628125791197,68.17223280013596,66.78701161578499,64.43109009825722,62.06412027016466,57.84831462689995,0.0,1.69532475020101,1.7195125225385284,-0.024187772337518343,-0.029866036814507613,2.1100006103515625,2.143571036202567,33.36222713524613,30.536550322709694,71.71247889883473,61.235521055388894,0.15760986020178178,891250.95,1.3536546580960167,57.34665025093122,5743838,0.7311115737403767,2.3441922681112457,2.3441922681112457,-9.513514750712627,12.651414252194492,-0.7154298131884376,1.6594418006876837,0.0
2022-03-16,66.95999908447266,67.19999694824219,66.87000274658203,67.13999938964844,421069,68.11199951171875,68.71399993896485,66.67150001525879,65.48748547690255,65.48748547690255,65.48748547690255,67.96578611803847,66.82062949901008,64.53732183517452,62.11462653006002,59.01058768765692,0.052372489658039166,1.5155030277082062,1.678710623572464,-0.16320759586425782,3.8033380842080744,0.0500030517578125,2.1349994114467075,32.799587072803234,29.944888514006152,71.68152484469685,61.66147518582072,0.15028984883470287,862379.25,0.48826429903084984,-65.09839644708508,6164907,0.7026981158102459,2.523404129371757,2.523404129371757,-9.27027109506968,12.954241152151551,0.0,0.4934861494035507,0.0
2022-03-17,68.25,68.25,67.19999694824219,67.55000305175781,498307,67.92200012207032,68.72099990844727,66.88700008392334,65.55860677258721,65.55860677258721,65.55860677258721,67.88262950478234,66.89009364689082,64.65546619660917,62.16870987853463,51.96687087169308,0.0,1.3900532178583802,1.6209791424296474,-0.23092592457126715,4.163461281674774,0.06999969482421875,1.9707140241350447,32.8054864201766,29.394779532718186,71.63971538357605,62.134284784270626,0.14211177937983352,874403.4,0.5698822763040491,18.343311903749736,6663214,0.991228440508022,3.037581756547162,3.037581756547162,-8.716212092219171,13.644018526953078,1.6532627650316913,1.5625046122643884,0.0
2022-03-21,67.75,67.75,67.0199966430664,67.3499984741211,495028,67.49799957275391,68.70400009155273,67.06100006103516,65.61831982930501,65.61831982930501,65.61831982930501,67.7761032986501,66.93389410662704,64.76113412906062,62.220264988938474,60.774798273874616,0.34102817153259524,1.259970486365603,1.5487774112168387,-0.2888069248512357,0.38754233182694,-0.1699981689453125,1.846428462437221,32.77948852617267,28.93122028279421,71.59858554545774,62.52341457661258,0.13532710458516045,880852.0,0.5619877118971178,-0.6580280830893459,6168186,0.4309485585107656,2.639017044814246,2.639017044814246,-8.986488548485008,13.307537062858884,0.296072448862729,1.0892321598006476,0.0
2022-03-22,67.80000305175781,68.48999786376953,67.2699966430664,67.47000122070312,901527,67.29400024414062,68.41399993896485,67.24500007629395,65.67805148709205,65.67805148709205,65.67805148709205,67.71488288306071,66.98495192701523,64.86736421108583,62.272501170349074,60.61587789525488,0.3348750411007376,1.1532680470445626,1.4696755383823836,-0.316407491337821,-0.014822370677081143,-2.9000015258789062,1.862142835344587,32.74921847549454,28.432088604325084,71.51464115726488,62.97535899532303,0.1269876147260534,901974.0,0.9995044203047981,82.11636513490146,7069713,0.33459906930462935,2.7283844344305117,2.7283844344305117,-8.824322674725508,13.509425941315401,0.6681582595872378,1.8135889424470069,0.0
2022-03-23,67.30000305175781,67.4000015258789,66.69999694824219,67.33999633789062,705057,67.36999969482422,68.09199981689453,67.44099998474121,65.7299872636795,65.7299872636795,65.7299872636795,67.6399055740267,67.01876568043194,64.96433017684288,62.32292400783705,51.22189324841334,0.0,1.0461558541095002,1.384971601527807,-0.3388157474183069,-0.26658814295759115,-3.220001220703125,1.736428941999163,32.642358574186375,27.9951882364189,71.31267258610626,63.569327383376155,0.11481658345045398,928521.45,0.7593330234858872,-21.793024501762016,6364656,-0.14976593892949155,2.4494285504004125,2.4494285504004125,-9.000004948796454,13.290709780790316,-0.2519611173404702,1.0494821734098545,0.0
2022-03-24,67.80000305175781,67.87999725341797,67.30000305175781,67.5199966430664,180506,67.44599914550781,67.77899932861328,67.60249977111816,65.78422997214578,65.78422997214578,65.78422997214578,67.61592378783465,67.06650196258761,65.06455239120459,62.37463617336173,50.1995669070708,0.0,0.9646730394979386,1.3009118891218334,-0.33623884962389483,-4.050029831289237,-3.1300048828125,1.708571297781808,32.40009285754775,27.540371005933245,71.17896033240551,64.02603920983081,0.1058085299625361,913439.05,0.19761143340653106,-74.3983819747907,6545162,-0.122041534456693,2.638575645949767,2.638575645949767,-8.756761293153504,13.593536680747375,0.6831106903526108,0.8618041238632712,0.0
2022-03-25,67.80000305175781,68.68000030517578,67.80000305175781,68.5999984741211,973088,67.65599822998047,67.78899917602538,67.82849960327148,65.8670466927921,65.8670466927921,65.8670466927921,67.81273872509195,67.21254924940033,65.20319733563268,62.436580076851875,54.88245519639088,0.16970141181317117,0.9759937947496695,1.2359282702474008,-0.2599344754977313,-2.777776576373958,0.09999847412109375,1.736428941999163,32.662993935369705,27.33198132980725,71.01805745541081,64.63894175113215,0.09404771949239735,936188.2,1.0394149381502567,439.0890053516227,7518250,1.1374258244869115,4.14919435218592,4.14919435218592,-7.2972993592958195,15.41049808048973,0.41470145529125996,1.29793099381749,0.0
2022-03-28,67.0,68.19000244140625,67.0,67.3499984741211,482797,67.65599822998047,67.57699890136719,67.84699935913086,65.90941674368722,65.90941674368722,65.90941674368722,67.72019067489778,67.22563965175469,65.2873856155734,62.48546981214809,34.038069461201474,0.0,0.8740257962175662,1.163547775441434,-0.2895219792238679,-4.670917169830535,-2.1200027465820312,1.609285627092634,29.706781380275526,27.571142224897844,71.02008516482435,64.67391355343737,0.09353651114023673,917759.5,0.5260604766281363,-50.385062810352196,7035453,-0.7325318580104339,2.1856994062564743,2.1856994062564743,-8.986488548485008,13.307537062858884,-2.3323593436006895,1.776123046875,0.0
2022-03-29,67.5,67.5,66.31999969482422,66.38999938964844,709264,67.43999786376953,67.36699905395508,67.9324993133545,65.92276626163058,65.92276626163058,65.92276626163058,67.45415241784792,67.14605486488743,65.33062537141949,62.52432085272023,29.61882956587887,0.0,0.7075948071963722,1.0723571817924218,-0.36476237459604954,-3.080292861827094,-2.0999984741210938,1.4885711669921875,27.268636727742972,27.555949863089552,70.82612244120936,65.03887618549963,0.08519112816701634,929545.6,0.7630222766908907,46.90729229883368,6326189,-2.270636204022054,0.7087583766790427,0.7087583766790427,-10.283784608583192,11.692464541573045,0.22271941986241264,1.7792525793209126,0.0
2022-03-30,66.66000366210938,66.87000274658203,66.25,66.6500015258789,296240,67.30199890136718,67.3359992980957,68.02249946594239,65.94242126877243,65.94242126877243,65.94242126877243,67.29332223945413,67.09881168974377,65.38236561277084,62.56537240170689,30.769275913471134,0.02994054801905698,0.5898773103440789,0.9758612075027533,-0.3859838971586744,-4.05930566470728,-0.30999755859375,1.2564283098493303,27.280684921499336,27.162227140181123,70.60800558275902,65.43699334912576,0.07601914475698285,930416.65,0.3183949900294669,-58.23275959304293,6622429,-2.017711714269874,1.0730274131464925,1.0730274131464925,-9.932430370433911,12.129884027167781,0.4066941933170687,0.9358532023879716,0.0
2022-03-31,66.6500015258789,66.68000030517578,65.80999755859375,66.30000305175781,1513326,67.05800018310546,67.25199966430664,67.98299980163574,65.9518313156931,65.9518313156931,65.9518313156931,67.09465840191487,67.02273467660225,65.4183513946919,62.6025329056875,37.209351840187644,0.19754454183743414,0.46300614752028935,0.8732901955062606,-0.4102840479859713,-3.197539612087219,-0.839996337890625,1.0935712541852678,24.47465632943078,26.85846326241873,70.65130209153756,65.31469751173393,0.07849910411978069,972520.95,1.5560857583582133,410.84458547123955,5109103,-2.475614131163178,0.5279182232228131,0.5279182232228131,-10.405401281408363,11.541057509322231,0.0,1.3219917624330966,0.0
2022-04-01,66.5999984741211,66.95999908447266,66.55000305175781,66.72000122070312,290914,66.68200073242187,67.16899948120117,67.94499969482422,65.97152797992413,65.97152797992413,65.97152797992413,67.01972696567253,66.99390291889758,65.46939648590802,62.64350273966775,32.91929351019587,0.09197145189401601,0.39183336793010426,0.7769988299910294,-0.38516546206092517,-0.35841975366033285,-0.8300018310546875,1.037142617361886,24.493291112016003,26.513496712950825,70.66461677714351,65.22538261250493,0.08005348721861745,973134.0,0.29894546896933,-80.7765147760628,5400017,-1.8029266018444168,1.1345397987549428,1.1345397987549428,-9.83783618823902,12.247649330736891,0.4524817625258427,0.6160721471281951,0.0
2022-04-04,66.9800033569336,66.9800033569336,66.0,66.54000091552734,563048,66.52000122070312,67.0879997253418,67.89599990844727,65.9857398033142,65.9857398033142,65.9857398033142,66.92378175564349,66.95067415667184,65.51138097334407,62.682273865795715,36.551773488488585,0.22252377987626085,0.3172468824487851,0.6850484404825806,-0.36780155803379555,-0.893652784592669,-0.80999755859375,0.9578574044363839,24.500528705532282,26.194128237766506,70.68235313720254,65.10964667969199,0.08207709533735318,972638.8,0.5788870441935896,93.54448393683357,4836969,-1.9971706650588932,0.8399710511168689,0.8399710511168689,-10.081079843881968,11.944822430779833,0.3896914440549957,1.4848535711115056,0.0
2022-04-05,66.5,66.5,65.9000015258789,66.1500015258789,587450,66.47200164794921,66.95599975585938,67.68499984741212,65.9897461867914,65.9897461867914,65.9897461867914,66.76902570969058,66.87441962040585,65.53642491658074,62.71677861863237,43.37155928935683,0.44141557119835323,0.2240837657897714,0.5928555055440188,-0.3687717397542474,-2.072541025358954,-1.3199996948242188,0.8892860412597656,18.82051356834115,25.936412694215754,70.31740040451112,65.05259929031311,0.07778386830267982,875955.85,0.6706388227214877,4.333911140790847,4249519,-2.267855987284749,0.24284884902253187,0.24284884902253187,-10.608106046109587,11.288699620115443,-0.060115592090425406,0.9104680731842997,0.0
2022-04-06,66.0,66.05000305175781,65.45999908447266,65.9800033569336,448926,66.33800201416015,66.82000045776367,67.4560001373291,65.98951421465192,65.98951421465192,65.98951421465192,66.61122123913918,66.78923711912277,65.55382014953577,62.74924851652591,40.49185720307026,0.34898698670219747,0.13497795133149282,0.5012799947015136,-0.3663020433700208,-2.0341427590587324,-1.3599929809570312,0.9150009155273438,18.698111896549378,25.635711725167116,69.81833012634215,65.09367014831605,0.07004061860186613,820630.8,0.5470499035619916,-23.580560047663635,3800593,-2.1880882017768966,-0.014412680304613682,-0.014412680304613682,-10.837833301441089,11.002700002226952,-0.22675967107910547,0.9013198526382309,0.0
2022-04-07,66.25,66.5,65.70999908447266,66.04000091552734,490405,66.28600158691407,66.67200088500977,67.22550010681152,65.99068832397461,65.99068832397461,65.99068832397461,66.49697717441683,66.71788129020892,65.57288606192759,62.7819923214911,36.86956406360916,0.23272377006430525,0.06841362329522838,0.41470672042025664,-0.34629309712502826,-2.1194609149302712,-1.4799957275390625,0.892143794468471,18.68654353683632,25.3223870514116,69.13109672759478,65.31990348602827,0.05669267220788366,691675.95,0.709009761001521,9.239607418594598,4290998,-1.7634665259471394,0.07472659068297513,0.07472659068297513,-10.756755519557643,11.103638023727495,0.40920980498560905,1.2022537308389976,0.0
2022-04-08,66.37999725341797,66.55000305175781,66.05999755859375,66.4800033569336,268062,66.23800201416016,66.46000137329102,67.1245002746582,66.00180912017822,66.00180912017822,66.00180912017822,66.49358241092018,66.6952262489446,65.60845928918273,62.818788451197,42.73794391190159,0.42323753560721095,0.05058235166052327,0.34188184666831,-0.29129949500778674,-1.277090923263291,-2.1199951171875,0.8764294215611049,15.893868487912833,25.045354664277635,68.95845280172897,65.29054774758744,0.05464331263746164,612457.55,0.4376825789803718,-45.33864866793772,4559060,-0.9601515319853026,0.7245168626888084,0.7245168626888084,-10.162157625765413,11.84388440927929,0.5148339387903991,0.7417582671410766,0.0
2022-04-11,66.69000244140625,67.44999694824219,66.4000015258789,67.3499984741211,316116,66.4000015258789,66.46000137329102,67.0185001373291,66.03176888359917,66.03176888359917,66.03176888359917,66.66486562356037,66.75758550848522,65.67675494349405,62.86387511809177,49.10977162747262,0.771502172596069,0.10543686497979365,0.2945928503306068,-0.18915598535081313,-0.2517745518323733,0.0,0.8642861502511161,15.76019118615555,24.89164585406933,68.4911145727106,65.5458857019476,0.043946505289254,605716.0,0.521888145599588,17.926449851153837,4875176,0.4946370571002252,1.9963566216826618,1.9963566216826618,-8.986488548485008,13.307537062858884,0.3158830834366289,1.5813183708347556,0.0
2022-04-12,68.0,68.0,67.26000213623047,67.4000015258789,915728,66.6500015258789,66.56100158691406,66.96400032043456,66.06151307147482,66.06151307147482,66.06151307147482,66.81189280402408,66.81876798633223,65.74433324084247,62.9090107042389,50.45048966766292,0.824571279136781,0.15120133549859816,0.26591454736420506,-0.1147132118656069,-1.7492667273088625,1.0100021362304688,0.862142835344587,15.044875942593139,24.60980169292645,68.27962714381268,65.64837349705645,0.03929355525603619,613165.2,1.4934441811113874,189.68100317604927,5790904,0.6510979083656874,2.026124428842429,2.026124428842429,-8.918916856920397,13.39166063774629,0.9651099340836156,1.1002049364653854,0.0
2022-04-13,67.80000305175781,69.1500015258789,67.80000305175781,69.0,812052,67.25400085449219,66.79600143432617,67.06600036621094,66.12403406995408,66.12403406995408,66.12403406995408,67.24951424321927,67.0265043685863,65.87200644708393,62.969617562903196,59.15844318693635,1.0,0.31296880366403457,0.275325398624171,0.037643405039863576,2.4498909625260135,2.3499984741210938,0.9457146780831474,15.079495682569998,24.836946820404357,68.66592468717744,65.46607604524445,0.04771193487699214,593445.5,1.3683682831869144,-11.321702514283716,6602956,2.883725916602357,4.349350384465917,4.349350384465917,-6.756756756756757,16.083448173222685,0.593474060568562,1.9911481022950972,0.0
2022-04-18,68.30999755859375,69.98999786376953,68.30999755859375,69.62000274658203,940469,67.97000122070312,67.1280014038086,67.19000053405762,66.19686675071716,66.19686675071716,66.19686675071716,67.72361194389183,67.2735042141097,66.01898669412307,63.03579054980547,56.69294570911362,0.9165358928031074,0.4856020100319398,0.3173807209057248,0.16822128912621503,4.865195641856301,3.3199996948242188,0.9828572954450335,15.30674831638905,24.60811673977706,69.15649788384088,65.22350318427435,0.05853541700111996,619415.5,1.518316864850815,15.813888765744055,7543425,3.616612878716502,5.171145046419864,5.171145046419864,-5.91891520732158,17.12652145873154,-1.0000035382699275,2.4593769070694815,0.0
2022-04-19,69.87999725341797,69.9800033569336,69.30999755859375,69.5999984741211,579141,68.59400024414063,67.41600112915039,67.29250030517578,66.26631841854173,66.26631841854173,66.26631841854173,68.09888924993768,67.49507509601555,66.1594185286328,63.10110605153996,67.6056354844487,1.0,0.6137262381861888,0.3766498243618176,0.23707641382437117,4.426101846519481,2.8799972534179688,0.9164292471749442,15.237750664807729,24.355372805461464,69.53266690488361,65.05233370546794,0.06657997814165131,623457.2,0.9289186170277608,-38.419979818579876,6964284,3.4290569654577614,5.030730746989227,5.030730746989227,-5.945948007944468,17.092866894594405,0.37344799853329774,0.9666798758338288,0.0
2022-04-20,69.18000030517578,69.18000030517578,67.86000061035156,68.05999755859375,707140,68.73600006103516,67.56800079345703,67.32800025939942,66.30219200134277,66.30219200134277,66.30219200134277,68.09111091166889,67.54887723530872,66.23395103961167,63.15044825559025,61.979898683409736,0.8472776119421058,0.5842653611346407,0.41817293171638226,0.1660924294182584,2.654591894154179,1.5199966430664062,0.9564290727887835,17.3960082497827,24.765315155564874,69.5943530648045,65.06164745399434,0.06732274229661767,634062.8,1.1152523062384356,22.10152622591044,6257144,1.0872108132933023,2.6512027795632696,2.6512027795632696,-8.027030326224663,14.50201738061855,-0.603445658266038,1.9451807883167953,0.0
2022-04-21,68.19999694824219,68.19999694824219,67.3499984741211,67.45999908447266,581100,68.74799957275391,67.69900054931641,67.32750015258789,66.43220001220703,66.32489410101199,66.32489410101199,67.96488854622964,67.5404126495148,66.28203135509641,63.193329358365204,55.54034082844189,0.6521600731214984,0.5066620565502973,0.43587075668316533,0.07079129986713195,1.1091094877556884,1.30999755859375,0.9728573390415737,17.701109369628114,24.637727580774648,69.59372543278488,65.0612748723909,0.06731945416244253,618041.45,0.9402281999047152,-17.823910399637978,5676044,0.1967976407626588,1.547139899140421,1.711431279078883,-8.83783907503695,13.492598659246832,0.20569996278344,1.2620616085799934,1.0
2022-04-22,67.83000183105469,67.83000183105469,66.1500015258789,66.33000183105469,1233175,68.21399993896485,67.73400039672852,67.2770004272461,66.52340003967285,66.32499232658974,66.32499232658974,67.63791120319465,67.42513542870908,66.28391255023203,63.22454002973525,50.185406630880486,0.49777843779263325,0.3499455890785015,0.4186857231622326,-0.06874013408373114,-0.3155982590671291,0.34999847412109375,1.0307143075125558,18.686060853726826,24.750012172145354,69.58664989481704,64.96735095967514,0.06866089311067379,644447.35,1.9135387863725408,112.21390466356911,4442869,-1.4076112046872518,-0.2907220744923218,0.0075529665201976215,-10.364862390466637,11.591526520072502,0.5484772481522242,2.5396829424388434,0.0
2022-04-25,66.33000183105469,66.33000183105469,65.19999694824219,65.30999755859375,1237896,67.35199890136718,67.66100006103515,67.16650047302247,66.5840000152588,66.30584148191056,66.30584148191056,67.17232847427447,67.22369372679333,66.2457198054619,63.245290850917925,41.88720790577129,0.17181226663455926,0.14180618583074533,0.3633098156959352,-0.22150362986518984,-1.269847237957411,-0.7300033569335938,1.064286368233817,19.345467567151132,24.795365872576948,69.63331736406609,64.69968358197885,0.0734537864462485,697316.85,1.7752274306866385,0.3828329312546952,3204973,-2.764031029388503,-1.9133762711358384,-1.501894706499572,-11.743246542440879,9.875503141830691,0.0,1.7331364044534134,0.0
2022-04-26,65.5999984741211,65.68000030517578,65.01000213623047,65.41999816894531,774433,66.51599884033203,67.55499954223633,67.00750045776367,66.63699996948242,66.28943697611491,66.28943697611491,66.82186241320863,67.05191319747446,66.2133385648142,63.266929729704266,43.503466416956016,0.21583442667461286,-0.014107043646774287,0.28782644382739325,-0.30193348747416754,-0.8487498628316326,-1.0600051879882812,1.0421431405203683,18.26548927583246,24.555915041120222,69.49512731919536,64.51987359633198,0.07424920626608658,687384.1,1.1266379306707852,-37.43957489159024,3979406,-2.369141182663566,-1.8263154120000185,-1.3115797128928293,-11.59459706899282,10.06056473821864,0.4440375537714046,1.0306078248410309,0.0
2022-04-27,65.5999984741211,70.48999786376953,64.63999938964844,64.9800033569336,488290,65.9,67.31800003051758,66.8890007019043,66.68060005187988,66.2656290921298,66.2656290921298,66.45349060195363,66.85458845075628,66.16497247823065,63.283975238432916,43.25260429041335,0.20767261174687374,-0.1711998204788614,0.19602119096614232,-0.36722101144500374,-1.605084106448773,-2.3699951171875,1.4142859322684151,17.356408489865935,24.38571387993069,69.52905496442655,64.24894643938204,0.07893836758865183,687658.75,0.7100760369878228,-36.948709572035284,3491116,-2.853977970874892,-2.550362014773652,-1.94010945464471,-12.189184652792441,9.320331188122275,0.27514568971851006,9.05012148725039,0.0
2022-04-28,64.9800033569336,64.9800033569336,63.75,64.25,809968,65.25800018310547,67.00299987792968,66.78200073242188,66.71840003967286,66.22963571548462,66.22963571548462,66.01279248156291,66.6065324078271,66.08987551830003,63.29358742511518,40.62837092234635,0.122293015501931,-0.35056109780379074,0.0867047332121557,-0.43726583101594646,-3.354397178593127,-3.1500015258789062,1.452857426234654,17.094707963035468,24.30612378298162,69.66911560785239,63.89488585699137,0.08646386283029849,692693.95,1.1693013920505586,65.87847385774847,2681148,-3.7914418625565696,-3.6997290675511842,-2.989048171711107,-13.175675675675674,8.092196306225471,0.0,1.9294170304840688,0.0
2022-04-29,64.4000015258789,64.80000305175781,64.20999908447266,64.56999969482422,798571,64.90599975585937,66.55999984741212,66.67800064086914,66.72800010681152,66.20051929406952,66.20051929406952,65.72423392421518,66.41257691135064,66.0302725448304,63.30628804471427,42.25500332027199,0.06029641716198063,-0.46156427563302316,-0.022949068556880073,-0.4386152070761431,-4.1276894465930525,-4.430000305175781,1.4385719299316406,17.144371714539105,24.099180764111644,69.73026495523688,63.6257363265014,0.09155236464894549,717810.5,1.112509499373442,-1.407092625881512,3479719,-3.16146393980635,-3.234025309514733,-2.4630012220936934,-12.743243655642948,8.630553813320752,0.23346540992825876,0.9188661823666523,0.0
2022-05-02,64.44999694824219,64.44999694824219,62.54999923706055,62.83000183105469,1779659,64.41000061035156,65.88099975585938,66.50450057983399,66.72080017089844,66.14240692401755,66.14240692401755,65.14538750558309,66.07137928465579,65.90477173252546,63.30154887840921,33.086185281845644,0.0,-0.6820758339978426,-0.15477442164507257,-0.52730141235277,-6.780414823981151,-6.790000915527344,1.546428952898298,19.409490632485042,24.61542755976365,70.00832330732518,63.00067785234279,0.10537099585568963,731127.15,2.4341306433497922,122.85545054854232,1700060,-5.525188095155036,-5.831462347390734,-5.0079899522980105,-15.094592120196367,5.703235670706134,-0.18584907410437915,3.0375663219127618,0.0
2022-05-04,62.5,62.790000915527344,62.349998474121094,62.630001068115234,720146,63.85200119018555,65.18400001525879,66.3000005722046,66.70860015869141,66.08287462137513,66.08287462137513,64.64231021808952,65.7436289783186,65.77634935352899,63.2948668106451,26.679869832963874,0.0,-0.8630228327916996,-0.296424103874398,-0.5665987289173016,-9.231882509977918,-6.969997406005859,1.5057152339390345,19.11578022433523,24.410855681161177,70.20528918556182,62.39471195884737,0.11780659365467545,752588.75,0.9568917951537277,-59.53460747255514,979914,-5.535444151455951,-6.1140528820477416,-5.2250656059429765,-15.364863421465898,5.366760624339656,-0.5252297014761171,0.7056975977134575,0.0
2022-05-05,62.70000076293945,64.0,62.70000076293945,63.349998474121094,519360,63.52600021362305,64.71300010681152,66.14050045013428,66.69820014953613,66.03732668558756,66.03732668558756,64.38384786929583,65.51566416839503,65.68119833865025,63.29541538441103,31.23261024969119,0.11124386665108463,-0.9375197158941972,-0.4246432262783578,-0.5128764896158394,-9.006038530742178,-4.709999084472656,1.5507153102329798,19.806739363661375,24.305362208033525,70.25925556136252,62.02174533890604,0.12454562887178398,750404.35,0.6921068621204022,-27.881290738266962,1499274,-4.219051801879016,-5.019928075882759,-4.0694079338813784,-14.391893953890413,6.578061806440178,0.11176703437716434,2.0733639892217464,0.0
2022-05-06,63.34000015258789,63.34000015258789,62.02000045776367,62.4900016784668,799198,63.1740005493164,64.21600036621093,65.95750045776367,66.67220016479492,65.97917381661837,65.97917381661837,64.00507863113003,65.22750583602091,65.55605337158423,63.287401317685216,17.61194619036972,0.0,-1.053805967369783,-0.5504757744966429,-0.5033301928731402,-10.215512861394615,-4.969997406005859,1.5207151685442244,20.17483756308022,24.276548660352493,70.38792050395698,61.527080411570374,0.1343416598702175,760991.75,1.0502058662265392,53.88131546518793,700076,-5.257171292470841,-6.2727770734892525,-5.288293163308368,-15.55405178585568,5.131230017201436,-0.01578267051938053,2.128345187167733,0.0
2022-05-09,64.01000213623047,64.01000213623047,61.849998474121094,61.97999954223633,522812,62.65600051879883,63.7810001373291,65.7575002670288,66.64340019226074,65.91467100574124,65.91467100574124,63.60006281335129,64.91821952232715,65.41581596651176,63.274392344795174,11.569395071057386,0.0,-1.1735881756340518,-0.6750982547241247,-0.49848992090992716,-8.933291558118361,-4.350002288818359,1.5550011226109095,20.26325070057599,24.190889982247874,70.53146384391452,60.98353669014308,0.1451990588906073,764686.05,0.683694962135114,-34.582919376675115,177264,-5.744592950542154,-6.99754309739732,-5.969340972910565,-16.2432438618428,4.27321832808053,2.4323898494748213,3.4923261364560108,0.0
2022-05-10,62.290000915527344,62.290000915527344,61.380001068115234,61.63999938964844,451137,62.418000030517575,63.41400032043457,65.53750019073486,66.59040016174316,65.84681907532708,65.84681907532708,63.20805012861072,64.60600808111965,65.2677447282034,63.25812972832606,11.208560690899304,0.0,-1.2811829301713828,-0.7963151898135763,-0.48486774035780655,-8.627334381574004,-3.6699981689453125,1.5721435546875,20.221617889123056,24.156490928221107,70.65016692297917,60.42483345849056,0.156022634899556,762722.65,0.5914823691154314,-13.709516996549432,-273873,-5.946978126635075,-7.434105757091963,-6.388797127566853,-16.70270352750211,3.7012126745758316,0.5001635617627989,1.4825673372052488,0.0
2022-05-11,61.5,61.5,60.209999084472656,61.36000061035156,553283,62.16399993896484,63.0080005645752,65.28150005340576,66.5360001373291,65.77671253681183,65.77671253681183,62.83844022495889,64.29686451247507,65.11449986083666,63.23924287143079,12.777763178306728,0.03539678493710061,-1.3732165244659456,-0.9116954567440502,-0.4615210677218954,-7.492840469629303,-4.05999755859375,1.5500008719308036,19.868247145133463,24.11444920017965,70.69910166716723,59.8638984396443,0.165976627661111,776983.7,0.7120908714043809,22.641902570616026,-827156,-6.007060866931804,-7.7792465977731835,-6.7147045757090105,-17.081080256281673,3.230151460299391,-0.22712425540995124,2.1425027987751912,0.0
2022-05-12,61.36000061035156,61.36000061035156,59.88999938964844,59.9900016784668,2005985,61.492000579833984,62.50900039672852,64.91350021362305,66.39620010375977,65.68768621591421,65.68768621591421,62.26875251566047,63.886687099712375,64.91353914780255,63.20691211329185,11.770711927672977,0.014422696942674786,-1.5389610897819352,-1.0371485833516272,-0.5018125064303081,-8.145760341445495,-4.990001678466797,1.5942867824009486,19.842717493381066,24.53874510536301,70.72505360881736,59.10194681842874,0.17905530825079954,861477.15,2.328541157475854,262.560389529409,-2833141,-7.584706600250447,-9.648441349477485,-8.673900491363376,-18.932430164234056,0.9253079819397442,0.0,2.4545019797699386,0.0
2022-05-13,59.9900016784668,59.9900016784668,58.75,59.13999938964844,974549,60.822000122070314,61.99800033569336,64.50050010681153,66.28540008544923,65.58847883975866,65.58847883975866,61.643001890458066,63.43462160351581,64.68712582395338,63.166445320021765,12.11799757692306,0.028160382127698495,-1.7190863752226235,-1.1735361417258265,-0.545550233496797,-9.599509255685025,-5.1100006103515625,1.5628583090645927,19.9030902176101,24.662267786779783,70.72720773281526,58.27379248080779,0.19307470843458363,864418.2,1.1274045363690863,-51.417931838971874,-3807690,-8.310789386572523,-10.779750422550931,-9.83172588262752,-20.08108190588049,0.663828748337766,0.0,2.110641154837101,0.0
2022-05-16,59.5,60.20000076293945,59.40999984741211,59.97999954223633,439978,60.422000122070315,61.53900032043457,64.04950008392333,66.18800010681153,65.504770193527,65.504770193527,61.310401420813726,63.105609978632046,64.50253263643506,63.134739391884594,21.374857153627516,0.3147956692911375,-1.7736108872535112,-1.2935510908313637,-0.4800597964221476,-7.694680757759221,-4.590000152587891,1.5578580583844865,18.240129894430435,24.158116821143828,70.21029075406763,57.88870941377904,0.1923759174411004,845814.5,0.5201826168740309,-54.85316797821351,-3367712,-6.353680413359644,-9.379344525528765,-8.434150116042401,-18.9459465645455,2.093616242104388,0.6087260975091846,1.3297440120457364,0.0
2022-05-17,60.400001525878906,61.5,60.400001525878906,61.380001068115234,438564,60.37000045776367,61.39400024414063,63.6375,66.07380020141602,65.44411182403564,65.44411182403564,61.32432135027403,62.94126627286854,64.38008041806958,63.11727930906102,30.94340030049753,0.6158660828278709,-1.6844363987488649,-1.3717281524148641,-0.31270824633400074,-4.466924407602746,-1.4500007629394531,1.618572507585798,20.435838098181446,24.501752383223607,69.31272254020435,57.96227745979566,0.17836095196085153,820719.25,0.5343654361707734,-0.3213797053489009,-2929148,-3.5474349744800917,-7.103873424855914,-6.210047997668425,-17.054052610655088,4.476597562749335,0.7002367236545639,1.8211894806820326,0.0
2022-05-18,61.380001068115234,61.9900016784668,60.54999923706055,61.18000030517578,562662,60.33400039672851,61.24900016784668,63.21650009155273,65.94780014038086,65.38231310637102,65.38231310637102,61.29545714125439,62.7735266568978,64.25458708030905,63.09800290106216,31.660218012145165,0.6587439844685066,-1.6113289669213273,-1.4196483153161568,-0.19168065160517056,-5.250115232570107,-1.4500007629394531,1.3035727909633092,20.346839539711144,24.506828324223466,68.24131880882568,58.19168137427978,0.15897174661665234,819895.3,0.6862607945185196,28.29644020029003,-3491810,-3.221468735895862,-7.229657130421375,-6.427292950554467,-17.32432391192462,4.1361707322140955,0.0,2.378203896862933,0.0
2022-05-19,61.29999923706055,61.9900016784668,60.119998931884766,60.58000183105469,564481,60.45200042724609,60.97200050354004,62.84250030517578,65.80900024414062,65.31370865958077,65.31370865958077,61.15236607921445,62.56461953062703,64.11048569798535,63.07294816404716,32.06256255285763,0.6717034254426493,-1.5835514673632929,-1.4524289457255841,-0.13112252163770877,-3.581091730746855,-2.7699966430664062,1.3492870330810547,19.515318581784392,24.481137538536586,67.44515293810262,58.23984767224894,0.14648216129452,812762.35,0.6945215904747557,0.323284671792301,-4056291,-3.600268071979869,-7.945719268925533,-7.247646666641554,-18.135132660736907,3.1148967337101063,0.19614078340338587,3.1104503988776213,0.0
2022-05-20,61.9900016784668,64.95999908447266,61.2599983215332,61.900001525878906,325362,61.00400085449219,60.91300048828125,62.564500427246095,65.63960021972656,65.26562827741596,65.26562827741596,61.30189316854735,62.50132257779388,64.02380004417726,63.06127705321962,38.112203095510814,1.0,-1.438443177611191,-1.4496317921027058,0.011188614491514759,-1.1655748519665443,-0.5900001525878906,1.6200008392333984,21.74623873745072,24.908861868495407,66.63356947405804,58.49543138043416,0.13007597020753658,799975.45,0.4067149810659815,-42.3608589128775,-3730929,-1.0621021455128692,-5.697168601468414,-5.156813533198863,-16.35134928935283,5.361704724900266,2.3275005031269433,6.039831642696739,0.0
2022-05-23,63.400001525878906,63.689998626708984,61.099998474121094,62.02000045776367,325340,61.412001037597655,60.91700057983398,62.34900035858154,65.46880027770996,65.22055011325412,65.22055011325412,61.44551462639062,62.45548237588624,63.94521966823948,63.05091609207081,45.78563140802865,1.0,-1.2987892673973818,-1.419463287161641,0.12067401976425929,-2.0994444331371764,0.04000091552734375,1.660715103149414,21.323197864860955,24.888862274558754,66.01494484417717,58.68305587298592,0.11759433076751978,754583.7,0.4311516403017982,-0.0067616992765029416,-3405589,-0.527674700357224,-5.267852481360491,-4.907271787699982,-16.189188570589632,5.565958225980718,2.4232632682131454,4.238952892420914,0.0
2022-05-24,61.45000076293945,61.56999969482422,60.959999084472656,61.36000061035156,638967,61.40800094604492,60.889000701904294,62.15150051116943,65.28300025939942,65.16766587348833,65.16766587348833,61.42841182318281,62.351150779168655,63.84383852871447,63.03409106240196,43.69413616012492,0.9395120753572798,-1.2272223538621958,-1.3810151005017521,0.15379274663955633,-1.808290986979788,-0.279998779296875,1.7021435328892298,21.026892356410745,24.803655082658146,65.56251826030747,58.74048276203139,0.10976461456550146,724637.25,0.8817749846561159,96.39976639822953,-4044556,-1.2735008717538936,-6.009220828485163,-5.842875008794527,-17.081080256281673,4.442554230385638,-0.9190578694245496,1.0006571842402439,0.0
2022-05-25,61.720001220703125,61.900001525878906,61.36000061035156,61.439998626708984,371250,61.460000610351564,60.89700050354004,61.95250053405762,65.14180023193359,65.1172919917751,65.1172919917751,61.430729183888054,62.2643743836963,63.749570297263276,63.01822944612642,39.87274359359179,0.8289939635774978,-1.1507843621367542,-1.3349689528287525,0.18418459069199833,-0.8712502735005012,0.07999801635742188,1.6428579602922713,21.01581239953768,24.801723967219054,65.00631912992925,58.89868193818598,0.09858580588503726,704478.1,0.5269858637195394,-41.89840789899948,-3673306,-0.8272497525211175,-5.682682382194771,-5.6471841082251935,-16.97297482877164,4.578721066738697,0.5867024230290337,0.8800536345435506,0.0
2022-05-26,61.20000076293945,61.380001068115234,61.02000045776367,61.119998931884766,263459,61.56800003051758,61.010000228881836,61.75950031280517,64.97480018615722,65.06399475097656,65.06399475097656,61.368583133487405,62.15538624542854,63.64644985156216,62.99934158031307,42.29469718424689,0.89903904086206,-1.1033097361596376,-1.2886371094949296,0.18532737333529203,-0.8436087977168216,1.1299972534179688,1.5778579711914062,20.988001063491097,22.97620661097131,64.47708019379304,59.0419204318173,0.08800524185667379,693236.55,0.38004199288107354,-29.03461279461279,-3936765,-1.035470458279944,-5.932763537907299,-6.06171790432926,-17.40540684880437,4.034040735123005,-0.3906215317934597,0.5899714972974227,-1.0
2022-05-27,61.400001525878906,62.79999923706055,61.400001525878906,62.209999084472656,311278,61.62999954223633,61.317000198364255,61.65750026702881,64.84920021057128,65.0264421764173,65.0264421764173,61.53686632368446,62.16058746819464,63.59011844893121,62.9914874261256,51.214359056162266,1.0,-0.9665896069265756,-1.224227608981259,0.25763800205468335,1.3852647745536295,3.0699996948242188,1.543572017124721,21.976720588193775,22.22590376878158,64.12293167840498,59.192068855652636,0.07997182502368025,668302.05,0.46577442041364375,18.150452252532645,-3625487,0.8960772250757221,-4.069751234446838,-4.3312274171538006,-15.932433669631546,5.889360143783245,0.4581194353523954,2.280126508777966,0.0
2022-05-30,62.189998626708984,62.4900016784668,61.709999084472656,61.790000915527344,248188,61.58399963378906,61.49800033569336,61.518500328063965,64.74580024719238,64.98441047173041,64.98441047173041,61.587493242053036,62.12529351079776,63.519525604484,62.979532336467905,50.78534867947499,0.989123460736535,-0.8819615578202189,-1.155774398749051,0.27381284092883207,3.0004987276182282,1.8100013732910156,1.5342864990234375,21.905465777820233,22.250227705622546,63.57151639200249,59.465484264125436,0.06674467202517187,640782.9,0.38731994876892,-20.268056206991826,-3873675,0.441331609215974,-4.56523715882747,-4.915655205632287,-16.49999876280089,5.174469643450798,-0.03214990846811297,1.2639808873217167,0.0
2022-05-31,61.7400016784668,61.7400016784668,61.099998474121094,61.33000183105469,264299,61.577999877929685,61.4930004119873,61.44350032806396,64.62960029602051,64.93755907890124,64.93755907890124,61.53599495985337,62.04955144606032,63.43366192709462,62.96311909760807,49.845843820815,0.9653045462330277,-0.8423017704404643,-1.0930798730873337,0.2507781026468694,3.7030816097532337,-0.049999237060546875,1.4814295087541853,19.93120941381391,21.07442407315297,63.40221373743723,59.484786918690695,0.06375656982154827,565014.9,0.46777350473412294,6.491450029816104,-4137974,-0.18472010286405302,-5.105398222877442,-5.555424778845257,-17.121619147223395,4.3914924783909575,-0.0809180066672931,1.047468445709989,-1.0
2022-06-01,64.80000305175781,64.80000305175781,60.29999923706055,60.41999816894531,566304,61.373999786376956,61.417000198364256,61.33300018310547,64.48700019836426,64.88037476358535,64.88037476358535,61.31279560167176,61.894355895858894,63.31547903461818,62.937814411750736,52.31929055687581,1.0,-0.8742232916024761,-1.0493085567903622,0.17508526518788603,0.733575575303469,-0.7600021362304688,1.6978582654680525,20.51482514891131,21.19631087071768,63.25895687323118,59.40704349297976,0.06280327668223948,557322.8,1.0161148978652945,114.26641795844859,-4704278,-1.4885983262427263,-6.306700601530083,-6.874770084009228,-18.351353825749577,2.842550074800532,5.657918012560822,7.462692987782909,-1.0
2022-06-02,64.80000305175781,64.80000305175781,61.0099983215332,61.61000061035156,198732,61.47200012207031,61.52000007629395,61.24600028991699,64.37220024108886,64.83949508666993,64.83949508666993,61.37223660340772,61.867274440096296,63.24859752778419,62.92460233412488,62.851202205140986,1.0,-0.7943414021260438,-0.9983151258574985,0.20397372373145473,0.3747141385368913,1.029998779296875,1.9221442086356026,21.386858080802725,21.63879524653703,62.930373424636215,59.56162715519777,0.05500353089984633,541291.4,0.3671442036581405,-64.90718765892525,-4505546,0.594325047695394,-4.2909821637169765,-4.980752043182247,-16.743242418443835,4.868086145279255,7.249263514648262,6.212104301741874,0.0
2022-06-03,61.9900016784668,62.349998474121094,61.9900016784668,62.130001068115234,302129,61.45600051879883,61.543000030517575,61.228000259399415,64.2654002380371,64.80604454323098,64.80604454323098,61.52378949634923,61.89229602371715,63.20473099995404,62.916695853866074,61.57158941871246,0.9598965547594708,-0.6812220345137661,-0.934896507588752,0.2536744730749859,1.5527962703509202,0.22999954223632812,1.8992868150983537,21.140262976431263,19.828785733035613,62.86338039996529,59.592620118833544,0.05341935498913558,516437.95,0.5850247837131256,52.028359801139224,-4203417,1.4731835188057578,-3.3227820289182266,-4.1293115387263075,-16.040539097141576,5.753193307430187,0.6167847173359507,0.5807336439859259,0.0
2022-06-06,62.20000076293945,62.290000915527344,61.61000061035156,62.18000030517578,248048,61.534000396728516,61.55900001525879,61.238000297546385,64.16220031738281,64.7740196134986,64.7740196134986,61.655031658114545,61.91969643147512,63.164545482511755,62.90936554989901,55.03777944223736,0.7494973959603944,-0.5808439921515784,-0.8640860045013173,0.2832420123497389,2.641133089733416,0.15999984741210938,1.8392868041992188,20.93423475303707,19.8131237409556,62.895044280716355,59.580956314376415,0.05411816111298993,502699.75,0.4934317154524147,-17.899969880415323,-3955369,1.5382605621548013,-3.0893579122940604,-4.0047218372445,-15.972972560573268,5.838298391788563,0.11266649544633954,1.1037174134705807,0.0
2022-06-07,62.0,62.0,61.310001373291016,61.599998474121094,301947,61.587999725341795,61.582999801635744,61.23600025177002,64.0438003540039,64.73577839495188,64.73577839495188,61.644025021315855,61.889249006965215,63.10319069786899,62.89633702178181,52.524027550184826,0.6645784038662367,-0.5418488743490855,-0.799638578470871,0.2577897041217856,-0.48465758378436474,0.23999786376953125,1.798572267804827,21.11737571921526,19.855594750359682,62.89109665706454,59.58090384647551,0.05405631976254603,495240.25,0.6096980203042867,21.729262078307432,-4257316,0.5944186766844721,-3.8158289582670437,-4.843967275251478,-16.75675881875528,4.8510612325465425,-0.2894826379741884,1.1254258868922065,0.0
2022-06-08,61.65999984741211,62.08000183105469,61.650001525878906,61.709999084472656,232089,61.84599990844727,61.60999984741211,61.25350017547608,63.90600036621094,64.69975721268426,64.69975721268426,61.657219833947224,61.87217758577545,63.04855573263776,62.88453266419665,57.21581729991601,0.7722064308158981,-0.4963472504661084,-0.7389803128699186,0.24263306240381022,-0.49984097227172564,0.2700004577636719,1.699286597115653,21.057178565331235,18.952734010924907,62.92146826707231,59.58553208387984,0.05446115199353251,479180.55,0.48434561878607135,-23.135848344245847,-4025227,0.7452617526979244,-3.4362990472790975,-4.620972716147177,-16.60810934530722,5.038296313996011,0.09740482918392104,0.6974862847250367,0.0
2022-06-09,61.720001220703125,61.970001220703125,61.5,61.560001373291016,174969,61.83600006103516,61.65400009155273,61.332000160217284,63.79020042419434,64.6628189086914,64.6628189086914,61.63777614181598,61.84244651791978,62.99018105187906,62.871353248366745,47.44744624341091,0.32964363614938025,-0.4670070805042883,-0.6845856663967926,0.21757858589250434,0.3259464813397006,0.44000244140625,1.4200011662074499,19.2964816794724,18.66464478750533,62.89400480772706,59.76999551270751,0.05093604133011663,387629.75,0.4513817631386652,-24.611248271137363,-4200196,0.3717491888053959,-3.496146800092909,-4.7984569614600225,-16.810808955012142,4.782981060920878,0.016208291004472672,0.7642296271595529,0.0
2022-06-10,60.9900016784668,61.02000045776367,60.52000045776367,60.56999969482422,677557,61.523999786376955,61.49000015258789,61.403500175476076,63.67380043029785,64.61522798759992,64.61522798759992,61.42422085241763,61.721261106196394,62.89527197905338,62.84845420803299,40.37184420031966,0.021720369288695977,-0.5176722427138358,-0.6512029816602013,0.13353073894636547,-1.416013918181569,-1.6399993896484375,1.3092869349888392,19.515303124249773,18.72502239334092,62.64003695654478,60.16696339440737,0.04027577507910755,372780.15,1.8175780014037763,287.2440260846207,-4877753,-1.3574152585274746,-4.874533504359125,-6.260487533297892,-18.148649061048353,3.0978718209773937,-0.925925409533087,0.8261731596465292,-1.0
2022-06-13,61.380001068115234,61.380001068115234,60.59000015258789,60.689998626708984,545683,61.225999450683595,61.37999992370605,61.43900012969971,63.554600372314454,64.57011040873911,64.57011040873911,61.27737640727591,61.6230456319595,62.80879067111832,62.82697703806957,45.20742616052177,0.2321601573505333,-0.5418952072266521,-0.6293414267734915,0.0874462195468394,-0.7035345430143058,-1.1000022888183594,1.2914297921316964,18.916966969243084,18.244515147388217,62.53640239478387,60.341597864615544,0.03572331134190048,378065.4,1.4433560965906955,-19.46315955705572,-4332070,-1.2190978066204794,-4.507308249637491,-6.009145342122539,-17.986488342285156,3.302125322057846,1.3372979649531536,1.3038470267995232,-1.0
2022-06-14,64.80000305175781,64.80000305175781,59.709999084472656,59.77000045776367,741242,60.85999984741211,61.22399978637695,61.35850009918213,63.42400032043457,64.51556370475076,64.51556370475076,60.97590121737347,61.446565139178944,62.68962242745735,62.796559360653596,39.33590179812022,0.0,-0.6280880366927235,-0.6290907487573378,0.0010027120646143306,-3.9221968535890883,-1.5600013732910156,1.6164300101143974,17.731995866479394,18.43303608918438,62.68616997266998,60.03083022569428,0.04327582556098194,393199.3,1.8851559501759032,35.83747340488892,-5073312,-2.588882777204054,-5.761225788676119,-7.355687487603301,-19.229729111130172,1.736170991938165,6.772128057422728,8.524542028688108,-1.0
2022-06-15,60.0,60.599998474121094,59.720001220703125,60.459999084472656,319059,60.60999984741211,61.22799987792969,61.32250003814697,63.29880027770996,64.46999556294988,64.46999556294988,60.87272079079331,61.35260646730215,62.60218621792854,62.7733100046717,45.9756110609463,0.2823569823859753,-0.6334177073723382,-0.629956140480338,-0.0034615668920001674,-2.1524547845094277,0.04000091552734375,1.6492870875767298,18.28224700243068,18.56589486612206,62.70832158439214,59.9366784919018,0.04519781631156878,381019.15,0.8373831079094055,-56.95616276465716,-4754253,-1.4064999847328084,-4.484763029919474,-6.219942228104815,-18.297298534496413,2.9106367395279253,0.38480766350145296,1.4735385723885421,-1.0
2022-06-16,61.2400016784668,61.2400016784668,60.5,60.709999084472656,370200,60.439999389648435,61.1379997253418,61.32899990081787,63.182200241088864,64.42821782430013,64.42821782430013,60.84017644952918,61.291405764175536,62.527982800930275,62.7527795477543,39.80978345375198,0.020152056211464837,-0.6104319199290487,-0.6260512963700802,0.015619376441031507,-1.0109289549508738,-0.9000015258789062,1.5850015367780412,18.014306038140425,18.604514359572843,62.70131184303718,59.95668795859856,0.0447524643949399,371305.1,0.9970237413921867,16.0286968867827,-4384053,-1.0093117731354992,-3.912812702284587,-5.771102888438258,-17.95946069665857,3.3361686544215425,1.290113473049094,1.2231432701930527,-1.0
2022-06-17,60.5,61.45000076293945,60.5,61.31999969482422,760123,60.58999938964844,61.056999588012694,61.29999980926514,63.085600204467774,64.39406158111908,64.39406158111908,60.936141098588195,61.294128995665886,62.48061091441632,62.73852303180475,46.887410392544815,0.32113170845012917,-0.5368056056371273,-0.6082021582234897,0.07139655258636235,1.4895755596720406,-0.8100013732910156,1.597144263131278,16.60089506394812,18.74641373019553,62.645761840218015,59.95423777831226,0.043907407345520816,393043.15,1.9339428762465392,105.32766072393302,-3623930,0.03262624081779809,-2.7987377530229374,-4.773828223930822,-17.135135547534837,4.374467565658245,-0.34590526707216857,1.5702491949412447,0.0
2022-06-20,61.099998474121094,61.099998474121094,60.650001525878906,60.849998474121094,260083,60.62199935913086,60.92399940490723,61.241499710083005,62.983000106811524,64.35553915604301,64.35553915604301,60.918912573694776,61.25183085075685,62.41666532852239,62.71973174267358,46.82537680201432,0.3184936987518998,-0.5104967034344483,-0.5886610672656815,0.07816436383123315,-1.2335694346718995,-1.3300018310546875,1.5957153865269251,16.76682962313102,18.788015789684394,62.55685544699584,59.92614397317017,0.04295635290251622,389780.3,0.6672553743737177,-65.78409020645343,-3884013,-0.6392744100246995,-3.386630724279755,-5.447146784711139,-17.770272332268792,3.574465487865691,-0.3587756389400218,0.7419570270747267,-1.0
2022-06-21,61.150001525878906,61.150001525878906,60.54999923706055,60.90999984741211,99039,60.849999237060544,60.85499954223633,61.21899967193603,62.88040008544922,64.31849034627278,64.31849034627278,60.91713002843825,61.21927551710497,62.357580407694535,62.70172446013367,53.651277695628224,0.6087685740656744,-0.47928025508225147,-0.5667849048289955,0.08750464974674399,-1.9636265889736548,-0.6899986267089844,1.3171438489641463,16.374371137893657,18.77449570825703,62.54119784608983,59.896801497782235,0.043195680466498,362783.9,0.2729972305827243,-61.920233156338554,-3784974,-0.504744974893104,-3.1335682269188787,-5.299394436203822,-17.68918939538904,3.676595484956782,0.49302063973822585,0.990920390385602,-1.0
2022-06-22,60.0099983215332,60.599998474121094,60.0099983215332,60.290000915527344,266482,60.815999603271486,60.712999725341795,61.16149978637695,62.756600036621094,64.27563407573294,64.27563407573294,60.79170420585607,61.13077317409758,62.276498858982094,62.67772721093361,39.25081574886118,0.0,-0.4988196447562885,-0.5531918528144542,0.05437220805816567,-3.039561563802562,-1.4199981689453125,1.0685721806117467,16.726322898011865,18.490098659151293,62.54196968885724,59.78102988389666,0.04514179368726917,357545.5,0.7453093382520546,169.0677409909228,-4051456,-1.4249141598776218,-3.9304218514935276,-6.20084611768981,-18.527025789827913,2.621278154089096,-1.4775923955566135,0.9831697535245267,-1.0
2022-06-23,60.2400016784668,60.38999938964844,60.0,60.04999923706055,166627,60.683999633789064,60.56199951171875,61.10799980163574,62.610600051879885,64.23115370901007,64.23115370901007,60.64336321209697,61.027842322951194,62.18918514831851,62.651580663929906,32.252545952124905,0.0,-0.5275891620736957,-0.5480713146663024,0.020482152592606773,-2.516232590024692,-1.5100021362304688,1.043572289603097,16.690186400711188,18.182928743489494,62.57543778764488,59.640561815626604,0.048027688380330766,352703.9,0.47242743842639673,-37.47157406504004,-4218083,-1.7313617987981904,-4.089724124505426,-6.509542847216538,-18.851352382350612,2.2127646588264627,-0.08293122624197848,0.6499989827473959,-1.0
2022-06-24,60.04999923706055,60.04999923706055,59.119998931884766,59.33000183105469,583796,60.28600006103515,60.4379997253418,60.96399993896485,62.4492000579834,64.1801000436147,64.1801000436147,60.38069093588852,60.86614322848486,62.07706031234738,62.61853012827941,28.17764925809091,0.0,-0.6015526605983581,-0.5587675838527135,-0.04278507674564458,-3.8567449177240642,-1.2399978637695312,1.06142943246024,15.607264334833848,18.12184536004664,62.537509780938954,59.39049009699074,0.05162095149758724,366329.8,1.593635025051197,250.3609859146477,-4801879,-2.680267222534716,-4.994776913127099,-7.557012546356338,-19.8243218499261,0.9872371592420213,0.0,1.5730722631563019,-1.0
2022-06-27,59.599998474121094,60.650001525878906,59.599998474121094,60.58000183105469,553572,60.232000732421874,60.42700004577637,60.90349998474121,62.280800094604494,64.14298562905223,64.14298562905223,60.42055311492176,60.83889166682484,62.01835213661042,62.59824626462543,42.91668697640609,0.5075746409720413,-0.5529308698629904,-0.5576002410547689,0.00466937119177846,-1.5919420408939788,-0.10999679565429688,1.0935723440987724,17.534620688116004,18.676818607699417,62.43579477928783,59.37120519019459,0.05031877625852453,381599.0,1.4506641788893577,-5.177150922582541,-4248307,-0.53116512805926,-2.7308548717522823,-5.554752032596011,-18.135132660736907,3.1148967337101063,0.45507607404974626,1.7617501319462856,-1.0
2022-06-28,60.29999923706055,60.40999984741211,59.81999969482422,60.36000061035156,152654,60.12200088500977,60.486000061035156,60.85499992370605,62.095600051879885,64.1043837411063,64.1043837411063,60.408442614007726,60.79328299477977,61.9533187434238,62.57597516358788,40.76608122437733,0.49417506411204526,-0.5260856227063258,-0.5512973173850804,0.025211694678754615,-0.34670478047006403,0.5900001525878906,1.113572256905692,17.39887911659187,18.66612354235985,62.391852310499786,59.31814753691232,0.050508664488389955,376016.75,0.4059765954575162,-72.42382201411921,-4400961,-0.8134077955386931,-2.7950441578441247,-5.841071877200954,-18.432431607633024,2.74042657081117,-0.46220301342184006,0.986292470073247,-1.0
2022-06-29,59.880001068115234,59.880001068115234,59.209999084472656,59.29999923706055,589890,59.9240005493164,60.37000007629395,60.79899997711182,61.88960006713867,64.0558546047018,64.0558546047018,60.186753938618295,60.65106549404461,61.84926699807622,62.54337838819955,36.253030409908185,0.31700945829599964,-0.5836162580147004,-0.5577611055110044,-0.025855152503695966,-2.290326942002463,-1.1599998474121094,1.1621437072753906,17.722271966807384,18.881358345105642,62.47766976425197,59.12033018997167,0.05522030914232463,377196.05,1.5638817002458005,286.42289098222125,-4990851,-2.465502295458118,-4.184226149900617,-7.424544402678491,-19.864865895864124,0.9361689141456118,-0.795227861800269,1.1315689815950036,-1.0
2022-06-30,59.310001373291016,59.380001068115234,58.90999984741211,58.970001220703125,472964,59.70800094604492,60.196000289916995,60.6670000076294,61.70780014038086,64.00499607086182,64.00499607086182,59.94340339503527,60.49096413467875,61.73635461464983,62.507822396483164,39.41799609245699,0.4412542509178857,-0.6483638481450527,-0.5758816540378141,-0.07248219410723855,-1.3384628257211761,-1.7399978637695312,1.121429443359375,16.04235593319071,18.895368356672446,62.48643964332314,58.84756037193566,0.05998119687688299,390907.65,1.209912366770003,-19.82166166573429,-5463815,-2.7972353779037373,-4.43671450521561,-7.866565360904492,-20.310809161211992,0.3744701628989362,0.016867009037358882,0.7978292682405633,-1.0
2022-07-01,59.0,59.599998474121094,57.900001525878906,57.970001220703125,890405,59.43600082397461,59.86100044250488,60.45900001525879,61.51800018310547,63.97510009765625,63.94524364660282,59.54872296016884,60.25087242858583,61.58865448155388,62.462669946972916,33.88626866953372,0.22409918655446545,-0.7714753350204546,-0.6150003902343423,-0.15647494478611235,-4.118421934295091,-3.3499984741210938,1.1850005558558874,16.3601291009331,19.13199625640421,62.510564922956476,58.4074351075611,0.06786631956135264,420321.45,2.1183905794005993,88.26062871592764,-6354220,-4.1168375162134385,-5.767415962550623,-9.34431098413234,-21.662160512563343,0.1208975699127258,0.05087125432573853,2.9360913703644016,-1.0
2022-07-04,58.900001525878906,58.939998626708984,57.70000076293945,58.0099983215332,592728,58.922000122070315,59.57700042724609,60.25049991607666,61.35160011291504,63.937500076293944,63.88705496694527,59.24097803244171,60.03745584696176,61.44831502429817,62.41836475667004,38.359770472215274,0.3997122451201432,-0.8559478100273239,-0.6631898741929386,-0.19275793583438527,-4.4473740794867105,-2.8400001525878906,0.9100001198904855,16.356208972948124,19.140961711894782,62.410357839311246,58.09064199284208,0.07169593368496738,437555.45,1.3546351668114291,-33.43164065790286,-5761492,-3.718643990778948,-5.446641628305955,-9.199135331019434,-21.608110376306485,0.5372574601296375,1.6042785675216535,2.1490430630392265,-1.0
2022-07-05,58.20000076293945,58.79999923706055,58.150001525878906,58.2599983215332,400340,58.50199966430664,59.3120002746582,60.083499908447266,61.21060012817383,63.89730007171631,63.83242334902865,59.044782090260014,59.86817417787333,61.323282996738754,62.37698797622092,34.550554122365,0.25017656514464715,-0.892432537624984,-0.7090384068793477,-0.18339413074563626,-4.99021752857135,-2.6500015258789062,0.9035718100411552,16.42187459218054,19.176663155216318,62.31918442010467,57.84781539678986,0.07441925037869121,442475.1,0.9047740765525564,-32.458058333670756,-5361152,-3.034945683411649,-4.820409864406039,-8.7297720110453,-21.270272538468642,0.9705330176588747,0.3275339543247693,1.1177948308262167,-1.0
2022-07-06,64.5,64.5,56.470001220703125,57.349998474121094,956634,58.11199951171875,59.01800003051758,59.865499877929686,61.04920013427734,63.84310005187988,63.77009234061608,58.70582536703223,59.628347920373116,61.16746791742042,62.326968180180124,28.406162355110126,0.008970575101993943,-0.9834398472158554,-0.7639186949466493,-0.2195211522692061,-5.751848952779371,-2.94000244140625,1.4214286804199219,16.944937595184108,19.28977600470255,62.276784974267386,57.454214781591986,0.08055675142626367,478702.35,1.998390022526524,138.95538792026775,-6317786,-4.201921655941889,-6.059377767472591,-10.067562443226914,-22.500002061998522,1.5583446686651439,10.710610810574739,14.219937321965038,-1.0
2022-07-07,57.45000076293945,68.0,56.95000076293945,57.27000045776367,1028593,57.77199935913086,58.74000015258789,59.65099983215332,60.89500007629395,63.787800064086916,63.708186703636535,58.418660385178526,59.4037434001246,61.01462605625741,62.27665009338991,22.068956082551153,0.0,-1.049916186835894,-0.8211181933244983,-0.22879799351139563,-5.976029221420354,-2.779998779296875,2.142857142857143,16.95892698407238,19.020588326850078,62.187594385349044,57.11440527895759,0.08504784698775296,521383.55,1.972814447252891,7.5221035422115445,-7346379,-3.991549816582001,-5.952869059838404,-10.105743985184503,-22.60810748950855,1.4166800420879926,0.17437191190769588,19.402983475026392,-1.0
2022-07-08,57.900001525878906,57.939998626708984,56.529998779296875,56.689998626708984,1295185,57.51599884033203,58.47599983215332,59.45699977874756,60.74380004882813,63.73110004425049,63.641977382156085,58.07292803348462,59.14529151694216,60.8450328237261,62.22106152158214,21.73911916735902,0.0,-1.1363018846071142,-0.8841549315810215,-0.2521469530260927,-5.971143198127238,-2.640003204345703,2.1957144056047713,16.493174638029945,19.067748548118573,62.27548121501633,56.63851834247879,0.09480738842380046,552264.95,2.345223972660224,25.9181231060293,-8641564,-4.6537853614127656,-6.6736052384943765,-10.923574410175844,-23.391893747690563,0.389582789534638,1.1000542397059292,2.494250624198664,-1.0
2022-07-11,56.5,57.09000015258789,56.5,56.79999923706055,891533,57.2739990234375,58.097999572753906,59.26249980926514,60.58840003967285,63.658200073242185,63.57803366117388,57.818342274199814,58.92193034742962,60.68640405562157,62.1671206033282,22.26718751126134,0.024935268708086874,-1.1822587001593021,-0.9437756852966777,-0.23848301486262447,-5.412156604981644,-3.7800025939941406,2.194999967302595,16.49145001603558,18.29198686284224,62.254277650306285,56.27072196822399,0.10096698082835218,569557.45,1.565308293307374,-31.165586383412414,-7750031,-4.155242489145895,-6.252683352146093,-10.660968944455696,-23.243244274242507,0.5843775619336049,-0.33515369785080257,1.0442480576776825,-1.0
2022-07-12,57.79999923706055,57.79999923706055,56.150001525878906,56.18000030517578,929824,56.85799942016602,57.67999954223633,59.082999801635744,60.45540000915528,63.588100090026856,63.50953335232205,57.49067388039501,58.66079415292926,60.509682339917816,62.10754726702818,22.26718751126134,0.024935268708086874,-1.2542503228629514,-1.0058706128099324,-0.24837971005301895,-5.309289446591792,-4.180000305175781,2.248571123395647,16.144760747901472,18.18029686890866,62.36343080085051,55.80256880242098,0.11104483557803187,578986.55,1.6059509499832076,4.294961599851033,-8679855,-4.91342603829603,-7.07198976986677,-11.540839083929887,-24.081080668681377,0.05342614155237181,1.7605634039296354,2.9385532793283633,-1.0
2022-07-13,57.0,57.0,56.150001525878906,56.279998779296875,397215,56.64399948120117,57.377999496459964,58.873999786376956,60.32839996337891,63.518500061035155,63.443207347064934,57.24853886017539,58.434051736392846,60.34381239636406,62.04956170993633,24.07149809658486,0.11013440968558467,-1.2883834786369235,-1.0623731859753307,-0.22601029266159278,-7.0980569854547815,-3.020000457763672,2.28142820085798,15.329909877733952,18.201168850722155,62.31379471284169,55.43420485991222,0.1168527682490049,582894.35,0.6814528224540176,-57.28062515056613,-8282640,-4.406021361708663,-6.71060592778779,-11.290741542403198,-23.945947595544766,0.23151780923470586,1.4595936104839669,1.513799556584765,-1.0
2022-07-14,56.70000076293945,56.70000076293945,55.97999954223633,56.02000045776367,819439,56.39399948120117,57.08299942016602,58.63949985504151,60.181800003051755,63.44000007629395,63.375723648071286,57.00283117969305,58.204142090809114,60.17425114386993,61.98956607558635,25.69747126230746,0.1869124977258922,-1.3211841536404094,-1.1141353795083466,-0.2070487741320628,-7.190192360342018,-2.950000762939453,2.2664282662527904,15.058622228533578,17.7751970531697,62.18996351003585,55.08903620004716,0.1210946090526417,605356.3,1.3536474304471597,106.29608650227209,-9102079,-4.4671243850191615,-6.915378976828614,-11.606531281842763,-24.29729667869774,0.07145572678535568,0.7462721974988382,1.2861758245637205,-1.0
2022-07-15,55.75,55.75,54.2599983215332,54.68000030517578,1238023,55.991999816894534,56.75399932861328,58.30749988555908,60.02559997558594,63.34890007019043,63.29738379813529,56.5382650047896,57.86850953979641,59.95879032666624,61.916834077870824,7.246327935992639,0.0,-1.438721057583031,-1.1790525151232836,-0.25966854245974735,-7.790892059569233,-3.2900009155273438,2.297857012067522,15.71655405767602,18.254331086833417,62.03973755174909,54.57526221936907,0.1280191287060952,629251.3,1.9674540203572084,51.08177667892302,-10340102,-6.221325880037805,-8.905533093520699,-13.614122694930995,-26.108107695708405,0.7740545459543433,-0.4819715379460573,2.746040775079579,-1.0
2022-07-18,55.900001525878906,55.97999954223633,55.5099983215332,55.90999984741211,583258,55.81399993896484,56.54399948120117,58.06049995422363,59.90419998168945,63.2738000869751,63.23142501286098,56.4126119733141,57.681984807188385,59.800014229440585,61.85706458304039,21.871016808315375,0.4545828584702765,-1.4162930723159946,-1.226500626561826,-0.18979244575416865,-5.189081414189822,-2.0999984741210938,2.336428233555385,18.556844013918973,18.782482161681436,61.737716250450866,54.383283657996394,0.1266684337588015,645410.05,0.9037014530529854,-52.887951193152304,-9756844,-3.703895261851051,-6.667646234317835,-11.578776160682331,-24.445946152145797,3.04091702344211,2.2311653509402865,0.8466965139878309,-1.0
2022-07-19,55.20000076293945,55.689998626708984,55.20000076293945,55.58000183105469,652829,55.694000244140625,56.27599983215332,57.79400005340576,59.78300003051758,63.18670009613037,63.16371330328747,56.24608994486222,57.481795952318514,59.63452354715094,61.794606247199745,24.09468539590297,0.5237017048034216,-1.40890582508041,-1.2629816662655429,-0.1459241588148672,-4.1228210096964535,-2.6799964904785156,2.3049994877406528,18.460899622925837,18.60875189232794,61.37294126346189,54.21505884334963,0.12385165265421785,673099.55,0.9698847666738151,11.927997558541836,-10409673,-3.830844413442885,-7.030423694557609,-12.006437043716486,-24.891889417493665,2.4327378369962793,-1.2698964164020112,0.8876772771686433,-1.0
2022-07-20,56.97999954223633,56.97999954223633,55.31999969482422,55.61000061035156,514092,55.560000610351565,56.102000045776364,57.560000038146974,59.668000030517575,63.10200008392334,63.097452665630136,56.11887207796009,57.30352972927404,59.47669911825685,61.733067882654,25.58135408650061,0.5892959652138178,-1.3846691239111237,-1.2873191577946592,-0.09734996611646451,-4.137213895230829,-1.7399978637695312,2.3899993896484375,18.419351436589725,18.598752803574108,61.062979491777774,54.057020584516174,0.1217157557786399,685480.05,0.7499736863239127,-21.251660082502465,-9895581,-3.387768287878875,-6.800964366311127,-11.866488644092394,-24.851350526551943,2.488024936562904,2.51888748661287,3.000722806524925,-1.0
2022-07-21,55.25,55.25,54.29999923706055,54.38999938964844,1691298,55.23400039672852,55.81399993896484,57.27700004577637,59.55599998474121,62.97610004425049,63.0217356806216,55.77309754029776,57.026050649309695,59.27722069752711,61.660002524514645,24.788686990253694,0.5638192891653836,-1.4472225850578155,-1.3192998432472907,-0.12792274181052488,-6.642634815274951,-2.8800010681152344,2.362142562866211,19.512383506542683,19.006478951466153,60.84686329501962,53.70713679653312,0.12465259166472324,761713.6,2.220385719777092,228.9874185943372,-11586879,-5.0404187611442826,-8.674190000027455,-13.696443294923908,-26.500000824799407,0.23958914879590618,-0.6473666721818916,1.7495410244703347,-1.0
2022-07-22,55.11000061035156,55.599998474121094,54.90999984741211,55.16999816894531,550622,55.331999969482425,55.66199989318848,57.0689998626709,59.47659996032715,62.88100002288818,62.954048288279566,55.65247766602728,56.84928374641785,59.116153147386655,61.59542536674778,31.887736855703594,0.9024760032206872,-1.4175170171227691,-1.3389432780223864,-0.07857373910038268,-3.801221208679706,-1.5200004577636719,2.359999792916434,20.451712198967684,19.247284685210637,60.61992253719364,53.51807718814816,0.12444313666149993,760054.9,0.7244502995770437,-67.44382125444481,-11036257,-3.327553835348941,-7.240833864502144,-12.364653792698896,-25.445948420344173,1.6771099807627046,1.3237750115514,1.2565992143988391,-1.0
2022-07-25,54.9900016784668,54.9900016784668,54.599998474121094,54.849998474121094,797712,55.119999694824216,55.46699981689453,56.78249969482422,59.37399993896484,62.781000022888186,62.88478290525257,55.49198182764604,56.658875625246736,58.94885296412134,61.52830669119926,28.44498607947598,0.8602859606183592,-1.403616425112645,-1.3518779074404381,-0.05173851767220694,-4.225601474243601,-1.9500007629394531,2.344285420009068,18.29417514882254,19.194443536316616,60.05433103969118,53.51066834995726,0.1152408352027937,772261.9,1.0329552707442902,44.874705333241316,-11833969,-3.4033394639004824,-7.619499224398428,-12.776993192832279,-25.8783804403769,1.0873574840376428,-0.3262579236042716,0.7142916030126887,-1.0
2022-07-26,54.45000076293945,54.54999923706055,54.2599983215332,54.290000915527344,1260496,54.86199951171875,55.27799987792969,56.47899971008301,59.23219993591309,62.653000068664554,62.81194576974642,55.251585645222306,56.43326851003537,58.76615288378432,61.45628374815775,29.76189394925639,0.9137288410182294,-1.42140218903684,-1.3657827637597186,-0.05561942527712138,-4.233546955936784,-1.8899993896484375,1.812856946672712,18.381197452804535,18.568959964411242,59.467397422232104,53.490601997933915,0.10582332291609568,827654.0,1.5229745763326221,58.013919810658486,-13094465,-3.8757747229805677,-8.343770830279828,-13.567395102610721,-26.63513389793602,0.055294129970944045,-0.7292574700259372,0.5344653971584371,-1.0
2022-07-27,54.290000915527344,54.790000915527344,54.27000045776367,54.650001525878906,609442,54.66999969482422,55.11500015258789,56.24649982452392,59.10159996032715,62.52470005035401,62.743358002991236,55.13126882135363,56.26343355916332,58.60473518347431,61.38855954694105,33.29080720336199,1.0,-1.3904205914105177,-1.3707103292898783,-0.01971026212063931,-3.7852072888388766,-1.6299972534179688,1.0607141767229353,18.229099008398496,18.660313824678198,59.02711112797993,53.46588852106792,0.0988723320430914,828631.6,0.7354800372083324,-51.65062007336794,-12485023,-2.8383958177410546,-7.532111545941983,-12.899144602248555,-26.148646586650127,0.7187674463877185,0.0,0.9581729378616257,-1.0
2022-07-28,55.25,56.369998931884766,55.25,56.04999923706055,1294772,55.00199966430664,55.11800003051758,56.1004997253418,59.01099990844727,62.41000007629395,62.687580013275145,55.315014904495015,56.243106480867816,58.504549460085535,61.33543954385767,46.30484846028745,1.0,-1.238621281934826,-1.344292519818868,0.10567123788404209,-0.23140097438422158,0.029998779296875,1.0828568594796317,20.97975152294986,19.30048412251807,58.568009799804,53.632989650879594,0.0879674900060677,869722.0,1.4887193838950836,112.45204629808909,-11190251,-0.09001789383070195,-5.017709708326534,-10.58835063470145,-24.256757787756015,3.2989328619587845,1.0978928771611673,2.027147388026725,-1.0
2022-07-29,56.20000076293945,57.900001525878906,56.20000076293945,57.400001525878906,1732405,55.44800033569336,55.39000015258789,56.07199974060059,58.920999908447264,62.280300064086916,62.64388101751154,55.732012228771794,56.35328696134506,58.46123385482253,61.296280956614105,53.03031762588417,1.0,-0.9978823664918934,-1.275010489153473,0.2771281226615796,1.9900546746174363,2.720001220703125,1.1728570120675224,22.202198321700916,19.855853819123944,58.46049419931876,53.68350528188242,0.08519383898444095,911822.0,1.8999377071402095,33.80000494295521,-9457846,2.3683867017796736,-2.581419841706214,-8.370936484868736,-22.432430370433913,5.786957798521689,0.26762092403334853,3.0249123485074794,0.0
2022-08-01,57.599998474121094,58.040000915527344,57.41999816894531,57.95000076293945,545276,56.06800079345703,55.594000244140624,56.0689998626709,58.83959991455078,62.154200096130374,62.605406589195375,56.17560993560533,56.505354942449294,58.441185498278095,61.262984636279036,59.003063014746935,1.0,-0.7540227942683373,-1.170812950176446,0.41679015590810864,3.4451986601301554,2.0400009155273438,1.1007142748151506,22.48502740018734,19.929672212944027,58.44737488540618,53.69062483993562,0.08483743346806974,909449.4,0.59956716668349,-68.52491189993101,-8912570,3.354796598611827,-1.5119055073508996,-7.436108285030076,-21.68918815818993,6.800594462867619,0.3484267298355706,1.0797679664806221,0.0
2022-08-02,57.70000076293945,57.900001525878906,57.31999969482422,57.4900016784668,686348,56.70800094604492,55.785000228881835,56.03050003051758,58.76219993591309,62.02260009765625,62.56381793138458,56.43848828417763,56.59913082207001,58.40388417201099,61.22544251729583,55.93721279777781,0.940764226872038,-0.5910669561677082,-1.0548637513746983,0.46379679520699013,5.138992972948153,1.9099998474121094,1.0850001743861608,22.591609456781175,19.959248007786407,58.281034422209984,53.779965638825175,0.08033247572185251,923749.8,0.7430020553184422,25.871668659541225,-9598918,2.604834236985722,-2.164994263036049,-8.10982516841023,-22.31080854261244,5.952826127625882,-0.43140637913482405,1.011866423835762,0.0
2022-08-03,57.04999923706055,57.20000076293945,56.720001220703125,56.88999938964844,757072,57.15600051879883,55.91300010681152,56.007500076293944,58.67119995117187,61.906500091552736,62.518061330241544,56.52879050527179,56.626832590410814,58.34451614133011,61.182303779707304,54.1310510347326,0.9058670920296467,-0.5045226279186252,-0.9447955266834838,0.44027289876485853,1.7528162133981562,1.279998779296875,1.088571548461914,22.200275603993198,20.039290442372312,58.210148340098335,53.80485181248955,0.07865547509901079,913771.7,0.828513292762295,10.304393689498625,-10355990,1.5756806001916615,-3.0359027308216104,-9.002297609428066,-23.121622446421032,4.847034923463152,-0.7653547200557056,0.8462615160542796,0.0
2022-08-04,57.0,57.900001525878906,57.0,57.83000183105469,690683,57.512001037597656,56.25700035095215,56.0355001449585,58.605400009155275,61.79010009765625,62.48055685424805,56.78903277042837,56.7414201371388,58.32433910955461,61.148947541412255,65.54788933835133,1.0,-0.35598174717918596,-0.8270327707826243,0.4710510236034383,4.048218650368662,3.44000244140625,1.0350001198904855,22.978619642898177,19.85906305880788,58.318494825667095,53.7525054642499,0.08148386914733366,896876.2,0.770098481819453,-8.769179153369821,-9665307,3.2024371718892226,-1.3230831595372707,-7.44320354577181,-21.851348876953125,6.579439034196801,0.19335667346056948,1.57895004540159,0.0
2022-08-05,57.900001525878906,57.900001525878906,57.31999969482422,57.369998931884766,440322,57.50600051879883,56.4770004272461,56.06950016021729,58.508600006103514,61.6789001083374,62.439996870737225,56.90522600271966,56.80128478425746,58.28691400454795,61.11134606271049,57.79913989993756,0.8130723634976018,-0.2722421801840085,-0.7160746526629012,0.4438324724788927,3.164895346549579,2.200000762939453,0.9835717337472099,22.856479130102905,19.71569084809831,58.41298861309328,53.72601170734129,0.08359227195461102,854133.05,0.5155192156538141,-36.248322312841054,-10105629,2.3194406369796994,-1.9460405378012313,-8.119792109132113,-22.472974416371937,5.731663668550745,0.12104390905730343,1.011866423835762,0.0
2022-08-08,57.099998474121094,57.790000915527344,57.02000045776367,57.689998626708984,765007,57.454000091552736,56.76100044250488,56.114000129699704,58.426599960327145,61.586200103759765,62.40259530976063,57.062180527517526,56.885924197824274,58.26350555835819,61.07730280464082,61.283402562251965,0.8953736449580348,-0.17800474115411902,-0.6084606703611448,0.4304559292070258,6.067290446943097,2.8400001525878906,0.9878575461251395,22.920811596781064,19.522104051959545,58.547948083326496,53.68005217607291,0.08675011398228819,847806.75,0.9023365289318586,73.73808258501732,-9340622,2.8085655867815142,-1.2607294179677206,-7.551924178247324,-22.04054239633921,6.3214161652758065,-0.47063005541318315,1.3504041592108247,0.0
2022-08-10,57.79999923706055,58.5099983215332,57.79999923706055,58.36000061035156,610760,57.62799987792969,57.16800041198731,56.2230001449585,58.367199935913085,61.498400115966795,62.37101253867149,57.32174454408434,57.02631242758878,58.26728967804421,61.05026497186183,63.76375619553845,0.9562274764953503,-0.04869599403210856,-0.4965077350953376,0.447811741063229,5.782132585246069,4.069999694824219,0.9278575352260044,22.78293892818183,19.061373746497207,58.85647012376179,53.58953016615521,0.09367945403174766,831853.55,0.7342157763226471,-20.1628220395369,-8729862,3.8009363781429037,-0.012334539894713831,-6.430891154497467,-21.135134310335726,7.556215288696874,0.19067535616240255,1.2283721346788787,0.0
2022-08-11,58.20000076293945,58.65999984741211,58.150001525878906,58.47999954223633,450696,57.94599990844726,57.55100021362305,56.33300018310547,58.32839996337891,61.407700080871585,62.34084964722626,57.55339554371474,57.164758819459976,58.275631241345856,61.02469019146755,73.00336714495543,1.0,0.06274178239939232,-0.3846578315963916,0.44739961399578393,6.618051356606536,3.829998016357422,0.8707144601004464,22.78294830241951,19.063658469752998,59.153631948139896,53.51236841807104,0.10014136495007231,834527.6,0.5400612274537115,-26.207348221887482,-8279166,3.8112640053826827,0.2599069731941942,-6.193130390165785,-20.97297359157253,7.777370717367694,-0.27416011949754765,0.8770392229589795,0.0
2022-08-12,58.5,58.599998474121094,58.0099983215332,58.119998931884766,546889,58.00399932861328,57.758000183105466,56.43800010681152,58.25859992980957,61.31540008544922,62.308381564800555,57.66671622134875,57.25573406826234,58.26952801352386,60.99578779087469,67.41439792898542,0.8745697423845604,0.1206175781236638,-0.2836027496523806,0.4042203277760444,7.054702434646698,2.0699996948242188,0.8264288221086774,22.84832622135006,19.003418639481755,59.363953766970354,53.51204644665269,0.10368736151604699,820900.1,0.6662065213538164,21.34321138860784,-8826055,2.9802594384811356,-0.2379065032317838,-6.722021223677401,-21.459460902858424,7.1138974009509175,0.03420050943951673,1.017066315564577,0.0
2022-08-16,58.099998474121094,58.099998474121094,57.56999969482422,57.66999816894531,966114,58.06399917602539,57.78499984741211,56.5875,58.16939987182617,61.21740005493164,62.27297405796197,57.66737261086807,57.29518779213691,58.246017039226665,60.96269535682564,66.39533542697964,0.8471830113634276,0.1286898064694597,-0.20114423842801255,0.32983404489747226,5.52606872597492,0.26999664306640625,0.8250002179827008,21.035691120365428,18.480306622342958,59.43986649534597,53.73513350465403,0.1008125997913309,807304.65,1.196715515016543,76.65632331240893,-9792169,1.912963408783413,-0.8585299211978645,-7.391610820983645,-22.067570041965794,6.284555755429951,-0.03441235053550488,0.920616262126755,0.0
2022-08-17,57.79999923706055,58.09000015258789,57.25,57.36000061035156,902734,57.997999572753905,57.72599983215332,56.660000038146975,58.07299987792969,61.11760009765625,62.23575456214674,57.60589821076477,57.30136044149069,58.21127129691784,60.926847647905504,68.38321826813785,0.8836602605419398,0.10881850142271077,-0.13915169045786788,0.24797019188057864,2.337201411458434,-0.5900001525878906,0.8428573608398438,19.87887459034809,18.488531018879158,59.51357028899632,53.80642978729763,0.10072609420854735,823278.45,1.0965111500246363,-6.5603024073763505,-10694903,1.2354404725261274,-1.2277637957000014,-7.83432929527093,-22.486485661687077,5.713236978829976,0.2254223551982677,1.46724917482601,0.0
2022-08-18,57.11000061035156,57.290000915527344,56.599998474121094,56.90999984741211,1010924,57.70799942016602,57.66799964904785,56.72649993896484,57.97919990539551,61.011500129699705,62.1957112936149,57.46671853809424,57.264088003959394,58.16024104399605,60.886879013074726,63.38860572466314,0.6398765963815919,0.056112221491510184,-0.10009890806799228,0.15621112955950245,-0.8536614380504459,-0.5800018310546875,0.8600003378731864,19.98470152199338,18.43623139160781,59.53574254637658,53.9172573315531,0.0990451591561037,841183.2,1.201788147932579,11.98470424288882,-11705827,0.32348180946242877,-1.8441097147391,-8.498514344903759,-23.094594800794447,4.883895333309008,-0.4358437889466887,1.2190856183887284,0.0
2022-08-19,56.5,56.599998474121094,55.5,55.66999816894531,2181948,57.145999145507815,57.54599952697754,56.72949981689453,57.858399887084964,60.88220012664795,62.14701194193826,57.10737446426445,57.112269924434244,58.06258446066073,60.83496975094409,47.705310392964016,0.0,-0.0847388407994174,-0.09702689461427731,0.012288053814859909,-3.9344306539720764,-1.220001220703125,0.8378576551164899,21.61984127865315,18.911953602579423,59.53384623229939,53.92515340148967,0.09886730623243392,924576.0,2.359944450212854,115.83699664861058,-13887775,-1.8676379156681548,-3.782340545902553,-10.42208397572548,-24.770272744668496,2.5985991356961535,-0.7204355095965678,1.9819792326506194,-1.0
2022-08-22,55.400001525878906,55.599998474121094,54.83000183105469,54.90999984741211,2039976,56.50399932861328,57.25399932861328,56.755499839782715,57.725399856567385,60.75780014038086,62.09340444494177,56.66789954089399,56.9025299170988,57.938953691513724,60.77601482653084,33.81014530065892,0.0,-0.25475319911775784,-0.12857215551497342,-0.12618104360278443,-4.487740051712407,-2.920001983642578,0.7657143729073661,20.65480337392006,19.06093201603812,59.476935306576316,54.034064372989114,0.09590032594113507,942009.9,2.165556858797344,-6.506662853560208,-15927751,-3.2516672350350864,-4.877229116040449,-11.56870791953304,-25.797297503497152,1.1979387135752115,-0.48499488404334073,1.4043345200661557,-1.0
2022-08-23,54.9900016784668,55.29999923706055,54.83000183105469,55.119998931884766,1419927,55.99399948120117,57.02899932861328,56.75299987792969,57.61639984130859,60.645100135803226,62.042129404404584,56.35831941909215,56.732765061364134,57.82840644603807,60.71973606140998,30.748302850380952,0.0,-0.36830009762441307,-0.17651774393686137,-0.1917823536875517,-3.1112681960860367,-2.25,0.7535713740757534,20.05635719256797,18.663994225816595,59.48065261570342,54.02534714015596,0.09612364962700308,985475.15,1.4408552057350204,-30.394916410781303,-14507824,-2.8773826045448754,-4.3327957253483405,-11.157145215632125,-25.51351495691248,1.5849624713502237,0.14569628715534946,0.8571902066573736,-1.0
2022-08-24,55.45000076293945,55.470001220703125,55.119998931884766,55.29999923706055,647181,55.58199920654297,56.789999389648436,56.77549991607666,57.508599853515626,60.53160011291504,61.99291677544587,56.14665538268583,56.59631117333522,57.7292532221566,60.66580833181447,34.51202140976389,0.08907141953789893,-0.4387051920800005,-0.2289552335654892,-0.20974995851451128,-4.374896271636519,-2.3899993896484375,0.7335714612688337,19.968521750575714,18.66803874581461,59.44383653218427,54.10716329996905,0.09399605886524437,977948.6,0.661774044157331,-54.42153012091466,-13860643,-2.5988334425890436,-3.840470159386193,-10.79626171265465,-25.27027130126953,1.9166991295586109,0.5986970926151348,0.6349823940506224,-1.0
2022-08-25,55.5,55.95000076293945,55.40999984741211,55.83000183105469,844094,55.36599960327148,56.53699951171875,56.85249996185303,57.42979988098145,60.42690010070801,61.94825797150101,56.0833246723596,56.52332933121326,57.65477277544672,60.61769085419497,42.42859711936175,0.27642353559217125,-0.4465869800433424,-0.27248158286105983,-0.17410539718228257,-2.6843247856052965,-2.529998779296875,0.7250001089913505,19.801408486686668,18.77440741028807,59.29845376854105,54.406546155165,0.08604560250927272,957128.5,0.8819024822685773,30.426264059049934,-13016549,-1.7985104111242551,-2.7856584094707126,-9.876397401297377,-24.554051579655827,2.893482414463004,0.36166503742990663,0.9745549846857907,-1.0
2022-08-26,55.75,55.880001068115234,55.41999816894531,55.560001373291016,1177008,55.344000244140624,56.244999694824216,56.897999954223636,57.33179992675781,60.315300102233884,61.902299290938345,55.97866001254589,56.431583811411144,57.57262487732297,60.56736558572826,32.06952264499904,0.031267726524030676,-0.4692113577844452,-0.3118275378457369,-0.1573838199387083,-3.6921430128650345,-2.9199981689453125,0.6857144492013114,19.81916407872861,18.57998486462094,59.20112944396704,54.59487046448023,0.08095643051061024,985506.8,1.194317482132036,39.4403940793324,-14193557,-2.3515740131622995,-3.0904289691415454,-10.245658061647728,-24.91891706312025,2.395877427150423,-0.14329541184107136,0.8300305203324334,-1.0
2022-08-29,55.560001373291016,55.560001373291016,54.22999954223633,54.369998931884766,2499958,55.236000061035156,55.869999694824216,56.81399993896484,57.204999923706055,60.19360008239746,61.84849714551653,55.65692779641367,56.235242394313396,57.447031702992064,60.505700245889024,28.75355668927746,0.0,-0.5765188415651821,-0.36476579858962593,-0.21175304297555614,-6.836877376178563,-3.75,0.7392858777727399,19.12532072663956,18.516766066585717,59.357370672640705,54.27062920528898,0.08953323956800092,1045766.1,2.3905517686985647,112.39940595136142,-16693515,-4.301758386499208,-4.955862242115745,-12.091640959418028,-26.527028470425996,0.2581585669005968,0.0,2.4525204541424217,-1.0
2022-08-30,59.79999923706055,59.79999923706055,54.2599983215332,54.36000061035156,2468165,55.08400039672851,55.53899993896484,56.66199989318848,57.0657999420166,60.07570007324219,61.79538724101182,55.397542359201246,56.05664793869798,57.32597166014342,60.44454900573442,25.333361967094163,0.0,-0.6548192281075558,-0.4227764844932119,-0.23204274361434385,-7.045141867535676,-3.30999755859375,1.0800001961844308,16.648067155717573,18.39221964660438,59.412813144766154,53.911186641610804,0.0970955228111657,1082554.1,2.2799461015389437,-1.2717413652549414,-19161680,-4.062686257414729,-4.741542805698595,-12.032268042371944,-26.54053971574113,0.23972168396200105,9.987126010391384,10.210101523959652,-1.0
2022-09-01,54.0,54.5,52.099998474121094,52.27000045776367,7131358,54.47800064086914,55.02999992370606,56.37799987792969,56.894199981689454,59.938600044250485,61.72830705239739,54.77203397891373,55.69601484527566,57.12769827965795,60.36321021421233,12.729506279307671,0.0,-0.8754270163103612,-0.5133065908566418,-0.3621204254537195,-10.06537952792661,-5.090000152587891,1.1928574698311942,20.445834693654767,19.87835418085711,59.68543064948399,53.07056910637539,0.11733054662157542,1411858.2,5.051044077939272,188.93360046836415,-26293038,-7.286529194119525,-8.127716929694083,-15.322478529348196,-29.36486424626531,0.32629940234455257,-0.6622527709887644,4.606528975372284,-1.0
2022-09-02,52.599998474121094,53.0,52.5099983215332,52.7400016784668,2415510,53.86000061035156,54.613000106811526,56.140499877929685,56.730800018310546,59.805600051879885,61.66545177006221,54.36562751882435,55.41448978177006,56.95563174627791,60.28735739296113,16.314583419149045,0.06441757452873775,-1.0007985248882605,-0.6108049776629656,-0.3899935472252949,-8.548632992905603,-4.1699981689453125,1.2085718427385603,21.01163829839527,19.97774581870157,59.77747591683206,52.50352383902731,0.12956692750547336,1498316.3,1.6121495841699112,-66.12833067699026,-23877528,-6.057121341735174,-7.034623764437786,-14.473988003650057,-28.729727461531358,1.2284130961416495,0.6313334866412981,0.9331588157104508,-1.0
2022-09-05,53.0,53.4900016784668,52.81999969482422,53.41999816894531,1134409,53.43199996948242,54.388000106811525,55.96699981689453,56.59339996337891,59.675,61.608191675610016,54.17650164884854,55.22453819959627,56.816979449127615,60.21902546038386,23.41628573635522,0.19202276137829602,-1.0333742201189438,-0.6953188261541613,-0.33805539396478246,-6.868902370086816,-2.25,1.2200004032679967,21.718870733833995,20.20731575206564,59.78022912847473,52.15377050531433,0.1362670618062724,1517183.15,0.7477073549096561,-53.03646020923119,-22743119,-4.550899023142497,-5.607370817952403,-13.29075449865268,-27.810813285209036,2.533588739891967,0.49298125380863944,1.268462679881899,-1.0
2022-09-06,53.790000915527344,53.900001525878906,53.5099983215332,53.65999984741211,1836308,53.29000015258789,54.263000106811525,55.758499717712404,56.46559997558594,59.53810001373291,61.55337655955348,54.07320128856126,55.0755345470073,56.69317632749171,60.15376152393638,26.767104141222475,0.2522311155944491,-1.027974711033167,-0.7618500031299625,-0.2661247079032044,-5.7107714087400225,-1.25,1.2150006975446428,20.685162142643012,20.256539353822493,59.59874192485031,51.9182575105745,0.13774553571490744,1574464.4,1.166306459517281,61.87353943771603,-20906811,-3.7635515319177046,-4.968689129995763,-12.823629105877647,-27.48648669268634,2.9942445661795816,0.6926296504388972,0.7288417428126889,-1.0
2022-09-07,53.2599983215332,53.380001068115234,52.599998474121094,53.2599983215332,2193324,53.06999969482422,54.077000045776366,55.55299968719483,56.344199905395506,59.39669998168945,61.49657259901909,53.91056069515565,54.902626335057384,56.5585418958855,60.085166865206006,26.490826139585465,0.2716455683370712,-1.0439384685314224,-0.8182676962102545,-0.22567077232116783,-4.329081959188019,-1.8600006103515625,1.230715070452009,20.672218277687563,20.078463910065793,59.46926563842474,51.63673373596492,0.14099206067292255,1662114.5,1.319598619710014,19.442054383033792,-23100135,-4.127592350679435,-5.473858159386092,-13.393550127080195,-28.027029295225404,2.226487296325546,-0.7454370611560808,1.4828947084055477,-1.0
2022-09-08,53.59000015258789,54.099998474121094,53.59000015258789,54.0,1746372,53.41599960327149,53.947000122070314,55.368499755859375,56.21259986877441,59.24669998168945,61.44557550650875,53.92844855612452,54.81666192219478,56.45820691957626,60.02461794117411,33.85128787227674,0.6038969547156757,-0.9855174783343443,-0.8517176526350726,-0.13379982569927173,-1.657257056894701,-1.2999992370605469,1.236429214477539,21.3579108149574,20.32669387754398,59.20778832266743,51.52921118905132,0.13868132904943897,1711182.75,1.0205642851413737,-20.37783747408044,-21353763,-2.4716215210699355,-3.936127974759428,-12.117350102319515,-27.027027027027028,3.6468360489927223,0.619605410166276,0.9516669529409864,-1.0
2022-09-09,54.5,54.619998931884766,54.310001373291016,54.54999923706055,1659339,53.77799911499024,53.8189998626709,55.17799968719483,56.096399841308596,59.09599994659424,61.39898377495843,54.05275869231173,54.79126547599152,56.38337524575212,59.97014412322273,43.269240027344765,1.0,-0.8846404958408058,-0.8583022212762194,-0.026338274564586484,-1.0341068684137755,-1.2800025939941406,1.1800005776541573,21.233093417867472,20.28201801756402,58.761902574005646,51.59409680038401,0.12990332767146454,1763611.7,0.9408754772946902,-4.983646096020777,-19694424,-1.1381355860930573,-2.756684223270424,-11.154882567765302,-26.283784814783047,4.702496803635048,0.9259259259259258,0.570792765153939,-1.0
2022-09-12,54.689998626708984,55.599998474121094,54.58000183105469,55.529998779296875,1383131,54.199999237060545,53.815999603271486,55.030499649047854,56.02099983215332,58.955299949646,61.35959461391372,54.34820670970876,54.861621028687274,56.34990950196956,59.9259635725369,53.62996831658932,1.0,-0.7173478481151605,-0.8301113466440077,0.11276349852884715,0.41591237867899533,-0.030002593994140625,1.1950007847377233,22.467614987069386,20.495593771543838,58.268311926302225,51.792687371793484,0.1176733737801122,1810233.45,0.7640622263388184,-16.64566432778354,-18311293,0.9076768945121926,-0.876458924916646,-9.500707870216184,-24.959461109058275,6.583494060713874,0.2566441642648526,1.8688102030917357,0.0
2022-09-13,55.66999816894531,56.84000015258789,55.66999816894531,56.7400016784668,2295131,54.815999603271486,54.052999877929686,54.961499786376955,55.97639984130859,58.84209999084473,61.32879732767741,54.826565703460375,55.04051442390437,56.365207234381224,59.894262459163066,58.490572827863744,1.0,-0.48157875781951986,-0.7604048288791101,0.27882607105959023,1.6299477298349796,2.3700027465820312,1.2550010681152344,23.985489215612805,21.001981505330708,57.97300251938957,51.94999705336434,0.10958590084759876,1897645.55,1.2094624309581945,65.93735517460024,-16016162,3.23590494983303,1.3641496046958963,-7.482285401249353,-23.32432205612595,8.905956507178148,0.25211487975150676,2.1016741909922434,0.0
2022-09-14,55.88999938964844,56.25,55.75,56.189998626708984,1072002,55.40199966430664,54.23599967956543,54.88749980926514,55.94079978942871,58.72939998626709,61.2947655482008,55.099252288110094,55.14998910988576,56.358336308590154,59.85740411257149,54.49040552764786,0.912585793952783,-0.3352461953882937,-0.6753731021809468,0.3401269067926531,1.1339043157778228,1.8299980163574219,1.3007153102329798,24.067030871432816,20.944897824038794,57.68382003627955,52.091179582250724,0.10189278931383888,1902939.95,0.5633398994014499,-53.292339304379574,-17088164,2.3730336086905943,0.4454688496022664,-8.32822652283015,-24.067569423366237,7.850288430659857,-1.4980653219489433,0.8968609865470852,0.0
2022-09-15,56.400001525878906,56.400001525878906,55.900001525878906,56.220001220703125,534356,55.84599990844727,54.63099975585938,54.83049983978272,55.90499984741211,58.628299980163575,61.26137894078305,55.3234020746287,55.2518950252017,56.35291140318282,59.82121104897081,52.07225781971462,0.8597428886116807,-0.2143843376048764,-0.5831753492657328,0.36879101166085637,3.4026160109660086,3.950000762939453,1.2900009155273438,24.025333022904046,20.908074496685057,57.455862059472885,52.20513762009255,0.09576284102321148,1884521.05,0.2835500298603722,-50.153451206247745,-16553808,2.534176024257658,0.5634583206346254,-8.22929194093567,-24.02702537742821,7.907874985118288,0.37373714949710013,0.8944543584109295,0.0
2022-09-16,55.7400016784668,55.88999938964844,54.61000061035156,54.97999954223633,1718739,55.93199996948242,54.85499954223633,54.73399982452393,55.839399871826174,58.525,61.220324173472285,55.25472156815023,55.22600021730023,56.2990717223614,59.77303979019734,47.20616025090241,0.753405822283716,-0.21616638534337085,-0.5097735564812604,0.2936071711378896,1.140542540330114,2.2399978637695312,1.3721436091831751,25.094666547992723,21.338746813244835,57.17277807978736,52.29522156926049,0.08911383283085866,1919911.8,0.8952176865624765,221.64680475188825,-18272547,0.44944589926018735,-1.5390572455336458,-10.193223762673224,-25.702703321302263,5.527833306071549,-0.8537878545252812,2.3438907983719117,0.0
2022-09-19,55.5,56.38999938964844,55.5,55.90999984741211,683189,56.008000183105466,55.10399971008301,54.74599990844727,55.810599899291994,58.42990001678467,61.18584154797839,55.38577722400261,55.29114303921565,56.28381400177515,59.73460158181142,57.60869237438275,0.9807285861105258,-0.14091108346813286,-0.43600106187863497,0.2950899784105021,6.963840363058171,2.490001678466797,1.3778577532087053,24.707561074812144,21.594156712534197,57.20643590575097,52.28556391114356,0.08988550766881002,1844973.85,0.370297389309881,-60.250567421813315,-17589358,2.1261826268794444,0.1781022750149237,-8.622651200162498,-24.445946152145797,7.312862734887611,0.9457993126467761,1.6036025038710586,0.0
2022-09-20,56.20000076293945,56.369998931884766,55.91999816894531,55.97999954223633,533220,55.85599975585937,55.33599967956543,54.799499893188475,55.784799880981446,58.339899978637696,61.152255470521986,55.50462168764936,55.356748420455716,56.27189970924422,59.697242357537036,57.95676356661042,0.9883348597068446,-0.07476053131815519,-0.36375295576653904,0.28899242444838386,6.1433404638900235,2.3199996948242188,1.015000479561942,24.15084532251116,21.592546349783888,57.32073201923935,52.2782677671376,0.09201661077072211,1769636.05,0.3013161943666326,-21.95131947382056,-17056138,2.1542160993235413,0.3499154996905015,-8.457996992079723,-24.35135196995091,7.447219158830673,0.5186923919134422,0.8047224207338354,0.0
2022-09-21,55.9900016784668,56.47999954223633,55.72999954223633,56.38999938964844,1288694,55.895999908447266,55.648999786376955,54.86299991607666,55.77879989624024,58.26129997253418,61.121728187952286,55.68169722804918,55.455153274664546,56.276531069260066,59.664334467309295,74.23525520514741,1.0,0.010625336756071135,-0.28887729726201705,0.2995026340180882,5.559717938046793,3.1300010681152344,0.8971432277134487,24.236800422154143,21.539858617602196,57.480360107490725,52.245639724662595,0.09541440298262262,1763074.4,0.7309356882500251,141.68148231499194,-15767444,2.7832956198305085,1.0957559046540162,-7.7414839838192275,-23.797298122096706,8.234167065586876,0.017867338892924144,1.345774279850109,0.0
2022-09-22,56.38999938964844,57.220001220703125,56.2400016784668,57.13999938964844,1686839,56.07999954223633,55.962999725341795,54.954999923706055,55.785599899291995,58.18699996948242,61.096366858026784,55.97335766036903,55.61561480942491,56.3103925720204,59.63921670534252,75.05690539779035,1.0,0.13723107001358414,-0.20365562380689683,0.340886693820481,6.48527683960507,3.1399993896484375,0.9150003705705915,24.606965411307545,21.266413423202298,57.75968421715534,52.15031563025677,0.10207203338524333,1815057.3,0.9293585387083922,30.895231916963994,-14080605,3.9759793812679725,2.427865780419136,-6.475618227139414,-22.783784608583193,9.673706455156218,0.0,1.7425311397377696,0.0
2022-09-23,57.349998474121094,57.439998626708984,56.43000030517578,56.540000915527344,902307,56.39199981689453,56.16199989318848,54.990499877929686,55.792799911499024,58.12409996032715,61.06752909889704,56.0866863114007,55.70365158143467,56.31939682078537,59.60837873728466,67.93102510856525,0.8532745406245403,0.1869965830915703,-0.12552518242720342,0.31252176551877375,6.158472957870953,1.9900016784667969,0.9335716792515346,24.784275987350508,21.350515180109877,57.85906274218358,52.12193701367579,0.10432939764583544,1817967.95,0.4963272317314505,-46.50900293388995,-14982912,2.8177613242965744,1.3392427073270428,-7.413969830083513,-23.594593357395482,8.52207787225113,0.3675167775915307,1.7898251215153114,0.0
2022-09-26,53.0,55.47999954223633,53.0,55.2599983215332,2234716,56.26199951171875,56.13499984741211,54.9754997253418,55.77239990234375,58.050399932861325,61.03100374809601,55.9213487134272,55.661398890015484,56.27785178159901,59.565111270461266,58.21353346236967,0.6531864998639948,0.12174717321192219,-0.0760707112993783,0.1978178845113005,2.3333302250614807,-0.2700004577636719,1.1521429334368025,26.10662039807861,21.54837221261321,57.83464566593577,52.11635378474783,0.10401527789208988,1870853.35,1.1944902041627152,147.66692489363376,-17217628,0.517500700517072,-0.9187368334655687,-9.455858616355867,-25.3243265925227,6.065259001843795,-6.261055638849783,4.679244419313826,0.0
2022-09-27,54.939998626708984,55.349998474121094,54.619998931884766,55.040000915527344,923728,56.07399978637695,55.964999771118165,55.008999824523926,55.752799911499025,57.967299957275394,60.993559980392455,55.74507915384723,55.60221813054042,56.229308610380514,59.52008529678034,59.30962823096773,0.6178366418833002,0.051688757890225645,-0.05051881746145751,0.10220757535168315,0.8982615679559824,-1.7000007629394531,1.1285713740757533,24.91370017612819,21.536944313837996,57.853939292214996,52.164060356832856,0.10343541881387738,1792041.85,0.5154611763112563,-58.664635685250374,-18141356,0.05635639822994412,-1.27849901189387,-9.760963398068577,-25.62162038442251,5.642999093112444,-0.579080174708446,1.33650596212331,0.0
2022-09-28,54.900001525878906,54.900001525878906,53.91999816894531,54.02000045776367,1530786,55.6,55.74799995422363,54.991999816894534,55.73959991455078,57.88259994506836,60.95024594609041,55.40006341463052,55.45153073313311,56.14266907498377,59.465358084451815,50.10162826192217,0.21493834652386223,-0.08515691750125143,-0.0574464374694163,-0.027710480031835127,-2.7192478925394337,-2.1699981689453125,1.148571559361049,25.842419876732407,21.59008985463308,57.85725896720916,52.126740666579906,0.10420639947101429,1745172.9,0.8771543495776264,65.71826338489252,-19672142,-1.7675286630188098,-3.0850588440233997,-11.370332277996777,-26.999999381400443,3.6852246446730206,-0.2543593519616789,1.8175137058851327,-1.0
2022-09-29,54.5,55.599998474121094,54.5,55.43000030517578,1149251,55.258000183105466,55.6689998626709,55.14999980926514,55.72999992370605,57.81709995269775,60.9161703557144,55.40605079273958,55.449480216184796,56.11472128008934,59.42520527072768,54.112151298618194,0.24796431877469774,-0.07892312073519747,-0.06174177412257254,-0.01718134661262493,-2.308779229007618,-0.7900009155273438,1.2171429225376673,23.00934133560982,22.283194976700404,57.71615222125993,52.58384739727035,0.09306083121921178,1446067.55,0.7947422649792535,-24.924123946782895,-18522891,0.5077071566255961,-0.5383090237591408,-9.006098082828633,-25.09459418219489,6.391558404188348,0.8885589377431101,2.0183458240754018,0.0
2022-09-30,55.70000076293945,56.349998474121094,55.41999816894531,56.119998931884766,1020843,55.17399978637695,55.78299980163574,55.318999671936034,55.74079986572266,57.76189994812012,60.886745991151024,55.548840420568624,55.51333914148956,56.11492824682642,59.39231764546556,52.83381233828316,0.20206468651735843,-0.018097057654117066,-0.05301283082888145,0.03491577317476439,-0.12457678685713347,1.1399993896484375,1.2085715702601842,23.159469626905977,22.422405834600383,57.65142532115155,52.98657402272052,0.08432638561968726,1376334.2,0.7417115697626347,-11.173190190828631,-17502048,1.4479641076284466,0.6802899618871344,-7.828874711023371,-24.162163605561126,7.715932006716796,0.4871016710755106,1.6780951568073281,0.0
2022-10-03,56.29999923706055,57.20000076293945,56.29999923706055,56.880001068115234,1335269,55.49800033569336,55.87999992370605,55.491999816894534,55.76619987487793,57.71709995269775,60.8623146196691,55.81507255007794,55.643497420215816,56.14493110256324,59.36731947056656,50.702807707215285,0.12554951179478932,0.09039187508766133,-0.024331889645572896,0.11472376473323423,1.1739591481350953,0.970001220703125,1.1921430315290178,23.196161694686054,22.379809479353035,57.74321854370438,53.24078109008469,0.08113669481143704,1386377.2,0.9631354295209126,30.800622622675576,-16166779,2.501263706120974,1.997269306024675,-6.543151663618929,-23.135133691736172,9.174669355064271,0.32074181860597556,1.5985817727799598,0.0
2022-10-04,58.90999984741211,60.599998474121094,58.90999984741211,60.220001220703125,5665572,56.534000396728516,56.30400009155274,55.819999885559085,55.88279991149902,57.71939994812012,60.85842181119052,56.696058284202984,56.07935492502413,56.30473777386285,59.37580386609031,65.80392701274587,0.6677655001242074,0.4407989784383801,0.06869428397121771,0.37210469446716243,9.530741582566504,4.240001678466797,1.3871427263532365,30.085513769981592,25.26047715333739,58.75505210695644,52.88494766416173,0.10516131234019113,1577840.4,3.590712977053953,324.30191968809277,-10501207,7.882481806099649,7.761245528271458,-1.049025872652519,-18.621619972022803,15.585418396154784,3.568914805163067,2.8687805654157126,0.0
2022-10-06,59.5099983215332,60.400001525878906,46.150001525878906,59.83000183105469,1768191,57.69600067138672,56.64800033569336,56.14850006103516,55.97599998474121,57.72629997253418,60.85222651010536,57.32284699357332,56.43655939226513,56.44298342316449,59.38032324882628,63.76811762884714,0.5946683756788238,0.6792000456678338,0.1907954363105409,0.48840460935729285,7.011271676517494,3.44000244140625,2.3692855834960938,30.02996234473284,25.203100416173598,59.33687648718301,52.9601236348873,0.1135694247462351,1556583.75,1.1359433759988822,-68.79060049011821,-12269398,6.5567232713565335,6.885096911826609,-1.6798476204990107,-19.148646174250423,29.64246988703702,-1.1790150859808168,30.877572110174732,0.0
2022-10-07,60.40999984741211,60.63999938964844,60.20000076293945,60.4900016784668,1295474,58.70800094604492,56.98300056457519,56.4730001449585,56.088800048828126,57.73139999389648,60.85005749913747,57.95627793055202,56.82260151476052,56.60169002141165,59.391364825240615,71.9872413129623,0.8769933882875608,0.910890897613605,0.33481452857115374,0.5760763690424513,8.056452613629839,3.3500022888183594,2.3121425083705356,29.94693157622404,25.286858631989666,60.0393299053097,52.906670384607295,0.12630211786860693,1534038.85,0.8444857833945991,-26.734498705173813,-10973924,7.1131364071276595,7.84684576209012,-0.5917099103411321,-18.256754488558382,31.07258868571574,0.9694099926575208,0.7308947194895352,0.0
2022-10-10,61.0,61.0,58.0,58.25,2216039,59.13400115966797,57.154000473022464,56.65800018310547,56.168000030517575,57.70009998321533,60.83458096640451,58.01502234444162,56.95854422764047,56.66632962841511,59.380007961307875,58.45375768348653,0.33468389776204316,0.9033449537320166,0.4485206136033263,0.45482434012869033,3.2984582913349048,1.7099990844726562,2.4257139478410994,33.59920213281393,26.400449872470606,60.18799670967884,53.1280036565321,0.1246071698671059,1561873.85,1.4188335376765542,71.06009074670739,-13189963,2.8098411729138966,3.7067368757143186,-4.248539112699447,-21.283783783783782,26.218847397731814,0.8431117662123526,5.172413793103448,0.0
2022-10-11,57.97999954223633,57.97999954223633,57.11000061035156,57.220001220703125,1044405,59.20200119018555,57.35000076293945,56.74250030517578,56.219400024414064,57.6604999923706,60.81319292057195,57.85601811969392,56.98344489364644,56.68804223987739,59.35851535692375,54.18919507563797,0.1637956890424889,0.8049732152628479,0.5198111339352307,0.2851620813276172,0.14001020635148187,1.9600028991699219,2.474285398210798,33.936291188262594,26.667957403634034,60.23956105914028,53.245439551211284,0.12326072115808799,1544937.55,0.6760176163754968,-52.87063991202321,-14234368,0.8415225147979395,1.7798147896536356,-5.908572675277697,-22.67567402607686,23.986997462213832,-0.4635200991651019,1.5233740546083494,0.0
2022-10-12,56.939998626708984,57.20000076293945,56.72999954223633,57.150001525878906,892594,58.5880012512207,57.56100082397461,56.763000297546384,56.24140007019043,57.62619998931885,60.791644735897286,57.714814800930924,56.999307430049534,56.70615829030882,59.33654009492331,52.62794669553808,0.10123383602840591,0.7131438352196895,0.5584776741921225,0.15466616102756703,1.078883269320996,2.1100006103515625,2.455714089529855,33.10374924295873,26.650320424008616,60.26480305472459,53.26119754036818,0.1233832862541472,1474810.7,0.6052261486847091,-14.53564469721995,-15126962,0.6817843072140264,1.6155384726456363,-5.990367962306505,-22.770268208271748,23.83531882188927,-0.489343914751318,0.8284879684393476,0.0
2022-10-13,56.900001525878906,56.97999954223633,56.470001220703125,56.880001068115234,1873536,57.99800109863281,57.84700088500976,56.797500419616696,56.231000061035154,57.57599998474121,60.768769626728975,57.547852054367794,56.98794491938913,56.71297565414437,59.31209692052721,49.07010611571303,0.0,0.6115322464158908,0.5690885886368762,0.0424436577790146,2.9316011505392314,2.8600006103515625,2.4342855725969588,32.94851045289339,26.178954919903486,60.28911474119024,53.30588609804315,0.12294957685735096,1514887.4,1.2367493451988578,109.89789310705653,-17000498,0.14525401274532843,1.1541694196717676,-6.3992879607410655,-23.135133691736172,23.250269095266255,-0.4374453076554931,0.9031314158113153,0.0
2022-10-14,56.58000183105469,56.7400016784668,55.70000076293945,55.81999969482422,2241901,57.0640007019043,57.88600082397461,56.77750034332276,56.18840003967285,57.513999977111816,60.73999770852022,57.20228158245908,56.87671204085914,56.677956989072996,59.27734968445057,47.50692140245578,0.0,0.4403944847097563,0.5433497678514523,-0.102955283141696,1.4171489213707922,0.3899993896484375,2.4464285714285716,33.66231387328892,26.08490316772053,60.28757644061217,53.26742424603334,0.12364320641326759,1600264.65,1.4009563980557842,19.6614850208376,-19242399,-1.6864085997247387,-0.6556519576790139,-8.100095817102503,-24.567567979967272,20.953408123990634,-0.5274248091192724,1.8671470400038463,0.0
2022-10-17,56.0,60.9900016784668,54.9900016784668,55.52000045776367,2747859,56.518000793457034,57.8260009765625,56.80450038909912,56.14900001525879,57.45559997558594,60.70982431400718,56.86582535752,56.747501413897666,56.63254692902165,59.23996312498105,50.96583266684767,0.14129354832930038,0.27736188913789306,0.4901521921087405,-0.21279030297084744,2.776749328561734,-0.5999984741210938,2.622142791748047,32.72205465659282,26.080006882473374,60.264306567864445,53.34469421033379,0.12181450959224595,1651720.65,1.6636342228935626,22.568257920398803,-21990258,-2.2612643761266917,-1.1202328756063094,-8.548573340289,-24.972972354373415,20.303355627475934,0.32246561476149804,10.911074407821857,0.0
2022-10-18,55.97999954223633,56.279998779296875,55.619998931884766,55.86000061035156,1610688,56.24600067138672,57.72400093078613,56.80200042724609,56.128400039672854,57.39979999542236,60.68195176398617,56.66466040808632,56.662977527845655,56.60225099495616,59.2063316571738,53.0191442719435,0.22516956026877633,0.17359149863546008,0.42684005341408443,-0.25324855477862435,0.7757537485267418,-1.0200004577636719,2.624285561697824,32.23333055544836,26.110014832733036,60.264599174194416,53.33940168029777,0.12191819727839819,1698095.6,0.9485261018284247,-41.383891968256016,-20379570,-1.6583919752986072,-0.47818827747019504,-7.946269052763665,-24.513512688714105,21.040083994423515,0.8285286035301752,1.1866232651683086,0.0
2022-10-19,56.0,56.13999938964844,55.41999816894531,55.709999084472656,1052919,55.95800018310547,57.273000717163086,56.78850040435791,56.085999984741214,57.34569999694824,60.653540605817525,56.473728143363594,56.572217676095846,56.56726072395681,59.17154227834095,56.64830149967691,0.3734175096828622,0.07834572624994252,0.3571411879812561,-0.2787954617313136,-0.7305770762927932,-4.510002136230469,2.5957140241350447,32.24266141199009,25.70270946723664,60.2666635419789,53.31033726673692,0.12249533313452583,1724080.55,0.61071334515084,-34.62923918226248,-21432489,-1.899154427755398,-0.6704006354007289,-8.150458278227395,-24.71621745341533,20.715053613233188,0.25062547103247584,1.2991722203025602,0.0
2022-10-20,55.25,55.91999816894531,55.2400016784668,55.810001373291016,796641,55.74400024414062,56.87100067138672,56.75950050354004,56.054800033569336,57.28170001983643,60.626020496541805,56.340982789349084,56.49962564725729,56.53756427883266,59.138094110131505,51.66667057059479,0.16992217353964065,0.010807531879279964,0.2878744567608609,-0.2770669248815809,-1.8811527333532752,-4.020000457763672,2.53142820085798,32.13096914201307,25.542542962203967,60.26124523458564,53.25775577249444,0.1233888494430002,1699477.9,0.4687563162780758,-24.33976402743231,-20635848,-1.6728461699373203,-0.4367131095494385,-7.943815351570869,-24.581079225282412,20.931743289315392,-0.8257029115637986,1.2309856441289468,0.0
2022-10-21,55.97999954223633,55.9900016784668,55.25,55.349998474121094,2987728,55.65,56.35700035095215,56.67000045776367,56.00800003051758,57.217299995422366,60.596212462516824,56.14278592630349,56.390137345053844,56.490993070804755,59.10040161624085,46.55326859851148,0.0,-0.07892555859424988,0.21451445368983874,-0.2934400122840886,-8.087018677953406,-5.140003204345703,2.517856870378767,31.817003362872697,25.572211534075862,60.221938051199665,53.118062864327676,0.12535512845401384,1764522.35,1.6932219645730189,275.04070214814453,-23623576,-2.329278230068797,-1.1748349450756208,-8.657659901831153,-25.202704764701224,19.934987311069168,0.3046016211471883,1.3393695537860577,0.0
2022-10-24,57.0099983215332,57.04999923706055,56.25,56.93000030517578,1285301,55.93199996948242,56.22500038146973,56.689500427246095,55.97940002441406,57.17329998016358,60.575615765003676,56.300228802077946,56.44155286506546,56.508209040780095,59.07880558329493,50.208503745813466,0.14371467597058452,-0.022289793284592463,0.1671536042949525,-0.18944339757954495,-4.847069090968448,-1.3199996948242188,2.5621425083705356,33.30189350547239,26.10994909450262,60.24271493141078,53.13628592308141,0.12535705826953947,1783672.05,0.7205926672450802,-56.98065553490813,-22338275,0.42424060208175174,1.6981251680924374,-6.018288735141631,-23.06756715516786,23.358609800374378,2.999096464633586,1.4222208658854167,0.0
2022-10-25,56.95000076293945,57.18000030517578,56.31999969482422,56.52000045776367,1327449,56.06399993896484,56.15500030517578,56.75250053405762,55.94020004272461,57.134300003051756,60.55295869624815,56.3441831332151,56.44902406437005,56.50867144928925,59.05334483577721,29.580590031187015,0.0,-0.010369568481877423,0.1316489697395865,-0.14201853822146393,-6.563070111661718,-0.7000007629394531,2.3578570229666576,32.30077326761313,26.132244778398793,60.24312578147711,53.26187528663812,0.12301220966729891,1738308.7,0.7636439948784701,3.279231868644006,-23665724,-0.4096737132391554,1.0364646794187975,-6.660216652195324,-23.621621003022064,22.470202793102235,0.03513166635597846,1.5269897283586031,0.0
2022-10-27,59.9900016784668,59.9900016784668,57.25,57.369998931884766,1786452,56.395999908447266,56.17700004577637,56.86900043487549,55.92520004272461,57.09189998626709,60.535275586446126,56.54934629294904,56.536735956514306,56.54244899762634,59.03659512529072,37.0798276816157,0.17684107147718975,0.0668939567889737,0.11869796714946396,-0.05180401036049026,-1.5107314474081313,0.21999740600585938,1.5878571101597376,32.59988237003356,25.797339240797417,60.273437531098836,53.46456333865214,0.1197290991643856,1781444.9,1.0028106959693224,34.57782558877969,-21879272,0.8809694089541883,2.58344876380663,-5.228813487503255,-22.472974416371937,24.312019577538205,6.139421784499438,4.786029132693095,0.0
2022-10-28,57.7599983215332,57.849998474121094,57.099998474121094,57.209999084472656,1275259,56.67599945068359,56.20999984741211,57.028500366210935,55.916000061035156,57.04269996643066,60.516903893065056,56.68147685125376,56.6008562544151,56.568627432404625,59.01842004030746,31.818183740522997,0.07749734065488918,0.11390221289947533,0.11773881629946623,-0.0038366033999908955,-0.017480139841119513,0.3299980163574219,1.5835715702601842,31.732441809145396,25.33810647269824,60.158796682189795,53.898204050232074,0.10978006771623065,1768668.55,0.7210276905754897,-28.614986576745416,-23154531,0.3182596720871492,2.3141838150529987,-5.464431581687963,-22.689190426388304,23.965324361672636,0.6797967525003489,1.313485148935539,0.0
2022-10-31,57.25,57.29999923706055,56.75,57.11000061035156,1413676,57.02799987792969,56.33899993896485,57.11250038146973,55.91100006103515,56.99199996948242,60.49818464425894,56.767181603073325,56.649346193075715,56.589857753108426,58.9994307922482,41.71512659463104,0.4483030114152834,0.14145692601456972,0.12248243824248692,0.0189744877720828,-0.06999285119744236,1.2900009155273438,1.408571515764509,30.581285515252087,25.261080680708297,60.15100438200727,54.073996380932186,0.10640416652195435,1781889.8,0.7933577037143374,10.854030436170214,-24568207,-0.00437692466880326,2.1444805995376974,-5.600472235374595,-22.824323499524915,23.74864295145639,0.06991944794175042,0.9691616512080121,0.0
2022-11-01,57.689998626708984,58.56999969482422,57.4900016784668,58.41999816894531,2627978,57.3259994506836,56.62899971008301,57.22750034332275,55.94120002746582,56.960199966430665,60.48682843401132,57.09774491624773,56.81797971458711,56.66162796549419,58.99366529350887,58.37986267096868,1.0,0.2659345614653361,0.15117286288705678,0.11476169857827934,2.7074491418976887,2.8999977111816406,1.4314286368233817,31.27853625489592,25.638763810581093,60.28189830031229,54.17310238633321,0.10674581062130643,1862246.55,1.411186934404577,85.89676842501393,-21940229,2.0837845764159773,4.43107788224504,-3.4169922916703057,-21.054056528452282,26.587207448272625,1.0155804765519358,1.878584075188749,0.0
2022-11-02,58.310001373291016,58.59000015258789,58.25,58.369998931884766,997288,57.69599914550781,56.87999954223633,57.30200023651123,55.99520004272461,56.92679996490479,60.47532392584759,57.35219571937514,56.96579106861545,56.728622905352644,58.987459658069824,58.54339536754912,1.0,0.35644063800494763,0.19222641791063494,0.1642142200943127,4.5682537638870535,2.509998321533203,1.4207142421177454,30.99531712290266,25.54192541803502,60.393174098886035,54.21082637413643,0.10789060938941508,1845347.5,0.540433712349571,-62.05112828189582,-22937517,1.8638070066758914,4.241075819620558,-3.481295935751066,-21.121623065020586,26.478866743164502,-0.188286201817734,0.5836912490779238,0.0
2022-11-03,58.369998931884766,58.369998931884766,56.869998931884766,56.97999954223633,2268065,57.61799926757813,57.0069995880127,57.14000015258789,56.036600036621095,56.88099994659424,60.456430280530775,57.27775648394738,56.967144256579346,56.73848081268142,58.96748493054909,50.60531748340884,0.7259216504771997,0.31240481346425497,0.21626209702135896,0.09614271644289601,2.6296813264317986,1.2700004577636719,1.479285648890904,24.29128845727906,25.80781394878023,59.91021824906879,54.369782056106985,0.09696248124197596,1675472.15,1.3536870785945323,127.42327191342922,-25205582,-0.28001506812091453,1.6835416584851708,-5.750307654889751,-23.000000618599557,23.4669505054825,0.0,2.637594563341919,0.0
2022-11-04,57.4900016784668,58.41999816894531,57.4900016784668,58.31999969482422,1849262,57.83999938964844,57.257999420166016,57.06450004577637,56.10060005187988,56.858499946594236,60.44494409458611,57.48620512612275,57.09598763165028,56.80050116100075,58.96104229138765,64.63700077276646,1.0,0.3812382415836666,0.2492573259338205,0.1319809156498461,4.403865122795558,2.509998321533203,1.497856957571847,25.924521982775417,26.198496500219203,59.598242815164916,54.530757276387824,0.08880276765260404,1679525.7,1.101062043885366,-18.46521153494278,-23356320,2.2001413278670694,3.956106781196485,-3.5155039542045325,-21.189189601588893,26.37052603805638,0.8950546513297716,1.6176664869134123,0.0
2022-11-07,59.619998931884766,60.09000015258789,59.209999084472656,59.970001220703125,3602733,58.41199951171875,57.71999969482422,57.038500022888186,56.19400009155274,56.85129997253418,60.4424042931215,57.98296434503882,57.36970321156007,56.92479528098909,58.97108168371915,72.49746876211378,1.0,0.5624470236096286,0.31189526546898216,0.25055175814064645,7.6467460173012425,4.620002746582031,1.1957141331263952,27.62595511643506,26.784475141070175,59.430973071514636,54.64602697426174,0.08388976034315093,1794888.65,2.0072181079310965,94.82004172475288,-19753587,5.139513129971155,6.719580601128995,-0.7815755808246928,-18.95945780986064,29.94582716768615,2.2290796362537004,1.486237260128598,0.0
2022-11-09,60.900001525878906,61.79999923706055,60.459999084472656,60.72999954223633,2843550,58.873999786376956,58.099999618530276,57.1625,56.29200004577637,56.860899963378905,60.44393405508488,58.532371384478324,57.68973143352924,57.07401897750859,58.98858335395315,73.61783842483734,1.0,0.7586367101213938,0.40124355439946446,0.3573931557219293,8.815620942270531,3.799999237060547,1.2721426827566964,24.17324712789459,26.803517220381114,60.029391631981625,54.29560836801838,0.10030672668205985,1826264.2,1.557031014461106,-21.07241918843278,-16910037,6.240978862429611,7.8838902381350815,0.4732741037185708,-17.93243305103199,31.592627376581117,1.5507758650081904,2.216341668672022,0.0
2022-11-10,60.72999954223633,60.72999954223633,60.0,60.560001373291016,1306491,59.3120002746582,58.50399971008301,57.32950000762939,56.39200004577637,56.86189998626709,60.44454816787962,58.93789738224086,57.96309047541131,57.210724169500054,59.00421935414557,73.47533020402541,0.99676391632061,0.8901400383828744,0.4990228511961465,0.3911171871867279,9.412832958985273,4.040000915527344,1.2728568485804967,23.09454770217729,26.81123703535216,60.5746583568732,54.08434165838558,0.11321076753894398,1839368.5,0.7102932337919237,-54.054227989660816,-18216528,5.634972161333537,7.39112165578674,0.1910068135355021,-18.162160306363493,31.224267326040305,0.0,1.2166659037272134,0.0
2022-11-11,62.209999084472656,62.209999084472656,60.90999984741211,61.58000183105469,2853016,60.232000732421874,58.925,57.55100002288818,56.53620010375977,56.87060001373291,60.450524239791065,59.466318272003626,58.307558223567824,57.38206839152181,59.02984903053272,75.64445517457925,1.0,1.0643932233850393,0.612096925633925,0.45229629775111424,8.167928159059134,4.210002899169922,1.3421426500592912,23.54868398336014,26.974402740249303,61.30882137634106,53.79317866943531,0.13059100109323488,1937389.6,1.4726082972676222,118.37241894509796,-15363512,7.000750302452017,8.921366696095829,1.8684330788981862,-16.783781309385557,33.43445242688304,2.724566832505629,2.1342952558155033,0.0
2022-11-14,61.45000076293945,61.58000183105469,60.900001525878906,61.150001525878906,1374642,60.79800109863281,59.319000244140625,57.764500045776366,56.672000122070315,56.868900032043456,60.45418642453498,59.803054922778685,58.578267109502214,57.52983047522209,59.05094507526254,75.84673068017926,1.0,1.1544845180777301,0.7205744441226861,0.433910073955044,8.191792340085247,3.94000244140625,1.3378568376813615,23.67052559823076,26.964267917298095,61.83407207337139,53.69492801818134,0.14090218124869175,1912444.9,0.7187877674279662,-51.817935826507814,-16738154,5.860868660543496,7.901611720361146,1.1509791835715324,-17.364862802866345,32.50270748439446,-0.2111092306750713,1.116585037993507,0.0
2022-11-15,61.5,62.04999923706055,61.5,61.779998779296875,1495311,61.16000061035156,59.78600006103515,58.0625,56.86220008850098,56.87820003509521,60.461091697216034,60.19844369408233,58.88319393519695,57.69650374204855,59.078099838486764,73.61248131650655,0.951708758666012,1.2621685382027508,0.8288932629386991,0.43327527526405163,7.686944273169827,4.6699981689453125,1.2807137625558036,22.221409516162566,26.99702527278615,62.39678916837471,53.72821083162529,0.14929736640257343,1875115.4,0.7974501196033055,8.778212800132689,-15242843,6.402581320640474,8.648625419244736,2.181414600791224,-16.51351516311233,33.867815247315534,0.5723605321137615,0.8943077025374746,0.0
2022-11-16,61.5,61.70000076293945,61.0,61.560001373291016,1435553,61.3260009765625,60.10000038146973,58.36450004577637,57.03860008239746,56.884700050354006,60.46678552973456,60.470755229924066,59.13812797692019,57.84801345307767,59.10279537614651,75.00003784426931,0.9807694576641289,1.3146030225714327,0.9260352148652459,0.3885678077061868,7.603569932583687,3.140003204345703,1.2749993460518974,22.11683306688572,26.949299658767867,62.79354125620843,53.935458835344306,0.15177175190255313,1809500.1,0.793342315924713,-3.99635928579406,-16678396,5.475077016008631,7.926914903875587,1.8079609061058295,-16.810808955012142,33.3911144916666,-0.45321914022229715,1.1475422343269723,0.0
2022-11-17,60.83000183105469,60.970001220703125,60.529998779296875,60.58000183105469,1205090,61.33000106811524,60.32100067138672,58.60050010681152,57.18180015563965,56.887600059509275,60.46736911891662,60.4926045501502,59.27544929636157,57.955150252214025,59.11749394783714,65.71991569546199,0.769994340294794,1.262526338606996,0.993333439613596,0.26919289899340004,6.075995768898945,2.210002899169922,1.1007137298583984,23.35495157218923,26.755208656030877,62.97025112633455,54.230749087288494,0.14913698728025376,1789220.2,0.6735280542886785,-16.05395272762482,-17883486,3.3779604621720174,5.942802895616578,0.1862702376161913,-18.135132660736907,31.267605261256747,-1.1858341877052856,0.7269163229468698,0.0
2022-11-18,60.84000015258789,60.900001525878906,60.4900016784668,60.81999969482422,823261,61.17800064086914,60.705000686645505,58.856000137329104,57.32500015258789,56.89530006408691,60.46917748084435,60.558083579085,59.422549334310396,58.06749728917913,59.13443430352856,67.54132965184259,0.756665376537246,1.226482882028364,1.0399633280965497,0.1865195539318143,4.108184870082199,3.8400001525878906,1.076428004673549,23.219149602644617,26.57227014230293,63.110174949245014,54.601825325413195,0.14456214496362696,1777737.3,0.463094856591016,-31.68468745072982,-17060225,3.336957239555017,6.096815582962628,0.5801670017605289,-17.810811223210514,31.787643952122117,0.42918176572243366,0.6777977120772025,0.0
2022-11-21,61.81999969482422,61.81999969482422,59.849998474121094,59.93000030517578,1532697,60.934000396728514,60.866000747680665,59.06200008392334,57.45840019226074,56.901300048828126,60.46642657688686,60.43246692430316,59.47087799820234,58.14053662313979,59.14235038314694,62.72564581388111,0.4801762974199493,1.1132695914374935,1.0546245807647385,0.05864501067275496,2.672608192286363,1.6100006103515625,1.177856717790876,24.18589365176502,26.780603965821374,63.088025004733865,55.03597516311281,0.136332156550398,1814540.1,0.8446751879443171,86.17388653173172,-18592922,1.4696424435662037,4.301547040371564,-0.887147301534314,-19.01351310111381,29.859151297253266,1.6441959964118513,3.2915643624534856,0.0
2022-11-22,60.400001525878906,60.91999816894531,60.400001525878906,60.810001373291016,1202865,60.74000091552735,60.95000076293945,59.33500022888184,57.594600219726566,56.90360004425049,60.46817061138637,60.50797381410073,59.598413557734595,58.24522151530258,59.15894392533743,61.22068277055452,0.42055352465383705,1.0820824023462947,1.06011614508105,0.021966257265244815,6.721659989161122,0.8400001525878906,1.1442852020263672,24.062478656505952,26.91437227465047,63.02789910795971,55.642101349803966,0.12447624049322314,1725296.95,0.697193025235453,-21.519713289710886,-17390057,2.485887147079182,5.582817037183204,0.5653069349517875,-17.824322468525654,31.76597911744688,0.7842503225592908,0.860921572731433,0.0
2022-11-23,60.790000915527344,61.04999923706055,60.45000076293945,60.77000045776367,1745016,60.582000732421875,60.954000854492186,59.52700023651123,57.719000244140624,56.907700042724606,60.46969500454989,60.56037914283333,59.70999326249927,58.34423245422262,59.174974338595405,61.27821139319018,0.4228326610154662,1.0421256153256948,1.0565180391299789,-0.014392423804284071,4.200961549656679,0.04000091552734375,1.1628565107073103,22.45951458615352,26.86672138103162,63.09044198167161,55.963558491350845,0.11972522488961991,1748282.7,0.9981314806810134,45.071641456023734,-19135073,2.0881284397227913,5.28595471286385,0.49662141208283794,-17.87837775977882,31.679303247013994,-0.03289007944745168,0.9925532945384832,0.0
2022-11-24,61.0,61.61000061035156,61.0,61.459999084472656,1191747,60.758000183105466,61.04400062561035,59.77400016784668,57.837600250244144,56.92930004119873,60.47467140696157,60.7403031311612,59.87666048363959,58.4664193808991,59.197710903231005,72.53522937519116,0.7735887831456543,1.0539869904136836,1.0560118293867198,-0.0020248389730361804,2.484572008404684,0.8999977111816406,1.115713664463588,22.273335325906945,26.90962621891216,63.139156413322496,56.40884392237086,0.11259598608178757,1741497.6,0.6843230791704794,-31.70566917438006,-17943326,2.820622531354193,6.263051749304245,1.6293229125303863,-16.94594718314506,33.174424815584395,0.3784754656965689,1.000001000576332,0.0
2022-11-25,61.790000915527344,61.790000915527344,61.0,61.09000015258789,1328111,60.8120002746582,60.99500045776367,59.96000022888184,57.924600219726564,56.95050003051758,60.4777480506897,60.81024253544654,59.992216642587046,58.569304901357484,59.21653965198083,65.44037689422049,0.28850542195265083,1.0217532584899445,1.0491601152073649,-0.02740685671742038,0.5927887585462477,-0.4900016784667969,1.0692852565220423,22.17589181926556,26.51879620263297,63.17349241705669,56.746508040706985,0.10718786443989914,1718580.55,0.7727953164604359,11.442361507937516,-19271437,1.8845895920489801,5.464690167655799,1.0123592918589344,-17.445945739746094,32.37269367874514,0.5369375788651121,1.2950834680776129,0.0
2022-11-28,60.099998474121094,61.58000183105469,60.099998474121094,61.439998626708984,1372688,61.113999938964845,61.02400016784668,60.17150020599365,58.02960021972656,56.985200004577635,60.480150051116944,60.93619375369904,60.13010064107485,58.68188112588107,59.23866362187863,59.58278976704444,0.0,1.0127751045366793,1.0418831130732278,-0.02910800853654849,1.4530997910546128,0.2899971008300781,1.0485711778913225,22.07933381118242,26.526137548663904,63.17270246906622,57.17029794292108,0.09975494221676802,1723452.0,0.7964759099760249,3.35642126298179,-17898749,2.108138265412531,5.876997935655421,1.5870472787861647,-16.97297482877164,33.13108688036795,-1.6205625732427804,2.462568044108819,0.0
2022-11-29,61.41999816894531,61.41999816894531,61.0099983215332,61.209999084472656,1383143,61.193999481201175,60.96700019836426,60.37650012969971,58.129400177001955,57.017200012207034,60.477350044250485,60.99095481985377,60.232948111874634,58.781023006610155,59.258278900113396,53.361347007140544,0.0,0.9758517998702558,1.0286768504326336,-0.05282505056237774,-0.6008488723289407,-0.5699996948242188,0.9485713413783482,22.15453271908166,25.129838313171504,63.03809728121318,57.71490297818623,0.08816665907417227,1721925.35,0.8032537531316325,0.7616443066450707,-19281892,1.3805022698938194,5.299553922955315,1.211443688729915,-17.283785020982897,32.632713024177825,-0.03255282911900546,0.6720207485522939,0.0
2022-11-30,61.380001068115234,61.439998626708984,61.08000183105469,61.31999969482422,656779,61.30399932861328,60.94300003051758,60.521500205993654,58.25620018005371,57.04780002593994,60.472550048828126,61.05676379484786,60.336476834060306,58.88059071987345,59.27879353488664,55.367227072318244,0.08920817604650731,0.9445774440500188,1.0118569691561108,-0.06727952510609203,0.2780019046661364,-0.24000167846679688,0.922142573765346,20.96055221312331,25.095738197813123,63.04679386061917,57.99620655136814,0.0834511255018568,1623365.4,0.4045786610950314,-52.51546658588446,-18625113,1.3193649960968528,5.259181864421566,1.4013790477031747,-17.135135547534837,32.871067534935264,0.2777356415378596,0.5893856988577643,0.0
2022-12-01,62.0,62.97999954223633,62.0,62.529998779296875,2814423,61.517999267578126,61.1379997253418,60.729500198364256,58.3886001586914,57.0996000289917,60.471350040435794,61.35141079173767,60.5453836859876,59.02370476141947,59.311143835826044,56.53368902247054,0.14108462908435127,1.0058344717949552,1.0106524696838797,-0.004817997888924452,1.2139851324363127,1.9499969482421875,0.9228570120675224,21.772105812831846,25.251105022730997,63.19317704191513,58.265823354813385,0.08113608165730402,1714222.15,1.641807626858631,328.5190299933463,-15810690,2.964784124768929,7.092820532346683,3.4043373225246496,-15.500001649598818,35.49295062153526,1.108937228571411,1.5806444229618195,0.0
2022-12-02,62.88999938964844,63.95000076293945,62.88999938964844,63.7599983215332,2931386,62.051998901367185,61.431999588012694,61.0685001373291,58.54420013427735,57.16450000762939,60.476150035858154,61.833128297696774,60.85153746080147,59.209441763776866,59.355411044639055,66.17100740770854,0.5919794546252554,1.1404849901006315,1.0366189737672302,0.10386601633340131,3.5737441506892065,2.9399986267089844,0.9757142748151507,19.872546025165676,25.484212646665306,63.2038091415543,58.933191133103904,0.06993160137954517,1747388.2,1.6775814326776386,4.155842956087263,-12879304,4.407342866046384,8.909162949178345,5.429988985290821,-13.83784010603621,38.15817164335169,0.5757246399799315,1.685484788644297,0.0
2022-12-05,64.0,65.30999755859375,64.0,65.11000061035156,2634912,62.7859992980957,61.94999961853027,61.40800018310547,58.71860015869141,57.24870002746582,60.489900035858156,62.48850276022773,61.257105379806234,59.440836228348424,59.41267064230784,68.94200440578342,0.7200369706243407,1.3406759207575334,1.0974303631652909,0.24324555759224253,7.477713176586098,5.180000305175781,1.0221429552350725,19.617918036791483,25.656322897255222,63.84162872160265,58.97437164460829,0.07926096050158363,1786670.7,1.4747608498868874,-10.113782354149192,-10244392,6.028531162401512,10.884797039416668,7.637804942237681,-12.013512688714105,41.08342027646677,0.37641418567249685,2.0468711853027344,0.0
2022-12-06,64.38999938964844,64.38999938964844,63.790000915527344,64.12000274658203,2345153,63.36800003051758,62.280999755859376,61.61550025939941,58.858200225830075,57.321900062561035,60.49005006790161,62.8148027574986,61.52976227188012,59.624332954553665,59.4595097677235,63.389137283303306,0.5229921663059766,1.4032681203645794,1.1585979146051486,0.24467020575943077,5.425851805847093,3.3100013732910156,1.0607144492013114,19.065865639993447,25.843118474114256,64.23357884799452,58.99742167080429,0.08498116797147089,1723791.7,1.36046193980398,-10.996913748922166,-12589545,4.064727993181488,8.939795135704474,6.000908702515049,-13.351347639754014,38.93824621138167,-1.1058227829115626,0.940583893258804,0.0
2022-12-07,64.0,64.13999938964844,63.79999923706055,63.83000183105469,1596473,63.87000045776367,62.58699989318848,61.770500373840335,59.00400024414063,57.39840007781982,60.49325008392334,63.01784257220982,61.74883270608722,59.789261145789006,59.50299725094074,68.32019046832639,0.780167687171781,1.4131819573324265,1.2095147231506043,0.2036672341818222,6.507594703853337,3.0600013732910156,1.0114285605294364,18.932833072119948,25.841672387146726,64.53103039874952,59.00997034893115,0.08938020602722088,1661437.85,0.9608984169946531,-31.924569527020196,-14186018,3.3341181385128404,8.179109156913993,5.51590754753995,-13.743240768845016,38.30985854954221,-0.18715337093217466,0.5329156060403041,0.0
2022-12-08,64.9800033569336,64.9800033569336,64.16000366210938,64.55999755859375,931355,64.27600021362305,62.896999740600585,61.97050018310547,59.190000228881836,57.481200065612796,60.499850063323976,63.32627356948662,62.016562692040225,59.97634884825194,59.55331566196216,69.97863604907921,0.8666627197853266,1.4630778482381785,1.2602273481681192,0.20285050007005934,6.16674247757838,3.0999984741210938,1.0642858232770647,19.075347922459336,25.713488315787753,64.93390813686105,59.007092229349894,0.09563931047835784,1642681.05,0.5669725111883406,-41.661713038679636,-13254663,4.178596861146898,9.072473912733011,6.7110042273164305,-12.756760055954391,39.89164772267954,1.8016629999835054,1.2780543142463714,0.0
2022-12-09,65.70999908447266,65.80000305175781,65.0999984741211,65.27999877929688,1803759,64.58000030517579,63.315999603271486,62.15550003051758,59.39480018615723,57.573800048828126,60.50690006256104,63.71701861144867,62.32736612892181,60.184335120057625,59.61029758352768,79.10773391911177,1.0,1.5429328134399398,1.3167684412224834,0.22616437221745644,7.42142222735005,4.189998626708984,1.012143271309989,18.64762637286464,25.470719510962752,65.45874500450115,58.852255056534,0.106289707985994,1590218.2,1.134283961785873,93.67040494763006,-11450904,5.02690630313521,9.908609128566907,7.888519675938939,-11.7837854333826,41.451780327007576,1.7812911545344794,1.075275874107721,0.0
2022-12-12,65.0,66.25,65.0,66.11000061035156,1920959,64.78000030517578,63.78299980163574,62.40349998474121,59.636600189208984,57.688100051879886,60.518500061035155,64.19561501122925,62.68761703191512,60.41671415889269,59.674971245486134,78.99344531186418,0.9955609846290919,1.654124937218448,1.3842397404216764,0.2698851967967717,7.565899113483221,4.670001983642578,1.030714852469308,18.564326389203575,25.430300224731216,66.109149952543,58.69785001693941,0.11876417087848906,1617534.05,1.187584891953279,6.497542077406138,-9529945,5.939571701133206,10.85474423525893,9.23932441101014,-10.662161337362754,43.25026744209307,-0.42891970669839347,1.9230769230769231,0.0
2022-12-13,66.23999786376953,66.23999786376953,66.0,66.08999633789062,1087122,65.1739990234375,64.27099952697753,62.6189998626709,59.84980010986328,57.78990001678467,60.531850051879886,64.57449127656153,63.01165315629373,60.63919581297104,59.73880234093295,79.16664749557984,1.0,1.720795064458649,1.4515508052290709,0.26924425922957806,8.184639340013034,4.879997253417969,1.0050005231584822,18.463187080342102,25.43393452644727,66.6582531980293,58.57974652731249,0.12901047107800676,1597124.6,0.6806745071737045,-43.407329359970724,-10617067,5.54304042356463,10.426427852010413,9.182184719692248,-10.689194137985641,43.20692124101066,0.19663780398999675,0.3636331269235322,0.0
2022-12-14,66.51000213623047,67.02999877929688,66.51000213623047,66.68000030517578,1287396,65.74399871826172,64.8069995880127,62.874999809265134,60.0610001373291,57.900900001525876,60.543800048828125,64.99559308228439,63.36101955142536,60.876090106782996,59.80786898734333,78.93569150870783,0.9910500562868674,1.8004851380119362,1.521337671785644,0.2791474662262923,8.528648755843049,5.3600006103515625,1.012143543788365,18.37142126205082,24.922631606078504,67.2653833915866,58.48461622694367,0.13965434896667797,1589716.75,0.80982728526953,18.42240337331045,-9329671,6.051690667917824,11.020462784023536,10.13514224643788,-9.891891479492188,44.48536966523077,0.6355058580916377,0.7818322453235117,0.0
2022-12-15,66.48999786376953,66.48999786376953,65.5,65.56999969482422,1503093,65.94599914550781,65.11099967956542,63.12449970245361,60.23480010986328,58.00049999237061,60.551250038146975,65.11047440479236,63.57139861270144,61.06016499258853,59.86520362124862,72.95080333332422,0.7591252942378911,1.753854974437175,1.5678411323159502,0.18601384212122474,7.12302021820741,3.0400009155273438,1.0400006430489677,18.479946305065376,25.09129581052693,67.53285248537455,58.716146919532676,0.13967169019003206,1604616.9,0.9367301316594634,16.754518423235744,-10832764,3.874090097977524,8.85733757766271,8.288432779695643,-11.391892304291597,42.08016798884703,-0.2849466714706985,1.5114471202588262,0.0
2022-12-16,65.68000030517578,65.75,64.7699966430664,64.91000366210938,1464378,65.87200012207032,65.22600021362305,63.32899990081787,60.32860015869141,58.10570003509522,60.54090003967285,65.07038025625576,63.69888480788315,61.21113905805994,59.91540063658057,67.22941323763888,0.5374115382501046,1.6446851630502124,1.5832099384628027,0.06147522458740973,5.854540093202543,1.1500053405761719,1.0042863573346819,19.14334254224909,25.226275682299004,67.66611937202948,58.991880429606255,0.13697103942914476,1636672.75,0.8947286499393358,-2.575688929427522,-12297142,2.4964925449124094,7.59408222860602,7.216780093413583,-12.28377883498733,40.650057456034276,0.16776057780010242,1.5130514246189986,0.0
2022-12-19,65.61000061035156,66.19999694824219,65.61000061035156,66.12000274658203,1140849,65.8740005493164,65.32700042724609,63.63850002288818,60.45440017700195,58.21520008087158,60.548100051879885,65.28030475432101,63.929467468711614,61.403643516433355,59.977137971008446,72.21720500488144,0.7079995072524538,1.6369345521716525,1.5939548612045729,0.04297969096707965,5.741250659473507,1.0100021362304688,1.0657144274030412,18.625434242273617,25.42080857223844,67.83551819581905,59.44148184995732,0.13190185725374945,1617080.35,0.7054992660074064,-22.0932709997009,-11156293,3.8993733711532403,9.37169594436798,9.202440192058761,-10.648644937051309,43.27194054263426,1.0784115063157889,0.8992475726292538,0.0
2022-12-20,65.9000015258789,67.19000244140625,65.48999786376953,67.01000213623047,1733723,66.05800170898438,65.61600036621094,63.948500061035155,60.584800186157224,58.33680011749268,60.55890007019043,65.6262442307029,64.22285172276102,61.623500717209716,60.0471167189211,74.0490344915651,0.7738866966907977,1.6832047137382133,1.611804831711301,0.07139988202691239,5.097245765766689,2.8899993896484375,1.1614292689732142,18.547181334684236,25.423632656136576,68.18159495347888,59.71540516859143,0.13239074844299645,1643623.25,1.0548177631339786,51.96778890107279,-9422570,4.7874493886069045,10.605303525522418,10.652607723328735,-9.445943059148016,45.200433197503116,-0.33273020502785383,2.595823229637327,1.0
2022-12-21,67.44999694824219,67.8499984741211,67.33000183105469,67.38999938964844,1662672,66.2000015258789,65.97200012207031,64.2795000076294,60.76760017395019,58.46780010223389,60.56040008544922,65.978995262492,64.52448483389315,61.84963792005045,60.12018022808257,72.09091186523438,0.551530277265179,1.730587615936365,1.6355613885563138,0.09502622738005106,3.501764334086621,3.55999755859375,1.1028575897216797,18.433350360353533,25.280485699775934,68.50138602563749,60.0576139896213,0.1313602631478774,1639506.05,1.014129835019517,-4.098174852614866,-7759898,4.8390223658395835,10.897911381626567,11.27733518035354,-8.93243325723184,46.02382916901762,0.6566106521190896,0.7723104543665222,1.0
2022-12-22,67.51000213623047,67.5999984741211,66.75,66.91999816894531,3035686,66.47000122070312,66.20800018310547,64.55249996185303,60.961600112915036,58.590500068664554,60.55760005950928,66.16719584378266,64.75262896104098,62.04847557686986,60.18784010809116,65.42968422581961,0.1293326332901722,1.7104962012955127,1.6505483511041537,0.059947850191359064,4.366804900850596,2.3600006103515625,1.062143053327288,18.768116002419756,24.792022863439342,68.71239856745204,60.39260135625402,0.12888419838293735,1731703.0,1.7530061448181358,82.57876478343293,-10795584,3.667554639233714,9.774018472274252,10.506357753913264,-9.567570041965794,45.00540835609615,0.1780720398707475,1.2734059537394662,1.0
2022-12-23,66.69000244140625,66.87000274658203,66.44000244140625,66.76000213623047,1178458,66.84000091552734,66.35600051879882,64.83600006103515,61.15380012512207,58.69760009765625,60.553800086975095,66.28575710227223,64.94380735867809,62.23324132429577,60.25323475513732,59.11603514075607,0.0,1.6624990139808773,1.6529384836794985,0.009560530301378822,4.59031837870052,1.4800033569335938,0.9857142312186105,18.546262498170105,24.774438598460375,68.7689728950736,60.9030272269967,0.12132064995792584,1724220.35,0.6834729679417134,-61.1798453463237,-11974042,2.96749039636021,9.167381257808973,10.249071140607583,-9.783780896985853,44.65872140609654,-0.3436875879141814,0.6472009171808815,1.0
2022-12-26,66.8499984741211,67.0,66.66999816894531,66.72000122070312,483561,66.96000061035156,66.41700057983398,65.10000019073486,61.35060012817383,58.79080009460449,60.535550079345704,66.37260592595841,65.11296867887094,62.40919269278233,60.31758069011808,66.04937632042709,0.3457919916347591,1.602757566111336,1.642902300165866,-0.04014473405453001,3.345730705997907,0.6100006103515625,0.9150000980922154,18.62388877414254,24.364586515669835,68.77343314689472,61.426567234574996,0.1128550828079005,1679764.0,0.2878743680659902,-58.9666326674349,-12457603,2.488480837514384,8.751994408060439,10.216230187470472,-9.83783618823902,44.572045535663655,0.13480577443208955,0.49497801127644453,1.0
2022-12-27,67.23999786376953,68.0,66.94999694824219,67.97000122070312,1206472,67.1520004272461,66.60500106811523,65.43800029754638,61.59360015869141,58.89100009918213,60.52260009765625,66.69208498490735,65.38506701618829,62.62726361544589,60.393724177984595,72.84768490760514,0.6848493963101091,1.6374016446624324,1.6418021690651794,-0.004400524402746964,4.120714601268283,1.8800048828125,0.9821428571428571,19.052058337712634,24.127176623304695,68.83821505414979,62.03778554094298,0.10392171952512724,1670930.45,0.7220360368679618,149.49737468488982,-11251131,3.869312802414108,10.352375970203697,12.305157265269697,-8.14864699904983,47.280604492696526,0.7793714531663587,1.5683392077964553,1.0
2022-12-28,67.79000091552734,67.79000091552734,66.80999755859375,66.95999908447266,1037369,67.06600036621094,66.63300094604492,65.72000026702881,61.822400131225585,58.985700073242185,60.50415008544922,66.74566780482041,65.53506054650109,62.797174810309684,60.459060246705874,62.84796844993477,0.1861256525804247,1.565314622464271,1.626504659744998,-0.061190037280726806,1.285733574759651,0.279998779296875,0.9828572954450335,20.339896473741447,24.34263282276349,68.57380690470768,62.866193629349944,0.08684743232146942,1689959.95,0.6138423576251023,-14.016321970174195,-12288500,1.886790645778413,8.310254765816097,10.670092861243281,-9.513514750712627,45.09208422652903,-0.2648231601339954,1.4668513586968934,1.0
2022-12-29,66.88999938964844,67.12999725341797,66.69000244140625,66.95999908447266,791712,67.07400054931641,66.77200088500976,65.94150028228759,62.04440010070801,59.08640007019043,60.49645008087158,66.78853406075086,65.67076897868886,62.96042282106117,60.52374620529062,59.74477824755873,0.03135780073327269,1.4909978429931812,1.5994032963946347,-0.10840545340145358,1.316390974110626,1.3899993896484375,0.9257136753627232,19.57909633351655,24.25053969098689,68.41516157830938,63.467838986265804,0.07502593315081832,1588824.4,0.4983005044484463,-23.6807731867831,-12288500,1.544549028798244,7.922711760909672,10.684178980684997,-9.513514750712627,45.09208422652903,-0.10453956956587081,0.6597612774093052,1.0
2022-12-30,67.68000030517578,67.75,67.19999694824219,67.2300033569336,1278013,67.16800079345703,67.00400085449219,66.11500053405761,62.27480018615723,59.18040008544922,60.485250091552736,66.87682791998742,65.81926749090265,63.1278573518797,60.59047513217265,56.94790338504469,0.0,1.4373198199230472,1.5669866011003173,-0.12966678117727004,0.824839605939709,2.3199996948242188,0.8928565979003906,18.64425781467616,21.44832731129192,68.42582146845955,63.80417959965569,0.0699030754211841,1506155.75,0.8485264555143118,61.42397740592538,-11010487,1.6864596746113787,7.956995696435544,11.15107113746202,-9.1486441122519,45.67714221901801,1.0752706549395488,0.8184569594272868,1.0
2023-01-02,67.77999877929688,67.77999877929688,67.33000183105469,67.66999816894531,589562,67.35800018310547,67.15900039672852,66.24300041198731,62.51200012207031,59.28340007781983,60.48115009307861,67.035461969779,65.99552755547813,63.30598052117639,60.660918147463924,59.316053225849984,0.10770295891002805,1.4139839769382831,1.5363860762679107,-0.12240209932962753,3.2026818421456493,1.5499954223632812,0.914999280657087,17.429539992593085,21.398206008923466,68.60251896365884,63.883481860315776,0.07123827534975465,1403888.25,0.4199493798740747,-53.868857359040945,-10420925,2.1541864771870642,8.251212626060148,11.886096849685046,-8.55405652845228,46.63054373031587,0.8180803137005331,0.6683453675990172,1.0
2023-01-03,67.9800033569336,68.9000015258789,67.9800033569336,68.66999816894531,1559415,67.49799957275391,67.325,66.47050018310547,62.7784001159668,59.393200073242184,60.489700088500975,67.36236920961227,66.250239042475,63.516334154422225,60.74061048598613,61.19234931502735,0.24819679491050253,1.45935921132984,1.5209807032802967,-0.06162149195045674,5.792627167930364,1.6599960327148438,0.935713631766183,16.729880763510174,21.47732759048429,68.84549638863271,64.09550397757823,0.07146015748293953,1364601.35,1.1427623166282226,164.50398770612762,-8861510,3.3089836540734776,9.38475342171084,13.52345617266402,-7.202705177100929,48.79739089594217,0.4581131910397286,1.3533364570678235,1.0
2023-01-04,68.29000091552734,68.80000305175781,68.08000183105469,68.7300033569336,1075915,67.8520004272461,67.45900039672851,66.71550025939942,63.01440017700195,59.49690010070801,60.4976501083374,67.63589603907654,66.48640707242343,63.720791770206986,60.820106932463226,70.15309399340602,0.7721822916921786,1.4830654730849204,1.5133976572412215,-0.030332184156301123,3.947369180178195,1.3400039672851562,0.9028565543038505,16.4971188042245,19.810603315931115,68.95041485496311,64.48058566383573,0.06699836130656373,1338573.45,0.8037773347439395,-31.00521669985219,-7785595,3.0195428194370084,9.070312760062796,13.607723992343399,-7.121617085224874,48.92741296745745,-0.5533672106457332,1.057581083046764,1.0
2023-01-05,67.88999938964844,67.88999938964844,66.4000015258789,66.91999816894531,2209592,67.84400024414063,67.45900039672851,66.833500289917,63.222400131225584,59.5813000869751,60.49450008392334,67.4927164650503,66.52770146256837,63.84625084466731,60.88080236765211,61.179050493152225,0.2474191374682966,1.3403498458103797,1.4787880949550534,-0.13843824914467362,-0.13431422834785378,0.0,0.9992850167410714,19.421635006756574,20.280904633051726,68.8252016410626,64.84179893877139,0.05960188655407266,1402485.3,1.575483179752401,105.36863971596269,-9995187,0.1294229370796016,5.84855688813605,10.621623579181495,-9.567570041965794,45.00540835609615,-1.2221794358466522,2.2439726348331717,1.0
2023-01-06,67.0,67.19000244140625,66.80000305175781,66.87999725341797,1217957,67.7739990234375,67.47099990844727,66.91350021362305,63.41260009765625,59.66890007019043,60.49215007781982,67.37017262272383,66.56125344264929,63.9652212920693,60.94049584910252,54.85929536461057,0.0,1.2100700095753183,1.4250444778791063,-0.21497446830378797,-0.7567920178803367,0.1199951171875,0.9349997384207589,19.120487990101037,20.276254104824634,68.7661482792162,65.06085214802991,0.055374418007682086,1373195.2,0.8869511049849286,-44.87864727967879,-11213144,-0.050069059454556634,5.467993979779852,10.559795225298709,-9.621625333218962,44.91873248566327,0.11954846569588358,0.5838313949570618,0.0
2023-01-09,67.51000213623047,68.5,67.51000213623047,67.94999694824219,877040,67.82999877929687,67.59399948120117,67.00550003051758,63.62740005493164,59.771700057983395,60.49455005645752,67.4861374878275,66.69351472889623,64.12148700407609,61.01024212869595,55.8749619722729,0.05646234229221899,1.1795650422024835,1.3759485907437818,-0.19638354854129836,1.539149443334642,1.2299957275390625,0.9292853219168526,19.409417183260306,20.396413715073198,68.87283038514518,65.13816967588998,0.055736629195427954,1320999.25,0.6639216487064622,-27.990889661950302,-10336104,1.4095811795963562,6.793609183431518,12.32416289537942,-8.17567979967272,47.23725829161413,0.9419929854741478,1.4664462041813964,1.0
2023-01-10,68.0,68.01000213623047,66.69999694824219,67.08000183105469,794149,67.51199951171876,67.50499954223633,67.05500030517578,63.8268000793457,59.86890007019043,60.49325008392334,67.40491035647295,66.7303230243399,64.23750719336937,61.07063774762489,48.174338291987254,0.0,1.072821482437277,1.315323169082481,-0.24250168664520388,0.47932846702316567,-0.8899993896484375,0.9628573826381138,20.05663751989762,20.161007345130862,68.87195441150953,65.23804619884203,0.05419294901393082,1306350.6,0.6079141388230693,-9.451222293167927,-11130253,0.037285102923154345,5.096921273923803,10.888407777716406,-9.351348876953125,45.35211183782768,0.07358801177857306,1.9640258589589115,1.0
2023-01-11,67.08000183105469,67.69000244140625,67.0199966430664,67.54000091552734,674649,67.2739990234375,67.5629997253418,67.09800033569336,64.00920013427735,59.97520008087158,60.49335010528564,67.43192846828383,66.80743520445299,64.36701675110105,61.135009520439844,53.65567512467488,0.22215619624206204,1.013659686141139,1.2549904724942127,-0.2413307863530736,1.2290163066870141,0.5800018310546875,0.9500007629394531,19.959046795379408,20.09767695589275,68.9182895611816,65.27771111020512,0.054257629627746745,1275713.25,0.5288406309176454,-15.047554048421642,-10455604,0.6587388262282702,5.5160832721595385,11.648637078252994,-8.729728492530617,46.34885955020794,0.0,0.9997102833474398,1.0
2023-01-12,67.5,67.5,66.88999938964844,67.1500015258789,1108209,67.31999969482422,67.58199996948242,67.1770004272461,64.18480018615723,60.09000011444092,60.486100120544435,67.37554307980284,66.84006056839831,64.47615340893547,61.194860187160636,52.23880074069014,0.16473089411106212,0.9246451116791405,1.1889214003311983,-0.26427628865205777,-1.2064141240216042,0.19000244140625,0.962144034249442,19.046410711480192,20.17363450338233,68.84918771101631,65.50481314347589,0.04978451771097528,1255969.05,0.8823537490832277,64.26452866601744,-11563813,-0.040190692045610876,4.6197874436340145,11.017244279353102,-9.256754694758234,45.50379047815224,-0.05922551818939582,0.9119459050943918,0.0
2023-01-13,67.20999908447266,67.5,66.81999969482422,67.18000030517578,2143703,67.38000030517578,67.57699966430664,67.29050025939941,64.38880020141602,60.21270011901856,60.48525012969971,67.33643452487743,66.87243578142474,64.58218662055275,61.254413820175714,52.643671508260354,0.18114013011287547,0.8467601469969281,1.1204891496643443,-0.2737290026674162,0.328556188338025,-0.0500030517578125,0.9871439252580915,18.578006640835312,20.145631279552532,68.57891743686655,66.00208308193227,0.03829417740989873,1289935.3,1.6618686224029995,93.43851204962242,-9420110,-0.16421330469777873,4.334915536597279,11.068401240170768,-9.216215803816512,45.568793248043924,0.08934855879433981,1.017659844779157,0.0
2023-01-16,68.01000213623047,68.3499984741211,68.01000213623047,68.26000213623047,1292119,67.44200134277344,67.63600006103516,67.39750022888184,64.58760025024414,60.34410015106201,60.49460014343262,67.52114804714805,67.0045849580729,64.7264146799911,61.32412116660412,51.69988685607466,0.1604071045687008,0.8622434672075769,1.068840013172991,-0.206596545965414,1.9414621707473545,0.5900039672851562,0.9792867388044085,18.295919182409996,20.313968821238433,68.63089340924125,66.16410704852242,0.03660056162827441,1297498.8,0.9958537148550735,-39.72490592213567,-8127991,1.2797238835558804,5.685924034578836,12.836520903330362,-7.756753869958826,47.90899215453599,1.2354894719920704,0.49992108103390465,1.0
2023-01-17,68.44999694824219,68.51000213623047,67.9800033569336,68.05000305175781,1284553,67.63600158691406,67.57400054931641,67.4495002746582,64.74920028686523,60.471600189208985,60.501600151062014,67.62691904807,67.1041485860429,64.85675147888391,61.39104536446635,57.05047538114879,0.40385075523581937,0.8477960735433641,1.0246312252470655,-0.17683515170370145,1.21969307434171,-0.6199951171875,0.934286390032087,17.816969248503046,20.21455895708889,68.70165665208616,66.19734389723025,0.037128707324119506,1275040.3,1.0074607053596658,-0.5855497829534317,-9412544,0.8902998163875566,5.0978278500254595,12.476369024701404,-8.040536416543496,47.453956233562295,0.2783398858273327,0.7796392367238946,1.0
2023-01-18,68.01000213623047,68.37999725341797,67.8499984741211,68.19999694824219,795382,67.76800079345703,67.52099990844727,67.4900001525879,64.89860023498535,60.59530014038086,60.511100120544434,67.74153462810443,67.20851509672855,64.98785914434895,61.45879612649397,57.868009492209396,0.44104731550368886,0.8387807218331886,0.9874611245642902,-0.1486804027311016,0.7832108669098448,-0.5300064086914062,0.9407152448381696,17.733374472450212,19.54867032475433,68.7856937623081,66.1943065428677,0.03839661006936655,1231675.8,0.6457722072642818,-38.081028964939556,-8617162,1.052002954584475,5.087007579983409,12.706589059495974,-7.837841961834882,47.7789700830207,-0.058781651335003834,0.7811330747472658,1.0
2023-01-19,68.06999969482422,68.06999969482422,66.52999877929688,66.73999786376953,1986369,67.68600006103516,67.50299987792968,67.4810001373291,65.02220016479492,60.70710010528565,60.51120010375976,67.54122727523745,67.1638944078753,65.05657046667916,61.51134539751164,47.29875456544378,0.0,0.7056914939902725,0.9311071984494868,-0.22541570445921422,-2.8105436968667186,-0.18000030517578125,1.0035721915108817,19.260968055294363,20.08679034317085,68.7957252705125,66.1662750041457,0.038965786829117326,1179209.95,1.6844913834046262,149.7377360815306,-10603531,-1.0980902358464986,2.641863386075756,10.293627872739467,-9.810813697608742,44.61537520501414,-0.19061181706008765,2.314746646300208,0.0
2023-01-20,67.41000366210938,67.88999938964844,67.0999984741211,67.58999633789062,892881,67.76799926757812,67.57399978637696,67.5224998474121,65.14240005493164,60.839300079345705,60.51645008087158,67.5509810877681,67.20447554406724,65.15592050084432,61.571829486470634,49.578049224103104,0.09973137337194757,0.6611833847100144,0.8771224357015923,-0.21593905099157795,-1.658674470191135,0.7099990844726562,1.0464297703334264,19.761155498933384,20.033398386059265,68.79305570343682,66.25194399138739,0.037633555004507435,1164931.1,0.76646678932342,-55.04959048394331,-9710650,0.09996148044140483,3.7573013596291136,11.688633830249897,-8.662167110958615,46.45719198945011,1.003904434800054,1.1773486341166293,1.0
2023-01-23,67.87000274658203,67.9800033569336,67.33999633789062,67.5199966430664,1476635,67.61999816894532,67.53099975585937,67.56249961853027,65.2697999572754,60.97090003967285,60.52330005645752,67.54478419882776,67.23452517254334,65.24862936916676,61.63101522932234,43.27484127727733,0.0,0.6131934842940865,0.8243366454200912,-0.21114316112600473,0.8965906911807542,-0.43000030517578125,1.0042871747698103,19.765331987062478,20.015932868678508,68.77575842781393,66.34924080924661,0.03591515459415891,1214584.8,1.2157529058489782,65.37870108110711,-11187285,-0.06290912222585127,3.4475311511050357,11.560335573377865,-8.756761293153504,46.30551334912554,0.41427196902278274,0.9504114253758164,0.0
2023-01-24,67.69999694824219,67.69999694824219,67.0199966430664,67.30999755859375,808166,67.4719970703125,67.55399932861329,67.52949943542481,65.38039993286132,61.12130001068115,60.52995002746582,67.49782687078095,67.24171301883385,65.32946733737958,61.68752251618076,41.83903711661149,0.0,0.5518545358132201,0.769840223498717,-0.21798568768549687,0.6429430664395053,0.2299957275390625,1.0014299665178572,18.61638265362821,20.031028752594192,68.73194474655627,66.32705412429335,0.03561244555888633,1194669.5,0.67647663224013,-45.26975183440728,-11995451,-0.32504591129238175,2.9513395875735196,11.201145099329242,-9.040543839738175,45.850477428151855,0.26658814295759503,1.0146230069173408,0.0
2023-01-25,67.30000305175781,67.38999938964844,67.0999984741211,67.25,620850,67.28199768066406,67.52499923706054,67.54399948120117,65.4941999053955,61.266399993896485,60.53600002288818,67.44826149662477,67.24250225513538,65.40478234375685,61.74287055084564,52.374120147362966,0.6572525539310189,0.4927218844852348,0.7144165556960206,-0.2216946712107858,-1.0301647971748706,-0.29000091552734375,0.8557156154087612,17.817288135933296,19.606806963082697,68.72431961688805,66.36367934551429,0.03494966672843797,1173843.55,0.5289035323318853,-23.17791146868341,-12616301,-0.43527105806489136,2.6808482234162696,11.09092106279455,-9.121621621621621,45.720471888368486,-0.01484847303290603,0.4321921343100929,0.0
2023-01-27,67.86000061035156,67.86000061035156,67.31999969482422,67.47000122070312,755828,67.42799835205078,67.55699920654297,67.56949958801269,65.63199989318848,61.406900024414064,60.540950012207034,67.45260944144044,67.26416882328469,65.48577131932338,61.79985692567009,54.13748567478581,0.7672636941403155,0.4583277748742631,0.6631987995316692,-0.20487102465740603,0.5813944230810719,0.31999969482421875,0.8714299883161273,17.849722918357134,19.596248812264015,68.71831164062614,66.42068753539924,0.034003864454170335,1172049.35,0.6448772826843852,21.740839172102767,-11860473,-0.14725337306955036,2.800465215909718,11.4452303888508,-8.824322674725508,46.19718090988338,0.9070641046119888,0.8021404010328016,0.0
2023-01-30,67.45999908447266,67.68000030517578,67.36000061035156,67.44999694824219,514927,67.39999847412109,67.58399887084961,67.58049926757812,65.76459983825684,61.544799995422366,60.541450004577634,67.4520869428008,67.2818667399473,65.56279977535941,61.85607722440215,45.88814881367673,0.25261205785278534,0.42456193193575587,0.6154714260124865,-0.19090949407673063,-0.13326023995428038,0.26999664306640625,0.7785726274762835,17.79852285964384,18.812016743196825,68.71979791693973,66.44120061821651,0.033716786993557686,1133895.05,0.4541222752493716,-31.87246304714829,-12375400,-0.19310647413127438,2.5627725465226803,11.411267723422858,-8.851355475348395,46.153834708800986,-0.014824568029501682,0.47505892506634384,0.0
2023-01-31,67.56999969482422,67.56999969482422,66.91999816894531,66.9800033569336,787228,67.29199981689453,67.45599899291992,67.54599952697754,65.90559989929199,61.68200004577637,60.53935001373291,67.35767022562736,67.25311784632694,65.61837638640154,61.90706156402933,49.11972942442245,0.45422077830110297,0.3557765328119018,0.5635324473723696,-0.20775591456046782,-0.2531618243966749,-1.279998779296875,0.7314295087541852,17.804566274609478,18.42588702615179,68.71528066938052,66.37671838457456,0.03462177332755213,1143778.35,0.688269715893818,52.88147640345136,-13162628,-0.8379418085565367,1.630215731718346,10.638788394225692,-9.486481950089738,45.135430427611425,0.17791364271538138,0.9713113324329765,0.0
2023-02-01,67.75,69.0999984741211,67.5,68.70999908447266,2529810,67.5720001220703,67.52199859619141,67.54799957275391,66.06359985351563,61.82910003662109,60.53790000915527,67.62813599739643,67.39186844043606,65.73961649220826,61.974752484630756,58.41727519024138,1.0,0.43583576210188824,0.5379931103182733,-0.10215734821638511,2.277461703403705,0.6599960327148438,0.8350001743861607,19.375327629172606,18.28963992126351,68.72548390018945,66.37051524531837,0.034863632820607914,1192298.1,2.1217931992007704,221.35670987312443,-10632818,1.7202574747860484,4.005835644477372,13.499145285980351,-7.148649885847762,48.88406676637505,1.149591825134924,2.3703681098090277,1.0
2023-02-02,69.5199966430664,70.76000213623047,69.51000213623047,70.5999984741211,1564567,68.24199981689453,67.76199874877929,67.64149932861328,66.26019981384277,61.9896000289917,60.54279998779297,68.22250849274137,67.69740463412035,65.93021970718523,62.060575827809764,70.41422736186703,1.0,0.6443626222628325,0.5592670127071852,0.08509560955564732,3.4280636751527815,2.4000015258789062,0.9350002833775112,21.63760786731791,18.873786989079257,69.3783112678107,65.90468738941586,0.051353442973217124,1216730.7,1.2858778035271077,-38.15476261063083,-9068251,4.373792974539122,6.549631109581515,16.611716815799603,-4.594596656593117,52.979406586870205,1.1788641673505658,1.7983023472653106,1.0
2023-02-03,69.4800033569336,69.4800033569336,68.61000061035156,68.87999725341797,1291238,68.5239990234375,67.97599868774414,67.73949928283692,66.40859977722168,62.12310001373291,60.53919998168945,68.3540062448767,67.81003250262488,66.04589725801789,62.12843076736806,58.38264106877902,0.5789499145999328,0.6631871290307032,0.5800510359718888,0.08313609305881442,1.2196828279770644,2.1399993896484375,1.028571537562779,21.29918386706466,19.652325783973918,69.52539036211392,65.95360820355991,0.05272820431755086,1170813.0,1.1028558787782508,-17.4699453586839,-10359489,1.6836527914371795,3.7215021615980266,13.777514856904713,-6.918922630516258,49.252426816915865,-1.586395384410726,1.2680407212396514,1.0
2023-02-06,67.5,67.5,66.80999755859375,66.91999816894531,1781332,68.41799926757812,67.90899887084962,67.74149932861329,66.52519973754883,62.224899978637694,60.53349998474121,68.06720462969042,67.72526732798873,66.08017572511308,62.17610805494594,43.92011691963022,0.0728282046473603,0.5140247828193338,0.5668457853413779,-0.052821002522044025,-1.8768311386704095,-0.6699981689453125,1.0928573608398438,23.867588060210014,20.414859778828514,69.52342267340427,65.9595759838223,0.05260950414300372,1198981.75,1.485704015094475,37.95535757157084,-12140821,-1.2126999960288467,0.5934569651109891,10.550353417221798,-9.567570041965794,45.00540835609615,-2.00348041295761,1.0327832160165904,0.0
2023-02-07,66.69999694824219,66.94999694824219,66.62000274658203,66.80999755859375,1033795,68.38399810791016,67.83799896240234,67.68449935913085,66.63259971618652,62.33109996795654,60.530249977111815,67.8157632154711,67.63809877852255,66.10879618917114,62.22221640821607,44.322310284887074,0.08690311934801165,0.38252688700950443,0.5299820056750032,-0.14745511866549876,0.10488417300686947,-0.7099990844726562,1.0785713195800781,23.12382736686778,20.35017237800676,69.51072270925832,65.85827600900339,0.053962823613058174,1206819.5,0.8566276895592091,-41.96505760857605,-13174616,-1.292026695650118,0.2662328097100154,10.374560792094009,-9.71621951541385,44.76705384533871,-0.32875258027908627,0.4953380186960241,0.0
2023-02-08,66.79000091552734,67.08000183105469,66.61000061035156,66.83999633789062,635053,68.00999755859375,67.79099884033204,67.67249908447266,66.74519966125489,62.43729991912842,60.532799949646,67.62060983995501,67.56208902227189,66.1374707048072,62.26816446721781,43.703693761408786,0.06525439126715489,0.27753525431597836,0.47949265540319824,-0.20195740108721988,-1.1096316624292446,-0.470001220703125,1.0742857796805245,22.683199083649352,20.268639530216166,69.51849467386195,65.82650349508337,0.054556743562403774,1198864.7,0.5297119850138219,-38.570703089103745,-12539563,-1.230193590963531,0.14202770703638634,10.419469103512883,-9.675680624472129,44.832056615230385,-0.029930614873722724,0.7056015859427633,0.0
2023-02-09,66.83999633789062,67.0199966430664,66.63999938964844,66.73999786376953,441182,67.23799743652344,67.73999862670898,67.63249893188477,66.85359962463379,62.55489990234375,60.53994995117188,67.44448744471791,67.48379462622405,66.16109922084493,62.31266032190987,50.0,0.28559609974052597,0.18413697145736307,0.42042151861403126,-0.2362845471566682,-1.1552115196631463,-0.5100021362304688,0.9821428571428571,22.53384093200288,20.251787033858427,69.52467541018528,65.74032245358426,0.055954652221447417,1187191.35,0.37161827366750944,-30.528318108882246,-12980745,-1.3196334339414377,-0.16992616927450657,10.241250476087714,-9.810813697608742,44.61537520501414,0.0,0.5702239749374846,0.0
2023-02-10,66.19000244140625,66.47000122070312,65.58999633789062,66.04000091552734,1220929,66.66999816894531,67.59699859619141,67.57699890136719,66.9237996673584,62.6561999130249,60.54304996490478,67.1635901388798,67.34629046330056,66.15635026769523,62.34974828801552,41.657708205184214,0.0,0.05302303919887663,0.3469418227310004,-0.29391878353212375,-1.8867875339928064,-1.4300003051757812,0.9821428571428571,22.741371201989978,20.080571638919814,69.5900205780597,65.56397722467469,0.059577125632069954,1192827.35,1.0235588578682404,176.74043818650804,-14201674,-2.2744395442644474,-1.3206045625381875,9.079408708033375,-10.756755519557643,43.0985888017685,-0.8240866646204251,1.3416754565423428,0.0
2023-02-13,66.0,66.0,65.51000213623047,65.62000274658203,665085,66.40999908447266,67.41399917602538,67.4989990234375,66.96099975585938,62.75259994506836,60.54624996185303,66.85487266042026,67.18188210932736,66.13531703157315,62.382288133374395,40.14524365033889,0.0,-0.08380993019812877,0.26079147214517456,-0.34460140234330333,-2.4237877374244876,-1.8299942016601562,0.9742851257324219,22.819378469626837,20.13687827567965,69.68982985511018,65.30816819176484,0.06491446875862422,1118896.45,0.5944115740111607,-45.52631643609087,-14866759,-2.7837394687927675,-2.0026538047021947,8.379962075150326,-11.324320612726984,42.188516959821115,-0.06057073739067548,0.7479741227157383,0.0
2023-02-14,65.79000091552734,65.94999694824219,65.45999908447266,65.55999755859375,550186,66.15999908447266,67.27199859619141,67.36399879455567,66.96999969482422,62.84429992675781,60.552799949645994,66.59589764005496,67.0274169140194,66.11275548361317,62.413907132630314,40.77975868899694,0.020962548485444925,-0.1948468878250651,0.16966380015112664,-0.36451068797619174,-2.830893178527605,-1.4200057983398438,0.9607135227748326,21.90797475397505,19.86495529331141,69.68619663910354,65.0418009500078,0.06894477424447527,1081799.8,0.5085839357707406,-17.27583692310005,-15416945,-2.6779901256510894,-2.105423536890723,8.26914298448891,-11.40540870460304,42.05849488830583,0.2590645562784089,0.74854547910582,0.0
2023-02-15,65.47000122070312,65.47000122070312,64.72000122070312,64.80000305175781,852011,65.75200042724609,66.88099899291993,67.20149879455566,66.98359970092774,62.92089996337891,60.553949966430665,66.23671872239552,66.81528226047068,66.06127499608944,62.43764938058183,37.9784100591335,0.0,-0.34024752026812166,0.06768153606727698,-0.40792905633539867,-3.9288273037548893,-3.9099960327148438,0.9999989100864956,22.17323272798405,19.854761116166568,69.76398980165645,64.63900778745487,0.07626291237743613,1060172.7,0.8036530274737315,54.85872050542908,-16268956,-3.5735746759749443,-3.2598974359684716,7.012016701934449,-12.432428308435387,40.41170294527683,-0.13727324777611752,1.1588380498362603,0.0
2023-02-16,66.30000305175781,66.30000305175781,64.81999969482422,64.9800033569336,1075574,65.4000015258789,66.31899948120117,67.04049911499024,67.0065997314453,63.00529998779297,60.56469997406006,65.98537564930314,66.64049379346714,66.01887218671078,62.462946435072894,37.73398407521466,0.0,-0.43592893136739974,-0.03304055741965836,-0.40288837394774135,-2.9859658103360887,-5.6199951171875,1.063570295061384,22.190066806256787,19.854540865582155,69.73981038180786,64.34118784817262,0.0805277795497215,1074182.3,1.0012955901433118,26.239449960153106,-15193382,-3.07350897630164,-3.0244727872091337,7.290225799458449,-12.189184652792441,40.80173609635884,2.3148147057985518,2.2832511013599555,0.0
2023-02-17,65.04000091552734,65.04000091552734,63.970001220703125,64.11000061035156,1315070,65.01400146484374,65.84199981689453,66.90899925231933,66.99759979248047,63.09380001068115,60.57209997177124,65.61030064151282,66.39949444269423,65.94401447783395,62.47933503383189,34.81817740447637,0.0,-0.5753270773250279,-0.14149786140073228,-0.4338292159242956,-6.694802118197984,-4.769996643066406,1.1171417236328125,21.428477663658615,19.961061917582228,69.90940317085062,63.908595333788035,0.08968610955356018,1040617.35,1.2637402211293134,22.26680823448688,-16508452,-4.18329174437734,-4.3100039271153125,5.840808953675229,-13.364864040065456,38.91657311084047,0.0923323414807858,1.672658549954703,0.0
2023-02-20,64.5,65.44000244140625,64.5,65.33000183105469,720404,64.95600128173828,65.68300018310546,66.79599952697754,66.99859985351563,63.19670001983643,60.58199998855591,65.5542408794212,66.29763800349046,65.91993555050927,62.50769987758535,42.978712352160095,0.22925394692534934,-0.5806636803146716,-0.22933102518352017,-0.3513326551311515,-7.4645846415962165,-1.589996337890625,1.165713174002511,22.093395158609507,20.25161462264339,69.85801157688206,63.733987477073015,0.09168249810133734,1031993.5,0.6980702882334046,-45.2193419361707,-15788048,-2.194738766250163,-2.4904968553210507,7.837314455441699,-11.71621374181799,41.56012929798166,0.6083284759561616,1.4573681262112403,0.0
2023-02-21,67.30000305175781,67.30000305175781,64.95999908447266,65.12000274658203,540926,64.86800231933594,65.5140007019043,66.67599983215332,66.97879989624023,63.30770004272461,60.595149993896484,65.46739325285337,66.18548226473729,65.88856563662978,62.53369294095845,32.45357850821782,0.0,-0.5949795933235578,-0.3024607388115277,-0.2925188545120301,-5.4587611160936245,-1.6899948120117188,1.1814280918666296,22.098282232993895,20.247795883852103,69.8059032901901,63.546096374116544,0.0938839602230438,985208.05,0.5490474829149031,-24.91352074669213,-16328974,-2.3336689205835346,-2.7752022319565963,7.467351352610428,-11.999996288402661,41.10509337700797,3.0154617564493664,3.602222906811102,0.0
2023-02-22,65.43000030517578,65.4800033569336,65.13999938964844,65.22000122070312,2801263,64.952001953125,65.35200119018555,66.57150001525879,66.96139999389648,63.40560005187988,60.611350002288816,65.41791484642332,66.09353168911498,65.8623474242405,62.56042237657781,18.127958765085907,0.0,-0.5914382840038002,-0.3602562478499822,-0.23118203615381794,-2.540342191806999,-1.6199951171875,1.060713631766183,22.123468412319447,20.224129810862575,69.75143642553954,63.391563604978046,0.09553446773925406,1084862.9,2.5821354938029497,417.864365920662,-13527711,-2.0301462251051743,-2.60060090343404,7.603610904954726,-11.864863215266046,41.321774787224214,0.4760404568779305,0.5219588125129567,0.0
2023-02-23,64.88999938964844,65.12999725341797,64.41999816894531,64.52999877929688,1033456,64.86200103759765,65.13100128173828,66.43549995422363,66.9183999633789,63.489700050354,60.62579999923706,65.24033163299802,65.94462379294183,65.81009845777213,62.58002015172925,20.64776786036039,0.07906017304326803,-0.6369666462842218,-0.4155983275368302,-0.22136831874739166,-3.4126610726145756,-2.2099990844726562,0.9757140023367745,22.352628305410953,20.36473815729269,69.72405822764111,63.146941680806144,0.09900003087757038,1105493.2,0.9348370482966336,-63.1074982963042,-14561167,-2.8681972382833147,-3.5691247629786136,6.4398305343747175,-12.797298946896115,39.82664495278785,-0.5059825588441316,1.10214080200785,0.0
2023-02-24,64.70999908447266,64.70999908447266,63.689998626708984,63.900001525878906,977374,64.82000122070312,64.91700134277343,66.25699996948242,66.885,63.55990005493164,60.6385000038147,64.9722656115742,65.74989786274536,65.7351926957371,62.59315429475562,25.164477605572472,0.22077402537928573,-0.7156343275881483,-0.47560552754709384,-0.24002880004105442,-4.398556213482429,-2.1399993896484375,0.9007140568324498,22.420893154335484,20.10084845134049,69.69336090351946,62.82063903544538,0.10372823809166752,1116570.5,0.875335681893799,-5.4266461271694215,-15538541,-3.557357629668013,-4.462881773373849,5.378598616158102,-13.648646586650127,38.461537189866775,0.27894050609145626,1.6015080542581852,0.0
2023-02-27,63.959999084472656,63.959999084472656,62.290000915527344,62.90999984741211,1077495,64.33600082397462,64.64600105285645,66.03000011444092,66.84499992370606,63.58680004119873,60.65309999465942,64.55981245874179,65.47943138509457,65.6244008193322,62.59630698682186,21.982756021991534,0.12094604259870578,-0.8480876667485404,-0.5501019553873832,-0.29798571136115726,-5.738684655302595,-2.710002899169922,0.9964286259242466,22.85651848920809,19.9613733541097,69.7246428240285,62.33535740485333,0.11190800251958684,1144698.9,0.9412911989344972,10.243877983248995,-16616036,-4.7251253394235,-5.8867530567509645,3.7209967057766407,-14.986486692686338,36.31635485891572,0.09389289070588136,2.6810052085406593,0.0
2023-02-28,62.90999984741211,62.90999984741211,62.220001220703125,62.47999954223633,941958,63.80800018310547,64.3380012512207,65.80499992370605,66.77219985961914,63.61330001831055,60.669799995422366,64.14384987544071,65.19377120958426,65.50109096532844,62.59514969881604,20.380443655704752,0.07067275277465976,-0.9764988523526199,-0.6353813347804305,-0.34111751757218944,-5.39067432455772,-3.079998016357422,1.0121427263532365,22.853844003934093,19.509829710511266,69.79252847512886,61.81747137228323,0.1211922667288484,1152435.4,0.8173629515372403,-12.578898277950245,-17557994,-5.052808122976534,-6.428124768102091,2.9836913043236413,-15.567568186167124,35.38460991642714,0.0,1.1089659485242727,0.0
2023-03-01,63.41999816894531,64.08999633789062,63.41999816894531,63.7599983215332,564090,63.51599960327148,64.23400077819824,65.55749988555908,66.7071997833252,63.64599998474121,60.68869998931885,64.06707956465921,65.05722141072225,65.43281282243451,62.606740232375415,32.55268996551138,0.5804544779651397,-0.9638695498209984,-0.701078977788544,-0.2627905720324544,-2.834508301122729,-1.0400047302246094,1.0999998365129744,22.03631888823687,19.73220203315343,69.39758513149162,61.71741463962654,0.11715166846313585,1054149.4,0.5351139032095451,-40.11516437038593,-16993904,-2.741870216472105,-4.418115992523949,5.060741674735,-13.83784010603621,38.15817164335169,1.5044792471125863,1.0564462130076007,0.0
2023-03-02,63.59000015258789,63.619998931884766,63.150001525878906,63.209999084472656,545485,63.25199966430664,64.05700035095215,65.18799991607666,66.62359977722168,63.695599975585935,60.69784997940064,63.895663468621905,64.88129547488896,65.34564365623993,62.612742808018176,33.1346720087588,0.6038735683041196,-0.9868651117646436,-0.758236204583764,-0.2286289071808797,-3.5845005516066397,-1.7700042724609375,1.0614280700683594,18.812077018406086,19.78996398127971,68.34688290495062,62.02911692720271,0.0969160886341264,1003195.3,0.543747563410634,-3.29823255154319,-17539389,-3.0343020711641624,-5.123710973534221,4.138777742415227,-14.581082318280195,36.96640735543042,-0.26662197838844715,0.7442555734749337,0.0
2023-03-03,63.779998779296875,63.779998779296875,63.31999969482422,63.540000915527344,741512,63.17999954223633,64.00000038146973,64.92100009918212,66.55599983215332,63.75879997253418,60.70964998245239,63.824530958002995,64.75355313590214,65.2748341369963,62.62196925684911,37.46987309472028,0.7783230501184812,-0.9673103192230883,-0.8000510275116288,-0.16725929171145948,-1.9444476495225849,-0.5699996948242188,1.0642852783203125,17.73965467643435,19.676503521478566,67.63770675770039,62.204293440663854,0.08369269279178868,975709.0,0.7599724917982719,35.93627689120691,-16797877,-2.127199490989014,-4.531520710727781,4.662110445197826,-14.135133897936022,37.68147088770276,0.9017555815219708,0.7264672878863841,0.0
2023-03-06,63.900001525878906,63.9900016784668,63.58000183105469,63.720001220703125,466229,63.34199981689453,63.83900032043457,64.76100025177001,66.49519981384277,63.824499969482424,60.72534997940063,63.80362501054303,64.65511962016889,65.21386029714168,62.63289494803174,39.07365357467113,0.8428595429186447,-0.9266071346910394,-0.825362248947511,-0.10124488574352841,-1.9390613590912098,-1.6100006103515625,1.0614283425467355,15.247586946990491,19.54525406566563,67.35620869385305,62.16579180968698,0.08014726245714847,909953.85,0.5123655446921841,-37.12455091758461,-16331648,-1.6074474251784536,-4.173532226249384,4.931468064520573,-13.891890242293076,38.07150403878477,0.5665731903752439,0.6448566146656686,0.0
2023-03-08,62.5,62.5,60.95000076293945,61.29999923706055,3576546,63.10599975585937,63.456999969482425,64.48550033569336,66.38679977416992,63.86869995117188,60.722349967956546,63.30289985584654,64.33558434558714,65.06037554968752,62.61963230414148,32.63887969064639,0.583922772189418,-1.0772061411210103,-0.8757310273822109,-0.20147511373879945,-4.38309366173566,-3.8200035095214844,1.1992857796805245,19.94377932228116,20.870654482958294,67.32336059560059,61.64764007578613,0.08801545293543911,1037091.4,3.448631432099427,667.1221652878735,-19908194,-4.939871881353158,-7.662367450175787,0.9512959715966668,-17.162163193161422,32.82772959971883,-1.9146283699485196,2.543066805018026,0.0
2023-03-09,61.4900016784668,61.4900016784668,60.880001068115234,60.939998626708984,2918665,62.54199981689453,63.028999710083006,64.19050045013428,66.24619972229004,63.91989994049072,60.71694995880127,62.83031961001903,64.0121952295035,64.89879214094326,62.602919531231706,30.31187920578496,0.49028374121565355,-1.2116389596212898,-0.9429126138300268,-0.268726345791263,-6.719735315021702,-4.280002593994141,1.135714394705636,19.870227331832517,20.891121660904798,67.21810411795174,61.16289678231682,0.09433182936996795,1151272.0,2.5351654517785547,-18.39431115942588,-22826859,-5.063836238432842,-8.009819609011725,0.3673581562628864,-17.648650504447318,32.047663297554806,0.3099550469347787,1.0019720756395303,0.0
2023-03-10,60.97999954223633,61.31999969482422,60.790000915527344,61.2599983215332,3710092,62.15199966430664,62.70199966430664,63.91650047302246,66.13219970703125,63.97729991912842,60.71644994735718,62.51625535232186,63.75008123826824,64.75609434410364,62.58955713113521,35.32440042287733,0.6919887397996631,-1.277628924846411,-1.0098558760333036,-0.2677730488131074,-5.927524972734166,-3.270000457763672,1.0971429007393974,20.15242457727013,20.827999889890922,66.96442331252857,60.868577633516345,0.09537201871033481,1314717.5,2.82196897812648,27.116061624064436,-19116767,-4.156207132476689,-7.367366286139167,0.8952242343669595,-17.21621848441459,32.741053729285944,0.06563983660776129,0.871851902146459,0.0
2023-03-13,61.97999954223633,63.369998931884766,61.97999954223633,63.099998474121094,2043903,62.06399917602539,62.62199935913086,63.76950035095215,66.05499969482422,64.04969989776612,60.72474994659424,62.63300397668171,63.68816859406375,64.69114940802591,62.59463614947338,39.20618121175148,1.0,-1.1679899518124017,-1.0414826911891233,-0.12650726062327844,-3.250540795618795,-0.8000030517578125,1.1528570992606026,23.290745927704105,21.52307581702718,66.6660300508421,60.87297065106221,0.09084373200194579,1355866.2,1.507451841487014,-44.90964105472317,-17072864,-1.0498778775848754,-4.47354664197306,3.9114998902685034,-14.729731791728252,36.72805284467297,1.1753203402391228,2.2426579540408373,0.0
2023-03-14,64.66000366210938,65.8499984741211,64.66000366210938,64.91000366210938,3281435,62.30199966430664,62.82199974060059,63.73400039672852,66.00859970092773,64.14169994354248,60.74369997024536,63.088403913767245,63.80453383863952,64.69973192779389,62.61767463218618,49.11987030677437,1.0,-0.9243921664697297,-1.0180645862452447,0.09367241977551499,0.5888809700929531,2.0000038146972656,1.1821425301688058,25.614626402714595,22.22796991366443,66.55135765739777,60.916643136059264,0.08840986735908296,1486683.7,2.207217984565244,60.547491735175306,-13791429,1.845174095554217,-1.664322594019392,6.858824361875938,-8.267380296086484,40.650057456034276,2.472274525692863,1.8403877893824698,0.0
2023-03-15,65.30999755859375,65.6500015258789,65.0999984741211,65.4000015258789,1141797,63.12200012207031,63.113999938964845,63.72600059509277,65.9631997680664,64.23759994506835,60.759649982452395,63.55072343618958,63.95648314218613,64.72719348065996,62.64535947689954,50.7305202847645,1.0,-0.6839166684051676,-0.9512350026772294,0.26731833427206175,2.347417784321193,2.920001983642578,1.2092851911272322,25.772946113931503,21.950921313630484,66.52235718625069,60.929644003934854,0.08776187317718635,1516264.25,0.7530329888078545,-65.20433895536557,-12649632,2.6268727287979883,-0.8538067349185019,7.637225600816762,-7.574901707934149,41.71180793830622,0.616228430006803,0.8448587782631864,0.0
2023-03-16,65.5199966430664,66.37999725341797,65.51000213623047,66.23999786376953,2627036,64.18199996948242,63.361999893188475,63.79800033569336,65.91459976196289,64.34649993896484,60.7818999671936,64.08857832170557,64.17396073471788,64.78651914274269,62.681127023037554,56.856451151077906,1.0,-0.42070776213078886,-0.8451295545679414,0.4244217924371525,5.293272968422058,2.479999542236328,1.2221418108258928,25.78082259377965,21.935225876000136,66.77885751073174,60.81714316065498,0.09344672746335803,1605015.5,1.636766747735458,130.07907710389853,-10022596,3.8277023029355615,0.49366620290762586,8.979807968362095,-6.387795556815861,43.53195162220099,0.18347876817711953,1.3280340235347772,0.0
2023-03-17,66.11000061035156,66.29000091552734,65.75,65.88999938964844,1245181,65.10800018310547,63.62999992370605,63.8435001373291,65.85779968261718,64.43609992980957,60.804699954986575,64.44886253529415,64.3373929875684,64.82979287791547,62.7130561013123,58.1624178228629,1.0,-0.2376156738157249,-0.7236267784174981,0.4860111046017732,5.4577462746409955,2.6800003051757812,1.1878561292375838,25.870324688399094,21.92536306562214,66.92635917864447,60.76064109601373,0.09657550211639587,1613495.85,0.7717286660514187,-52.60129667046816,-11267777,3.2054935082150267,0.04889277684105859,8.363332831880571,-6.882423119781814,42.77355842057817,-0.19625189856636716,0.8212941681024241,0.0
2023-03-20,66.81999969482422,68.05999755859375,66.80999755859375,67.58999633789062,4585765,66.00599975585938,64.03499946594238,64.01749992370605,65.8711996459961,64.54679988861083,60.8405499458313,65.07708929581345,64.64716473521814,64.93803615085567,62.761582869835465,68.13952449938004,1.0,0.044152706619286164,-0.5700708814101413,0.6142235880294274,6.0068979253155685,4.049995422363281,1.2235704149518694,26.720633854990687,22.50854800381946,67.52699942742784,60.50800041998426,0.1096418794206051,1777030.6,2.580577396922709,268.28099689924596,-6682012,5.580499735919324,2.6093295721524026,11.09366433746674,-4.479940224191627,46.45719198945011,1.4114437908492192,1.8709774669632702,0.0
2023-03-21,67.5999984741211,67.97000122070312,67.1500015258789,67.36000061035156,1375348,66.49599914550781,64.39899940490723,64.1189998626709,65.88079971313476,64.64669990539551,60.8692999458313,65.53367155872107,64.90553005665942,65.03301514926727,62.80733827023861,69.21261301797685,1.0,0.24606100696702526,-0.406844503734708,0.6529055107017332,6.565419373496462,3.6399993896484375,1.232856205531529,26.090635282717077,22.514437890253074,67.89558679220889,60.34241293313292,0.11779930871119701,1809777.8,0.7599540672893655,-70.00831922263788,-8057360,5.054665161063311,2.245268581525565,10.66334042004172,-4.80497657325259,45.95882639912593,0.014798249404345064,1.221146204305296,0.0
2023-03-22,67.2699966430664,67.58000183105469,67.0199966430664,67.43000030517578,740204,66.9019989013672,65.01199951171876,64.23449974060058,65.87039978027343,64.74889991760254,60.8957999420166,65.912937308012,65.14595579461336,65.12701456714603,62.853334907402164,65.97042595482853,0.9166548610933353,0.4070311779722573,-0.24406936739331492,0.6511005453655723,6.1221267447256755,6.130001068115234,1.1578568049839564,26.031538730589908,22.514614628305498,68.27225066989487,60.19674881130629,0.12571907450357728,1819741.7,0.4067632235937661,-46.18060301829065,-7317156,4.974741887116191,2.367680369490353,10.73013306234728,-4.706051060659399,46.1105050394505,-0.13361633977082368,0.835579254010925,0.0
2023-03-23,68.0199966430664,68.56999969482422,68.0199966430664,68.26000213623047,3425770,67.30599975585938,65.7439998626709,64.38649978637696,65.89399978637695,64.86039993286133,60.926199951171874,66.3823502736557,65.44253163667213,65.24987682475718,62.90713259127111,71.4528653019316,1.0,0.5947198491519856,-0.07631152408425482,0.6710313732362404,7.124922832004366,7.320003509521484,1.1957141331263952,26.295888126626814,22.330508968858513,68.79254063443159,59.98045893832233,0.1368622572332118,1850967.05,1.85080009933186,362.8143052455809,-3891386,6.016016343030149,3.5906188082737516,12.037189568586468,-3.533069424145696,47.90899215453599,0.874976027317826,0.8085902365504996,0.0
2023-03-24,68.55999755859375,69.1500015258789,68.52999877929688,68.9800033569336,1696490,67.9240005493164,66.51600036621093,64.60900001525879,65.92279983520508,64.96599998474122,60.96309997558594,66.90188089031129,65.77943370526846,65.39615629660724,62.96755916605382,72.36843838916826,1.0,0.7924279384896096,0.09743636843051806,0.6949915700590915,12.528555000747698,7.720005035400391,1.2185712541852678,25.98739927571514,22.207319404136193,69.47136324487953,59.74663678563805,0.15051659144925278,1884118.75,0.9004156452452904,-50.47857853854754,-2194896,6.765316504887093,4.6375510891087135,13.150419490738175,-2.515543704860181,49.46912475886403,0.439489324604126,0.9047172882328082,0.0
2023-03-27,68.88999938964844,69.05000305175781,68.31999969482422,68.41999816894531,2230680,68.09000091552734,67.04800033569336,64.8349998474121,65.9481997680664,65.06649997711182,60.9966499710083,67.2055043460381,66.03091603514244,65.51473833081658,63.0218122904607,68.74001836165152,0.9137252286451826,0.8936241423363782,0.25667392321169014,0.6369502191246881,12.274367756480341,5.319999694824219,1.2385714394705636,25.88254056638803,22.277808245493045,69.97107958171777,59.698920113106446,0.1584354051482479,1946784.05,1.1458281672278956,31.48795454143556,-4425576,5.529418261695733,3.7480907887887644,12.170091638582326,-3.3069585876779244,48.255679104535595,-0.13047834575976347,1.0685060892775404,0.0
2023-03-28,68.58000183105469,68.72000122070312,68.13999938964844,68.30999755859375,1922457,68.28000030517578,67.3879997253418,65.1049997329712,65.97079971313477,65.17979995727539,61.03039995193481,67.42640298854923,66.24797141832828,65.62435633974903,63.0744310493476,84.26196791403171,1.0,0.9539501890562292,0.39612917638059797,0.5578210126756312,11.508324241305834,3.399993896484375,1.0821429661342077,24.978326859749618,22.26813943691333,70.38083804012042,59.829161425821965,0.16207167894288096,1989032.15,0.9665288718435245,-13.817445801280325,-6348033,4.922813668332519,3.5458079265836906,11.927822220388641,-3.4624145049061124,48.01732459377815,0.23385511018911131,0.851191423906586,0.0
2023-03-29,68.69999694824219,69.27999877929688,68.69999694824219,69.19999694824219,914488,68.63399963378906,67.76799926757812,65.44099960327148,65.989599609375,65.28859992980956,61.07354993820191,67.78112178048782,66.5291167068915,65.7645775400821,63.13538195381422,88.38289781608547,1.0,1.0613400608564945,0.5291713532757772,0.5321687075807172,9.667192744264263,3.7999954223632812,1.1078572954450334,24.812729109008412,22.383799000678337,70.86675086709135,60.015248339451595,0.16582116094536672,1987658.65,0.4600830228067581,-52.43128975056399,-5433545,5.744101355051416,4.865005027869706,13.30600074543421,-2.204642652476022,49.945817248647,0.5709257847856175,0.8442530666946819,0.0
2023-03-31,70.11000061035156,70.77999877929688,70.11000061035156,70.66999816894531,2649758,69.11599884033203,68.2109992980957,65.78649959564208,66.04199951171876,65.395599899292,61.12344993591309,68.35889705817932,66.92348636994424,65.9569469765081,63.21035325943742,89.50461783362988,1.0,1.2506474360169904,0.6734665698240199,0.5771808661929705,8.873816333179917,4.430000305175781,1.1828575134277344,24.874123842880746,22.593907596786394,71.6258118385992,59.94718735268497,0.17752311732189904,2091942.05,1.266649809921838,189.75317336039402,-2783787,7.423253408100053,7.0076598095812415,15.618470886446401,-0.1554119980908189,53.13108522719476,1.315034251793404,0.9556385153509598,0.0
2023-04-03,69.01000213623047,70.5199966430664,68.55000305175781,70.38999938964844,3089356,69.397998046875,68.6609992980957,66.14549961090088,66.08579956054687,65.49219989776611,61.17654993057251,68.76511752447315,67.25363046705893,66.13079216918028,63.28179252441464,85.21740091921318,0.8938406904347801,1.3623767026972189,0.8112485963986596,0.5511281062985592,7.629965974534381,4.5,1.1835714067731584,24.58263683108449,22.612087377966052,72.19685319130015,60.09414603050162,0.18297098414846633,2219135.6,1.392143859978633,16.590118795754183,-5873143,6.416913930223081,6.513047973578827,15.060426698681113,-0.551002255403418,52.52437066589651,-2.348940251486096,2.8738052569030157,1.0
2023-04-05,72.5999984741211,73.5,72.5999984741211,72.94999694824219,4591195,70.30399780273437,69.19699935913086,66.61599941253662,66.20999954223633,65.61609985351562,61.238999919891356,69.60209340922697,67.79614156050495,66.39821196443762,63.37799356345771,86.21621584468464,0.9151907537035259,1.638604546477552,0.9767197864144382,0.6618847600631138,10.129829862423257,5.3600006103515625,1.2092857360839844,26.837381509025732,23.03253669182159,73.24964316845094,59.982355656622296,0.1991606765465992,2411619.75,1.9037806436939322,48.61333559486185,-1281948,9.50822263654811,10.179727310987689,19.123429585183217,-0.7483034717793368,58.071494119745616,3.13964924511373,1.2396715493041226,1.0
2023-04-06,72.9000015258789,73.3499984741211,72.55000305175781,73.22000122070312,2019373,71.28599853515625,69.78299942016602,67.09099941253662,66.32259963989257,65.73249984741211,61.30154993057251,70.3256749715222,68.31269962338096,66.66573311174216,63.47592398790791,85.93750766971726,0.8907408737955577,1.8578876190775162,1.152953352947054,0.7049342661304623,11.124604490748036,5.8600006103515625,1.213571275983538,26.821698890079148,23.03312989130544,74.19531054825185,59.986688276821376,0.2117813476598093,2489276.95,0.8112287385298771,-56.016396602627424,737425,9.135356250217436,10.399775669622295,19.442332703869535,-0.3809507201318027,58.65655211223459,-0.0685338237899487,1.1026814455025693,1.0
2023-04-10,72.9800033569336,73.37999725341797,72.75,73.23999786376953,1369637,72.09399871826172,70.36399917602539,67.68799934387206,66.43699966430664,65.85339981079102,61.36114992141724,70.90853954997168,68.78196612246559,66.92354741574324,63.57307895184683,84.79126092838985,0.8496162712374736,2.010113261512089,1.324385334660061,0.685727926852028,8.35922744785169,5.80999755859375,1.1885713849748885,20.94348178029603,22.838700735266965,74.74990150223061,60.626097185513515,0.20866038963516442,2378931.5,0.5757362076209425,-32.175135549499764,2107062,8.202338041772984,10.239773370015397,19.358906991744874,-0.3537444030346514,58.69988178158507,-0.32777637225943024,0.8659756060728092,1.0
2023-04-11,73.19999694824219,73.76000213623047,73.12000274658203,73.56999969482422,1875856,72.6739990234375,70.89499893188477,68.31949939727784,66.56219970703125,65.9712998199463,61.42474992752075,71.4408315789422,69.23796931983307,67.18419260315818,63.672550800035665,88.24700998432327,0.9465625224871472,2.1327960247399886,1.4860674726760466,0.6467285520639421,9.219119697451926,5.30999755859375,1.1957141331263952,20.284958276093914,22.65627383912631,75.09361830364072,61.54538049091496,0.19830704165355154,2326791.05,0.806198734518942,36.96008504443149,3982918,7.685214827197029,10.528197713773423,19.772566891415067,-0.25759549336146503,59.414945313857416,-0.05461621613062807,0.8752726553724782,1.0
2023-04-12,74.19999694824219,74.51000213623047,73.63999938964844,73.8499984741211,7650952,73.36599884033203,71.38199844360352,68.94899940490723,66.69419967651368,66.09419979095459,61.489449920654295,71.92266495797797,69.67721019167003,67.44559675496065,63.77381893609622,86.31090569381001,0.8642948032264226,2.2269457159337946,1.6342431213275963,0.5927025946061983,9.520981966320008,4.8699951171875,1.1078572954450334,20.33065503026267,22.634504214043005,75.28678454777932,62.61121426203513,0.18383980036180253,2523834.05,3.031479823326736,307.8645695618427,11633870,7.108151113887019,10.729267061176428,20.101901333345467,-0.8857920321927469,60.02165987515566,0.8563235775876865,1.1814268791321139,1.0
2023-04-13,74.47000122070312,75.0,74.41999816894531,74.86000061035156,1936956,73.74799957275391,72.02599868774413,69.53699951171875,66.84199966430664,66.23699977874756,61.56229991912842,72.51013208845269,70.1708092791635,67.73635769046618,63.8841292015117,89.8935781663174,1.0,2.355901391230134,1.778574775308104,0.5773266159220298,9.668910441797362,6.44000244140625,1.1314288548060827,18.964189704908506,22.716480810658705,75.771199976337,63.30279904710049,0.17930599561080093,2518486.7,0.7690951872011077,-74.68346422771963,13570826,7.654919159598991,11.995453436930166,21.600396198146793,-0.18666585286458331,62.21018014132317,0.8395433437947815,0.7793628666020529,1.0
2023-04-17,74.86000061035156,74.91000366210938,74.02999877929688,74.62000274658203,1425763,74.02799987792969,72.65699920654296,70.02249946594239,66.98539978027344,66.37499980926513,61.63514993667602,72.93210622007857,70.59454199034622,68.0063045554119,63.99095381390046,87.56529226059504,0.8899340854578623,2.4109420321305066,1.9050482266725846,0.5058938054579221,8.176281697848786,6.310005187988281,1.1542859758649553,17.881060811275834,22.738225283362656,76.25186270938833,63.79313622249644,0.17792461825718714,2425703.1,0.5877730873164155,-26.391564909063504,12145063,6.5657514594659405,11.39741345330734,21.067285182637914,-0.5066630045572917,61.690141450457794,0.0,1.1887138961544883,1.0
2023-04-18,73.9800033569336,73.9800033569336,73.13999938964844,73.68000030517578,1049139,74.11600036621094,73.10499954223633,70.43649940490722,67.11939971923829,66.51249980926514,61.70689992904663,73.08168503709801,70.88839516318713,68.22880242795166,64.08736223669922,77.99583536284518,0.43755363573142386,2.3516039687678187,1.9943593750916315,0.3572445936761872,7.687813909673413,4.480003356933594,1.1785719735281808,19.188176486765656,22.73157904129451,76.4698365574661,64.40316225234835,0.17131280525103826,2421070.2,0.4333368772206605,-26.41561044858086,11095924,4.604858173917977,9.774522140216702,19.403179206695466,-1.7599995930989585,59.653299824614855,-0.8576780569439911,1.1484877964109508,1.0
2023-04-19,73.91999816894531,74.37999725341797,72.9000015258789,73.0,1413187,74.00200042724609,73.3379997253418,70.77449951171874,67.20519973754882,66.63439979553223,61.76899991989136,73.0653480296784,71.08950038574073,68.41590821509081,64.17604519951814,70.85058981349943,0.09977381922178276,2.2240700888683023,2.0403015178469657,0.1837685710213366,6.865762859065172,2.3300018310546875,1.2207145690917969,19.738400526735088,22.81747706350688,76.57071470795813,64.97828431547936,0.1637938872398429,2360377.75,0.5987122188387007,34.699691842548994,9682737,3.14449484437931,8.622547489005543,18.182259862834442,-2.666666666666667,58.17984309071969,0.32572999833805943,2.030172423266241,1.0
2023-04-20,73.80999755859375,74.77999877929688,73.80000305175781,74.56999969482422,2251078,74.14600067138672,73.75599975585938,71.20849952697753,67.2845997619629,66.77239978790283,61.84004991531372,73.36627836270758,71.42097651041534,68.65724513586467,64.27946763230726,78.87324246355621,0.42129168497178626,2.224046995213726,2.077050613320318,0.14699638189340813,7.760119918211128,4.180000305175781,1.2957142421177454,20.174211451348167,23.186277476293906,76.75944795780042,65.65755109615465,0.1559069062737347,2410672.6,0.9337966507770487,59.29087940944828,11933815,4.72064457217382,10.827737637788376,20.58528380385108,-0.573333740234375,61.58179247948371,1.1095856967037672,1.3279074349790565,1.0
2023-04-21,74.58000183105469,74.58000183105469,73.73999786376953,73.94000244140625,1070965,73.96200103759766,73.85500030517578,71.52599983215332,67.38579986572266,66.89719982147217,61.91324993133545,73.48102317844732,71.66088374193828,68.86441208902316,64.37559235677591,75.2014583962286,0.2284761457665513,2.1484274458360346,2.0913259798234614,0.057101466012573265,4.627146394773618,0.9900054931640625,1.3142858232770647,19.456918118231282,22.77895146207637,76.92996132748205,66.12203833682459,0.15110481525626906,2234932.6,0.4791934217613542,-52.42434957829094,10862850,3.3750001606657136,9.726385364192339,19.425167510038648,-1.413330078125,60.21668471656263,0.013413083373209378,1.1391429232707817,1.0
2023-04-24,73.56999969482422,73.77999877929688,73.13999938964844,73.66999816894531,1334225,73.77200012207031,73.9,71.84149971008301,67.52079986572265,67.02299980163575,61.98674991607666,73.51881817654692,71.85222797308181,69.05286644509854,64.46807400664825,71.18483378049045,0.017552075377999358,2.04315905412345,2.0816925946834592,-0.03853354056000935,4.659751112001342,0.4499969482421875,1.3021430969238281,19.470561389612055,22.68923760464365,76.95008227478664,66.73291714537939,0.14221814926802345,2232876.45,0.5975364198946161,24.581568958836186,9528625,2.5451841432058355,9.1071170890325,18.84797681550735,-1.7733357747395835,59.63162672407366,-0.5004094324655181,0.8750333538272044,1.0
2023-04-25,74.04000091552734,74.06999969482422,73.62999725341797,73.7300033569336,1109083,73.78200073242188,73.94900054931641,72.1564998626709,67.65919998168945,67.14589984893799,62.06554992675781,73.56105521262425,72.03106372392485,69.23628357889599,64.56023250764612,66.73962165243877,0.0,1.9421866932294733,2.0537914143926623,-0.11160472116318898,1.0692343266920368,0.4900054931640625,1.2207145690917969,19.47598138320191,22.68379602348878,76.88233684783049,67.43066287751131,0.1309885317096549,2251320.4,0.492636676680938,-16.874365268226875,10637708,2.1806815702776685,8.972620688519928,18.793764727680248,-1.693328857421875,59.76164879558894,0.5022434583662055,0.597585845198201,1.0
2023-04-26,73.69000244140625,73.7300033569336,73.29000091552734,73.51000213623047,1418088,73.88400115966797,73.94300079345703,72.4189998626709,67.79260009765625,67.26889987945556,62.1430499458313,73.5508445973455,72.17191500128727,69.40388038506597,64.6492849417614,67.18061396396207,0.019046088786552277,1.8233941570515668,2.0077119629244433,-0.1843178058728765,0.3960678922323657,-0.05999755859375,1.100715092250279,19.42019534165333,22.68271799699336,76.80451288244318,68.03348684289863,0.12111498441261496,2150936.3,0.6592887013901807,27.8613052404554,9219620,1.5065138646328304,8.433666846142822,18.291590451880758,-1.986663818359375,59.28493977407404,-0.054253239802113815,0.6003580787417214,1.0
2023-04-27,73.0999984741211,74.12999725341797,73.0999984741211,73.44999694824219,848004,73.66000061035156,73.90300064086914,72.64249954223632,67.9268000793457,67.39019985198975,62.21899993896484,73.53067506752484,72.29363709147346,69.56255162283759,64.73685421545773,53.79938222935431,0.0,1.7047569224623942,1.9471209548320334,-0.24236403236963922,0.2867273219522293,-0.40000152587890625,0.9521435328892299,19.31052578599479,22.68238926363974,76.73595148945718,68.54904759501547,0.11270129670691775,2108512.0,0.4021812538889985,-40.20089021273715,8371616,1.1116046544301028,8.131101218436335,18.05075141081446,-2.0666707356770835,59.15491770255876,-0.557752210848187,1.4090270872734911,1.0
2023-04-28,73.27999877929688,73.30999755859375,72.86000061035156,73.08000183105469,1068007,73.48800048828124,73.72500076293946,72.8754997253418,68.06760009765625,67.49569988250732,62.29764995574951,73.44054042023082,72.36852897143358,69.70049084668923,64.81987060964278,48.952101621587055,0.0,1.5628648128238751,1.8702697264304018,-0.30740491360652666,-0.6660294492348617,-1.779998779296875,0.9371435982840401,19.100247979820512,22.718261014932438,76.45523113863361,69.29576831204999,0.09824238397769754,2050378.35,0.5208828897359358,25.94362762439799,7303609,0.2806184609143433,7.363858467475224,17.30779874194927,-2.55999755859375,58.35319483158546,-0.23144748265286472,0.6176186446233084,1.0
2023-05-02,73.08000183105469,73.4800033569336,72.86000061035156,72.98999786376953,862100,73.3520004272461,73.5620002746582,73.10949974060058,68.215,67.58799987792969,62.37624994277954,73.35043190893856,72.42771648498939,69.82949112186886,64.90116540819132,48.148152334363395,0.0,1.4267055521803513,1.7815568915803919,-0.35485133940004054,-1.1645235316462887,-1.6300048828125,0.9364297049386161,19.087886133572514,22.72193400478542,75.97280461636602,70.24619486483515,0.07832921538034628,1997360.5,0.43161963000670134,-19.279555283813686,6441509,-0.16345601769271545,6.9999235707242216,17.015687750909116,-2.6800028483072915,58.1581699901785,0.0,0.8509507842276144,0.0
2023-05-03,74.11000061035156,74.51000213623047,74.0999984741211,74.41000366210938,1044236,73.48800048828124,73.63500061035157,73.37000007629395,68.39200012207031,67.68099990844726,62.464849967956546,73.56234625957272,72.6165057399532,70.00911906462339,64.99578071420045,55.35715502132624,0.1726896430756905,1.417046131860758,1.708654739636465,-0.2916086077757072,-0.6011180130553795,0.7300033569335938,0.9992871965680804,19.63518323739666,22.94804529945007,75.61747047764419,71.1225296749437,0.061264015238195586,2003847.9,0.5211154000261198,21.12701542744462,7485745,1.4174779674716873,8.799279929374418,19.12300069604025,-0.7866617838541666,61.23510552948409,1.534460582767017,0.5533112962918155,1.0
2023-05-04,75.05000305175781,75.41000366210938,74.83000183105469,75.1500015258789,1327246,73.81600036621094,73.85000076293946,73.59400024414063,68.59900009155274,67.79129989624023,62.55659997940064,73.87987731283397,72.8577910528985,70.21072229839812,65.09681773720223,57.83132640867727,0.23195772665712988,1.4523607047104008,1.6573959326512524,-0.2050352279408516,0.7102636823759001,2.1500015258789062,1.003572736467634,18.703326396379477,22.476308608630877,75.5870253756495,71.60097511263176,0.05416270687548479,1937722.3,0.6849516052945254,27.10211101704978,8812991,2.114304531043834,9.54970396883796,20.131211655724847,-0.34478467524741657,62.83856780316262,0.8600985864140391,0.7750926324499766,1.0
2023-05-05,75.86000061035156,76.2699966430664,75.8499984741211,75.93000030517578,994840,74.31200103759765,73.9860008239746,73.87100028991699,68.81800003051758,67.91229988098145,62.65534997940063,74.28990191130234,73.15038241025825,70.43500771042862,65.2046105985751,56.62947777033012,0.21516846356278885,1.5256998230440786,1.6310567107298177,-0.10535688768573914,3.053745915690431,1.3600006103515625,1.0014294215611048,18.677687072549627,21.91418290935036,75.4947971972848,72.24720338254919,0.043963041003776536,1832996.5,0.5427397160878376,-25.044791997866255,9807831,2.787291368978297,10.334505901805283,21.186778671158155,-0.4457799303201275,64.52870594727402,0.9447758749920432,0.5537220532556895,1.0
2023-05-08,75.38999938964844,75.47000122070312,75.19000244140625,75.25,1047024,74.74600067138672,74.11700057983398,73.98600044250489,69.04080001831055,68.01919990539551,62.75019998550415,74.48192152904187,73.35034599023366,70.62383093747064,65.30456472197237,53.701503911065295,0.18074321518183267,1.5115273150801443,1.6071508315998833,-0.095623516519739,3.082191780821919,1.30999755859375,0.9914289202008929,14.899890496792114,21.351974587056553,75.6601566463672,72.31184423864258,0.045256026649617594,1655787.95,0.6323418406324313,5.245466607695715,8760807,1.7084307165345092,8.993522641746168,19.919936537865073,-1.337349794100368,63.05524921337886,-0.7111825541380046,0.3723883098887665,1.0
2023-05-09,75.55000305175781,75.55000305175781,74.80000305175781,75.2300033569336,731033,75.19400177001953,74.27300109863282,74.08650054931641,69.23880004882812,68.11869995117188,62.84625,74.63153789462022,73.52936097753842,70.8044651499986,65.40332530540482,60.210808191886514,0.392599527187783,1.4816029419853862,1.582041253676984,-0.10043831169159767,0.8850793413040403,1.5600051879882812,0.9392858232770648,14.890678899650734,20.399295947482614,75.80770442664638,72.36529667198644,0.04646470988825375,1591370.95,0.45937309588314407,-30.17991946698452,8029774,1.543469861767864,8.65295658486339,19.704840554422255,-1.3635680240027344,63.01191954402838,0.3986751518376246,1.0026737558834562,1.0
2023-05-10,75.73999786376953,75.73999786376953,75.31999969482422,75.41999816894531,377004,75.39600067138672,74.44200057983399,74.1955005645752,69.4447999572754,68.2117999267578,62.949949989318846,74.78922994948525,73.70942166243432,70.98546644485927,65.50299369210673,67.04222597602438,0.614939567702331,1.456429837618785,1.556918970465344,-0.10048913284655914,2.0016170931450583,1.6899948120117188,0.8700000217982701,14.890426339252308,20.385792796170158,75.96638243101675,72.42461869813364,0.0477355595141592,1541739.3,0.244531614391616,-48.42859351082646,8406778,1.6503663902157881,8.604241376382461,19.809464791858208,-1.1144598289403043,63.42360926391968,0.6779137100609125,0.5576183890693426,1.0
2023-05-11,75.41999816894531,75.41999816894531,73.5999984741211,73.88999938964844,1583543,75.14400024414063,74.48000030517578,74.21150054931641,69.61819992065429,68.28979995727539,63.03984998703003,74.6093838375179,73.72661954121662,71.0993696975961,65.5864464851171,45.184137354936254,0.0,1.2980586442524071,1.5051469052227566,-0.2070882609703495,0.2986306857217569,0.37999725341796875,0.8728572300502232,16.743222529453423,20.900122653946344,75.96427680836332,72.4587242902695,0.04723732160306133,1527123.65,1.0369448472623681,320.0334744458945,6823235,-0.4332228256917194,6.136038383444027,17.211572370255865,-3.1204895216608497,60.10833574558855,0.0,2.4728257235822624,0.0
2023-05-12,71.9000015258789,72.1500015258789,70.75,71.08999633789062,3047404,74.17599945068359,74.24400024414062,74.07350044250488,69.74939987182617,68.33389991760254,63.11739995956421,73.90550633759244,73.47551256947129,71.09900211486256,65.64120817519445,34.56119874755744,0.0,0.9358238915401955,1.3912823024862444,-0.4554584109460489,-3.580641392707462,-2.3600006103515625,1.037142617361886,21.60688264599271,22.467309052635688,76.31310995357222,71.83389093143754,0.06046992507950143,1296946.25,2.349676403320492,92.44213766219167,3775831,-4.027761732321563,1.9220186389101255,12.631376424621438,-6.791661902671249,54.04115706914215,-2.6931897147211488,1.9788007432917403,0.0
2023-05-15,71.88999938964844,72.0,71.20999908447266,71.83000183105469,989402,73.49199981689453,74.11900024414062,73.92200050354003,69.90799987792968,68.39649993896484,63.19849996566772,73.49040543628489,73.31879726105066,71.12766877039951,65.70278821157117,40.51549473021866,0.18253840368256347,0.700388852356653,1.253103612460326,-0.552714760103673,-2.2854036952173695,-1.25,1.0449998038155692,21.328569370844654,22.41477744807394,76.34039274873666,71.5036082583434,0.06543091985398351,1249568.55,0.7917948959262778,-67.53295591920205,4765233,-2.830008195442658,2.7493304864695327,13.657763823628704,-5.8214173429039375,55.64463587455259,1.1253384343352606,1.1093960478643,0.0
2023-05-16,71.87999725341797,71.87999725341797,70.98999786376953,71.25,1148640,72.69599914550781,73.94500045776367,73.75350036621094,70.07479988098144,68.45989990234375,63.28279996871948,73.04232434902792,73.12176895047442,71.1324660735211,65.75798434876947,37.866921676345235,0.10134218859709396,0.4616816088967397,1.094819211747609,-0.6331376028508693,-2.995230823212225,-1.7399978637695312,1.0771424429757255,21.433992321131104,22.443165438694095,76.42362686150963,71.08337387091225,0.07240677342880304,1235712.4,0.9295366785993247,16.094368113264366,3616593,-3.3944156599757593,1.6770652517232643,12.58983489229093,-6.581876050892375,54.38786055087368,0.06960242390202255,1.2536968818570111,0.0
2023-05-17,71.19000244140625,71.22000122070312,70.80000305175781,70.94999694824219,647538,71.80199890136718,73.59899978637695,73.61700019836425,70.24419982910156,68.50819984436035,63.361699962615965,72.62385886887078,72.9149335216904,71.12531042154939,65.80964616567964,37.572803236637654,0.09271888071448646,0.2454670680526334,0.9249487830086139,-0.6794817149559805,-2.9146207299455384,-3.4600067138671875,1.0778563363211495,21.099091468947215,22.467751670771445,76.5673638465449,70.66663655018361,0.08015441107979832,1215632.35,0.5326758538467654,-43.62567906393649,2969055,-3.6228089204065728,1.0047763670990257,11.976157505406883,-6.97521952140777,53.73779978849302,-0.08420709978070176,0.5932177271776047,0.0
2023-05-18,70.98999786376953,71.0999984741211,70.41000366210938,70.66999816894531,1054982,71.15799865722656,73.1509994506836,73.50050010681153,70.3823998260498,68.5447998046875,63.440799961090086,72.2330867288857,72.7011301547623,71.10745503909433,65.85800787715492,36.78708341129528,0.06852876444089281,0.05093478080291902,0.750145982567475,-0.699211201764556,-3.1785172800721684,-4.480003356933594,1.053570338657924,20.936061096976715,22.33274806015212,76.72474226692113,70.27625794670193,0.08773388359056337,1197722.1,0.8808236902366583,62.92202156475759,1914073,-3.8509968418621754,0.4086225300732944,11.39518765887108,-7.3423347588808126,53.13108522719476,0.056379023605207905,0.9799670162253299,0.0
2023-05-19,71.30000305175781,71.41000366210938,70.80999755859375,71.20999908447266,1355757,71.18199920654297,72.67899932861329,73.33250007629394,70.5423998260498,68.58299980163574,63.525399951934816,72.02846920000309,72.55911767187757,71.1114763742072,65.91126152100883,41.25350334472626,0.20603734451180067,-0.058980012593437436,0.5883207835352925,-0.6473007961287299,-4.300503185254112,-4.720001220703125,1.0642852783203125,19.463588100858782,22.36702726040849,76.67025344985403,69.99474670273385,0.09103067180547633,1152956.05,1.1758965140084914,28.5099650989306,3269830,-2.8943524216589753,0.9463801345986017,12.096892169671083,-6.634322513837093,54.3011846804408,0.8914743160264358,0.8473465954000815,0.0
2023-05-22,71.69000244140625,71.77999877929688,71.16999816894531,71.68000030517578,1060980,71.1519989013672,72.32199935913086,73.21949996948243,70.70519981384277,68.63059982299805,63.6105499458313,71.95877542103763,72.47539220838216,71.1337714303236,65.96866190692093,44.0831224396403,0.2931534038350141,-0.10693047969867564,0.4492705308884989,-0.5562010105871745,-4.617433333661591,-3.5699996948242188,1.063570840018136,19.56349092403315,22.16914962350319,76.62303232665492,69.81596761230993,0.09296792134857715,1152456.8,0.9206245301342315,-21.74261316740389,4330810,-2.102581504856361,1.3786828888109097,12.685710729141885,-6.018089078161635,55.31960549336227,0.674067354451432,0.8571035914649403,0.0
2023-05-23,71.4000015258789,71.4000015258789,69.83999633789062,69.91999816894531,2457636,70.88599853515625,71.79099884033204,73.03199996948243,70.82919975280761,68.66219978332519,63.67989994049072,71.55101997061917,72.23202134748341,71.08617247889701,66.00797868564754,30.324259193384037,0.0,-0.283678959327176,0.30268063284536395,-0.58635959217254,-7.915187820459934,-5.310005187988281,1.086427961077009,21.241806823516814,22.544971683846647,76.73135390764509,69.33264603131977,0.10130775385333805,1208627.35,2.0334108772236537,131.63829666911724,1873174,-4.2611482662908235,-1.283653616072739,9.799164625393576,-8.325683432029313,51.50594985297504,-0.3906232953470805,2.2336845214608414,0.0
2023-05-24,70.4000015258789,70.68000030517578,70.12999725341797,70.41999816894531,520428,70.77999877929688,71.29099884033204,72.866499710083,71.01159973144532,68.69919975280762,63.744999923706054,71.32481561028439,72.05944771143216,71.06004799615381,66.05187937702364,28.827211720711034,0.0,-0.37903826434289556,0.16633685340771204,-0.5453751177506077,-6.418607084458062,-5.0,1.0692852565220423,21.493482610239436,22.5593744809588,76.72702410503078,69.00597531513523,0.10596157110078853,1179194.6,0.44134191252232663,-78.82404066346685,2393602,-3.3575120952312667,-0.8331055274593824,10.471406782066527,-7.670117649930313,52.58937343578819,0.686503674919696,0.7842621892174775,0.0
2023-05-25,69.6500015258789,69.79000091552734,69.31999969482422,69.72000122070312,1169741,70.58999938964844,70.8739990234375,72.67699966430663,71.1871997833252,68.71669975280761,63.803849925994875,71.00385273236813,71.83664328374368,71.00749714221458,66.08837810183637,22.001817570165983,0.0,-0.5052706585672269,0.032015351012724264,-0.5372860095799511,-7.32420828175151,-4.1699981689453125,1.067856924874442,21.66636858063075,22.67767162129678,76.76962417016217,68.5843751584511,0.11262502648043471,1166777.25,1.002540116376112,124.76519326400579,1223861,-4.068685357488362,-2.061042669311103,9.272404880850145,-8.58790574361292,51.07258703254255,-1.0934346252311733,0.67801676683824,0.0
2023-05-26,69.62000274658203,69.86000061035156,69.25,69.75,1439837,70.29799957275391,70.73999938964843,72.49199981689453,71.35699981689453,68.74459976196289,63.86514991760254,70.75308218589451,71.63791535195857,70.9581835287944,66.12481215057433,23.659009991289054,0.036793459024397304,-0.596019547333924,-0.0935916286566054,-0.5024279186773186,-7.517897516046313,-1.339996337890625,1.0585714067731584,21.684848721136234,22.54583285311098,76.76790012236897,68.2160995114201,0.11796888805040034,1196368.9,1.2035058751527226,23.090239634243815,2663698,-3.7824861002875805,-2.2520563098479016,9.214493491348524,-8.548573397189378,51.137589802434235,-0.14342867522985575,0.8808673073668772,0.0
2023-05-29,70.98999786376953,70.98999786376953,69.86000061035156,70.19999694824219,870090,70.00199890136719,70.57699890136719,72.3479995727539,71.49899978637696,68.77699974060059,63.931699905395504,70.64246513836406,71.50097074208082,70.92845072171392,66.1653612530387,26.86290185035581,0.10792718033075269,-0.6244296660539277,-0.19975923613606988,-0.4246704299178578,-4.993913211377288,-1.6300048828125,1.0935712541852678,21.893644833438923,22.449573041012485,76.7331082404633,67.96289090504452,0.12122266527354851,1186473.05,0.7333415622040467,-39.570243020564135,3533788,-2.9689868927912304,-1.8168126015970836,9.804677573288915,-7.958568194556272,52.112664414273304,1.7777747150817653,1.6175168101136985,0.0
2023-05-30,70.20999908447266,70.20999908447266,69.36000061035156,69.95999908447266,977228,70.00999908447265,70.44799880981445,72.19649963378906,71.59999969482422,68.80429969787598,63.9923498916626,70.50597192758578,71.35421153659433,70.89047222613583,66.20311884340123,25.000017466553288,0.12933131473568,-0.6587174272201111,-0.2915508743528782,-0.3671665528672329,-1.5895306113775765,-1.2900009155273438,1.1178572518484933,21.897142123756048,22.188584380401874,76.69608875017529,67.69691051740283,0.12464840093938173,1192229.45,0.8196643691363269,12.313438839660273,2556560,-3.097796376085922,-2.2905036555050646,9.325566576181581,-8.273236969084595,51.59262572340793,0.01424805792775637,1.2254879853536746,0.0
2023-05-31,71.0,71.0,69.76000213623047,70.18000030517578,979768,69.96199951171874,70.37099914550781,71.98499946594238,71.69559967041016,68.82939971923828,64.05639989852905,70.44077760310378,71.24238189550685,70.86261058217661,66.24268980321989,30.697211740524594,0.3937898698359677,-0.6605243515281813,-0.36534556978793886,-0.2951787817402425,-2.297092417956126,-0.7699966430664062,1.0764285496303014,20.512376913526595,22.11700580482885,76.44398114261665,67.52601778926811,0.12388641271808047,1189006.05,0.824022720489942,0.25991887256606727,3536328,-2.5074656861261517,-2.1139363813144727,9.559701163891585,-7.984786424458637,52.06933474492281,1.4865650788125409,1.7775198190906127,0.0
2023-06-01,70.48999786376953,70.75,70.01000213623047,70.30000305175781,876593,70.07799987792968,70.33399963378906,71.74249954223633,71.77679977416992,68.84569976806641,64.11944992065429,70.41262269283459,71.15263152943551,70.84054754176803,66.28306107932475,44.3001992667863,1.0,-0.644839821255573,-0.42124442008146573,-0.2235954011741073,-1.333329050164478,-0.3699951171875,0.9049998692103794,20.03389037859618,21.7841289981394,75.99969924411147,67.4852998403612,0.1186799938401598,1166473.4,0.7514899182441709,-10.530554172008067,4412921,-2.0106582565182167,-2.057484768140295,9.639123758472278,-7.827447035624482,52.329362356221466,0.4417178074176891,1.0569887747319169,0.0
2023-06-02,71.30999755859375,71.58999633789062,71.30999755859375,71.4800033569336,1380513,70.4240005493164,70.36100006103516,71.51999969482422,71.88859985351563,68.8731997680664,64.18504993438721,70.6260988256544,71.18380979872104,70.86562424040197,66.33477194775868,47.625520056397455,1.0,-0.531071691184593,-0.44320987430209124,-0.08786181688250172,0.7470139978695833,0.2700042724609375,0.9321419852120536,20.719393646939118,21.89070106394324,75.29335300311168,67.74664638653677,0.10551882898177711,1185757.05,1.1642460822813576,57.486199410672924,5793434,-0.05592329147272397,-0.5683745370122872,11.36550244956358,-6.280311389745242,54.88624267292976,1.4366919814958432,0.39265010360827257,0.0
2023-06-05,71.12000274658203,71.12000274658203,70.41000366210938,70.62999725341797,720403,70.51000061035157,70.25599975585938,71.28899955749512,71.94939987182617,68.91029975891114,64.24579992294312,70.62687851120711,71.13106574678741,70.8563839664026,66.37751050801401,45.94239412976549,0.9343137110050208,-0.5036917719942267,-0.4553062538405183,-0.04838551815370834,-0.05660240068453559,-1.0500030517578125,0.9449991498674665,20.85918483211332,22.06701012415109,74.64328693019807,67.93471218479216,0.09410392609024336,1169426.0,0.6160312837238098,-47.81628278763039,5073031,-0.9244095276518196,-1.8337923884822482,9.937143499080252,-7.39478122182553,53.04440935676188,-0.5036382113105236,1.0083781388222497,0.0
2023-06-06,70.88999938964844,71.05000305175781,70.5,70.7300033569336,799362,70.66400146484375,70.33700027465821,71.06399955749512,72.01679992675781,68.94879981994629,64.30884994506836,70.64750348035241,71.0928693287061,70.85142786407049,66.42081889457043,48.52155044673941,1.0,-0.46852249631398024,-0.45794950233521076,-0.010572993978769485,-0.6740566405142978,0.8100051879882812,0.9521424429757255,20.898693949322812,22.065995903480452,73.86294198009001,68.26505713490023,0.0787724428690613,1172842.45,0.6815595734959968,10.960393002250136,5872393,-0.4699935306783652,-1.7868005397808713,9.984867428588888,-7.263660062893742,53.261107298710044,0.36811857049574864,0.780146172706117,0.0
2023-06-07,72.8499984741211,72.8499984741211,70.31999969482422,70.70999908447266,793479,70.77000122070312,70.36600036621094,70.82849960327148,72.08239990234375,68.97639984130859,64.374049949646,70.66000260117647,71.05640549592196,70.8458816374196,66.46349730442022,50.27855730374807,1.0,-0.43722471520737827,-0.4538045449096443,0.016579829702266013,-1.3532383043713292,0.29000091552734375,1.083571297781808,20.822467317191613,20.398961743569256,72.73434996559288,68.92264924095008,0.05381591797077608,1193666.2,0.6647411143919465,-0.7359619296388842,5078914,-0.167306267198341,-1.903933303733513,9.842396337938508,-7.289888295936095,53.217761097627644,2.997306682553238,3.597836732475258,0.0
2023-06-08,70.88999938964844,71.18000030517578,70.61000061035156,71.05999755859375,673758,70.92200012207032,70.5,70.68699951171875,72.13839981079101,69.01619979858398,64.4425499343872,70.74000159265992,71.0567475971288,70.85427834021074,66.50923362535727,48.92702972620457,0.9522035570480427,-0.3798009375990148,-0.4390038234475184,0.05920288584850364,1.63043395237783,1.339996337890625,1.0714280264718192,19.963970344459828,20.332048884763587,71.94637500106641,69.42762402237109,0.03563245004164811,1148176.95,0.5868067635393657,-15.088111972717611,5752672,0.5276755972831471,-1.4949073655996856,10.268755086420642,-6.830994249094791,53.97615429925047,0.2545613173615609,0.8072506584012913,0.0
2023-06-09,72.11000061035156,72.9000015258789,72.11000061035156,72.66000366210938,1822390,71.15800018310547,70.79100036621094,70.76549987792968,72.21199981689453,69.06739982604981,64.5212999534607,71.12400200654982,71.20943865093648,70.92509109793227,66.57043531726525,56.03449004845406,1.0,-0.20284676810859992,-0.39177241237973476,0.18892564427113484,3.1809223962063315,2.910003662109375,1.159285409109933,16.532884112295157,20.723556495097807,72.29697451958825,69.23402523627112,0.04328308693644084,1086926.25,1.676645494577024,170.48138946031068,7575062,2.6771573541453177,0.6204008286030437,12.613979747027933,-4.733175743865999,57.44312298963807,1.477628888028056,1.0955497279720412,0.0
2023-06-12,73.0,73.0,72.0,72.3499984741211,781085,71.50200042724609,71.00600051879883,70.791499710083,72.29059982299805,69.11939979553223,64.60469995498657,71.36920130006408,71.31806339600168,70.98096981856712,66.62794340837824,68.2158368344175,1.0,-0.086625576032759,-0.3307430451103396,0.24411746907758058,3.772227778786963,2.1500015258789062,1.0992851257324219,16.25906169413883,20.006327220503408,72.41401697547754,69.16898244468847,0.045839324552787684,1076510.4,0.7255712531899368,-57.13952556807269,6793977,2.201533758178188,0.08216649366374491,11.988753952159938,-5.13963333090257,56.77138912671622,0.467927774228734,1.3888888888888888,0.0
2023-06-13,72.2699966430664,72.3499984741211,72.0,72.2699966430664,529771,71.80999908447265,71.2370002746582,70.84249954223633,72.3697998046875,69.17029975891113,64.69149993896484,71.54936036866455,71.40872370524593,71.0315198901161,66.68408324155922,64.79993359399319,0.9260851296899282,-0.000963812911791706,-0.26478719867063,0.2638233857588383,3.612898412998433,2.30999755859375,1.0699991498674666,15.962665509157018,19.267913014468245,72.58535755926862,69.09964152520404,0.04920374149117078,1045566.95,0.506683001026381,-32.17498735732987,6264206,2.0150292692298453,-0.13790719594422893,11.714826076457852,-5.244526256792007,56.59803738585045,-0.11057613371381533,0.48610899183485246,0.0
2023-06-14,71.69999694824219,71.69999694824219,71.13999938964844,71.4800033569336,830790,71.96399993896485,71.36700057983398,70.8689998626709,72.41539993286133,69.20249977111817,64.77329996109009,71.53548896631837,71.4155122435019,71.04910747705011,66.73180383972216,63.88010093874963,0.9026919957533617,0.003141680245462908,-0.21120142288741145,0.21434310313287436,1.823371031818044,1.3000030517578125,1.0721419198172433,16.414658291177517,19.4057621866318,72.63470782580329,69.10329189953852,0.04983019279385777,1054729.55,0.7876805954663922,56.82058851843532,5433416,0.8621590476042909,-1.2917094662115747,10.354117205503321,-6.280311389745242,54.88624267292976,-0.7887086222507866,0.7871767829607755,0.0
2023-06-15,71.13999938964844,71.13999938964844,69.88999938964844,70.12000274658203,2143346,71.7760009765625,71.3490005493164,70.84150009155273,72.40440002441406,69.22319976806641,64.8473999786377,71.2523917223711,71.29213038665239,71.01267199742392,66.76551726168097,52.41200606768955,0.634304497799714,-0.10216764508952281,-0.18939466732783375,0.08722702223831094,0.22870735306355083,-0.18000030517578125,1.1421421595982142,17.784040395204613,19.715650322910687,72.6371358628576,69.04586432024786,0.05069445929248435,1109147.75,1.9324260451324,157.98890212929862,3290070,-1.0184670624397647,-3.155053114260668,8.13078515049371,-8.063451117305723,51.93932920513945,-0.4756630544452482,1.7885248403438108,0.0
2023-06-16,71.12999725341797,71.5999984741211,70.95999908447266,71.48999786376953,982876,71.54199981689453,71.35,70.85550003051758,72.42639999389648,69.25609977722168,64.92569995880127,71.29991295065079,71.31097490828259,71.03139065884923,66.81252701891569,57.50871960572372,0.7522407908652146,-0.07422328784028309,-0.16636039143032363,0.09213710359004054,1.8666251822417435,0.0099945068359375,1.1592848641531808,18.93533631777701,20.026719797361004,72.66752419946977,69.04347586156538,0.05114702932508416,1090503.7,0.9013045989665143,-54.14291486302258,4272946,0.8954814135510678,-1.2929016632137766,10.110476913046211,-6.267207276364051,54.90789924173905,1.4403800160791769,0.9019157242188874,0.0
2023-06-19,71.79000091552734,71.91000366210938,71.47000122070312,71.73999786376953,690259,71.41999969482421,71.46100006103515,70.85849990844727,72.40220001220703,69.30609977722168,65.00659994125367,71.38792993327453,71.35183423737658,71.05917917668924,66.861556579561,60.34880440587569,0.7903166118466753,-0.03154069127360515,-0.13939645139897996,0.10785576012537482,2.0483566849229584,1.1100006103515625,1.1299994332449776,18.828723757479395,19.39287628141194,72.67646034898043,69.04053946791412,0.05131241679917164,1071967.65,0.6439177525553127,-29.771507290848486,4963205,1.244025708223007,-0.914616059078113,10.358021998690626,-5.939424385314551,55.44961103314563,0.41964339169445025,0.6156463325745571,0.0
2023-06-20,71.75,71.75,71.31999969482422,71.44999694824219,538485,71.25599975585938,71.53299942016602,70.93499984741212,72.3667999267578,69.3446997833252,65.09199993133545,71.40034333626807,71.36118306698283,71.07450536380897,66.90721270263246,57.32406896533518,0.5445754754276814,-0.020874448577970384,-0.11569205083477804,0.09481760225680766,-0.04197874549832781,0.7199935913085938,1.0721424647739954,16.481048659812927,19.399545090965027,72.71504681282963,69.1549528819946,0.05018811501364801,976010.1,0.5517207250211857,-21.987978425489562,4424720,0.7260126904037215,-1.2668834043283834,9.767708817694478,-6.319653739308769,54.821223371306175,0.013942203133964791,0.6029168634544833,0.0
2023-06-21,71.5,71.5,69.18000030517578,69.36000061035156,4585021,70.83199920654297,71.3979995727539,70.88199996948242,72.28919998168945,69.36309982299805,65.16699993133545,70.99227479108477,71.17059426158937,71.00726988328123,66.93161855246052,45.582701375583675,0.0,-0.1790031748609664,-0.12835427564001572,-0.05064889922095067,-1.798098106261714,-1.3499984741210938,1.184999738420759,19.57976490491831,20.392324868584165,72.78545446466764,68.9785454742972,0.053707697187007415,1179239.75,3.8881160510405115,751.4668003751265,-160301,-2.1472297054063683,-4.052056700143093,6.43423923678265,-9.0599139069754,50.292520730378534,0.06998328046680578,3.353569940141566,0.0
2023-06-22,68.30000305175781,68.44999694824219,67.81999969482422,68.08999633789062,3088872,70.42599792480469,71.10099945068359,70.8004997253418,72.17959991455078,69.37089981079102,65.24609991073608,70.41181910044594,70.87720398314187,70.89286699914825,66.94314469957922,34.20316338465804,0.0,-0.40216416248856035,-0.18311625300972467,-0.21904790947883568,-3.7325136345892296,-2.970001220703125,1.202857426234654,20.32830029620009,20.60590560244666,73.02581378777272,68.57518566291087,0.0628615354711801,1275196.3,2.4222717710206654,-32.6312354948865,-3249173,-3.8283675934013104,-5.665871771943314,4.3587224846317465,-10.725056595265253,47.540615572263256,-1.5282548288149118,0.9289254736844946,0.0
2023-06-23,66.98999786376953,67.5199966430664,66.94999694824219,67.41000366210938,3082365,69.60999908447266,70.5759994506836,70.68349990844726,72.05080001831055,69.37249984741212,65.3194499206543,69.81145601277863,70.54699442875781,70.75628412318595,66.94779006239047,34.75382571321438,0.01618991607259959,-0.626666754709376,-0.271826353349655,-0.35484040135972106,-4.666943098699505,-5.25,1.207857404436384,20.556401725672863,20.587150361316535,73.34473201137824,68.02226780551628,0.07529995278609405,1357322.7,2.2709153836445823,-0.2106594251882199,-6331538,-4.63120282750271,-6.441006005515268,3.2005072669695585,-11.616616455905508,46.06717537010002,-1.6155067312126852,0.8513812110624516,0.0
2023-06-26,68.0,68.5999984741211,68.0,68.4800033569336,1151807,68.95800018310547,70.18899993896484,70.59750022888184,71.92320007324219,69.38259986877442,65.39474994659423,69.54516548160963,70.35013813620313,70.6670182107839,66.96303596581876,40.24284371980996,0.17757146741414512,-0.7100614965521288,-0.3594733819901498,-0.350588114561979,-3.6307265554474277,-3.8699951171875,1.2535711015973772,21.298260573572755,20.783706812894913,73.43016479163926,67.76483566612443,0.08024829642901593,1371408.55,0.8398715320828355,-62.63236183904242,-5179731,-2.999393555130395,-4.787324135747924,4.717891593528515,-10.213706082339247,48.38570117605088,0.8752355820183069,0.8823506972369025,0.0
2023-06-27,69.87999725341797,69.87999725341797,68.66000366210938,68.80000305175781,786012,68.4280014038086,69.84200057983398,70.5395004272461,71.8068000793457,69.39609992980957,65.47044996261597,69.39613299563928,70.20250622339881,70.59380193003777,66.98131424528084,41.92731627693104,0.22709631760297933,-0.7417803471660136,-0.4359347750253226,-0.305845572140691,-5.312414555195611,-3.4699935913085938,1.1728564671107702,21.38153375628682,20.802509038407006,73.47283890062175,67.60616195387044,0.08316867728319338,1361847.75,0.5771658395734766,-31.75835882226796,-4393719,-2.4659904946199447,-4.187343015237299,5.085581496756223,-9.794144381921486,49.07909160778202,2.0443835103034145,1.7768621122020969,0.0
2023-06-28,68.80000305175781,68.8499984741211,68.22000122070312,68.37999725341797,966121,68.23200073242188,69.53199996948243,70.4495002746582,71.70080001831055,69.41009986877441,65.54604995727539,69.19290584719502,70.0289339405435,70.50698606036642,66.99523148914291,38.739495959947604,0.13337183217867998,-0.7916826972619333,-0.5070843594726447,-0.28459833778928856,-5.4872167303820385,-3.100006103515625,1.1771420070103236,21.405899265332597,20.666981801136963,73.5357505090048,67.36325004031161,0.08761595816334743,1361165.4,0.7097748737956461,22.914281206902686,-5359840,-2.937569483349011,-4.631472402043671,4.323597376180293,-10.344827241271034,48.16900323410272,0.0,0.9234788070141222,0.0
2023-06-30,68.54000091552734,68.54000091552734,67.3499984741211,67.56999969482422,2415830,68.1280014038086,69.27699966430664,70.31300010681153,71.59220001220703,69.39869987487793,65.61389995574952,68.86832461672086,69.79474972666547,70.3918101244628,67.00095057576661,27.092676944037564,0.0,-0.8863731449199292,-0.5829421165621017,-0.30343102835782754,-6.503386144398149,-2.5500030517578125,1.1307133265904017,21.69636678369384,20.3220442954979,73.6577523412335,66.96824787238955,0.09513894242433141,1438127.25,1.6798443948544888,150.05459978615514,-7775670,-3.9011283942094,-5.6182102473411835,2.981227667299017,-11.40684060726662,46.413862320099625,0.23399191069926115,1.7668930488001462,0.0
2023-07-03,68.25,68.63999938964844,68.12000274658203,68.5,2025714,68.34600067138672,68.97799987792969,70.16399993896485,71.47080001831054,69.37769989013673,65.6836499595642,68.79465969337669,69.6714402288878,70.31762149213093,67.0158664904356,33.58907766185162,0.17228515927640947,-0.8762716405932878,-0.6416080213683389,-0.23466361922494883,-4.169002821744461,-2.9899978637695312,1.1357133047921317,21.380907929110705,20.523120679157813,73.55504224021342,66.77295763771627,0.09666046132485086,1470387.3,1.3776737598318483,-16.148321694821245,-5749956,-2.3715864836844407,-4.156662605636755,4.287748994109765,-10.18748785243688,48.429030845401364,1.006364227093327,0.7633538198770807,0.0
2023-07-04,68.76000213623047,69.0999984741211,68.69999694824219,69.0199966430664,782197,68.45399932861328,68.70599975585938,70.08349990844727,71.37239990234374,69.37909988403321,65.75109994888305,68.83972708331464,69.6093979826191,70.26673424314801,67.03580808399413,36.64747508688871,0.25973001382821975,-0.8168901412825704,-0.6766644453511852,-0.14022569593138523,-1.5687479469889798,-2.720001220703125,1.1535704476492745,21.3130855984447,19.16975197514496,73.50427336416115,66.66272645273338,0.09761993793639219,1473477.0,0.5308511771815916,-61.38660245227114,-4967759,-1.5174802439520771,-3.295956507692113,4.971622827184178,-9.505703840435514,49.555784097564995,0.37956516238024635,0.5822438772162726,0.0
2023-07-05,68.94000244140625,69.0999984741211,68.63999938964844,68.91999816894531,1266208,68.47799835205078,68.45299987792968,69.99299964904785,71.27739990234375,69.3990998840332,65.81199993133545,68.85578130044078,69.54374085750732,70.21392106376751,67.05455624404338,38.85014006067634,0.3535427608079332,-0.7690339714814769,-0.6951383505772436,-0.0738956209042333,-3.59490805933661,-2.529998779296875,1.1057134355817522,21.291555499810883,19.14580357387884,73.43744585975455,66.54855343834114,0.09842259162994903,1496819.3,0.8459324382041306,61.878401476865804,-6233967,-1.5330125662318717,-3.307362132496807,4.722540328287506,-9.636814996227317,49.33910268734875,-0.11590003701947772,0.6701618423120622,0.0
2023-07-06,69.51000213623047,70.05000305175781,69.51000213623047,69.73999786376953,1938050,68.7499984741211,68.49099960327149,69.94449958801269,71.19759979248047,69.42839988708496,65.87974992752075,69.03262461310653,69.56243200096085,70.19533584023819,67.08127705617996,48.2632297622053,0.6365910415294518,-0.6573628203808966,-0.6875832445379743,0.030220424157077708,-2.7878450788330067,0.37999725341796875,1.0728563581194197,21.79599086738177,19.324447572465033,73.37371992788718,66.5152792481382,0.09805546855216049,1554047.85,1.2470980221104517,53.05937097222573,-4295917,-0.2923771353683493,-2.0472627349228247,5.85953641368665,-8.561687513710554,51.11591670189303,0.8560707820085324,0.7768679311345912,0.0
2023-07-07,68.9800033569336,69.0,68.7300033569336,68.94000244140625,1361935,69.0239990234375,68.57600021362305,69.83849983215332,71.10619979858399,69.44939994812012,65.94334993362426,69.01410017876648,69.50315299528899,70.14610707949969,67.09977183613246,37.70492526936503,0.3191065567542453,-0.6261971622384124,-0.6753060280780618,0.04910886583964946,-3.5129385780858113,0.850006103515625,1.0392848423549108,22.015183693229325,19.41534779999187,73.25356960850812,66.42343005579852,0.09779905881605194,1588456.7,0.8573951055763749,-29.72652924331157,-5657852,-1.2865359263249858,-3.0464254359165945,4.544283101780983,-9.610586763184964,49.38244888843115,-1.0897541297900735,0.3928366504861644,0.0
2023-07-10,72.38999938964844,72.38999938964844,69.51000213623047,69.6500015258789,1162165,69.25399932861328,68.8,69.6879997253418,71.03019989013671,69.4784999847412,66.01669994354248,69.14128044818898,69.51713856963089,70.12665195974985,67.12514725593093,40.35088213662762,0.4385575491611443,-0.5380053702060081,-0.6478458965036512,0.10984052629764307,0.4181097361237063,2.2399978637695312,1.254284449986049,20.665114643089243,19.529221907987555,72.8342414130676,66.54175803761599,0.09029507806583478,1555445.45,0.7471589569405986,-14.668100900556924,-4495687,-0.054526173247404476,-1.9431148531083648,5.503609822126267,-8.67968455298118,50.92090839221799,5.004347006187623,4.143284656751344,0.0
2023-07-11,73.12999725341797,73.12999725341797,69.80000305175781,70.0,1185812,69.45,68.95199966430664,69.57049980163575,70.96859985351563,69.51809997558594,66.08714994430542,69.31302435855119,69.56312537252319,70.12168521623026,67.1537527558719,43.34252038011115,0.7675682149465934,-0.43485801531961954,-0.6052483202668449,0.1703903049472254,2.8051164118604976,1.5199966430664062,1.4721412658691406,20.798908599595727,19.33431522491699,72.46348430283999,66.67751530043151,0.08316698915353254,1575681.8,0.7525707284300676,2.0347368919215514,-3309875,0.6173596561601152,-1.3648287489324689,5.920742623932352,-8.220790506139878,51.67930159384081,4.996404380904497,4.770765123306531,0.0
2023-07-12,70.08999633789062,70.11000061035156,69.76000213623047,69.88999938964844,417321,69.64400024414063,69.06099929809571,69.45149993896484,70.9065998840332,69.5607999420166,66.15669994354248,69.42841936477065,69.59425623129702,70.11259949754077,67.18097909053635,52.9741833283384,1.0,-0.3578638912022569,-0.5557714344539273,0.19790754325167037,3.678972842027961,1.089996337890625,1.3314268929617745,20.79794770049594,19.32965708596506,72.05861708988763,66.84438278804205,0.07507734615419302,1570059.3,0.265799514706228,-64.80715324182923,-3727196,0.6313750618330122,-1.4337177301512098,5.643116191242797,-8.365015778452857,51.44094708308336,0.12856619698660712,0.5017179807959309,0.0
2023-07-13,71.83000183105469,72.23999786376953,71.7699966430664,72.1500015258789,4576374,70.1260009765625,69.4379997253418,69.48499984741211,70.8613998413086,69.62669998168946,66.23549995422363,69.97273579699231,69.83766054506673,70.19249761629912,67.23042209984325,70.50510515092736,1.0,-0.11317756780758259,-0.46725266112465835,0.35407509331707576,5.359226035396691,3.7700042724609375,1.3892838614327567,23.616132194205477,20.31673789811899,72.21613317893228,66.75386651589194,0.07861073145334078,1757338.5,2.604150537873039,996.6076473506007,849178,3.8353625736764667,1.818481835605963,8.929503930283431,-5.401855642486177,56.33802630628373,2.775794045426173,0.6548714542102896,0.0
2023-07-14,73.5,73.83999633789062,73.33000183105469,73.61000061035156,2972875,71.06000061035157,70.04199981689453,69.65949974060058,70.83059982299805,69.71479995727539,66.31784996032715,70.70018875966417,70.1969310274748,70.32651734155608,67.29390049298264,79.02622284705197,1.0,0.19628517740609652,-0.33454509341850736,0.5308302708246039,6.991275211100234,6.040000915527344,1.4285692487444197,23.386780341960876,20.65197997546538,72.95012669772109,66.36887278348007,0.09447747886143915,1798814.95,1.652685285943393,-35.03863539125081,3822053,5.6711588289636525,3.924011365566699,10.995758539196824,-3.4876047591338923,59.501621184290286,1.8710997166602603,0.695478650076835,0.0
2023-07-17,73.52999877929688,74.0199966430664,73.52999877929688,73.80999755859375,1413693,71.89199981689453,70.5729995727539,69.7754997253418,70.7881997680664,69.803099899292,66.40419994354248,71.32215051945009,70.54103260186709,70.4631244088909,67.35873727970515,77.16615531783343,0.9641836986695997,0.4524590485597173,-0.1771442650228624,0.6296033135825797,7.940919162444637,5.30999755859375,1.3785694667271204,22.519827225325503,20.18548621743664,73.47587982647084,66.07511962421276,0.10606531277296173,1820355.8,0.7766025740682123,-52.44694109237691,5235746,5.782112416439858,4.268787453880868,11.15260423489441,-3.225382447550286,59.93498400472278,-0.1086833723561158,0.6663917746555099,0.0
2023-07-18,73.87999725341797,74.25,73.80999755859375,74.05000305175781,1276415,72.70200042724609,71.07600021362305,69.89099998474121,70.76419982910156,69.90249992370606,66.4981499671936,71.86772102591164,70.87522026376143,70.6037863164543,67.42531703863105,76.97842911246501,0.9605689598316433,0.6671545818406344,-0.008284495650163065,0.6754390774907975,9.590059769424508,5.030006408691406,1.3099986485072546,22.517266869263665,20.122191505590525,73.97398601264261,65.80801395683982,0.11683867819298069,1849663.6,0.69007953662493,-9.710594874559042,6512161,5.950699042687332,4.643312904818545,11.356485989895763,-2.910703669881976,60.45503922732007,0.0948376874943666,0.5961285136975597,0.0
2023-07-19,74.05000305175781,74.44999694824219,74.05000305175781,74.41999816894531,953889,73.60800018310547,71.62600021362304,70.03950004577636,70.7479997253418,69.99339988708496,66.59504995346069,72.37817645451837,71.21281815949322,70.75344168321865,67.4949158558481,81.19840003152648,1.0,0.857275711772644,0.16482754583439835,0.6924481659382455,8.642333093350828,5.5,1.293569837297712,22.44564584546684,20.13257350854411,74.55442240220967,65.52457768934306,0.12892503097487684,1870433.8,0.5099827644260919,-25.268114210503633,7466050,6.254325231199459,5.190250548226045,11.750044817074265,-2.425591393138306,61.25676209829338,0.0,0.5401672923697197,0.0
2023-07-20,74.68000030517578,74.87000274658203,74.5,74.76000213623047,957020,74.13000030517578,72.12800064086915,70.30950012207032,70.7347998046875,70.08979988098145,66.69874996185303,72.85454159086079,71.55064520489677,70.91056170098383,67.5672052715733,89.03370853532057,1.0,1.0235843128216544,0.3365788992318496,0.6870054135898048,8.316438383571967,5.0200042724609375,1.2407128470284599,19.062852845494753,20.152312659695717,75.27654749516552,65.34245274897512,0.1412909312246989,1689033.75,0.5666079792662521,0.32823525588407954,8423070,6.329872928172231,5.690554497443035,12.086061851215968,-1.9798014596781928,61.993498731106925,0.34937132844349483,0.49664798198930366,0.0
2023-07-21,74.1500015258789,74.1500015258789,73.36000061035156,73.44999694824219,1095316,74.0979995727539,72.57900009155273,70.57750015258789,70.72599975585938,70.17209983825684,66.78884994506836,72.97363266233707,71.73153584712014,71.01014739695475,67.62574051213718,75.80812741650622,0.7475370865929235,1.0377164574755398,0.47680641088058767,0.5609100465949521,6.5728364765657465,4.5099945068359375,1.264284406389509,18.940567679867833,20.474838210920048,75.61817577712947,65.53682452804631,0.14284086610162403,1589355.95,0.6891571394060594,14.450690685670109,7327754,4.069989429271352,3.8514792322283693,9.973441687725419,-3.697390610912765,59.15491770255876,-0.8159451483695741,1.0768823731659969,0.0
2023-07-24,73.6500015258789,73.6500015258789,72.87999725341797,73.2300033569336,1102428,73.98200073242188,72.9370002746582,70.86850013732911,70.76879989624024,70.2590998840332,66.8743999671936,73.02490680125638,71.87424703853095,71.0972005718559,67.68150432153814,72.65882538446756,0.680980492640786,1.0194134756900013,0.5853278238424704,0.4340856518475309,5.004309721920919,3.5800018310546875,1.2764276776994978,18.416743517481713,20.48338109711782,75.8102464828347,65.92675379182351,0.13946242225895758,1490359.1,0.7397062895781291,0.6493103360126318,6225326,3.3322325363572833,3.477808673175073,9.50379127567178,-3.985831152398738,58.67822521277579,0.2723003212343976,1.0565371864429172,1.0
2023-07-25,73.27999877929688,73.3499984741211,72.76000213623047,73.16999816894531,615473,73.80599975585938,73.25400009155274,71.10299987792969,70.79559982299804,70.35179985046386,66.95584995269775,73.05392507479417,71.99765190809423,71.1784867521339,67.73611620061682,72.97297297297297,0.687100793347656,0.9886695464664825,0.6659961683672728,0.3226733780992097,6.135763820336737,3.1699981689453125,1.2857131958007812,17.965206661157488,20.457605559728293,76.01252325995279,66.1934764959066,0.13809609694251473,1463542.4,0.4205365010265504,-44.171138614041006,5609853,2.9070479368862983,3.35387842165855,9.280963830102479,-4.064505848385808,58.548203141260515,0.06827177396073075,0.8108800447613503,1.0
2023-07-26,73.41000366210938,73.63999938964844,73.16000366210938,73.58000183105469,728258,73.63800048828125,73.62300033569336,71.34199981689453,70.84219985961914,70.45849987030029,67.02264995574951,73.15914042604628,72.14835190075712,71.27266381405236,67.79426431634258,71.71946970553485,0.6626797339014734,0.9860223778531889,0.7300014102644561,0.25602096758873283,5.642498519853678,3.69000244140625,1.2392839704241072,17.97743392358037,20.487491593103336,76.24485761105636,66.4391420227327,0.13744660387276625,1460654.7,0.49858327228194316,18.324930581845187,6338111,3.137004877777728,3.8646484395752405,9.783784854276197,-3.5269371055574346,59.43661841439861,0.3280107956404531,0.6560903547188575,1.0
2023-07-27,74.22000122070312,74.48999786376953,74.0999984741211,74.1500015258789,1069483,73.51600036621093,73.82300033569337,71.63050003051758,70.90619995117187,70.57519989013672,67.09424995422363,73.35731264601282,72.33898519838776,71.38550058706517,67.85750548260661,80.25548256981864,0.819685367205023,1.0181817242207245,0.7876374730557099,0.23054425116501465,5.928573608398446,2.0,1.2321412222726005,17.67802892359445,20.16088298106149,76.47823061313547,66.7827694478997,0.1353538110316848,1465822.8,0.7296127471888143,46.85496074193487,7407594,3.51735851946854,4.57477847768011,10.516179220230056,-2.779592514090173,60.67172063753632,0.8698007253627488,0.5263149766253262,1.0
2023-07-28,72.80000305175781,72.80000305175781,72.22000122070312,72.4000015258789,2031445,73.30600128173828,73.70200042724609,71.87200012207032,70.94080001831054,70.66159992218017,67.15379995346069,73.16585042198604,72.34479627719644,71.42528493760689,67.90270444821131,64.24869114500896,0.4575536686391515,0.8921734431785353,0.8085446670802751,0.08362877609826025,3.5913609359713883,-1.2099990844726562,1.1235700334821428,19.525513741601852,20.631585259031073,76.33389397885192,67.41010626528872,0.1241622286621588,1446603.55,1.4042859220136712,89.94645076172318,5376149,0.7346413108189686,2.056928463157635,7.812218483621132,-5.074072751436676,56.8797380976903,-1.820631755010732,0.8031041557064109,1.0
2023-07-31,73.73999786376953,73.73999786376953,72.43000030517578,72.68000030517578,639962,73.19600067138671,73.5890007019043,72.0810001373291,70.97020004272461,70.7562999343872,67.22594995498658,73.06868039862398,72.37672047033733,71.47448946182529,67.95023973037017,63.98746168383279,0.3054193945227516,0.8056178726970415,0.8079593082036284,-0.002341435506586831,0.7345790271491071,-1.1299972534179688,0.9707129342215401,19.15158201152409,20.52734187848357,76.26050449207146,67.90149578258674,0.11596688022584452,1377315.95,0.46464429603098695,-68.49720273007638,6016111,0.8310097899660995,2.4091805594768716,8.11301343282044,-4.7069575139636335,57.48645265898856,1.8508236321122897,1.8086394492257634,1.0
2023-08-01,73.51000213623047,73.69999694824219,73.19000244140625,73.37000274658203,1042233,73.23600158691406,73.52100067138672,72.29850044250489,71.00400009155274,70.85459995269775,67.30669996261597,73.1289448682156,72.47131878236064,71.54882331612947,68.00416772058125,67.12598173903444,0.12530899634630172,0.7836657786405539,0.8031006022910135,-0.019434823650459676,-0.3260397524514902,-0.6800003051757812,1.0185699462890625,19.223259809993355,20.558093515226076,76.25403957731895,68.34296130769083,0.1094224392097783,1390317.75,0.7496365489112111,62.85857597794868,7058344,1.4820532895135923,3.3322103712164965,9.008468380315474,-3.802273533662216,58.98158249342492,1.1419948095343917,0.696808976395682,1.0
2023-08-02,73.0999984741211,73.12999725341797,72.2699966430664,72.97000122070312,937930,73.11400146484375,73.3760009765625,72.50100059509278,71.06500015258788,70.94709995269776,67.38579996109009,73.0971561387131,72.51881234791706,71.6045557829755,68.05357899918944,54.93975084084092,0.0,0.7256272267753019,0.7876059271878713,-0.061978700412569365,-1.1380522499323975,-1.4499969482421875,0.9292847769601005,19.40020225606531,20.584024174098385,76.12943758555049,68.87256360463506,0.1000934321092199,1373903.85,0.682675137710692,-10.007647042455957,6120414,0.6468884867253721,2.680645977661154,8.286910985456087,-4.326728159969415,58.11484032082801,-0.36800362866759706,1.1899829117178617,1.0
2023-08-03,72.97000122070312,72.97000122070312,70.86000061035156,71.13999938964844,3218783,72.51200103759766,73.0140007019043,72.57100067138671,71.07940017700196,71.04549995422363,67.45709995269776,72.70572478890017,72.38749682808195,71.58633788519798,68.08428964984078,35.755493683539896,0.0,0.5259031186853491,0.7352653654873669,-0.20936224680201776,-3.9297819610829787,-3.6200027465820312,0.9592851911272321,21.502944485534794,21.194714530007708,76.0249861406946,69.11701520207883,0.09518913718574967,1437940.5,2.238467447018844,243.1794483596857,2901631,-1.9718637864979731,0.08525566126835009,5.459617207874632,-6.726101323205354,54.149506040116236,0.0,2.977703347695602,0.0
2023-08-04,71.2300033569336,71.37000274658203,70.83999633789062,71.13999938964844,1260572,72.26000061035157,72.78300094604492,72.68100051879883,71.10780014038086,71.14749996185303,67.53369995117187,72.39257970904983,72.26868754823114,71.56883441478428,68.11469472187868,34.23853025900257,0.0,0.36343091868683075,0.6608984761272596,-0.29746755744042885,-4.407415829076955,-2.30999755859375,0.9621429443359375,20.99518033159839,20.80098027041527,75.76880987339258,69.59319116420507,0.0849688180556926,1432872.35,0.8797517797031954,-60.83699957406261,2901631,-2.1202255309512563,0.04528230265035604,5.339999794301202,-6.726101323205354,54.149506040116236,0.1265166826783143,0.7481739639897729,0.0
2023-08-07,71.1500015258789,71.18000030517578,70.94000244140625,71.04000091552734,947339,71.93200073242187,72.56400070190429,72.75050048828125,71.13360015869141,71.24529998779298,67.61129995346069,72.12206395034534,72.15166977368793,71.54809584618597,68.1438022461936,31.932780805820684,0.0,0.22401913535425422,0.5735226079726585,-0.3495034726184043,-4.975924444095659,-2.19000244140625,0.9478569030761719,20.762717973062976,19.23663655584268,75.60480513350154,69.89619584306095,0.07846831639818261,1422131.05,0.666140437620007,-24.848481483009298,1954292,-2.351185986726556,-0.13158232249633697,5.0711951470046515,-6.857212478997157,53.93282462989999,0.014059792404108677,0.33831104526358086,0.0
2023-08-08,70.48999786376953,70.48999786376953,70.0999984741211,70.31999969482422,1959340,71.3220001220703,72.27900085449218,72.76650047302246,71.13600021362305,71.3175,67.68359994888306,71.76165109924112,71.97722500427234,71.49993521279924,68.16545595215013,26.38253961696641,0.0,0.054804459748666545,0.46977897832786014,-0.4149745185791936,-4.261398752165468,-2.8499984741210938,0.986428941999163,21.07066694935261,19.224441350098047,75.55880088166217,69.97420006438276,0.07674686539790175,1460807.45,1.341271910955821,106.82564530754037,-5048,-3.3621251019282714,-1.1470992413804009,3.8951825079225397,-7.801228805722116,52.37269202557194,-0.7742159975642643,0.5563472156028848,0.0
2023-08-09,71.12999725341797,71.12999725341797,69.33999633789062,69.41000366210938,2844894,70.61000061035156,71.86200103759765,72.74250068664551,71.12500030517577,71.3625,67.75209997177124,71.29132161181478,71.73272773359015,71.41797711277219,68.17783951145321,21.081113181355917,0.0,-0.15098796915887647,0.34562558883051286,-0.49661355798938933,-5.216440693311164,-4.1699981689453125,1.0821429661342077,21.586334760564597,19.33525478117381,75.64497748854818,69.84002388474285,0.07980140288016023,1582186.1,1.7980779884237383,45.19654577561831,-2849942,-4.581224171673187,-2.4112430730514864,2.447014470442824,-8.994353327509504,50.40086970135261,1.151873666252829,2.5814840064380036,0.0
2023-08-10,69.61000061035156,69.6500015258789,69.04000091552734,69.4800033569336,1665309,70.27800140380859,71.39500122070312,72.60900077819824,71.11100036621093,71.40330001831055,67.82044998168945,70.92905796083855,71.51818255486096,71.341978141955,68.1907963656371,25.21852351729281,0.06991895948693568,-0.30491667177385295,0.21551713670963968,-0.5204338084834926,-5.0430434663832235,-4.6699981689453125,1.025714329310826,17.962708583485963,19.321239875916714,75.85187650301178,69.36612505338469,0.08932434519295183,1436632.85,1.159175080814837,-41.46323202200153,-1184633,-4.309379536598944,-2.2935931162238585,2.446980778942339,-8.902574518141245,50.55254834167717,0.2881385069734047,0.8835466429062158,0.0
2023-08-11,72.18000030517578,72.18000030517578,69.11000061035156,69.25,2041383,69.9000015258789,71.08000106811524,72.39100074768066,71.09000030517578,71.43340003967285,67.88994998931885,70.59324636867083,71.30216516868373,71.25993978344697,68.2013357052825,25.18704831340213,0.06938705345707918,-0.4403890949253224,0.08433589038264726,-0.5247249853079696,-5.884753633190587,-3.1500015258789062,1.189999716622489,15.98727283161078,19.316594369929188,75.92378135490272,68.85822014045861,0.09760275644028137,1390058.25,1.4685593211651382,22.58283597818782,-3226016,-4.338938148719126,-2.588268810348865,2.003315676171696,-9.20413917928838,50.05416621962109,3.886005782659116,4.442193123587359,0.0
2023-08-14,69.19999694824219,69.80000305175781,69.04000091552734,69.31999969482422,1294150,69.55600128173828,70.74400100708007,72.16650085449218,71.04680023193359,71.46770004272462,67.9518999862671,70.33859703390152,71.11338750450663,71.1838637015402,68.21246669025307,26.02742589374533,0.08358876931866047,-0.5359257574093022,-0.03971643917574262,-0.4962093182335595,-6.513825666435058,-3.3600006103515625,1.2021429879324776,15.917082200896349,19.247797169518275,75.88535893801475,68.44764277096962,0.10306327837678644,1384081.1,0.935024688943444,-36.60425309704255,-1931866,-3.944352470971687,-2.4305113410768637,2.0133354752900425,-9.112360369920118,50.20584485994565,-0.07220657293546931,1.1008142035808426,0.0
2023-08-16,69.33000183105469,69.73999786376953,69.18000030517578,69.68000030517578,983234,69.4280014038086,70.37500076293945,71.94800071716308,71.02780029296875,71.48860008239745,68.01769998550415,70.20687768815638,70.97687443790369,71.12488866638866,68.22706901477966,25.563910493281256,0.0757557259714432,-0.5759510054537742,-0.14696335243134895,-0.42898765302242525,-3.7569076842227433,-3.69000244140625,1.207857404436384,16.03430698419247,19.22811229409848,75.71411861564322,68.18188281868295,0.10468999446656566,1369422.05,0.717991944119784,-24.02472665456091,-948632,-3.152277185439948,-1.8975668431708286,2.4439231553344163,-8.640352206557639,50.985911162109666,0.01442893288300975,0.8094789767612262,0.0
2023-08-17,69.69000244140625,69.69000244140625,68.79000091552734,69.16999816894531,3248169,69.38000030517578,69.99500045776367,71.68550071716308,70.99660018920899,71.5067000579834,68.07669998168946,69.99950178431416,70.80479098371717,71.0482262939399,68.2364513944231,18.560607885050544,0.0,-0.6414302048978584,-0.24585672292465086,-0.3955734819732075,-4.829392021866175,-3.8000030517578125,1.2071435110909599,15.81157750356913,18.604182980779438,75.45799705321471,67.91300438111145,0.10525130739997504,1484136.05,2.1885924811273196,230.35564270560212,-4196801,-3.5090813665970546,-2.5728020995311116,1.6059800013072283,-9.309032105177815,49.88081447875532,0.014354386031375775,1.3083318998412123,0.0
2023-08-18,69.5999984741211,69.8499984741211,69.44999694824219,69.62999725341797,1281747,69.40999908447266,69.84400024414063,71.42900047302246,70.9750001525879,71.52870002746582,68.13879997253417,69.92560087813493,70.69290586654581,70.9926094688214,68.2503175223733,29.11008874486771,0.2172222722208443,-0.6487267423972725,-0.3264307268191752,-0.3222960155780973,-5.097458570475921,-1.5100021362304688,1.1178577968052454,15.97050985120112,18.596119358811702,75.01427441498855,67.84372653105636,0.10038706738785157,1500372.4,0.8542859092849215,-60.539399273867836,-2915054,-2.5185893792311154,-1.8950375431889104,2.188470124928642,-8.705912786023532,50.87756219113558,0.6216572452778161,0.5759561460845111,0.0
2023-08-21,69.69999694824219,69.8499984741211,69.52999877929688,69.7300033569336,1160461,69.50599975585938,69.70300064086913,71.24300079345703,70.94840026855469,71.54340003967285,68.2018999862671,69.88648137389467,70.60120086563036,70.94309550364933,68.26504076450823,27.131849882188178,0.17648874737189982,-0.6390728106146781,-0.38895914357827577,-0.25011366703640237,-4.440177894433517,-1.4099960327148438,1.0450008937290736,15.148566312258243,18.48598214607262,74.77235575812956,67.7136458287845,0.09907934605125931,1503629.65,0.771773155710251,-9.462553842528987,-1754593,-2.1237137959837153,-1.7173000476532367,2.2405583583070174,-8.574791627091743,51.09426013308374,0.10053094583567951,0.4602325621203682,0.0
2023-08-22,70.61000061035156,71.05000305175781,70.5999984741211,70.94999694824219,1715367,69.83199920654297,69.69400024414062,71.12900047302246,70.91420013427734,71.56309997558594,68.26454998016358,70.09918448876418,70.63441954016483,70.94336614853533,68.29175674643592,32.66472324876514,0.38769784601178137,-0.5269048817277451,-0.4165482912081696,-0.11035659051957547,-0.267082433281407,-0.09000396728515625,1.066429683140346,16.717226486658188,18.824607525750082,74.5331897287389,67.72481121730601,0.09571874293404627,1534276.6,1.1180298259127461,47.817720716163656,-39226,-0.2516603967296889,0.05047904918488631,3.9338821816872005,-6.97521952140777,53.73779978849302,1.2620066127251468,0.6374002653862252,0.0
2023-08-23,71.18000030517578,71.80000305175781,71.18000030517578,71.62000274658203,2645515,70.21999969482422,69.82400054931641,71.0515007019043,70.89960021972657,71.5951000213623,68.33079999923706,70.40334814032775,70.72828460744266,70.96990091708619,68.32487362205927,40.689675493252984,1.0,-0.37957165573250506,-0.40915296411303675,0.02958130838053169,0.6747306171658973,1.3000030517578125,1.0485725402832031,17.166475533373553,18.875761177577992,74.32823475207661,67.774766651732,0.0922354635103291,1635778.7,1.617281726434022,54.224431273307694,2606289,0.8001267236604502,1.0160882778222304,4.813645892308737,-6.09675377100872,55.18959995357889,0.32417669743013594,0.8710350434445676,1.0
2023-08-24,72.0,72.80000305175781,71.8499984741211,72.54000091552734,2927644,70.89400024414063,70.1370002746582,70.99950065612794,70.90500030517578,71.63740005493165,68.40860000610351,70.83067869536767,70.90082901773644,71.03147346604466,68.3668151871684,61.04101458850032,1.0,-0.18642387082626044,-0.3646071454556815,0.17818327462942107,2.111486459274725,3.1299972534179688,0.9821439470563617,17.715823860194664,19.02902106058451,74.13734834286547,67.8616529693904,0.08839069733560735,1745748.0,1.677014093672168,10.664426397128723,5533933,2.169733934975849,2.305903114469375,6.0393004813067686,-4.890515132700155,57.18309537833943,0.530574195539393,1.3222054249296762,1.0
2023-08-25,71.98999786376953,72.69999694824219,71.98999786376953,72.55000305175781,1535518,71.47800140380859,70.44400024414062,70.91950073242188,70.92640029907227,71.6709001159668,68.47975002288818,71.1745435666457,71.05789321145276,71.09102364587656,68.40843894701507,61.10238036880578,1.0,-0.03217487895454951,-0.2981206921554551,0.2659458132009056,3.1712220799365642,3.0699996948242188,0.9950005667550224,17.43969562520173,19.021875911583763,73.78928233761772,68.04971912722604,0.08093067705097019,1769049.75,0.8679902868757648,-47.55106836760207,7069451,2.2990888295841088,2.289137395721998,5.94373231139018,-4.877401016178978,57.20476847888063,-0.7582065685362891,0.9862468475359938,0.0
2023-08-28,72.55999755859375,72.66999816894531,72.44999694824219,72.4800033569336,703440,72.02800140380859,70.76700057983399,70.9235008239746,70.9736003112793,71.68900016784669,68.54230003356933,71.43563552470329,71.19333227292714,71.14549343846704,68.44895202572073,61.39241117560142,1.0,0.08345811485018828,-0.22180493075432645,0.3052630456045147,4.422993131896513,3.2300033569335938,0.9935722351074219,15.223551803681634,19.022834595276077,73.80218058420294,68.04482106374627,0.08117703516562012,1702649.5,0.4131443376925198,-54.18874933410094,6366011,2.1946216908018665,2.1224836263729654,5.744924406440589,-4.96917982554724,57.05308983855607,0.013776025383220631,0.30365939264330466,0.0
2023-08-29,72.70999908447266,72.9000015258789,72.55999755859375,72.69000244140625,861990,72.37600250244141,71.10400085449218,70.92400093078614,70.99760040283203,71.71200019836425,68.60210004806518,71.68650890804389,71.33587228897277,71.20606241897447,68.49115153234447,70.39587461541188,1.0,0.18985473935769903,-0.13947299673192134,0.3293277360896204,4.620033001412227,3.3700027465820312,0.9564290727887835,15.195347212409368,18.73110278390289,73.80396873228914,68.04403312928314,0.08121278449346153,1713750.9,0.5029844185639816,22.53923575571477,7228001,2.489991381540268,2.3837454068471686,5.958858971484738,-4.693843397442457,57.50812575952976,0.3173230089496962,0.4685832121350277,0.0
2023-08-30,73.3499984741211,73.69000244140625,73.3499984741211,73.4800033569336,1984076,72.74800262451171,71.48400115966797,70.92950096130372,71.03240051269532,71.71730026245118,68.6667000579834,72.04520779782183,71.54007524782618,71.29523657340424,68.54079184900706,85.76443313967131,1.0,0.3340703473830473,-0.04476432790892762,0.3788346752919749,6.108308096655013,3.8000030517578125,0.9000004359654018,15.314679784209986,18.676697549624826,73.82948780580845,68.02951411679898,0.08177096427301397,1760843.05,1.1267761769000366,130.17389992923353,9212077,3.595827351191049,3.445755495481004,7.009661589803716,-3.6580482613492373,59.21993700418236,0.9079598439233119,0.4635364340261226,0.0
2023-08-31,73.5,73.51000213623047,73.0999984741211,73.29000091552734,984164,72.89800262451172,71.89600143432617,70.94550094604492,71.06920059204101,71.71800025939942,68.72525005340576,72.29416642136293,71.70673483522629,71.37346262603651,68.58804766061424,82.78820269720168,0.9557133774574091,0.4280958244715549,0.049807702567168884,0.37828812190438604,5.7270646828920135,4.120002746582031,0.8857149396623883,15.210281869911347,18.68780189257951,73.89598123886341,67.99502065322642,0.08317596615639884,1763154.75,0.5581835627303843,-50.39685979770936,8227913,3.304649256427767,3.124842132718509,6.64202874281921,-3.907166459551653,58.808230752559155,0.027213720948366504,0.560880534429183,0.0
2023-09-01,73.30000305175781,73.61000061035156,72.86000061035156,73.55000305175781,1554996,73.09800262451172,72.28800201416016,71.0660011291504,71.15300064086914,71.7211003112793,68.78725006103515,72.5453337474419,71.88228418918168,71.45881715253539,68.63742035107337,86.81502151641754,1.0,0.5176248350581858,0.14337112906537228,0.3742537059928135,5.553964881792006,3.9200057983398438,0.7200006757463727,11.841570075093522,18.696581909353462,74.23843277143177,67.89356948686901,0.08928127633116785,1679965.4,0.9256119203407404,58.001715161294264,9782909,3.495345007654458,3.3688001760980897,6.923889218563984,-3.566269451980977,59.371615644506925,0.013647340845304425,1.0293713885770184,0.0
2023-09-04,73.5999984741211,73.5999984741211,72.3499984741211,72.43000030517578,2654036,73.08800201416015,72.55800170898438,71.13050117492676,71.23980072021484,71.70970031738281,68.84050006866455,72.52226705898869,71.93444762880017,71.49690276636443,68.67515746504455,72.56889694027603,0.7912790716643918,0.492524839806876,0.213201871213673,0.279322968593203,4.713029091410448,2.6999969482421875,0.7550005231584821,13.291801878543627,18.958437552518536,74.36118775292718,67.89981459692635,0.09083829087764732,1749638.6,1.5169052626068034,70.67799531317122,7128873,1.8269224998896625,1.67069471409008,5.214227428520859,-5.0347404050131335,56.94474086758199,0.06797473866601883,1.7277125450764357,0.0
2023-09-05,72.19999694824219,72.19999694824219,71.11000061035156,71.2300033569336,2758623,72.79600219726562,72.58600234985352,71.14000129699707,71.31620071411133,71.68350036621094,68.88885007858276,72.26381431857767,71.86735769814622,71.48643612285734,68.70057881720265,60.025878711552046,0.607510468853339,0.3715205303934539,0.2448656030496292,0.1266549273438247,2.2978689740463576,0.28000640869140625,0.809286390032087,14.680672910851067,18.712171420292318,74.37068479078557,67.90931780320857,0.09082607351385799,1840202.8,1.499086405041879,3.94067751906908,4370250,0.12651399816648942,-0.12086644593320643,3.3984502218867565,-6.6080942807947425,54.34453088152319,-0.31755261074761854,1.5328312874911618,0.0
2023-09-06,71.4800033569336,71.5,70.86000061035156,71.12000274658203,1732555,72.32400207519531,72.53600234985352,71.18000144958496,71.3690007019043,71.64610038757324,68.9415500831604,72.03505200417854,71.79618103609249,71.47206618653283,68.72465268714673,63.30151473990876,0.6060278612434972,0.2637077546096549,0.24863403336163434,0.01507372124802056,1.9934021550713554,-0.5,0.7907148088727679,14.187112369119195,18.695949101687866,74.38766488173385,67.97233801743607,0.09012822047835443,1828863.55,0.9473396744114672,-37.19493384924291,2637695,-0.08429151697254196,-0.3488881067037595,3.1598544865815903,-6.7523195531077205,54.106176370765745,0.3509756959398834,0.9031885183965739,0.0
2023-09-07,70.4000015258789,70.5,70.16999816894531,70.4000015258789,3289103,71.74600219726562,72.32200241088867,71.22950134277343,71.40100067138673,71.60390037536621,68.98945009231568,71.70804190851862,71.66321155892929,71.43002443513464,68.74132282484555,55.0724841632507,0.4681492875797182,0.11879784424307616,0.22266679553792273,-0.10386895129484658,-0.7751873798733211,-2.1399993896484375,0.8100008283342633,13.857242900531187,18.80501457668463,74.35157050216249,68.10743218338438,0.08766224950431455,1851074.0,1.7768619731031823,89.84118830282443,-651408,-1.164545309537931,-1.4019399393501222,2.04459005206702,-7.696335879832679,52.54604376643771,-1.0123751306206574,0.47028906892680283,0.0
2023-09-08,70.41000366210938,70.48999786376953,70.04000091552734,70.16999816894531,3130300,71.07000122070312,72.08400192260743,71.26400108337403,71.43680068969726,71.56880035400391,69.04065008163452,71.40043316060397,71.52100075988321,71.38061164038211,68.75553849991124,52.849704064822106,0.3727584419994747,-0.014437229038762212,0.17524599062258575,-0.18968321966134796,-2.024580455221947,-2.3800048828125,0.8192863464355469,13.928075022840197,18.686135827429652,74.31920369882417,68.20879846792388,0.0857432243209517,1924323.55,1.6267014972612064,-4.82815527516165,-3781708,-1.5351410218306505,-1.7733192255552008,1.635772673020073,-7.997900540979813,52.04766164438161,0.014207579564883934,0.6424856401485662,0.0
2023-09-11,70.36000061035156,70.98999786376953,70.05000305175781,70.61000061035156,2529960,70.70600128173828,71.89700164794922,71.33200111389161,71.49760070800781,71.54490036010742,69.08965007781983,71.24234665055349,71.4342388408802,71.35039159998875,68.77399085921911,47.550464908172664,0.14874228610608428,-0.08355924578228269,0.12348494334161206,-0.20704418912389475,-2.660601434818377,-1.8700027465820312,0.7921431405203683,13.994809233673584,18.310885503629493,74.25619368886545,68.40780853891776,0.08198823891972294,1948752.4,1.298245995745791,-19.178353512442893,-1251748,-1.0121691418515921,-1.2414403964143574,2.20054744932023,-7.420999451727897,53.0010796874114,0.2707744710906066,1.3418911792440398,0.0
2023-09-12,70.61000061035156,70.83999633789062,70.19999694824219,70.29000091552734,1995787,70.51800079345703,71.65700149536133,71.38050117492676,71.53340072631836,71.50210037231446,69.13725008010864,71.05187750354827,71.32526380037041,71.3088076515785,68.78907553639631,39.90895682395464,0.0,-0.16228947107121883,0.06633006045904588,-0.2286195315302647,-3.1150958527433326,-2.4000015258789062,0.7771426609584263,14.130943570258042,17.888792837801184,74.19427762616886,68.56672472368467,0.0788387978489135,1983834.25,1.0060250749275046,-21.1138911287135,-3247535,-1.5277284993096556,-1.7382087223116607,1.6673368322908704,-7.840561152145659,52.30768925568026,0.0,0.9116800818671019,0.0
2023-09-13,70.29000091552734,70.3499984741211,69.77999877929688,70.05000305175781,2417194,70.30400085449219,71.31400146484376,71.39900131225586,71.55400085449219,71.46320037841797,69.18020009994507,70.85150261319018,71.20381039574065,71.25944276531102,68.80162207883772,28.93406847336236,0.0,-0.24126837208466156,0.0048103739503043905,-0.24607874603496596,-3.3526492723917944,-3.4300003051757812,0.7335711887904576,14.098617269753452,17.88260292250294,74.1702458380977,68.62775678641403,0.07762698286834845,2055532.25,1.1759455488961557,21.1148283859951,-5664729,-1.889379733195918,-2.1019059518318373,1.2573004278046818,-8.155229926673984,51.78765056481489,0.0,0.8168525434158259,0.0
2023-09-14,70.05999755859375,70.1500015258789,69.05999755859375,69.26000213623047,5413916,70.0760009765625,70.91100158691407,71.40350151062012,71.5608009338379,71.41910041809082,69.22105010986328,70.53320251779824,71.01868579959682,71.1810333288765,68.80618307443368,25.41109145794202,0.0,-0.36341694736991315,-0.06883509031373912,-0.294581857056174,-4.718668578860797,-4.029998779296875,0.7607143947056362,14.451621270756892,18.008210513776948,74.15975715077599,68.64724587046425,0.07720225428289178,2163819.6,2.502018190425856,123.97523740336935,-11078645,-3.0019527460720363,-3.215166358653041,0.05627193795147847,-9.191025062767203,50.07583932016229,0.014267675089968039,1.5783434778727665,0.0
2023-09-15,70.0199966430664,70.80000305175781,69.87000274658203,70.7300033569336,2185132,70.18800201416016,70.62900161743164,71.4585018157959,71.58060104370117,71.38910041809082,69.2675001335144,70.57256268562531,70.9911922336289,71.16334587899638,68.82532556480682,39.18419350153814,0.2243032657759832,-0.33771083977525507,-0.1226102402060423,-0.21510059956921276,-3.7425147990831076,-2.8199996948242188,0.8550000871930804,16.121648679802945,17.49025882245886,74.10756406188258,68.80943956970921,0.07414267522471653,2208988.85,0.9892001039299043,-59.6386054013398,-8893513,-1.019470658285296,-1.1883075503211646,2.1113844452307187,-7.263660062893742,53.261107298710044,1.0973065021584487,1.3310437507049846,0.0
2023-09-18,71.36000061035156,71.36000061035156,70.73999786376953,71.08000183105469,1937237,70.28200225830078,70.49400177001954,71.52600173950195,71.62340103149414,71.36480041503906,69.31685014724731,70.6740505147112,70.9996502905266,71.16007748495946,68.84776015452073,40.218721378220934,0.2411511756035399,-0.2858020642110972,-0.1552486050070533,-0.13055345920404393,-3.0154169148119636,-1.3499984741210938,0.8700000217982701,16.188172403258847,17.068123779577242,74.05572823790584,68.99627524109806,0.07073585652437739,2247827.65,0.8618263059447641,-11.344623574228008,-6956276,-0.62354933534744,-0.7586894682654204,2.5436119501419627,-6.804766016052439,54.01950050033286,0.8907072296303103,0.8764528771629695,0.0
2023-09-20,71.0,71.23999786376953,70.80000305175781,71.08000183105469,1801867,70.44000244140625,70.47900161743163,71.53250198364258,71.65200103759766,71.34110046386719,69.36565015792847,70.75524077797989,71.00730281819594,71.15693726323771,68.86997151448624,33.870979319651724,0.13777437134159448,-0.24187579202593668,-0.17257404241082996,-0.06930174961510671,-3.3582612076371587,-0.15000152587890625,0.8299996512276786,14.985743959167355,16.921355649825863,74.05665858399573,69.00834538328942,0.07057369811922289,2252152.65,0.8000643295648722,-6.987787245442867,-6956276,-0.6325797924576461,-0.7983017895659698,2.4714706331203713,-6.804766016052439,54.01950050033286,-0.11255181344091482,0.6214615720991761,0.0
2023-09-21,71.08999633789062,71.13999938964844,70.70999908447266,70.93000030517578,1536175,70.61600189208984,70.46000137329102,71.49800186157226,71.67060104370117,71.3196004486084,69.40765016555787,70.79019268341908,70.99994067409878,71.14803777468626,68.89046931339857,34.054069658347885,0.14075610782852296,-0.21667013591650175,-0.18139326111196433,-0.03527687480453742,-2.07096506099671,-0.19000244140625,0.831427982875279,14.58931841130936,16.644845104461854,74.03594706442885,68.96005665871567,0.07099345818839309,2196685.65,0.6993148974228516,-14.7453724386983,-8492451,-0.7944299723175383,-1.0333396507639245,2.1933463184341435,-7.001437751310135,53.69447011914254,0.014060926531336866,0.6081181031583492,0.0
2023-09-22,71.33000183105469,72.02999877929688,71.31999969482422,71.83000183105469,3853615,71.13000183105468,70.60300140380859,71.46250190734864,71.70940109252929,71.30800048828125,69.44800018310546,70.9981545129462,71.0789941176184,71.1747814631713,68.91971839317625,39.30348636389517,0.2945937531202006,-0.1226579458926409,-0.16964619806809966,0.04698825217545877,0.8423395280700685,1.4300003051757812,0.8564278738839286,14.570744999208765,16.8068516670762,73.95859547917067,68.96640833552661,0.06985743586358684,2242984.2,1.7180749645940439,150.85781242371476,-4638836,0.5142556080425421,0.1681798156001628,3.429906752777441,-5.8214173429039375,55.64463587455259,0.5639384240207286,0.9955119006039225,0.0
2023-09-25,71.88999938964844,71.97000122070312,71.41999816894531,71.70999908447266,2206114,71.3260009765625,70.75700149536132,71.42050170898438,71.70060104370117,71.28100044250488,69.48100017547607,71.1405234272515,71.13908982874737,71.19577038949686,68.94748238015433,44.886361173364776,0.5139892360266045,-0.05717672898144599,-0.14715230425076892,0.08997557526932293,0.8295786207896061,1.5400009155273438,0.8064280918666294,14.574534451759835,16.754130226046495,73.86733040180178,68.97367301616697,0.0685189444002353,2276514.0,0.9690755251230609,-42.752091218245724,-6844950,0.40534211964498673,0.01310733889909596,3.208069692962382,-5.978756731738093,55.384608263253945,0.08352715726621476,0.7700967038066429,0.0
2023-09-26,70.55000305175781,70.63999938964844,70.12000274658203,70.52999877929688,3096159,71.21600036621093,70.74900131225586,71.32300148010253,71.63900100708008,71.23480041503906,69.51305015563965,71.01841849766058,71.08108115737114,71.16966169890078,68.96322881198658,45.01422086298956,0.517363695284378,-0.09935327307950104,-0.13759249801651535,0.038239224937014316,0.18465518551187277,-0.0800018310546875,0.8257135663713727,15.645234385283063,16.932079842344965,73.7473705865369,68.89863237366816,0.06798281216784496,2396149.95,1.2921390833657969,40.34446995939467,-9941109,-1.1118470680554404,-1.548042563677856,1.4629607266265563,-7.525892377617334,52.827727946545636,-1.6176210396382746,0.7415810363637688,0.0
2023-09-27,70.0,70.12999725341797,69.75,69.97000122070312,2388217,70.99400024414062,70.71700134277344,71.18700141906739,71.56220108032227,71.17520042419433,69.54375015258789,70.80873504226909,70.97526402054561,71.12261618995186,68.97324644789421,42.30254241356172,0.5694759893252258,-0.1759375128950893,-0.14526150099223015,-0.03067601190285915,-0.2850177475573923,-0.31999969482421875,0.8357135227748326,15.728271979036263,16.805236164237776,73.59359036443368,68.78041247370109,0.06761315682336612,2472461.3,0.9659269489880389,-22.865169392140395,-12329326,-1.7095820502397059,-2.224917394354652,0.6129250539120848,-8.26012285256342,51.61429882394912,-0.7514515645397245,0.5447989296314965,0.0
2023-09-28,69.5,69.63999938964844,69.27999877929688,69.55000305175781,2514192,70.71800079345704,70.66700134277343,70.9905014038086,71.47220108032226,71.11820045471191,69.56870018005371,70.55698864416684,70.83952488066106,71.06094508649326,68.97898531957445,44.07253984147471,0.6801163255190763,-0.26743855172180986,-0.1696969111381461,-0.09774164058366375,-1.5012003249272765,-0.5,0.8171419416155133,15.04318906545824,16.786920282769056,73.24579201733275,68.73521079028444,0.06353781333915633,2498967.1,1.0060924771678665,5.274855676850132,-14843518,-2.0291423832280464,-2.6894344927256926,-0.02687577638723598,-8.810795708772984,50.70422698200174,-0.671718182797542,0.519631375136719,0.0
2023-09-29,70.23999786376953,70.7300033569336,70.0,70.55999755859375,1301328,70.46399993896485,70.79700088500977,70.85400123596192,71.39500106811523,71.07150039672851,69.5951001739502,70.55759042705222,70.81290323094036,71.04130008539917,68.99471678463931,52.45282729155431,1.0,-0.25551030465356916,-0.18685958984123074,-0.06865071481233842,0.38411813849723586,1.2999954223632812,0.8692850385393415,16.231387342648983,17.036344483506113,72.8373574801678,68.87064499175604,0.055984311672132574,2514825.3,0.5174625847767637,-48.24070715363027,-13542190,-0.4149429421622352,-1.1695545864966654,1.3864444224260424,-7.486560031193791,52.89273071643732,0.9920845172332163,1.0428619384765625,0.0
2023-10-03,67.4800033569336,68.43000030517578,66.0999984741211,67.7300033569336,14049138,69.66800079345703,70.49700088500977,70.5630012512207,71.25440109252929,70.9946004486084,69.6032001876831,69.9920730130285,70.51929371913019,70.91144531173386,68.98213257142831,36.07349904042182,0.39429449529740107,-0.46900753680203877,-0.24328917923339236,-0.22571835756864642,-3.3119194771626836,-3.0,1.1207139151436942,21.178341687308947,18.857754306868298,72.58823166536622,68.53777083707517,0.05740204861568272,3139532.4,4.474914162376537,979.6000700822544,-27591328,-4.014848920896904,-4.946217611202708,-2.691251013887987,-11.197054755487748,46.760565801831156,-4.365071298510884,3.524965030017224,0.0
2023-10-04,69.5,69.5,66.94000244140625,67.05999755859375,7707877,68.9740005493164,70.09500045776367,70.2945011138916,71.12660110473632,70.92630043029786,69.60805019378662,69.40565792214156,70.18983694193625,70.76040814494405,68.96300684990757,34.892399791886575,0.35061759320048885,-0.6843803887881705,-0.331507421144348,-0.35287296764382253,-3.176443127029416,-4.0200042724609375,1.2578566414969308,20.883359631628302,18.820613199537757,72.67096042278743,67.91804180499577,0.06761437299470915,3392224.45,2.272219044939671,-45.13629946549034,-35299205,-4.601360709648235,-5.717415823306898,-3.6605717702179215,-12.075520505886798,45.30876563674528,2.613312498655309,3.8243165001891963,0.0
2023-10-05,67.0,67.58000183105469,66.87999725341797,67.38999938964844,4110952,68.45800018310547,69.72600021362305,70.10250091552734,71.00980102539063,70.88930046081543,69.61160018920899,69.00252621564293,69.92318574648027,70.62823525257951,68.94735503438261,37.66231927958125,0.4530488684979763,-0.8189956636357607,-0.4290050696426305,-0.3899905939931302,-4.722188334178467,-3.69000244140625,1.2671427045549666,20.52507137944592,18.722455355579218,72.76410268171549,67.4408991493392,0.07593457384338796,3459840.9,1.188191052368911,-46.66557341275684,-31188253,-3.8693363153298015,-5.097608475832621,-3.1914232592299108,-11.64284468894786,46.02382916901762,-0.0894684771518625,1.046657605239277,0.0
2023-10-06,67.29000091552734,68.4000015258789,67.18000030517578,68.25,2889866,68.1979995727539,69.45800018310547,69.95900077819825,70.91140106201172,70.85350044250488,69.62500019073487,68.85202097251435,69.76383472300597,70.53497112502737,68.94041617831911,45.345611620870365,0.6175183608524465,-0.8465261503557002,-0.5125092857852445,-0.33401686457045576,-3.9814318488358036,-2.6800003051757812,1.27642822265625,21.24626138480098,18.88501096041129,72.69796687956207,67.22003467683442,0.0783020360753177,3517706.45,0.8215199423476623,-29.703241487616495,-28298387,-2.4428604742605637,-3.753135634260471,-1.97486561862565,-10.515270743486381,47.88731905399479,-0.14838770593082123,1.8160184804422097,0.0
2023-10-09,68.5,69.69999694824219,68.31999969482422,69.30999755859375,5071774,67.9479995727539,69.20599975585938,69.90450057983398,70.8260009765625,70.83410041809083,69.64700016021729,68.94361628973024,69.72061213591908,70.48693294595154,68.94409360498851,43.19920256710254,0.5020072955906174,-0.7738903885492618,-0.564785506338048,-0.20910488221121382,-2.4901578881046493,-2.5200042724609375,1.2699993678501673,21.881756585474037,19.159588749348377,72.64988947120737,67.15911168846058,0.07854684229488318,3606840.0,1.4061544177174479,75.50204749978026,-23226613,-0.8504502804669642,-2.140461690714993,-0.4838723862453391,-9.125474486441295,50.18417175940445,0.3663003663003663,2.0199023120348674,0.0
2023-10-10,69.30999755859375,69.68000030517578,69.0,69.44999694824219,5033079,68.29199829101563,68.97999954223633,69.86850051879883,70.73200088500977,70.81910041809083,69.66365013122558,69.04489242143264,69.69483926090224,70.44626878917863,68.94912746910049,42.03320838920519,0.43925819874834243,-0.6969947219933346,-0.5912273494691054,-0.10576737252422919,-2.0865689420074607,-2.2600021362304688,1.2735710144042969,21.88241905998025,17.97271497318811,72.61811007104546,67.11889096655219,0.0787081311844335,3701978.95,1.3595644567346878,-0.7629480335677452,-18193534,-0.5989874799789573,-1.8124808017968503,-0.3066924896713476,-8.941916867704773,50.48752904005358,0.0,0.9855076886605526,0.0
2023-10-11,70.0999984741211,71.55000305175781,69.23999786376953,69.5199966430664,2620365,68.78399810791015,68.87899932861328,69.81400032043457,70.67440078735352,70.80760040283204,69.67620010375977,69.13991326575939,69.67818758301311,70.40994439129189,68.95480775938871,42.42715591600551,0.45508976337324664,-0.6232218483581988,-0.5976262492469241,-0.025595599111274736,-3.2159336337223676,-1.0100021362304688,1.4071431841169084,21.746097740438135,17.453618879413234,72.5448726472223,67.08312799364684,0.078232798987409,3706499.2,0.7069649441715784,-47.9371374858213,-15573169,-0.42112423871822163,-1.6334120012711624,-0.22418481556219852,-8.850138058336512,50.63920768037814,0.935927364206109,3.3362294327813844,0.0
2023-10-12,69.79000091552734,69.79000091552734,68.7699966430664,68.9000015258789,4911861,69.08599853515625,68.77199935913086,69.74450035095215,70.59880081176757,70.78450042724609,69.68375011444091,69.09193091778329,69.6040746251908,70.35073094558942,68.95426242373189,40.57566921971828,0.32364072161336843,-0.6077786450481142,-0.5996567284071621,-0.008121916640952076,-3.91855751564526,-1.0699996948242188,1.4492863246372767,21.903412642553327,17.51271191311305,72.49504535817223,66.99395534373207,0.07887489317091459,3852302.9,1.275045376104771,87.44949653960421,-20485030,-1.210846476530412,-2.406272155270814,-1.1247221730674126,-9.663033226129683,25.2955072246507,0.3883836097507442,1.4832111709340579,0.0
2023-10-13,68.68000030517578,68.87999725341797,68.44999694824219,68.69000244140625,2124707,69.1739990234375,68.68599929809571,69.67650032043457,70.50520080566406,70.7546004486084,69.69260013580322,69.01154522250789,69.51702013149703,70.28560433758224,68.95163297117143,34.42458545387389,0.0,-0.6055050805887561,-0.600826398843481,-0.004678681745275082,-2.6088137951743917,-0.8600006103515625,1.4028581891741072,21.89840923154342,17.492779742008217,72.46226369809757,66.89073694277157,0.07996278127780766,3837678.55,0.5536438167808505,-56.743340253317434,-22609737,-1.4158258157219792,-2.574559526837041,-1.438599926596659,-9.938369654234466,24.91362128527476,-0.31930510280249025,0.6281962371757619,0.0
2023-10-16,70.38999938964844,70.4000015258789,69.3499984741211,69.72000122070312,4341776,69.25599975585938,68.60199966430665,69.6995002746582,70.44020080566406,70.75260047912597,69.70740013122558,69.15323642214693,69.53635166380238,70.26342382319483,68.95927842639065,40.94631022041973,0.3617504593772941,-0.5146583103067286,-0.5835927811361306,0.06893447082940196,-0.35729597775971955,-0.839996337890625,1.485715048653739,22.228772979086134,17.759141703090346,72.47837207206668,66.92062847724974,0.07973864336065636,3784071.55,1.1473821101506392,104.34704643981499,-18267961,0.029413332899278905,-1.0224269333755598,0.018077118718844917,-8.58790574361292,26.78668683875374,2.4748826435001425,1.5140635542330048,0.0
2023-10-17,69.79000091552734,69.91000366210938,69.44999694824219,69.80000305175781,2750680,69.3260009765625,68.80899963378906,69.65300025939942,70.41340087890624,70.74640052795411,69.72280014038085,69.28258974806911,69.56146131979813,70.24525045960907,68.96764384554854,46.30941911594538,0.6592342042600777,-0.43123510136567234,-0.5531212451820389,0.12188614381636653,0.35945361470934856,2.0699996948242188,1.405001504080636,20.85469586355767,17.726552551826476,72.3900762786809,66.91592424011795,0.07859176228125553,3812348.95,0.7215184223889054,-36.646201922899756,-15517281,0.21105019426432425,-0.87113790768795,0.11072835746917258,-8.483012817723482,26.932171160653688,0.100401166951547,0.6623567085395394,0.0
2023-10-18,70.30999755859375,70.94000244140625,70.30999755859375,70.8499984741211,3743207,69.59200134277344,69.1879997253418,69.64150009155273,70.4076008605957,70.75770050048828,69.73720012664795,69.59607149327951,69.68417914401935,70.26896606802131,68.98637374235025,54.23891512467613,1.0,-0.2772003586578933,-0.49793706787720976,0.22073670921931648,0.4109990441631295,3.7900009155273438,1.430715833391462,21.502244694140533,17.687127179598132,72.3551635914664,66.92783659163906,0.07793236780787904,3902647.45,0.9591455666844823,36.082968575043274,-11774074,1.735313542901342,0.6283378614211221,1.5957026457216816,-7.106330677199573,28.841600857533372,0.7306511239802791,0.8960388347154716,0.0
2023-10-19,70.48999786376953,70.6500015258789,70.0999984741211,70.27999877929688,2345762,69.86800079345703,69.47699966430665,69.60149993896485,70.39240081787109,70.76300048828125,69.75380012512207,69.73285695048298,69.74092387118864,70.26939872336546,68.99924563326515,53.46627193726062,0.9610058376815012,-0.19882895061176953,-0.43811544442412176,0.23928649381235223,3.7649421171957353,2.8899993896484375,1.4350013732910156,21.68457267013533,17.747060357364138,72.24865327123817,66.95434660669153,0.07606598520418867,3929842.2,0.5969099726192568,-37.332827171994495,-14119836,0.9748336471584904,-0.15967922285395417,0.7543655732460856,-7.8536752686668345,27.805049343756238,-0.5081166098868125,0.784597808459094,0.0
2023-10-20,70.5,70.9000015258789,70.08000183105469,70.76000213623047,2193812,70.28200073242188,69.72799987792969,69.59300003051757,70.40120086669921,70.76860054016113,69.77280014038087,69.93828598763248,69.83797894404977,70.28863807288958,69.01676559846878,51.00002365114109,0.836537923444982,-0.09687012722352506,-0.36986638098400243,0.27299625376047737,5.517454089382912,2.5100021362304688,1.4092870439801897,21.830828794575215,17.813291822670227,72.22322986961856,66.96277019141658,0.07558891951626158,3962724.05,0.5536121042796306,-6.477639248994571,-11926024,1.6768958159601517,0.5096522006927496,1.4148808616873345,-7.224327716470199,28.677941401007363,0.3130353223169564,1.1700908581609806,0.0
2023-10-23,70.76000213623047,71.13999938964844,70.51000213623047,70.91999816894531,4229666,70.52200012207031,69.88899993896484,69.54749984741211,70.43140075683594,70.77820053100587,69.79125011444091,70.13462842389505,69.94102839403982,70.31339729234274,69.03570323598596,71.75987268372752,1.0,-0.003120708828433294,-0.2965172465528886,0.2933965377244553,5.2381641360262465,1.6100006103515625,1.1357154846191406,21.33391522571673,17.777260477767364,72.04281585741306,67.05218383741116,0.07175861146628408,3981526.6,1.0623226779396626,92.79983881937012,-7696358,1.9734689594082822,0.6937209921413477,1.6173202982516046,-7.014551867831312,28.385220879873295,0.0,0.8934863626876199,0.0
2023-10-25,70.4800033569336,70.51000213623047,69.75,70.01000213623047,1775611,70.56399993896484,69.94500045776367,69.4625,70.44200073242187,70.77650054931641,69.80295013427734,70.10970316636214,69.9475973218675,70.30149944308344,69.0453977524063,69.48487875083273,0.9390658515926541,-0.002227022281573454,-0.23765920169862556,0.2354321794170521,2.5787577087625912,0.5600051879882812,1.0364298139299666,21.7748979836099,17.86691003891136,71.75525129539606,67.16974870460395,0.06601407364825794,3960001.45,0.4483864519797082,-58.02006588699912,-9471969,0.7881981446542566,-0.6132684928021537,0.29662356899648495,-8.207676389618701,26.73787112414443,-0.6204100724362189,1.0896087974630377,0.0
2023-10-26,70.30000305175781,70.69999694824219,70.11000061035156,70.58999633789062,3035432,70.51199951171876,70.0520004272461,69.46549987792969,70.46880065917969,70.77940048217773,69.81255012512207,70.20576180066784,70.00877818053638,70.31281304680138,69.06076689256038,70.46039922730199,0.9651944968730156,0.044765882379394384,-0.1811741848830216,0.22594006726241597,1.8467736609206753,1.0699996948242188,1.035714830671038,21.22436296385619,17.310772047262805,71.76428123700126,67.16671851885812,0.06618483601532187,3956965.1,0.7671111377757666,70.95140771261272,-6436537,1.6187840898532253,0.1719848749762215,1.113619558911927,-7.447227684770249,27.787824389960935,0.4142278341358129,0.8415295004340844,0.0
2023-10-27,70.44999694824219,70.45999908447266,70.0999984741211,70.16999816894531,1283657,70.48999938964843,70.17900009155274,69.47549972534179,70.4858006286621,70.76630043029785,69.81975009918213,70.19860907432334,70.02413246514676,70.30721246335604,69.0718040196886,63.00816286022653,0.7655914692815582,0.047569405233460316,-0.1354254668597252,0.18299487209318552,1.0367188658621629,1.2699966430664062,0.9835717337472099,21.135740511303457,17.324102688177913,71.78523546087926,67.16576398980432,0.06649065482561693,3901737.1,0.3289962821944103,-57.710895846126675,-7720194,0.9996307278811799,-0.4480369902876233,0.5016461234330388,-7.997900540979813,27.004521572751695,-0.19832752076980908,0.5135529503391707,0.0
2023-10-30,70.61000061035156,71.0,70.47000122070312,70.8499984741211,2142651,70.50799865722657,70.39499969482422,69.54049949645996,70.50920059204101,70.76850044250489,69.839400100708,70.3288869542829,70.10278637076337,70.3284981892684,69.08949749684713,61.00004250676566,0.711805346220607,0.10346883460341871,-0.08764660656709643,0.19111544117051515,1.913121253275163,2.1599960327148438,0.939286368233817,21.26093813804021,17.328976926340342,71.93082529270526,67.15017370021465,0.06874629355709443,3883160.05,0.5517802440308892,66.91772023211809,-5577543,1.8830738737040527,0.48333817320083317,1.4470318644716476,-7.106330677199573,25.955552842881946,0.6270520919024037,0.7520913439989676,0.0
2023-10-31,70.9000015258789,71.0999984741211,70.7300033569336,71.04000091552734,1906181,70.53199920654296,70.52699966430664,69.56449966430664,70.54660064697265,70.77160041809083,69.86020011901856,70.4711097465318,70.19204489883613,70.35640025696483,69.10890549106286,61.27665561032622,0.7192142380246958,0.16124244171938074,-0.037868796909801,0.19911123862918173,3.105949698483901,1.3199996948242188,0.9171431405203683,20.673152980613356,17.31130836008487,72.00699540061223,67.12200392800105,0.070222476926944,3913402.7,0.48709042900185046,-11.03632836145504,-3671362,2.1210549322440997,0.6993962345879065,1.6888024862493922,-6.857212478997157,26.13636594542788,0.0705759390751106,0.5231091469349262,0.0
2023-11-01,69.98999786376953,69.98999786376953,69.51000213623047,69.70999908447266,2636960,70.47199859619141,70.51799926757812,69.66349945068359,70.54820068359375,70.76160041809082,69.86900012969971,70.31888761411997,70.14613577365866,70.33105119137691,69.11488652184305,51.14321808730396,0.4477970808287153,0.09857213095152417,-0.010580611337535968,0.10915274228906013,1.4849273647012717,-0.09000396728515625,0.8614283970424107,15.726232149029522,16.958842529537446,71.94833527246422,67.37866362890296,0.06559635504380944,3342793.8,0.7888491357139649,38.33733522682263,-6308322,0.06674892038977508,-1.1881261194461887,-0.22757023133564194,-8.601019860134096,22.8370027920223,-1.4780448173225058,0.6905419548086532,0.0
2023-11-02,70.38999938964844,70.80000305175781,70.30999755859375,70.68000030517578,1295164,70.48999938964843,70.5009994506836,69.8444995880127,70.56720062255859,70.75780044555664,69.88700012207032,70.39111015233114,70.19698001475552,70.34473547034942,69.130459793319,60.27714297293059,0.6924429792088157,0.1257271457512985,0.01668094008023093,0.10904620567106757,1.3769349794382713,-0.1699981689453125,0.8664283752441406,15.70696831959933,17.205296683646274,71.81251145522883,67.87648772079656,0.056354097425701966,3022158.15,0.4285559973094062,-50.88419998786482,-5013158,1.1962297991844753,0.15984718342523352,1.1346891148859501,-7.329220642359637,24.54625604436261,0.9754702540617962,0.6969215050188419,0.0
2023-11-03,70.18000030517578,70.18000030517578,69.69999694824219,69.81999969482422,6998617,70.41999969482421,70.45499954223632,69.96599960327148,70.54460067749024,70.7294004058838,69.8984001159668,70.27688806082976,70.16107712714302,70.32415759679942,69.13732088686633,56.06873510074335,0.4907717145114629,0.07696561696808146,0.02873787545780104,0.04822774151028042,0.028648484515936268,-0.45999908447265625,0.9042854309082031,16.534786750487132,17.38261515615751,71.5605871471692,68.37141205937377,0.0455817840934029,3166541.4,2.2101770088968364,440.3653128098063,-12011775,-0.20867265425367973,-1.0271530006650504,-0.11216339860784079,-8.456794587821118,23.030836466650605,-0.7074136924747378,0.6886705565999302,0.0
2023-11-06,70.79000091552734,70.8499984741211,70.5199966430664,70.7699966430664,3077508,70.40399932861328,70.45599899291992,70.09199943542481,70.52760055541992,70.71360038757324,69.91650009155273,70.3755097772771,70.21906946199286,70.34164148096676,69.15356641677877,55.68795653471297,0.3685017791054193,0.11366827129150181,0.045723954624541194,0.06794431666696062,-0.11291719516960397,0.0099945068359375,0.8557139805385044,16.610232466294033,17.484529698643318,71.5033897365108,68.68060913433882,0.04027250791686402,3175923.5,0.969012005484389,-56.026912174219554,-8934267,0.9672961437863236,0.34368968423363655,1.2207369510717123,-7.211223603089009,24.441705595651875,1.3892884917543642,0.4679549727221004,0.0
2023-11-07,70.38999938964844,70.44999694824219,69.75,70.04000091552734,3627229,70.20399932861328,70.36799926757813,70.12849960327148,70.47760055541993,70.69130043029786,69.93080009460449,70.30840800492716,70.20201531471042,70.32981243918482,69.16238666054741,51.21456630133538,0.010334499535980481,0.08289526981765505,0.05315821766316396,0.029737052154491087,-0.34148814447650944,-0.8799972534179688,0.8957132611955915,16.329298884012278,17.40761707839965,71.49167229033922,68.76532691620373,0.03887642527016659,3103696.25,1.168680408077949,17.862536831748276,-12561496,-0.12619503945583702,-0.6209059849426577,0.1561555434445492,-8.168344043195159,23.15808375417197,-0.5369468297907549,1.003579854110663,0.0
2023-11-08,70.04000091552734,70.04000091552734,69.12000274658203,69.37000274658203,3435748,70.13600006103516,70.30399932861329,70.12449989318847,70.41400054931641,70.67020042419433,69.93635009765624,70.12072695325813,70.12277602250772,70.29217284339647,69.16445249224925,42.21053629108033,0.0,0.004393545558258438,0.04340528324218286,-0.03901173768392442,-1.9643857372592333,-0.6399993896484375,0.8799988882882255,16.70565746129383,17.520965275121522,71.49649579660853,68.75250398976841,0.039130287004109546,3023829.7,1.1362240406594326,-5.278988450963529,-15997244,-1.075939433087818,-1.4826565662935003,-0.8098039864582431,-9.046799790454225,21.97996140226584,0.0,1.3310158165333785,0.0
2023-11-09,69.29000091552734,69.30000305175781,69.0199966430664,69.22000122070312,2106050,69.84400024414063,70.16699981689453,70.10950012207032,70.3488005065918,70.66120040893554,69.94220008850098,69.94058180674713,70.0367974699549,70.2501268974085,69.16500521591546,44.163000406677575,0.06607471956910273,-0.06912665694368059,0.020898895205010176,-0.09002555214869076,-2.397062876669087,-1.3699951171875,0.8514278956821987,16.71677789218825,17.51332091042203,71.51546219475667,68.70353804938397,0.04010760511024543,2998113.95,0.7024582904862572,-38.70184891324975,-18103294,-1.2687280608454632,-1.6045750286572475,-1.032565270872273,-9.243471525711922,20.403547051260333,-0.11532626191027406,0.4056888181832954,0.0
2023-11-10,69.70999908447266,69.95999908447266,69.5999984741211,69.69000244140625,2416828,69.81800079345703,70.11900024414062,70.14900016784668,70.2888005065918,70.64320045471192,69.94965011596679,69.89046593367895,70.00376937199789,70.22816123246724,69.17022906890541,44.101424857064266,0.0639908978278933,-0.08844721215896811,-0.0009703262677854818,-0.08747688589118263,-0.45707711049849387,-0.4799957275390625,0.8457134791782924,16.55725219651045,17.567260872518922,71.45254600329311,68.84545433240025,0.0371650581569919,2873362.3,0.8411149544211672,14.756439780631991,-15686466,-0.6543182730219649,-0.8519110596138169,-0.3711922420342065,-8.627238090036462,17.699718829554737,0.7078847950424146,0.5172422675920304,0.0
2023-11-13,68.77999877929688,68.88999938964844,68.4000015258789,68.62999725341797,3933206,69.39000091552734,69.89700012207031,70.14599990844727,70.19180038452149,70.6121004486084,69.95910011291504,69.63837219762675,69.87293393213314,70.16548813524962,69.1648536279553,38.51553466632282,0.0,-0.18713527227075133,-0.03820331546837865,-0.14893195680237267,-2.7765960988166083,-2.220001220703125,0.8928565979003906,17.46200578415905,17.814394374513697,71.4638822805185,68.82811753637603,0.037575410537772774,2963787.25,1.327087833311922,62.74248726016083,-19619672,-2.1612104140049953,-2.225050679064675,-1.89982841024524,-10.017044350221536,14.670006688627254,-1.305787961299736,0.716371129880958,0.0
2023-11-15,68.30000305175781,70.94000244140625,68.30000305175781,70.86000061035156,7257773,69.55400085449219,69.87900009155274,70.20299987792968,70.14320037841797,70.6062004852295,69.97545013427734,69.88269788017172,69.96694028243965,70.19272391858695,69.1817207621085,53.764386205461136,0.4773490746855403,-0.08443037610985016,-0.04744872759667296,-0.0369816485131772,0.9833297127141982,-0.18000030517578125,0.997856685093471,20.23403123238643,18.933289158421978,71.54175094054594,68.86424881531343,0.03813942609130948,3109587.1,2.333998941531498,84.52562616857597,-12361899,0.9358584869083704,1.0219097903524497,1.2640868681471034,-7.093216560678398,18.395994013251563,-0.4808308536595805,3.865299080071553,1.0
2023-11-16,70.9800033569336,71.54000091552734,70.80999755859375,71.41999816894531,4426100,69.96399993896485,70.05,70.28399963378907,70.10060028076173,70.62680046081543,69.99495014190674,70.19015793792644,70.10532674782114,70.2408523205618,69.20399217909195,53.68234922981732,0.619239978797766,0.04167076232126021,-0.029624829613086323,0.07129559193434654,0.8045161709247184,1.7099990844726562,1.0007144383021764,20.38905580059021,18.952460640271802,71.71307129607908,68.85492797149905,0.04066563285345493,3193358.1,1.3860330916222643,-39.015728378388246,-7935799,1.616297508786218,1.8821492011469703,2.0359297694325793,-6.358986085732312,19.331662472517927,0.16935188477051843,1.030932611358349,1.0
2023-11-17,69.30000305175781,72.4000015258789,69.30000305175781,72.2699966430664,5847598,70.5739990234375,70.20899963378906,70.35499954223633,70.09740020751953,70.6686004638672,70.0197501373291,70.60612567895444,70.31148578546355,70.32042660771884,69.23449968619619,58.97434894228594,0.8988491527414496,0.2077992161521962,0.017859979539970185,0.18993923661222603,1.7314128824430064,1.589996337890625,1.187143053327288,20.13928067793022,19.095386800729237,72.02351147424248,68.68648761023017,0.04743122572275746,3298577.65,1.7727634818601286,32.11626488330583,-2088201,2.721906208926126,3.0993965954729075,3.2137311277516996,-5.244526256792007,20.751877168911996,-2.968349442088493,4.473302074468612,1.0
2023-11-20,72.26000213623047,72.26000213623047,71.47000122070312,71.58000183105469,1739741,70.95199890136719,70.3849998474121,70.41999969482421,70.10440017700195,70.71030044555664,70.04140014648438,70.80090090937449,70.4322968374246,70.36982171451632,69.25783801599577,53.1170085995206,0.641509439237203,0.2805464332535337,0.07039727028268289,0.2101491629708508,2.6825459347890934,1.7600021362304688,1.184999738420759,20.236761962685154,18.883085956064534,72.17524341254624,68.66475597710219,0.04985071642512468,3268276.6,0.5323114328817824,-70.24862174178183,-3827942,1.6472623420299919,2.1048631046369266,2.1967032088914307,-6.1492002339534375,19.599003602323567,-0.013829399889554823,1.1053601539585531,1.0
2023-11-21,71.98999786376953,72.05000305175781,71.5199966430664,71.58000183105469,1267609,71.54199981689453,70.46600036621093,70.46099967956543,70.11360015869141,70.74130043029785,70.06195014953613,70.95672109371054,70.54160207491319,70.41727975830213,69.28094412360831,52.34375465661423,0.6354410848435573,0.3343450058172266,0.12318681738959164,0.21115818842763495,1.273346805309794,0.8100051879882812,1.1964291163853236,20.117878922566106,18.78438434952303,72.28658196514672,68.63541739398414,0.05181823402686501,3221966.45,0.3934271258473222,-27.138062504706163,-3827942,1.5881156335818774,2.091465377678938,2.166727700668503,-6.1492002339534375,19.599003602323567,0.5727801372267759,0.7410604496201251,1.0
2023-11-22,71.58999633789062,72.29000091552734,71.51000213623047,72.18000030517578,2281078,71.80599975585938,70.68000030517578,70.52399978637695,70.14920013427735,70.77510040283204,70.0856001663208,71.2013769360036,70.69764000160487,70.48640605425797,69.30979045377316,61.44579591109452,1.0,0.4205478112506569,0.1826590161618047,0.2378887950888522,3.3801211983197854,2.1399993896484375,1.1428576878138952,20.30067861521923,18.67761777971204,72.49726686117098,68.55073271158291,0.05596015769869058,3124537.05,0.7300531129883706,79.95123101839764,-1546864,2.3481375472392334,2.8949726682715387,2.9883458711700244,-5.3625232960626334,20.60150734404134,0.013962708270847548,1.0907547979245402,1.0
2023-11-23,75.79000091552734,75.79000091552734,71.70999908447266,71.9000015258789,966015,71.9020004272461,70.93300018310546,70.61849975585938,70.18380020141602,70.81030044555663,70.11020015716552,71.34110185397866,70.8121506229643,70.54184117079213,69.33556369827173,56.03961547816707,0.7642338054844401,0.4609569691676967,0.2383186067629831,0.22263836240471357,1.5967287500545657,2.529998779296875,1.356428963797433,19.731999461530254,18.693790048070458,72.66768708249593,68.56931242922282,0.058035425100248755,3084057.25,0.3132286211612965,-57.65094398350254,-2512879,1.8146828018860628,2.445295523379569,2.552840192584245,-5.7296385335356765,20.13367311440816,5.0013862497763135,5.689585668866825,1.0
2023-11-24,71.9000015258789,72.05999755859375,71.66999816894531,71.87000274658203,1004510,71.82200164794922,71.19800033569337,70.68250007629395,70.20900024414063,70.85330047607422,70.12600017547608,71.44688203249933,70.91289844426122,70.59392593847015,69.36078199725989,61.05720324336069,0.9830532821416313,0.48497042993750483,0.2876489713978875,0.19732145853961736,2.612795270036883,2.6500015258789062,1.3142858232770647,19.56811377441917,18.69310654700057,72.806526926851,68.55847322573689,0.060100501489460785,2982511.15,0.33680008203825157,3.984927770272728,-3517389,1.6800518784795462,2.3657971152780037,2.486955717910532,-5.768970879959219,20.083549839451276,0.0,0.5441598989986087,1.0
2023-11-28,72.9000015258789,73.9800033569336,72.9000015258789,73.41000366210938,5105403,72.18800201416016,71.57000045776367,70.84450035095215,70.27140029907227,70.90240051269531,70.14005020141602,71.83950635842135,71.15071798881819,70.70436035900502,69.40107276009422,63.387469058759535,1.0,0.6211067422643168,0.35434052557117335,0.2667662166931435,5.8238442490567754,3.720001220703125,1.3914288112095423,20.650279934144116,19.18997373565446,73.27593110236185,68.41306959954244,0.06864134094713897,3173598.45,1.6087110831554634,408.2481010642004,1588014,3.621316119738502,4.466402191616128,4.6620346739177885,-3.7498270707174983,22.146431823487543,1.4331414219207879,1.4814839622071827,1.0
2023-11-29,73.73999786376953,74.43000030517578,73.73999786376953,74.08000183105469,4314951,72.68800201416016,72.11500091552735,71.00600051879883,70.35200027465821,70.95300056457519,70.1660502243042,72.28760545294801,71.42969740236452,70.83673845594815,69.44762926826299,70.61225919712263,1.0,0.774135254091334,0.4382994712752055,0.33583578281612847,7.021092927831352,5.450004577636719,1.3914288112095423,20.624708377066213,19.152340971506966,73.83547348939642,68.17652754820124,0.07969672844335149,3282213.45,1.3146466754013209,-15.482656315280108,5902965,4.3292134323802935,5.2990697376650955,5.578127305496765,-2.8713713234584337,23.261237457357588,0.4495221157855397,0.935723435578328,1.0
2023-11-30,74.13999938964844,74.8499984741211,74.12999725341797,74.61000061035156,3007969,73.17400207519532,72.49000091552735,71.18450050354004,70.45900024414063,71.00990058898925,70.20450023651124,72.75208448442872,71.73258342217281,70.98470952082671,69.49899614728875,77.12215329086881,1.0,0.927486438012636,0.5361368646226916,0.39134957338994436,7.059833543673544,3.75,1.3807144165039062,20.697942790986133,19.196791147056352,74.44118667447349,67.92781433260659,0.09149986718728166,3337302.85,0.901317361713217,-30.28961394926617,8910934,4.81214320895765,5.89136994823615,6.2752392781070725,-2.17647319493589,24.143099009359275,0.08099022288171534,0.9712683763386046,1.0
2023-12-01,74.88999938964844,75.2699966430664,74.75,75.20999908447266,2668865,73.83600158691407,72.86900100708007,71.45950050354004,70.5486001586914,71.06460060119629,70.24650024414062,73.2436674044375,72.06376586620136,71.1504071507736,69.55582204716123,79.62414452241542,1.0,1.084926857105799,0.6458948631193131,0.43903199398648596,9.58764693922085,3.7900009155273438,1.4028565543038505,19.163469493177544,19.250805799766194,75.0983698266596,67.82063118042048,0.10184424177270307,3338898.1,0.7993250827271428,-11.273520438541752,11579799,5.248425408104858,6.607358495130939,7.0658307859914355,-1.3897962570450866,25.14143260229514,0.37528317518607196,0.6956476830319815,1.0
2023-12-04,75.22000122070312,75.80000305175781,74.80000305175781,75.1500015258789,2644739,74.49200134277343,73.15700149536133,71.6830005645752,70.6300001525879,71.12670059204102,70.28805027008056,73.62493422872578,72.35769307188494,71.30725398901303,69.6114855245614,78.1443561688442,0.9640029580481689,1.191127643947894,0.7549414192850293,0.4361862246628646,6.0541926031265625,2.8800048828125,1.4214281354631697,18.849428386733614,18.972365500533016,75.65420319183264,67.71179793731775,0.11079900662584588,3406376.85,0.7764082238875009,-0.9039797816674855,8935060,4.836573433028217,6.399548865249996,6.9171804269948955,-1.468460949892171,25.041603051351668,0.013298944757644229,1.3368983411779416,1.0
2023-12-05,74.26000213623047,74.2699966430664,73.51000213623047,73.63999938964844,2794509,74.53800048828126,73.36300125122071,71.8740005493164,70.68120010375976,71.16660057067871,70.32255027770996,73.62794726091032,72.47981748310052,71.39873420080266,69.6515702396369,74.67984687070376,0.8187600076086209,1.1403032735528171,0.832013790138587,0.3082894834142301,3.108374793642077,2.05999755859375,1.4464280264718192,19.904504472266243,19.12605917923451,75.8353690325348,67.91263206609801,0.11023091668593839,3196171.45,0.8743301301937353,5.66294065312305,6140551,2.457076031436833,4.186119196540475,4.717475544953323,-3.44827241271035,21.13834229411711,-1.1842972343013916,1.0338654397363474,1.0
2023-12-06,73.81999969482422,73.81999969482422,72.97000122070312,73.04000091552734,2849540,74.33000030517579,73.50900115966797,71.98750076293945,70.7234001159668,71.19700057983398,70.35755027770996,73.51035799183373,72.53316828618878,71.46309760138011,69.68528596775522,62.79345697397135,0.38304812976507024,1.0396255748968315,0.873536147090236,0.16608942780659552,1.0654549719490092,1.4599990844726562,1.318570818219866,19.825447004713194,19.205359900367792,75.9457613456585,68.0292401802204,0.10997077383625013,3184773.05,0.8947387946528875,1.9692547062829302,3291011,1.462059581779152,3.2755789395899555,3.8125981180831587,-4.234949350601154,20.151340377543953,0.24443279015165753,1.1648601615754548,1.0
2023-12-07,72.5999984741211,72.9000015258789,72.37999725341797,72.81999969482422,2208499,73.97200012207031,73.57300109863282,72.12650070190429,70.74320007324219,71.22630058288574,70.39355026245117,73.37228633243183,72.56048556320168,71.51630944818184,69.71647714911909,58.55748218327929,0.22777268056768554,0.9313494962368054,0.88509881691955,0.04625067931725546,1.7323244370630375,0.6399993896484375,1.313570840018136,19.40513435788996,19.09199449179275,75.99094201506594,68.26205938874264,0.10715732152688837,3113836.55,0.7092533485741248,-22.49629764804144,1082512,0.9615037277160151,2.935687980515249,3.446976922354983,-4.523399895227112,19.789436746371393,-0.6024129735637931,0.7184364357465923,1.0
2023-12-08,72.7699966430664,73.0,72.3499984741211,72.44000244140625,2980691,73.41800079345703,73.62700119018555,72.28000068664551,70.75780014038087,71.22920059204101,70.42795028686524,73.18582955422671,72.54901098017355,71.55253270281808,69.74357690327119,51.10250424763226,0.0,0.8055909699913428,0.8691972475339086,-0.06360627754256576,1.2014537417606608,0.5400009155273438,1.138571058000837,19.119297534051196,19.11302142414949,75.92084541527068,68.63915595802034,0.10074279728937117,3091083.7,0.9642867321903965,34.96456190380888,-1898179,0.22136379806413617,2.3774089890979613,2.856894381201743,-5.021626288491958,19.164338460970797,-0.0686666464808658,0.8984126324638495,1.0
2023-12-11,71.38999938964844,71.4000015258789,70.30000305175781,70.3499984741211,11275445,72.45800018310547,73.47500076293946,72.33650054931641,70.75420013427734,71.19660057067871,70.45570026397705,72.6186633382056,72.33958121769236,71.50537449777114,69.74961094875229,43.249153103055534,0.0,0.5311577230356335,0.8015893426342536,-0.27043161959862017,-2.5353308718723655,-1.5200042724609375,1.234285627092634,22.12009767210617,20.023934901311282,75.80856291913106,68.86443817950176,0.09599752112552153,3549553.45,3.1765812682719283,278.28292164467905,-13173624,-2.746195986963722,-0.5712758527255662,-0.15002588784146997,-7.761896459298574,15.726266515241782,-1.4494795918969177,1.5647203789041497,0.0
2023-12-12,70.51000213623047,70.58999633789062,70.19999694824219,70.26000213623047,5638945,71.78200073242188,73.16000061035156,72.36500053405761,70.76000015258789,71.16110061645507,70.48210025787354,72.14693109781058,72.14152606707694,71.45653636594602,69.75468946803069,42.82608028620214,0.0,0.3029136453550052,0.701854203178404,-0.39894055782339877,-2.280944860700951,-3.1500015258789062,1.2242851257324219,22.01684260382074,20.003906858245042,75.75395875517312,68.97604231294211,0.09366290875712864,3710659.3,1.5196612095322253,-49.989157855854025,-18812569,-2.9088625472150125,-0.7066111012990681,-0.315112802868358,-7.879893498569201,15.57822187544044,0.22743946777516114,0.555554710260145,0.0
2023-12-13,70.11000061035156,70.11000061035156,69.55000305175781,69.69000244140625,5702772,71.11200103759765,72.72100067138672,72.41800079345703,70.76280014038086,71.11750061035156,70.51000026702881,71.65554536652972,71.90804762653687,71.387260525768,69.75404581602447,36.423116506881854,0.0,0.07516786929042496,0.5765169364008083,-0.5013490671103833,-3.0332547959718292,-4.3899993896484375,1.219285147530692,21.477106885374464,20.061704479473157,75.58703233755563,69.24896924935842,0.08752054763668438,3799137.6,1.5010701376017546,1.1318961259597415,-24515341,-3.767016932476891,-1.5160475516039085,-1.1629525209433365,-8.627238090036462,14.6405681721344,-0.21349490651603048,0.8051725866597162,0.0
2023-12-14,71.51000213623047,72.80000305175781,71.51000213623047,72.56999969482422,8231907,71.06200103759765,72.51700057983399,72.50350074768066,70.80300018310547,71.09900062561036,70.54620025634766,71.83843623218863,71.97109068065947,71.43364245396629,69.78206525760459,52.846214079584314,0.3801552492407656,0.12562132570289464,0.4863378142612255,-0.3607164885583309,-1.144263622641295,-2.0400009155273438,1.1499993460518974,23.257929214295356,21.575104456836407,75.58665185815538,69.42034963720594,0.08504833776797582,3847844.3,2.1393555347340847,44.34922174689782,-16283434,0.09171825699145263,2.495656267600339,2.868757539204898,-4.851182786276612,19.37818490193172,2.611564974982506,1.8039447307941923,1.0
2023-12-15,72.62999725341797,72.9000015258789,72.5,72.81999969482422,2875579,71.13800048828125,72.27800064086914,72.57350082397461,70.90480010986329,71.07960060119629,70.58470024108887,72.03474892471574,72.05193915819898,71.48800940458817,69.81229346096,53.96162519598461,0.4059743366013542,0.18366182487845606,0.42580261638467165,-0.2421407915062156,-1.7008667725252002,-2.3899993896484375,1.1507137843540736,23.14201726186774,21.168325535883483,75.61638180611173,69.53061984183749,0.08385653020976787,3770318.25,0.7626886669314984,-65.06788767171446,-13407855,0.33965409970711485,2.7010859377551713,3.166832820852776,-4.523399895227112,19.789436746371393,0.0826754290286005,0.5517262425915949,1.0
2023-12-18,72.79000091552734,72.79000091552734,72.20999908447266,72.51000213623047,1604289,71.57000122070312,72.0140007019043,72.58550109863282,71.01380020141602,71.07020065307617,70.6211502456665,72.1297995670187,72.09556420372579,71.52808755092708,69.83913633335075,45.8178316752143,0.21746508358445632,0.20231298822072574,0.3811046907518825,-0.17879170253115678,-2.814634039595132,-2.6399993896484375,1.0435709272112166,22.84355152406111,21.169692782619787,75.6252337514573,69.54576844580833,0.08375591838083317,3558152.8,0.45087692692680315,-44.20987912347392,-15012144,-0.10401383369904363,2.10691714930166,2.6746263463471056,-4.929847479123697,19.279488475397493,-0.041195797064809934,0.8032153973249467,0.0
2023-12-19,72.4800033569336,72.4800033569336,72.0,72.37999725341797,1415724,71.99400024414062,71.88800048828125,72.62550086975098,71.11360015869141,71.06170059204102,70.66040023803711,72.17983910429855,72.12265306560123,71.56149577455419,69.86441853156037,41.682946948800165,0.12175243700281996,0.20424940203125175,0.3457336330077564,-0.14148423097650464,-3.7627999807261725,-1.2600021362304688,1.0071427481515067,22.567727938026724,21.174088820831944,75.6303770042533,69.62062473524865,0.08274989083769271,3541951.95,0.39970163909197015,-11.753804956588244,-16427868,-0.3380405138593193,1.7808085821847952,2.4336078052034327,-5.100300984479028,19.065629484026278,-0.041371918925769496,0.6666713290744358,0.0
2023-12-20,73.5999984741211,73.5999984741211,72.61000061035156,72.66000366210938,1606445,72.58800048828125,71.85000076293946,72.67950096130372,71.20180023193359,71.05660064697265,70.70420024871827,72.27587201586071,72.17382931288772,71.60457451524263,69.89223529902853,40.22067848801795,0.08790443550951216,0.22577560041622746,0.32174202648945066,-0.0959664260732232,-3.3133703435948236,-0.37999725341796875,1.0392859322684151,22.59671650128803,21.180383082626474,75.64381093790675,69.71519098470068,0.08157210595546885,3558893.75,0.45138886205861023,13.471622999963273,-14821423,-0.026826407634144938,2.047986743910711,2.7661771245712723,-4.733175743865999,19.526242092143356,1.6855502445401287,1.3634456072823573,0.0
2023-12-21,73.0,73.31999969482422,73.0,73.13999938964844,2534868,72.70200042724609,71.88200073242187,72.72750091552734,71.27840026855469,71.05220062255859,70.75535024642944,72.44869749061826,72.26584551067445,71.66478725541542,69.92455135963172,39.492385708166715,0.07356610748273483,0.2783581717133785,0.31306525553423625,-0.03470708382085774,-0.6789788214885406,0.31999969482421875,1.0392859322684151,22.526646507455688,21.0677671679215,75.68884352577486,69.76615830527983,0.08143666626705898,3571583.25,0.7097323014940223,57.793637503929475,-12286555,0.5671836223276925,2.6117296601492512,3.3702739579602765,-4.1038381948093505,20.31583860523776,0.467927774228734,0.4383557463345462,1.0
2023-12-22,73.37000274658203,73.5999984741211,73.19999694824219,73.4800033569336,1708101,72.83400115966796,71.9860008239746,72.80650100708007,71.35900039672852,71.04550064086914,70.81035026550293,72.65495866388133,72.38147959127056,71.73597220057299,69.95992899144568,41.75716997047659,0.13942784479666273,0.34350599366166534,0.31915340315972207,0.024352590501943272,0.602412973563804,1.0400009155273438,1.0007144383021764,22.50163032633729,21.08220656804071,75.75918211370228,69.85381990045786,0.08111036969995507,3608687.55,0.4733302554830495,-32.61578117677133,-10578454,0.9250579831985424,2.9722991471476856,3.7701452985627304,-3.6580482613492373,20.875147639889068,0.31447000116621043,0.5464501947475994,1.0
2023-12-26,73.4800033569336,73.5999984741211,73.25,73.30999755859375,1812463,72.99400024414062,72.28200073242188,72.87850074768066,71.43480041503906,71.05460060119628,70.85810026168824,72.78596644282382,72.46990987387277,71.79769868520125,69.99326300703919,48.122858303446506,0.4436704869687242,0.37707142017907813,0.3307370065635933,0.04633441361548485,0.672889131863541,2.9599990844726562,0.9085715157645089,22.528547402713514,20.79157310459064,75.80514235414279,69.95185914121853,0.08031563702427746,3649085.2,0.49668969088471815,6.109826058295154,-12390917,0.5920769588921889,2.6250470816180846,3.4602921724550004,-3.880948229649287,20.59548684735827,0.0,0.4778136165475682,1.0
2023-12-27,73.29000091552734,73.30000305175781,72.94999694824219,73.05999755859375,1463384,73.13000030517578,72.5620002746582,72.86100044250489,71.51800033569336,71.05840057373047,70.90735025405884,72.84077266597781,72.52610870098906,71.84720060180489,70.02377777869646,50.1184633839217,0.6187368130293257,0.3791289888730205,0.3404154030254788,0.0387135858475417,0.8558739595418752,2.7999954223632812,0.8735716683523995,21.25851730551763,20.731817787935434,75.77843147613372,69.94356940887606,0.0800821019725359,3466984.25,0.42209133196956405,-19.259924202590618,-13854301,0.2731188357012631,2.1560966688980656,3.035859183599501,-4.208731120698787,20.184235002918598,-0.027276829535321883,0.4797890584751543,1.0
2023-12-28,73.36000061035156,73.6500015258789,73.1500015258789,73.38999938964844,1597282,73.2759994506836,72.93199996948242,72.82650032043458,71.6120002746582,71.05860054016114,70.95660024642945,72.95061801071193,72.6083840046709,71.90770251505366,70.05727252109399,53.33332738449513,0.964176098285947,0.4027454182316461,0.35288140606671226,0.04986401216493386,4.321252283531507,3.6999969482421875,0.8685716901506696,21.053291275345266,20.697848799809186,75.69921180514147,69.95378883572768,0.07889192730852222,3331100.8,0.47950575377364746,9.149888204326405,-12257019,0.7737555240667632,2.482822862328884,3.4294190177769135,-3.77605530375985,20.727090449677434,0.41062559784129693,0.6835269850583813,1.0
2023-12-29,73.30000305175781,73.30000305175781,72.13999938964844,72.18000030517578,3924324,73.08399963378906,72.89300003051758,72.70500030517579,71.66120025634766,71.05070053100586,70.9989002418518,72.79649446960471,72.56758555709993,71.91838085976434,70.07839419058735,48.61406295624816,0.6950959551618513,0.320134483859718,0.34633202162531346,-0.02619753776559547,2.7327043987595445,-0.3899993896484375,0.911428724016462,21.597852419891108,20.809052288535632,75.46337825968688,69.9466223506647,0.0758786312614794,3376918.55,1.1621020589910291,145.68761183059723,-16181343,-0.7220961389125137,0.7239622654550382,1.6635469835457495,-5.3625232960626334,18.736633028638654,-0.12262752233149475,1.6079895646295597,0.0
2024-01-01,72.80000305175781,72.80000305175781,71.9800033569336,72.4800033569336,1371577,72.88399963378906,72.85900039672852,72.56850051879883,71.71480026245118,71.0641005706787,71.05480026245117,72.7331962470705,72.55924439517933,71.94040527141804,70.10229079920771,64.03163128067082,1.0,0.2756944284793832,0.3322045029961274,-0.056510074516744224,4.003444996107031,-0.339996337890625,0.8171430315290179,21.411332201092215,18.95467341005852,75.06245292511046,70.0745481124872,0.06873374504040022,3312054.15,0.41411671967983976,-65.04934353024878,-14809766,-0.12194982841392628,1.0670086114470647,2.0057801713863577,-4.96917982554724,19.23014026213038,0.8589675034090752,1.1392048577130707,0.0
2024-01-02,72.5,73.1500015258789,72.5,73.01000213623047,1613569,72.82400054931641,72.90900039672852,72.46150054931641,71.75800033569335,71.08280059814453,71.11515027999877,72.78855742490249,72.60217370385088,71.98235024650873,70.13122325032236,67.12325773626854,1.0,0.28001400932497233,0.3217664042618964,-0.041752394936924064,0.6063145146156579,0.5,0.8371429443359375,21.65483403202006,18.85342736909609,74.6545920818462,70.26840901678662,0.060531220466161904,3260495.65,0.49488457376104766,17.643340475963075,-13196197,0.7569558769221918,1.7447556992671014,2.664484077965347,-4.274281697024696,20.101992164276837,0.027589186175849323,0.8965538287984914,1.0
2024-01-03,72.4000015258789,72.4000015258789,71.55000305175781,71.58999633789062,4680855,72.53000030517578,72.83000030517579,72.35900039672852,71.78420028686523,71.08830055236817,71.16680027008057,72.54884520750012,72.50577585947372,71.96696381871978,70.14573840542255,60.69813956605339,0.7674659647483975,0.16693043764897197,0.2907992109393115,-0.12386877329033952,-1.6891010190721256,-0.7900009155273438,0.8907143729073661,21.58013004487735,19.324641732039733,74.51142249292931,70.20657830052772,0.05949286431265044,3354812.95,1.395265569128079,190.09326530194866,-17877052,-1.0627621368753202,-0.27053857004538967,0.5946537798580365,-6.1360961205722475,17.766072149547675,-0.8355027975664939,1.1879782499886438,0.0
2024-01-04,70.9000015258789,70.98999786376953,70.51000213623047,70.69000244140625,8451612,71.99000091552735,72.63300018310547,72.24150047302246,71.78280029296874,71.09200057983398,71.20475028991699,72.17707665428135,72.332845057753,71.91688690196239,70.15115396796965,36.376864636073236,0.0,0.004635471657337575,0.2335664630829167,-0.22893099142557913,-2.5099981260582993,-1.970001220703125,0.7457139151436942,21.823074847203614,19.368361501707913,74.49174219140042,69.99125875464449,0.06229775693040275,3634916.55,2.32511857803173,80.55701362251126,-26328664,-2.147654771090462,-1.522367262216623,-0.7229122304549791,-7.31610652583846,16.28557554989309,-0.9638145653131196,0.6807484229140651,0.0
2024-01-05,70.98999786376953,71.25,70.48999786376953,70.52999877929688,5043431,71.66000061035156,72.37200012207032,72.12700042724609,71.77500030517578,71.10320053100585,71.23285026550293,71.84766107928446,72.16114541218576,71.86249913244609,70.15492356808235,33.18653421509899,0.0,-0.13533535476258862,0.15978609951381564,-0.29512145427640424,-2.555952672454309,-2.6100006103515625,0.7714282444545201,21.81839887075558,19.12771258834651,74.48382315448336,69.77017770000882,0.06535202388222369,3776663.15,1.3354198666089667,-40.3258100348194,-31372095,-2.2141523125727316,-1.7345893703731918,-0.9866957219686584,-7.525892377617334,16.02236834525476,0.42438168340981797,1.0781701791213911,0.0
2024-01-08,70.98999786376953,70.98999786376953,70.33999633789062,70.41999816894531,2439276,71.24799957275391,72.06599960327148,72.02600021362305,71.78320022583007,71.11260047912597,71.25795024871826,71.56212849721663,71.99532186521049,71.80593046721077,70.1575611262999,34.19064646480969,0.029587778239238124,-0.2522318018744443,0.07738251923616365,-0.32961432111060796,-3.082859042480579,-3.0600051879882812,0.7742854527064732,21.776167543693752,19.127972176357215,74.49672476459325,69.55527566265285,0.06860646276739629,3749592.4,0.6505443098295164,-51.63459161035414,-33811371,-2.229753200114501,-1.899054448110593,-1.1759418799560817,-7.670117649930313,15.841416529668479,0.6522034487935973,0.9240852427067366,0.0
2024-01-09,70.87999725341797,71.08000183105469,70.55000305175781,70.87000274658203,1873889,70.81999969482422,71.8220001220703,72.0520004272461,71.78880035400391,71.1288005065918,71.28110027313232,71.42370334708971,71.8881486158173,71.76922741934298,70.16465009764599,39.10541520060947,0.1744093233343023,-0.3050450998073302,0.0008969954274648806,-0.3059420952347951,-3.1036322969776764,-2.4399948120117188,0.7849998474121094,19.257518307093395,19.168794950357764,74.45857506978226,69.64542578470994,0.06680105002681154,3279514.6,0.571392181025814,-23.178475908425288,-31937482,-1.6404786454993436,-1.2798620437883317,-0.5767272460372588,-7.080102444157221,16.581677379906065,0.6532222329359736,0.7512384923754721,0.0
2024-01-10,70.87000274658203,70.87000274658203,70.12000274658203,70.48999786376953,2530338,70.6,71.56500015258788,72.06350021362304,71.79520034790039,71.14050048828125,71.30410026550292,71.23696225042568,71.75499140133657,71.71906155441854,70.1678873888512,34.566151421852126,0.04065263418528134,-0.3732605221750305,-0.07393450809303419,-0.29932601408199627,-4.0691417481841015,-2.5699996948242188,0.7514283316476005,19.35865077143514,19.10870200107343,74.43597644186781,69.69102398537828,0.06584404646490558,3124084.25,0.8099455064312046,35.03137058811914,-34467820,-2.1834942032916334,-1.8179522834481918,-1.141732942007625,-7.578338840562053,15.956566544095176,0.0,1.0695949381384735,0.0
2024-01-11,70.5,70.58000183105469,70.25,70.43000030517578,1486123,70.54799957275391,71.26900024414063,72.10050010681152,71.78680038452148,71.14800048828126,71.31830028533936,71.0755698613757,71.62880177313079,71.66851013287962,70.17049547757085,29.500836229453498,0.0,-0.42723810252557826,-0.14459522697954302,-0.28264287554603523,-3.9285190960702265,-2.9599990844726562,0.7278573172433036,19.115016254351865,19.09713411032315,74.336262397104,69.86473781651905,0.06201794126199832,2913251.8,0.5101251460653007,-41.26780690959073,-35953943,-2.316904597278828,-1.8900411664513375,-1.2455428362840344,-7.657003533409138,15.85787011756095,0.01418944039379756,0.46975349616325623,0.0
2024-01-12,70.43000030517578,70.43000030517578,70.05999755859375,70.25,3290966,70.49199981689453,71.07600021362305,71.98450012207032,71.77100036621094,71.1588005065918,71.33275028228759,70.91045588910056,71.4974873185469,71.6128822845314,70.17128656734627,24.96129129175307,0.0,-0.4790184179991428,-0.21147986518346298,-0.26753855281567984,-3.8461506330330075,-1.9300003051757812,0.7214290073939732,11.937292636396132,18.865929882910102,74.3544127427896,69.61458750135102,0.06584508100217201,2666204.75,1.2343260584169313,121.44640786798942,-39244909,-2.409546665086198,-2.1192408611417557,-1.5178866341235768,-7.893007615090377,15.561768287547972,0.0,0.5281226940845728,0.0
2024-01-15,70.25,70.25,70.25,70.25,0,70.45800018310547,70.85299987792969,71.8560001373291,71.78180038452149,71.16500053405761,71.34685028076171,70.77836471128045,71.37867900249482,71.55943592043212,70.17206978558164,25.637016573243244,0.016026891970976207,-0.5141281418830062,-0.27200952052337163,-0.24211862135963452,-4.278511262791119,-2.2300033569335938,0.6964291163853237,11.805502735062175,18.86474396999297,74.31229147559463,69.39970879906357,0.06836704891925899,2522425.8,0.0,-100.0,-39244909,-2.2350257936146787,-2.1339676301178363,-1.537349268321483,-7.893007615090377,15.561768287547972,0.0,0.0,0.0
2024-01-16,71.0,71.0,70.58000183105469,70.69999694824219,1172651,70.4239990234375,70.62199935913085,71.76549987792968,71.78220031738282,71.1747004699707,71.35905025482178,70.7626911586728,71.31404261637553,71.52573243132663,70.17732279217529,31.790149620650197,0.16196726350237492,-0.49987955769424275,-0.31758352795754585,-0.1822960297366969,-2.050434123962541,-2.3100051879882812,0.7242862156459263,12.111444473870986,18.658090803437574,74.25350532415688,69.2774944317025,0.06933708956139625,2500843.9,0.46890211740125004,inf,-38072258,-1.484700770565071,-1.5076207811347377,-0.9235735400431022,-7.303002412457269,16.302016587375263,1.0676156583629894,0.5950668150316147,0.0
2024-01-17,70.70999908447266,70.70999908447266,69.87000274658203,70.06999969482422,3722396,70.33999938964844,70.46999969482422,71.65,71.78720031738281,71.16590049743652,71.36450023651123,70.62415286590308,71.19556233813256,71.46864487303242,70.17625490065936,25.516249582240405,0.013162533375136846,-0.5332756950532627,-0.3607219613766892,-0.17255373367657345,-3.3250600862159474,-1.5199966430664062,0.742142813546317,12.415595317694399,18.675015181909263,74.23064137835865,69.06935862164136,0.07203465117539844,2616177.5,1.4228377088328297,217.43425793351986,-41794654,-2.2051644175516913,-2.3920707521209517,-1.813927845633153,-8.129011696771617,15.265666457534996,0.014147293723069153,1.2022274293265527,0.0
2024-01-18,70.06999969482422,70.06999969482422,69.69000244140625,69.8499984741211,3091906,70.2239990234375,70.3859992980957,71.50949974060059,71.7688003540039,71.14820045471191,71.3716502380371,70.46932198754669,71.0674133987029,71.40516854366335,70.173008568057,29.879115782150137,0.11664125051825681,-0.570913498965524,-0.4027602688944562,-0.1681532300710678,-4.328179111970265,-0.8400039672851562,0.679999760219029,12.253244239132401,18.63026602664452,74.16354189214884,68.85545758905234,0.07422907896645183,2690450.55,1.1492149521201942,-16.937746548191,-44886560,-2.3206724596022985,-2.673587785246795,-2.132011462311763,-8.417462241397574,14.903762826362438,0.0,0.5452679582519195,0.0
2024-01-19,70.02999877929688,70.29000091552734,70.0,70.16000366210938,2406803,70.20599975585938,70.34899978637695,71.36049995422363,71.77120040893554,71.12440048217773,71.38090026855468,70.40745832245923,70.98099342378923,71.35633854830829,70.17287916600777,30.00003946231284,0.11950932547680596,-0.5691659115476995,-0.43604139742510484,-0.13312451412259463,-1.997475553751904,-0.3699951171875,0.6528570992606026,12.076185039076401,18.647872716478112,73.96322345123235,68.7577764572149,0.07294577528684136,2684047.3,0.8967066265933541,-22.157950468093148,-42479757,-1.682298040070273,-2.2449070625068885,-1.710396761391293,-8.011004654361004,15.41372364774663,0.2576955033756658,0.41428702218191965,0.0
2024-01-23,70.0999984741211,70.0999984741211,69.30000305175781,69.43000030517578,3831096,70.04199981689453,70.25,71.15799980163574,71.77240036010743,71.09320045471192,71.38205028533936,70.21196671900255,70.83327979344509,71.28079587210702,70.16548733654676,20.166727277813507,0.0,-0.6195443839352919,-0.47274199472714223,-0.14680238920814964,-1.782433290018437,-0.9899978637695312,0.666428702218192,12.15113810776089,18.582939080037253,73.69578638773783,68.62021321553365,0.07132821589073811,2790197.05,1.3730557130364682,59.17779726882508,-46310853,-2.4283980736909863,-3.2636501540689706,-2.734651039526805,-8.968135097607139,14.21286273980226,-0.08552620418503151,1.154394498028798,0.0
2024-01-24,69.66000366210938,70.19999694824219,69.3499984741211,70.12999725341797,1959253,69.9279998779297,70.17599945068359,70.99899978637696,71.79060028076172,71.06970039367675,71.37935028076171,70.19557282588563,70.7663005039187,71.23566651451138,70.16513420139125,36.17426787523065,0.8452296517410436,-0.5961141498044356,-0.4974164257426009,-0.09869772406183464,-0.5671367259350135,-0.7400054931640625,0.6228572300502232,12.983042183674659,18.620831276562672,73.36150462970221,68.6364949430517,0.06655036973573152,2797536.55,0.7003493841751595,-48.8592037369985,-44351600,-1.2239644721385616,-2.3131204097046094,-1.750300363381806,-8.050347003924532,15.364362884069225,0.3312737374659751,1.2256647337033215,0.0
2024-01-25,70.04000091552734,70.30000305175781,70.0,70.12000274658203,1071846,69.93800048828125,70.13899993896484,70.85200004577636,71.79920028686523,71.04400039672852,71.3780002975464,70.18045881002492,70.70474833655331,71.19191499420043,70.16468513218916,43.50798652084524,1.0,-0.5717610877138242,-0.5122853581368456,-0.05947572957697855,-0.42600884715100484,-0.3699951171875,0.5671435764857701,12.994949012732768,18.58077573552966,73.03347872797171,68.67052136358102,0.06157846442685961,2777959.65,0.3858392975578317,-45.2931295754045,-45423446,-1.0331356894955699,-2.3387412862179002,-1.7624443746256158,-8.063451117305723,15.347921846587049,-0.12832787881827387,0.4285757882254464,0.0
2024-01-29,70.38999938964844,71.69999694824219,70.19999694824219,70.43000030517578,1122290,70.05400085449219,70.13899993896484,70.70400009155273,71.8352003479004,71.01350036621093,71.36540031433105,70.2303671090551,70.6785818573745,71.1620359867877,70.16732508415917,48.898695441017566,1.0,-0.521436107467693,-0.5141155080030151,-0.0073205994646778905,-0.6208585076250328,0.0,0.6257144383021763,12.98859880493416,18.495377019091226,72.5337597695728,68.87424041353266,0.051758307186319324,2754210.05,0.4074816298052504,4.70627310266587,-44301156,-0.38753081299806574,-1.9561441130799142,-1.3107192071161597,-7.657003533409138,15.85787011756095,0.3850493903176111,2.136752229641742,0.0
2024-01-30,70.9000015258789,70.9000015258789,70.55000305175781,70.77999877929688,1753973,70.1779998779297,70.19199981689454,70.63400001525879,71.8336003112793,70.98840034484863,71.35320030212402,70.34029344310346,70.6882406118433,71.14705413551356,70.17342133983219,53.76569772267303,1.0,-0.44814530612025294,-0.5009214676264627,0.052776161506209784,0.4114071844459444,0.529998779296875,0.6128572736467633,12.000064068241228,18.515879180397114,72.3280947887845,68.93990524173309,0.04796825248916207,2645692.5,0.6629542170906105,56.28518475616819,-42547183,0.20669757341583878,-1.4667252196977614,-0.8033298021673808,-7.198109486567833,16.43362018969443,0.6673309934212587,0.49609987098699815,0.0
2024-01-31,70.77999877929688,70.79000091552734,70.52999877929688,70.58999633789062,808554,70.40999908447266,70.22599945068359,70.53949966430665,71.8170002746582,70.95880027770995,71.33995029449463,70.3902340220609,70.678884014324,71.1252087316852,70.1775663646885,46.90258167424824,0.7957343347859989,-0.40077355901013334,-0.48089188590319687,0.08011832689306353,0.2271702854203861,0.339996337890625,0.5842857360839844,11.857170125231772,18.10491345625356,71.99392289182654,69.08507643678675,0.041237129110396634,2617541.35,0.3088982720368486,-53.90157089077198,-43355737,0.07158637901358729,-1.708514602496621,-1.0512398081413823,-7.447227684770249,16.121064771788987,0.0,0.36864049444275454,0.0
2024-02-01,70.5999984741211,70.5999984741211,69.61000061035156,69.9800033569336,2302916,70.38000030517578,70.15400009155273,70.3879997253418,71.77120040893554,70.93430030822753,71.32200031280517,70.30818788903544,70.61232395171538,71.08029871698908,70.17560056361631,44.63161952488797,0.7281441045113174,-0.4077521310200325,-0.466263934926564,0.05851180390653149,-0.3843368584575124,-0.7199935913085938,0.6014284406389508,11.672939264802139,17.969147796388746,71.28225118139639,69.49374826928721,0.025409202123771468,2652008.7,0.868366683714122,184.81907207187152,-45658653,-0.5796391004151734,-2.4957044633448033,-1.8816030817781715,-8.247008736042243,15.117621817733653,0.014169339494780366,1.422206371338992,0.0
2024-02-02,70.68000030517578,71.0,70.41000366210938,70.79000091552734,2206040,70.51399993896484,70.22600021362305,70.34799995422364,71.755400390625,70.92990028381348,71.3067003250122,70.40455049433382,70.62924556731652,71.06891448948078,70.18171399995374,53.272741901028446,0.9853282462195205,-0.34395773540184393,-0.44180269502162,0.09784495961977607,0.7686845772631123,0.720001220703125,0.6507137843540737,10.664645230110878,17.946608738882766,71.07105143861847,69.62494846982881,0.02055641908413399,2528267.95,0.8725499209844431,-4.206666678246185,-43452613,0.6283063649163033,-1.3454032307563943,-0.724615508963069,-7.184995370046658,16.450073777586898,1.0002813870583103,0.8379439102459912,0.0
2024-02-05,70.79000091552734,70.79000091552734,69.11000061035156,69.22000122070312,5917562,70.27200012207031,70.16300048828126,70.27449989318848,71.70820037841797,70.91090026855468,71.27850032806397,70.16764063960768,70.49503182002,70.99640808678362,70.17214471856816,42.525390772065506,0.6654568041287338,-0.4152987659387861,-0.4365019092050532,0.0212031432662671,-2.0933462396363844,-0.6299972534179688,0.7442850385393415,12.535178335440648,18.318039705720864,71.13664979409992,69.41234999227703,0.02453663568497378,2401565.45,2.4640436095547593,168.2436401878479,-49370175,-1.5005424073997022,-3.469894858027589,-2.8879663543515477,-9.243471525711922,13.86741269652217,0.0,2.4309076694236698,0.0
2024-02-06,69.0999984741211,69.33000183105469,68.95999908447266,69.0,4261394,69.91600036621094,70.04700012207032,70.19799995422363,71.64460037231446,70.8969002532959,71.25040031433106,69.93411251168615,70.35264783716096,70.91811757357641,70.16048158704012,41.20954588376685,0.6262935538601537,-0.48400994119118934,-0.44600351560228046,-0.038006425588908876,-1.527043955308105,-1.160003662109375,0.7707138061523438,12.551193149935347,18.20937467650645,71.22117479949691,69.17482510895036,0.029151111027108764,2362463.6,1.8037924478497784,-27.98733667682738,-53631569,-1.7066012635756758,-3.691276605035551,-3.1584388359968583,-9.53192207033788,13.50550906534961,-0.1733642653362731,0.5365469134197578,0.0
2024-02-07,69.58000183105469,69.58000183105469,68.70999908447266,68.8499984741211,3492402,69.56800079345703,69.98899993896484,70.11949996948242,71.5836003112793,70.88370025634765,71.22625030517578,69.71728970417314,70.2095383740143,70.83701486379385,70.14744195407576,36.41702489023627,0.4836546298075326,-0.5442936339383522,-0.46566153926949483,-0.07863209466885734,-1.431639258189088,-0.5800018310546875,0.7792854309082031,12.55611290186867,18.109568660975114,71.29980251409872,68.93919742486612,0.03366545811450425,2415119.9,1.4460573986409537,-18.04555035277189,-57123971,-1.8104828127893677,-3.8187543309797394,-3.3362023423574962,-9.728593805595578,13.258755448603749,0.8405823638473732,1.2661952527643647,0.0
2024-02-08,68.88999938964844,69.04000091552734,68.69000244140625,68.9000015258789,2220095,69.3520004272461,69.86600036621094,70.02099990844727,71.52420028686524,70.86660026550292,71.20575031280518,69.5538320685143,70.08482057895378,70.76105355642464,70.13502961150664,40.60996010179064,0.6084481921113403,-0.5813328234554405,-0.488795796106684,-0.09253702734875646,-1.795898047979927,-1.2299957275390625,0.7442855834960938,12.265606896645068,18.105354636498813,71.26469294511965,68.77730687177488,0.03552342977959516,2432430.2,0.9127065598840205,-36.430714448107636,-54903876,-1.6009459791120795,-3.668966238645581,-3.238149695491127,-9.663033226129683,13.341010837655798,0.05809864402884343,0.5095333551918977,0.0
2024-02-09,69.31999969482422,69.6500015258789,69.31999969482422,69.54000091552734,2012516,69.1020004272461,69.80800018310546,69.97350006103515,71.4468002319336,70.85910026550293,71.18060031890869,69.55106583791691,70.03293299196079,70.71316913913455,70.12910892796457,47.66918914949956,0.8185507325833489,-0.5526731736355543,-0.5015712716124581,-0.05110190202309628,0.15843383244715792,-0.5800018310546875,0.770714351109096,12.727883324445449,18.152445823548867,71.21433551761737,68.73266460445294,0.03546586795000638,2406539.1,0.8362698116976366,-9.35000529256631,-52891360,-0.6195190252448216,-2.6688379468588073,-2.3048406392064793,-8.82390982529416,14.393814555388538,0.6095764290913125,0.47605573068017065,0.0
2024-02-12,69.55000305175781,70.20999908447266,69.5,69.87000274658203,2385609,69.23200073242188,69.75200042724609,69.94550018310547,71.36260025024414,70.85730026245118,71.16025032043457,69.61485321964994,70.01741582573425,70.680103790407,70.12653075700554,47.82607701009667,0.8232201572270171,-0.49759582986193607,-0.5007761832623537,0.003180353400417668,-0.37073223587394954,-0.55999755859375,0.7899998256138393,12.871436911968843,17.894404417586703,71.16810175369149,68.72289861251944,0.03495869119201259,2451513.4,0.9731168510031396,18.538635220788315,-50505751,-0.10793751753264351,-2.091568270253724,-1.8131577222431843,-8.391234008355223,14.936670002147375,0.01438328458266587,1.021581416507419,0.0
2024-02-13,69.77999877929688,70.06999969482422,69.51000213623047,70.0199966430664,1470251,69.43600006103516,69.67600021362304,69.93400001525879,71.27080017089844,70.86490020751953,71.14200031280518,69.69588190433325,70.01766161786112,70.65421723560934,70.12547071607082,54.84399155126493,1.0,-0.43680813197373425,-0.4879825730046299,0.051174441030895634,-0.14262136280435156,-0.7600021362304688,0.768571036202567,12.875036657117949,16.639132046132893,71.14884406925307,68.7191559612645,0.034742587403243604,2360477.65,0.6228616483617204,-38.36999273560755,-49035500,0.12296826692145985,-1.7550013818180288,-1.5771325866652914,-8.19457227623751,15.183411068482947,-0.12881632137843183,0.8056359392655871,0.0
2024-02-14,68.4000015258789,68.4000015258789,67.70999908447266,67.91999816894531,8603909,69.25,69.40900039672852,69.81749992370605,71.12500015258789,70.83680015563965,71.11295028686523,69.34070515725566,69.8178841465358,70.54699295848526,70.10352571560192,35.24696784340249,0.0,-0.5517258180940843,-0.5007312220225208,-0.050994596071563425,-3.5638252525266756,-2.6699981689453125,0.872856685093471,16.77117552632343,17.666959055863973,71.31803813442679,68.31696171298532,0.04298458731293632,2790673.1,3.0830945408833443,485.20001006630844,-57639409,-2.7178024948390562,-4.506153921640394,-4.48997278982203,-10.947946560425317,11.728898085271755,-2.3136178161298395,1.0190554581834017,0.0
2024-02-15,68.72000122070312,69.19999694824219,68.63999938964844,69.12999725341797,2270736,69.2959991455078,69.32399978637696,69.73899993896484,71.00460006713867,70.81730010986328,71.09105026245118,69.29856357648812,69.752371109096,70.49142449946301,70.09383886523193,44.30375746039996,0.4621512813378816,-0.5389494250612756,-0.5083748626302719,-0.03057456243100376,-2.331169192336202,-0.850006103515625,0.9428563799176898,17.928231219090843,17.884452091959858,71.20910805170652,68.26889182622315,0.04216028661232063,2845577.35,0.7979877967471171,-73.60808906742274,-55368673,-0.8732598489795736,-2.640114600952842,-2.75850898501776,-9.361478568122534,13.719355506310535,1.1778608264503656,0.8158472662780981,-1.0
2024-02-16,69.9000015258789,69.9800033569336,69.75,69.91000366210938,2236982,69.36999969482422,69.23600006103516,69.7310001373291,70.9300001525879,70.80560012817382,71.07335029602051,69.42085159361238,69.76738373319252,70.46862368231189,70.09200965923071,47.1615891469317,0.6079811649535842,-0.460574823273177,-0.49881485475885295,0.03824003148567595,-0.9632989248594792,-0.8799972534179688,0.8907143729073661,18.187961833181717,17.95292768024829,71.19525395113278,68.26674632352542,0.04199721245701223,2771306.65,0.8071939639014687,-1.48647839290873,-53131691,0.2567058043448951,-1.4380325508025595,-1.6368253769743422,-8.338787545410504,15.002471803306957,1.1138497078746323,0.329753916750672,0.0
2024-02-19,70.11000061035156,70.19999694824219,69.91999816894531,70.01000213623047,6171734,69.3979995727539,69.31500015258788,69.73900032043457,70.86940017700195,70.79640014648437,71.05800029754639,69.538681702136,69.79049024776756,70.45063852364203,70.09119366397698,45.679029259725766,0.5323288664562811,-0.38594441854323236,-0.47624076751572886,0.0902963489724965,0.04286764483829586,0.7900009155273438,0.8778566632952008,18.159330397612393,17.95665511565448,71.20773323664578,68.27026740422336,0.04212084800363416,2925298.05,2.1097795487882,175.8955592847864,-46959957,0.388594351153168,-1.2126503662018673,-1.474848935978436,-8.207676389618701,15.166970031000767,0.28607772531212744,0.40045593053409906,0.0
2024-02-20,69.79000091552734,69.9000015258789,69.61000061035156,69.80000305175781,1065769,69.35400085449218,69.39500045776367,69.72100028991699,70.80900024414062,70.7761001586914,71.04205032348632,69.59094597206037,69.79139622909997,70.42512340709756,70.08829624494993,45.57674169053169,0.5271093203293333,-0.33982714045299645,-0.4489580421031824,0.10913090165018596,-1.3984995775757625,0.8000030517578125,0.8878566196986607,18.116746208287758,17.871786044205034,71.17677538088729,68.26522519894668,0.0417600173525003,2858246.35,0.3728751372323103,-82.73144954076115,-48025726,0.1133127200015966,-1.424956133971544,-1.7483268938226177,-8.483012817723482,14.82151998772068,-0.3142425567635763,0.41660812093746524,0.0
2024-02-21,70.08999633789062,70.08999633789062,69.58000183105469,69.66999816894531,4841962,69.7040008544922,69.4770004272461,69.73300018310547,70.75360015869141,70.75570014953614,71.01835029602051,69.60675641143736,69.77983450908525,70.39551065266022,70.08413407503943,48.16565076894323,0.6592165789113013,-0.3101934557866741,-0.4212051248398808,0.1110116690532067,0.650096706596992,0.8199996948242188,0.8535706656319755,17.727503298334078,17.860503461113677,71.1826190495353,68.28338131667564,0.041576265544961764,2908789.65,1.6645968195053225,354.31627303852895,-52867688,-0.09034748826915627,-1.5315149862561301,-1.8985968013266514,-8.653466323078815,14.60766099634946,0.4154631424840739,0.7329613300014584,-1.0
2024-02-22,69.38999938964844,69.87000274658203,69.19000244140625,69.66000366210938,960932,69.81000213623047,69.55300064086914,69.70950050354004,70.73980026245117,70.74700019836426,70.99090030670166,69.61740586157177,69.7684220474685,70.36666724126607,70.0799138719257,42.614398509625495,0.375946407783706,-0.28423849591494843,-0.3938117990548944,0.10957330313994595,0.956527046535327,0.7600021362304688,0.8292852129255023,17.340680043966156,17.860662229315746,71.14721086852404,68.27179013855604,0.04124862047780671,2858873.6,0.3361225903796516,-80.15407803696105,-53828620,-0.07100444139339848,-1.526434335883971,-1.8747425921384568,-8.666570436460006,14.591219958867285,-0.4018929046300471,0.9828013891915113,-1.0
2024-02-23,69.12999725341797,69.1500015258789,68.75,68.7699966430664,3937282,69.58200073242188,69.47600021362305,69.64200019836426,70.7100001525879,70.73500015258789,70.95510028839111,69.44792401787069,69.67333391371592,70.30405270800334,70.06687986964849,46.771850744275504,0.5880935326035844,-0.3316619391765272,-0.38138182707922097,0.04971988790269377,-0.11619728805768448,-0.7700042724609375,0.7742854527064732,17.90028991903364,17.450688433548827,71.12462463409992,68.1593757626286,0.04257845643469851,3002145.4,1.3114894435159603,309.7357565363626,-57765902,-1.2521230763247566,-2.7436055795998855,-3.079558250842476,-9.833486731485012,13.127151846284582,-0.7608475176978725,0.5818204012784091,-1.0
2024-02-26,69.47000122070312,69.47000122070312,68.80999755859375,68.86000061035156,1054784,69.3520004272461,69.375,69.56350021362304,70.6934001159668,70.72810012817382,70.92315029144287,69.33033933636686,69.5958735991098,70.24742321397778,70.05487112079976,48.9766143838382,0.7005985574700969,-0.35785763164446394,-0.3766769879922696,0.018819356347805682,-0.058056479886026136,-1.0100021362304688,0.7978570120675224,17.810176332649768,17.329394531252692,71.0366755537479,68.09032487349819,0.04235483653355192,2998770.1,0.3517388678778677,-73.21035170963115,-56711118,-1.0113056432052725,-2.5934521505652435,-2.908993287259872,-9.715479689074401,13.275209036496216,1.0178924121080284,0.9591682684588999,-1.0
2024-02-27,68.9000015258789,68.9000015258789,68.41000366210938,68.68000030517578,2304620,69.12799987792968,69.24100036621094,69.458500289917,70.61560012817382,70.70930015563965,70.89040027618408,69.20027153012865,69.50864757111607,70.18595564892672,70.04119081417664,48.76275173077051,0.6896855404601777,-0.3886621713795648,-0.37907402466972867,-0.009588146709836154,-1.2366991645516912,-1.339996337890625,0.7707138061523438,17.669367243410683,17.243789652596515,70.86441787127359,68.05258270856041,0.04048223257019217,3026302.45,0.7615299653872996,118.49212729810085,-59015738,-1.1208131207725316,-2.741037135540519,-3.1180526028866185,-9.95148377075564,12.97910720648324,0.058090205014216204,0.7162663902047546,-1.0
2024-02-28,67.0199966430664,68.52999877929688,67.0,68.01000213623047,3644998,68.79600067138672,69.25000076293945,69.32950057983399,70.51940017700196,70.71210014343262,70.85335029602051,68.96221765134901,69.3659194344603,70.10062413862491,70.02097998156026,44.05875342507614,0.44964917698896867,-0.4618147311291523,-0.3956221659616134,-0.06619256516753885,-2.662087501409971,0.09000396728515625,0.8657139369419643,17.91135377711951,17.215886482813236,70.77127691529252,67.88772424437546,0.04159200119430544,3168124.65,1.1505222813755134,58.1604776492437,-62660736,-1.903227965826897,-3.558450631277293,-4.013004533886857,-10.829939518014704,11.87695527548339,-2.4170117279167744,2.283580267607276,-1.0
2024-02-29,68.38999938964844,68.68000030517578,68.05999755859375,68.29000091552734,1322789,68.52200012207031,69.16600112915039,69.24500045776367,70.43500015258789,70.72440017700195,70.8253503036499,68.82777430418467,69.26345100408572,70.02961930634658,70.00375630926143,41.23422760191067,0.3055188301938961,-0.49152905929527435,-0.4148035446283457,-0.07672551466692867,-2.4707166673513026,-0.839996337890625,0.859999520438058,17.84084429200073,17.255908130121135,70.72387026332468,67.76613065220265,0.04271412508584103,3119118.3,0.42409067972830655,-63.709472542920466,-61337947,-1.3791602800534735,-3.0453598813284524,-3.5797202234125747,-10.462824280541662,12.337555333190176,0.5587373055169125,0.9109649850461171,-1.0
2024-03-01,68.73999786376953,68.9800033569336,68.5999984741211,68.83999633789062,2199774,68.53600006103515,69.05900039672852,69.14750022888184,70.36420013427734,70.73890014648437,70.81410030364991,68.83021871092586,69.22312198825762,69.98296742523065,69.99217660805377,42.99315222773176,0.39527351192729643,-0.4653337663674506,-0.4249095889761667,-0.0404241773912839,1.3545320873785904,-1.07000732421875,0.8585711887904576,17.55144505266226,16.917621915726127,70.44327405283774,67.85172640492594,0.03747854426166727,3118805.0,0.7053259181000415,66.29817756271031,-59138173,-0.44470716941806987,-2.1661637501428963,-2.787727242589191,-9.741707922116753,13.242301860711281,0.6589499812700546,0.5539429901822147,-1.0
2024-03-04,69.9800033569336,69.9800033569336,69.11000061035156,69.6500015258789,2615918,68.69400024414062,69.02300033569335,69.16900024414062,70.30400009155274,70.75290016174317,70.80320030212403,68.99417527391648,69.26377718231679,69.96990993898157,69.98877188086794,47.69042031149989,0.9063199428659513,-0.374891641340966,-0.41490599944912654,0.040014358108160564,0.7522121989310904,-0.3600006103515625,0.9000004359654018,16.26060052058707,17.053392547715298,70.48396654029308,67.85403394798816,0.0380218390178006,2953722.8,0.8856342240375434,18.917579715007093,-56522255,0.6954000781282552,-0.9302437483246576,-1.6287382086181275,-8.67968455298118,14.574766370974817,1.6560242296461174,1.2588666457799436,0.0
2024-03-05,70.16000366210938,71.1500015258789,70.16000366210938,71.05999755859375,8238315,69.16999969482421,69.14899978637695,69.27200012207031,70.26240005493165,70.77040016174317,70.802250289917,69.40733973085193,69.43484578958126,70.01265847308402,69.99943084283537,71.44806180220294,1.0,-0.18728184115958868,-0.369381167791219,0.1820993266316303,1.6449632902932665,1.2599945068359375,0.8421434674944196,17.631026652414686,17.57178146727485,70.83125284280136,67.71274740133926,0.0450182676401246,3152568.85,2.613207004186443,214.9301698294824,-48283940,2.581125755532758,1.13516973948874,0.3640382440125044,-6.830994249094791,16.89422024740122,0.7322356425806742,1.4110573148447392,0.0
2024-03-06,71.04000091552734,71.04000091552734,70.20999908447266,70.66000366210938,2909291,69.7,69.24800033569336,69.36250038146973,70.20600006103516,70.78250022888183,70.80080032348633,69.65787251710343,69.5515274917268,70.03804455892815,70.00600370670874,61.75119743952447,0.6790587947760476,-0.07006818499733924,-0.30951857123244303,0.23945038623510378,0.9284409456438603,0.9900054931640625,0.8114291599818638,17.76864431631255,17.576826132166797,71.02529387569128,67.69970688724818,0.047945027502663766,3123413.3,0.931446056146332,-64.68584898732325,-51193231,1.8706120360480476,0.6466735046570403,-0.19886309297869262,-7.355438872262003,16.236227336625973,-0.028140506267140906,1.1821704057510052,0.0
2024-03-07,71.0,71.48999786376953,71.0,71.2699966430664,3808814,70.2959991455078,69.40899963378907,69.4810001373291,70.1652000427246,70.80000022888184,70.80380031585693,69.98029734229603,69.71519122042581,70.08635640536495,70.0185807508516,60.7255157973273,0.6451113773315166,0.07122478267048393,-0.23336990045185763,0.30459468312234156,2.106007918393016,1.6099929809570312,0.8099997384207589,17.953698009421874,16.60763924624734,71.33214393309312,67.62985634156509,0.053284892045458,3202849.25,1.1891955264519551,30.918976479149052,-47384417,2.574799588666474,1.5745648835449384,0.6584340460960629,-6.5556578209900085,17.239670290681307,0.4811722619156107,0.6901378362951145,0.0
2024-03-11,72.33000183105469,72.33000183105469,71.30000305175781,71.7699966430664,6658298,70.88199920654297,69.70899963378906,69.59249992370606,70.13940002441406,70.82870018005372,70.8066003036499,70.3382372024501,69.910886974963,70.1523815127258,70.03600777465472,63.056357988915856,0.7222562433600066,0.2209987626646921,-0.14249616782854768,0.3634949304932398,3.0142077354857078,3.0,0.8650005885532924,17.845364612917045,16.662219043859064,71.70832318212105,67.47667666529107,0.060806071365005106,3435138.35,1.9382910734876224,74.81289451257005,-40726119,3.128924412469057,2.3247940787699513,1.3606024513040267,-5.900092038891008,18.062173979560654,1.4873091594166719,1.444598506607612,0.0
2024-03-12,71.7699966430664,72.05999755859375,71.26000213623047,71.94999694824219,3701081,71.34199829101563,70.01799926757812,69.69649963378906,70.11059997558594,70.86130012512207,70.80795028686524,70.66058915160852,70.10508792479912,70.22287623568722,70.05505244304862,66.02083930268837,0.8203729303756466,0.3501835432706173,-0.04396022560871468,0.394143768879332,3.287386112180779,3.089996337890625,0.8935715811593192,17.810583034569056,16.572876481506352,72.05976360768896,67.33323565988916,0.06781585836641321,3500911.95,1.057176259460053,-44.414007904122045,-37025038,3.2333005621427593,2.623564729579785,1.6128791424552786,-5.664087957209768,18.35827580957363,0.0,1.1226429952021324,0.0
2024-03-13,71.58999633789062,71.5999984741211,71.12000274658203,71.26000213623047,4232600,71.38199920654297,70.2759994506836,69.75849990844726,70.09220001220703,70.87670013427734,70.81465030670167,70.7804717485329,70.21507975445925,70.26354783963009,70.06704199223451,60.93540604329351,0.6520582032316925,0.39236367363305646,0.04330455423963955,0.34905911939341694,3.6207730328791765,2.5800018310546875,0.916428702218192,18.236935575174858,14.459433100448269,72.220499009651,67.29650080724353,0.07058635447823326,3639029.4,1.1631123397903849,14.361182584223364,-41257638,2.152429065639046,1.6660942641550103,0.628897872968324,-6.568761934371199,17.223229253199133,-0.5003483330381957,0.674909602083966,0.0
2024-03-14,72.05999755859375,72.86000061035156,72.05999755859375,72.55000305175781,6279237,71.75999908447265,70.72999954223633,69.9900001525879,70.09360000610351,70.90420013427735,70.82530033111573,71.1343780091779,70.43745340182102,70.35321274990962,70.09174807242879,66.90060535539644,0.8494909180787615,0.5238454593592792,0.13941273526356748,0.3844327240957117,5.358702307143948,4.540000915527344,0.9821428571428571,15.016700512408901,14.917917775590908,72.59090654804945,67.38909375712635,0.07432222859812013,3522795.8,1.7824584098800165,48.35413221187923,-34978401,3.6576695150575156,3.504461242453523,2.435150592484492,-4.877401016178978,19.345290276557076,1.1226429952021324,1.1101902287844383,0.0
2024-03-15,72.55999755859375,72.80000305175781,72.41000366210938,72.7300033569336,4952028,72.0520004272461,71.17399978637695,70.17000045776368,70.08800003051758,70.92300018310547,70.84035034179688,71.45350307872904,70.65579149278412,70.44642022469486,70.11799936879203,75.255205809253,1.0,0.6352475043227912,0.23857968907541222,0.396667815247379,5.896917637975907,4.44000244140625,0.9449996948242188,14.02528357164217,14.900754290935339,73.00780547485004,67.33219544067731,0.0808837109469447,3656860.4,1.3541747450900778,-21.1364692875902,-30026373,3.648286849749728,3.7695515997968854,2.6674811827148632,-4.641396934497739,19.641392106570052,0.013776025383220631,0.5385987707835401,0.0
2024-03-18,72.5999984741211,72.81999969482422,72.2699966430664,72.66000366210938,4407074,72.2300018310547,71.55600051879883,70.30750045776367,70.10940017700196,70.9468002319336,70.85490036010742,71.69480319540511,70.84666884224367,70.53322741831897,70.14329294384991,74.29676676618081,0.9718279986768475,0.7097049997432947,0.3328047512089887,0.376900248534306,6.837231847992764,3.82000732421875,0.9342853001185826,13.687707810225772,14.897330484061738,73.35127909520047,67.26372182032686,0.08658474892775665,3765365.0,1.1704241155903876,-11.004663140030713,-34433447,3.3460202525034224,3.638033528553982,2.5476054483569053,-4.733175743865999,19.526242092143356,-0.1787500024913806,0.7610392656778681,0.0
2024-03-19,72.88999938964844,72.88999938964844,72.25,72.43000030517578,2429850,72.32600250244141,71.83400039672851,70.42850036621094,70.14420013427734,70.96350021362305,70.86605037689209,71.84184261735925,70.99746231490388,70.60761066878395,70.16604625092778,73.82471154610512,0.9579525828319907,0.7416049919014824,0.41456479934748747,0.32704019255399497,6.0623800470723355,2.779998779296875,0.9449996948242188,13.806850682420855,14.890483610898327,73.61169557209809,67.2453051603238,0.09039508691326126,3578270.8,0.6790570462134952,-44.864778762507726,-36863297,2.8418891905372567,3.2587158546575816,2.206909966007731,-5.0347404050131335,19.14788487307833,0.31653690606542084,0.8858123040116782,0.0
2024-03-20,72.72000122070312,72.72000122070312,72.38999938964844,72.48999786376953,2127493,72.57200164794922,71.9770004272461,70.56300010681153,70.18340011596679,70.97920021057129,70.87870037078858,71.97147366664132,71.13960855765299,70.68142977446966,70.18917014757297,80.85405325879064,1.0,0.7629326543417108,0.48423837034633216,0.2786942839953786,5.302152411460681,1.4300003051757812,0.8485712323869977,13.700313113324711,14.827491730880201,73.85967898164593,67.26632123197713,0.09343930586409878,3631357.0,0.5858672116236437,-12.443443010885446,-34735804,2.730889777987185,3.2865289284808927,2.2733169267378677,-4.956075712166049,16.957080347138685,0.4003878424761246,0.4558666028969145,0.0
2024-03-21,73.26000213623047,73.88999938964844,73.26000213623047,73.77999877929688,7495607,72.81800079345703,72.28899993896485,70.7685001373291,70.25060012817383,71.01690017700196,70.89670036315918,72.33317868917243,71.39107429304765,70.80294228446289,70.22489978569958,83.19232298519415,1.0,0.8738540280980232,0.5621615018966704,0.3116925262013528,5.929644167894876,3.1199951171875,0.9007143293108258,14.703741162376296,15.240404722626252,74.33236728190342,67.20463299275478,0.10071902435853496,3764039.25,1.9913732302339833,252.3211122198757,-27240197,4.25542244942855,5.024012100513842,4.066900718042402,-3.264714793973828,14.104538510151365,1.0622214031624153,0.8599470857869466,0.0
2024-03-22,72.68000030517578,72.69000244140625,72.08000183105469,72.47000122070312,7622247,72.76600036621093,72.40900039672852,70.90900001525878,70.28260009765626,71.03570022583008,70.9075503540039,72.36054319547857,71.49382923853865,70.8683171447076,70.2472391034608,70.09973149213656,0.6312143714269496,0.8462985580979421,0.6189889131369247,0.22730964496101735,1.9842438932631934,1.2000045776367188,0.9728567940848214,16.437173058736498,15.673744474624366,74.51022773141106,67.3077722991065,0.10157321963015523,4097105.0,1.8603982568179238,1.6895229432386305,-34862444,2.201414778248787,3.112293967507631,2.2035042233143463,-4.982293942068415,11.321049031225085,-1.4909169047448672,0.8462827342614634,0.0
2024-03-26,72.55000305175781,73.0199966430664,72.29000091552734,72.83000183105469,2472612,72.8,72.51500091552734,71.1120002746582,70.32940017700196,71.06230026245117,70.91430034637452,72.4544349225938,71.62108377115922,70.94524595593691,70.27293823507866,68.53151579012889,0.34744589774274676,0.8437830840450289,0.6639477473185456,0.17983533672648333,3.0710416876314817,1.0600051879882812,0.9435702732631138,15.493836056947488,15.694078677716488,74.66291492319706,67.56108562611934,0.09986822575160452,4023871.5,0.6144858254047129,-67.56058941674286,-32389832,2.4159094804828913,3.555556634578604,2.70143183437346,-4.510285778705936,11.173865755036932,0.11039303119513774,1.0098156291242555,0.0
2024-03-27,72.5,72.55000305175781,72.11000061035156,72.33999633789062,2107826,72.78199920654296,72.55400085449219,71.28600006103515,70.36760009765625,71.07720024108886,70.92285034179687,72.43154720565317,71.68955163465745,70.99994204934686,70.2935059773952,58.355096064780234,0.0,0.7931077521096341,0.6897797482767632,0.10332800383287088,1.501332601687877,0.3899993896484375,0.8878560747419085,15.86117226550103,15.723943235955016,74.71109871734245,67.86090140472785,0.09609456705032475,4076523.6,0.5170645890532806,-14.753062753072454,-34497658,1.478545964078555,2.8029892130711866,1.99815149738643,-5.152747447423747,10.022808118464829,-0.4531124849072499,0.6101822738621453,0.0
2024-03-28,72.41999816894531,72.80999755859375,72.26000213623047,72.41999816894531,2496483,72.76799926757812,72.67000045776368,71.47299995422364,70.41100006103515,71.09100021362305,70.93130031585693,72.42923739831161,71.75911797125629,71.05563052462523,70.31466510367927,61.98906937971121,0.14631155589854455,0.7507485041861486,0.7019734994586404,0.048775004727508176,0.9056730615601971,1.1599960327148438,0.8664272853306362,15.7576644276084,15.350239682905805,74.70178550417519,68.24421440427209,0.0903497978822631,4086116.75,0.6109671242261984,18.438761074206322,-32001175,1.3249733680245668,2.8532446722368334,2.0987883296361605,-5.04785452153431,9.561270560843615,0.11059142259423052,0.7611339691443475,0.0
2024-04-01,73.55000305175781,74.19999694824219,73.13999938964844,74.02999877929688,8145835,72.81799926757813,72.81800003051758,71.77399978637695,70.4866000366211,71.1342002105713,70.94790031433105,72.74938967450868,71.97539233392682,71.1722724169653,70.35163359796402,66.5467675258727,0.32981425371443784,0.8374386178446684,0.7290665231358461,0.10837209470882236,2.8908991233883574,1.4799957275390625,0.9342847551618304,16.450549319954536,15.976045629588825,74.75650624662883,68.79149332612506,0.08310826954409131,4311158.6,1.8894769958126802,226.29242818797485,-23855340,3.1431980935081274,5.027053001329067,4.344171499523938,-2.9369319029243277,11.996975020022834,1.5603492286431204,1.4492720364224836,0.0
2024-04-02,74.4000015258789,75.20999908447266,74.04000091552734,75.04000091552734,6802523,73.33199920654297,73.04899978637695,72.11149978637695,70.57340011596679,71.17780021667481,70.96780033111573,73.20751192271241,72.26725981788877,71.3239480443599,70.39828401903432,68.47458766814829,0.40743242535867646,0.9763847335118214,0.7785301652110411,0.1978545683007803,5.304516792001368,2.30999755859375,0.9428558349609375,16.778656721361916,16.142898882074423,74.95859536920632,69.26440420354758,0.07896370457593038,4585145.3,1.4836003125135424,-16.490783326693947,-17052817,4.0610736676199775,6.329014603548925,5.7380961019108385,-1.6126862222051501,13.524966184237302,0.49980109777538684,1.5802244117746163,0.0
2024-04-03,76.05999755859375,76.94000244140625,75.80999755859375,76.16999816894531,13610680,73.9999984741211,73.39999923706054,72.47799987792969,70.69540008544922,71.24130020141601,70.98535030364991,73.800009171959,72.63894918465607,71.51398922571619,70.45571401057572,71.53061176825955,0.530474506904402,1.1642609898369471,0.8556763301362224,0.3085846597007248,4.989655361702683,3.5099945068359375,1.0214276994977678,17.13601466735551,15.857350519831204,75.43685833277446,69.51914142308492,0.0816484577341593,5155690.6,2.6399334358815096,100.08282221169998,-3442137,5.093957196989199,7.743924041562772,7.3038279632590895,-1.0007853496590868,15.23449308212426,1.3592705631955126,1.4905750154379258,0.0
2024-04-04,77.11000061035156,78.0999984741211,77.0999984741211,78.02999877929688,9851806,75.13799896240235,73.95999908447266,72.89699974060059,70.85900009155273,71.31390022277832,71.01375030517578,74.64600709342658,73.15238247938376,71.76951901213111,70.53108002817494,80.85684221214707,0.9059685374486179,1.446565672514751,0.9738541986119282,0.47271147390282287,7.287220098633496,5.599998474121094,1.0999995640345983,18.302716596442046,16.287111673156495,76.47769080484171,69.31630867635947,0.09823973762933419,5517485.0,1.7855609938223664,-27.617091871971134,6409669,7.0414407409930995,10.120095793729691,9.880126657118298,-0.08962829217904987,18.04841237605552,1.2340848943193112,1.297016886888336,0.0
2024-04-05,77.80000305175781,78.0,77.01000213623047,77.87000274658203,10071915,76.22799987792969,74.49799957275391,73.2375,71.01320007324219,71.39220024108887,71.04175033569337,75.29080622405768,73.60167964768836,72.00875366838409,70.60410413482576,77.03250787556338,0.7519926387366551,1.6384962597806094,1.1067826108456646,0.5317136489349448,7.170380982501334,5.3800048828125,1.0585708618164062,17.672824379506373,16.284979994226,77.33984281487463,69.13515718512537,0.11202847762074435,5609165.0,1.7956175295253394,2.23419949601118,-3662246,6.325315236841829,9.655673404758293,9.611604976824397,-0.2944887734092248,17.80636088375861,-0.2947529554493413,1.2855445218898032,0.0
2024-04-08,79.30000305175781,80.70999908447266,79.20999908447266,80.52999877929688,11701802,77.52799987792969,75.17299957275391,73.73099975585937,71.23520004272461,71.50380020141601,71.08700031280517,76.33864473510552,74.26151956498441,72.34292014332185,70.70286925566627,81.65582636191198,0.9381373521204448,1.9823903206780642,1.2819041528121446,0.7004861678659196,11.18320922268763,6.75,1.2335706438337053,19.997753760608724,17.534276515009516,78.79074781708516,68.67125169463358,0.1372488662293961,6048790.55,1.9345688866677655,16.182493597295043,8039556,9.22135742896554,13.04804188238053,13.283720546569045,-0.2230210720079298,21.83056072357595,1.8363943171153265,1.8937003122552003,1.0
2024-04-09,80.9800033569336,81.13999938964844,80.16000366210938,81.01000213623047,9664307,78.72200012207031,76.02699966430664,74.21800003051757,71.45280014038086,71.62170021057129,71.14145030975342,77.27291621533051,74.90423219081737,72.68280571167121,70.8054277917913,82.7965289560318,0.9840644839123711,2.2675225128667478,1.4790278248230653,0.7884946880436825,11.753351529231093,8.540000915527344,1.264284406389509,19.98370612168021,17.530193463826954,80.0901276568832,68.34587240415195,0.15823998555474614,6341565.2,1.5239624123079267,-17.41180546380805,17703863,9.151421626721422,13.37554578277255,13.871732700850037,-0.1602135252598404,22.55673828486821,0.5588036563492518,1.222549504451051,1.0
2024-04-10,81.47000122070312,81.47000122070312,80.80000305175781,80.91999816894531,6193756,79.67200012207032,76.8359992980957,74.67550010681153,71.66880004882813,71.73400016784667,71.1886003112793,78.00233260605347,75.4771622839724,73.00583286685843,70.90607028310627,83.71721679290411,1.0,2.4578961644805304,1.6748014927545585,0.7830946717259719,9.677418687694473,8.089996337890625,1.2664271763392858,20.158396019625226,17.47286244314143,81.14041555222902,68.21058466139404,0.1731468938586403,6318338.1,0.9802824575025513,-35.911017727396285,11510107,8.362177760044482,12.908264284897077,13.669882277660323,-0.6750988627922666,22.420574942413076,0.5678299868442156,0.8292056233167885,1.0
2024-04-12,82.5,82.9800033569336,81.51000213623047,82.86000061035156,9403073,80.63800048828125,77.8879997253418,75.22100028991699,71.91740005493165,71.87630020141602,71.2442003250122,78.9738662069131,76.18028974362757,73.39227081758365,71.02501486347687,85.83274500385687,1.0,2.7337971271450243,1.8866006196326517,0.8471965075123726,14.336965937127989,10.520004272460938,1.3899988446916853,21.054158249620233,17.999804442082112,82.50664800786367,67.9353525719703,0.1937131303722717,6603437.7,1.4239663380181506,51.815360501769845,20913180,10.155409115795216,15.21551188872482,16.304204738559356,-0.14461646387967292,25.355525753593174,1.9525480311504073,1.8034611485425573,1.0
2024-04-15,81.9800033569336,82.16999816894531,81.0,81.45999908447266,7857189,81.35599975585937,78.79199981689453,75.7310001373291,72.13100006103515,71.98230018615723,71.29425033569336,79.47109278242502,76.68311920466044,73.70865231824597,71.128845552243,76.33743251679329,0.6544350461672843,2.8071234334115616,2.070705182388434,0.7364182510231276,11.849508494366322,9.040000915527344,1.4228559221540178,21.97670078937677,18.42057014378653,83.27269826218074,68.18930201247747,0.19917069921632272,6784667.15,1.1580802456904609,-16.44019992187661,13055991,7.564932374793279,12.933411453527022,14.258861971215406,-1.8317717654489947,23.237520370541578,-1.0620290211632368,1.4444421838831019,1.0
2024-04-16,82.0199966430664,82.5999984741211,81.58000183105469,81.83000183105469,4969587,81.61600036621094,79.5720001220703,76.19500007629395,72.35580017089843,72.08640022277832,71.35660034179688,79.94287459215096,77.17329850241228,74.02713661286592,71.23532471919637,84.3108158297461,0.9446121035505919,2.862098696642164,2.22898388523918,0.6331148114029839,13.118614837686039,7.8000030517578125,1.3828560965401786,21.577951375730162,18.41805469273197,84.04812430493628,68.34187584765162,0.20613227169181722,6719184.65,0.7396116134418184,-36.75108235273454,18025578,7.39550068786458,13.093907658790272,14.677551115230264,-1.3858778975125396,23.797282481166878,0.6874509758010701,1.2503023046980721,1.0
2024-04-18,81.83000183105469,82.0,81.5199966430664,81.79000091552734,4114979,81.77200012207031,80.24700012207032,76.64799995422364,72.59200012207032,72.18160026550294,71.42510036468506,80.31229985682624,77.61298444651847,74.33156266395069,71.3403463728912,83.6335924384308,0.9199657667108991,2.8693630184857,2.357059711888484,0.5123033065972158,12.938418922247386,6.75,1.364999498639788,21.668029175165422,18.410682569077053,84.70220532915643,68.59379457929084,0.21016087516290033,6677332.2,0.6162609372647357,-17.19676101857156,13910599,6.70859117573147,12.670818792690266,14.511565959194689,-1.4340833854724309,23.73676672254246,0.0,0.588816703508071,1.0
2024-04-19,81.97000122070312,81.9800033569336,81.26000213623047,81.55000305175781,3107884,81.89800109863282,80.78500061035156,77.09249992370606,72.80720016479492,72.28130027770996,71.4958003616333,80.55984049581257,77.9879385993984,74.61463875759019,71.44193499656153,85.23336477708405,0.9748620876990185,2.8232100163417755,2.4502897727791426,0.37292024356263287,10.158049974956862,5.3800048828125,1.364999498639788,21.7618097165294,18.292817784517627,85.20107213285937,68.98392771455275,0.21035956071415218,6612372.7,0.47001040942534894,-24.473879453576796,10802715,5.782019174969141,12.008156977845678,14.062647930744596,-1.723307118975061,23.373683712996716,0.2200761745456947,0.8860462734126686,1.0
2024-04-22,80.83000183105469,80.93000030517578,79.76000213623047,80.27999877929688,7831569,81.38200073242187,81.01000061035157,77.48499984741211,73.0284001159668,72.36830024719238,71.55480033874511,80.50387215250943,78.20623004510301,74.8368097388336,71.52987592972308,77.55959055967402,0.5710274756036071,2.653566041174116,2.4909450264581374,0.16262101471597878,6.982939498719087,2.25,1.4535713195800781,22.870351697143033,18.63669348435233,85.400974409177,69.56902528564723,0.2043227612403297,6882458.65,1.1379028045450008,151.99038960270076,2971146,3.6071483995467952,9.929833669934931,12.193729001053882,-3.2538014803672737,21.452345888823906,-0.8828953939415032,1.466898367112566,1.0
2024-04-23,78.56999969482422,78.75,78.0999984741211,78.56999969482422,15864651,80.80400085449219,81.08000030517579,77.78899993896485,73.21980010986329,72.43220024108886,71.60365032196044,80.11709766097239,78.2408747736479,74.98320934495088,71.5999269124604,65.80779356017841,0.0,2.3540038425956595,2.463556789685642,-0.10955294708998231,3.1508488690726866,0.6999969482421875,1.4821428571428572,24.731453059382417,19.26012240912865,85.35661044602128,70.22138943190842,0.19456762557673093,7569316.55,2.0959159119854753,102.57308592952445,-12893505,1.0039976815130172,7.307039321239856,9.729042222763933,-5.314537820804856,18.865357804184026,-2.130043735020138,0.8322682952347152,1.0
2024-04-24,79.5999984741211,80.05999755859375,78.94999694824219,79.11000061035156,3831935,80.26000061035157,80.93800048828125,78.05550003051758,73.42500015258788,72.5043002319336,71.65730033874512,79.91567825084823,78.32364866285778,75.14504429653522,71.67465401393197,64.65081943171201,0.0,2.1355548558586435,2.3979564029202423,-0.2624015470615988,1.3840854132388225,-1.4199981689453125,1.5042855398995536,24.235393085141492,19.112309330991252,85.40080240665976,70.71019765437539,0.18820716985402366,7386132.95,0.5188012490351936,-75.84608069852908,-9061570,1.3509625579513338,7.742595091521166,10.40047592691232,-4.663777524731402,19.682303232312528,1.3109313774946163,1.4059539623278943,1.0
2024-04-25,78.61000061035156,79.55999755859375,78.61000061035156,79.33999633789062,3785425,79.76999969482422,80.77099990844727,78.39899978637695,73.63380004882812,72.57900016784669,71.71615032196046,79.80054186825672,78.42044367952757,75.30955221972563,71.75092607685693,62.20168140272732,0.0,1.958415794875691,2.310048281311332,-0.35163248643564105,1.8877533574674477,-1.6700057983398438,1.4364280700683594,22.88604491753982,19.04286277253167,85.27184889143508,71.52615068131881,0.17533002012233329,7194291.85,0.5261706195586158,-1.2137471016601231,-5276145,1.2002660162473022,7.749425243948574,10.6305845778167,-4.386607461782923,20.030254416651978,-0.6320313438786332,1.2084937550771238,1.0
2024-04-26,79.69000244140625,80.05999755859375,79.41000366210938,79.77999877929688,3017395,79.41599884033204,80.65699996948243,78.74649963378906,73.83860000610352,72.64270011901856,71.77255031585693,79.79643325046476,78.54992511760084,75.48486384951273,71.83081734752797,57.56265726961485,0.0,1.8324134114271402,2.214521307334494,-0.3821078959073536,-0.9313299532705543,-1.1399993896484375,1.3499995640345983,22.88837816684172,19.050370628404558,85.11830525266156,72.37469401491656,0.16183082799882179,7221531.0,0.4178331436921063,-20.28913530184854,-2258750,1.312438204001588,8.046467257914205,11.156700476993963,-3.8563562884808373,20.69591621931982,0.44114711327314693,0.8185289843961066,1.0
2024-04-29,79.44999694824219,79.54000091552734,79.05000305175781,79.43000030517578,3528177,79.24599914550781,80.31399993896484,79.10099983215332,74.02979995727539,72.69620010375976,71.82460033416749,79.72314666140697,78.63374180213178,75.63957508306815,71.9064311083006,56.63263717328572,0.0,1.6848912850184377,2.1085953028712825,-0.42370401785284484,-1.9503787055796806,-3.4300003051757812,1.3292852129255022,22.748949749770787,19.091213039080948,84.71601800969198,73.48598165461466,0.14197085218779348,7292548.55,0.4838057608817702,16.927912984544612,-5786927,0.41592454421635183,7.294630474507559,10.588851083923613,-4.278142815308989,20.166417759107112,-0.4136398045926316,0.6198581212561197,1.0
2024-04-30,78.98999786376953,78.98999786376953,78.26000213623047,78.55999755859375,4076323,79.24399871826172,80.02399978637695,79.40799980163574,74.20059997558593,72.73570007324219,71.87280033111573,79.49051684084432,78.62671854084245,75.7541014546574,71.97263574959705,40.120371291485235,0.0,1.480708302663004,1.9830179028296269,-0.502309600166623,-2.9164615221868084,-2.9000015258789062,1.2099996294294084,23.39861100589185,19.2654740261301,84.07664006345638,74.7393595398151,0.11758614430493365,7371540.55,0.5529811539868692,15.536238686437787,-9863250,-1.0679053057126888,5.87515139290273,9.30421132427054,-5.326591491359007,18.85022597897773,-0.5539499429884539,0.9327826573123884,0.0
2024-05-02,78.55999755859375,79.0,78.20999908447266,78.43000030517578,4406629,79.10799865722656,79.68399963378906,79.62799987792968,74.41080001831055,72.76790008544921,71.91625034332276,79.27841353371062,78.60798347077896,75.85903866448164,72.03688813323464,36.590441536853426,0.0,1.2934915606285244,1.8451126343894064,-0.551621073760882,-5.346367695563769,-3.4000015258789062,1.1964285714285714,22.484408333991496,19.256506844502013,83.59092135065796,75.6650784052014,0.09953587880653718,7184580.25,0.6133453655834661,8.103037958473847,-14269879,-1.5044953717165355,5.40136685249481,9.057410433326087,-5.483252431536116,18.653558420098943,0.0,1.010102192526666,0.0
2024-05-03,78.61000061035156,79.06999969482422,78.43000030517578,78.66000366210938,3569321,78.97200012207031,79.37099990844726,79.80900001525879,74.60140014648438,72.80300010681152,71.96485034942627,79.15473155939037,78.61293777471519,75.9688804290945,72.10278978028813,38.422170873252114,0.03719828698968364,1.1504189785548675,1.7061739032224987,-0.5557549246676312,-3.4372642448224577,-3.1299972534179688,1.1942858014787947,22.12955585878208,19.13441305679727,83.1753851621228,76.44261486839478,0.08436104064003762,7022920.15,0.5082388698382111,-19.00110038762056,-10700558,-1.4396826835691914,5.440385177296513,9.303365851766104,-5.206073174330923,19.00152114663916,0.2295044045332008,0.8160134988628865,0.0
2024-05-06,79.5999984741211,81.0,79.01000213623047,79.77999877929688,4780610,78.97200012207031,79.19399948120117,79.98950004577637,74.79880004882813,72.86440010070801,72.01550033569336,79.27978500337167,78.72408644181822,76.11833605067106,72.17917991958176,32.77404368040527,0.0,1.1145592272636264,1.5878509680307242,-0.4732917407670978,-2.5051973675745853,-1.7700042724609375,1.214285169328962,22.07033960701599,19.198013692639577,82.88910106950192,77.08989902205082,0.07249954111642576,6581416.65,0.7263800871807743,33.93611838217969,-5919948,-0.2619109587628362,6.659463423500185,10.781704504460912,-3.8563562884808373,20.69591621931982,1.1950098757299137,2.5186657511264725,0.0
2024-05-07,80.05000305175781,80.87999725341797,79.80000305175781,80.05999755859375,3407993,79.0979995727539,79.17199935913087,80.09099998474122,74.99979995727539,72.93460006713867,72.06580032348633,79.43582751441609,78.85131607198731,76.27291101176607,72.25759601549233,41.04858324479528,0.15773249427190691,1.0960985358282045,1.4895004815902204,-0.3934019457620159,-2.115177084690756,-0.220001220703125,1.1599993024553572,20.527414017491505,18.51245228459825,82.84000129214591,77.34199867733652,0.06864694679623008,6259226.0,0.5444751475661688,-28.71217271436072,-2511955,-0.03870900120284819,6.746948130796311,11.092913974761068,-3.518927067018316,21.119514987489985,0.3384360448636712,1.3533761407999927,0.0
2024-05-08,80.12000274658203,80.48999786376953,79.5,79.77999877929688,3495594,79.34199981689453,79.29299926757812,80.18649978637696,75.19939987182617,73.0042000579834,72.11525032043457,79.50466176739225,78.93976204411204,76.41044386539473,72.33244579423665,36.739947058092,0.07559959402406013,1.0468077947787293,1.4009619442279222,-0.3541541494491929,-2.17045273601959,1.2099990844726562,1.149284907749721,20.56512146520485,18.516710371817116,82.73610358094928,77.63689599180464,0.06359184654186582,5930409.95,0.5894354740181157,2.5704571576291357,-6007549,-0.506944445964135,6.091270562369003,10.62847098887546,-3.8563562884808373,20.69591621931982,0.07495027456672738,1.2452803317855738,0.0
2024-05-09,80.5,80.93000030517578,80.2300033569336,80.55000305175781,2887479,79.76600036621093,79.43699951171875,80.1875,75.41699996948242,73.08530006408691,72.15725032806397,79.71373002426537,79.0931183305545,76.57277951976191,72.41421253311745,42.671406631441585,0.1886673853974622,1.0576851015057542,1.3323065756834886,-0.2746214741777344,0.336328197018565,1.44000244140625,1.1971419198172433,17.012268126677068,18.549208800284706,82.73768681364918,77.63731318635082,0.06360559472858429,5489693.8,0.5259817951959361,-17.39661413768304,-3120070,0.45206927732852686,6.806161852569673,11.631198092410779,-2.928416735202189,21.860824373988542,0.9024833689142238,0.8724877464207319,1.0
