Date,Adj close,Close,High,Low,Open,Volume,validation_status,validation_notes,USDINR_rate,Close_INR_10g,conversion_timestamp,return_1d,return_5d,return_20d,return_60d,return_120d,return_252d,sma_5,sma_10,sma_20,sma_50,sma_100,sma_200,ema_9,ema_20,ema_50,ema_200,rsi_14,stoch_rsi,macd,macd_signal,macd_hist,roc_10,momentum_10,atr_14,volatility_20d,volatility_60d,volatility_120d,volatility_252d,bb_upper,bb_lower,bb_width,volume_sma_20,relative_volume,volume_change,obv,distance_sma_20,distance_sma_50,distance_sma_200,distance_52w_high,distance_52w_low,gap,intraday_range,trend_strength,signal_golden_cross,signal_death_cross,signal_breakout_20d,signal_breakdown_20d,signal_vol_expansion,signal_vol_contraction,instrument,ratio,ratio_zscore,ratio_percentile,macro_dxy_latest,macro_dxy_change,macro_us10y_latest,macro_us10y_change,macro_us2y_latest,macro_us2y_change,macro_oil_latest,macro_oil_change,macro_sp500_latest,macro_sp500_change,macro_nifty50_latest,macro_nifty50_change,macro_vix_latest,macro_vix_change,macro_indiavix_latest,macro_indiavix_change,macro_usdinr_latest,macro_usdinr_change,days_to_event,days_since_event,event_type,event_importance,future_return_1d,future_dir_1d,future_return_3d,future_dir_3d,future_return_5d,future_dir_5d,future_return_10d,future_dir_10d,future_return_20d,future_dir_20d,future_return_60d,future_dir_60d
2024-03-08,2185.5,2185.5,2203.0,2161.199951171875,2166.60009765625,389682,valid,,82.7522964477539,58146.28,2026-10-03T13:44:11.057201+00:00,,,,,,,,,,,,,2185.5,2185.5,2185.5,2185.5,,,0.0,0.0,0.0,,,,,,,,,,,,,,0,,,,,,,0.01912608045211891,,False,False,False,False,False,False,GOLD,89.79415493172696,,,98.99,-0.3323,4.133,-0.3136,3.57,-0.5017,90.9,12.2084,6740.02,-1.3277,24450.4492,-1.2737,29.49,24.1684,19.88,11.3102,91.7869,-0.3648,723,999,central_bank,high,0.0014184844000229013,1,-0.002150515292553168,0,-0.010981468771448233,0,-0.011667810569663706,0,0.07572637840311147,1,0.07407911340368334,1
2024-03-11,2188.60009765625,2188.60009765625,2195.5,2180.89990234375,2187.60009765625,242418,valid,,82.7520980834961,58228.62,2026-10-03T13:44:11.057201+00:00,0.0014184844000229013,,,,,,,,,,,,2186.1200195312504,2185.7952473958335,2185.621572457108,2185.530846742848,,,0.24730123753533917,0.04946024750706784,0.19784099002827132,,,,,,,,,,,,,-0.3779081404837791,242418,,,,,,0.0009609232012120975,0.006670975511642546,,False,False,False,False,False,False,GOLD,89.28688704407313,,,98.99,-0.3323,4.133,-0.3136,3.57,-0.5017,90.9,12.2084,6740.02,-1.3277,24450.4492,-1.2737,29.49,24.1684,19.88,11.3102,91.7869,-0.3648,720,999,central_bank,high,-0.010280544181687223,0,-0.009640910497466293,0,-0.011103010026430882,0,-0.005574428752683103,0,0.07941140314926454,1,0.08539700904879766,1
2024-03-12,2166.10009765625,2166.10009765625,2190.800048828125,2156.199951171875,2189.10009765625,316254,valid,,82.7782974243164,57648.24,2026-10-03T13:44:11.057201+00:00,-0.010280544181687223,,,,,,,,,,,,2182.1160351562503,2183.9195188492067,2184.8560244257014,2185.337505955917,,,-1.3566342742251436,-0.23175865683937444,-1.1248756173857692,,,,,,,,,,,,,0.3045813429695814,-73836,,,,,,0.00022845653737072228,0.015973452793650582,,False,False,False,False,False,False,GOLD,89.53046522727519,,,98.99,-0.3323,4.133,-0.3136,3.57,-0.5017,90.9,12.2084,6740.02,-1.3277,24450.4492,-1.2737,29.49,24.1684,19.88,11.3102,91.7869,-0.3648,719,999,central_bank,high,0.006786367438781138,1,-0.0021236773227735206,0,-0.0029546863929788003,0,0.0051243492983703565,1,0.08416037877693228,1,0.10378089402735191,1
2024-03-13,2180.800048828125,2180.800048828125,2185.60009765625,2161.300048828125,2163.60009765625,232273,valid,,82.83509826660156,58079.29,2026-10-03T13:44:11.057201+00:00,0.006786367438781138,,,,,,,,,,,,2181.8528378906253,2183.6224264662465,2184.6969665591296,2185.292357128775,,,-1.4251730087680698,-0.47044152722511356,-0.9547314815429563,,,,,,,,,,,,,-0.2655492104447691,158437,,,,,,-0.0011541479559065068,0.011142722067147667,,False,False,False,False,False,False,GOLD,87.37529871944147,,,98.99,-0.3323,4.133,-0.3136,3.57,-0.5017,90.9,12.2084,6740.02,-1.3277,24450.4492,-1.2737,29.49,24.1684,19.88,11.3102,91.7869,-0.3648,718,999,central_bank,high,-0.006098701637168413,0,-0.007566030644976518,0,-0.009079259163977338,0,0.0044937860458096335,1,0.08799518435762566,1,0.06612249997397157,1
2024-03-14,2167.5,2167.5,2181.300048828125,2157.0,2179.5,207225,valid,,82.83110046386719,57722.3,2026-10-03T13:44:11.057201+00:00,-0.006098701637168413,,,,,,2177.700048828125,,,,,,2178.9822703125,2182.0869572789848,2184.0225757136736,2185.1153187493846,,,-2.523602715752986,-0.8810737649306881,-1.642528950822298,,,,,,,,,,,,,-0.10783862093312613,-48788,,,,,,-0.0005961338953669771,0.011211095191748,,False,False,False,False,False,False,GOLD,87.13917954675082,,,98.99,-0.3323,4.133,-0.3136,3.57,-0.5017,90.9,12.2084,6740.02,-1.3277,24450.4492,-1.2737,29.49,24.1684,19.88,11.3102,91.7869,-0.3648,717,999,central_bank,high,-0.0027681660899654403,0,-0.0035986384443483788,0,0.007935386930507438,1,0.02302186959342567,1,0.09531723075259513,1,0.07358708189158025,1
2024-03-15,2161.5,2161.5,2176.89990234375,2158.699951171875,2166.199951171875,187847,valid,,82.9655990600586,57655.98,2026-10-03T13:44:11.057201+00:00,-0.0027681660899654403,-0.010981468771448233,,,,,2172.900048828125,,,,,,2175.4858162500004,2180.126294680986,2183.1393374503928,2184.880340453371,,,-3.834069264351456,-1.4716728648148418,-2.362396399536614,,,,,,,,,,,,,-0.09351188321872361,-236635,,,,,,-0.0005997918468855364,0.00842005605915641,,False,False,False,False,False,False,GOLD,85.77380692357163,,,98.99,-0.3323,4.133,-0.3136,3.57,-0.5017,90.9,12.2084,6740.02,-1.3277,24450.4492,-1.2737,29.49,24.1684,19.88,11.3102,91.7869,-0.3648,716,999,central_bank,high,0.0012954193051699647,1,-0.00023132084200783165,0,-0.000693962526023606,0,0.04422859017175562,1,0.10247513300948419,1,0.076382187210849,1
2024-03-18,2164.300048828125,2164.300048828125,2167.199951171875,2149.199951171875,2159.89990234375,211858,valid,,82.88890075683594,57677.3,2026-10-03T13:44:11.057201+00:00,0.0012954193051699647,-0.011103010026430882,,,,,2168.0400390625,,,,,,2173.2486627656253,2178.61903317119,2182.400541818147,2184.6755614322246,,,-4.593729254720529,-2.0960841427959793,-2.4976451119245495,,,,,,,,,,,,,0.12782211054741355,-24777,,,,,,-0.0007402718742767799,0.00831677659931575,,False,False,False,False,False,False,GOLD,86.25802411075226,,,98.99,-0.3323,4.133,-0.3136,3.57,-0.5017,90.9,12.2084,6740.02,-1.3277,24450.4492,-1.2737,29.49,24.1684,19.88,11.3102,91.7869,-0.3648,713,999,central_bank,high,-0.0021254435856713494,0,0.009425635024494783,1,0.005590654365219105,1,0.05429006946778059,1,0.11250750566301781,1,0.08801921900946574,1
2024-03-19,2159.699951171875,2159.699951171875,2166.300048828125,2150.199951171875,2164.0,178162,valid,,82.86360168457031,57537.14,2026-10-03T13:44:11.057201+00:00,-0.0021254435856713494,-0.0029546863929788003,,,,,2166.760009765625,,,,,,2170.5389204468756,2176.817215837922,2181.5103225771168,2184.427047897296,,,-5.503513627106713,-2.7775700396581264,-2.7259435874485867,,,,,,,,,,,,,-0.1590499296698732,-202939,,,,,,-0.00013863550402233962,0.007454784470179049,,False,False,False,False,False,False,GOLD,86.51257372063031,,,98.99,-0.3323,4.133,-0.3136,3.57,-0.5017,90.9,12.2084,6740.02,-1.3277,24450.4492,-1.2737,29.49,24.1684,19.88,11.3102,91.7869,-0.3648,712,999,central_bank,high,0.0006019580763612087,1,0.00013893079358640037,1,0.008102977448559257,1,0.07190815962368191,1,0.1058943169618447,1,0.07329724147200634,1
2024-03-20,2161.0,2161.0,2192.199951171875,2152.300048828125,2161.39990234375,233572,valid,,83.04239654541016,57696.0,2026-10-03T13:44:11.057201+00:00,0.0006019580763612087,-0.009079259163977338,,,,,2162.8,,,,,,2168.6311363575005,2175.3108143295485,2180.7059962015437,2184.1939429430936,,,-6.049881948219081,-3.4320324213703177,-2.6178495268487634,,,,,,,,,,,,,0.31100908162234364,30633,,,,,,0.0007871237719627684,0.018463629034581923,,False,False,False,False,False,False,GOLD,86.6722797489395,,,98.99,-0.3323,4.133,-0.3136,3.57,-0.5017,90.9,12.2084,6740.02,-1.3277,24450.4492,-1.2737,29.49,24.1684,19.88,11.3102,91.7869,-0.3648,711,999,central_bank,high,0.010967122245199024,1,0.0071262852122859766,1,0.013697407522559102,1,0.06825543729754746,1,0.10967144840351684,1,0.08704308082195733,1
2024-03-21,2184.699951171875,2184.699951171875,2225.300048828125,2168.199951171875,2190.199951171875,391750,valid,,83.05460357666016,58337.33,2026-10-03T13:44:11.057201+00:00,0.010967122245199024,0.007935386930507438,,,,,2166.239990234375,2171.97001953125,,,,,2171.8448993203756,2176.2050178383415,2180.862621886655,2184.1989778508428,,,-4.518409377564694,-3.649307812609193,-0.8691015649555012,,,,,,,,,,,,,0.6772130221088144,422383,,,,,,0.013512240246118227,0.026136356905942768,,False,False,False,False,False,False,GOLD,87.9190256851441,,,98.99,-0.3323,4.133,-0.3136,3.57,-0.5017,90.9,12.2084,6740.02,-1.3277,24450.4492,-1.2737,29.49,24.1684,19.88,11.3102,91.7869,-0.3648,710,999,central_bank,high,-0.011305878026236948,0,-0.0034329657012978076,0,0.014967708107621158,1,0.07355698940977007,1,0.10486570365571746,1,0.06605028244300648,1
2024-03-22,2160.0,2160.0,2188.0,2158.39990234375,2183.39990234375,205808,valid,,83.22660064697266,57797.22,2026-10-03T13:44:11.057201+00:00,-0.011305878026236948,-0.000693962526023606,,,,,2165.939990234375,2169.42001953125,,,,,2169.4759194563003,2174.6616828061183,2180.044479851884,2183.9581920015808,,,-5.237412335890895,-3.9669287172655334,-1.2704836186253612,-1.1667810569663706,-25.5,,,,,,,,,,,-0.47464454371410336,216575,,,,,,-0.0005950697382617955,0.013703748914924211,,False,False,False,False,False,False,GOLD,87.47772757574427,,,98.99,-0.3323,4.133,-0.3136,3.57,-0.5017,90.9,12.2084,6740.02,-1.3277,24450.4492,-1.2737,29.49,24.1684,19.88,11.3102,91.7869,-0.3648,709,999,central_bank,high,0.007592547381365833,1,0.014166711877893423,1,0.044953748914930536,1,0.08842592592592591,1,0.08629625108506955,1,0.086527732566551,1
2024-03-25,2176.39990234375,2176.39990234375,2182.5,2164.39990234375,2166.60009765625,211610,valid,,83.59359741210938,58492.85,2026-10-03T13:44:11.057201+00:00,0.007592547381365833,0.005590654365219105,,,,,2168.3599609375,2168.2,,,,,2170.8607160337906,2174.827227523988,2179.9015552437218,2183.882985139314,,,-4.432793813301487,-4.060101736472724,-0.3726920768287627,-0.5574428752683103,-12.2001953125,,,,,,,,,,,0.028191323952421632,428185,,,,,,0.0030556007667809928,0.008316531183791092,,False,False,False,False,False,False,GOLD,87.953114909784,,,98.99,-0.3323,4.133,-0.3136,3.57,-0.5017,90.9,12.2084,6740.02,-1.3277,24450.4492,-1.2737,29.49,24.1684,19.88,11.3102,91.7869,-0.3648,706,999,central_bank,high,0.0003676019408305198,1,0.01883844965984771,1,0.04842866716308447,1,0.0854622350422356,1,0.07613499482979136,1,0.08849481083363409,1
2024-03-26,2177.199951171875,2177.199951171875,2200.60009765625,2168.300048828125,2173.0,202373,valid,,83.41739654541016,58391.01,2026-10-03T13:44:11.057201+00:00,0.0003676019408305198,0.008102977448559257,,,,,2171.8599609375,2169.3099853515623,,,,,2172.1285630614075,2175.0532012047393,2179.795609986002,2183.8164872888915,,,-3.688056958164907,-3.985692780811161,0.2976358226462539,0.5124349298370356,11.099853515625,,,,,,,,,,,-0.04365105618827092,630558,,,,,,-0.0015621680280756796,0.014835591379985429,,False,False,False,False,False,False,GOLD,88.9270093012657,,,98.99,-0.3323,4.133,-0.3136,3.57,-0.5017,90.9,12.2084,6740.02,-1.3277,24450.4492,-1.2737,29.49,24.1684,19.88,11.3102,91.7869,-0.3648,705,999,central_bank,high,0.006154761521633523,1,0.036698579954206334,1,0.06329232588580314,1,0.07863308607908381,1,0.07404003067568943,1,0.07073305321227363,1
2024-03-27,2190.60009765625,2190.60009765625,2196.199951171875,2172.10009765625,2179.39990234375,31200,valid,,83.34549713134766,58699.76,2026-10-03T13:44:11.057201+00:00,0.006154761521633523,0.013697407522559102,,,,,2177.77998046875,2170.289990234375,,,,,2175.8228699803763,2176.533858009645,2180.219315384835,2183.883985899512,51.731190601681966,,-1.9935869736700624,-3.5872716193829413,1.5936846457128788,0.44937860458096335,9.800048828125,28.9000244140625,,,,,,,,,,-0.8458292361135131,661758,,,,,,0.0010104497617179665,0.011001484726216678,,False,False,False,False,False,False,GOLD,88.95837959664128,,,98.99,-0.3323,4.133,-0.3136,3.57,-0.5017,90.9,12.2084,6740.02,-1.3277,24450.4492,-1.2737,29.49,24.1684,19.88,11.3102,91.7869,-0.3648,704,999,central_bank,high,0.012234001411838502,1,0.04163240532557766,1,0.05382082401525157,1,0.0831278395862649,1,0.06934168518766604,1,0.07020898284997434,1
2024-03-28,2217.39990234375,2217.39990234375,2234.10009765625,2187.10009765625,2193.60009765625,250248,valid,,83.36499786376953,59431.79,2026-10-03T13:44:11.057201+00:00,0.012234001411838502,0.014967708107621158,,,,,2184.319970703125,2175.27998046875,,,,,2184.138276453051,2180.4258622319408,2181.677377618518,2184.217477605425,59.16136830857338,,1.4945843222863004,-2.570900431049093,4.065484753335394,2.302186959342567,49.89990234375,29.271449497767858,,,,,,,,,,7.020769230769231,912006,,,,,,0.0013694877505065245,0.02119599624330311,,False,False,False,False,False,False,GOLD,89.42210037967882,,,98.99,-0.3323,4.133,-0.3136,3.57,-0.5017,90.9,12.2084,6740.02,-1.3277,24450.4492,-1.2737,29.49,24.1684,19.88,11.3102,91.7869,-0.3648,703,999,central_bank,high,0.017903940227713466,1,0.04401555964401749,1,0.05772526636476649,1,0.07066844151425777,1,0.05853704994346254,1,0.05114104423136001,1
2024-04-01,2257.10009765625,2257.10009765625,2286.39990234375,2249.10009765625,2259.199951171875,220767,valid,,83.36479949951172,60495.71,2026-10-03T13:44:11.057201+00:00,0.017903940227713466,0.044953748914930536,,,,,2203.739990234375,2184.839990234375,,,,,2198.730640693691,2187.728170367589,2184.6351313454884,2184.9426778049356,66.25532427684848,,7.377416908750547,-0.581236963089165,7.9586538718397115,4.422859017175562,95.60009765625,33.157156808035715,,,,,,,,,,-0.11780713532176079,1132773,,,,,,0.018850929317677106,0.016525542985982418,,False,False,False,False,False,False,GOLD,90.45043098423956,,,98.99,-0.3323,4.133,-0.3136,3.57,-0.5017,90.9,12.2084,6740.02,-1.3277,24450.4492,-1.2737,29.49,24.1684,19.88,11.3102,91.7869,-0.3648,699,999,central_bank,high,0.010943223651234346,1,0.022772540038044076,1,0.0416020106690238,1,0.05577949443823216,1,0.04457039970007837,1,0.024854836333523034,1
2024-04-02,2281.800048828125,2281.800048828125,2301.89990234375,2267.10009765625,2272.699951171875,277228,valid,,83.40969848632812,61190.67,2026-10-03T13:44:11.057201+00:00,0.010943223651234346,0.04842866716308447,,,,,2224.82001953125,2196.589990234375,,,,,2215.3445223205777,2196.6873968876403,2188.445520266376,2185.9064327404894,77.1723512365846,,13.872767126571489,2.309563854842966,11.563203271728522,5.429006946778059,117.5,33.885707310267854,,,,,,,,,,0.2557492741215852,1410001,,,,,,0.006911458438115713,0.015251031616620857,,False,False,False,False,False,False,GOLD,88.4281496348835,,,98.99,-0.3323,4.133,-0.3136,3.57,-0.5017,90.9,12.2084,6740.02,-1.3277,24450.4492,-1.2737,29.49,24.1684,19.88,11.3102,91.7869,-0.3648,698,999,central_bank,high,0.014549895022101467,1,0.027872667260344874,1,0.03532292566871442,1,0.05521956232085734,1,0.009247021239420672,1,0.024016148503576806,1
2024-04-03,2315.0,2315.0,2321.800048828125,2285.699951171875,2301.699951171875,254574,valid,,83.35030364990234,62036.78,2026-10-03T13:44:11.057201+00:00,0.014549895022101467,0.06329232588580314,,,,,2252.380029296875,2212.1199951171875,,,,,2235.2756178564623,2207.955263850722,2193.4084410402443,2187.1909458475493,78.9973781803411,,21.452051668471995,6.138061417568772,15.313990250903224,7.190815962368191,155.300048828125,35.007132393973215,,,,,,,,,,-0.08171613256958177,1664575,,,,,,0.008721142044834896,0.01559399466791983,,False,False,False,False,False,False,GOLD,85.91575528422683,,,98.99,-0.3323,4.133,-0.3136,3.57,-0.5017,90.9,12.2084,6740.02,-1.3277,24450.4492,-1.2737,29.49,24.1684,19.88,11.3102,91.7869,-0.3648,697,999,central_bank,high,-0.0028077753779697234,0,0.01555075593952493,1,0.014427603604211692,1,0.031706221314794725,1,-0.0017278617710583255,0,0.010626392076133806,1
2024-04-04,2308.5,2308.5,2325.300048828125,2298.699951171875,2321.0,236227,valid,,83.37329864501953,61879.66,2026-10-03T13:44:11.057201+00:00,-0.0028077753779697234,0.05382082401525157,,,,,2275.960009765625,2226.8699951171875,,,,,2249.92049428517,2217.530953007796,2197.9218355092544,2188.3980011127483,81.3891225941941,,26.627251219322716,10.235899377919562,16.391351841403154,6.825543729754746,147.5,35.171421595982146,,,,,,,,,,-0.07206941792956079,1428348,,,,,,0.0025917926565863533,0.011522676047753293,,False,False,False,False,False,False,GOLD,85.05895548381751,,,98.99,-0.3323,4.133,-0.3136,3.57,-0.5017,90.9,12.2084,6740.02,-1.3277,24450.4492,-1.2737,29.49,24.1684,19.88,11.3102,91.7869,-0.3648,696,999,central_bank,high,0.015984363155187253,1,0.023348452390621555,1,0.0278102452553064,1,0.03876976391596276,1,0.0004765421946069104,1,0.013168681976932994,1
2024-04-05,2345.39990234375,2345.39990234375,2350.0,2286.199951171875,2309.5,293212,valid,,83.47779846191406,62947.57,2026-10-03T13:44:11.057201+00:00,0.015984363155187253,0.05772526636476649,,,,,2301.560009765625,2242.939990234375,2207.4550048828123,,,,2269.016375896886,2229.708948182649,2203.705289110607,2189.960209085196,85.98823920621331,,33.322032237076655,14.85312594975098,18.468906287325673,7.355698940977007,160.699951171875,38.42857142857143,,,,,2326.3062180232046,2088.60379174242,0.10768166316182548,238714.4,1.228296240193297,0.24122983401558673,1721560,0.06249046850592468,,,-0.001957488364360869,0.09128976159933538,0.0004331817197312397,0.02720220494779702,,False,False,False,False,False,False,GOLD,85.59853777048913,-1.3390675876221216,5.0,98.99,-0.3323,4.133,-0.3136,3.57,-0.5017,90.9,12.2084,6740.02,-1.3277,24450.4492,-1.2737,29.49,24.1684,19.88,11.3102,91.7869,-0.3648,695,999,central_bank,high,0.0023876941627967163,1,0.0012790995672005145,1,0.012236802467596286,1,0.029163532588205143,1,-0.0156902047496148,0,-0.005116398268802058,0
2024-04-08,2351.0,2351.0,2372.5,2321.699951171875,2343.60009765625,285570,valid,,83.29679870605469,62961.06,2026-10-03T13:44:11.057201+00:00,0.0023876941627967163,0.0416020106690238,0.07572637840311147,,,,2320.339990234375,2262.039990234375,2215.7300048828124,,,,2285.413100717509,2241.2604769271584,2209.48155228274,2191.5625950644476,86.14013083212902,,38.63422421801397,19.60934560340358,19.02487861461039,8.842592592592592,191.0,40.771432059151785,0.133679974564062,,,,2350.168629104361,2081.2913806612637,0.1213492834643437,233508.8,1.2229517688412548,-0.026063053353887256,2007130,0.06104985481941913,,,-0.009062170706002503,0.09389542779302475,-0.0007673764656085702,0.021607847225905315,,False,False,True,False,False,False,GOLD,84.8368940883632,-1.646292312961762,0.0,98.99,-0.3323,4.133,-0.3136,3.57,-0.5017,90.9,12.2084,6740.02,-1.3277,24450.4492,-1.2737,29.49,24.1684,19.88,11.3102,91.7869,-0.3648,692,999,central_bank,high,0.004848958887175625,1,0.009230094075659334,1,0.013611229264142821,1,-0.0019566557448957855,0,-0.008421968876275998,0,0.007826415288706867,1
2024-04-09,2362.39990234375,2362.39990234375,2384.5,2355.699951171875,2358.10009765625,279608,valid,,83.26959991455078,63245.69,2026-10-03T13:44:11.057201+00:00,0.004848958887175625,0.03532292566871442,0.07941140314926454,,,,2336.4599609375,2280.639990234375,2224.4199951171877,,,,2300.810461042757,2252.797565062072,2215.4783503243484,2193.2624687687194,88.23086819622249,,43.26531585194789,24.340539653112444,18.924776198835445,8.54622350422356,186.0,42.0142822265625,0.13346125788814162,,,,2373.1804814114334,2075.659508822942,0.13375215707530252,235368.3,1.187959466079327,-0.020877543159295464,2286738,0.06202961110283995,,,-0.009268231350908254,0.09919968174926032,0.0030200330311556697,0.012191013384118465,,False,False,False,False,False,False,GOLD,84.70115230467302,-1.5809479338912296,0.0,98.99,-0.3323,4.133,-0.3136,3.57,-0.5017,90.9,12.2084,6740.02,-1.3277,24450.4492,-1.2737,29.49,24.1684,19.88,11.3102,91.7869,-0.3648,691,999,central_bank,high,-0.005926177014361711,0,0.004952673466034341,1,0.019217807467454273,1,-0.008592873995364014,0,-0.016169976613179093,0,0.014942452712220167,1
2024-04-10,2348.39990234375,2348.39990234375,2378.10009765625,2337.10009765625,2372.39990234375,353847,valid,,83.22429656982422,62836.68,2026-10-03T13:44:11.057201+00:00,-0.005926177014361711,0.014427603604211692,0.08416037877693228,,,,2343.13994140625,2297.7599853515626,2233.5349853515627,,,,2310.3283493029558,2261.902549565089,2220.6909602074625,2194.8061248241925,83.72930779317109,,45.28380284888226,28.52919229226641,16.75461055661585,7.863308607908381,171.199951171875,42.092860630580354,0.1281300930204306,,,,2389.4189751837284,2077.650995519397,0.13958499943313807,237247.95,1.4914649420574488,0.2655110011158479,1932891,0.05142740890358426,,,-0.01513948318567199,0.09268562986108685,0.00423298358168518,0.017458696007891895,,False,False,False,False,False,False,GOLD,83.9884076068267,-1.793442581166243,0.0,98.99,-0.3323,4.133,-0.3136,3.57,-0.5017,90.9,12.2084,6740.02,-1.3277,24450.4492,-1.2737,29.49,24.1684,19.88,11.3102,91.7869,-0.3648,690,999,central_bank,high,0.010347491840666967,1,0.014733477727417066,1,0.017032874154048194,1,-0.004258218538512049,0,-0.011113888009268269,0,0.006429951577318516,1
2024-04-11,2372.699951171875,2372.699951171875,2395.60009765625,2343.10009765625,2351.699951171875,260415,valid,,83.4126968383789,63630.6,2026-10-03T13:44:11.057201+00:00,0.010347491840666967,0.0278102452553064,0.08799518435762566,,,,2355.979931640625,2315.969970703125,2243.12998046875,,,,2322.8026696767397,2272.4546830514496,2226.6520971080276,2196.5762126485474,83.76437965985166,,48.28764923050312,32.48088367991375,15.806765550589368,8.31278395862649,182.099853515625,41.25,0.12974139445826638,,,,2408.671371326706,2077.5885896107943,0.14759857190557327,238655.05,1.091177412755351,-0.26404632510661386,2193306,0.057763023913572194,,,-0.009559252609302337,0.10399218550048364,0.0014052329097910795,0.022126691566731038,,False,False,False,False,False,False,GOLD,84.20996241393118,-1.5481663788984044,4.166666666666666,98.99,-0.3323,4.133,-0.3136,3.57,-0.5017,90.9,12.2084,6740.02,-1.3277,24450.4492,-1.2737,29.49,24.1684,19.88,11.3102,91.7869,-0.3648,689,999,central_bank,high,0.0005901068458671332,1,0.014793314948615466,1,0.01066297861035026,1,-0.012728095331632328,0,-0.013655288494336504,0,-0.002023032379527945,0
2024-04-12,2374.10009765625,2374.10009765625,2448.800048828125,2350.60009765625,2389.39990234375,479894,valid,,83.34929656982422,63619.76,2026-10-03T13:44:11.057201+00:00,0.0005901068458671332,0.012236802467596286,0.09531723075259513,,,,2361.719970703125,2331.639990234375,2253.4599853515624,,,,2333.062155272642,2282.1351987280973,2232.4343716393305,2198.3426194645444,91.96393878781498,,50.20249612391126,36.025206168713254,14.177289955198006,7.066844151425777,156.7001953125,46.149989536830354,0.12473607488638899,,,,2424.8124199767867,2082.107550726338,0.15207941187241944,252288.5,1.902163594456339,0.8428047539504253,2673200,0.053535502333676,,,-0.03050471646616971,0.10464365884693096,0.007038374643038985,0.0413630205688371,,False,False,False,False,False,False,GOLD,84.0240724858621,-1.5293230023104147,4.0,98.99,-0.3323,4.133,-0.3136,3.57,-0.5017,90.9,12.2084,6740.02,-1.3277,24450.4492,-1.2737,29.49,24.1684,19.88,11.3102,91.7869,-0.3648,688,999,central_bank,high,0.0037487477265747415,1,0.006023252642808563,1,0.016722105024580713,1,-0.011330670729061243,0,0.0003790498743665438,1,0.002358726795535393,1
2024-04-15,2383.0,2383.0,2404.300048828125,2340.199951171875,2369.39990234375,343730,valid,,83.61109924316406,64058.84,2026-10-03T13:44:11.057201+00:00,0.0037487477265747415,0.013611229264142821,0.10247513300948419,,,,2368.119970703125,2344.22998046875,2264.5349853515627,,,,2343.0497242181136,2291.741370277802,2238.338906084847,2200.180006335544,91.72052022836408,,51.84058779575298,39.188282494121204,12.652305301631777,5.577949443823216,125.89990234375,49.121425083705354,0.12174522699939073,,,,2439.4567627783636,2089.613207924762,0.15448803269388883,260082.65,1.3216183394009509,-0.2837376587329702,3016930,0.052313174852537614,,,-0.026870323226098752,0.10878468925170696,-0.0019797797561855665,0.026898907954772597,,False,False,False,False,False,False,GOLD,83.17336488546442,-1.7902067042911967,0.0,98.99,-0.3323,4.133,-0.3136,3.57,-0.5017,90.9,12.2084,6740.02,-1.3277,24450.4492,-1.2737,29.49,24.1684,19.88,11.3102,91.7869,-0.3648,685,999,central_bank,high,0.01040707042724498,1,0.00629458665547622,1,-0.015358832419744006,0,-0.010616889982427602,0,-0.016785564414603438,0,0.016323920412820048,1
2024-04-16,2407.800048828125,2407.800048828125,2414.800048828125,2379.199951171875,2399.10009765625,297592,valid,,83.50599670410156,64644.14,2026-10-03T13:44:11.057201+00:00,0.01040707042724498,0.019217807467454273,0.11250750566301781,,,,2377.2,2356.82998046875,2276.7099853515624,,,,2355.9997891401163,2302.7945777587856,2244.9844410943874,2202.245877405122,92.45213820727496,0.9999999999754428,54.51156849592735,42.252939694482436,12.258628801444914,5.521956232085734,126.0,49.357142857142854,0.12244385372511307,,,,2456.096047973527,2097.3239227295976,0.15758358664569724,264369.35,1.1256675556375915,-0.1342274459604923,3314522,0.05757872733898626,,,-0.016742894145074783,0.12032388960139569,0.006756230657256922,0.014785321427982263,,False,False,False,False,False,False,GOLD,85.02719052467249,-0.8699176199281151,22.22222222222222,98.99,-0.3323,4.133,-0.3136,3.57,-0.5017,90.9,12.2084,6740.02,-1.3277,24450.4492,-1.2737,29.49,24.1684,19.88,11.3102,91.7869,-0.3648,684,999,central_bank,high,-0.008057208277662875,0,0.0024919012701740684,1,-0.027286298629261685,0,-0.04356680137764335,0,-0.0198937393109897,0,0.0053575471725852974,1
2024-04-17,2388.39990234375,2388.39990234375,2412.0,2370.699951171875,2398.0,284352,valid,,83.6675033569336,64247.31,2026-10-03T13:44:11.057201+00:00,-0.008057208277662875,0.017032874154048194,0.1058943169618447,,,,2385.2,2364.169970703125,2288.144982910156,,,,2362.479811780843,2310.947465814497,2250.6085768296566,2204.098156260233,85.62675344092169,0.7949766620622839,54.43541270390915,44.689434296367786,9.745978407541365,3.1706221314794725,73.39990234375,50.585728236607146,0.12890204034737257,,,,2465.2682308270523,2111.02173499326,0.15481820360136986,269678.85,1.0544097173360054,-0.044490443291486326,3030170,0.04381493313681624,,,-0.02466520143743662,0.11129720668443961,-0.004070125687093747,0.017291932053581035,,False,False,False,False,False,False,GOLD,84.2587965035368,-1.1857751314815383,14.285714285714285,98.99,-0.3323,4.133,-0.3136,3.57,-0.5017,90.9,12.2084,6740.02,-1.3277,24450.4492,-1.2737,29.49,24.1684,19.88,11.3102,91.7869,-0.3648,683,999,central_bank,high,0.004019468283694705,1,-0.01758499485734577,0,-0.020934517687316356,0,-0.032406592492235986,0,0.0027214872993510664,1,0.01695695932672625,1
2024-04-18,2398.0,2398.0,2408.0,2377.199951171875,2377.89990234375,200546,valid,,83.5958023071289,64450.27,2026-10-03T13:44:11.057201+00:00,0.004019468283694705,0.01066297861035026,0.10967144840351684,,,,2390.260009765625,2373.119970703125,2299.994982910156,,,,2369.5838494246746,2319.2381833559734,2256.3886326402585,2206.0275278397335,84.67738608663042,0.7032176453977973,54.52121965762535,46.655791368619305,7.865428289006047,3.8769763915962763,89.5,49.4285888671875,0.12789546565560167,,,,2472.9652521081825,2127.0247137121296,0.15040925783159237,268027.55,0.7482290533193295,-0.29472625478280445,3230716,0.04261096994472429,,,-0.02074487414863237,0.11576403056046426,-0.004396248714334604,0.012844057059262785,,False,False,False,False,False,False,GOLD,84.64823890270866,-0.965673790444223,17.24137931034483,98.99,-0.3323,4.133,-0.3136,3.57,-0.5017,90.9,12.2084,6740.02,-1.3277,24450.4492,-1.2737,29.49,24.1684,19.88,11.3102,91.7869,-0.3648,682,999,central_bank,high,0.006588844382037218,1,-0.02331105185310678,0,-0.023144286905754763,0,-0.036864012653773925,0,-0.0052126772310258085,0,0.029107610020068897,1
2024-04-19,2413.800048828125,2413.800048828125,2433.300048828125,2386.800048828125,2394.0,275405,valid,,83.54499816894531,64835.49,2026-10-03T13:44:11.057201+00:00,0.006588844382037218,0.016722105024580713,0.10486570365571746,,,,2398.2,2379.9599853515624,2311.449987792969,,,,2378.4270893053645,2328.244075305702,2262.5616293535086,2208.094916108275,83.12891953690752,0.3898332032612074,55.22752564289294,48.37013822347404,6.857387419418906,2.9163532588205143,68.400146484375,47.821446010044646,0.12623196402853626,,,,2482.605932427855,2140.294043158083,0.1480940063931351,262210.3,1.0503210590888268,0.3732759566383772,3506121,0.044279591414754474,,,-0.01429271451408823,0.1231156261248986,-0.0016680567139275779,0.01926423028392762,,False,False,False,False,False,False,GOLD,83.78922526517,-1.3121581260998307,3.3333333333333335,98.99,-0.3323,4.133,-0.3136,3.57,-0.5017,90.9,12.2084,6740.02,-1.3277,24450.4492,-1.2737,29.49,24.1684,19.88,11.3102,91.7869,-0.3648,681,999,central_bank,high,-0.02792283748486002,0,-0.0312371136627414,0,-0.027591389638335517,0,-0.04358271151040394,0,0.0014913635938373915,1,0.01909845578883229,1
2024-04-22,2346.39990234375,2346.39990234375,2404.300048828125,2338.199951171875,2403.699951171875,262673,valid,,83.38529968261719,62904.63,2026-10-03T13:44:11.057201+00:00,-0.02792283748486002,-0.015358832419744006,0.08629625108506955,,,,2390.87998046875,2379.4999755859376,2320.769982910156,,,,2372.0216519130418,2329.973201690278,2265.849404764891,2209.4710851255436,61.56872346658155,0.0,49.77487590447254,48.65108575967374,1.1237901447987966,-0.19566557448957855,-4.60009765625,50.02146693638393,0.16313698737404667,,,,2476.8370057043558,2164.7029601159566,0.1344958991570809,265053.55,0.9910186073719783,-0.046230097492783395,3243448,0.011043713777030098,,,-0.04181645885434249,0.0917550510199192,-0.0041843141320464005,0.028170857657382437,,False,False,False,False,False,False,GOLD,86.22349461033953,-0.16098763177505712,45.16129032258064,98.99,-0.3323,4.133,-0.3136,3.57,-0.5017,90.9,12.2084,6740.02,-1.3277,24450.4492,-1.2737,29.49,24.1684,19.88,11.3102,91.7869,-0.3648,678,999,central_bank,high,-0.001832511450075125,0,-0.0016620791450998595,0,0.004815909179350708,1,-0.006477988324450679,0,0.03925166275546377,1,0.04688032926106245,1
2024-04-23,2342.10009765625,2342.10009765625,2347.89990234375,2304.60009765625,2342.300048828125,270225,valid,,83.38619995117188,62790.03,2026-10-03T13:44:11.057201+00:00,-0.001832511450075125,-0.027286298629261685,0.07613499482979136,,,,2377.739990234375,2377.4699951171874,2329.0549926757812,,,,2366.0373410616835,2331.1281441632277,2268.8396280155325,2210.7907767925158,55.41351696692449,0.0,44.592617463066745,47.83939210035234,-3.246774637285597,-0.8592873995364014,-20.2998046875,50.257167271205354,0.1639640588769824,,,,2469.6812423885085,2188.428742963054,0.1207582046408493,267984.3,1.008361310718572,0.028750575810989387,2973223,0.005601029182001418,,,-0.04357234116476466,0.08975439738824874,-0.001747295297586754,0.018487597831882516,,False,False,False,False,False,False,GOLD,85.6939062303447,-0.40755883091541256,37.5,98.99,-0.3323,4.133,-0.3136,3.57,-0.5017,90.9,12.2084,6740.02,-1.3277,24450.4492,-1.2737,29.49,24.1684,19.88,11.3102,91.7869,-0.3648,677,999,central_bank,high,-0.0015798621571310179,0,0.0021774703483974367,1,-0.016737198957349375,0,-0.007642776029208931,0,0.035779770801153576,1,0.0243371323271111,1
2024-04-24,2338.39990234375,2338.39990234375,2350.89990234375,2324.800048828125,2335.699951171875,187699,valid,,83.2833023071289,62613.47,2026-10-03T13:44:11.057201+00:00,-0.0015798621571310179,-0.020934517687316356,0.07404003067568943,,,,2367.739990234375,2376.4699951171874,2337.114990234375,,,,2360.509853318097,2331.8206925613727,2271.5674819107567,2212.060519335314,56.04037239509865,0.01692437264577034,39.72909321808447,46.21733232389877,-6.488239105814301,-0.42582185385120486,-10.0,50.221435546875,0.16463752964194137,,,,2458.21771088522,2216.01226958353,0.10363437071502307,267250.6,0.702333315622114,-0.30539735405680446,2785524,0.0005497855752684185,,,-0.04508336502899123,0.08803273565524865,-0.0027326528404046104,0.01116141575675498,,False,False,False,False,False,False,GOLD,85.58044038890613,-0.4543697083736708,33.33333333333333,98.99,-0.3323,4.133,-0.3136,3.57,-0.5017,90.9,12.2084,6740.02,-1.3277,24450.4492,-1.2737,29.49,24.1684,19.88,11.3102,91.7869,-0.3648,676,999,central_bank,high,0.00175337744931503,1,0.008253527896909585,1,-0.011717372343493238,0,-0.0068849872511063115,0,0.023306535355811064,1,0.02407631336782745,1
2024-04-25,2342.5,2342.5,2357.60009765625,2316.39990234375,2327.39990234375,224471,valid,,83.3405990600586,62766.41,2026-10-03T13:44:11.057201+00:00,0.00175337744931503,-0.023144286905754763,0.06934168518766604,,,,2356.639990234375,2373.45,2344.7099853515624,,,,2356.907882654478,2332.8377694602896,2274.3491492868056,2213.3584246155597,49.32466392393116,0.0,35.79295986803436,44.1324578327259,-8.339497964691539,-1.2728095331632328,-30.199951171875,48.60716029575893,0.16448321948804956,,,,2444.257998707,2245.161971996125,0.0849128582872213,276914.15,0.8106158533249355,0.19590940814815205,3009995,-0.0009425410244201714,,,-0.04340903573525799,0.08994046771806229,-0.004704071356216757,0.01758813033617179,,False,False,False,False,False,False,GOLD,85.67405752928948,-0.40139700786814186,38.23529411764706,98.99,-0.3323,4.133,-0.3136,3.57,-0.5017,90.9,12.2084,6740.02,-1.3277,24450.4492,-1.2737,29.49,24.1684,19.88,11.3102,91.7869,-0.3648,675,999,central_bank,high,0.0020063825707044014,1,-0.016905057697438663,0,-0.014044782217182528,0,-0.0009391467115794638,0,-0.002262560865795127,0,0.02766277431296693,1
2024-04-26,2347.199951171875,2347.199951171875,2364.39990234375,2338.0,2344.199951171875,171011,valid,,83.30180358886719,62863.07,2026-10-03T13:44:11.057201+00:00,0.0020063825707044014,-0.027591389638335517,0.05853704994346254,,,,2343.319970703125,2370.7599853515626,2351.199987792969,,,,2354.9662963579576,2334.2055962899644,2277.206043478377,2214.690181098707,49.11130980316925,0.0,32.67612260899341,41.8411907879794,-9.16506817898599,-1.1330670729061243,-26.900146484375,46.864292689732146,0.16117853808153682,,,,2430.7083761420295,2271.691599443908,0.06763217825945973,272952.3,0.6265233888851619,-0.2381599404822895,3181006,-0.0017012745159321414,,,-0.04148974829726474,0.09212730527559625,0.0007256995397542259,0.01124740239132938,,False,False,False,False,False,False,GOLD,86.16423839574794,-0.1546695962383835,48.57142857142857,98.99,-0.3323,4.133,-0.3136,3.57,-0.5017,90.9,12.2084,6740.02,-1.3277,24450.4492,-1.2737,29.49,24.1684,19.88,11.3102,91.7869,-0.3648,674,999,central_bank,high,0.004473415225983546,1,-0.015422610738297649,0,-0.016445064041669455,0,0.011843920162935229,1,-0.005410681423001162,0,0.02918370885522581,1
2024-04-29,2357.699951171875,2357.699951171875,2358.89990234375,2331.0,2347.60009765625,187309,valid,,83.40229797363281,63220.45,2026-10-03T13:44:11.057201+00:00,0.004473415225983546,0.004815909179350708,0.04457039970007837,,,,2345.57998046875,2368.22998046875,2356.22998046875,,,,2355.5130273207415,2336.4431538977656,2280.362667309495,2216.113163885505,48.89621015525646,0.0,30.69938546747744,39.61282972387902,-8.913444256401576,-1.0616889982427602,-25.300048828125,46.464285714285715,0.15134438811589493,,,,2422.25862944809,2290.20133148941,0.056046013781877076,271279.4,0.690465254641522,0.09530381086596762,3368315,0.0006238655459395942,,,-0.03720193394303827,0.09701284419172634,0.00017047822626915543,0.01183352543646224,,False,False,False,False,False,False,GOLD,86.13232092727553,-0.1684314493134919,47.22222222222222,98.99,-0.3323,4.133,-0.3136,3.57,-0.5017,90.9,12.2084,6740.02,-1.3277,24450.4492,-1.2737,29.49,24.1684,19.88,11.3102,91.7869,-0.3648,671,999,central_bank,high,-0.023243012242031513,0,-0.020401176787452235,0,-0.011239767802865841,0,-0.006234869354163841,0,-0.0005089499074207859,0,-0.0017813764511415142,0
2024-04-30,2302.89990234375,2302.89990234375,2347.60009765625,2296.199951171875,2347.0,229064,valid,,83.45110321044922,61787.16,2026-10-03T13:44:11.057201+00:00,-0.023243012242031513,-0.016737198957349375,0.009247021239420672,,,,2337.73994140625,2357.7399658203126,2357.2849731445312,,,,2344.9904023253434,2333.2485585116688,2281.2464804480933,2216.976713521906,41.032739968320506,0.0,24.429295373533478,36.57612285380991,-12.146827480276436,-4.356680137764335,-104.900146484375,47.92857142857143,0.17241161842383684,,,,2418.8282640723028,2295.7416822167597,0.05221540172603649,268871.2,0.8519469545269227,0.22292041492934134,3139251,-0.023071063286934927,,,-0.05958026117899501,0.07151496122452305,-0.004538300629200989,0.022319748431983852,,False,False,False,False,False,False,GOLD,87.26080243315049,0.4043784886874754,64.86486486486487,98.99,-0.3323,4.133,-0.3136,3.57,-0.5017,90.9,12.2084,6740.02,-1.3277,24450.4492,-1.2737,29.49,24.1684,19.88,11.3102,91.7869,-0.3648,670,999,central_bank,high,0.003517346823457723,1,0.002475224957323885,1,0.009249229116057966,1,0.024751401457783206,1,0.016631226042063574,1,0.0339138047540688,1
2024-05-01,2311.0,2311.0,2339.5,2291.699951171875,2298.199951171875,227384,valid,,83.49839782714844,62039.62,2026-10-03T13:44:11.057201+00:00,0.003517346823457723,-0.011717372343493238,-0.0017278617710583255,,,,2332.2599609375,2349.9999755859376,2357.0849731445314,,,,2338.192321860275,2331.129648177224,2282.4132851364034,2217.91226861124,37.01057665323811,0.0,19.88459673263924,33.23781762957578,-13.353220896936541,-3.2406592492235986,-77.39990234375,47.592860630580354,0.16478040793698948,,,,2419.229912239323,2294.94003404974,0.05273033412271002,267511.7,0.8499964674442245,-0.007334194810184047,3366635,-0.019551680855625246,,,-0.0562724787979374,0.07528385096967197,-0.0020408838295966044,0.020683707844268418,,False,False,False,False,False,False,GOLD,87.24376050273092,0.38960863427723036,63.1578947368421,98.99,-0.3323,4.133,-0.3136,3.57,-0.5017,90.9,12.2084,6740.02,-1.3277,24450.4492,-1.2737,29.49,24.1684,19.88,11.3102,91.7869,-0.3648,669,999,central_bank,high,-0.0006057560985504029,0,0.008740783717817058,1,0.004889679285212001,1,0.03630458777315004,1,0.013803505990372056,1,0.028905256957215464,1
2024-05-02,2309.60009765625,2309.60009765625,2336.10009765625,2294.300048828125,2329.89990234375,193658,valid,,83.40640258789062,61933.73,2026-10-03T13:44:11.057201+00:00,-0.0006057560985504029,-0.014044782217182528,0.0004765421946069104,,,,2325.67998046875,2341.1599853515627,2357.1399780273437,,,,2332.4738770194704,2329.0792147942743,2283.4794346469857,2218.8245853181556,36.42108054876531,0.0,15.985657191894461,29.78738554203952,-13.801728350145058,-3.6864012653773925,-88.39990234375,43.564296177455354,0.16447402725828053,,,,2419.105540934907,2295.1744151197804,0.05257690547457012,265383.25,0.72972955150711,-0.14832178165570142,3172977,-0.02016845873144069,,,-0.05684414749927516,0.07463249121927461,0.00817823554467409,0.018098392388589266,,False,False,False,False,False,True,GOLD,86.88259721102541,0.19725211225633354,58.97435897435898,98.99,-0.3323,4.133,-0.3136,3.57,-0.5017,90.9,12.2084,6740.02,-1.3277,24450.4492,-1.2737,29.49,24.1684,19.88,11.3102,91.7869,-0.3648,668,999,central_bank,high,-0.0004329753886894716,0,0.006321377250737337,1,0.01329232329139085,1,0.03286278971877943,1,0.005758488104064652,1,0.041305809798224624,1
2024-05-03,2308.60009765625,2308.60009765625,2330.699951171875,2285.199951171875,2313.5,231400,valid,,83.40630340576172,61906.84,2026-10-03T13:44:11.057201+00:00,-0.0004329753886894716,-0.016445064041669455,-0.0156902047496148,,,,2317.960009765625,2330.639990234375,2355.2999877929688,,,,2327.6991211468267,2327.128822685891,2284.464558686565,2219.717873998137,33.79797202172591,0.0,12.668987669180751,26.363705967467766,-13.694718298287015,-4.358271151040394,-105.199951171875,42.2357177734375,0.15336070914771097,,,,2420.817043047427,2289.7829325385105,0.05563372444613571,262292.65,0.8822206798398625,0.19488996065228403,2941577,-0.019827576265755854,,,-0.057252510771106255,0.07416720179869078,0.00168856173313548,0.019708913659915832,,False,False,False,False,False,True,GOLD,87.29817070184305,0.412341663241762,67.5,98.99,-0.3323,4.133,-0.3136,3.57,-0.5017,90.9,12.2084,6740.02,-1.3277,24450.4492,-1.2737,29.49,24.1684,19.88,11.3102,91.7869,-0.3648,667,999,central_bank,high,0.009789418937722782,1,0.005934311094322187,1,0.028761976754293928,1,0.047128043006649856,1,0.02629296916061774,1,0.05106986803970304,1
2024-05-06,2331.199951171875,2331.199951171875,2341.89990234375,2300.60009765625,2312.800048828125,191895,valid,,83.37999725341797,62493.16,2026-10-03T13:44:11.057201+00:00,0.009789418937722782,-0.011239767802865841,-0.008421968876275998,,,,2312.660009765625,2329.1199951171875,2354.3099853515623,,,,2328.3992871518367,2327.5165492083656,2286.2973191761853,2220.8271483978756,33.15743929776946,0.0,11.72891880597399,23.436748535169013,-11.707829729195023,-0.6477988324450679,-15.199951171875,42.64283970424107,0.15755948638321676,,,,2420.6932763487994,2287.9266943543253,0.0563929910761484,257608.9,0.7449082698617915,-0.17072169403630078,3133472,-0.009816054098002115,,,-0.04802356064656221,0.08468267454625514,0.001819263187304323,0.01771611425554518,,False,False,False,False,False,False,GOLD,85.1766595519109,-0.7153352093921886,26.82926829268293,98.99,-0.3323,4.133,-0.3136,3.57,-0.5017,90.9,12.2084,6740.02,-1.3277,24450.4492,-1.2737,29.49,24.1684,19.88,11.3102,91.7869,-0.3648,664,999,central_bank,high,-0.0030027454300868284,0,0.0039036109500927285,1,0.005061791813350647,1,0.04602781875239237,1,0.006949189906996889,1,0.0641730013682642,1
2024-05-07,2324.199951171875,2324.199951171875,2338.699951171875,2318.199951171875,2334.800048828125,204623,valid,,83.4728012084961,62374.85,2026-10-03T13:44:11.057201+00:00,-0.0030027454300868284,0.009249229116057966,-0.016169976613179093,,,,2316.92001953125,2327.32998046875,2352.3999877929687,,,,2327.5594199558445,2327.2006827287,2287.7836969015066,2221.8557335001046,35.06979575104951,0.03711875831471943,10.300330166071944,20.8094648613496,-10.509134695277655,-0.7642776029208931,-17.900146484375,41.15712193080357,0.1565683299056386,,,,2419.9904369393544,2284.809538646583,0.057465099045312114,253859.65,0.806047751188498,0.0663279397587222,2928849,-0.011987772813899332,,,-0.05088210354937986,0.0814256486021684,0.0015443109693094822,0.008820239407394773,,False,False,False,False,False,False,GOLD,85.12617638908497,-0.7290879921644884,26.190476190476193,98.99,-0.3323,4.133,-0.3136,3.57,-0.5017,90.9,12.2084,6740.02,-1.3277,24450.4492,-1.2737,29.49,24.1684,19.88,11.3102,91.7869,-0.3648,663,999,central_bank,high,-0.0008174435864659602,0,0.02185700451568784,1,0.015360103227725741,1,0.0437569715637407,1,0.022072132306112158,1,0.06264525458871884,1
2024-05-08,2322.300048828125,2322.300048828125,2329.60009765625,2311.39990234375,2322.0,214693,valid,,83.46990203857422,62321.7,2026-10-03T13:44:11.057201+00:00,-0.0008174435864659602,0.004889679285212001,-0.011113888009268269,,,,2319.180029296875,2325.7199951171874,2351.0949951171874,,,,2326.507545730301,2326.73395569055,2289.137279330001,2222.8551794237665,31.741453607992455,0.0,8.912123720879663,18.429996633255616,-9.517872912375953,-0.6884987251106311,-16.099853515625,40.257132393973215,0.15538174288160694,,,,2420.005573939169,2282.1844162952057,0.058619986827472,246901.95,0.869547607866196,0.049212454122947946,2714156,-0.012247461863026473,,,-0.05165795388663317,0.08054164414147912,-0.0009465412692934726,0.007837142027222672,,False,False,False,False,False,False,GOLD,84.87628535370825,-0.8476865238635861,20.930232558139537,98.99,-0.3323,4.133,-0.3136,3.57,-0.5017,90.9,12.2084,6740.02,-1.3277,24450.4492,-1.2737,29.49,24.1684,19.88,11.3102,91.7869,-0.3648,662,999,central_bank,high,0.007750936408533082,1,0.00891355584405229,1,0.03126204710380143,1,0.030400831947297702,1,0.029539616790793977,1,0.05257712222726729,1
2024-05-09,2340.300048828125,2340.300048828125,2354.199951171875,2312.89990234375,2316.5,249092,valid,,83.46430206298828,62800.54,2026-10-03T13:44:11.057201+00:00,0.007750936408533082,0.01329232329139085,-0.013655288494336504,,,,2325.32001953125,2325.5,2349.475,,,,2329.266046349866,2328.0259645607953,2291.1436624475746,2224.0237850894814,32.458233890214785,0.024031038898181117,9.15883236101854,16.575763778808202,-7.416931417789662,-0.09391467115794638,-2.199951171875,39.885707310267854,0.15323323090394858,,,,2417.767623405571,2281.1823765944287,0.0581343690871724,246335.8,1.0111887918848945,0.1602241339959849,2963248,-0.0039051069587337614,,,-0.044307414993673515,0.08891685371198788,-0.0024975449796202317,0.01764733066975229,,False,False,False,False,False,False,GOLD,83.18996343252137,-1.6882989876817887,2.272727272727273,98.99,-0.3323,4.133,-0.3136,3.57,-0.5017,90.9,12.2084,6740.02,-1.3277,24450.4492,-1.2737,29.49,24.1684,19.88,11.3102,91.7869,-0.3648,661,999,central_bank,high,0.014827137737851492,1,0.008374931891933945,1,0.019313741925744976,1,-0.001324658202610518,0,-0.006537644109261276,0,0.03901211251687253,1
2024-05-10,2375.0,2375.0,2385.300048828125,2352.0,2353.5,275241,valid,,83.45939636230469,63727.95,2026-10-03T13:44:11.057201+00:00,0.014827137737851492,0.028761976754293928,0.0003790498743665438,,,,2338.6,2328.2800048828126,2349.5199951171876,,,,2338.4128370798926,2332.4996822216717,2294.43214627316,2225.5260359841136,58.08827184701977,0.9999999999620447,12.01583572115078,15.66377816727672,-3.64794244612594,1.1843920162935229,27.800048828125,37.699986049107146,0.1627877219018652,,,,2417.8820824161407,2281.1579078182344,0.05819238605416878,236103.15,1.165765895118294,0.10497727747177743,3238489,0.010844770393848336,,,-0.030137229400747492,0.10506237388703642,0.00564028154359056,0.01402107319078357,,False,False,False,False,False,False,GOLD,83.9964644370685,-1.2225866752857246,8.88888888888889,98.99,-0.3323,4.133,-0.3136,3.57,-0.5017,90.9,12.2084,6740.02,-1.3277,24450.4492,-1.2737,29.49,24.1684,19.88,11.3102,91.7869,-0.3648,660,999,central_bank,high,-0.013473684210526304,0,0.008378906249999929,1,0.01785259046052623,1,-0.01705263157894732,0,-0.020210526315789457,0,0.024168379934210504,1
2024-05-13,2343.0,2343.0,2370.800048828125,2337.60009765625,2369.10009765625,243075,valid,,83.5248031616211,62918.57,2026-10-03T13:44:11.057201+00:00,-0.013473684210526304,0.005061791813350647,-0.016785564414603438,,,,2340.960009765625,2326.810009765625,2347.5199951171876,,,,2339.3302696639144,2333.499712486275,2296.3367679879384,2226.694931148451,50.22002502292176,0.7013587464939428,11.564589513606279,14.843940436542633,-3.279350922936354,-0.6234869354163841,-14.699951171875,37.278564453125,0.16898594468999198,,,,2414.0744931877334,2280.9654970466418,0.05670196480451712,231070.4,1.0519521323371535,-0.1168648566165651,2995414,-0.0019254341290328514,,,-0.043204854099342445,0.0901731124283542,-0.002484169407893691,0.014169846850986269,,False,False,False,False,False,False,GOLD,83.02327855767868,-1.6648588860450042,0.0,98.99,-0.3323,4.133,-0.3136,3.57,-0.5017,90.9,12.2084,6740.02,-1.3277,24450.4492,-1.2737,29.49,24.1684,19.88,11.3102,91.7869,-0.3648,657,999,central_bank,high,0.007212933138604383,1,0.018139137857447807,1,0.04075970977379417,1,0.005761843790012877,1,-0.006999531516752033,0,0.051344451057671714,1
2024-05-14,2359.89990234375,2359.89990234375,2365.199951171875,2340.5,2342.300048828125,192076,valid,,83.50550079345703,63357.75,2026-10-03T13:44:11.057201+00:00,0.007212933138604383,0.015360103227725741,-0.0198937393109897,,,,2348.1,2332.510009765625,2345.1249877929686,,,,2343.444196199882,2336.014016282225,2298.8294399234605,2228.020353747409,54.93799470224224,0.8804304520918781,12.427399201628305,14.360632189559768,-1.9332329879314631,2.4751401457783206,57.0,37.17857142857143,0.166541109839313,,,,2405.727205556173,2284.522770029764,0.05168357173168173,225794.6,0.85066693357591,-0.20980767252905486,3187490,0.006300267417592962,,,-0.03630355468462275,0.09803645819780077,-0.000298741430590995,0.010466524934948984,,False,False,False,False,False,False,GOLD,82.84710730893599,-1.6823883826066646,0.0,98.99,-0.3323,4.133,-0.3136,3.57,-0.5017,90.9,12.2084,6740.02,-1.3277,24450.4492,-1.2737,29.49,24.1684,19.88,11.3102,91.7869,-0.3648,656,999,central_bank,high,0.014831137526316152,1,0.02436544022180498,1,0.02796728790676739,1,-0.007924044216156334,0,-0.002161046538694311,0,0.048095260263910644,1
2024-05-15,2394.89990234375,2394.89990234375,2396.10009765625,2357.10009765625,2362.89990234375,249843,valid,,83.52420043945312,64311.81,2026-10-03T13:44:11.057201+00:00,0.014831137526316152,0.03126204710380143,0.0027214872993510664,,,,2362.619970703125,2340.9,2345.449987792969,,,,2353.735337428656,2341.6221959071318,2302.5969090379817,2229.680846768268,60.53901542232663,0.9999999999652749,15.75378970704105,14.639263693056025,1.1145260139850262,3.6304587773150043,83.89990234375,37.021414620535715,0.1732701990669332,,,,2407.0901971214835,2283.809778464454,0.05256152094420978,224069.15,1.115026321115597,0.3007507444969699,3437333,0.02108333787039802,,,-0.02201084017053452,0.11432158791823445,0.0012712403593979809,0.016284605449195046,,False,False,False,False,False,False,GOLD,81.14453842973758,-2.3631208403942767,0.0,98.99,-0.3323,4.133,-0.3136,3.57,-0.5017,90.9,12.2084,6740.02,-1.3277,24450.4492,-1.2737,29.49,24.1684,19.88,11.3102,91.7869,-0.3648,655,999,central_bank,high,-0.003924966690487142,0,0.01820539456099235,1,-0.0008351079717539012,0,-0.02171280726560243,0,-0.03210986073718258,0,0.045555180635934,1
2024-05-16,2385.5,2385.5,2402.699951171875,2375.199951171875,2391.5,191026,valid,,83.40509796142578,63968.05,2026-10-03T13:44:11.057201+00:00,-0.003924966690487142,0.019313741925744976,-0.0052126772310258085,,,,2371.6599609375,2348.489990234375,2344.824987792969,,,,2360.088269942925,2345.801034392167,2305.8480106443353,2231.231286103907,57.56022804489574,0.8965611256420764,17.430555987767548,15.197522151998331,2.2330338357692163,3.286278971877943,75.89990234375,37.09999302455357,0.17323803701878876,,,,2404.4419853225927,2285.207990263345,0.050849848359652665,223593.15,0.8543463876241252,-0.2354158411482411,3246307,0.017346715605115824,,,-0.025849415046521024,0.10994791280316651,-0.0014196427752246733,0.011527981555224678,,False,False,False,False,False,False,GOLD,80.41462755091167,-2.501880968241091,0.0,98.99,-0.3323,4.133,-0.3136,3.57,-0.5017,90.9,12.2084,6740.02,-1.3277,24450.4492,-1.2737,29.49,24.1684,19.88,11.3102,91.7869,-0.3648,654,999,central_bank,high,0.013372417666631664,1,0.016935611965520847,1,-0.02024734807299311,0,-0.02624191895042971,0,-0.015258814648396513,0,0.05126809843979241,1
2024-05-17,2417.39990234375,2417.39990234375,2427.39990234375,2377.800048828125,2381.39990234375,218553,valid,,83.47010040283203,64873.97,2026-10-03T13:44:11.057201+00:00,0.013372417666631664,0.01785259046052623,0.0014913635938373915,,,,2380.13994140625,2359.369970703125,2345.00498046875,2296.9759912109375,,,2371.5505964230897,2352.6199741970795,2310.2225946325475,2233.0837101460947,60.866412067876034,0.9999999999656651,21.09034450307763,16.376086622214192,4.714257880863439,4.712804300664986,108.7998046875,38.649989536830354,0.1783636733159967,,,,2405.5138690782705,2284.4960918592296,0.051606618419547536,220750.55,0.9900450984153789,0.14410080303204809,3464860,0.03087196934673367,0.05242715274062313,,-0.012822666554334944,0.12479059988137038,-0.0017187581874861795,0.020517852039091986,0.020909660981032436,False,False,False,False,False,False,GOLD,77.86259005239587,-3.2095810021962663,0.0,98.99,-0.3323,4.133,-0.3136,3.57,-0.5017,90.9,12.2084,6740.02,-1.3277,24450.4492,-1.2737,29.49,24.1684,19.88,11.3102,91.7869,-0.3648,653,999,central_bank,high,0.008728426618944019,1,-0.010134856039435758,0,-0.03429300309947714,0,-0.019897350648930945,0,-0.03656817486343211,0,0.025771511270320957,1
2024-05-20,2438.5,2438.5,2454.199951171875,2411.10009765625,2422.199951171875,281430,valid,,83.30039978027344,65307.18,2026-10-03T13:44:11.057201+00:00,0.008728426618944019,0.04075970977379417,0.03925166275546377,,,,2399.23994140625,2370.0999755859375,2349.6099853515625,2302.0359912109375,,,2384.9404771384716,2360.799024273548,2315.2530811175457,2235.127653328721,78.13285734256951,0.9999999999784444,25.400553044596563,18.180979906690666,7.219573137905897,4.602781875239237,107.300048828125,37.335693359375,0.146495592617098,,,,2423.175635336784,2276.044335366341,0.06261945637261411,221688.4,1.269484555799937,0.28769680580911716,3746290,0.0378318168558087,0.05927970253723932,,-0.006397176874024429,0.13460825209410895,0.0019856246471546585,0.01767474001050126,0.020666051409378293,False,False,True,False,False,False,GOLD,75.71805189505942,-3.499058030286285,0.0,98.99,-0.3323,4.133,-0.3136,3.57,-0.5017,90.9,12.2084,6740.02,-1.3277,24450.4492,-1.2737,29.49,24.1684,19.88,11.3102,91.7869,-0.3648,650,999,central_bank,high,-0.005167150976522428,0,-0.04154195153911211,0,-0.03362722985441868,0,-0.037359072239594004,0,-0.037564116324072194,0,0.02210371225907326,1
2024-05-21,2425.89990234375,2425.89990234375,2438.199951171875,2408.5,2431.5,229421,valid,,83.31500244140625,64981.11,2026-10-03T13:44:11.057201+00:00,-0.005167150976522428,0.02796728790676739,0.035779770801153576,,,,2412.43994140625,2380.269970703125,2353.7999755859373,2306.7819873046874,,,2393.1323621795273,2366.9991078992816,2319.5921721460245,2237.0258846622037,73.40124865001403,0.8980067790031785,27.482896071275263,20.041363139607586,7.441532931667677,4.37569715637407,101.699951171875,36.064261300223215,0.14811212291694922,,,,2434.7407346014033,2272.8592165704713,0.06877454316846346,219648.2,1.0444929664800302,-0.18480261521515118,3516869,0.030631288769486047,0.05163813298984179,,-0.011531272671813175,0.12874555995633286,-0.002870617182693102,0.012242859296530972,0.020382501918253124,False,False,False,False,False,False,GOLD,76.1233808191454,-3.0079220076921627,1.9230769230769231,98.99,-0.3323,4.133,-0.3136,3.57,-0.5017,90.9,12.2084,6740.02,-1.3277,24450.4492,-1.2737,29.49,24.1684,19.88,11.3102,91.7869,-0.3648,649,999,central_bank,high,-0.013603199360417761,0,-0.037676699791052926,0,-0.034914858230565615,0,-0.02077575513113994,0,-0.02345517318697976,0,0.046127272760209115,1
2024-05-22,2392.89990234375,2392.89990234375,2430.5,2378.0,2425.39990234375,253852,valid,,83.31680297851562,64098.55,2026-10-03T13:44:11.057201+00:00,-0.013603199360417761,-0.0008351079717539012,0.023306535355811064,,,,2412.03994140625,2387.3299560546875,2356.5249755859377,2311.3179833984377,,,2393.085870212372,2369.465850227326,2322.466985094955,2238.576869912766,65.03066079295154,0.7175727506479818,26.168687376265098,21.266827986939088,4.90185938932601,3.04008319472977,70.599853515625,36.828543526785715,0.15759716145501704,,,,2438.938962964295,2274.1109882075802,0.06994535447928418,222955.85,1.1385751932501385,0.10648981566639493,3263017,0.015435833328586914,0.0352967092936833,,-0.024977609831191377,0.1133910090770668,-0.0002061090812183659,0.02193990644930714,0.019558967010246887,False,False,False,False,False,False,GOLD,76.46269041168388,-2.6638293906895574,3.7735849056603774,98.99,-0.3323,4.133,-0.3136,3.57,-0.5017,90.9,12.2084,6740.02,-1.3277,24450.4492,-1.2737,29.49,24.1684,19.88,11.3102,91.7869,-0.3648,648,999,central_bank,high,-0.023277175579855647,0,-0.015211627660688065,0,-0.020895148999348856,0,-0.000835805959973901,0,-0.02578459345977757,0,0.06201686344632429,1
2024-05-23,2337.199951171875,2337.199951171875,2385.699951171875,2328.10009765625,2383.0,273658,valid,,83.26709747314453,62569.16,2026-10-03T13:44:11.057201+00:00,-0.023277175579855647,-0.02024734807299311,-0.002262560865795127,,,,2402.379931640625,2387.0199462890623,2356.259973144531,2314.4459814453126,,,2381.908686404273,2366.39290746014,2323.0447484705205,2239.5581941043993,54.30980882983788,0.48647709283558505,20.397517081549267,21.092965805861127,-0.6954487243118592,-0.1324658202610518,-3.10009765625,38.207101004464285,0.17989840087859332,,,,2438.8976252633656,2273.6223210256967,0.0701430683037202,225415.2,1.2140175107978468,0.07802183949702979,2989359,-0.008089099755495844,0.009831281399077347,,-0.04767337720143181,0.08747441106975805,-0.004137198691031457,0.02464481204816033,0.018066523061855504,False,False,False,False,False,False,GOLD,77.17606394388963,-2.2983528437876046,5.555555555555555,98.99,-0.3323,4.133,-0.3136,3.57,-0.5017,90.9,12.2084,6740.02,-1.3277,24450.4492,-1.2737,29.49,24.1684,19.88,11.3102,91.7869,-0.3648,647,999,central_bank,high,-0.0011552076109369036,0,0.0017114496335643992,1,-0.006118453331712126,0,-0.005219900490652463,0,0.0030805884486968527,1,0.09130590062582189,1
2024-05-24,2334.5,2334.5,2349.0,2326.300048828125,2330.39990234375,178343,valid,,83.2863998413086,62511.37,2026-10-03T13:44:11.057201+00:00,-0.0011552076109369036,-0.03429300309947714,-0.005410681423001162,,,,2385.799951171875,2382.9699462890626,2355.6249755859376,2317.7859814453127,,,2372.4269491234186,2363.3554877020315,2323.493974020696,2240.502888690425,50.52902411742558,0.4049795651047555,15.42811385594905,19.959995415878712,-4.531881559929662,-1.705263157894732,-40.5,36.8785400390625,0.1797686261779867,,,,2438.7494989757947,2272.5004521960805,0.07057534561005023,225781.8,0.7898909478088988,-0.34829970254843634,2811016,-0.008967885722418103,0.007211200123083689,,-0.04877351216418604,0.08621815235339172,-0.002909485268777512,0.009723688657899026,0.0163254909829997,False,False,False,False,False,False,GOLD,76.9699968940117,-2.2253057636281435,5.454545454545454,98.99,-0.3323,4.133,-0.3136,3.57,-0.5017,90.9,12.2084,6740.02,-1.3277,24450.4492,-1.2737,29.49,24.1684,19.88,11.3102,91.7869,-0.3648,646,999,central_bank,high,0.009423859498822074,1,0.0035981590677875985,1,0.014906853214017968,1,-0.0032126793745984594,0,-0.0015849009089204946,0,0.09124009423859492,1
2024-05-28,2356.5,2356.5,2365.5,2333.800048828125,2338.0,316223,valid,,83.14569854736328,62993.87,2026-10-03T13:44:11.057201+00:00,0.009423859498822074,-0.03362722985441868,-0.0005089499074207859,,,,2369.399951171875,2384.3199462890625,2355.564978027344,2321.6859814453123,,,2369.241559298735,2362.702584111362,2324.788327980669,2241.6570888029582,54.940361364350956,0.5000691052288102,13.11387356402929,18.59077104550883,-5.47689748147954,0.5761843790012877,13.5,37.678536551339285,0.18231993612104802,,,,2438.684927493742,2272.4450285609455,0.07057325969922633,232227.5,1.3616948897094385,0.7731169712295969,3127239,0.0003969417024695246,0.014995145266372328,,-0.03980928739126724,0.09645451960623576,0.0014992503748119516,0.013452132897034393,0.014592411227347085,False,False,False,False,False,False,GOLD,73.70742080135464,-2.8635999537463825,0.0,98.99,-0.3323,4.133,-0.3136,3.57,-0.5017,90.9,12.2084,6740.02,-1.3277,24450.4492,-1.2737,29.49,24.1684,19.88,11.3102,91.7869,-0.3648,642,999,central_bank,high,-0.006492700542382823,0,-0.014258475559622341,0,-0.0038617006816252797,0,-0.012688267491512861,0,-0.018374728974379417,0,0.06798215623673887,1
2024-05-29,2341.199951171875,2341.199951171875,2363.699951171875,2334.199951171875,2362.5,119317,valid,,83.20649719238281,62630.63,2026-10-03T13:44:11.057201+00:00,-0.006492700542382823,-0.034914858230565615,0.016631226042063574,,,,2352.4599609375,2382.449951171875,2357.47998046875,2325.2239794921875,,,2363.633237673363,2360.654714307601,2325.4319210469903,2242.6475650454354,52.77694874980989,0.44485785154519386,9.930759769951237,16.858768790397313,-6.928009020446076,-0.7924044216156334,-18.699951171875,38.485665457589285,0.1625782270461106,,,,2437.185752047986,2277.774208889514,0.06761946844897834,226740.15,0.5262279309597329,-0.6226808296676712,3007922,-0.006905691429723637,0.006870723775681036,,-0.04604351815181021,0.08933556875209334,0.0025461489497124777,0.012600376138407714,0.01387221242385137,False,False,False,False,False,False,GOLD,72.70130160048865,-2.858566192077668,0.0,98.99,-0.3323,4.133,-0.3136,3.57,-0.5017,90.9,12.2084,6740.02,-1.3277,24450.4492,-1.2737,29.49,24.1684,19.88,11.3102,91.7869,-0.3648,641,999,central_bank,high,0.0007261025146629851,1,0.012002433898131937,1,0.014650627688146178,1,0.005809028677555839,1,-0.001964741846728013,0,0.08760469072861055,1
2024-05-30,2342.89990234375,2342.89990234375,2349.5,2320.800048828125,2336.89990234375,32587,valid,,83.3656005859375,62795.96,2026-10-03T13:44:11.057201+00:00,0.0007261025146629851,-0.020895148999348856,0.013803505990372056,,,,2342.4599609375,2377.249951171875,2359.0749755859374,2328.887978515625,,,2359.4865706074406,2358.963779834853,2326.116939921373,2243.645100739946,50.401212264609455,0.0064911808162752055,7.459304785225413,14.978875989362933,-7.51957120413752,-2.171280726560243,-52.0,37.585658482142854,0.1622781753530757,,,,2436.095967276481,2282.0539838953937,0.06529762087903197,217000.3,0.15017029930373302,-0.7268871996446441,3040509,-0.0068565320770116915,0.006016572697949086,,-0.04535084795146138,0.09012653804787583,-0.0018366858524709933,0.012249755588427993,0.012961978999754143,False,False,False,False,False,False,GOLD,74.64317146113947,-2.2582733566250726,3.4482758620689653,98.99,-0.3323,4.133,-0.3136,3.57,-0.5017,90.9,12.2084,6740.02,-1.3277,24450.4492,-1.2737,29.49,24.1684,19.88,11.3102,91.7869,-0.3648,640,999,central_bank,high,-0.008536429567474357,0,0.001920696652681686,1,0.020487430961938502,1,-0.010627813129720609,0,-0.0014084275150633152,0,0.09061422069963299,1
2024-05-31,2322.89990234375,2322.89990234375,2354.0,2319.0,2344.10009765625,183406,valid,,83.3208999633789,62226.52,2026-10-03T13:44:11.057201+00:00,-0.008536429567474357,-0.006118453331712126,0.005758488104064652,,,,2339.599951171875,2370.98994140625,2359.7399658203126,2332.1259765625,,,2352.1692369547027,2355.5291248357003,2325.990781584996,2244.433705731029,41.577735118699934,0.0,3.8425317369615186,12.751607138882651,-8.909075401921132,-2.624191895042971,-62.60009765625,36.871372767857146,0.16555617162781272,,,,2435.175732365045,2284.3041992755802,0.06393566040101946,216487.7,0.8471890088905705,4.628195292601344,2857103,-0.015611916571383885,-0.003956078835991984,,-0.05350014319956938,0.08082074963619944,0.0005122691376182384,0.015067373314136686,0.011840693656910909,False,False,False,False,False,False,GOLD,76.6709520550727,-1.724834278882533,10.16949152542373,98.99,-0.3323,4.133,-0.3136,3.57,-0.5017,90.9,12.2084,6740.02,-1.3277,24450.4492,-1.2737,29.49,24.1684,19.88,11.3102,91.7869,-0.3648,639,999,central_bank,high,0.019975095111743002,1,0.0226441516499174,1,0.0009040844395107328,1,0.011279089247911545,1,0.006887942086465371,1,0.09901416749294079,1
2024-06-03,2369.300048828125,2369.300048828125,2375.5,2334.800048828125,2348.0,173149,valid,,83.45079803466797,63568.45,2026-10-03T13:44:11.057201+00:00,0.019975095111743002,0.014906853214017968,0.02629296916061774,,,,2346.5599609375,2366.1799560546874,2362.7749633789062,2335.817978515625,,,2355.5953993293874,2356.840641406407,2327.6891842219816,2245.6761569061246,54.062411614971246,0.3415301532702195,4.666524290642883,11.134590569234698,-6.468066278591815,-1.9897350648930945,-48.099853515625,37.957101004464285,0.17955148984953004,,,,2434.3321109788994,2291.217815778913,0.06057042986237843,213575.15,0.8107169771389565,-0.05592510604887513,3030252,0.002761619515336634,0.014334194967436254,,-0.03459371853673776,0.10241024690891863,0.010805501188800172,0.017178048509300603,0.011540704417559356,False,False,False,False,False,False,GOLD,77.3244995573502,-1.5307085651758847,15.0,98.99,-0.3323,4.133,-0.3136,3.57,-0.5017,90.9,12.2084,6740.02,-1.3277,24450.4492,-1.2737,29.49,24.1684,19.88,11.3102,91.7869,-0.3648,636,999,central_bank,high,-0.009243298034458336,0,0.009116554708344493,1,-0.01785339465512059,0,-0.017009263494531912,0,-0.015152216158578757,0,0.07111805027959273,1
2024-06-04,2347.39990234375,2347.39990234375,2373.10009765625,2335.10009765625,2371.300048828125,171547,valid,,83.09339904785156,62711.14,2026-10-03T13:44:11.057201+00:00,-0.009243298034458336,-0.0038617006816252797,0.006949189906996889,0.07407911340368334,,,2344.73994140625,2357.0699462890625,2363.5849609375,2339.5659765625,,,2353.9562999322598,2355.94152340044,2328.4621535600904,2246.688333477643,48.098571254556745,0.17838365019664704,3.511902505848866,9.610052956557533,-6.098150450708667,-3.7359072239594004,-91.10009765625,38.9071044921875,0.18040770214200863,0.15819433411645295,,,2433.994753475838,2293.175168399162,0.0595788124412339,212557.75,0.807060669394549,-0.009252146994784827,2858705,-0.006847673708045366,0.0033484526017756944,,-0.04351725652063708,0.09222034044050302,0.000844131160588281,0.01618812370318449,0.010266427455181462,False,False,False,False,False,False,GOLD,79.60525749550307,-0.9991908830424929,18.0327868852459,98.99,-0.3323,4.133,-0.3136,3.57,-0.5017,90.9,12.2084,6740.02,-1.3277,24450.4492,-1.2737,29.49,24.1684,19.88,11.3102,91.7869,-0.3648,635,999,central_bank,high,0.011970733077135032,1,-0.009542431317895561,0,-0.008860784507459751,0,-0.00021300162767357023,0,0.00937207161763709,1,0.09069615546622711,1
2024-06-05,2375.5,2375.5,2377.60009765625,2345.300048828125,2347.10009765625,171862,valid,,83.62940216064453,63871.2,2026-10-03T13:44:11.057201+00:00,0.011970733077135032,0.014650627688146178,0.022072132306112158,0.08539700904879766,,,2351.599951171875,2352.0299560546873,2366.1499633789062,2343.547978515625,,,2358.265039945808,2357.8042354575414,2330.3067749891065,2247.970041602244,46.98572332474012,0.14794064078825503,4.808865849248377,8.649815535095701,-3.840949685847324,-2.077575513113994,-50.39990234375,38.428536551339285,0.18443785637801022,0.15971580396866694,,,2434.2172893626935,2298.082637395119,0.057534245113151694,210919.7,0.814821944085826,0.0018362314700928195,3030567,0.00395158242960128,0.013634037697235242,,-0.03206745690556464,0.10529501859732833,-0.0001277177728432781,0.013597157999625933,0.009644344844003382,False,False,False,False,False,False,GOLD,79.32082287804522,-1.045260727570694,17.741935483870968,98.99,-0.3323,4.133,-0.3136,3.57,-0.5017,90.9,12.2084,6740.02,-1.3277,24450.4492,-1.2737,29.49,24.1684,19.88,11.3102,91.7869,-0.3648,634,999,central_bank,high,0.006482804606924963,1,-0.020416754367501566,0,-0.008713934401967993,0,-0.0027362660492528112,0,0.009345380413334103,1,0.06402866666228157,1
2024-06-06,2390.89990234375,2390.89990234375,2397.800048828125,2372.199951171875,2375.300048828125,172202,valid,,83.38079833984375,64094.17,2026-10-03T13:44:11.057201+00:00,0.006482804606924963,0.020487430961938502,0.029539616790793977,0.10378089402735191,,,2361.199951171875,2351.8299560546875,2369.5799560546875,2347.8219775390626,,,2364.7920124253965,2360.956203732418,2332.6829760618375,2249.392229271313,50.823657339480285,0.2529309617378345,6.99868556908541,8.319589541893643,-1.3209039728082335,-0.0835805959973901,-2.0,38.29282924107143,0.18522039552453495,0.15815928445841576,,,2435.2136470081095,2303.9462651012655,0.055396899172521184,208795.15,0.824741379289697,0.0019783314519790096,3202769,0.008997352562245197,0.01834803712410191,,-0.02579253935600218,0.11246043023589916,-8.417224663225251e-05,0.010707306328945032,0.00926730336617,False,False,False,False,False,False,GOLD,76.51614305742876,-1.6278782565766379,9.523809523809524,98.99,-0.3323,4.133,-0.3136,3.57,-0.5017,90.9,12.2084,6740.02,-1.3277,24450.4492,-1.2737,29.49,24.1684,19.88,11.3102,91.7869,-0.3648,633,999,central_bank,high,-0.027562802725095148,0,-0.02689355778737046,0,-0.03049057063086902,0,-0.024969657288183567,0,-0.011460079243338694,0,0.05525120375250969,1
2024-06-07,2325.0,2325.0,2406.699951171875,2304.199951171875,2395.699951171875,314551,valid,,83.47309875488281,62396.55,2026-10-03T13:44:11.057201+00:00,-0.027562802725095148,0.0009040844395107328,-0.006537644109261276,0.06612249997397157,,,2361.619970703125,2350.6099609375,2368.8149536132814,2350.5099755859374,,,2356.8336099403173,2357.53180337695,2332.3816828829417,2250.1445453979672,37.23053793218861,0.0,3.3776269225154465,7.331197018018004,-3.953570095502558,-0.5219900490652463,-12.199951171875,42.0714111328125,0.21020006013240777,0.16874882288512,,,2436.218399618799,2301.4115076077637,0.05690900076654374,212068.1,1.4832546714946686,0.8266396441388602,2888218,-0.018496570847135872,-0.010852953550885207,,-0.05264442740703734,0.08179790285784544,0.0020076327007323073,0.044086021505357384,0.007787662344540021,False,False,False,False,False,False,GOLD,79.25686287651503,-1.002532115405834,18.75,98.99,-0.3323,4.133,-0.3136,3.57,-0.5017,90.9,12.2084,6740.02,-1.3277,24450.4492,-1.2737,29.49,24.1684,19.88,11.3102,91.7869,-0.3648,632,999,central_bank,high,0.0008602150537635467,1,0.012817225302419244,1,0.010365633400537533,1,0.008344044018817165,1,0.018451570900537728,1,0.08645161290322578,1
2024-06-10,2327.0,2327.0,2331.300048828125,2304.5,2311.0,142888,valid,,83.52760314941406,62491.0,2026-10-03T13:44:11.057201+00:00,0.0008602150537635467,-0.01785339465512059,-0.020210526315789457,0.07358708189158025,,,2353.1599609375,2349.8599609375,2366.4149536132813,2352.7019775390627,,,2350.866887952254,2354.624012579145,2332.170636495375,2250.90927628953,33.732136496402376,0.0,0.6616678470259103,5.997291183819586,-5.335623336793676,-0.32126793745984594,-7.5,40.907139369419646,0.20262817652026918,0.16807803677596445,,,2436.2649463881958,2296.564960838367,0.05903444167155121,205450.45,0.695486429939673,-0.5457398005410887,3031106,-0.016655977242318366,-0.010924451028827777,,-0.05182949788222654,0.08272848169901308,-0.006021505376341496,0.011516995628755257,0.005828607365118411,False,False,False,False,False,False,GOLD,78.16856697552939,-1.2202811604782136,18.461538461538463,98.99,-0.3323,4.133,-0.3136,3.57,-0.5017,90.9,12.2084,6740.02,-1.3277,24450.4492,-1.2737,29.49,24.1684,19.88,11.3102,91.7869,-0.3648,629,999,central_bank,high,-0.00017185317737433703,0,-0.0038676407391491363,0,0.0008594757198108205,1,0.001633024850934639,1,0.022647164233723593,1,0.0928663934921572,1
2024-06-11,2326.60009765625,2326.60009765625,2337.300048828125,2314.5,2329.5,145501,valid,,83.52980041503906,62481.9,2026-10-03T13:44:11.057201+00:00,-0.00017185317737433703,-0.008860784507459751,-0.006999531516752033,0.076382187210849,,,2349.0,2346.869970703125,2365.5949584960936,2354.0919775390626,,,2346.013529893053,2351.955068300774,2331.9521839918802,2251.662418790692,34.97733665847201,0.03978462850937487,-1.505661733523084,4.496700600351052,-6.002362333874136,-1.2688267491512861,-29.89990234375,40.392857142857146,0.19714473416822229,0.1678977458421828,,,2436.970712809279,2294.219204182908,0.060344865089272844,200571.75,0.7254311736323749,0.018287049997200544,2885605,-0.016484166361521894,-0.011678337186952454,,-0.051992443995707995,0.08254241136919953,0.0010743446497631826,0.00979972830358054,0.004886377026377362,False,False,False,False,False,False,GOLD,79.8613305832802,-0.8346675175644903,24.242424242424242,98.99,-0.3323,4.133,-0.3136,3.57,-0.5017,90.9,12.2084,6740.02,-1.3277,24450.4492,-1.2737,29.49,24.1684,19.88,11.3102,91.7869,-0.3648,628,999,central_bank,high,0.012120669641629833,1,0.009670763799359383,1,0.008725094058041893,1,-0.0057595400678758235,0,0.04096097338923954,1,0.08510272143436226,1
2024-06-12,2354.800048828125,2354.800048828125,2358.800048828125,2327.199951171875,2334.0,241670,valid,,83.5968017578125,63289.95,2026-10-03T13:44:11.057201+00:00,0.012120669641629833,-0.008713934401967993,-0.002161046538694311,0.08801921900946574,,,2344.860009765625,2348.22998046875,2365.3399658203125,2355.5519775390626,,,2347.770833680068,2352.2260188271885,2332.8481786913408,2252.688663865691,44.15108086775252,0.49126904470938276,-0.9369846819686245,3.409963543887117,-4.3469482258557415,0.5809028677555839,13.60009765625,38.94285365513393,0.20036135099435642,0.16936057141633448,,,2436.837721291603,2293.842210349022,0.06045452789401835,203051.45,1.1901909589909296,0.6609507838434101,3127275,-0.004455983978830605,-0.00031921550367266404,,-0.04050195759161607,0.09566355031045325,0.003180564786875608,0.0134194398679253,0.004155284355674312,False,False,False,False,False,False,GOLD,78.03552499707425,-1.2165117420393734,17.91044776119403,98.99,-0.3323,4.133,-0.3136,3.57,-0.5017,90.9,12.2084,6740.02,-1.3277,24450.4492,-1.2737,29.49,24.1684,19.88,11.3102,91.7869,-0.3648,627,999,central_bank,high,-0.015627674564742233,0,-0.010956364996240087,0,0.006030215252858406,1,-0.007728873277768167,0,0.02798534948924658,1,0.07554777418672232,1
2024-06-13,2318.0,2318.0,2342.39990234375,2310.89990234375,2340.89990234375,182657,valid,,83.5343017578125,62254.3,2026-10-03T13:44:11.057201+00:00,-0.015627674564742233,-0.03049057063086902,-0.03210986073718258,0.07329724147200634,,,2330.280029296875,2345.739990234375,2361.494970703125,2355.6119775390625,,,2341.8166669440543,2348.9663979865036,2332.2658971740334,2253.3385279068284,46.87093414013256,0.6195142556681857,-3.4163785260770965,2.0446951298942744,-5.46107365597137,-1.062781312972061,-24.89990234375,37.450020926339285,0.19956259537359353,0.17280805666744023,,,2434.5533693995094,2288.436572006741,0.06187470191782838,199692.15,0.9146929411095984,-0.24418835602267552,2944618,-0.018418404969186206,-0.015966966502836463,,-0.05549668074387514,0.0785408769137587,-0.005902898843273999,0.013589301121650738,0.002497437277512103,False,False,False,False,False,False,GOLD,79.95860704453654,-0.7821030003172174,26.47058823529412,98.99,-0.3323,4.133,-0.3136,3.57,-0.5017,90.9,12.2084,6740.02,-1.3277,24450.4492,-1.2737,29.49,24.1684,19.88,11.3102,91.7869,-0.3648,626,999,central_bank,high,0.013416780697260489,1,0.012467602391609045,1,0.005694543214786352,1,0.009318420041522835,1,0.04784292594639772,1,0.0971096193512726,1
2024-06-14,2349.10009765625,2349.10009765625,2352.300048828125,2316.699951171875,2319.60009765625,163367,valid,,83.52210235595703,63080.34,2026-10-03T13:44:11.057201+00:00,0.013416780697260489,0.010365633400537533,-0.015258814648396513,0.08704308082195733,,,2335.100048828125,2348.360009765625,2359.6749755859373,2356.4239794921873,,,2343.2733530864934,2348.979131288384,2332.9260618988264,2254.291379347121,52.17781759384697,0.8697418671965946,-2.8390710008652604,1.0679419037423674,-3.907012904607628,1.1279089247911545,26.2001953125,38.3714599609375,0.20621430607795949,0.1745929614932825,,,2432.0255977374864,2287.3243534343883,0.061322532043679275,198309.2,0.8237994001286838,-0.10560777851382641,3107985,-0.0044814976804409086,-0.0031080492728275916,,-0.0428244868415865,0.09301142333233547,0.0006902923452326617,0.015154781054989467,0.0013796312217333796,False,False,False,False,False,False,GOLD,79.8959276049633,-0.7866342499787539,26.08695652173913,98.99,-0.3323,4.133,-0.3136,3.57,-0.5017,90.9,12.2084,6740.02,-1.3277,24450.4492,-1.2737,29.49,24.1684,19.88,11.3102,91.7869,-0.3648,625,999,central_bank,high,-0.008556509650782584,0,0.008471287521380821,1,-0.002000849311270092,0,-0.004342171422442531,0,0.05052996732250992,1,0.08228674669093894,1
2024-06-17,2329.0,2329.0,2348.699951171875,2324.300048828125,2348.5,122702,valid,,83.55180358886719,62562.83,2026-10-03T13:44:11.057201+00:00,-0.008556509650782584,0.0008594757198108205,-0.03656817486343211,0.06605028244300648,,,2335.500048828125,2344.3300048828123,2355.25498046875,2356.0959814453126,,,2340.418682469195,2347.0763568799666,2332.772098687108,2255.034748706851,45.87459108495617,0.5972597280233605,-3.957837043424661,0.06278611430896175,-4.020623157733622,-1.7009263494531912,-40.300048828125,37.878609793526785,0.2010087909063694,0.1746329536790895,,,2423.4381228805255,2287.0718380569747,0.05789873536170291,193516.65,0.6340643040275831,-0.24891808015082606,2985283,-0.01114740471263693,-0.011500372505486602,,-0.05101456835741574,0.08365906054018073,-0.000255458529352783,0.010476557468329551,0.0003569468235527051,False,False,False,False,False,False,GOLD,79.42028778611113,-0.880972126547856,22.857142857142858,98.99,-0.3323,4.133,-0.3136,3.57,-0.5017,90.9,12.2084,6740.02,-1.3277,24450.4492,-1.2737,29.49,24.1684,19.88,11.3102,91.7869,-0.3648,622,999,central_bank,high,0.007685660087483948,1,0.0009445904559359786,1,0.000772884855356315,1,0.0018891809118719571,1,0.05620433763149424,1,0.1080292390108415,1
2024-06-18,2346.89990234375,2346.89990234375,2348.199951171875,2320.199951171875,2333.699951171875,154251,valid,,83.51010131835938,63012.2,2026-10-03T13:44:11.057201+00:00,0.007685660087483948,0.008725094058041893,-0.037564116324072194,0.086527732566551,,,2339.560009765625,2344.2800048828126,2350.6749755859373,2356.0139794921874,,,2341.7149264441064,2347.0595516860412,2333.326130203055,2255.948829837567,50.848459167334745,0.8419129879092037,-3.3613471514163393,-0.6220405388360986,-2.7393066125802408,-0.021300162767357023,-0.5,37.77146693638393,0.20031834726377493,0.17318950007124848,,,2406.4999171492914,2294.8500340225833,0.047496946318080574,187157.7,0.8241766168316835,0.2571188733679972,3139534,-0.0016059528779578404,-0.0038684308445393924,,-0.04372098890183978,0.09198769573021111,0.002018012525492908,0.011930632393833946,0.0022661172440914903,False,False,False,False,False,False,GOLD,79.54244938210093,-0.8434507103908889,23.943661971830984,98.99,-0.3323,4.133,-0.3136,3.57,-0.5017,90.9,12.2084,6740.02,-1.3277,24450.4492,-1.2737,29.49,24.1684,19.88,11.3102,91.7869,-0.3648,621,999,central_bank,high,0.009416719321595046,1,-0.0010652350351642026,0,-0.014359347468641648,0,0.009587115316477712,1,0.04665729454019196,1,0.11240362171589813,1
2024-06-20,2369.0,2369.0,2379.5,2338.5,2344.199951171875,252687,valid,,83.41950225830078,63536.56,2026-10-03T13:44:11.057201+00:00,0.009416719321595046,0.006030215252858406,-0.02345517318697976,0.08849481083363409,,,2342.4,2343.6300048828125,2347.82998046875,2356.1459814453124,,,2347.1719411552854,2349.149118192133,2334.72510548921,2257.073717102865,53.66265453204934,0.9803368581305069,-1.0927350622910126,-0.7161794435270814,-0.3765556187639312,-0.2736266049252811,-6.5,38.65004185267857,0.203761826342248,0.173506218015039,,,2392.1212447787407,2303.538716158759,0.03772953295462139,188321.0,1.341788754307797,0.6381546959176927,3392221,0.009016845217648353,0.005455527227900043,,-0.03471597786119974,0.10227063736353349,-0.0011504330326050642,0.01730688054030506,0.0035294930967977264,False,False,False,False,False,False,GOLD,76.97556770115725,-1.386808764940735,12.5,98.99,-0.3323,4.133,-0.3136,3.57,-0.5017,90.9,12.2084,6740.02,-1.3277,24450.4492,-1.2737,29.49,24.1684,19.88,11.3102,91.7869,-0.3648,619,999,central_bank,high,-0.01595612023137405,0,-0.01612492662383913,0,-0.013676615594660158,0,0.012114795766937636,1,0.012705824253376852,1,0.10126631589014345,1
2024-06-21,2331.199951171875,2331.199951171875,2382.60009765625,2329.199951171875,2373.800048828125,194824,valid,,83.60160064697266,62659.25,2026-10-03T13:44:11.057201+00:00,-0.01595612023137405,0.005694543214786352,-0.02578459345977757,0.07073305321227363,,,2345.039990234375,2337.660009765625,2344.744982910156,2355.801982421875,,,2343.977543158603,2347.439673714013,2334.586864143432,2257.811291571213,51.109334568936546,0.8547448556565661,-2.3182681176440383,-1.0365971783504728,-1.2816709392935655,-2.4969657288183567,-59.699951171875,39.96433803013393,0.20583623257886674,0.17713761732784522,,,2384.1432657079176,2305.3467001123945,0.03360560153441164,185369.6,1.051002969203143,-0.2289908068084231,3197397,-0.005776761156116865,-0.010443166035838673,,-0.05011816577586421,0.08468267454625514,0.002026191991609529,0.022906720831693688,0.004693518213422635,False,False,False,False,False,False,GOLD,78.82865974711852,-0.9633243193868702,20.54794520547945,98.99,-0.3323,4.133,-0.3136,3.57,-0.5017,90.9,12.2084,6740.02,-1.3277,24450.4492,-1.2737,29.49,24.1684,19.88,11.3102,91.7869,-0.3648,618,999,central_bank,high,0.005662299008388105,1,-0.007721345391651813,0,0.003603357352573777,1,0.013855546287176335,1,0.027239190687216253,1,0.11204527996003599,1
2024-06-24,2344.39990234375,2344.39990234375,2347.5,2329.5,2333.5,117625,valid,,83.5625,62984.57,2026-10-03T13:44:11.057201+00:00,0.005662299008388105,-0.002000849311270092,0.0030805884486968527,0.07020898284997434,,,2344.099951171875,2339.6,2345.10498046875,2355.2359814453125,,,2344.0620149956326,2347.15017167875,2334.9716891708954,2258.6728697878552,46.34788269509936,0.6329863667115905,-2.1990370206040097,-1.2690851468011803,-0.9299518738028294,0.8344044018817165,19.39990234375,37.49290248325893,0.18971687110350377,0.17708166334573922,,,2384.344238139261,2305.865722798239,0.03346481969660139,177567.95,0.6624224698207043,-0.39624994867162155,3315022,-0.000300659514551355,-0.00460084644890159,,-0.04473965080785328,0.09082447217875156,0.000986637301089423,0.007677870990353357,0.00430148021530362,False,False,False,False,False,False,GOLD,79.50082664008396,-0.805263298495562,25.675675675675674,98.99,-0.3323,4.133,-0.3136,3.57,-0.5017,90.9,12.2084,6740.02,-1.3277,24450.4492,-1.2737,29.49,24.1684,19.88,11.3102,91.7869,-0.3648,615,999,central_bank,high,-0.00580099559892866,0,-0.003326994118922455,0,-0.0023460161359423193,0,0.01002388712629898,1,0.026829956110086872,1,0.10842868362960179,1
2024-06-25,2330.800048828125,2330.800048828125,2349.699951171875,2327.10009765625,2346.800048828125,144271,valid,,83.46040344238281,62542.69,2026-10-03T13:44:11.057201+00:00,-0.00580099559892866,0.000772884855356315,-0.0015849009089204946,0.05114104423136001,,,2344.4599609375,2339.9800048828124,2344.9199829101562,2354.36998046875,,,2341.4096217621313,2345.5930171215477,2334.8080954319635,2259.39055316139,47.504530843871045,0.6910203900442965,-3.1654506920258427,-1.648358255846113,-1.5170924361797298,0.1633024850934639,3.800048828125,36.392892020089285,0.19087732235270677,0.17613352494637477,,,2384.403884635976,2305.4360811843367,0.033676118599835,175864.35,0.8203538693316706,0.2265334750265675,3170751,-0.006021499319777098,-0.010011141764525106,,-0.05028111188934567,0.08449660421644159,0.0010237786147211895,0.009696178583391576,0.004013811608619022,False,False,False,False,False,False,GOLD,80.82671766759799,-0.506459106230034,34.66666666666667,98.99,-0.3323,4.133,-0.3136,3.57,-0.5017,90.9,12.2084,6740.02,-1.3277,24450.4492,-1.2737,29.49,24.1684,19.88,11.3102,91.7869,-0.3648,614,999,central_bank,high,-0.007551097171590859,0,0.0037755485857955406,1,0.001115433954504974,1,0.0209798787194706,1,0.03642521905147378,1,0.12176078723304196,1
2024-06-26,2313.199951171875,2313.199951171875,2335.800048828125,2304.699951171875,2331.800048828125,191628,valid,,83.41459655761719,62036.36,2026-10-03T13:44:11.057201+00:00,-0.007551097171590859,-0.014359347468641648,-0.018374728974379417,0.024854836333523034,,,2337.719970703125,2338.639990234375,2342.75498046875,2352.9739794921875,,,2335.76768764408,2342.507963221579,2333.9607172256856,2259.925970057017,40.32907836682657,0.3309970096258492,-5.2905352824759575,-2.3767936611720817,-2.913741621303876,-0.5759540067875824,-13.400146484375,36.307181222098215,0.18925315523481903,0.17333595521514925,,,2384.262029356095,2301.2479315814053,0.03543439175958738,169634.6,1.1296516158849603,0.3282503067144471,2979123,-0.012615501639419824,-0.01690372637647251,,-0.057452531499161415,0.07630746497574639,0.00042903723144434845,0.013444621439007527,0.004343014037766149,False,False,False,False,False,False,GOLD,80.01660103590547,-0.6807165893165034,32.89473684210527,98.99,-0.3323,4.133,-0.3136,3.57,-0.5017,90.9,12.2084,6740.02,-1.3277,24450.4492,-1.2737,29.49,24.1684,19.88,11.3102,91.7869,-0.3648,613,999,central_bank,high,0.010115920360676212,1,0.011110129566990201,1,0.024295327839430447,1,0.046991160931335596,1,0.01742177489140473,1,0.14395642704008416,1
2024-06-27,2336.60009765625,2336.60009765625,2342.0,2306.800048828125,2309.39990234375,140228,valid,,83.58039855957031,62788.47,2026-10-03T13:44:11.057201+00:00,0.010115920360676212,-0.013676615594660158,-0.001964741846728013,0.024016148503576806,,,2331.239990234375,2336.8199951171873,2342.5249877929687,2351.54998046875,,,2335.9341696465144,2341.945309358214,2334.06422234061,2260.6888966997954,41.7752516474495,0.40355775681585193,-5.028518244530915,-2.9071385778438485,-2.121379666687066,-0.7728873277768167,-18.199951171875,36.992885044642854,0.19186051883774166,0.1731305848855479,,,2384.1192011899793,2300.930774395958,0.035512290040655044,170680.15,0.8215835291918785,-0.2682280251320266,3119351,-0.0025292751059609055,-0.00635745909577212,,-0.047917796371654,0.08719530557503773,-0.001642767122746237,0.015064602285674642,0.0038378910721594164,False,False,False,False,False,False,GOLD,80.8008906824742,-0.5008956945134826,35.064935064935064,98.99,-0.3323,4.133,-0.3136,3.57,-0.5017,90.9,12.2084,6740.02,-1.3277,24450.4492,-1.2737,29.49,24.1684,19.88,11.3102,91.7869,-0.3648,612,999,central_bank,high,0.001283916748531011,1,-0.0013695947867630176,0,0.0261490417538337,1,0.03599240349257116,1,0.01900192608409368,1,0.13519639182614807,1
2024-06-28,2339.60009765625,2339.60009765625,2350.60009765625,2329.699951171875,2338.60009765625,135383,valid,,83.45089721679688,62771.67,2026-10-03T13:44:11.057201+00:00,0.001283916748531011,0.003603357352573777,-0.0014084275150633152,0.010626392076133806,,,2332.92001953125,2338.9800048828124,2342.359997558594,2350.573984375,,,2336.6673552484617,2341.721955862789,2334.281315490243,2261.474082778964,52.73205220512183,0.9533076698650595,-4.526612949907303,-3.2310334522565394,-1.2955794976507637,0.9318420041522835,21.60009765625,31.164324079241073,0.19189983775536762,0.1706341030975032,,,2383.974122891717,2300.745872225471,0.035531793043322935,175819.95,0.7700093191927266,-0.034550874290441236,3254734,-0.0011782560772978343,-0.004668598730221627,,-0.046695402084437794,0.08859117383678919,0.0008559444990202919,0.008933213203958781,0.0034944600216812124,False,False,False,False,False,False,GOLD,80.02189474465297,-0.6700299058993088,33.33333333333333,98.99,-0.3323,4.133,-0.3136,3.57,-0.5017,90.9,12.2084,6740.02,-1.3277,24450.4492,-1.2737,29.49,24.1684,19.88,11.3102,91.7869,-0.3648,611,999,central_bank,high,-0.0002992799124950096,0,0.012737136024807194,1,0.010215379272591196,1,0.03816883268938054,1,0.016327555811842753,1,0.14421263816912488,1
2024-07-01,2338.89990234375,2338.89990234375,2348.800048828125,2328.199951171875,2336.199951171875,142601,valid,,83.36750030517578,62690.17,2026-10-03T13:44:11.057201+00:00,-0.0002992799124950096,-0.0023460161359423193,0.006887942086465371,0.013168681976932994,,,2331.82001953125,2337.9599853515624,2343.1599975585937,2349.391982421875,,,2337.1138646675195,2341.453188860976,2334.4624365433215,2262.244488943788,52.23766168898421,0.9237372971854052,-4.137653009534006,-3.412357363712033,-0.7252956458219728,-0.4342171422442531,-10.2001953125,30.721470424107142,0.18924962293088857,0.17052055714679962,,,2383.8027809084706,2302.5172142087167,0.03469057460199601,173779.7,0.8205849129673902,0.053315408877037784,3112133,-0.0018180983028391394,-0.004465870385453891,,-0.046980707001082984,0.08826538036554056,-0.0014533024202639264,0.008807601229791141,0.002652594760647205,False,False,False,False,False,False,GOLD,79.82593730942939,-0.7075257839975617,27.848101265822784,98.99,-0.3323,4.133,-0.3136,3.57,-0.5017,90.9,12.2084,6740.02,-1.3277,24450.4492,-1.2737,29.49,24.1684,19.88,11.3102,91.7869,-0.3648,608,999,central_bank,high,-0.002351532869999562,0,0.025140045013984036,1,0.012398991496361145,1,0.05511144207377483,1,0.028261191336154567,1,0.14784730568486837,1
2024-07-02,2333.39990234375,2333.39990234375,2346.10009765625,2327.39990234375,2341.60009765625,153709,valid,,83.44129943847656,62598.12,2026-10-03T13:44:11.057201+00:00,-0.002351532869999562,0.001115433954504974,-0.015152216158578757,-0.005116398268802058,,,2332.339990234375,2338.3999755859377,2341.364990234375,2347.7839794921874,,,2336.3710722027654,2340.6862091926687,2334.420768535495,2262.952503007469,51.25457425014729,0.8193972680035904,-4.224506013405971,-3.5747870936508206,-0.6497189197551507,0.1889180911871957,4.39990234375,30.428623744419642,0.17466991614710875,0.1674178810988444,,,2380.2811927452444,2302.4487877235056,0.03324232033294153,172807.7,0.8894800405305961,0.07789566693080685,2958424,-0.0034018992868874655,-0.006126661257626648,,-0.04922176319431268,0.08570628855232955,0.0011544723695926665,0.008014140779601836,0.0027340629776330975,False,False,False,False,False,False,GOLD,79.49442480559847,-0.7748388148318527,23.75,98.99,-0.3323,4.133,-0.3136,3.57,-0.5017,90.9,12.2084,6740.02,-1.3277,24450.4492,-1.2737,29.49,24.1684,19.88,11.3102,91.7869,-0.3648,607,999,central_bank,high,0.015428131270529555,1,0.012899673830454983,1,0.019842311976451033,1,0.054212739047832637,1,0.03989890355388148,1,0.15492415150823335,1
2024-07-03,2369.39990234375,2369.39990234375,2374.5,2335.699951171875,2338.60009765625,193642,valid,,83.4791030883789,63592.69,2026-10-03T13:44:11.057201+00:00,0.015428131270529555,0.024295327839430447,0.00937207161763709,0.007826415288706867,,,2343.57998046875,2340.6499755859377,2342.464990234375,2348.2439794921875,,,2342.9768382309626,2343.420846635629,2335.7924992730736,2264.0116811103176,52.61833310419653,0.9216773192852544,-1.3726158481954371,-3.134352844559744,1.761736996364307,0.9587115316477712,22.5,31.064348493303573,0.1805305974737296,0.17033011347947388,,,2383.2960220804716,2301.633958388278,0.034861594103905005,173912.45,1.1134452996320785,0.2597961082304874,3152066,0.011498533477193451,0.00900925246112141,,-0.03455303174771828,0.10245670769334705,0.0022285915531557662,0.016375474984078712,0.0024609833170145343,False,False,False,False,False,False,GOLD,77.56317520717376,-1.1953887679117436,14.814814814814813,98.99,-0.3323,4.133,-0.3136,3.57,-0.5017,90.9,12.2084,6740.02,-1.3277,24450.4492,-1.2737,29.49,24.1684,19.88,11.3102,91.7869,-0.3648,606,999,central_bank,high,0.011943973155452259,1,-0.0006330716898047539,0,0.02215750914316672,1,0.036718158008676394,1,0.04701618598624102,1,0.1260657582609983,1
2024-07-05,2397.699951171875,2397.699951171875,2401.5,2356.0,2365.800048828125,293254,valid,,83.49340057373047,64363.26,2026-10-03T13:44:11.057201+00:00,0.011943973155452259,0.0261490417538337,0.009345380413334103,0.014942452712220167,,,2355.799951171875,2343.519970703125,2343.574987792969,2349.3559765625,,,2353.921460819145,2348.5902851628907,2338.2202424847915,2265.341912653219,64.74283995588678,0.9999999999590395,3.134967131898975,-1.8804888492680005,5.015455981166975,1.2114795766937636,28.699951171875,31.178623744419642,0.18050812537203687,0.17177408214902812,,,2389.1220014812707,2298.027974104667,0.03886968748644625,179982.05,1.6293513714284198,0.5144131954844506,3445320,0.02309504225843208,0.0205775434168515,,-0.023021759075905104,0.11562442101507912,-0.0015193102321235843,0.018976519550639736,0.002460669573789864,False,False,False,False,False,False,GOLD,76.38906313865613,-1.4338692089864185,6.097560975609756,98.99,-0.3323,4.133,-0.3136,3.57,-0.5017,90.9,12.2084,6740.02,-1.3277,24450.4492,-1.2737,29.49,24.1684,19.88,11.3102,91.7869,-0.3648,604,999,central_bank,high,-0.014263649275698453,0,-0.007507194547508922,0,0.009592526366261511,1,0.0005839540029564105,1,0.03007052555554801,1,0.10914624702893683,1
2024-07-08,2363.5,2363.5,2399.300048828125,2358.300048828125,2396.199951171875,240781,valid,,83.47209930419922,63429.02,2026-10-03T13:44:11.057201+00:00,-0.014263649275698453,0.010215379272591196,-0.011460079243338694,0.006429951577318516,,,2360.579931640625,2346.7499755859376,2342.2049926757813,2349.857978515625,,,2355.8371686553164,2350.01025800452,2339.2116055246033,2266.3186100397543,52.63348240118302,0.5039946011173487,3.9026218845651783,-0.7238667025013648,4.626488587066543,1.3855546287176335,32.300048828125,31.5643310546875,0.1863565275540024,0.17390254085317663,,,2383.176974135312,2301.233011216251,0.03498582027417321,183411.0,1.3127947614919426,-0.17893362068377583,3204539,0.009091863176280624,0.0058054663767326264,,-0.03695703405442943,0.0997115455503225,-0.0006255995456254858,0.01734715464352979,0.0032567865419145595,False,False,False,False,False,False,GOLD,77.19315427418704,-1.23363980774911,14.457831325301203,98.99,-0.3323,4.133,-0.3136,3.57,-0.5017,90.9,12.2084,6740.02,-1.3277,24450.4492,-1.2737,29.49,24.1684,19.88,11.3102,91.7869,-0.3648,601,999,central_bank,high,0.0018616045456949504,1,0.024709076515231576,1,0.02767078584461613,1,0.013200740923154264,1,0.034228856502538596,1,0.1382695362082187,1
2024-07-09,2367.89990234375,2367.89990234375,2378.300048828125,2356.0,2366.5,252489,valid,,83.45760345458984,63536.06,2026-10-03T13:44:11.057201+00:00,0.0018616045456949504,0.012398991496361145,0.018451570900537728,-0.002023032379527945,,,2366.379931640625,2349.0999755859375,2344.349987792969,2350.3659765625,,,2358.249715393003,2351.714033655875,2340.336636772413,2267.3293691671574,57.547511226481234,0.7052757026457143,4.810575830633752,0.38302180412565856,4.427554026508093,1.002388712629898,23.5,31.385759626116073,0.15659750961814284,0.17264557333497854,,,2386.0154146730865,2302.6845609128513,0.035545398167553234,180307.9,1.4003213392202927,0.04862509915649493,3457028,0.0100453919736368,0.007460083219417087,,-0.03516422889132638,0.10175877356247132,0.0012693039983070577,0.009417648442842947,0.002559596603047711,False,False,False,False,False,False,GOLD,76.94982294233613,-1.2680161824824379,10.714285714285714,98.99,-0.3323,4.133,-0.3136,3.57,-0.5017,90.9,12.2084,6740.02,-1.3277,24450.4492,-1.2737,29.49,24.1684,19.88,11.3102,91.7869,-0.3648,600,999,central_bank,high,0.0049833393786811175,1,0.022298260486375954,1,0.04218934524449014,1,0.016639278731916285,1,0.026901557472699622,1,0.12745473257944862,1
2024-07-10,2379.699951171875,2379.699951171875,2393.39990234375,2369.699951171875,2371.0,163900,valid,,83.49299621582031,63879.77,2026-10-03T13:44:11.057201+00:00,0.0049833393786811175,0.019842311976451033,0.022647164233723593,0.002358726795535393,,,2375.63994140625,2353.9899658203126,2346.9849853515625,2351.0159765625,,,2362.5397625487776,2354.3793591335893,2341.880296160627,2268.447484410986,56.51828383734977,0.6631180291821337,6.408428819333949,1.5881032071673167,4.8203256121666325,2.09798787194706,48.89990234375,31.207188197544642,0.15724495036882682,0.17294153642384152,,,2390.648219621994,2303.321751081131,0.0372079366020081,181358.5,0.9037348676792051,-0.3508628098649842,3620928,0.013939145765518428,0.012200671920274544,,-0.030356124799202307,0.10724921144457038,0.0013092182035145197,0.009959218245222085,0.0017145741462929176,False,False,False,False,False,False,GOLD,77.44654559951287,-1.1412028110522812,17.647058823529413,98.99,-0.3323,4.133,-0.3136,3.57,-0.5017,90.9,12.2084,6740.02,-1.3277,24450.4492,-1.2737,29.49,24.1684,19.88,11.3102,91.7869,-0.3648,599,999,central_bank,high,0.01773330757564362,1,0.020674854889855654,1,0.0337017072813659,1,0.015127957615947318,1,0.02214562854696167,1,0.12585620294378375,1
2024-07-11,2421.89990234375,2421.89990234375,2430.39990234375,2376.800048828125,2377.39990234375,303520,valid,,83.49590301513672,65014.83,2026-10-03T13:44:11.057201+00:00,0.01773330757564362,0.02215750914316672,0.04096097338923954,0.016323920412820048,,,2386.13994140625,2364.8599609375,2351.7499755859376,2352.2999755859373,,,2374.4117905077724,2360.8098870583667,2345.0183199325143,2269.9743741416605,59.73497687090479,0.7948753997818637,10.953655284939941,3.461213622721842,7.492441662218099,4.69911609313356,108.699951171875,32.107177734375,0.16771870062691993,0.17653977729343276,,,2405.647283654554,2297.852667517321,0.04583591676676006,189259.45,1.603724411119225,0.8518608907870653,3924448,0.029828820021696716,0.029588031917760133,,-0.013161131721434774,0.12688440227399755,-0.0009665289218463792,0.022131324859352187,0.00023381371666362117,False,False,True,False,False,False,GOLD,77.14531349041552,-1.1912417115518525,13.953488372093023,98.99,-0.3323,4.133,-0.3136,3.57,-0.5017,90.9,12.2084,6740.02,-1.3277,24450.4492,-1.2737,29.49,24.1684,19.88,11.3102,91.7869,-0.3648,598,999,central_bank,high,-0.0004954586152440266,0,0.018952123677760557,1,0.01424501481940399,1,-0.02824224992847857,0,0.017094078266533863,1,0.10153191973227704,1
2024-07-12,2420.699951171875,2420.699951171875,2423.199951171875,2396.10009765625,2421.0,220933,valid,,83.51850128173828,65000.2,2026-10-03T13:44:11.057201+00:00,-0.0004954586152440266,0.009592526366261511,0.02798534948924658,0.0053575471725852974,,,2390.73994140625,2373.2699462890623,2355.044970703125,2354.6559765625,,,2383.669422640593,2366.513702688225,2347.9862270399403,2271.474131127036,69.03444551751352,0.9999999999651633,14.294179570094457,5.627806812196365,8.666372757898092,3.5992403492571157,84.099853515625,30.228585379464285,0.1636121202622964,0.17529149095426907,,,2417.1586618136557,2292.931279592594,0.052749473477748325,188222.6,1.1737857196744643,-0.2720973906167633,3703515,0.027878440235950264,0.028048247925271275,,-0.013650069540580904,0.12632607768850698,-0.000371568760079128,0.011195048565393082,0.00016520211211165338,False,False,False,False,False,False,GOLD,78.37531490667811,-0.9079326874112842,24.137931034482758,98.99,-0.3323,4.133,-0.3136,3.57,-0.5017,90.9,12.2084,6740.02,-1.3277,24450.4492,-1.2737,29.49,24.1684,19.88,11.3102,91.7869,-0.3648,597,999,central_bank,high,0.003387429808434206,1,0.016193643145610892,1,-0.008922978457188924,0,-0.016400194973629878,0,0.02177054250212329,1,0.10133434699718724,1
2024-07-15,2428.89990234375,2428.89990234375,2445.0,2406.10009765625,2419.300048828125,193535,valid,,83.52030181884766,65221.79,2026-10-03T13:44:11.057201+00:00,0.003387429808434206,0.02767078584461613,0.04784292594639772,0.01695695932672625,,,2403.819921875,2382.1999267578126,2360.5899658203125,2357.013974609375,,,2392.7155185812244,2372.4552455125604,2351.159312345972,2273.040556711282,68.36157412810746,0.9765593874187214,17.40262997735863,7.982771445228819,9.41985853212981,3.816883268938054,89.2998046875,31.721435546875,0.15073194275983134,0.17457067015615396,,,2428.3252199814197,2292.8547116592053,0.05738841149190452,188766.5,1.0252613678804183,-0.12401044660598459,3897050,0.028937654362887477,0.030498727843248367,,-0.010308878384596975,0.1301414282180843,-0.0005783047762989877,0.01601544069650536,0.001517170135373751,False,False,False,False,False,False,GOLD,79.18948331315514,-0.7203463104394502,26.136363636363637,98.99,-0.3323,4.133,-0.3136,3.57,-0.5017,90.9,12.2084,6740.02,-1.3277,24450.4492,-1.2737,29.49,24.1684,19.88,11.3102,91.7869,-0.3648,594,999,central_bank,high,0.01601554121140958,1,0.01132199806729961,1,-0.014080428402534872,0,-0.021038270645207136,0,0.030919387655202524,1,0.08501791275990378,1
2024-07-16,2467.800048828125,2467.800048828125,2474.5,2424.5,2427.10009765625,246085,valid,,83.58760070800781,66319.75,2026-10-03T13:44:11.057201+00:00,0.01601554121140958,0.04218934524449014,0.05052996732250992,0.029107610020068897,,,2423.799951171875,2395.08994140625,2366.5249633789062,2360.1779736328126,,,2407.732424630605,2381.535702971186,2355.733458874684,2274.9784621054796,76.82063243222575,0.9999999999725965,22.742850614539748,10.934787279091005,11.808063335448743,5.511144207377483,128.900146484375,33.6785888671875,0.15351184536150791,0.17735944615848453,,,2449.1793586515814,2283.870568106231,0.06985296715790983,192902.4,1.2756969327494045,0.2715271139587154,4143135,0.04279485195228035,0.0455991354879114,,-0.002707597968022749,0.14824125483642484,-0.0007409958252139374,0.020260960779104876,0.002689199635365461,False,False,True,False,True,False,GOLD,79.10883388014477,-0.7319795440419293,25.842696629213485,98.99,-0.3323,4.133,-0.3136,3.57,-0.5017,90.9,12.2084,6740.02,-1.3277,24450.4492,-1.2737,29.49,24.1684,19.88,11.3102,91.7869,-0.3648,593,999,central_bank,high,-0.003201291161383346,0,-0.027838540324406913,0,-0.024515762542726804,0,-0.02544778652466051,0,0.01620876862329057,1,0.0641056601190193,1
2024-07-17,2459.89990234375,2459.89990234375,2488.39990234375,2455.5,2473.199951171875,259540,valid,,83.52960205078125,66061.57,2026-10-03T13:44:11.057201+00:00,-0.003201291161383346,0.0337017072813659,0.05620433763149424,0.01909845578883229,,,2439.83994140625,2407.73994140625,2373.069958496094,2363.2039697265627,,,2418.1659201732336,2388.998960054287,2359.818417442098,2276.818476436209,79.85341652184195,0.9999999999737383,26.037395261845177,13.95530887564184,12.082086386203336,5.421273904783264,126.5,33.80714634486607,0.14951549375996678,0.17706794123291789,,,2463.571281723878,2282.5686352683097,0.07627362430149368,199744.3,1.2993612333368147,0.05467622975801034,3883595,0.0365897109508929,0.04091730288872809,,-0.01145314303104788,0.1445654002561827,0.002188144191954305,0.01337448825148949,0.004174835899022544,False,False,False,False,True,False,GOLD,81.62391655621353,-0.16790499873165027,46.666666666666664,98.99,-0.3323,4.133,-0.3136,3.57,-0.5017,90.9,12.2084,6740.02,-1.3277,24450.4492,-1.2737,29.49,24.1684,19.88,11.3102,91.7869,-0.3648,592,999,central_bank,high,-0.0014228221224226179,0,-0.026505123688062904,0,-0.017968190953527086,0,-0.013577748554698177,0,0.008049127856487148,1,0.0729298563382379,1
2024-07-18,2456.39990234375,2456.39990234375,2478.5,2442.89990234375,2462.5,192770,valid,,83.57209777832031,66001.14,2026-10-03T13:44:11.057201+00:00,-0.0014228221224226179,0.01424501481940399,0.04665729454019196,0.04688032926106245,,,2446.73994140625,2416.43994140625,2378.544958496094,2365.70796875,,,2425.8127166073373,2395.4180974151886,2363.6059266539273,2278.605356295986,76.5278231291046,0.8837158035270356,28.042666478260344,16.772780396165544,11.2698860820948,3.6718158008676394,87.0,33.835728236607146,0.14904676217974308,0.1670216625203933,,,2475.4054880229296,2281.684428969258,0.08144519545936017,201670.25,0.9558673131014568,-0.25726284965708557,3690825,0.03273217248617808,0.03833606463338406,,-0.012859669368194111,0.14293688728413934,0.0010569932759343643,0.014492793955197614,0.005426278270885353,False,False,False,False,True,False,GOLD,81.89364339169781,-0.10659098665018399,47.25274725274725,98.99,-0.3323,4.133,-0.3136,3.57,-0.5017,90.9,12.2084,6740.02,-1.3277,24450.4492,-1.2737,29.49,24.1684,19.88,11.3102,91.7869,-0.3648,591,999,central_bank,high,-0.023326741151889818,0,-0.019988542365913964,0,-0.0418905334777,0,0.009933295658045571,1,0.01465559413418438,1,0.08952131380340766,1
2024-07-19,2399.10009765625,2399.10009765625,2448.39990234375,2395.699951171875,2448.0,254408,valid,,83.67430114746094,64540.38,2026-10-03T13:44:11.057201+00:00,-0.023326741151889818,-0.008922978457188924,0.012705824253376852,0.0243371323271111,,,2442.419970703125,2416.5799560546875,2380.0499633789063,2367.2059716796875,,,2420.47019281712,2395.7687641048137,2364.9978549285283,2279.8043089463367,60.621203008829504,0.32751775996279386,24.723248778405832,18.362874072613604,6.360374705792228,0.05839540029564105,1.400146484375,36.67857142857143,0.17194122119678779,0.1741361361397508,,,2477.220921868295,2282.8790048895175,0.08165455346273187,201756.3,1.260966819871294,0.31974892358769513,3436417,0.008004090069727186,0.013473321019851103,,-0.03588643634142377,0.11627589436152644,-0.00341959887546482,0.021966549550532358,0.0054258023394980395,False,False,False,False,True,False,GOLD,82.47731544586918,0.025400327051684848,47.82608695652174,98.99,-0.3323,4.133,-0.3136,3.57,-0.5017,90.9,12.2084,6740.02,-1.3277,24450.4492,-1.2737,29.49,24.1684,19.88,11.3102,91.7869,-0.3648,590,999,central_bank,high,-0.0018340820746385322,0,0.006919200049986252,1,-0.007544536250876921,0,0.029469362800219834,1,0.057813323965671515,1,0.11108331839107155,1
2024-07-22,2394.699951171875,2394.699951171875,2414.39990234375,2385.199951171875,2403.699951171875,197562,valid,,83.73030090332031,64465.12,2026-10-03T13:44:11.057201+00:00,-0.0018340820746385322,-0.014080428402534872,0.027239190687216253,0.02407631336782745,,,2435.57998046875,2419.699951171875,2383.224963378906,2368.6539697265625,,,2415.3161444880707,2395.6669723969144,2366.162643016503,2280.947549167486,59.830873718756585,0.2998827500369724,21.489810134143227,18.988261284919528,2.501548849223699,1.3200740923154264,31.199951171875,37.2928466796875,0.16075415459116957,0.1741496359094674,,,2477.79002093468,2288.6599058231322,0.0793589014959469,201893.2,0.9785470734031608,-0.22344423131348068,3238855,0.004814899125886557,0.010996110777763041,,-0.037654699746445155,0.11422855275332768,0.0019173245501998071,0.012193574045706002,0.006151592355222513,False,False,False,False,True,False,GOLD,82.22427914855463,-0.032026166745253604,47.31182795698925,98.99,-0.3323,4.133,-0.3136,3.57,-0.5017,90.9,12.2084,6740.02,-1.3277,24450.4492,-1.2737,29.49,24.1684,19.88,11.3102,91.7869,-0.3648,587,999,central_bank,high,0.005261660296975501,1,-0.01720464025220081,0,-0.0070572107939784745,0,0.02075414548179766,1,0.06121856626944422,1,0.11867873093361792,1
2024-07-23,2407.300048828125,2407.300048828125,2413.5,2389.199951171875,2398.0,171191,valid,,83.67130279541016,64758.65,2026-10-03T13:44:11.057201+00:00,0.005261660296975501,-0.024515762542726804,0.026829956110086872,0.02766277431296693,,,2423.47998046875,2423.6399658203127,2386.369970703125,2369.9939697265627,,,2413.7129253560815,2396.774884437982,2367.775874616959,2282.20478797008,62.70197821786665,0.37024469353256156,19.716727133192308,19.133954454574084,0.5827726786182232,1.6639278731916285,39.400146484375,37.692836216517854,0.16061928073102044,0.17440949224546626,,,2479.67368076488,2293.0662606413703,0.0781971875335194,204571.5,0.8368272217782007,-0.13348214737651976,3410046,0.008770676123964238,0.015741001697928688,,-0.03259116568812226,0.12009124489110377,0.0013780635968646943,0.010094316593373636,0.006909722634629688,False,False,False,False,True,False,GOLD,82.63421842878233,0.06147131575967835,48.93617021276596,98.99,-0.3323,4.133,-0.3136,3.57,-0.5017,90.9,12.2084,6740.02,-1.3277,24450.4492,-1.2737,29.49,24.1684,19.88,11.3102,91.7869,-0.3648,586,999,central_bank,high,0.003489345812059952,1,-0.010925122874038018,0,-0.0009554475061156475,0,0.010094316593377783,1,0.05952729029265935,1,0.11797449185374775,1
2024-07-24,2415.699951171875,2415.699951171875,2433.0,2397.0,2410.699951171875,245884,valid,,83.70680236816406,65012.19,2026-10-03T13:44:11.057201+00:00,0.003489345812059952,-0.017968190953527086,0.03642521905147378,0.02918370885522581,,,2414.639990234375,2427.2399658203126,2390.6149658203126,2370.80796875,,,2414.1103305192405,2398.577271745972,2369.655250168132,2283.53309805169,58.79225982566155,0.2262598210911168,18.772945172596337,19.061752598178536,-0.2888074255821991,1.5127957615947318,36.0,37.328543526785715,0.15848665235046244,0.1744901350820094,,,2480.951585246967,2300.278346393658,0.07557605111504755,209652.15,1.1728188811800826,0.4363138249090197,3655930,0.010493109810740387,0.0189353094023576,,-0.029215541723567766,0.12399963058558787,0.0014123301104088217,0.014902513030445364,0.008354534543237398,False,False,False,False,False,False,GOLD,82.96812802770155,0.13757139274985322,50.526315789473685,98.99,-0.3323,4.133,-0.3136,3.57,-0.5017,90.9,12.2084,6740.02,-1.3277,24450.4492,-1.2737,29.49,24.1684,19.88,11.3102,91.7869,-0.3648,585,999,central_bank,high,-0.02574821063423105,0,-0.015688994125849343,0,0.004470774121962284,1,0.006913089998521471,1,0.054559776252091075,1,0.1207931674985423,1
2024-07-25,2353.5,2353.5,2400.800048828125,2351.89990234375,2398.10009765625,294897,valid,,83.74299621582031,63365.63,2026-10-03T13:44:11.057201+00:00,-0.02574821063423105,-0.0418905334777,0.01742177489140473,-0.0017813764511415142,,,2394.060009765625,2420.3999755859377,2392.6299682617187,2371.01796875,,,2401.988264415392,2394.284198246356,2369.0217109458526,2284.229286130778,42.563937006451,0.0,12.857758697762165,17.820953818095262,-4.963195120333097,-2.824224992847857,-68.39990234375,38.635689871651785,0.18390871558641347,0.18239293579357074,,,2477.31710684016,2307.9428296832775,0.07079000071200496,214815.6,1.372791361521224,0.19933383221356404,3361033,-0.016354375219219883,-0.007388374521357166,,-0.05421150443569684,0.0950586513444843,-0.007285612398625867,0.020777627569302834,0.00911507200559238,False,False,False,False,False,False,GOLD,84.63696432808852,0.5201526630150475,60.416666666666664,98.99,-0.3323,4.133,-0.3136,3.57,-0.5017,90.9,12.2084,6740.02,-1.3277,24450.4492,-1.2737,29.49,24.1684,19.88,11.3102,91.7869,-0.3648,584,999,central_bank,high,0.011684724877841557,1,0.021882302953048605,1,0.054089674454270265,1,0.046653940441098385,1,0.0693435101643829,1,0.1599745060548119,1
2024-07-26,2381.0,2381.0,2389.699951171875,2354.60009765625,2363.800048828125,154523,valid,,83.73760223388672,64101.91,2026-10-03T13:44:11.057201+00:00,0.011684724877841557,-0.007544536250876921,0.01900192608409368,0.0339138047540688,,,2390.439990234375,2416.42998046875,2394.849963378906,2371.439970703125,,,2397.790611532314,2393.0190365086078,2369.4914477715056,2285.1921788060936,53.01204819277108,0.28018924698928865,10.270558369071296,16.310874728290468,-6.040316359219172,-1.6400194973629878,-39.699951171875,38.29282924107143,0.18502912068804836,0.17732866038108916,,,2475.5885559095186,2314.1113708482935,0.06742684824953656,215530.35,0.7169431126521127,-0.4760102679918752,3515556,-0.005783228006216849,0.004031318277070555,,-0.04316022607240503,0.10785411041053933,0.004376481337633577,0.014741643643683435,0.009871636206262647,False,False,False,False,False,False,GOLD,85.4630275575034,0.7064714935128817,69.0721649484536,98.99,-0.3323,4.133,-0.3136,3.57,-0.5017,90.9,12.2084,6740.02,-1.3277,24450.4492,-1.2737,29.49,24.1684,19.88,11.3102,91.7869,-0.3648,583,999,central_bank,high,-0.0013439526131352464,0,0.019109617807643753,1,0.037295274602320516,1,0.03880718284071816,1,0.06942463201517213,1,0.15031495268532136,1
2024-07-29,2377.800048828125,2377.800048828125,2402.10009765625,2367.300048828125,2386.89990234375,126409,valid,,83.72779846191406,64008.27,2026-10-03T13:44:11.057201+00:00,-0.0013439526131352464,-0.0070572107939784745,0.016327555811842753,0.028905256957215464,,,2387.060009765625,2411.3199951171873,2396.7599609375,2371.0979736328127,,,2393.7924989914764,2391.5696091104664,2369.817275263922,2286.1136501495967,51.71105164421468,0.2453001424635862,7.871239404174958,14.622947663467368,-6.7517082592924105,-2.1038270645207136,-51.099853515625,39.18568638392857,0.18521190265092477,0.17726898148209236,,,2473.7139617548114,2319.805960120189,0.06421502534377979,215081.65,0.5877256381471847,-0.18194055253910424,3389147,-0.00791064287553896,0.002826570335700254,,-0.044446173386926205,0.1063652069838811,0.0024779094261854354,0.014635397473921839,0.010822828744338795,False,False,False,False,False,False,GOLD,85.83186386688557,0.7857931992038713,74.48979591836735,98.99,-0.3323,4.133,-0.3136,3.57,-0.5017,90.9,12.2084,6740.02,-1.3277,24450.4492,-1.2737,29.49,24.1684,19.88,11.3102,91.7869,-0.3648,580,999,central_bank,high,0.011439124658644051,1,0.04331735128475689,1,0.028009021847084314,1,0.05307424870904143,1,0.07460673677384255,1,0.16065270088133143,1
2024-07-30,2405.0,2405.0,2409.300048828125,2373.800048828125,2380.89990234375,25944,valid,,83.75050354003906,64758.02,2026-10-03T13:44:11.057201+00:00,0.011439124658644051,-0.0009554475061156475,0.028261191336154567,0.041305809798224624,,,2386.6,2405.039990234375,2400.0649658203124,2371.4879736328126,,,2396.0339991931814,2392.8486939570885,2371.1969899594546,2287.2965989043273,54.1516332265268,0.3107497441733483,8.071527039072862,13.312663538588469,-5.241136499515607,-2.544778652466051,-62.800048828125,39.899972098214285,0.1888754341674696,0.17865073763603556,,,2472.07485164204,2328.055079998585,0.06000661386020891,209248.8,0.12398637411540653,-0.7947614489474641,3415091,0.0020562085818367844,0.014131223409004781,,-0.033515474046259444,0.119021056504551,0.0013036645016267993,0.014760914760908623,0.012050237026381184,False,False,False,False,False,False,GOLD,84.78759102138382,0.5386669157999351,61.61616161616161,98.99,-0.3323,4.133,-0.3136,3.57,-0.5017,90.9,12.2084,6740.02,-1.3277,24450.4492,-1.2737,29.49,24.1684,19.88,11.3102,91.7869,-0.3648,579,999,central_bank,high,0.008939708939708968,1,0.026943887246621667,1,0.011060331665800449,1,0.04274430304703736,1,0.061496840891372084,1,0.13488561428014556,1
2024-07-31,2426.5,2426.5,2447.60009765625,2402.800048828125,2407.10009765625,176268,valid,,83.73899841308594,65327.96,2026-10-03T13:44:11.057201+00:00,0.008939708939708968,0.004470774121962284,0.03989890355388148,0.05106986803970304,,,2388.760009765625,2401.7,2404.719970703125,2371.6699755859377,2334.3229833984374,,2402.127199354545,2396.0535802468894,2373.3657354512407,2288.681707372941,50.809876347931336,0.2211331305350013,9.851564051723926,12.62044364121556,-2.7688795894916343,-1.3577748554698177,-33.39990234375,39.271414620535715,0.19010027228599055,0.1794194615938772,,,2470.3376212503317,2339.1023201559183,0.05457404716274989,210376.75,0.837868253027006,5.7941720629047175,3591359,0.009057199824600617,0.023118741215456453,,-0.024875383689504024,0.1290247790471031,0.0008732214786898656,0.018462826634290764,0.013935326355433651,False,False,False,False,False,False,GOLD,84.31788206992815,0.4261749841011222,57.99999999999999,98.99,-0.3323,4.133,-0.3136,3.57,-0.5017,90.9,12.2084,6740.02,-1.3277,24450.4492,-1.2737,29.49,24.1684,19.88,11.3102,91.7869,-0.3648,578,999,central_bank,high,0.022377930693643133,1,0.0073768400345146645,1,0.002431445433237256,1,0.0219245626094684,1,0.045868555049711546,1,0.13286622804193282,1
2024-08-01,2480.800048828125,2480.800048828125,2506.60009765625,2474.0,2493.39990234375,219834,valid,,83.7177963256836,66772.96,2026-10-03T13:44:11.057201+00:00,0.022377930693643133,0.054089674454270265,0.04701618598624102,0.0641730013682642,,,2414.22001953125,2404.1400146484375,2410.2899780273438,2372.5159765625,2337.2759838867187,,2417.861769249261,2404.1246724927214,2377.578845779746,2290.5933326610525,58.91428066531379,0.43847068585861704,15.465539235370215,13.189462760046492,2.2760764753237233,0.9933295658045571,24.400146484375,43.05714634486607,0.19803358199075377,0.18388459390828538,,,2481.92080456923,2338.6591514854576,0.0594375176388372,211686.35,1.0384892554479728,0.24715773708217026,3811193,0.029253770892106363,0.04564102974871028,,-0.010292846015700137,0.1542900173040145,0.02757053465638674,0.013140961389305206,0.015921495087067063,False,False,False,False,False,False,GOLD,87.56486193646691,1.1753945653229543,89.10891089108911,98.99,-0.3323,4.133,-0.3136,3.57,-0.5017,90.9,12.2084,6740.02,-1.3277,24450.4492,-1.2737,29.49,24.1684,19.88,11.3102,91.7869,-0.3648,577,999,central_bank,high,-0.004434053443846175,0,-0.019832292084610348,0,-0.007054175933391527,0,0.004675851857187885,1,0.03204611352597886,1,0.11036764085741702,1
2024-08-02,2469.800048828125,2469.800048828125,2522.5,2453.10009765625,2490.800048828125,309937,valid,,83.743896484375,66497.61,2026-10-03T13:44:11.057201+00:00,-0.004434053443846175,0.037295274602320516,0.03007052555554801,0.06264525458871884,,,2431.980029296875,2411.210009765625,2413.894982910156,2373.3939794921876,2340.0879833984377,,2428.249425165034,2410.3794702389505,2381.195363546349,2292.3764840657,56.01649438922133,0.36076012744712965,18.810214501926566,14.313613108422508,4.496601393504058,2.9469362800219834,70.699951171875,45.2357177734375,0.19605991503589598,0.1840444309162961,,,2489.9768657718955,2337.813100048417,0.06303661377180929,212520.5,1.458386367432782,0.4098683552134792,3501256,0.023159692660095495,0.040619496876167144,,-0.020891952892707278,0.14917183367759249,0.004030957676222131,0.028099401154620143,0.017064593475802595,False,False,False,False,False,False,GOLD,87.43893023403861,1.1329320772261708,87.25490196078431,98.99,-0.3323,4.133,-0.3136,3.57,-0.5017,90.9,12.2084,6740.02,-1.3277,24450.4492,-1.2737,29.49,24.1684,19.88,11.3102,91.7869,-0.3648,576,999,central_bank,high,-0.010284292648073623,0,-0.015142985563596834,0,0.0014575485644408026,1,0.027532593187964638,1,0.023402723979842,1,0.115839277617382,1
2024-08-05,2444.39990234375,2444.39990234375,2500.800048828125,2403.800048828125,2490.300048828125,352229,valid,,83.73529815673828,65806.97,2026-10-03T13:44:11.057201+00:00,-0.010284292648073623,0.028009021847084314,0.034228856502538596,0.05257712222726729,,,2445.3,2416.1800048828127,2417.939978027344,2374.4239794921873,2342.8709814453123,,2431.4795206007775,2413.6195113917884,2383.673972910953,2293.8891548943375,46.41542034579093,0.10328605787181803,19.190102646463856,15.288911016030779,3.901191630433077,2.075414548179766,49.699951171875,48.592860630580354,0.19227380681893508,0.1854782105820049,,,2491.293925104675,2344.5860309500126,0.06067474605978109,218092.9,1.6150411132136737,0.13645353733178034,3149027,0.01094316838169917,0.029470694137151875,,-0.03096138658323847,0.13735341423713351,0.008300267064015395,0.03968254126788107,0.018326970629923004,False,False,False,False,False,False,GOLD,90.27920974175473,1.7619646411141998,98.05825242718447,98.99,-0.3323,4.133,-0.3136,3.57,-0.5017,90.9,12.2084,6740.02,-1.3277,24450.4492,-1.2737,29.49,24.1684,19.88,11.3102,91.7869,-0.3648,573,999,central_bank,high,-0.005236379151883908,0,0.007732018998304335,1,0.024382302420771662,1,0.03964169135805684,1,0.03215517132891654,1,0.1377434989216224,1
2024-08-06,2431.60009765625,2431.60009765625,2459.5,2421.800048828125,2451.699951171875,186107,valid,,84.00260162353516,65671.35,2026-10-03T13:44:11.057201+00:00,-0.005236379151883908,0.011060331665800449,0.026901557472699622,0.03901211251687253,,,2450.62001953125,2418.610009765625,2421.1249877929686,2376.311982421875,2345.378981933594,,2431.503636011872,2415.33194817888,2385.5534287833175,2295.259413031272,45.72897353287094,0.09318829167242144,18.24797813909072,15.880724440642767,2.3672536984479517,1.0094316593377783,24.300048828125,48.935721261160715,0.19386538737779643,0.18534544001272718,,,2490.768457764376,2351.4815178215613,0.05752984279829651,214773.8,0.8665256190466395,-0.47163067209116794,2962920,0.004326546508788846,0.023266353763028762,,-0.03603564017590247,0.13139780053050057,0.002986438029686775,0.015504174065545318,0.018858216304326447,False,False,False,False,False,False,GOLD,89.7401844300318,1.60842062019002,96.15384615384616,98.99,-0.3323,4.133,-0.3136,3.57,-0.5017,90.9,12.2084,6740.02,-1.3277,24450.4492,-1.2737,29.49,24.1684,19.88,11.3102,91.7869,-0.3648,572,999,central_bank,high,0.0003289211446697582,1,0.017190246343463222,1,0.03133736967905287,1,0.04893896825991284,1,0.0388221329793248,1,0.15183415707530878,1
2024-08-07,2432.39990234375,2432.39990234375,2447.300048828125,2418.800048828125,2432.60009765625,166078,valid,,83.93489837646484,65640.01,2026-10-03T13:44:11.057201+00:00,0.0003289211446697582,0.002431445433237256,0.02214562854696167,0.024168379934210504,,,2451.8,2420.2800048828126,2423.7599853515626,2378.26998046875,2348.027980957031,,2431.682889278248,2416.957467623153,2387.3905453935304,2296.623995014481,46.348139298514646,0.18791312681049546,17.365694319050817,16.177718416324378,1.1879759027264392,0.6913089998521471,16.699951171875,48.42857142857143,0.19342761126490818,0.18299394243020117,,,2490.7411093497212,2356.778861353404,0.055270426447291555,214882.7,0.7728774815282907,-0.10762088475984244,3128998,0.0035646751511703985,0.022760209025683632,,-0.03571857191524848,0.13176994119012767,0.00041125183411674487,0.011716823361375315,0.019127351081405633,False,False,False,False,False,False,GOLD,90.65970589526191,1.7830897210814474,99.04761904761905,98.99,-0.3323,4.133,-0.3136,3.57,-0.5017,90.9,12.2084,6740.02,-1.3277,24450.4492,-1.2737,29.49,24.1684,19.88,11.3102,91.7869,-0.3648,571,999,central_bank,high,0.01270356344555057,1,0.029435989364766657,1,0.01944583568785241,1,0.04731956186371522,1,0.04551068893146826,1,0.1302829136685233,1
2024-08-08,2463.300048828125,2463.300048828125,2467.89990234375,2420.199951171875,2422.800048828125,178509,valid,,83.94239807128906,66479.81,2026-10-03T13:44:11.057201+00:00,0.01270356344555057,-0.007054175933391527,0.017094078266533863,0.051344451057671714,,,2448.3,2431.260009765625,2425.8299926757813,2380.4059814453126,2351.0459814453125,,2438.0063211882234,2421.3710467855317,2390.367388665475,2298.2824632116317,60.62209820400691,0.8967188520014826,18.941515611857994,16.7304778554311,2.2110377564268937,4.6653940441098385,109.800048828125,47.5,0.1884745323846388,0.18234094961581274,,,2495.089223824541,2356.5707615270217,0.05710147154404304,208632.15,0.8556159728977493,0.0748503715121811,3307507,0.015446282825037272,0.03482349986889494,,-0.0234687616142127,0.14614745244379765,-0.003946659225882665,0.01936424724001776,0.019082463909315815,False,False,False,False,False,False,GOLD,89.57454722685638,1.5121537882153244,94.33962264150944,98.99,-0.3323,4.133,-0.3136,3.57,-0.5017,90.9,12.2084,6740.02,-1.3277,24450.4492,-1.2737,29.49,24.1684,19.88,11.3102,91.7869,-0.3648,570,999,central_bank,high,0.004100131252962713,1,0.018065196735237432,1,0.01181336131969335,1,0.021678196437804775,1,0.024885335774376127,1,0.1160637748859552,1
2024-08-09,2473.39990234375,2473.39990234375,2476.5,2456.10009765625,2467.300048828125,152173,valid,,83.98899841308594,66789.44,2026-10-03T13:44:11.057201+00:00,0.004100131252962713,0.0014575485644408026,0.02177054250212329,0.048095260263910644,,,2449.019970703125,2440.5,2428.464990234375,2383.04998046875,2354.136979980469,,2445.0850374193287,2426.3261758863146,2393.6235656724666,2300.0249252925482,62.7801296745766,0.9999999999505347,20.76596202642213,17.537574689629306,3.2283873367928244,3.8807182840718157,92.39990234375,46.871425083705354,0.18872416292030778,0.18199189643858174,,,2500.8422328907554,2356.0877475779944,0.05960740051629527,205194.15,0.741604962909514,-0.14753317759888862,3459680,0.018503421828214146,0.03791356564715858,,-0.019464855364214287,0.15084680743406426,0.001623837908784726,0.008247716968214951,0.019057514587533946,False,False,False,False,False,False,GOLD,89.9843542835318,1.5782793707479827,96.26168224299066,98.99,-0.3323,4.133,-0.3136,3.57,-0.5017,90.9,12.2084,6740.02,-1.3277,24450.4492,-1.2737,29.49,24.1684,19.88,11.3102,91.7869,-0.3648,569,999,central_bank,high,0.012371674158818458,1,0.0025471209981673404,1,0.026037094294113272,1,0.029473659481952907,1,0.023975115698813276,1,0.110293547181604,1
2024-08-12,2504.0,2504.0,2513.39990234375,2462.699951171875,2470.10009765625,171204,valid,,83.94979858398438,67584.18,2026-10-03T13:44:11.057201+00:00,0.012371674158818458,0.024382302420771662,0.030919387655202524,0.045555180635934,,,2460.939990234375,2453.1199951171875,2432.2199951171874,2386.271982421875,2357.57998046875,,2456.8680299354633,2433.7236829447606,2397.952053293154,2302.054528025956,64.83584728272473,0.9999999999551004,24.39975590184804,18.910010932073053,5.489744969774986,5.307424870904143,126.199951171875,48.757132393973215,0.1927908126121638,0.18125307149444028,,,2512.0962906291834,2352.3436996051914,0.06568180154124141,204077.6,0.8389161769836531,0.12506160751250217,3630884,0.029512135015288626,0.049335540309445945,,-0.007333994053515427,0.16508470914234913,-0.001334116931262037,0.02024758433380781,0.019255144859329835,False,False,False,False,False,False,GOLD,89.69445199462156,1.4904050379538287,93.51851851851852,98.99,-0.3323,4.133,-0.3136,3.57,-0.5017,90.9,12.2084,6740.02,-1.3277,24450.4492,-1.2737,29.49,24.1684,19.88,11.3102,91.7869,-0.3648,566,999,central_bank,high,0.001517591385034045,1,-0.004632626859524813,0,0.014896185634235115,1,0.020447264844998037,1,0.015615054974540632,1,0.0981229836948383,1
2024-08-13,2507.800048828125,2507.800048828125,2517.300048828125,2498.199951171875,2512.60009765625,155078,valid,,83.88999938964844,67638.53,2026-10-03T13:44:11.057201+00:00,0.001517591385034045,0.03133736967905287,0.01620876862329057,0.05126809843979241,,,2476.17998046875,2463.4,2434.2199951171874,2389.9699853515626,2361.047980957031,,2467.054433713996,2440.778574933652,2402.2598178239373,2304.1017471384157,64.33242353599121,0.9773964719924716,27.271823307324212,20.582373407123285,6.689449900200927,4.274430304703736,102.800048828125,47.549996512276785,0.18512296485829094,0.1809891805954036,,,2519.656905142001,2348.7830850923738,0.07019653950436429,199527.25,0.7772271707247969,-0.09419172449241842,3785962,0.030227363943481658,0.04930190094382309,,-0.005827532674675589,0.16685283165977763,0.003434543792430737,0.007616276132209068,0.01851488095533431,False,False,False,False,False,False,GOLD,90.5506436675009,1.6522571718812238,98.1651376146789,98.99,-0.3323,4.133,-0.3136,3.57,-0.5017,90.9,12.2084,6740.02,-1.3277,24450.4492,-1.2737,29.49,24.1684,19.88,11.3102,91.7869,-0.3648,565,999,central_bank,high,-0.011205078997179596,0,0.011962676216558332,1,0.017066770872791626,1,0.017983831500721026,1,0.013796894824925632,1,0.06719036474966922,1
2024-08-14,2479.699951171875,2479.699951171875,2519.699951171875,2476.199951171875,2506.300048828125,187384,valid,,83.88200378417969,66874.26,2026-10-03T13:44:11.057201+00:00,-0.011205078997179596,0.01944583568785241,0.008049127856487148,0.025771511270320957,,,2485.639990234375,2468.7199951171874,2435.209997558594,2392.1779833984374,2363.9979809570314,,2469.5835372055717,2444.485372670626,2405.296685798366,2305.848992949694,71.97074732376095,0.9999999999618928,26.96962532698717,21.859823791096062,5.109801535891108,2.19245626094684,53.199951171875,46.09999302455357,0.189583413344419,0.18076241469231513,,,2522.3418737067154,2348.0781214104722,0.07156005127725279,195919.45,0.9564338813731819,0.2083209739614904,3598578,0.018269452596640964,0.0365867290731701,,-0.016967313707872363,0.15377815350295232,-0.0005981338108276774,0.01754244499598627,0.017988633980739684,False,False,False,False,False,False,GOLD,90.9848087421638,1.7165179602570244,99.0909090909091,98.99,-0.3323,4.133,-0.3136,3.57,-0.5017,90.9,12.2084,6740.02,-1.3277,24450.4492,-1.2737,29.49,24.1684,19.88,11.3102,91.7869,-0.3648,564,999,central_bank,high,0.005121567698492369,1,0.02484175459500193,1,0.027342037409035624,1,0.023430293503370336,1,0.040690465972179846,1,0.09118042590168951,1
2024-08-15,2492.39990234375,2492.39990234375,2508.0,2469.199951171875,2486.199951171875,169322,valid,,83.97149658203125,67288.47,2026-10-03T13:44:11.057201+00:00,0.005121567698492369,0.01181336131969335,0.01465559413418438,0.02210371225907326,,,2491.4599609375,2469.87998046875,2437.0099975585936,2395.0779833984375,2367.3219799804688,,2474.1468102332074,2449.048661210924,2408.7124982119108,2307.705220903864,70.44786018373291,0.9419670654466704,27.438615887989272,22.975582210474705,4.4630336775145665,0.4675851857187885,11.599853515625,46.285714285714285,0.1901397108610846,0.1802104251395273,,,2527.41109372069,2346.608901396497,0.07419017259069405,194747.05,0.8694457759437134,-0.0963903001323485,3767900,0.022728632562288843,0.04063413367742595,,-0.011932645255198441,0.15968730642515683,0.0026212848844577186,0.015567344867741115,0.017507577811992647,False,False,False,False,False,False,GOLD,87.94015896729768,1.0392162152564313,83.78378378378379,98.99,-0.3323,4.133,-0.3136,3.57,-0.5017,90.9,12.2084,6740.02,-1.3277,24450.4492,-1.2737,29.49,24.1684,19.88,11.3102,91.7869,-0.3648,563,999,central_bank,high,0.018215434225335336,1,0.023351066278638033,1,0.009749658875076284,1,0.027242878007066373,1,0.04746431289653019,1,0.08120693083563602,1
2024-08-16,2537.800048828125,2537.800048828125,2548.300048828125,2488.199951171875,2494.39990234375,223934,valid,,83.94830322265625,68495.24,2026-10-03T13:44:11.057201+00:00,0.018215434225335336,0.026037094294113272,0.057813323965671515,0.046127272760209115,,,2504.339990234375,2476.67998046875,2443.9449951171873,2398.323984375,2370.9359814453123,,2486.877457952191,2457.501174317324,2413.774755098821,2309.9947216792298,75.42910844465553,0.9999999999663302,31.115031962878675,24.603472160955498,6.511559801923177,2.753259318796464,68.0,48.092860630580354,0.17696072631914475,0.1834517192272234,,,2542.9700227790127,2344.919967455362,0.08103703467928218,193223.35,1.1589386065400422,0.32253339790458413,3991834,0.03840309577278311,0.05815563925547546,,-0.004120393909196237,0.1808115142772922,0.0008024394472646545,0.023681967255055662,0.01902203832317396,False,False,True,False,False,False,GOLD,88.18542148532774,1.0823037164876754,84.82142857142857,98.99,-0.3323,4.133,-0.3136,3.57,-0.5017,90.9,12.2084,6740.02,-1.3277,24450.4492,-1.2737,29.49,24.1684,19.88,11.3102,91.7869,-0.3648,562,999,central_bank,high,0.0013791472663955417,1,0.003822188897960599,1,0.00334935764696076,1,-0.004019209936017232,0,0.02801633389062963,1,0.03148392340076023,1
2024-08-19,2541.300048828125,2541.300048828125,2549.89990234375,2523.699951171875,2549.699951171875,155994,valid,,83.88980102539062,68541.91,2026-10-03T13:44:11.057201+00:00,0.0013791472663955417,0.014896185634235115,0.06121856626944422,0.06201686344632429,,,2511.8,2486.3699951171875,2451.275,2401.3319873046876,2374.576982421875,,2497.761976127378,2465.4820195088287,2418.7757470097745,2312.2962672229996,73.42729119860482,0.9325990520605678,33.92002994790164,26.46678371834473,7.45324622955691,3.964169135805684,96.900146484375,47.42857142857143,0.1761929629295181,0.18097417239911937,,,2556.4631964455907,2346.0868035544095,0.0858232523446351,191144.95,0.816103171964518,-0.30339296399832094,4147828,0.03672580548004128,0.0582876762827295,,-0.003372623963676786,0.18244002724933558,0.004689062225071793,0.010309664608060086,0.02079804581762514,False,False,False,False,False,False,GOLD,86.91176705313741,0.7976233650174166,74.33628318584071,98.99,-0.3323,4.133,-0.3136,3.57,-0.5017,90.9,12.2084,6740.02,-1.3277,24450.4492,-1.2737,29.49,24.1684,19.88,11.3102,91.7869,-0.3648,559,999,central_bank,high,0.003659563471229532,1,-0.009680123237550742,0,0.005469602989288669,1,-0.00720105791386727,0,0.020107760805021302,1,0.025577459863495244,1
2024-08-20,2550.60009765625,2550.60009765625,2570.39990234375,2535.10009765625,2542.39990234375,191196,valid,,83.87860107421875,68783.55,2026-10-03T13:44:11.057201+00:00,0.003659563471229532,0.017066770872791626,0.05952729029265935,0.09130590062582189,,,2520.360009765625,2498.2699951171876,2458.4400024414062,2405.8439892578126,2378.176982421875,,2508.329600433153,2473.588503141916,2423.945329388068,2314.6674496153705,72.26408516095574,0.8934340435154933,36.47300913102799,28.468028800881385,8.004980330146608,4.893896825991284,119.0,46.74998256138393,0.17601598570682192,0.1737738090080739,,,2570.324884712293,2346.5551201705193,0.09102103948823786,192145.2,0.9950599858856688,0.22566252548174925,4339024,0.03748722568917066,0.060168535052446834,,-0.007703005539892208,0.1867672415799751,0.0004327916792555625,0.013839803707340559,0.02186177217575829,False,False,True,False,False,False,GOLD,86.59311166783864,0.7228818566746606,71.9298245614035,98.99,-0.3323,4.133,-0.3136,3.57,-0.5017,90.9,12.2084,6740.02,-1.3277,24450.4492,-1.2737,29.49,24.1684,19.88,11.3102,91.7869,-0.3648,558,999,central_bank,high,-0.0012154385389927524,0,-0.0016858969118977996,0,0.0009016719985281973,1,-0.009644827379586163,0,0.018819100667371247,1,0.014075080753246372,1
2024-08-21,2547.5,2547.5,2558.0,2528.199951171875,2552.199951171875,148894,valid,,83.77940368652344,68618.71,2026-10-03T13:44:11.057201+00:00,-0.0012154385389927524,0.027342037409035624,0.054559776252091075,0.09124009423859492,,,2533.92001953125,2509.7800048828126,2465.0300048828126,2410.2539892578125,2381.4779833984376,,2516.1636803465226,2480.6276933188765,2428.790610588536,2316.9841914102426,64.65931419630603,0.6373823122024411,37.810258431485636,30.336474727002237,7.473783704483399,4.731956186371522,115.10009765625,43.15712193080357,0.17661736781844156,0.17377780786040456,,,2581.7374539958273,2348.322555769798,0.09469048967500551,187295.7,0.7949675299539669,-0.22124939852298164,4190130,0.03345598023301732,0.05694255101487983,,-0.008909081549085195,0.18532479893774526,0.0006272459242413111,0.011697762052252522,0.022726242076190707,False,False,False,False,False,False,GOLD,86.42624556995291,0.6818415507015072,70.43478260869566,98.99,-0.3323,4.133,-0.3136,3.57,-0.5017,90.9,12.2084,6740.02,-1.3277,24450.4492,-1.2737,29.49,24.1684,19.88,11.3102,91.7869,-0.3648,557,999,central_bank,high,-0.01209030375981357,0,0.0030225519811089008,1,-0.0038076353962217535,0,-0.0017271451790971115,0,0.02633958691118754,1,0.009970521037782065,1
2024-08-22,2516.699951171875,2516.699951171875,2551.39990234375,2506.39990234375,2549.89990234375,177369,valid,,83.88860321044922,67877.44,2026-10-03T13:44:11.057201+00:00,-0.01209030375981357,0.009749658875076284,0.0693435101643829,0.06798215623673887,,,2538.780029296875,2515.1199951171875,2473.1900024414062,2414.055986328125,2384.0739819335936,,2516.270934511593,2484.0631464477333,2432.238035709451,2318.9714129004083,59.48237905033062,0.4630755233215945,35.97009078679139,31.46319793896007,4.506892847831317,2.1678196437804775,53.39990234375,41.414271763392854,0.1524163090567678,0.17518361206188995,,,2579.414309680426,2366.9656952023865,0.08590064421586499,181419.3,0.9776743709186346,0.1912434349268608,4012761,0.01759264297829943,0.042519297574300646,,-0.020891671806744644,0.17099386206455364,0.0009420617639839285,0.017880558220310823,0.024495710310017238,False,False,False,False,False,False,GOLD,86.76480404301287,0.7513102977406365,73.27586206896551,98.99,-0.3323,4.133,-0.3136,3.57,-0.5017,90.9,12.2084,6740.02,-1.3277,24450.4492,-1.2737,29.49,24.1684,19.88,11.3102,91.7869,-0.3648,556,999,central_bank,high,0.011761472654881588,1,0.014383896322252898,1,0.01732431299009174,1,0.00313908953695341,1,0.05145627310069267,1,0.021218320626386067,1
2024-08-23,2546.300048828125,2546.300048828125,2554.5,2519.800048828125,2521.10009765625,164613,valid,,83.94059753417969,68718.35,2026-10-03T13:44:11.057201+00:00,0.011761472654881588,0.00334935764696076,0.06942463201517213,0.08760469072861055,,,2540.480029296875,2522.410009765625,2481.4550048828123,2417.885986328125,2386.7189819335936,,2522.2767573748997,2489.9904704839614,2436.711055831752,2321.233389377301,70.2584587606599,0.8259048418406381,36.47970978661169,32.466500308490396,4.013209478121297,2.9473659481952907,72.900146484375,37.185703822544646,0.15247186235863813,0.1757725310000157,,,2583.1014441300877,2379.808565635537,0.08192486992286581,181923.8,0.9048458750311895,-0.07191786614346363,4177374,0.026131863691942658,0.05311005697789761,,-0.009375915978537356,0.18476647435225468,0.0017483794531502929,0.013627597104210564,0.026291156371355155,False,False,False,False,False,False,GOLD,85.48647380467206,0.4667652086578938,59.82905982905983,98.99,-0.3323,4.133,-0.3136,3.57,-0.5017,90.9,12.2084,6740.02,-1.3277,24450.4492,-1.2737,29.49,24.1684,19.88,11.3102,91.7869,-0.3648,555,999,central_bank,high,0.0034952292240051364,1,-0.0033381768986384674,0,-0.0073439700008964826,0,-0.005341121390037729,0,0.04170755572217466,1,0.026823252373402884,1
2024-08-26,2555.199951171875,2555.199951171875,2563.199951171875,2544.0,2545.10009765625,127485,valid,,83.81379699707031,68854.36,2026-10-03T13:44:11.057201+00:00,0.0034952292240051364,0.005469602989288669,0.07460673677384255,0.09061422069963299,,,2543.260009765625,2527.5300048828126,2490.325,2422.6299853515625,2389.1209814453123,,2528.861396134295,2496.200897216144,2441.3576791784235,2323.5614148677946,74.95954824186454,0.9838533509177375,37.17322446304797,33.407845139401914,3.7653793236460587,2.0447264844998037,51.199951171875,35.86427525111607,0.15143674748003538,0.17581468542975667,,,2584.5782136280104,2396.071786371989,0.07569551253589211,181977.6,0.7005532549060945,-0.2255471925060597,4304859,0.026050797053336065,0.054721507874434965,,-0.005913457730063489,0.1889075047570307,-0.00047125285664066896,0.0075140699509883505,0.027942779152296243,False,False,False,False,False,False,GOLD,85.23868339782746,0.4098648707526789,58.47457627118644,98.99,-0.3323,4.133,-0.3136,3.57,-0.5017,90.9,12.2084,6740.02,-1.3277,24450.4492,-1.2737,29.49,24.1684,19.88,11.3102,91.7869,-0.3648,552,999,central_bank,high,-0.0009001443613326776,0,0.0019959681252776917,1,-0.012601734418908106,0,-0.004735384215264871,0,0.047667521585645245,1,0.029665016545324052,1
2024-08-27,2552.89990234375,2552.89990234375,2561.39990234375,2538.5,2553.800048828125,146222,valid,,83.88369750976562,68849.76,2026-10-03T13:44:11.057201+00:00,-0.0009001443613326776,0.0009016719985281973,0.061496840891372084,0.09901416749294079,,,2543.719970703125,2532.039990234375,2497.7199951171874,2426.7059814453123,2391.56498046875,,2533.669097376186,2501.600802466392,2445.7318840084363,2325.8433898675557,74.18701657133673,0.9221099296584953,37.10947024931647,34.148170161384826,2.9613000879316473,1.7983831500721026,45.099853515625,35.464268275669646,0.14933566886245672,0.17464407244979513,,,2586.8549821033957,2408.585008130979,0.07137308197910361,187991.5,0.7778117627658656,0.14697415382201817,4158637,0.02209211093894117,0.05200214688687846,,-0.006808279125764162,0.1878373163704779,-0.0005478641086805844,0.00897015285351268,0.029263542520116453,False,False,False,False,False,False,GOLD,85.23588140797187,0.40724477701329087,57.98319327731093,98.99,-0.3323,4.133,-0.3136,3.57,-0.5017,90.9,12.2084,6740.02,-1.3277,24450.4492,-1.2737,29.49,24.1684,19.88,11.3102,91.7869,-0.3648,551,999,central_bank,high,-0.00591478479111629,0,-0.009910221965331645,0,-0.010536998461652902,0,-0.004112969721358883,0,0.051627581914638565,1,0.038701105647510614,1
2024-08-28,2537.800048828125,2537.800048828125,2564.300048828125,2527.800048828125,2559.800048828125,165123,valid,,83.92160034179688,68473.45,2026-10-03T13:44:11.057201+00:00,-0.00591478479111629,-0.0038076353962217535,0.045868555049711546,0.07111805027959273,,,2541.77998046875,2537.85,2503.2849975585937,2430.881982421875,2393.4889819335935,,2534.495287666574,2505.048349738938,2449.342400275875,2327.9524113497505,65.96654660223231,0.4066142587082874,35.43207370170694,34.40495086944925,1.0271228322576889,2.3430293503370336,58.10009765625,34.664271763392854,0.1508406387924333,0.171054144609917,,,2587.4573845877967,2419.1126105293906,0.06724954378847087,187434.25,0.8809649250337072,0.12926235450205859,3993514,0.013787903216445362,0.043983240313330306,,-0.012682794411051378,0.1808115142772922,0.0027028660536347134,0.014382535778120167,0.029784668963877145,False,False,False,False,False,False,GOLD,86.9824512262995,0.7913486719489302,75.83333333333333,98.99,-0.3323,4.133,-0.3136,3.57,-0.5017,90.9,12.2084,6740.02,-1.3277,24450.4492,-1.2737,29.49,24.1684,19.88,11.3102,91.7869,-0.3648,550,999,central_bank,high,0.008865946712543371,1,-0.005831841966808637,0,0.0020884422437348338,1,0.016865020097973638,1,0.06190395243635072,1,0.05402311091409007,1
2024-08-29,2560.300048828125,2560.300048828125,2562.199951171875,2536.5,2539.199951171875,159965,valid,,83.94149780273438,69096.91,2026-10-03T13:44:11.057201+00:00,0.008865946712543371,0.01732431299009174,0.03204611352597886,0.09069615546622711,0.17149395965597125,,2550.5,2544.6400146484375,2507.2599975585936,2435.1499853515625,2395.581982421875,,2539.6562398988845,2510.3104163188605,2453.6936806112576,2330.2643281405803,67.68416586429302,0.5143240730206982,35.50896160655202,34.62575301686981,0.8832085896822122,2.7242878007066373,67.900146484375,35.0428466796875,0.13361318391152086,0.17035519893537013,0.1637086252732002,,2594.417250067494,2420.102745049693,0.06952390465586636,184440.8,0.8672972574397809,-0.031237320058380758,4153479,0.021154587606054907,0.05139316437564039,,-0.003929292677926027,0.19128052624042816,0.0005516204258865384,0.01003786692252265,0.029612144073577863,False,False,False,False,False,False,GOLD,86.62246227535624,0.706534808732671,71.900826446281,98.99,-0.3323,4.133,-0.3136,3.57,-0.5017,90.9,12.2084,6740.02,-1.3277,24450.4492,-1.2737,29.49,24.1684,19.88,11.3102,91.7869,-0.3648,549,999,central_bank,high,-0.012771921473360925,0,-0.013396886370339423,0,-0.013943659138004216,0,0.019685154623505285,1,0.04210445915410044,1,0.05932894561060387,1
2024-08-30,2527.60009765625,2527.60009765625,2560.10009765625,2526.60009765625,2553.60009765625,175644,valid,,83.89510345458984,68176.71,2026-10-03T13:44:11.057201+00:00,-0.012771921473360925,-0.0073439700008964826,0.023402723979842,0.06402866666228157,0.15489353233742054,,2546.760009765625,2543.62001953125,2510.15,2438.3219873046874,2397.233984375,,2537.2450114503577,2511.957052636707,2456.5919714757674,2332.227868135761,54.761918836638785,0.0,32.55599777348516,34.21180196819288,-1.65580419470772,-0.4019209936017232,-10.199951171875,33.828560965401785,0.14165329569010374,0.17140605832222203,0.16498678294885397,,2595.8990417796917,2424.4009582203084,0.06832184672601836,177726.15,0.9882845039967333,0.09801519082299248,3977835,0.0069518146948361476,0.03661456969848914,,-0.016651029533753678,0.17606558490654725,-0.0026168617131179677,0.013253678867574841,0.029457968664213095,False,False,False,False,False,False,GOLD,87.97466215472672,1.0008814047705803,85.24590163934425,98.99,-0.3323,4.133,-0.3136,3.57,-0.5017,90.9,12.2084,6740.02,-1.3277,24450.4492,-1.2737,29.49,24.1684,19.88,11.3102,91.7869,-0.3648,548,999,central_bank,high,-0.001819946778968462,0,0.006132299177536993,1,0.002017666291575848,1,0.03216482099477935,1,0.052144247347400086,1,0.03596292879875973,1
2024-09-03,2523.0,2523.0,2539.5,2504.39990234375,2536.0,273539,valid,,83.92729949951172,68078.75,2026-10-03T13:44:11.057201+00:00,-0.001819946778968462,-0.012601734418908106,0.03215517132891654,0.05525120375250969,0.16476611710138456,,2540.32001953125,2541.7900146484376,2514.0800048828123,2442.15798828125,2398.9799853515624,,2534.396009160286,2513.0087619094015,2459.1962078884826,2334.1260983035645,53.05710584748401,0.0,29.504454241969142,33.27033242294813,-3.765878180978987,-0.720105791386727,-18.300048828125,34.97141810825893,0.13561320791454615,0.171135185913512,0.1641877672796138,,2594.158143932325,2434.0018658332997,0.0637037316982388,173791.65,1.5739478852982778,0.5573489558424995,3704296,0.003548015615994654,0.033102695282876585,,-0.018440672325155023,0.1739252081334417,0.0033232718860612465,0.013912048218880733,0.029450189933105265,False,False,False,False,False,False,GOLD,90.26510610092762,1.4934547930414082,95.1219512195122,98.99,-0.3323,4.133,-0.3136,3.57,-0.5017,90.9,12.2084,6740.02,-1.3277,24450.4492,-1.2737,29.49,24.1684,19.88,11.3102,91.7869,-0.3648,544,999,central_bank,high,0.0011890606420927874,1,0.0006342043821838672,1,0.007966745008422427,1,0.027506897480677805,1,0.06630996782723941,1,0.03896157305910619,1
2024-09-04,2526.0,2526.0,2531.5,2502.699951171875,2524.60009765625,167957,valid,,83.95030212402344,68178.38,2026-10-03T13:44:11.057201+00:00,0.0011890606420927874,-0.010536998461652902,0.0388221329793248,0.08645161290322578,0.1582905096491407,,2534.9400390625,2539.3300048828123,2518.8,2445.789990234375,2400.5129858398436,,2532.716807328229,2514.2460226799344,2461.8159644418756,2336.0352913552706,60.357941443453925,0.3263380452390354,27.016726925345665,32.01961132342764,-5.002884398081974,-0.9644827379586163,-24.60009765625,33.921421595982146,0.13320215238777475,0.16048448385404335,0.16399374263921906,,2588.9171933102716,2448.6828066897287,0.05567507806117484,172884.15,0.9715002792332267,-0.3859851794442475,3872253,0.002858504049546196,0.03279513371379268,,-0.017273538760738307,0.17532107639519315,0.0006342043821836567,0.011401444508358512,0.029851299603445815,False,False,False,False,False,False,GOLD,89.67941265775949,1.3474423408982277,91.12903225806451,98.99,-0.3323,4.133,-0.3136,3.57,-0.5017,90.9,12.2084,6740.02,-1.3277,24450.4492,-1.2737,29.49,24.1684,19.88,11.3102,91.7869,-0.3648,543,999,central_bank,high,0.006769634859956408,1,0.002652395554978204,1,0.00649243956601353,1,0.02874113129701117,1,0.05688834171491486,1,0.045091014387866224,1
2024-09-05,2543.10009765625,2543.10009765625,2554.0,2523.699951171875,2526.39990234375,152709,valid,,83.98249816894531,68666.25,2026-10-03T13:44:11.057201+00:00,0.006769634859956408,0.0020884422437348338,0.04551068893146826,0.0928663934921572,0.1732872422866205,,2536.000048828125,2538.8900146484375,2524.335009765625,2450.0359912109375,2402.2029858398437,,2534.7934653938332,2516.994029820536,2465.003577509106,2338.0956376866234,61.12332347773921,0.3605496465888334,26.12388024330039,30.840465107402192,-4.716584864101801,-0.17271451790971115,-4.39990234375,33.314278738839285,0.13412798877988133,0.16085090240641184,0.16382806719252915,,2582.1291817502665,2466.540837780983,0.04578962123572084,172215.7,0.8867310007159575,-0.09078514143501015,4024962,0.007433675727676105,0.03798479156188939,,-0.010620839450933992,0.18327757092559643,0.00015831446704269266,0.011914611169272478,0.030325684529203388,False,False,False,False,False,False,GOLD,88.54805565351067,1.0867777580036082,85.6,98.99,-0.3323,4.133,-0.3136,3.57,-0.5017,90.9,12.2084,6740.02,-1.3277,24450.4492,-1.2737,29.49,24.1684,19.88,11.3102,91.7869,-0.3648,542,999,central_bank,high,-0.007274585855684523,0,0.0,0,0.014745782139901076,1,0.028115291280077948,1,0.053517301045702625,1,0.04478781721911829,1
2024-09-06,2524.60009765625,2524.60009765625,2559.800048828125,2513.89990234375,2547.10009765625,228117,valid,,83.98359680175781,68167.62,2026-10-03T13:44:11.057201+00:00,-0.007274585855684523,-0.013943659138004216,0.024885335774376127,0.08510272143436226,0.16798524064596343,,2528.86005859375,2539.680029296875,2527.400012207031,2454.263994140625,2403.618986816406,,2532.7547918463165,2517.718417233461,2467.340695946249,2339.9514034574654,46.71643404506514,0.0,23.650864976817502,29.402545081285254,-5.751680104467752,0.313908953695341,7.900146484375,32.299996512276785,0.13223326794286205,0.16182787352027317,0.16419975979995302,,2577.563343360028,2477.2366810540343,0.039695600942228536,174696.1,1.305793317652762,0.49380193701746466,3796845,-0.0011078240631703401,0.02865873585055175,,-0.01781816309817039,0.17466971664479577,0.0015728834282554872,0.01818115531523939,0.02979957259731759,False,False,False,False,False,False,GOLD,90.78682560088727,1.5613584796694644,98.4126984126984,98.99,-0.3323,4.133,-0.3136,3.57,-0.5017,90.9,12.2084,6740.02,-1.3277,24450.4492,-1.2737,29.49,24.1684,19.88,11.3102,91.7869,-0.3648,541,999,central_bank,high,0.003208370911157221,1,0.007050544244225021,1,0.03410435323818506,1,0.04816598622035784,1,0.0567218353927883,1,0.053038064312862065,1
2024-09-09,2532.699951171875,2532.699951171875,2536.5,2514.199951171875,2526.5,140583,valid,,83.98259735107422,68385.51,2026-10-03T13:44:11.057201+00:00,0.003208370911157221,0.002017666291575848,0.023975115698813276,0.07554777418672232,0.17021664927800684,,2529.880029296875,2538.32001953125,2530.3650146484374,2458.1859912109376,2404.8679858398436,,2532.7438237114284,2519.1452299895004,2469.9038039943125,2341.869299454624,47.90853755560252,0.04220864250976485,22.089934037351213,27.940022872498446,-5.850088835147233,-0.5341121390037729,-13.60009765625,32.021432059151785,0.1320171869821291,0.16033306076044848,0.1642218600898887,,2573.6242374848957,2487.105791811979,0.03419208105234695,174116.6,0.80740722021909,-0.38372414155893686,3937428,0.0009227666798740807,0.030312580182022954,,-0.01466695946318884,0.17843849279389476,0.0007525557594301965,0.008804852235969763,0.02936271856382765,False,False,False,False,False,True,GOLD,89.5231670247778,1.269534625206918,88.18897637795276,98.99,-0.3323,4.133,-0.3136,3.57,-0.5017,90.9,12.2084,6740.02,-1.3277,24450.4492,-1.2737,29.49,24.1684,19.88,11.3102,91.7869,-0.3648,538,999,central_bank,high,0.0041063476467329,1,0.018912681094423345,1,0.03008645028662693,1,0.04730131919996827,1,0.052631599241136806,1,0.0533817482443264,1
2024-09-10,2543.10009765625,2543.10009765625,2547.5,2528.89990234375,2536.0,156108,valid,,83.98090362548828,68664.94,2026-10-03T13:44:11.057201+00:00,0.0041063476467329,0.007966745008422427,0.015615054974540632,0.0971096193512726,0.17752472804212371,,2533.900048828125,2537.1100341796873,2532.32001953125,2462.2559912109373,2406.4149877929685,,2534.8150785003927,2521.4266459577625,2472.774246883016,2343.871595954143,48.18577820193611,0.05202486335538215,21.444886621567548,26.640995622312268,-5.19610900074472,-0.47353842152648706,-12.099853515625,30.828595842633927,0.12587260883779822,0.15650766035771602,0.1641897522228238,,2574.0701261732443,2490.569912889256,0.03297379977251518,173361.8,0.9004751911897495,0.11043298265081836,4093536,0.004256996762593626,0.032833347439849565,,-0.010620839450933992,0.18327757092559643,0.0013029766224762515,0.007313946341862339,0.02845521691098697,False,False,False,False,False,True,GOLD,89.9989418661854,1.358743837900494,93.75,98.99,-0.3323,4.133,-0.3136,3.57,-0.5017,90.9,12.2084,6740.02,-1.3277,24450.4492,-1.2737,29.49,24.1684,19.88,11.3102,91.7869,-0.3648,537,999,central_bank,high,-0.00027533140089341934,0,0.02658167233681663,1,0.01938571145230794,1,0.052652234360398786,1,0.03629420830606089,1,0.05233763847451045,1
2024-09-11,2542.39990234375,2542.39990234375,2558.0,2529.0,2545.699951171875,194085,valid,,83.98200225830078,68646.93,2026-10-03T13:44:11.057201+00:00,-0.00027533140089341934,0.00649243956601353,0.013796894824925632,0.08228674669093894,0.17649231945569177,,2537.180029296875,2536.0600341796876,2534.050012207031,2466.3259912109374,2407.8589868164063,,2536.3320432690643,2523.424098946904,2475.5046647442214,2345.8470019878705,48.75181342568361,0.07206639347076871,20.63926538345686,25.44064957454119,-4.801384191084331,-0.41129697213588834,-10.5,30.771449497767858,0.12589884800517293,0.15459357677974128,0.16420388351424062,,2574.364843624399,2493.7351807896634,0.0318184970487142,175312.15,1.1070824241217674,0.2432738873087863,3899451,0.0032950770886495677,0.030845034842871807,,-0.010893246601222657,0.18295177745434782,0.0010223166276545827,0.011406545434986252,0.02745947666180761,False,False,False,False,False,True,GOLD,89.01025545993546,1.1319492632583152,85.27131782945736,98.99,-0.3323,4.133,-0.3136,3.57,-0.5017,90.9,12.2084,6740.02,-1.3277,24450.4492,-1.2737,29.49,24.1684,19.88,11.3102,91.7869,-0.3648,536,999,central_bank,high,0.015025250464053563,1,0.02615638866989256,1,0.02210517521680644,1,0.055970757667565874,1,0.03288235559605779,1,0.0416928902106557,1
2024-09-12,2580.60009765625,2580.60009765625,2588.5,2538.699951171875,2540.60009765625,233679,valid,,83.99259948730469,69687.16,2026-10-03T13:44:11.057201+00:00,0.015025250464053563,0.014745782139901076,0.040690465972179846,0.1080292390108415,0.18121488320261725,,2544.680029296875,2540.3400390625,2539.09501953125,2471.2699951171876,2409.5269873046873,,2545.1856541465017,2528.869432157318,2479.6260542701834,2348.1828536860635,65.0921147470088,0.6506251602868716,22.82018437700617,24.91655653503419,-2.096372158028018,1.6865020097973638,42.800048828125,31.114310128348215,0.12737987784921798,0.15567935109907308,0.16480832640003187,,2575.870429209533,2502.3196098529666,0.02896733631107512,177626.9,1.3155608750701537,0.20400340057191446,4133130,0.016346406024870315,0.04424045238077426,,-0.003051922867972551,0.20072592419748966,-0.000707915653174827,0.01929785590310372,0.027445412499664375,False,False,True,False,False,True,GOLD,86.76327522178939,0.6366985867923793,68.46153846153847,98.99,-0.3323,4.133,-0.3136,3.57,-0.5017,90.9,12.2084,6740.02,-1.3277,24450.4492,-1.2737,29.49,24.1684,19.88,11.3102,91.7869,-0.3648,535,999,central_bank,high,0.011663896914117844,1,0.004572504162197344,1,0.013175230067951738,1,0.044291947749405036,1,0.022746628284323167,1,0.030613034569652697,1
2024-09-13,2610.699951171875,2610.699951171875,2614.60009765625,2585.0,2587.5,174674,valid,,83.93479919433594,70451.47,2026-10-03T13:44:11.057201+00:00,0.011663896914117844,0.03410435323818506,0.04746431289653019,0.11240362171589813,0.20865738480179408,,2561.9,2545.380029296875,2545.0100219726564,2476.09599609375,2412.1699877929686,,2558.2885135515767,2536.6628149206094,2484.7662070898577,2350.794964108808,65.17432683059279,0.6535360320486833,26.669950428731227,25.267235313773597,1.4027151149576298,1.9685154623505285,50.39990234375,30.842878069196427,0.13153718040423948,0.1565373956824989,0.1644066981372726,,2587.7359127656073,2502.2841311797056,0.033576206320646944,177894.5,0.9818965735309356,-0.2525045040418694,4307804,0.02581126543001823,0.054361363731624264,,-0.0014916799275994954,0.21473106759943267,0.0026737588478020864,0.011337992955855363,0.027831726228545448,False,False,True,False,False,False,GOLD,85.04185809617995,0.2580160932782955,50.38167938931297,98.99,-0.3323,4.133,-0.3136,3.57,-0.5017,90.9,12.2084,6740.02,-1.3277,24450.4492,-1.2737,29.49,24.1684,19.88,11.3102,91.7869,-0.3648,534,999,central_bank,high,-0.0006894889729924802,0,-0.0046347162607459635,0,0.013597885878867455,1,0.021986496938726896,1,0.02512739835414779,1,0.028766269223140517,1
2024-09-16,2608.89990234375,2608.89990234375,2617.39990234375,2602.5,2608.0,127576,valid,,83.88480377197266,70360.96,2026-10-03T13:44:11.057201+00:00,-0.0006894889729924802,0.03008645028662693,0.02801633389062963,0.10126631589014345,0.19872267019229506,,2577.139990234375,2553.510009765625,2548.5650146484377,2480.3199951171873,2414.837985839844,,2568.4107913100115,2543.542537532337,2489.63419513903,2353.3631724494544,63.091141316833536,0.5960815448857811,29.23862420457681,26.06151309193424,3.1771111126425673,3.2164820994779353,81.2998046875,30.535731724330358,0.11769020118600905,0.15581241925906436,0.1642089937822154,,2599.75775041361,2497.372278883265,0.04017377266886341,173076.6,0.7371071537111271,-0.2696337176683422,4180228,0.02367406259934536,0.051840047848517964,,-0.0032474976377837527,0.2138935239231718,-0.001034186701793145,0.005711182069637361,0.027514602819624687,False,False,False,False,False,False,GOLD,84.7843719743007,0.20053741947514261,46.96969696969697,98.99,-0.3323,4.133,-0.3136,3.57,-0.5017,90.9,12.2084,6740.02,-1.3277,24450.4492,-1.2737,29.49,24.1684,19.88,11.3102,91.7869,-0.3648,531,999,central_bank,high,-0.006324504817213139,0,0.0021849038007855093,1,0.016712062282298046,1,0.019356817773894752,1,0.02173337323580804,1,0.041971713786960185,1
2024-09-17,2592.39990234375,2592.39990234375,2613.699951171875,2587.300048828125,2609.800048828125,159525,valid,,83.88400268554688,69915.3,2026-10-03T13:44:11.057201+00:00,-0.006324504817213139,0.01938571145230794,0.020107760805021302,0.11204527996003599,0.19070363792190714,,2586.999951171875,2560.45,2551.120007324219,2484.8979931640624,2417.377985839844,,2573.208613516759,2548.1956198953285,2493.6642228725486,2355.741647373776,59.00591592133183,0.5861140337750238,29.601674892723167,26.76954545209203,2.832129440631139,2.7506897480677805,69.39990234375,30.785731724330358,0.12085017446428237,0.15237464773682696,0.16459821980855807,,2605.7700226393945,2496.4699920090434,0.04284393925668329,173253.15,0.920762479643222,0.2504311155703267,4020703,0.016181087091552363,0.04326210149285055,,-0.009551463640540448,0.20621624848353878,0.0003450291379772727,0.01018357635327484,0.026649791799223214,False,False,False,False,False,False,GOLD,84.66638186041031,0.17379226462032196,45.86466165413533,98.99,-0.3323,4.133,-0.3136,3.57,-0.5017,90.9,12.2084,6740.02,-1.3277,24450.4492,-1.2737,29.49,24.1684,19.88,11.3102,91.7869,-0.3648,530,999,central_bank,high,0.002391681664119183,1,0.020752989837518943,1,0.032633891700028395,1,0.03776429184242169,1,0.033366765645144625,1,0.06337758641310853,1
2024-09-18,2598.60009765625,2598.60009765625,2627.199951171875,2572.5,2596.0,233128,valid,,83.77059936523438,69987.77,2026-10-03T13:44:11.057201+00:00,0.002391681664119183,0.02210517521680644,0.018819100667371247,0.10842868362960179,0.1862503340689723,,2598.239990234375,2567.710009765625,2553.5200073242186,2489.5119970703126,2419.938986816406,,2578.2869103446574,2552.9960463487496,2497.7793552170074,2358.1581493666363,64.44863721439172,0.8456900975917703,30.04337776571265,27.424311914816155,2.6190658508964937,2.874113129701117,72.60009765625,32.085728236607146,0.12056682774320882,0.1521693960709486,0.16446358173886821,,2612.145228227193,2494.894786421244,0.04591718156489688,175349.75,1.3295028935028346,0.461388497100768,4253831,0.017654097168892866,0.04381907004837483,,-0.01088605893999694,0.2091011337679984,0.0013887123097766733,0.021049776462792165,0.02571106720080305,False,False,False,False,False,False,GOLD,85.64648929003685,0.3894971952417053,58.2089552238806,98.99,-0.3323,4.133,-0.3136,3.57,-0.5017,90.9,12.2084,6740.02,-1.3277,24450.4492,-1.2737,29.49,24.1684,19.88,11.3102,91.7869,-0.3648,529,999,central_bank,high,0.00615716131713806,1,0.020741899606778302,1,0.033133167967353216,1,0.027360829232536465,1,0.03567303459100302,1,0.042638266960519866,1
2024-09-19,2614.60009765625,2614.60009765625,2620.5,2575.300048828125,2585.10009765625,204475,valid,,83.69170379638672,70352.37,2026-10-03T13:44:11.057201+00:00,0.00615716131713806,0.013175230067951738,0.02633958691118754,0.12176078723304196,0.17912880526993202,,2605.039990234375,2574.860009765625,2556.8750122070314,2494.21,2422.61298828125,,2585.549547806976,2558.8630988542254,2502.36056080286,2360.7098105436476,63.315321183413815,0.8992839719203561,31.323419871152055,28.204133506083338,3.1192863650687173,2.8115291280077948,71.5,33.478585379464285,0.12163792808368824,0.15160311559273792,0.16385658865944117,,2621.4297939853877,2492.320230428675,0.05049506250413778,178128.8,1.147905335914231,-0.12290672935039981,4458306,0.022576420502998747,0.04826782735062472,,-0.004795924843862752,0.21654576449733953,-0.005195104861333158,0.017287519882055898,0.025124192512661833,False,False,False,False,False,False,GOLD,84.08696562422816,0.042341943856152635,41.48148148148148,98.99,-0.3323,4.133,-0.3136,3.57,-0.5017,90.9,12.2084,6740.02,-1.3277,24450.4492,-1.2737,29.49,24.1684,19.88,11.3102,91.7869,-0.3648,528,999,central_bank,high,0.012085922257843995,1,0.023865945082647944,1,0.030712078975091206,1,0.024707355275299214,1,0.03553120893211403,1,0.02340700255719219,1
2024-09-20,2646.199951171875,2646.199951171875,2651.0,2608.699951171875,2611.199951171875,207209,valid,,83.61470031738281,71137.13,2026-10-03T13:44:11.057201+00:00,0.012085922257843995,0.013597885878867455,0.05145627310069267,0.14395642704008416,0.17238927680684712,,2612.139990234375,2587.0199951171876,2563.3500122070313,2498.6960009765626,2425.49798828125,,2597.679628479956,2567.180894313049,2508.001321209488,2363.5505084603465,79.24051760564652,0.9999999999692537,34.490125848214575,29.461331974509584,5.028793873704991,4.816598622035784,121.599853515625,34.09287806919643,0.11642464821928672,0.15168168625863443,0.1628313803604274,,2636.362146716212,2490.3378776978507,0.05696618422100625,179620.8,1.1535913435414988,0.013370827729551227,4665515,0.03232096224482351,0.05903237133993275,,-0.001810655914041188,0.23124884203015825,-0.0013004460940017634,0.015985205052012928,0.025875100934717243,False,False,True,False,False,False,GOLD,84.87939121682972,0.2184785683077321,50.0,98.99,-0.3323,4.133,-0.3136,3.57,-0.5017,90.9,12.2084,6740.02,-1.3277,24450.4492,-1.2737,29.49,24.1684,19.88,11.3102,91.7869,-0.3648,527,999,central_bank,high,0.0023807909244859538,1,0.014549165108611817,1,0.008276073950752139,1,0.008162685380854962,1,0.03166807133792515,1,0.008994047792036719,1
2024-09-23,2652.5,2652.5,2659.800048828125,2638.60009765625,2646.199951171875,170494,valid,,83.48709869384766,71197.68,2026-10-03T13:44:11.057201+00:00,0.0023807909244859538,0.016712062282298046,0.04170755572217466,0.13519639182614807,0.16245943695296927,,2620.860009765625,2599.0,2568.660009765625,2503.332001953125,2428.9939892578127,,2608.643702783965,2575.306523426092,2513.6679360640182,2366.4256277791487,81.66251608697831,0.9999999999713846,37.08068142510001,30.98520186462767,6.0954795604723415,4.730131919996827,119.800048828125,33.100010463169646,0.11121244368045424,0.15080270170961993,0.1622379871579334,,2651.2678513360042,2486.052168195246,0.06431979417773119,179914.85,0.9476371739186569,-0.17718824954514523,4836009,0.03263958247319472,0.05958778057821848,,-0.002744585568128915,0.2341801880990463,0.0,0.007992441535105374,0.026096421793635128,False,False,True,False,False,False,GOLD,86.212499847639,0.5148820754483677,64.23357664233576,98.99,-0.3323,4.133,-0.3136,3.57,-0.5017,90.9,12.2084,6740.02,-1.3277,24450.4492,-1.2737,29.49,24.1684,19.88,11.3102,91.7869,-0.3648,524,999,central_bank,high,0.009236569274269524,1,0.015984883070216727,1,0.0026012826932140243,1,0.005089538171536345,1,0.032573007481149885,1,0.0035815268614514117,1
2024-09-24,2677.0,2677.0,2689.39990234375,2647.10009765625,2653.300048828125,216553,valid,,83.55960083007812,71917.7,2026-10-03T13:44:11.057201+00:00,0.009236569274269524,0.032633891700028395,0.047667521585645245,0.14421263816912488,0.15637149028077757,,2637.780029296875,2612.389990234375,2574.7500122070314,2508.29400390625,2432.6539892578126,,2622.314962227172,2584.9916164331307,2520.0731150419,2369.515920040053,83.40700746895857,0.9999999999727451,40.642163071661344,32.91659410603441,7.725568965626934,5.265223436039879,133.89990234375,34.064278738839285,0.11402121745865852,0.15148452313159116,0.16150060153261436,,2670.1482150856855,2479.3518093283774,0.07410288565983406,184368.25,1.1745677468869984,0.27015026921768515,5052562,0.03971258852632529,0.0672592590146734,,-0.004610657690936614,0.2455797789033499,0.000301620670358039,0.015801197118970562,0.026494505108755482,False,False,True,False,False,False,GOLD,83.36707031323569,-0.12413161568217197,37.68115942028986,98.99,-0.3323,4.133,-0.3136,3.57,-0.5017,90.9,12.2084,6740.02,-1.3277,24450.4492,-1.2737,29.49,24.1684,19.88,11.3102,91.7869,-0.3648,523,999,central_bank,high,0.0028763358878876044,1,-0.0033245806289690094,0,0.004968266278716937,1,-0.015539819819293976,0,0.030930163925336096,1,-0.00885317563387189,0
2024-09-25,2684.699951171875,2684.699951171875,2694.89990234375,2673.39990234375,2682.800048828125,189943,valid,,83.56759643554688,72131.46,2026-10-03T13:44:11.057201+00:00,0.0028763358878876044,0.033133167967353216,0.051627581914638565,0.14784730568486837,0.16296294181151172,,2655.0,2626.6199951171875,2581.3400146484373,2512.632001953125,2436.4049877929688,,2634.791960016113,2594.487648313011,2526.529069399938,2372.6520795538027,82.6868952146935,0.98037337146722,43.583580260636154,35.04999133695476,8.533588923681393,5.597075766756587,142.300048828125,33.435703822544646,0.11337724350323038,0.15139222054569443,0.16140723382408484,,2687.9350480254243,2474.7449812714503,0.08258891333342096,186554.3,1.0181646844913197,-0.12287984927477336,5242505,0.04004119408402485,0.06848115803863412,,-0.003784909102931925,0.2491624847226353,0.002166622647785892,0.008008343722212687,0.027345036058554047,False,False,False,False,True,False,GOLD,84.69619392277944,0.1750011634042151,46.043165467625904,98.99,-0.3323,4.133,-0.3136,3.57,-0.5017,90.9,12.2084,6740.02,-1.3277,24450.4492,-1.2737,29.49,24.1684,19.88,11.3102,91.7869,-0.3648,522,999,central_bank,high,0.003799289066706679,1,-0.009423790102533247,0,-0.005587216550383078,0,-0.021864622579611748,0,0.016649887132587526,1,-0.028531997954627686,0
2024-09-26,2694.89990234375,2694.89990234375,2708.699951171875,2677.5,2681.199951171875,217643,valid,,83.62409973144531,72454.47,2026-10-03T13:44:11.057201+00:00,0.003799289066706679,0.030712078975091206,0.06190395243635072,0.15492415150823335,0.14901509957885906,,2671.0599609375,2638.0499755859373,2589.1950073242188,2517.332001953125,2440.2679858398437,,2646.8135484816407,2604.0507201254627,2533.131847162441,2375.858525551713,90.87843618948943,0.999999999976728,46.20510173852199,37.281013417268206,8.924088321253784,4.429194774940504,114.2998046875,32.385689871651785,0.10892036440861307,0.15110163569800972,0.16002126791068258,,2705.033353569547,2473.3566610788903,0.08947827098198824,189180.3,1.150452769130818,0.14583322365130602,5460148,0.04082538963673124,0.07053813333036106,,-0.005094712990321995,0.2539084140933803,-0.0013036838617555536,0.011577406323971022,0.028547289477632895,False,False,False,False,True,False,GOLD,84.14987584253177,0.051162463241953886,41.42857142857143,98.99,-0.3323,4.133,-0.3136,3.57,-0.5017,90.9,12.2084,6740.02,-1.3277,24450.4492,-1.2737,29.49,24.1684,19.88,11.3102,91.7869,-0.3648,521,999,central_bank,high,-0.009944638264371974,0,-0.001706873606557524,0,-0.005825801232253847,0,-0.02063150971480232,0,0.020037849996965118,1,-0.01847927807789418,0
2024-09-27,2668.10009765625,2668.10009765625,2696.89990234375,2665.300048828125,2695.10009765625,196732,valid,,83.61710357666016,71727.93,2026-10-03T13:44:11.057201+00:00,-0.009944638264371974,0.008276073950752139,0.04210445915410044,0.1260657582609983,0.1348788165275414,,2675.439990234375,2643.789990234375,2594.585009765625,2521.566005859375,2443.6369873046874,,2651.0708583165624,2610.1506608426807,2538.424719730826,2378.7664018910614,79.82378873577237,0.741064436473339,45.594570308933726,38.94372479560131,6.650845513332413,2.1986496938726896,57.400146484375,33.049961635044646,0.11580165525639748,0.1507389217617641,0.16082478610769255,,2714.7147938077155,2474.455225723534,0.09260038394571317,191018.65,1.029909906702822,-0.09607935931778189,5263416,0.028334044794792693,0.05811233632445673,,-0.014988686176940767,0.24143874849857386,7.428673411053827e-05,0.011843578711072925,0.028957799929308376,False,False,False,False,True,False,GOLD,84.65053376629376,0.16429463049066997,45.39007092198582,98.99,-0.3323,4.133,-0.3136,3.57,-0.5017,90.9,12.2084,6740.02,-1.3277,24450.4492,-1.2737,29.49,24.1684,19.88,11.3102,91.7869,-0.3648,520,999,central_bank,high,-0.0032608204317906564,0,0.0005996227491729123,1,-0.0001124578603286519,0,0.0030733296622109663,1,0.03242007302349137,1,-0.01495451633146172,0
2024-09-30,2659.39990234375,2659.39990234375,2687.699951171875,2646.199951171875,2680.5,173252,valid,,83.71640014648438,71578.94,2026-10-03T13:44:11.057201+00:00,-0.0032608204317906564,0.0026012826932140243,0.052144247347400086,0.10914624702893683,0.12571961237610307,,2676.819970703125,2648.839990234375,2601.175,2526.772001953125,2446.9889868164064,,2652.736667122,2614.8410647951637,2543.168844539176,2381.5587750298946,75.80995416273853,0.6423050071713872,43.90260480146253,39.93550079677355,3.967104004688977,1.9356817773894752,50.5,34.6856689453125,0.10392487375928389,0.1496826670316308,0.16085448580699424,,2720.2888033808767,2482.0611966191236,0.09158461340035234,190899.05,0.9075582094305819,-0.11935018197344616,5090164,0.02238407732802577,0.052489065213661944,,-0.0182006311945987,0.23739063966265467,0.004647465196166309,0.015605024262582742,0.02944586927088573,False,False,False,False,True,False,GOLD,85.33564176677746,0.31922912974633627,56.33802816901409,98.99,-0.3323,4.133,-0.3136,3.57,-0.5017,90.9,12.2084,6740.02,-1.3277,24450.4492,-1.2737,29.49,24.1684,19.88,11.3102,91.7869,-0.3648,517,999,central_bank,high,0.011619217725451048,1,0.00744530704489943,1,0.002481799615933422,1,0.002331426464683206,1,0.03628638171903131,1,-0.008986953155366684,0
2024-10-01,2690.300048828125,2690.300048828125,2694.699951171875,2653.800048828125,2656.10009765625,202756,valid,,83.82730102539062,72506.55,2026-10-03T13:44:11.057201+00:00,0.011619217725451048,0.004968266278716937,0.06630996782723941,0.1382695362082187,0.14558855420797445,,2679.47998046875,2658.6300048828125,2609.540002441406,2532.68400390625,2450.6689868164062,,2660.2493434632256,2622.027634703065,2548.938695687762,2384.630827505499,78.9432495420576,0.6255336400246556,44.541645165571026,40.85672967053305,3.684915495037977,3.7764291842421693,97.900146484375,35.53566196986607,0.10729802277799451,0.14721795804755097,0.16125474285468175,,2729.0353840980742,2490.044620784738,0.09158348333026207,187359.9,1.0821739336965857,0.17029529240643693,5292920,0.030948000916303738,0.0622328109936794,,-0.006792890565742724,0.25176815091632465,-0.0012408080050655846,0.015202728915516503,0.030345672186734746,False,False,False,False,True,False,GOLD,85.55573461129296,0.36809842142570165,58.04195804195804,98.99,-0.3323,4.133,-0.3136,3.57,-0.5017,90.9,12.2084,6740.02,-1.3277,24450.4492,-1.2737,29.49,24.1684,19.88,11.3102,91.7869,-0.3648,516,999,central_bank,high,-0.0076571747694920145,0,-0.008363379396956416,0,-0.020406700177658332,0,-0.004237500010209172,0,0.03375090033830119,1,-0.013530143784605264,0
2024-10-02,2669.699951171875,2669.699951171875,2684.800048828125,2662.10009765625,2684.60009765625,128680,valid,,83.87210083007812,71989.81,2026-10-03T13:44:11.057201+00:00,-0.0076571747694920145,-0.005587216550383078,0.05688834171491486,0.12745473257944862,0.12517385514898827,,2676.47998046875,2665.739990234375,2616.725,2537.932001953125,2453.962985839844,,2662.139465004956,2626.5678553191424,2553.674431196943,2387.467336198697,68.72631329411077,0.3049773689275891,42.891408086062256,41.26366535363889,1.6277427324233642,2.7360829232536465,71.099853515625,33.9927978515625,0.11392742027638152,0.1485982826624128,0.16119904251338565,,2732.2865563940722,2501.1634436059276,0.08832533521407727,185396.05,0.6940816700247892,-0.36534553847974904,5164240,0.020244752953350025,0.051919416720894354,,-0.014398050984980041,0.242183143413878,-0.0021187046308666344,0.008502809898881058,0.03104614228679364,False,False,False,False,True,False,GOLD,84.40938185126221,0.10477781391710764,43.05555555555556,98.99,-0.3323,4.133,-0.3136,3.57,-0.5017,90.9,12.2084,6740.02,-1.3277,24450.4492,-1.2737,29.49,24.1684,19.88,11.3102,91.7869,-0.3648,515,999,central_bank,high,0.003558452325636896,1,-0.0013859052476106193,0,-0.01636886240818658,0,0.00809083344619621,1,0.04910667867327301,1,-0.014158912806486956,0
2024-10-03,2679.199951171875,2679.199951171875,2683.39990234375,2657.800048828125,2679.89990234375,138551,valid,,83.91960144042969,72286.9,2026-10-03T13:44:11.057201+00:00,0.003558452325636896,-0.005825801232253847,0.053517301045702625,0.12585620294378375,0.12851179013758718,,2673.339990234375,2672.1999755859374,2623.529992675781,2543.202001953125,2457.0049853515625,,2665.55156223834,2631.580435876546,2558.5970006077246,2390.3701482879824,65.76159863020779,0.2119594764337885,41.86753107976847,41.38443849886481,0.4830925809036586,2.4707355275299214,64.599853515625,33.392787388392854,0.11300794576453761,0.14850658458361946,0.16123909710489054,,2736.8437935953593,2510.216191756203,0.08638269906262011,184688.15,0.7501888995043767,0.07670966739198004,5302791,0.021219486208081777,0.053475087356117564,,-0.010890833437356697,0.2466033929094243,0.0038206357862028174,0.009555036571428026,0.031585375703909596,False,False,False,False,False,False,GOLD,83.23340332631808,-0.16532400458970423,35.86206896551724,98.99,-0.3323,4.133,-0.3136,3.57,-0.5017,90.9,12.2084,6740.02,-1.3277,24450.4492,-1.2737,29.49,24.1684,19.88,11.3102,91.7869,-0.3648,514,999,central_bank,high,-0.004254965120749521,0,-0.01634818215376832,0,-0.014892469047074308,0,0.0105628730008549,1,0.02616456365102149,1,-0.02280526076036249,0
2024-10-04,2667.800048828125,2667.800048828125,2690.60009765625,2651.60009765625,2675.699951171875,192656,valid,,84.0093994140625,72056.34,2026-10-03T13:44:11.057201+00:00,-0.004254965120749521,-0.0001124578603286519,0.0567218353927883,0.10153191973227704,0.11951323912216738,,2673.27998046875,2674.3599853515625,2630.689990234375,2549.4880029296874,2460.252985839844,,2666.001259556297,2635.0299228243152,2562.879473086956,2393.13064481077,62.97930992927566,0.12466519667692562,39.67883145961241,41.04331709101433,-1.3644856314019194,0.8162685380854962,21.60009765625,35.114222935267854,0.1099636353099047,0.14537372274773544,0.16137349674235912,,2735.4578895636437,2525.922090905106,0.07965050972797824,182915.1,1.0532536679585172,0.39050602305288296,5110135,0.014106587523233722,0.046406198327835074,,-0.015099458441692748,0.24129913895318872,-0.0013063601313025566,0.01461878674794866,0.03185031159642413,False,False,False,False,False,False,GOLD,83.03660936208928,-0.2100255479467682,34.24657534246575,98.99,-0.3323,4.133,-0.3136,3.57,-0.5017,90.9,12.2084,6740.02,-1.3277,24450.4492,-1.2737,29.49,24.1684,19.88,11.3102,91.7869,-0.3648,513,999,central_bank,high,-0.0006747315372888085,0,-0.01566835897108798,0,0.003186145829682241,1,0.023315072356789868,1,0.030511995222245458,1,-0.010045748683413236,0
2024-10-07,2666.0,2666.0,2679.199951171875,2657.300048828125,2671.699951171875,130705,valid,,84.02780151367188,72023.5,2026-10-03T13:44:11.057201+00:00,-0.0006747315372888085,0.002481799615933422,0.052631599241136806,0.10133434699718724,0.10723479771401312,,2674.6,2675.7099853515624,2637.3549926757814,2555.1880029296876,2463.313986816406,,2666.001007645038,2637.9794539839045,2566.92341531884,2395.8457627728517,67.34213711440313,0.1563786315126581,37.36826425571235,40.30830652395393,-2.9400422682415837,0.5089538171536345,13.5,34.792794363839285,0.1106272710380579,0.14538550961173863,0.16080247345518459,,2732.3827330579516,2542.3272522936113,0.07206291200542692,182421.2,0.7165011522783497,-0.32156278548293327,4979430,0.01086126342633357,0.04336745356631916,,-0.01576400189817473,0.24046159527692787,0.0014618420692591389,0.008214517008155208,0.03215692530328567,False,False,False,False,False,False,GOLD,83.98172718335952,0.008952802230913923,38.095238095238095,98.99,-0.3323,4.133,-0.3136,3.57,-0.5017,90.9,12.2084,6740.02,-1.3277,24450.4492,-1.2737,29.49,24.1684,19.88,11.3102,91.7869,-0.3648,510,999,central_bank,high,-0.011477906097618118,0,-0.01001498543581203,0,-0.0001500008791259777,0,0.027344299453769594,1,0.030082502315031956,1,0.0011252813203301848,1
2024-10-08,2635.39990234375,2635.39990234375,2672.39990234375,2623.39990234375,2662.800048828125,233849,valid,,83.96410369873047,71142.85,2026-10-03T13:44:11.057201+00:00,-0.011477906097618118,-0.020406700177658332,0.03629420830606089,0.08501791275990378,0.10341651737534296,,2663.619970703125,2671.5499755859373,2641.9699829101564,2560.34,2465.7189868164064,,2659.8807865847803,2637.7337823991274,2569.608767751189,2398.2293860521645,57.776794061379775,0.0,32.69110820878814,38.78486686092078,-6.093758652132642,-1.5539819819293976,-41.60009765625,34.385654994419646,0.12112841491404655,0.14779916116796885,0.1612816827441948,,2726.059739212218,2557.8802266080947,0.06365685972662274,186308.25,1.2551725433522067,0.7891358402509467,4745581,-0.002486811208644746,0.02931638077119466,,-0.027060970262278723,0.22622369356864303,-0.001200281759892648,0.018593003648669813,0.03188247768270011,False,False,False,False,False,False,GOLD,86.81930298137551,0.6654979667716738,72.97297297297297,98.99,-0.3323,4.133,-0.3136,3.57,-0.5017,90.9,12.2084,6740.02,-1.3277,24450.4492,-1.2737,29.49,24.1684,19.88,11.3102,91.7869,-0.3648,509,999,central_bank,high,-0.0035667840525418493,0,0.015519521894191923,1,0.0165060338513765,1,0.047203517907753456,1,0.043371045406229936,1,0.00732338527104015,1
2024-10-09,2626.0,2626.0,2642.89990234375,2622.800048828125,2640.699951171875,143000,valid,,83.91459655761719,70847.3,2026-10-03T13:44:11.057201+00:00,-0.0035667840525418493,-0.01636886240818658,0.03288235559605779,0.0641056601190193,0.09507923269391161,,2654.87998046875,2665.67998046875,2646.1499877929687,2564.76,2468.123986816406,,2653.1046292678247,2636.6162793134963,2571.8201886236916,2400.4957603203025,52.47823963994565,0.0,27.904271709174736,36.60874783057157,-8.704476121396837,-2.1864622579611748,-58.699951171875,32.59279087611607,0.12243700569023981,0.14495125914182358,0.16134281439637332,,2716.6057288682346,2575.6942467177028,0.053251509854135785,183754.0,0.7782143517964193,-0.38849428477350767,4602581,-0.007614832071468185,0.023877477814678916,,-0.030531233677641437,0.2218500184535751,0.002011098514274618,0.007654171178833719,0.031733958652246874,False,False,False,False,False,False,GOLD,86.31060199715539,0.5446121058765887,67.78523489932886,98.99,-0.3323,4.133,-0.3136,3.57,-0.5017,90.9,12.2084,6740.02,-1.3277,24450.4492,-1.2737,29.49,24.1684,19.88,11.3102,91.7869,-0.3648,508,999,central_bank,high,0.005064755837062007,1,0.015080006723629191,1,0.024866736035081827,1,0.03937543882092531,1,0.019154626362576144,1,0.008149239277894127,1
2024-10-10,2639.300048828125,2639.300048828125,2648.89990234375,2618.800048828125,2625.800048828125,195581,valid,,83.94219970703125,71229.55,2026-10-03T13:44:11.057201+00:00,0.005064755837062007,-0.014892469047074308,0.022746628284323167,0.0729298563382379,0.09342115976403176,,2646.9,2660.1199951171875,2649.0849853515624,2569.0160009765623,2470.34298828125,,2650.3437131798846,2636.8718764101277,2574.4664576513164,2402.8719223950075,48.37035994851948,0.0,24.896876389964746,34.26637354245021,-9.369497152485465,-2.063150971480232,-55.599853515625,31.721348353794642,0.11272175545251886,0.14489904681679353,0.1612422719673317,,2712.591145422792,2585.5788252803327,0.04794573252452887,181849.1,1.07551260908082,0.3676993006993008,4798162,-0.003693704270546514,0.027358353480405814,,-0.025621111084562775,0.2280383904665499,-7.614286819304032e-05,0.011404483370118613,0.031167180097178167,False,False,False,False,False,False,GOLD,85.12498371819801,0.2667944253986319,53.333333333333336,98.99,-0.3323,4.133,-0.3136,3.57,-0.5017,90.9,12.2084,6740.02,-1.3277,24450.4492,-1.2737,29.49,24.1684,19.88,11.3102,91.7869,-0.3648,507,999,central_bank,high,0.014018868380057281,1,0.015003922548786353,1,0.025840165919049696,1,0.04152610597051609,1,0.025196074250643408,1,0.009888930031738408,1
2024-10-11,2676.300048828125,2676.300048828125,2679.0,2645.300048828125,2647.39990234375,168597,valid,,83.94599914550781,72231.37,2026-10-03T13:44:11.057201+00:00,0.014018868380057281,0.003186145829682241,0.02512739835414779,0.08952131380340766,0.14059843173145703,,2648.6,2660.939990234375,2652.364990234375,2572.9260009765626,2472.7209887695312,,2655.534980309533,2640.626940449937,2578.4599318151127,2405.592600269964,54.90924802920017,0.15382695851628736,25.208496850526444,32.45479820406546,-7.2463013535390175,0.3073329662210966,8.199951171875,33.042776925223215,0.11590045270072678,0.14713688339419806,0.15681751749345432,,2714.280015081502,2590.449965387248,0.04668665517382845,181545.25,0.9286775611039071,-0.13796841206456656,4966759,0.009024044082117811,0.040177621825224,,-0.011961421688556071,0.2452540990281512,0.003068940009006685,0.012591992884586558,0.030874960736387368,False,False,False,False,False,False,GOLD,84.90799523716439,0.21521963487739523,50.993377483443716,98.99,-0.3323,4.133,-0.3136,3.57,-0.5017,90.9,12.2084,6740.02,-1.3277,24450.4492,-1.2737,29.49,24.1684,19.88,11.3102,91.7869,-0.3648,506,999,central_bank,high,-0.003998038701437889,0,0.005604752728143536,1,0.02006499652211602,1,0.02925682748554692,1,0.006912528364710235,1,-0.0014572904432306188,0
2024-10-14,2665.60009765625,2665.60009765625,2684.199951171875,2660.0,2673.10009765625,123361,valid,,84.16829681396484,72133.1,2026-10-03T13:44:11.057201+00:00,-0.003998038701437889,-0.0001500008791259777,0.02173337323580804,0.11108331839107155,0.13812390013720077,,2648.52001953125,2661.560009765625,2655.2,2576.842001953125,2475.117990722656,,2657.548003778876,2643.0053363743477,2581.8771932206478,2408.1797395474396,47.50658410459381,0.0,24.31181025918704,30.82620061508978,-6.514390355902737,0.2331426464683206,6.2001953125,31.749930245535715,0.11722858352167877,0.13828858685293213,0.1569359549196158,,2713.841089473169,2596.5589105268305,0.04417075133560355,181334.5,0.6802952554533159,-0.2683084515145584,4843398,0.003916879201659486,0.03444452381473762,,-0.015911638163157434,0.24027552494711432,-0.0011956623373657117,0.009078612802101831,0.030408538042865172,False,False,False,False,False,False,GOLD,85.75749064980302,0.4132573032079048,62.5,98.99,-0.3323,4.133,-0.3136,3.57,-0.5017,90.9,12.2084,6740.02,-1.3277,24450.4492,-1.2737,29.49,24.1684,19.88,11.3102,91.7869,-0.3648,503,999,central_bank,high,0.004989422344032102,1,0.01571875030338976,1,0.027498425120838332,1,0.033875975907600164,1,-0.01796974217043723,0,0.009453762848385283,1
2024-10-15,2678.89990234375,2678.89990234375,2685.89990234375,2654.39990234375,2663.5,160564,valid,,84.04850006103516,72389.82,2026-10-03T13:44:11.057201+00:00,0.004989422344032102,0.0165060338513765,0.033366765645144625,0.11867873093361792,0.1456123906174991,,2657.22001953125,2660.4199951171877,2659.525,2581.532001953125,2477.977990722656,,2661.8183834918514,2646.423866466672,2585.6820053431225,2410.873472510587,48.761731418152934,0.02893921410304013,24.39317344321853,29.53959518071553,-5.1464217374970005,-0.4237500010209172,-11.400146484375,32.46421595982143,0.11457199522351932,0.13823090516622033,0.15698470787350166,,2710.9835436307085,2608.0664563692917,0.03869754458460743,181386.45,0.8852039388829712,0.3015782945987793,5003962,0.00728509878408461,0.03771709989142922,,-0.011001605702108678,0.24646378336403915,-0.0007878517329346363,0.011758558045572782,0.030211904399340097,False,False,False,False,False,False,GOLD,84.97160738271928,0.22728560415458385,50.98039215686274,98.99,-0.3323,4.133,-0.3136,3.57,-0.5017,90.9,12.2084,6740.02,-1.3277,24450.4492,-1.2737,29.49,24.1684,19.88,11.3102,91.7869,-0.3648,502,999,central_bank,high,0.004628820387624799,1,0.01907503061668825,1,0.030199018042292636,1,0.038150061233376276,1,-0.027100621957583337,0,0.013475717261651532,1
2024-10-16,2691.300048828125,2691.300048828125,2702.5,2674.89990234375,2679.5,156877,valid,,84.05619812011719,72731.56,2026-10-03T13:44:11.057201+00:00,0.004628820387624799,0.024866736035081827,0.03567303459100302,0.11797449185374775,0.14890076790955176,,2670.280029296875,2662.5800048828123,2664.1599975585937,2586.7260009765623,2481.5189916992185,,2667.7147165591064,2650.6977885963342,2589.823889401358,2413.663786702801,49.238610134308246,0.05359454969659839,25.168120119566993,28.66530016848582,-3.4971800489188283,0.8090833446196211,21.60009765625,32.207083565848215,0.11503389564007073,0.13817140217094206,0.15706215049820163,,2708.754212642212,2619.565782474975,0.03347712984540528,177573.9,0.8834462722280647,-0.02296280610846768,5160839,0.010187095104795506,0.0404271839429621,,-0.006423709771256056,0.2522334403369085,0.00022400898806437483,0.010255303071189582,0.029935136753087833,False,False,False,False,False,True,GOLD,84.73866591146867,0.17164851413859009,46.75324675324675,98.99,-0.3323,4.133,-0.3136,3.57,-0.5017,90.9,12.2084,6740.02,-1.3277,24450.4492,-1.2737,29.49,24.1684,19.88,11.3102,91.7869,-0.3648,501,999,central_bank,high,0.0060193775788504045,1,0.017686565099402918,1,0.014156672546494775,1,0.040686656267731935,1,-0.038940306516086265,0,-0.004718890848831592,0
2024-10-17,2707.5,2707.5,2712.699951171875,2688.199951171875,2690.39990234375,181816,valid,,84.03929901123047,73154.65,2026-10-03T13:44:11.057201+00:00,0.0060193775788504045,0.025840165919049696,0.03553120893211403,0.1207931674985423,0.15350206898574603,,2683.92001953125,2665.410009765625,2668.8049926757812,2592.2280029296876,2485.2489916992185,,2675.6717732472853,2656.1075230157307,2594.438638836599,2416.587530118694,58.724502042431546,0.3568418527021076,26.780759687458612,28.28839207228038,-1.5076323848217683,1.05628730008549,28.300048828125,31.699951171875,0.1149653631719804,0.13839299793395077,0.157213041888424,,2710.9493851488896,2626.660600202673,0.03158296884841933,176440.95,1.0304637330506268,0.15897167844872095,5342655,0.014499001399651944,0.0444683094774031,,-0.0019168913869839258,0.2597711062311564,-0.0003344653022863865,0.00904893813480737,0.02954099317634029,False,False,False,False,False,True,GOLD,85.75365039241558,0.41079067342896525,62.58064516129033,98.99,-0.3323,4.133,-0.3136,3.57,-0.5017,90.9,12.2084,6740.02,-1.3277,24450.4492,-1.2737,29.49,24.1684,19.88,11.3102,91.7869,-0.3648,500,999,central_bank,high,0.008310249307479145,1,0.019316730869113563,1,0.015290822656971459,1,0.01543861452562334,1,-0.04971379414819943,0,-0.009307461189981492,0
2024-10-18,2730.0,2730.0,2737.800048828125,2707.300048828125,2707.800048828125,178959,valid,,84.05380249023438,73775.32,2026-10-03T13:44:11.057201+00:00,0.008310249307479145,0.02006499652211602,0.03166807133792515,0.1599745060548119,0.15790815478580145,,2694.660009765625,2671.6300048828125,2672.9949951171875,2597.562001953125,2488.9839916992187,,2686.5374185978285,2663.1449017761374,2599.754770646928,2419.706062157314,64.73290252108717,0.547969009315358,29.533901688656442,28.537493995555593,0.9964076931008492,2.3315072356789868,62.199951171875,30.914236886160715,0.11119209840106524,0.12636844267725506,0.15747827478980797,,2721.8113647643117,2624.1786254700633,0.03652559749365772,175028.45,1.022456634907062,-0.015713688564262807,5521614,0.02132626697278646,0.05098550022953936,,-0.002849020632993577,0.27024011819429233,0.00011082135849488058,0.01117216117215708,0.029039920166415524,False,False,True,False,False,False,GOLD,82.64712631175941,-0.3267243746265367,30.128205128205128,98.99,-0.3323,4.133,-0.3136,3.57,-0.5017,90.9,12.2084,6740.02,-1.3277,24450.4492,-1.2737,29.49,24.1684,19.88,11.3102,91.7869,-0.3648,499,999,central_bank,high,0.0032600374885531913,1,-0.0002198159913003872,0,0.009011024782509258,1,0.007032949147206979,1,-0.05857139279990842,0,-0.004468846583104424,0
2024-10-21,2738.89990234375,2738.89990234375,2755.39990234375,2728.5,2736.300048828125,210450,valid,,84.0687026977539,74028.95,2026-10-03T13:44:11.057201+00:00,0.0032600374885531913,0.027498425120838332,0.032573007481149885,0.15031495268532136,0.18932650939637719,,2709.319970703125,2678.9199951171877,2677.314990234375,2602.872001953125,2492.9609912109377,,2697.0099153470132,2670.359663734958,2605.211442478176,2422.882120268622,61.16725327026363,0.6437720784756639,32.064316814581616,29.242858559360798,2.8214582552208185,2.7344299453769594,72.89990234375,29.914236886160715,0.11131946026016344,0.12492645531326149,0.15337133397911767,,2733.265334867487,2621.3646456012625,0.04179586252433709,177026.25,1.1888067447624227,0.1759676797478753,5732064,0.023002490306140995,0.052260695219934324,,-0.00598824148391639,0.2743811485990683,0.0023077101934515357,0.009821425865443718,0.028600326187903608,False,False,True,False,False,False,GOLD,80.86745827207255,-0.7473902969913178,26.11464968152866,98.99,-0.3323,4.133,-0.3136,3.57,-0.5017,90.9,12.2084,6740.02,-1.3277,24450.4492,-1.2737,29.49,24.1684,19.88,11.3102,91.7869,-0.3648,496,999,central_bank,high,0.007630854441409207,1,0.0036511009370743253,1,0.006206871593026353,1,0.0026653215117056206,1,-0.04538311333726852,0,0.00438132112448919,1
2024-10-22,2759.800048828125,2759.800048828125,2763.300048828125,2733.5,2734.699951171875,173695,valid,,84.07350158691406,74598.11,2026-10-03T13:44:11.057201+00:00,0.007630854441409207,0.030199018042292636,0.030930163925336096,0.16065270088133143,0.19420166543839246,,2725.5,2691.360009765625,2681.4549926757813,2607.9880029296874,2497.129992675781,,2709.567942043236,2678.877795648593,2611.27374076641,2426.2345374682195,70.67465306021839,0.9999999999568372,35.34867862065994,30.464022571620628,4.884656049039311,4.720351790775346,124.400146484375,30.028529575892858,0.11000183116709644,0.1251415649200563,0.1536020181348354,,2748.4671491923386,2614.442836159224,0.04998193644836227,174883.35,0.9932048991513429,-0.17464956046566882,5905759,0.029217367573317034,0.058210408072368866,,-0.0012666015047779673,0.2841057656469001,-0.0015334445659293558,0.010797901406215277,0.028169987616329738,False,False,True,False,False,False,GOLD,79.23401415955965,-1.1292409322193715,15.822784810126583,98.99,-0.3323,4.133,-0.3136,3.57,-0.5017,90.9,12.2084,6740.02,-1.3277,24450.4492,-1.2737,29.49,24.1684,19.88,11.3102,91.7869,-0.3648,495,999,central_bank,high,-0.01101534384611802,0,-0.0018841767808805976,0,0.007717968132209263,1,-0.0036597208049686802,0,-0.04667006542115848,0,-0.004022065896028715,0
2024-10-23,2729.39990234375,2729.39990234375,2772.60009765625,2722.10009765625,2762.60009765625,214515,valid,,84.08399963378906,73785.6,2026-10-03T13:44:11.057201+00:00,-0.01101534384611802,0.014156672546494775,0.016649887132587526,0.13488561428014556,0.18176298360634258,,2733.119970703125,2701.7,2683.689990234375,2612.42,2501.194992675781,,2713.534334103339,2683.6894248576555,2615.906139259639,2429.251108263001,60.51087539936102,0.5613023389698094,35.093979705065976,31.390013998309698,3.7039657067562786,3.9375438820925313,103.39990234375,31.807111467633927,0.11849933766507284,0.12675407537020145,0.15464522423472013,,2754.055604819068,2613.3243756496818,0.0524394507865803,176111.95,1.2180604439392033,0.23500964334033791,5691244,0.01703248597106634,0.04477836731601548,,-0.01558111295927698,0.26996089910352206,0.0010145839475990122,0.018502235585418202,0.027281214442680526,False,False,False,False,False,False,GOLD,81.13555147989969,-0.6724697727232778,27.044025157232703,98.99,-0.3323,4.133,-0.3136,3.57,-0.5017,90.9,12.2084,6740.02,-1.3277,24450.4492,-1.2737,29.49,24.1684,19.88,11.3102,91.7869,-0.3648,494,999,central_bank,high,0.0071444276022927244,1,0.009709093921064671,1,0.02615965012054966,1,-0.01945477226331982,0,-0.02846777824867419,0,0.01091816878960672,1
2024-10-24,2748.89990234375,2748.89990234375,2756.300048828125,2728.699951171875,2729.199951171875,175872,valid,,84.06759643554688,74298.26,2026-10-03T13:44:11.057201+00:00,0.0071444276022927244,0.015290822656971459,0.020037849996965118,0.13286622804193282,0.1907215568146703,,2741.399951171875,2712.6599853515627,2686.389990234375,2617.8039990234374,2504.9909912109374,,2720.6074477514217,2689.8999465229977,2621.121580949212,2432.43169327873,66.42361389217672,0.8165130129316993,36.050053435525115,32.32202188575278,3.728031549772332,4.152610597051609,109.599853515625,30.992832728794642,0.12018557354189004,0.12639576131770006,0.15484061958495487,,2762.4780820590895,2610.3018984096607,0.056647093014255724,174023.4,1.01062270935977,-0.18014124886371585,5867116,0.023269112949567662,0.05007857859838527,,-0.008548003490487444,0.2790340428049065,-7.325829084379597e-05,0.01004041567054069,0.026199819098945996,False,False,False,False,False,False,GOLD,81.78572185505222,-0.5150360614735171,28.749999999999996,98.99,-0.3323,4.133,-0.3136,3.57,-0.5017,90.9,12.2084,6740.02,-1.3277,24450.4492,-1.2737,29.49,24.1684,19.88,11.3102,91.7869,-0.3648,493,999,central_bank,high,0.0020736278202200253,1,0.011713847886947626,1,0.00014556604408677565,1,-0.015678946140918915,0,-0.026919859808975377,0,0.008003201564830587,1
2024-10-25,2754.60009765625,2754.60009765625,2760.89990234375,2729.10009765625,2748.60009765625,153487,valid,,84.08180236816406,74464.9,2026-10-03T13:44:11.057201+00:00,0.0020736278202200253,0.009011024782509258,0.03242007302349137,0.11036764085741702,0.18162326499343617,,2746.319970703125,2720.489990234375,2690.714990234375,2623.0480029296873,2509.0629931640624,,2727.4059777323873,2696.0618656785455,2626.3560325847825,2435.637349043681,67.66347570959371,0.8700289887231333,36.843003665964716,33.22621824179517,3.6167854241695423,2.925682748554692,78.300048828125,31.699968610491073,0.11300028366426208,0.11913191409232303,0.15436919561111437,,2772.076594061439,2609.3533864073106,0.06047582454650617,171861.15,0.893087239320807,-0.1272800673216885,6020603,0.02374279983339545,0.05015237791286387,,-0.006492101048113419,0.28168628337907425,-0.00010906351564284801,0.011544254541537737,0.025797083099159613,False,False,False,False,False,False,GOLD,81.97482501678837,-0.4679606136767771,29.81366459627329,98.99,-0.3323,4.133,-0.3136,3.57,-0.5017,90.9,12.2084,6740.02,-1.3277,24450.4492,-1.2737,29.49,24.1684,19.88,11.3102,91.7869,-0.3648,492,999,central_bank,high,0.0004718669285628252,1,0.016771926789367342,1,-0.0019604103292415465,0,-0.021709158029510678,0,-0.015392487105642338,0,0.0037754672094141295,1
2024-10-28,2755.89990234375,2755.89990234375,2758.300048828125,2736.89990234375,2749.199951171875,161907,valid,,84.10199737548828,74517.94,2026-10-03T13:44:11.057201+00:00,0.0004718669285628252,0.006206871593026353,0.03628638171903131,0.115839277617382,0.18574131324381504,,2749.719970703125,2729.519970703125,2695.539990234375,2627.41,2512.8669921875,,2733.1047626546597,2701.760726313327,2631.4361843400366,2438.8240411163188,77.20090293453724,0.9999999999663235,37.14808580259478,34.0105917539551,3.137494048639681,3.3875975907600164,90.2998046875,29.728550502232142,0.11163013256130559,0.1184623527966953,0.1542395585875555,,2780.4504083904544,2610.629572078296,0.0630006740494804,171293.9,0.9452000333928942,0.054858066155439866,6182510,0.02239251219719585,0.048903636030806476,,-0.006023297527332225,0.28229106874899323,-0.001960410329240804,0.007765211815627817,0.02593047534809923,False,False,False,False,False,False,GOLD,81.46319104637095,-0.588373592021766,27.77777777777778,98.99,-0.3323,4.133,-0.3136,3.57,-0.5017,90.9,12.2084,6740.02,-1.3277,24450.4492,-1.2737,29.49,24.1684,19.88,11.3102,91.7869,-0.3648,489,999,central_bank,high,0.009144089482737927,1,-0.002394808864433773,0,-0.003519703732209445,0,-0.05014694149607646,0,-0.049856637473261856,0,0.00834573127291005,1
2024-10-29,2781.10009765625,2781.10009765625,2787.699951171875,2752.0,2754.300048828125,207424,valid,,84.10279846191406,75200.05,2026-10-03T13:44:11.057201+00:00,0.009144089482737927,0.007717968132209263,0.03375090033830119,0.1377434989216224,0.19756277792770316,,2753.97998046875,2739.739990234375,2700.0799926757813,2632.2060009765623,2516.768994140625,,2742.703829654978,2709.316856917415,2637.305357411261,2442.229773022189,82.68013193659965,0.9999999999715696,38.97404225020955,35.00328185320599,3.970760397003559,3.8150061233376276,102.2001953125,30.842843191964285,0.10906082064862622,0.11663552436550331,0.15460213689816835,,2793.1303959183056,2607.029589433257,0.06892418261303195,171527.3,1.209276890617405,0.2811305255486174,6389934,0.030006557287270468,0.05656627810452168,,-0.0023674906307073074,0.2940164530245455,-0.0005805194572792092,0.012836629361865836,0.025785972554584105,False,False,True,False,False,False,GOLD,81.15498018166656,-0.6596229983052471,27.607361963190186,98.99,-0.3323,4.133,-0.3136,3.57,-0.5017,90.9,12.2084,6740.02,-1.3277,24450.4492,-1.2737,29.49,24.1684,19.88,11.3102,91.7869,-0.3648,488,999,central_bank,high,0.007083510294533024,1,-0.011470333811882116,0,-0.011290548841027759,0,-0.06285284336778685,0,-0.05745929424215812,0,-0.015353706739460904,0
2024-10-30,2800.800048828125,2800.800048828125,2801.800048828125,2782.39990234375,2786.89990234375,191549,valid,,84.08930206298828,75720.58,2026-10-03T13:44:11.057201+00:00,0.007083510294533024,0.02615965012054966,0.04910667867327301,0.15183415707530878,0.1967696408119075,,2768.260009765625,2750.689990234375,2706.6349975585936,2637.21,2521.5269946289063,,2754.323073489608,2718.029541861292,2643.7169139374128,2445.797636463044,83.13497549579441,0.9999999999719326,41.531992355354305,36.30902395363566,5.222968401718646,4.0686656267731935,109.5,30.171421595982142,0.10478423909488341,0.11602092015208221,0.15454847006539102,,2808.7077418368617,2604.5622532803254,0.0754240925505662,174670.75,1.0966289433119107,-0.07653405584696082,6581483,0.034790450634989305,0.06203148358608641,,-0.00035691340658584864,0.3031826318908367,0.0020854354334048078,0.00692664458231684,0.02632516847674899,False,False,True,False,False,False,GOLD,82.58536084716903,-0.3137765372806428,32.31707317073171,98.99,-0.3323,4.133,-0.3136,3.57,-0.5017,90.9,12.2084,6740.02,-1.3277,24450.4492,-1.2737,29.49,24.1684,19.88,11.3102,91.7869,-0.3648,487,999,central_bank,high,-0.01838760322128241,0,-0.019494464690221314,0,-0.044451584486401186,0,-0.07651386928452453,0,-0.057447923335939954,0,-0.011889477380599867,0
2024-10-31,2749.300048828125,2749.300048828125,2801.199951171875,2741.800048828125,2799.10009765625,242571,valid,,84.08910369873047,74328.08,2026-10-03T13:44:11.057201+00:00,-0.01838760322128241,0.00014556604408677565,0.02616456365102149,0.1302829136685233,0.15760002055921052,,2768.3400390625,2754.8699951171875,2710.140002441406,2641.2460009765623,2525.7499951171876,,2753.3184685573115,2721.0076853819423,2647.8574290311662,2448.817560964189,64.13631773431621,0.4667551068096442,38.95452315163129,36.838123793234786,2.1163993583965066,1.543861452562334,41.800048828125,31.578560965401785,0.12800713711448491,0.12353490084390882,0.15599214666832306,,2813.0568702587993,2607.223134624013,0.07594948432526993,179871.75,1.34857752815547,0.26636526424048146,6338912,0.01444945513937564,0.040910255164255956,,-0.018737953845757053,0.27922022673077,-0.0006069519930869985,0.021605463677581243,0.02608390185516424,False,False,False,False,False,False,GOLD,84.19747217780723,0.07567441154405448,43.03030303030303,98.99,-0.3323,4.133,-0.3136,3.57,-0.5017,90.9,12.2084,6740.02,-1.3277,24450.4492,-1.2737,29.49,24.1684,19.88,11.3102,91.7869,-0.3648,486,999,central_bank,high,-3.6408414677224776e-05,0,0.00014545605668625505,1,-0.015822209008631738,0,-0.06416183877767889,0,-0.03357219917391974,0,0.007456443325907003,1
2024-11-01,2749.199951171875,2749.199951171875,2772.39990234375,2742.60009765625,2754.0,180660,valid,,84.09149932861328,74327.49,2026-10-03T13:44:11.057201+00:00,-3.6408414677224776e-05,-0.0019604103292415465,0.030511995222245458,0.1160637748859552,0.1733674567528276,,2767.260009765625,2756.789990234375,2714.209997558594,2645.8960009765624,2529.9759936523437,,2752.494765080224,2723.692663076222,2651.831645585704,2451.806440468743,66.88201496591797,0.5271624495583894,36.48322725987873,36.76714448656358,-0.2839172266848493,0.7032949147206979,19.199951171875,31.978550502232142,0.1264351391974004,0.12159621780252677,0.15451131859269682,,2816.513106225824,2611.906888891364,0.07538334083155904,179271.95,1.0077427059838362,-0.2552283661278554,6158252,0.012891395155401166,0.03904308792074426,,-0.018773680041240498,0.2791736523502917,0.001709508270614777,0.010839446099504943,0.025818851745039076,False,False,False,False,False,False,GOLD,84.48159199054868,0.14411872224623556,45.78313253012048,98.99,-0.3323,4.133,-0.3136,3.57,-0.5017,90.9,12.2084,6740.02,-1.3277,24450.4492,-1.2737,29.49,24.1684,19.88,11.3102,91.7869,-0.3648,485,999,central_bank,high,-0.0010912265580105274,0,-0.026516769837958032,0,-0.01978753939689304,0,-0.06514617223068186,0,-0.03299139850966937,0,0.02684419108790803,1
2024-11-04,2746.199951171875,2746.199951171875,2757.5,2739.39990234375,2743.5,145248,valid,,84.13359832763672,74283.56,2026-10-03T13:44:11.057201+00:00,-0.0010912265580105274,-0.003519703732209445,0.030082502315031956,0.110293547181604,0.16369340430264367,,2765.32001953125,2757.5199951171876,2718.2199951171874,2649.8939990234376,2533.8899926757813,,2751.2358022985545,2725.836214323427,2655.532363451828,2454.7357291324556,64.18034060266486,0.4408062725478215,33.8919472619541,36.19210504164169,-2.300157779687588,0.26653215117056206,7.300048828125,31.021414620535715,0.1265402468358852,0.12165327097804218,0.15431598844906164,,2818.839863787484,2617.600126446891,0.07403364617360306,179999.1,0.806937368020169,-0.19601461308535373,6013004,0.010293484745509361,0.03634332248153798,,-0.019844420260998044,0.2777777840885402,-0.0020733126993703254,0.006590961320394616,0.02578442613889618,False,False,False,False,False,False,GOLD,84.55049229653537,0.16038191165361274,46.10778443113773,98.99,-0.3323,4.133,-0.3136,3.57,-0.5017,90.9,12.2084,6740.02,-1.3277,24450.4492,-1.2737,29.49,24.1684,19.88,11.3102,91.7869,-0.3648,482,999,central_bank,high,0.0012744884066093753,1,-0.014711202047218097,0,-0.04679193149980421,0,-0.04792071074776183,0,-0.02851214413382841,0,0.02414246959688171,1
2024-11-05,2749.699951171875,2749.699951171875,2759.5,2733.39990234375,2746.0,151434,valid,,84.15249633789062,74394.94,2026-10-03T13:44:11.057201+00:00,0.0012744884066093753,-0.011290548841027759,0.043371045406229936,0.0981229836948383,0.14814817457752727,,2759.039990234375,2756.5099853515626,2723.9349975585938,2653.7839990234374,2538.2069921875,,2750.928632073219,2728.108951166136,2659.225210029085,2457.6706965159324,62.78454519800583,0.1663238184693479,31.754711397346455,35.304626312782645,-3.54991491543619,-0.365972080496868,-10.10009765625,30.914271763392858,0.11690548780602222,0.11963331841083172,0.15304605692405757,,2817.484078593129,2630.3859165240583,0.06868672058499722,175878.35,0.8610155826456135,0.04258922670191678,6164438,0.009458725570310739,0.03614308933345645,,-0.018595223337947574,0.27940629706058356,-7.28101286978768e-05,0.009491980259561446,0.026434328702315126,False,False,False,False,False,False,GOLD,84.20456450394873,0.07578479010774104,42.857142857142854,98.99,-0.3323,4.133,-0.3136,3.57,-0.5017,90.9,12.2084,6740.02,-1.3277,24450.4492,-1.2737,29.49,24.1684,19.88,11.3102,91.7869,-0.3648,481,999,central_bank,high,-0.02669378610290485,0,-0.01996577929179244,0,-0.05215110917197907,0,-0.04316832864665365,0,-0.0267301892225279,0,0.03905886038169459,1
2024-11-06,2676.300048828125,2676.300048828125,2758.800048828125,2660.699951171875,2752.60009765625,361313,valid,,84.11630249023438,72377.91,2026-10-03T13:44:11.057201+00:00,-0.02669378610290485,-0.044451584486401186,0.019154626362576144,0.06719036474966922,0.12190318542365342,,2734.139990234375,2751.2,2726.45,2656.252001953125,2541.4789916992186,,2736.0029154242,2723.1747699910875,2659.894811550616,2459.8461129568495,44.537830211340385,0.0,23.863098935861217,33.01632083739836,-9.153221901537144,-1.945477226331982,-53.099853515625,36.171421595982146,0.15464083720663124,0.13293640680519084,0.1581322490485129,,2811.204276426279,2641.6957235737204,0.06217189123310407,186794.0,1.9342858978339672,1.3859437114518536,5803125,-0.018393864245394718,0.007547494311628353,,-0.044792632526524004,0.2452540990281512,0.0010547138000049615,0.03665511933132033,0.02642746169988105,False,False,False,False,False,False,GOLD,85.72114894431193,0.44520026835543647,65.08875739644971,98.99,-0.3323,4.133,-0.3136,3.57,-0.5017,90.9,12.2084,6740.02,-1.3277,24450.4492,-1.2737,29.49,24.1684,19.88,11.3102,91.7869,-0.3648,480,999,central_bank,high,0.011022680365348814,1,-0.02189593714722282,0,-0.033553804577123536,0,-0.009191830963430903,0,-0.010424894808260254,0,0.07454321128430852,1
2024-11-07,2705.800048828125,2705.800048828125,2718.300048828125,2650.300048828125,2667.699951171875,292924,valid,,84.2511978149414,73293.06,2026-10-03T13:44:11.057201+00:00,0.011022680365348814,-0.015822209008631738,0.025196074250643408,0.09118042590168951,0.11930179454576861,,2725.439990234375,2746.8900146484375,2729.775,2659.612001953125,2545.2469921875,,2729.9623421049855,2721.520034642234,2661.6950169340475,2462.29341580134,45.86467482859696,0.034376755261136364,19.761543885570518,30.365365447032794,-10.603821561462276,-1.5678946140918915,-43.099853515625,38.84999302455357,0.15812749227809617,0.13193607402592067,0.15777946008743587,,2804.7919230222724,2654.758076977728,0.05496198259727986,191661.15,1.5283431201367543,-0.1892791014992541,6096049,-0.008782757249907522,0.017366460536748902,,-0.03426368703224147,0.25898013693537386,-0.0032134280534099765,0.025131199191686576,0.026380914958769753,False,False,False,False,False,False,GOLD,85.18180704340602,0.3119406954820798,58.235294117647065,98.99,-0.3323,4.133,-0.3136,3.57,-0.5017,90.9,12.2084,6740.02,-1.3277,24450.4492,-1.2737,29.49,24.1684,19.88,11.3102,91.7869,-0.3648,479,999,central_bank,high,-0.0040653410457155426,0,-0.0367728576407903,0,-0.049116765498593895,0,-0.011419966711050167,0,-0.017074414346279654,0,0.06918469502317848,1
2024-11-08,2694.800048828125,2694.800048828125,2717.800048828125,2687.300048828125,2713.60009765625,233110,valid,,84.306396484375,73042.92,2026-10-03T13:44:11.057201+00:00,-0.0040653410457155426,-0.01978753939689304,0.006912528364710235,0.08120693083563602,0.10510561772734262,,2714.560009765625,2740.910009765625,2730.7,2662.302001953125,2548.7259936523437,,2722.929883449614,2718.975274088509,2662.9932534789136,2464.6069146374275,42.51785073726714,0.0,15.44537917225989,27.381368192078217,-11.935989019818326,-2.170915802951068,-59.800048828125,39.107142857142854,0.15172361310051105,0.13219895624616532,0.1575395577809984,,2803.359803294612,2658.0401967053876,0.05321697974481677,194886.8,1.1961302663905347,-0.2041963103057448,5862939,-0.013146794291522934,0.012206746962270431,,-0.0381897345046858,0.25386195330895184,0.002882714423595453,0.011318093902088235,0.02569129948318065,False,False,False,False,False,False,GOLD,85.93386629016491,0.4950431369100309,68.42105263157895,98.99,-0.3323,4.133,-0.3136,3.57,-0.5017,90.9,12.2084,6740.02,-1.3277,24450.4492,-1.2737,29.49,24.1684,19.88,11.3102,91.7869,-0.3648,478,999,central_bank,high,-0.028610693283079858,0,-0.0401885285979644,0,-0.04627428711310244,0,0.006456843561108316,1,-0.003339765413732154,0,0.0675003336232134,1
2024-11-11,2617.699951171875,2617.699951171875,2693.39990234375,2617.10009765625,2692.10009765625,281919,valid,,84.38289642333984,71017.5,2026-10-03T13:44:11.057201+00:00,-0.028610693283079858,-0.04679193149980421,-0.01796974217043723,0.03148392340076023,0.07906346368323769,,2688.860009765625,2727.0900146484373,2728.3049926757812,2664.1039990234376,2551.2129931640625,,2701.8838969940666,2709.330005239306,2661.2170455453042,2466.1302284337903,29.75207474076177,0.0,5.737317784155948,23.052558110493766,-17.31524032633782,-5.014694149607646,-138.199951171875,42.528564453125,0.18307559682851182,0.14118818879389414,0.16301383833029223,,2812.2770003784585,2644.332984973104,0.061556173468928096,202814.7,1.3900323793097769,0.20938183690103385,5581020,-0.040539837665066164,-0.01741825689558486,,-0.0657077930072796,0.2179880935435194,-0.0010019115047322762,0.02914765103361577,0.02409853131704065,False,False,False,True,False,False,GOLD,85.71381377252197,0.43929321637121704,64.53488372093024,98.99,-0.3323,4.133,-0.3136,3.57,-0.5017,90.9,12.2084,6740.02,-1.3277,24450.4492,-1.2737,29.49,24.1684,19.88,11.3102,91.7869,-0.3648,475,999,central_bank,high,-0.004354930876873997,0,-0.01711427958275702,0,-0.001184189774781963,0,0.0003056304553801237,1,0.03846886696345564,1,0.1031058377655345,1
2024-11-12,2606.300048828125,2606.300048828125,2633.39990234375,2595.699951171875,2625.699951171875,282766,valid,,84.39649963378906,70719.62,2026-10-03T13:44:11.057201+00:00,-0.004354930876873997,-0.05215110917197907,-0.027100621957583337,0.025577459863495244,0.08918055714547779,,2660.180029296875,2709.610009765625,2724.675,2665.77,2553.963994140625,,2682.7671273608785,2699.5176284382414,2659.063437830905,2467.5249530148285,31.455287859985887,0.03190559327242332,-2.843489675930414,17.87334855320893,-20.716838229139345,-6.285284336778685,-174.800048828125,41.61427525111607,0.1821300068540323,0.14153400576374092,0.16184374515222033,,2822.734565468855,2626.615434531145,0.07197890792026132,208924.8,1.3534343457550213,0.003004409067852931,5298254,-0.04344553063093093,-0.02230873300091631,,-0.0697765709875334,0.21268383958728385,0.0030561180231582904,0.014464931307050248,0.022096805050690085,False,False,False,True,False,False,GOLD,84.93449712439944,0.24604832537225566,53.179190751445084,98.99,-0.3323,4.133,-0.3136,3.57,-0.5017,90.9,12.2084,6740.02,-1.3277,24450.4492,-1.2737,29.49,24.1684,19.88,11.3102,91.7869,-0.3648,474,999,central_bank,high,-0.007596995149130148,0,-0.013889402790807415,0,0.009477017499570195,1,0.005755285162483359,1,0.05770628842652803,1,0.125887214583428,1
2024-11-13,2586.5,2586.5,2625.0,2578.10009765625,2604.699951171875,262752,valid,,84.39530181884766,70181.37,2026-10-03T13:44:11.057201+00:00,-0.007596995149130148,-0.033553804577123536,-0.038940306516086265,0.014075080753246372,0.10666611930362468,,2642.22001953125,2688.1800048828127,2719.4349975585938,2666.98,2556.3849951171874,,2663.513701888703,2688.754044777457,2656.2178128179285,2468.7087843281142,25.55692250707729,0.0,-11.113431157433297,12.075992611080487,-23.189423768513784,-7.651386928452453,-214.300048828125,42.992832728794646,0.18201322860278338,0.14232507601852382,0.15847128955140766,,2834.695583830951,2604.1744112862366,0.08476803922564163,214218.55,1.2265604449287832,-0.07077937234320963,5035502,-0.048883314981931505,-0.030176454266612363,,-0.07684347386534564,0.20347108634051422,-0.000613934553302426,0.01813257388120312,0.019668313057680995,False,False,False,True,False,False,GOLD,84.55377531917503,0.15130795989384166,45.40229885057471,98.99,-0.3323,4.133,-0.3136,3.57,-0.5017,90.9,12.2084,6740.02,-1.3277,24450.4492,-1.2737,29.49,24.1684,19.88,11.3102,91.7869,-0.3648,473,999,central_bank,high,-0.00525810850811903,0,0.010864139824569907,1,0.025207790903489347,1,0.02064562240237766,1,0.047515910436400466,1,0.13381020593707715,1
2024-11-14,2572.89990234375,2572.89990234375,2585.800048828125,2541.5,2578.10009765625,266162,valid,,84.4229965209961,69835.25,2026-10-03T13:44:11.057201+00:00,-0.00525810850811903,-0.049116765498593895,-0.04971379414819943,0.009970521037782065,0.10212032655547221,,2615.639990234375,2670.539990234375,2712.7049926757813,2667.57599609375,2558.8059936523437,,2645.3909419797124,2677.7203169266277,2652.9504437797254,2469.7455118705584,23.28724740676931,0.0,-18.550989325975934,5.950596223669203,-24.501585549645135,-6.416183877767889,-176.400146484375,43.935703822544646,0.17987768790391026,0.14274614203269517,0.15869505122766214,,2845.3128385187015,2580.097146832861,0.0977679815541375,218435.85,1.2184904629894717,0.012978017293874045,4769340,-0.05153715229243474,-0.03549143262969931,,-0.08169753104973804,0.1971431047821543,-0.003247594178908468,0.017217944929669913,0.016917604839786753,False,False,False,True,True,False,GOLD,84.3352547253134,0.09675323931134434,43.42857142857143,98.99,-0.3323,4.133,-0.3136,3.57,-0.5017,90.9,12.2084,6740.02,-1.3277,24450.4492,-1.2737,29.49,24.1684,19.88,11.3102,91.7869,-0.3648,472,999,central_bank,high,-0.001088190288689228,0,0.022581561608099987,1,0.03964398300419081,1,0.032686890609168406,1,0.03999383978779725,1,0.1382875596924753,1
2024-11-15,2570.10009765625,2570.10009765625,2580.800048828125,2558.89990234375,2570.39990234375,179892,valid,,84.47380065917969,69801.24,2026-10-03T13:44:11.057201+00:00,-0.001088190288689228,-0.04627428711310244,-0.05857139279990842,0.021218320626386067,0.09064294405102902,,2590.7,2652.6300048828125,2704.709997558594,2668.48599609375,2561.3749951171876,,2630.33277311502,2667.470772234211,2649.7014105984126,2470.744064962954,22.804486011232186,0.0,-24.390074996332714,-0.11753802033118088,-24.272536976001533,-6.5146172230681865,-179.099853515625,43.97141810825893,0.17543573207290997,0.14046088216663724,0.15822425622282832,,2851.454769593103,2557.965225524085,0.10851054062499407,218482.5,0.8233702928152103,-0.3241259082814226,4589448,-0.04976869979546779,-0.03686955771230765,,-0.0826968188785287,0.19584038528135955,-0.00097166625010234,0.008521125890909023,0.013574739203374665,False,False,False,False,True,False,GOLD,84.62349191787686,0.16805975212842872,46.02272727272727,98.99,-0.3323,4.133,-0.3136,3.57,-0.5017,90.9,12.2084,6740.02,-1.3277,24450.4492,-1.2737,29.49,24.1684,19.88,11.3102,91.7869,-0.3648,471,999,central_bank,high,0.017314500723369042,1,0.03174967916231686,1,0.05528961834802071,1,0.034395509507339606,1,0.03887004340214295,1,0.1460253649380221,1
2024-11-18,2614.60009765625,2614.60009765625,2619.5,2568.5,2571.5,195294,valid,,84.47750091552734,71012.92,2026-10-03T13:44:11.057201+00:00,0.017314500723369042,-0.001184189774781963,-0.04538311333726852,0.026823252373402884,0.11677778583052079,,2590.080029296875,2639.47001953125,2698.495007324219,2670.1239990234376,2564.1549951171874,,2627.186238023266,2662.435469893453,2648.3248885222497,2472.175468273335,26.9326620873657,0.06842603319373754,-25.137050094232563,-5.121440435111458,-20.015609659121104,-4.792071074776183,-131.599853515625,45.064278738839285,0.18863580258108983,0.1428224399242397,0.1596639560325007,,2849.6066467563473,2547.3833678920905,0.11199697536732678,217724.7,0.8969767784729941,0.08561803748916019,4784742,-0.031089518209309785,-0.020794502947231636,,-0.06681417228545843,0.21654576449733953,0.0005446878683931679,0.01950585102696865,0.010625352347361785,False,False,False,False,True,False,GOLD,83.90078261434326,-0.012426567713819682,36.72316384180791,98.99,-0.3323,4.133,-0.3136,3.57,-0.5017,90.9,12.2084,6740.02,-1.3277,24450.4492,-1.2737,29.49,24.1684,19.88,11.3102,91.7869,-0.3648,468,999,central_bank,high,0.006272432391649874,1,0.02306272563117906,1,0.0014915865517046711,1,0.020385451960809764,1,0.018128930074713834,1,0.10942394355912688,1
2024-11-19,2631.0,2631.0,2643.39990234375,2614.199951171875,2616.300048828125,202241,valid,,84.39849853515625,71391.52,2026-10-03T13:44:11.057201+00:00,0.006272432391649874,0.009477017499570195,-0.04667006542115848,0.029665016545324052,0.12296730960125335,,2595.02001953125,2627.6000244140623,2692.0550048828127,2671.8819970703125,2567.068994140625,,2627.948990418613,2659.441615617886,2647.64548112922,2473.755811872605,26.25837270921788,0.07835935407037287,-24.12757056694045,-8.922666461477256,-15.204904105463193,-4.316832864665365,-118.699951171875,45.671421595982146,0.187751435083514,0.1431857052012181,0.15984812222586675,,2843.144209093164,2540.9658006724612,0.11224822965076998,219152.0,0.922834379791191,0.035572009380728575,4986983,-0.02267970185306365,-0.015300824330986125,,-0.06096082727227538,0.22417646555649418,0.000650176359053226,0.011098423098389928,0.007550111806813349,False,False,False,False,True,False,GOLD,84.30530583436722,0.08865453754533813,42.69662921348314,98.99,-0.3323,4.133,-0.3136,3.57,-0.5017,90.9,12.2084,6740.02,-1.3277,24450.4492,-1.2737,29.49,24.1684,19.88,11.3102,91.7869,-0.3648,467,999,central_bank,high,0.007867712342027655,1,0.030862771254988708,1,-0.003686792539671191,0,0.017179760992730886,1,0.00847588324900217,1,0.1208665906499431,1
2024-11-20,2651.699951171875,2651.699951171875,2659.0,2621.89990234375,2635.800048828125,182012,valid,,84.39759826660156,71952.44,2026-10-03T13:44:11.057201+00:00,0.007867712342027655,0.025207790903489347,-0.02846777824867419,0.038701105647510614,0.14154723089719612,,2608.060009765625,2625.1400146484375,2688.1700073242187,2674.067998046875,2570.1969946289064,,2632.6991825692653,2658.7043142420753,2647.8044799544223,2475.526400323344,35.067295595604875,0.278210005753756,-21.410431578092812,-11.420219484800368,-9.990212093292444,-0.9191830963430903,-24.60009765625,44.078578404017854,0.1881165233826534,0.14393779878739,0.15953921090313727,,2839.2118461499995,2537.128168498438,0.11237521318532259,217526.85,0.8367334883027046,-0.1000242285194397,5168995,-0.013566871162524453,-0.008364801078854027,,-0.05357273718336074,0.23380793384336926,0.0018244199270707623,0.01399106171112619,0.005273616560101885,False,False,False,False,False,False,GOLD,85.66029217845265,0.4276151414755288,64.24581005586593,98.99,-0.3323,4.133,-0.3136,3.57,-0.5017,90.9,12.2084,6740.02,-1.3277,24450.4492,-1.2737,29.49,24.1684,19.88,11.3102,91.7869,-0.3648,466,999,central_bank,high,0.008749086095363845,1,-0.012520251832113471,0,-0.004449993983259737,0,-0.001244503107022621,0,-0.016442227370542684,0,0.10725200879484453,1
2024-11-21,2674.89990234375,2674.89990234375,2676.5,2651.60009765625,2653.5,186297,valid,,84.38310241699219,72569.49,2026-10-03T13:44:11.057201+00:00,0.008749086095363845,0.03964398300419081,-0.026919859808975377,0.05402311091409007,0.12898317951193095,,2628.460009765625,2622.05,2684.470007324219,2675.953994140625,2573.6119946289064,,2641.1393265241622,2660.2467512041394,2648.8670455383176,2477.510216263846,39.38266341703711,0.4006727490974155,-17.186917102144434,-12.573559008269182,-4.613358093875252,-1.1419966711050167,-30.900146484375,43.728585379464285,0.18916377921848707,0.14420787705703458,0.15755175320325956,,2832.8499972132713,2536.0900174351664,0.11054695301803497,218048.1,0.8543848811340211,0.023542403797551792,5355292,-0.0035649886027240086,-0.00039391252584417165,,-0.045292363577981484,0.24460262568170388,0.0006788282465098735,0.009308723037420343,0.0031824213728029447,False,False,False,False,False,False,GOLD,86.5327330965539,0.6447339786796429,74.44444444444444,98.99,-0.3323,4.133,-0.3136,3.57,-0.5017,90.9,12.2084,6740.02,-1.3277,24450.4492,-1.2737,29.49,24.1684,19.88,11.3102,91.7869,-0.3648,465,999,central_bank,high,0.013944465284642105,1,-0.020038078235623202,0,-0.006691802683183035,0,-0.005719767186089575,0,-0.011140530777016933,0,0.10512550210425142,1
2024-11-22,2712.199951171875,2712.199951171875,2718.5,2670.10009765625,2672.0,220554,valid,,84.48829650878906,73673.16,2026-10-03T13:44:11.057201+00:00,0.013944465284642105,0.05528961834802071,-0.015392487105642338,0.05932894561060387,0.15540600835157758,,2656.87998046875,2623.789990234375,2682.35,2677.983994140625,2577.0399951171876,,2655.3514514537046,2665.1946750105903,2651.350688896496,2479.845437506712,45.57521786485452,0.5695522296921933,-10.706531015301607,-12.200153409675668,1.4936223943740607,0.6456843561108316,17.39990234375,45.892857142857146,0.19651813879994348,0.14577048485682711,0.15792326988898436,,2827.691545654024,2537.0084543459757,0.10836881514639779,221401.45,0.9961723376247039,0.18388379845086078,5575846,0.011128283472277654,0.012776759348114543,,-0.0319794760849169,0.26195794378869036,-0.0010841162098095777,0.01784525596013662,0.0016303330673096402,False,False,False,False,False,False,GOLD,86.62684690547215,0.6658038714639376,75.69060773480662,98.99,-0.3323,4.133,-0.3136,3.57,-0.5017,90.9,12.2084,6740.02,-1.3277,24450.4492,-1.2737,29.49,24.1684,19.88,11.3102,91.7869,-0.3648,464,999,central_bank,high,-0.034547582353354755,0,-0.026657344638947422,0,-0.019799407174486694,0,-0.009733759611765813,0,-0.030971167875622707,0,0.08885775545267949,1
2024-11-25,2618.5,2618.5,2723.199951171875,2616.60009765625,2716.89990234375,305339,valid,,84.43599700927734,71083.9,2026-10-03T13:44:11.057201+00:00,-0.034547582353354755,0.0014915865517046711,-0.049856637473261856,0.03596292879875973,0.10229425384129653,,2657.6599609375,2623.8699951171875,2675.4800048828124,2678.17599609375,2579.2479956054685,,2647.981161162964,2660.7475631048196,2650.0624265868296,2481.225084894705,36.17200192883583,0.5796793782953749,-12.981933678747737,-12.356509463490083,-0.6254242152576541,0.030563045538012368,0.800048828125,51.64283970424107,0.2301763703379737,0.16063278230804723,0.16544671944983344,,2819.1631950868546,2531.7968146787703,0.10740741096308948,228573.05,1.3358486488236416,0.384418328391233,5270507,-0.021297114827545448,-0.022282328039967596,,-0.06542224485459848,0.21836034779919644,0.00173289258037282,0.04071027439968848,0.0010066519955630319,False,False,False,False,False,False,GOLD,86.67659977716387,0.6756562387588937,76.37362637362637,98.99,-0.3323,4.133,-0.3136,3.57,-0.5017,90.9,12.2084,6740.02,-1.3277,24450.4492,-1.2737,29.49,24.1684,19.88,11.3102,91.7869,-0.3648,461,999,central_bank,high,0.0010693331403952566,1,0.014703074279167394,1,0.018865725546591605,1,0.03815157622446064,1,0.006492266564827265,1,0.13164023340533704,1
2024-11-26,2621.300048828125,2621.300048828125,2642.699951171875,2605.300048828125,2626.199951171875,177858,valid,,84.37750244140625,71110.62,2026-10-03T13:44:11.057201+00:00,0.0010693331403952566,-0.003686792539671191,-0.05745929424215812,0.03896157305910619,0.09636545062322277,,2655.719970703125,2625.3699951171875,2667.4900024414064,2678.7539990234377,2581.82599609375,,2642.644938695996,2656.9906569832297,2648.9344902041353,2482.618865630361,43.18969457618183,0.8840000715308619,-14.393348580585553,-12.763877286909178,-1.6294712936763744,0.5755285162483359,15.0,47.30711146763393,0.22653631856816184,0.16055292671419957,0.1652433999383535,,2804.0385415725996,2530.9414633102133,0.10237979449307522,227094.75,0.7831885149260351,-0.41750644365770506,5448365,-0.017315886309222903,-0.021448012850839075,,-0.06442286988874568,0.21966318089604112,0.0029405962084674657,0.0142676922317442,0.004204938783529002,False,False,False,False,False,False,GOLD,86.26102430637827,0.5684713668014066,71.58469945355192,98.99,-0.3323,4.133,-0.3136,3.57,-0.5017,90.9,12.2084,6740.02,-1.3277,24450.4492,-1.2737,29.49,24.1684,19.88,11.3102,91.7869,-0.3648,460,999,central_bank,high,0.007095659851660274,1,0.014191412840550477,1,0.020943768863199486,1,0.051653721367869165,1,0.012436521156820257,1,0.11349330273464875,1
2024-11-27,2639.89990234375,2639.89990234375,2657.89990234375,2627.199951171875,2633.5,61653,valid,,84.33910369873047,71582.61,2026-10-03T13:44:11.057201+00:00,0.007095659851660274,-0.004449993983259737,-0.057447923335939954,0.045091014387866224,0.13544081821236564,,2653.3599609375,2630.7099853515624,2659.4449951171873,2679.5799951171875,2584.54599609375,,2642.095931425547,2655.362966065184,2648.580192640983,2484.1838510702955,41.613616211100734,0.8260222078040235,-13.851382213763827,-12.981378272280109,-0.8700039414837182,2.064562240237766,53.39990234375,45.064243861607146,0.226543393259137,0.16108710500171528,0.16019206367901387,,2781.066793811194,2537.8231964231804,0.0914640452555041,220599.95,0.27947875781476705,-0.6533582970684478,5510018,-0.007349312660842877,-0.014808325500910218,,-0.05778433280848618,0.2283174959612702,0.00465416050990593,0.011629210313848419,0.007514237319536389,False,False,False,False,False,False,GOLD,87.67227580967044,0.9214646820944525,84.23913043478261,98.99,-0.3323,4.133,-0.3136,3.57,-0.5017,90.9,12.2084,6740.02,-1.3277,24450.4492,-1.2737,29.49,24.1684,19.88,11.3102,91.7869,-0.3648,459,999,central_bank,high,0.00647755531983174,1,0.010606462758357305,1,0.003219819051644146,1,0.026326755775208266,1,-0.0030304179309592616,0,0.1101178855510434,1
2024-11-29,2657.0,2657.0,2664.300048828125,2620.699951171875,2636.39990234375,180756,valid,,84.47160339355469,72159.47,2026-10-03T13:44:11.057201+00:00,0.00647755531983174,-0.006691802683183035,-0.03357219917391974,0.04478781721911829,0.14181349376880092,,2649.77998046875,2639.1199951171875,2654.8299926757813,2680.4279931640626,2587.318996582031,,2645.0767451404377,2655.5188740589765,2648.910381164866,2485.903414741238,45.26314887753372,0.9862951709100447,-11.904803825997078,-12.766063383023504,0.8612595570264254,3.2686890609168406,84.10009765625,45.999965122767854,0.22106074642360804,0.16104187411334034,0.1603802466196718,,2768.863622509017,2540.7963628425455,0.08590654026645175,217509.2,0.8310269174821073,1.9318281348839474,5690774,0.0008173808982889745,-0.008740392662590699,,-0.05168107870104331,0.2362739904916735,-0.0013258078447941576,0.016409521135202706,0.009549967599784331,False,False,False,False,False,False,GOLD,86.58954036686374,0.6444804352736305,73.51351351351352,98.99,-0.3323,4.133,-0.3136,3.57,-0.5017,90.9,12.2084,6740.02,-1.3277,24450.4492,-1.2737,29.49,24.1684,19.88,11.3102,91.7869,-0.3648,457,999,central_bank,high,0.0005645464809935774,1,0.0072261765795540445,1,0.0009785839880505076,1,0.007075667605617175,1,-0.014640535319439207,0,0.08991339945191945,1
2024-12-02,2658.5,2658.5,2678.5,2644.5,2673.800048828125,163543,valid,,84.55699920654297,72273.2,2026-10-03T13:44:11.057201+00:00,0.0005645464809935774,-0.019799407174486694,-0.03299139850966937,0.053038064312862065,0.1426544693598597,,2639.039990234375,2647.9599853515624,2650.2949951171877,2680.673994140625,2589.6849975585938,,2647.7613961123507,2655.8027908152644,2649.2864446485964,2487.6207936990368,56.30799195256087,0.9999999999701524,-10.124381398818514,-12.237726986182507,2.113345587363993,3.4395509507339606,88.39990234375,42.8785400390625,0.22112786569336823,0.16016587445007024,0.1603708793781294,,2755.3903225826134,2545.199667651762,0.07930839975097873,216653.35,0.7548602410255796,-0.09522782092987236,5854317,0.0030958836272663385,-0.008271798133262091,,-0.05114570859116454,0.23697192462254923,0.006322938964290055,0.012789166823391842,0.011332597357913664,False,False,False,False,False,False,GOLD,87.30992977996645,0.823676187408609,81.72043010752688,98.99,-0.3323,4.133,-0.3136,3.57,-0.5017,90.9,12.2084,6740.02,-1.3277,24450.4492,-1.2737,29.49,24.1684,19.88,11.3102,91.7869,-0.3648,454,999,central_bank,high,0.0035357917411134032,1,-0.003799171584069949,0,0.010268967022051934,1,0.004325747602031305,1,-0.006582659394395285,0,0.07146887342486363,1
2024-12-03,2667.89990234375,2667.89990234375,2678.39990234375,2656.60009765625,2662.0,140965,valid,,84.73709869384766,72683.22,2026-10-03T13:44:11.057201+00:00,0.0035357917411134032,0.018865725546591605,-0.02851214413382841,0.0533817482443264,0.13296239469310378,,2648.919970703125,2653.2899658203123,2646.379992675781,2680.9819921875,2592.1569970703126,,2651.7890973586304,2656.95489667512,2650.0163841660537,2489.4146156756015,59.58306145377009,0.9999999999728103,-7.8642362173527545,-11.363028832416557,3.4987926150638025,2.0385451960809764,53.2998046875,41.74281529017857,0.22187297020013236,0.16018732758156495,0.1596094150330099,,2741.8230146333203,2550.936970718242,0.07213100327364537,216439.2,0.651291448129541,-0.13805543496205885,5995282,0.008131829037220692,-0.004879588852840848,,-0.047790757424082425,0.24134559973761716,0.001316531878878572,0.008171147901141531,0.012906464725439349,False,False,False,False,False,False,GOLD,85.84805261371828,0.4506791567379712,66.31016042780749,98.99,-0.3323,4.133,-0.3136,3.57,-0.5017,90.9,12.2084,6740.02,-1.3277,24450.4492,-1.2737,29.49,24.1684,19.88,11.3102,91.7869,-0.3648,453,999,central_bank,high,0.00311107955018608,1,-0.0031109880397719447,0,0.018928746148097808,1,-0.002211440668582365,0,0.00041234592620353894,1,0.0874096494803398,1
2024-12-04,2676.199951171875,2676.199951171875,2682.0,2654.199951171875,2665.800048828125,171792,valid,,84.68309783935547,72862.88,2026-10-03T13:44:11.057201+00:00,0.00311107955018608,0.020943768863199486,-0.0267301892225279,0.05233763847451045,0.15452974597578728,,2659.899951171875,2657.8099609375,2642.7049926757813,2680.9659912109373,2594.629997558594,,2656.6712681212794,2658.787759008144,2651.043190715302,2491.273176227803,64.47241853895186,0.9999999999760009,-5.341734117751457,-10.158769889483537,4.81703577173208,1.7179760992730886,45.199951171875,40.3785400390625,0.2222567030514112,0.16011567705429688,0.15775195896027536,,2726.325203268443,2559.0847820831195,0.06328380263736011,217457.1,0.7900040973598894,0.21868548930585607,6167074,0.012674497754729256,-0.0017777323750786625,,-0.044828358722007446,0.24520752464767284,-0.0007870810721869631,0.01038788182323272,0.014271347962105255,False,False,False,False,False,False,GOLD,84.94524749645512,0.22011912266963074,52.12765957446809,98.99,-0.3323,4.133,-0.3136,3.57,-0.5017,90.9,12.2084,6740.02,-1.3277,24450.4492,-1.2737,29.49,24.1684,19.88,11.3102,91.7869,-0.3648,452,999,central_bank,high,-0.010387881823236578,0,0.0035872124024387553,1,0.0300799646770602,1,-0.008556872715628883,0,-0.008033779385798634,0,0.09132357482383013,1
2024-12-05,2648.39990234375,2648.39990234375,2680.0,2646.300048828125,2674.199951171875,156116,valid,,84.70700073242188,72126.35,2026-10-03T13:44:11.057201+00:00,-0.010387881823236578,0.003219819051644146,-0.010424894808260254,0.0416928902106557,0.12741040919717217,,2661.599951171875,2657.4799560546876,2641.3099853515623,2680.239990234375,2596.43599609375,,2655.016994965774,2657.7984393258207,2650.93953234779,2492.8366262389072,61.64765365586149,0.932207702358561,-5.522208058851902,-9.231457523357209,3.709249464505307,-0.12445031070226209,-3.300048828125,39.57139369419643,0.20432069243105594,0.16176575564809698,0.15763487725458475,,2723.488861472619,2559.1311092305054,0.062225847459617754,207197.25,0.7534655986022945,-0.09124988358014341,6010958,0.0026842426793920286,-0.011879566011485728,,-0.05475056885250647,0.23227245603623267,-0.000747328314957736,0.012724645980404578,0.014524820547653236,False,False,False,False,False,False,GOLD,85.06455437982909,0.24988249274114632,54.4973544973545,98.99,-0.3323,4.133,-0.3136,3.57,-0.5017,90.9,12.2084,6740.02,-1.3277,24450.4492,-1.2737,29.49,24.1684,19.88,11.3102,91.7869,-0.3648,451,999,central_bank,high,0.004229042337068556,1,0.026431053685681105,1,0.02303277535466486,1,-0.015216661445968116,0,-0.0003775864812239904,0,0.10481804406146611,1
2024-12-06,2659.60009765625,2659.60009765625,2667.89990234375,2635.60009765625,2655.0,167166,valid,,84.68379974365234,72411.53,2026-10-03T13:44:11.057201+00:00,0.004229042337068556,0.0009785839880505076,-0.017074414346279654,0.030613034569652697,0.1419493764088664,,2662.119970703125,2655.9499755859374,2638.9999877929686,2679.533994140625,2598.432998046875,,2655.933615503869,2657.970025833481,2651.279162359887,2494.4959642629606,63.45864661654135,0.9734712223902979,-4.70721100135097,-8.326608218955961,3.619397217604991,-0.5719767186089575,-15.2998046875,40.31422642299107,0.20065398846134433,0.1591840208801369,0.15707290693410456,,2715.978911263807,2562.0210643221303,0.05833946481764678,200909.35,0.8320468907992543,0.07078070152963178,6178124,0.007806028783085284,-0.007439314644993252,,-0.05075306898909524,0.2374837884236114,0.002492107649757361,0.012144609528309081,0.015127259604198955,False,False,False,False,False,False,GOLD,85.28185811905607,0.3046345375025334,57.89473684210527,98.99,-0.3323,4.133,-0.3136,3.57,-0.5017,90.9,12.2084,6740.02,-1.3277,24450.4492,-1.2737,29.49,24.1684,19.88,11.3102,91.7869,-0.3648,450,999,central_bank,high,0.0098510867084729,1,0.03650919309304945,1,0.006091122942186278,1,-0.005451947461115658,0,0.002180705547653927,1,0.10039103255985427,1
2024-12-09,2685.800048828125,2685.800048828125,2700.0,2649.699951171875,2665.0,182150,valid,,84.66600036621094,73109.49,2026-10-03T13:44:11.057201+00:00,0.0098510867084729,0.010268967022051934,-0.003339765413732154,0.028766269223140517,0.14440332378297427,,2667.57998046875,2653.3099853515623,2638.5499877929688,2679.8879931640627,2600.7269995117185,,2661.9069021687205,2660.6205042139236,2652.6329226135435,2496.3994874924647,61.33035681678495,0.9177773079279694,-1.92501251807289,-7.046289078779347,5.121276560706457,-0.9733759611765813,-26.39990234375,40.264229910714285,0.20369312037906817,0.15868613129544495,0.1572947367093861,,2714.2500657048117,2562.8499098811258,0.05738005970099819,198361.35,0.9182736455463683,0.08963545218525293,6360274,0.017907586080891703,0.0022060831195709583,,-0.04140195516395844,0.2496743485236975,0.0020303437153978855,0.01872814353773406,0.01542527354744851,False,False,False,False,False,False,GOLD,83.36851508006656,-0.18584291221456337,33.50785340314136,98.99,-0.3323,4.133,-0.3136,3.57,-0.5017,90.9,12.2084,6740.02,-1.3277,24450.4492,-1.2737,29.49,24.1684,19.88,11.3102,91.7869,-0.3648,447,999,central_bank,high,0.012137855731237046,1,0.008786898907803042,1,-0.00588280904791072,0,-0.02144616003018629,0,-0.004989256921870133,0,0.08500262293454708,1
2024-12-10,2718.39990234375,2718.39990234375,2721.699951171875,2680.699951171875,2684.39990234375,181509,valid,,84.84729766845703,74155.34,2026-10-03T13:44:11.057201+00:00,0.012137855731237046,0.018928746148097808,0.03846886696345564,0.041971713786960185,0.14748835050390463,,2677.67998046875,2663.2999755859373,2643.5849853515624,2681.0679931640625,2603.919997558594,,2673.2055022037266,2666.1233040358115,2655.2120198578655,2498.6084468442186,63.2263813826462,0.9576251675715166,2.877268198198635,-5.061577623383751,7.938845821582386,3.8151576224460637,99.89990234375,41.107090541294646,0.17771371738031572,0.16043556310944776,0.15764575562265043,,2726.497931897855,2560.67203880527,0.06272765733327446,193340.85,0.938803155153187,-0.0035190776832281223,6541783,0.028300553001593735,0.013924267968906048,,-0.029766630391497066,0.26484271547710003,-0.0005213144906246443,0.015082401954412792,0.013980625596984781,False,False,False,False,False,False,GOLD,83.99715692040313,-0.024053987901170543,36.45833333333333,98.99,-0.3323,4.133,-0.3136,3.57,-0.5017,90.9,12.2084,6740.02,-1.3277,24450.4492,-1.2737,29.49,24.1684,19.88,11.3102,91.7869,-0.3648,446,999,central_bank,high,0.014089188568283673,1,-0.015670929607853545,0,-0.020747463349716555,0,-0.03049584510074299,0,-0.010152977673310248,0,0.06658328667682234,1
2024-12-11,2756.699951171875,2756.699951171875,2759.699951171875,2719.10009765625,2721.199951171875,264985,valid,,84.8740005493164,75223.79,2026-10-03T13:44:11.057201+00:00,0.014089188568283673,0.0300799646770602,0.05770628842652803,0.06337758641310853,0.18252402578599258,,2693.77998046875,2676.8399658203125,2651.10498046875,2682.3959912109376,2607.5399975585938,,2689.9043919973565,2674.7496513821034,2659.191938732925,2501.1765215141454,65.08620689655172,0.9999999999654149,9.662224014065487,-2.1168172958939033,11.77904130995939,5.1653721367869165,135.39990234375,41.40708705357143,0.18106385171185685,0.16204487801360298,0.1567330312820566,,2746.170572028546,2556.039388908954,0.07171771186741246,192451.8,1.3768902135495675,0.4599000600521186,6806768,0.03983055046142103,0.027700593128073533,,-0.016096829491846633,0.2826633230046703,0.001030035656530823,0.014727701322137451,0.011665321169843371,False,False,True,False,False,False,GOLD,84.66003095125126,0.14653955974960842,46.1139896373057,98.99,-0.3323,4.133,-0.3136,3.57,-0.5017,90.9,12.2084,6740.02,-1.3277,24450.4492,-1.2737,29.49,24.1684,19.88,11.3102,91.7869,-0.3648,445,999,central_bank,high,-0.01715821441068255,0,-0.031450630357873655,0,-0.03750858061277018,0,-0.03729098220661431,0,-0.015126764577388374,0,0.05956395475759835,1
2024-12-12,2709.39990234375,2709.39990234375,2761.300048828125,2696.699951171875,2753.60009765625,219468,valid,,84.85710144042969,73918.37,2026-10-03T13:44:11.057201+00:00,-0.01715821441068255,0.02303277535466486,0.047515910436400466,0.042638266960519866,0.15569016174889838,,2705.97998046875,2683.7899658203123,2657.2499755859376,2683.189990234375,2610.56099609375,,2693.8034940666353,2678.0496752832128,2661.1608784823693,2503.248395950261,54.63584936114038,0.6385735818184093,11.094738504435554,0.5254938641719882,10.569244640263566,2.6326755775208266,69.5,44.24281529017857,0.19128784497011506,0.16626520059580827,0.1589069641078767,,2750.6052583938094,2563.8946927780657,0.07026458456340855,190287.6,1.1533489307763556,-0.17177198709360908,6587300,0.01962552535024239,0.009768190923772787,,-0.032978851050769704,0.26065511069184566,-0.001124479838404657,0.02384295415392325,0.009667602645670915,False,False,False,False,False,False,GOLD,86.76187545324643,0.6874544333658583,76.80412371134021,98.99,-0.3323,4.133,-0.3136,3.57,-0.5017,90.9,12.2084,6740.02,-1.3277,24450.4492,-1.2737,29.49,24.1684,19.88,11.3102,91.7869,-0.3648,444,999,central_bank,high,-0.012401216035536011,0,-0.017494612848678037,0,-0.03738828092518609,0,-0.02860412002412749,0,-0.011367758838721764,0,0.08762093269399385,1
2024-12-13,2675.800048828125,2675.800048828125,2716.39990234375,2663.300048828125,2704.89990234375,178685,valid,,84.83920288085938,72986.29,2026-10-03T13:44:11.057201+00:00,-0.012401216035536011,0.006091122942186278,0.03999383978779725,0.02340700255719219,0.14801784484836378,,2709.219970703125,2685.669970703125,2662.394982910156,2683.1219921875,2613.1619970703123,,2690.2028050189333,2677.8354251446326,2661.7349635939677,2504.965327819693,45.05972964268248,0.3073827457287116,9.410312955707013,2.3024576824789933,7.1078552732280205,0.7075667605617175,18.800048828125,44.578526088169646,0.19668188794774108,0.1680283561837503,0.15981298174230932,,2747.1199127995906,2577.6700530207218,0.06364565020085276,185913.75,0.9611177225998564,-0.18582663531813293,6408615,0.005034965136281646,-0.0027288894730435843,,-0.04497108922981693,0.2450214543178593,-0.0016608843884971139,0.019844477369996463,0.007724959706523703,False,False,False,False,False,False,GOLD,87.28755468293036,0.8200441707062875,81.53846153846153,98.99,-0.3323,4.133,-0.3136,3.57,-0.5017,90.9,12.2084,6740.02,-1.3277,24450.4492,-1.2737,29.49,24.1684,19.88,11.3102,91.7869,-0.3648,443,999,central_bank,high,-0.002167594260514827,0,-0.008408700048366469,0,-0.011473185817946319,0,-0.021563625875986037,0,0.0024291800139726316,1,0.11790866067820516,1
2024-12-16,2670.0,2670.0,2683.39990234375,2661.39990234375,2668.0,115996,valid,,84.802001953125,72796.15,2026-10-03T13:44:11.057201+00:00,-0.002167594260514827,-0.00588280904791072,0.03887004340214295,0.008994047792036719,0.15424522581689004,,2706.0599609375,2686.819970703125,2667.3899780273437,2683.1659912109376,2616.3269970703127,,2686.162244015147,2677.089194178477,2662.059082668714,2506.607463861288,59.18003565062389,0.7483800861258564,7.520684337728198,3.3461030135288343,4.174581324199364,0.43257476020313046,11.5,38.535679408482146,0.19694646009343159,0.16633991951831323,0.1593784381714596,,2740.1368082410086,2594.6431478136788,0.054545327689532096,182718.95,0.6348328950007613,-0.3508352687690629,6292619,0.0009784928316277145,-0.0049068865862416326,,-0.04704120441542728,0.24232275295926314,-0.002915034264812926,0.00823970037452875,0.005879626245735245,False,False,False,False,False,False,GOLD,86.97918220397824,0.7372079811103353,79.08163265306123,98.99,-0.3323,4.133,-0.3136,3.57,-0.5017,90.9,12.2084,6740.02,-1.3277,24450.4492,-1.2737,29.49,24.1684,19.88,11.3102,91.7869,-0.3648,440,999,central_bank,high,-0.002996254681647992,0,-0.023183484023876377,0,-0.015655448999297716,0,-0.010861423220973832,0,0.017902640010533766,1,0.12400752721207864,1
2024-12-17,2662.0,2662.0,2675.800048828125,2646.10009765625,2670.199951171875,147053,valid,,84.91729736328125,72676.71,2026-10-03T13:44:11.057201+00:00,-0.002996254681647992,-0.020747463349716555,0.018128930074713834,0.0035815268614514117,0.13926212819649608,,2694.77998046875,2686.22998046875,2669.759973144531,2683.0859912109377,2619.1369970703126,,2681.3297952121175,2675.6521280662414,2662.0567657013135,2508.153658250728,57.1228488148026,0.6607379990933092,5.316323633183856,3.7401471374598385,1.5761764957240176,-0.2211440668582365,-5.89990234375,37.985682896205354,0.18901123290585192,0.16640433063198004,0.1589653270703115,,2738.2280587727623,2601.2918875163,0.051291566520537464,180306.9,0.815570563300679,0.26774199110314156,6145566,-0.0029066182812638023,-0.007858857777947406,,-0.04989651166811407,0.2386004375945926,7.488807935390454e-05,0.011157006450737732,0.004966675727149246,False,False,False,False,False,False,GOLD,87.07029090696665,0.7578061806759568,79.69543147208121,98.99,-0.3323,4.133,-0.3136,3.57,-0.5017,90.9,12.2084,6740.02,-1.3277,24450.4492,-1.2737,29.49,24.1684,19.88,11.3102,91.7869,-0.3648,439,999,central_bank,high,-0.0032682010412753426,0,-0.0063485733823253065,0,-0.009954921111945958,0,0.0026296018031555235,1,0.03339590621478217,1,0.12926374818040953,1
2024-12-18,2653.300048828125,2653.300048828125,2667.60009765625,2598.10009765625,2663.300048828125,156334,valid,,84.91539764404297,72437.57,2026-10-03T13:44:11.057201+00:00,-0.0032682010412753426,-0.03750858061277018,0.00847588324900217,-0.00885317563387189,0.1340827227209178,,2674.1,2683.939990234375,2670.8749755859376,2683.443994140625,2621.8919970703123,,2675.7238459353193,2673.5233586149925,2661.7133650396195,2509.5979009430403,52.42932271790964,0.36799248222426745,2.8346623195229768,3.5590501738724667,-0.7243878543494899,-0.8556872715628883,-22.89990234375,40.335693359375,0.1884924606166514,0.16544691741979115,0.1590932426099822,,2737.3836264550264,2604.366324716849,0.04980289341658398,178011.55,0.8782239129988989,0.06311329928665166,5989232,-0.006580213195471801,-0.011233305177342558,,-0.05300164087799852,0.23455244235472336,0.0004883729632323484,0.026193795922428622,0.004683913128847644,False,False,False,False,False,False,GOLD,87.2509063483823,0.801381172186872,80.8080808080808,98.99,-0.3323,4.133,-0.3136,3.57,-0.5017,90.9,12.2084,6740.02,-1.3277,24450.4492,-1.2737,29.49,24.1684,19.88,11.3102,91.7869,-0.3648,438,999,central_bank,high,-0.017035371175543546,0,-0.009459954469655973,0,0.00022607828160636778,1,0.0005276080043672415,1,0.03595518810090281,1,0.14604454561071822,1
2024-12-19,2608.10009765625,2608.10009765625,2640.89990234375,2596.699951171875,2600.60009765625,191587,valid,,85.16549682617188,71413.28,2026-10-03T13:44:11.057201+00:00,-0.017035371175543546,-0.03738828092518609,-0.016442227370542684,-0.028531997954627686,0.11509692870684263,,2653.8400390625,2679.910009765625,2668.6949829101563,2683.08599609375,2623.922998046875,,2662.1990962795053,2667.2925718570173,2659.610883965762,2510.5780223033707,41.95460380759881,0.0,-2.74765717719265,2.2977087036594432,-5.045365880852094,-1.5216661445968116,-40.2998046875,41.26426478794643,0.1961369352930976,0.16891592193489496,0.16123890985532308,,2740.4975036377946,2596.892462182518,0.053810960928410166,178490.3,1.0733748556644196,0.22549797229009694,5797645,-0.02270581150784275,-0.0279476314015438,,-0.06913410942826645,0.2135213832635447,-0.01986203980025967,0.016947183588382216,0.005363604895459903,False,False,False,False,False,False,GOLD,89.64391661089313,1.41276085817038,92.96482412060301,98.99,-0.3323,4.133,-0.3136,3.57,-0.5017,90.9,12.2084,6740.02,-1.3277,24450.4492,-1.2737,29.49,24.1684,19.88,11.3102,91.7869,-0.3648,437,999,central_bank,high,0.014186572069549763,1,0.010505694305357638,1,0.009125341741633042,1,0.01506836517617427,1,0.05793483679994105,1,0.16605952122191447,1
2024-12-20,2645.10009765625,2645.10009765625,2653.800048828125,2603.699951171875,2609.699951171875,153567,valid,,85.27940368652344,72523.26,2026-10-03T13:44:11.057201+00:00,0.014186572069549763,-0.011473185817946319,-0.011140530777016933,-0.01847927807789418,0.13358198695363677,,2647.700048828125,2678.460009765625,2667.2049926757813,2683.2019970703127,2626.1089990234377,2480.2159912109373,2658.779296554854,2665.1790028855153,2659.0418335222516,2511.9165504163348,48.02594192702826,0.26246940585222606,-4.138390034423992,1.0104889560427563,-5.1488789904667485,-0.5451947461115658,-14.5,42.414271763392854,0.2005320996809655,0.17134960642392952,0.1622973373422617,,2739.6988045140506,2594.711180837512,0.054359385227091356,176853.8,0.8683273981107511,-0.19844770261030242,5951212,-0.008287662583199906,-0.014200160649720196,0.06647973685741113,-0.05592831338459005,0.230737091825146,0.0006134172216250761,0.018940718992307086,0.005961908351287725,False,False,False,False,False,False,GOLD,89.18071851567657,1.2840437006088528,90.0,98.99,-0.3323,4.133,-0.3136,3.57,-0.5017,90.9,12.2084,6740.02,-1.3277,24450.4492,-1.2737,29.49,24.1684,19.88,11.3102,91.7869,-0.3648,436,999,central_bank,high,-0.006389227575678391,0,0.003326832392958279,1,-0.01020755321279676,0,0.007674493946556948,1,0.04755956298174424,1,0.15073151731579149,1
2024-12-23,2628.199951171875,2628.199951171875,2646.800048828125,2623.199951171875,2639.10009765625,105131,valid,,84.94499969482422,71777.33,2026-10-03T13:44:11.057201+00:00,-0.006389227575678391,-0.015655448999297716,-0.030971167875622707,-0.01495451633146172,0.10922598948878437,,2639.3400390625,2672.7,2663.004992675781,2682.2399951171874,2627.582998046875,2482.429490966797,2652.6634274782587,2661.657188436597,2657.832347939884,2513.0735991800716,44.277899335844886,0.10043815464113637,-6.528994242866702,-0.49740768373913535,-6.031586559127566,-2.144616003018629,-57.60009765625,42.54286411830357,0.19401179609513056,0.17064416577272273,0.161294222689132,,2734.2450945672513,2591.764890784311,0.05350354361886612,171082.65,0.6145041592470036,-0.3154063047399507,5846081,-0.01306983711995259,-0.020147355957583216,0.05872088642817733,-0.06196020223812818,0.2228736324596495,-0.0022683451583984156,0.00897956704006409,0.007171245852874836,False,False,False,False,False,False,GOLD,87.93495410020579,0.9569321686269023,85.07462686567165,98.99,-0.3323,4.133,-0.3136,3.57,-0.5017,90.9,12.2084,6740.02,-1.3277,24450.4492,-1.2737,29.49,24.1684,19.88,11.3102,91.7869,-0.3648,433,999,central_bank,high,0.0027775850253972667,1,0.0014077890726027498,1,0.004870272074397386,1,0.016817575524330497,1,0.052050852815489934,1,0.1496080809972442,1
2024-12-24,2635.5,2635.5,2635.800048828125,2624.199951171875,2629.39990234375,53366,valid,,85.0988998413086,72107.1,2026-10-03T13:44:11.057201+00:00,0.0027775850253972667,-0.009954921111945958,0.006492266564827265,-0.008986953155366684,0.09917840166443681,,2634.0400390625,2664.410009765625,2663.8549926757814,2681.6379931640627,2629.2399975585936,2484.6639904785156,2649.230741982607,2659.1660276331118,2656.9565695893007,2514.2917723225587,44.116806311657136,0.09347395836121145,-7.745230177803023,-1.946972182551913,-5.79825799525111,-3.049584510074299,-82.89990234375,41.38572474888393,0.1499143120167273,0.17062933746882314,0.16051208522164329,,2733.2407986066046,2594.4691867449583,0.0520942814992348,158484.0,0.3367279977789535,-0.49238569023408885,5899447,-0.010644345414345863,-0.01720515344787731,0.060706803857359604,-0.05935471694263906,0.22627026794912136,0.00045656768669351174,0.00440147890580368,0.00663139489133373,False,False,False,False,False,False,GOLD,87.92619997569848,0.9501594053244247,84.65346534653465,98.99,-0.3323,4.133,-0.3136,3.57,-0.5017,90.9,12.2084,6740.02,-1.3277,24450.4492,-1.2737,29.49,24.1684,19.88,11.3102,91.7869,-0.3648,432,999,central_bank,high,0.006981560365680206,1,-0.006602125723297325,0,0.012711060519825512,1,0.02098275425085383,1,0.054410890663536327,1,0.1442231446238853,1
2024-12-26,2653.89990234375,2653.89990234375,2655.699951171875,2634.10009765625,2638.0,79265,valid,,85.41339874267578,72878.87,2026-10-03T13:44:11.057201+00:00,0.006981560365680206,0.00022607828160636778,0.012436521156820257,-0.013530143784605264,0.12286858571768566,,2634.160009765625,2654.1300048828125,2665.4849853515625,2681.1379931640627,2631.334997558594,2487.1029895019533,2650.164574054836,2658.664491891268,2656.836700285554,2515.6809079446602,50.81723625557207,0.3831395694240794,-7.14205837088366,-2.985989420218263,-4.156068950665397,-3.729098220661431,-102.800048828125,40.521432059151785,0.1517399741735424,0.1695308172606334,0.15922633302368883,,2732.139468933312,2598.830501769813,0.05001302498271855,153554.35,0.5162015924654657,0.485308998238579,5978712,-0.004346332120223948,-0.010159152900652573,0.06706473899383275,-0.05278754511628431,0.23483154784944368,0.000948586605956764,0.008138910399951894,0.00583819551712887,False,False,False,False,False,False,GOLD,88.32495171188405,1.0479781689041678,87.192118226601,98.99,-0.3323,4.133,-0.3136,3.57,-0.5017,90.9,12.2084,6740.02,-1.3277,24450.4492,-1.2737,29.49,24.1684,19.88,11.3102,91.7869,-0.3648,430,999,central_bank,high,-0.00828968718095624,0,-0.0048607343224805755,0,0.00030146156884769404,1,0.02302275892255401,1,0.031839934854127394,1,0.1401710741507145,1
2024-12-27,2631.89990234375,2631.89990234375,2654.60009765625,2625.199951171875,2653.699951171875,93897,valid,,85.26090240478516,72145.68,2026-10-03T13:44:11.057201+00:00,-0.00828968718095624,0.009125341741633042,-0.0030304179309592616,-0.014158912806486956,0.1114911993275951,,2638.919970703125,2646.3800048828125,2665.0849853515624,2679.949990234375,2633.3379956054687,2489.358488769531,2646.511639712619,2656.115483362933,2655.8587866407775,2516.837315849129,46.01206292968915,0.17540760604926164,-8.343082643287289,-4.057408064832068,-4.285674578455221,-2.860412002412749,-77.5,40.31431361607143,0.15291088048277174,0.16965503250589084,0.15979075729378212,,2732.4778745446115,2597.6920961585133,0.05057466427032812,155166.55,0.6051368674498429,0.18459597552513718,5884815,-0.012451791665256173,-0.017929471843019313,0.057260299879355145,-0.06063964006117297,0.22459518059659964,-7.534239392312457e-05,0.01117069325401871,0.005546747117287461,False,False,False,False,False,False,GOLD,88.75062692007351,1.151574723664243,88.23529411764706,98.99,-0.3323,4.133,-0.3136,3.57,-0.5017,90.9,12.2084,6740.02,-1.3277,24450.4492,-1.2737,29.49,24.1684,19.88,11.3102,91.7869,-0.3648,429,999,central_bank,high,-0.00524328629489712,0,0.014096317881699072,1,0.005889281726176865,1,0.01774391012018084,1,0.051521753367404166,1,0.1484099366045093,1
2024-12-30,2618.10009765625,2618.10009765625,2640.699951171875,2608.39990234375,2636.10009765625,110915,valid,,85.38600158691406,71872.7,2026-10-03T13:44:11.057201+00:00,-0.00524328629489712,-0.01020755321279676,-0.014640535319439207,-0.02280526076036249,0.1001807586569794,,2633.519970703125,2640.610009765625,2663.139990234375,2678.1619921875,2635.194997558594,2491.6114892578125,2640.829331301345,2652.494970438487,2654.3780537394236,2517.844905717857,39.89250219974645,0.0,-10.289817331571612,-5.303889918179978,-4.985927413391634,-2.1563625875986037,-57.699951171875,39.028599330357146,0.15187267557140985,0.1697852864969382,0.15992881617961183,,2733.686891026424,2592.5930894423263,0.05298024215829047,151674.5,0.7312699234215329,0.18124114721450102,5773900,-0.016912326330297173,-0.022426535327748947,0.05076578308605585,-0.06556497536240796,0.2181742774693829,0.0015958795806626466,0.012337209282803204,0.005609071444124762,False,False,False,False,False,False,GOLD,89.95052623468251,1.4508838411547678,95.1219512195122,98.99,-0.3323,4.133,-0.3136,3.57,-0.5017,90.9,12.2084,6740.02,-1.3277,24450.4492,-1.2737,29.49,24.1684,19.88,11.3102,91.7869,-0.3648,426,999,central_bank,high,0.008746763488626907,1,0.013979547057192176,1,0.01806646152675495,1,0.024521580068442628,1,0.05794276212268512,1,0.16916843734899145,1
2024-12-31,2641.0,2641.0,2642.0,2614.300048828125,2620.0,86292,valid,,85.7865982055664,72841.5,2026-10-03T13:44:11.057201+00:00,0.008746763488626907,0.004870272074397386,-0.006582659394395285,-0.010045748683413236,0.09046620689988871,,2636.07998046875,2637.710009765625,2662.264990234375,2676.3819921875,2636.9719970703127,2494.0089892578126,2640.863465041076,2651.4002113491074,2653.853424181015,2519.07032954156,38.099635290213804,0.0,-9.871001104582774,-6.2173121554605375,-3.6536889491222366,-1.0861423220973832,-29.0,38.07859584263393,0.15550544337839953,0.1705897149308822,0.15844272045476943,,2733.4851040582816,2591.0448764104685,0.053503399612831085,147811.95,0.583795829768834,-0.22199882793129877,5860192,-0.007987555826475042,-0.013220083041497374,0.05893764271710635,-0.05739169320641689,0.22882935976233237,0.0007256797956083064,0.010488432855685162,0.0052746588470285825,False,False,False,False,False,False,GOLD,91.2577730190682,1.7700941803376322,99.51456310679612,98.99,-0.3323,4.133,-0.3136,3.57,-0.5017,90.9,12.2084,6740.02,-1.3277,24450.4492,-1.2737,29.49,24.1684,19.88,11.3102,91.7869,-0.3648,425,999,central_bank,high,0.010602044680045442,1,0.0024232875212988336,1,0.011889398842767962,1,0.02907991246805186,1,0.06891329042029537,1,0.16868610374858006,1
2025-01-02,2669.0,2669.0,2674.199951171875,2636.10009765625,2641.0,144517,valid,,85.78569793701172,73613.0,2026-10-03T13:44:11.057201+00:00,0.010602044680045442,0.012711060519825512,0.00041234592620353894,0.0011252813203301848,0.10257365796530116,,2642.77998046875,2638.410009765625,2662.3199951171873,2674.983994140625,2638.927998046875,2496.5324890136717,2646.490772032861,2653.0763816968115,2654.447407546465,2520.5621670585597,36.07493706530091,0.0,-7.196760458314202,-6.413201816031271,-0.783558642282931,0.26296018031555235,7.0,37.850010463169646,0.1597722469387168,0.17199024667269844,0.15906968793888435,,2733.560129464261,2591.0798607701136,0.05351733411288242,147989.55,0.9765351675168892,0.6747438928289993,6004709,0.0025090916550458238,-0.0022370205405827393,0.06908282257299907,-0.04739811782201313,0.24185746353867932,0.0,0.01427495448318124,0.004734233569685826,False,False,False,False,False,False,GOLD,90.10195203842724,1.4622208886291697,95.65217391304348,98.99,-0.3323,4.133,-0.3136,3.57,-0.5017,90.9,12.2084,6740.02,-1.3277,24450.4492,-1.2737,29.49,24.1684,19.88,11.3102,91.7869,-0.3648,423,999,central_bank,high,-0.005357830209113845,0,-0.0013488563717684032,0,0.008167871423051754,1,0.030685613467122508,1,0.05376545522667664,1,0.1700262453458692,1
2025-01-03,2654.699951171875,2654.699951171875,2681.0,2649.699951171875,2671.10009765625,121173,valid,,85.80400085449219,73234.22,2026-10-03T13:44:11.057201+00:00,-0.005357830209113845,0.00030146156884769404,-0.008033779385798634,0.00732338527104015,0.09296391696102457,,2642.939990234375,2638.55,2661.2449951171875,2672.8819921875,2640.4349975585938,2499.007489013672,2648.1326078606644,2653.2310073611034,2654.4573112180497,2521.896871378095,40.297974903456506,0.18277514905975845,-6.1602879444408245,-6.362619041713182,0.20233109727235732,0.05276080043672415,1.39990234375,35.471435546875,0.160460047389136,0.17068647129674172,0.15928060797491295,,2732.2517315109562,2590.2382587234188,0.05336354715482727,145458.6,0.8330411539778272,-0.16153116934339906,5883536,-0.0024593917348153926,-0.006802410682088538,0.06230171891945412,-0.05250199696360319,0.2352038021051207,0.0007868481289805969,0.011790428072406564,0.004353726466159665,False,False,False,False,False,False,GOLD,89.06595896220318,1.190099167739311,88.46153846153845,98.99,-0.3323,4.133,-0.3136,3.57,-0.5017,90.9,12.2084,6740.02,-1.3277,24450.4492,-1.2737,29.49,24.1684,19.88,11.3102,91.7869,-0.3648,422,999,central_bank,high,-0.0027498583502449936,0,0.006667401777011195,1,0.022714449820028237,1,0.035408898078483464,1,0.07624219316952519,1,0.18506801441392584,1
2025-01-06,2647.39990234375,2647.39990234375,2663.800048828125,2624.60009765625,2652.800048828125,169923,valid,,85.75900268554688,72994.53,2026-10-03T13:44:11.057201+00:00,-0.0027498583502449936,0.005889281726176865,-0.0003775864812239904,0.008149239277894127,0.07277731176029056,,2646.039990234375,2642.47998046875,2661.1949951171873,2671.2419921875,2641.83099609375,2501.4394885253905,2647.9860667572816,2652.6756640261174,2654.180550085724,2523.145657755863,44.444412605534055,0.362235006657251,-5.860374195422537,-6.262170072455053,0.40179587703251585,1.506836517617427,39.2998046875,34.478585379464285,0.15636394938034853,0.17061809721950402,0.1577967816707813,,2732.2412129856234,2590.1487772487512,0.05339422176786472,146148.95,1.1626700020766405,0.4023173479240425,5713613,-0.005183796301565139,-0.008925469842669113,0.05835056753835186,-0.055107482259092316,0.23180716661564885,-0.000715674983498833,0.014806962536017461,0.0037611706837841295,False,False,False,False,False,False,GOLD,87.25199343486926,0.7236785856708955,77.03349282296651,98.99,-0.3323,4.133,-0.3136,3.57,-0.5017,90.9,12.2084,6740.02,-1.3277,24450.4492,-1.2737,29.49,24.1684,19.88,11.3102,91.7869,-0.3648,419,999,central_bank,high,0.00679912391930837,1,0.0163934985590779,1,0.011785221902017362,1,0.04223013256484154,1,0.08627338328530265,1,0.19596587896253603,1
2025-01-07,2665.39990234375,2665.39990234375,2678.5,2643.5,2647.10009765625,161617,valid,,85.68070220947266,73423.73,2026-10-03T13:44:11.057201+00:00,0.00679912391930837,0.01806646152675495,0.002180705547653927,0.009888930031738408,0.0835399846165299,,2655.499951171875,2644.5099609375,2661.4849853515625,2669.5719921875,2643.6879956054686,2503.84298828125,2651.4688338745755,2653.8874962468444,2654.620524684078,2524.5611228761404,49.14113125257543,0.620783398474819,-4.122716708922326,-5.834279399748508,1.7115626908261818,0.7674493946556948,20.2998046875,35.407156808035715,0.15754163947176808,0.17086647948325165,0.15794734245678546,,2732.551136534581,2590.418834168544,0.053403383129440804,145871.5,1.1079408931833765,-0.04888096373063089,5875230,0.0014709521239958817,-0.0015628309916189765,0.06452358027982225,-0.04868304094054705,0.2401823761861576,-0.00011324495677229152,0.013131237818839316,0.00302932712045275,False,False,False,False,False,False,GOLD,87.54228193829158,0.7948776948414281,80.47619047619048,98.99,-0.3323,4.133,-0.3136,3.57,-0.5017,90.9,12.2084,6740.02,-1.3277,24450.4492,-1.2737,29.49,24.1684,19.88,11.3102,91.7869,-0.3648,418,999,central_bank,high,0.0026262475637688354,1,0.018608876518917628,1,0.006340566933132452,1,0.03958130256823056,1,0.08539060028332557,1,0.17119384165463858,1
2025-01-08,2672.39990234375,2672.39990234375,2687.0,2658.39990234375,2662.89990234375,197370,valid,,85.80650329589844,73724.65,2026-10-03T13:44:11.057201+00:00,0.0026262475637688354,0.011889398842767962,-0.004989256921870133,-0.0014572904432306188,0.08793356480510583,,2661.779931640625,2648.9299560546874,2660.814978027344,2667.92798828125,2645.4879956054688,2506.4049877929688,2655.6550475684103,2655.6505825417876,2655.317755180536,2526.032155507659,51.949008612643354,0.9706308682918761,-2.1559170632713176,-5.09860693245307,2.942689869181752,1.6817575524330497,44.199951171875,35.32859584263393,0.15368465020172226,0.1685162114689369,0.1579401031828151,,2731.1649672371336,2590.464988817554,0.052878527662166816,146632.5,1.3460181064907075,0.22122053991844925,6072600,0.0043539007454740635,0.0016761749500515822,0.06622828926656538,-0.046184647094446106,0.24343940213024434,-0.0009379455584885226,0.010702027653554552,0.0026661177832186037,False,False,False,False,False,False,GOLD,87.75778049769133,0.8466224248691566,81.51658767772511,98.99,-0.3323,4.133,-0.3136,3.57,-0.5017,90.9,12.2084,6740.02,-1.3277,24450.4492,-1.2737,29.49,24.1684,19.88,11.3102,91.7869,-0.3648,417,999,central_bank,high,0.006885251892217781,1,0.0023200851440916548,1,0.01698853021381952,1,0.03465053923068839,1,0.07644815757138357,1,0.13583296410153345,1
2025-01-09,2690.800048828125,2690.800048828125,2696.800048828125,2673.699951171875,2679.89990234375,156645,valid,,85.90750122070312,74319.64,2026-10-03T13:44:11.057201+00:00,0.006885251892217781,0.008167871423051754,-0.010152977673310248,0.009453762848385283,0.1215872365879378,,2666.13994140625,2654.4599609375,2659.4349853515623,2666.6259912109376,2647.017995605469,2508.9769885253904,2662.6840478203535,2658.998150759534,2656.70921767652,2527.6716370332356,56.78119349005424,0.9999999999517054,0.8774096386364363,-3.903403618235169,4.780813256871605,2.098275425085383,55.300048828125,32.107177734375,0.14915353806983778,0.16888030727074985,0.15421042326482076,,2726.0103372475132,2592.8596334556114,0.050067290430207675,145389.3,1.077417664160973,-0.2063383492932056,6229245,0.011793882403334859,0.009065409883821263,0.07246900275858073,-0.0396173881310292,0.2520007956266166,0.002806466200443855,0.008584843629054408,0.0026966683303447122,False,False,False,False,False,False,GOLD,87.38917270429232,0.7493561990356358,78.77358490566037,98.99,-0.3323,4.133,-0.3136,3.57,-0.5017,90.9,12.2084,6740.02,-1.3277,24450.4492,-1.2737,29.49,24.1684,19.88,11.3102,91.7869,-0.3648,416,999,central_bank,high,0.008993589539443514,1,-0.0031589117904550212,0,0.022335310102955974,1,0.032741137177395796,1,0.07313811701238593,1,0.10509887159816556,1
2025-01-10,2715.0,2715.0,2735.0,2686.89990234375,2692.89990234375,298408,valid,,85.91999816894531,74998.95,2026-10-03T13:44:11.057201+00:00,0.008993589539443514,0.022714449820028237,-0.015126764577388374,0.013475717261651532,0.13375372921830242,,2678.199951171875,2660.569970703125,2657.349987792969,2665.3039892578126,2648.7549951171877,2511.6659887695314,2673.147238256283,2664.3316602110067,2658.9951307088136,2529.5356008438503,70.91974605552838,0.9999999999713014,5.174429118073476,-2.08783707097344,7.262266189046916,2.302275892255401,61.10009765625,31.500034877232142,0.14354882086275594,0.16956201779164543,0.15458628466541055,,2712.7782173682717,2601.921758217666,0.041716920864697395,147060.45,2.0291519575793355,0.9049953717003416,6527653,0.02169455001103935,0.018645531970260244,0.08095583255877158,-0.03098010111906409,0.263260776885535,0.000780382591615728,0.017716426392719073,0.0029842755261307438,False,False,False,False,False,False,GOLD,87.32430718075065,0.7300725763297445,77.93427230046949,98.99,-0.3323,4.133,-0.3136,3.57,-0.5017,90.9,12.2084,6740.02,-1.3277,24450.4492,-1.2737,29.49,24.1684,19.88,11.3102,91.7869,-0.3648,415,999,central_bank,high,-0.013406962189226546,0,0.001031325535221006,1,0.012412505035681365,1,0.008618748561233902,1,0.08081027710635369,1,0.1013627812787754,1
2025-01-13,2678.60009765625,2678.60009765625,2723.800048828125,2675.199951171875,2716.800048828125,211094,valid,,86.18800354003906,74224.24,2026-10-03T13:44:11.057201+00:00,-0.013406962189226546,0.011785221902017362,-0.011367758838721764,-0.004718890848831592,0.11269889225491192,,2684.439990234375,2665.239990234375,2655.8099975585938,2662.859990234375,2650.0349951171875,2514.1059887695315,2674.2378101362765,2665.690559015316,2659.7639529420467,2531.0188296678543,56.57120691141399,0.5882158760368933,5.578376054677392,-0.5545944458432737,6.132970500520665,1.774391012018084,46.7001953125,31.392892020089285,0.13837681393415766,0.17160253430416358,0.155882249411162,,2706.6726882108073,2604.94730690638,0.038302958945821405,146641.75,1.4395218278559727,-0.2925993941181202,6316559,0.00858122385208201,0.005910978226265592,0.0654284702480506,-0.043971714263964116,0.24632428741470397,0.0006630014099905477,0.018143842262514843,0.0026475266073444515,False,False,False,False,False,False,GOLD,89.01665391255453,1.1584474136750027,88.3177570093458,98.99,-0.3323,4.133,-0.3136,3.57,-0.5017,90.9,12.2084,6740.02,-1.3277,24450.4492,-1.2737,29.49,24.1684,19.88,11.3102,91.7869,-0.3648,412,999,central_bank,high,0.0013813003199367735,1,0.026991638188455847,1,0.030090289919032287,1,0.03318894164960895,1,0.09482565173586299,1,0.149630325571255,1
2025-01-14,2682.300048828125,2682.300048828125,2693.699951171875,2672.0,2682.0,179414,valid,,86.65059661865234,74725.7,2026-10-03T13:44:11.057201+00:00,0.0013813003199367735,0.006340566933132452,0.0024291800139726316,-0.009307461189981492,0.11036142859005316,,2687.82001953125,2671.6599853515627,2656.1349975585936,2661.519990234375,2651.3829956054688,2516.430489501953,2675.8502578746466,2667.2724151879643,2660.647721408168,2532.524115430643,61.19159355233626,0.7208148706844317,6.126440260261461,0.7816124953776733,5.344827764883788,2.4521580068442628,64.199951171875,31.257167271205358,0.13116193248010308,0.17116793484718232,0.15583912238714345,,2707.614827729094,2604.655167388093,0.03876296213693894,146678.2,1.2231810862145758,-0.15007532189451145,6495973,0.009850798733336741,0.007807590651202318,0.06591461994204914,-0.04265115208700891,0.2480458355516541,0.001269283289701816,0.008090053602074623,0.0020232771857954007,False,False,False,False,False,False,GOLD,89.0183211023407,1.1525787718815625,88.37209302325581,98.99,-0.3323,4.133,-0.3136,3.57,-0.5017,90.9,12.2084,6740.02,-1.3277,24450.4492,-1.2737,29.49,24.1684,19.88,11.3102,91.7869,-0.3648,411,999,central_bank,high,0.013234910097216668,1,0.024754837689676013,1,0.03303129847622133,1,0.03262125728187204,1,0.09186142409809817,1,0.18461765729312196,1
2025-01-15,2717.800048828125,2717.800048828125,2722.699951171875,2685.39990234375,2693.300048828125,193720,valid,,86.535400390625,75614.03,2026-10-03T13:44:11.057201+00:00,0.013234910097216668,0.01698853021381952,0.017902640010533766,-0.004468846583104424,0.15479075794694075,,2696.900048828125,2679.339990234375,2658.525,2660.8919921875,2653.3939965820314,2518.7339892578125,2684.2402160653423,2672.0845707727412,2662.8889891501267,2534.367657056489,65.24641590434814,0.8371829171567979,9.317927142012195,2.488875424704578,6.8290517173076175,2.907991246805186,76.800048828125,33.314296177455354,0.13872342735674445,0.17249362596298684,0.15190122726442157,,2716.7160091903274,2600.3339908096727,0.04377691328109042,150564.4,1.2866255236961641,0.07973736720657243,6689693,0.022296216446376322,0.021386834492977673,0.07903417368377662,-0.029980726153211283,0.2645636099823797,0.004100958058290947,0.013724353579357135,0.0008895483899566481,False,False,False,False,False,False,GOLD,86.77799506865841,0.5761741356790402,70.37037037037037,98.99,-0.3323,4.133,-0.3136,3.57,-0.5017,90.9,12.2084,6740.02,-1.3277,24450.4492,-1.2737,29.49,24.1684,19.88,11.3102,91.7869,-0.3648,410,999,central_bank,high,0.012178914166219634,1,0.015232872764720407,1,0.017366969726940296,1,0.03870775968866269,1,0.08374414946889219,1,0.19383326196320927,1
2025-01-16,2750.89990234375,2750.89990234375,2757.89990234375,2720.39990234375,2722.300048828125,186543,valid,,86.43099975585938,76442.59,2026-10-03T13:44:11.057201+00:00,0.012178914166219634,0.022335310102955974,0.03339590621478217,0.00438132112448919,0.15535485188733733,,2708.92001953125,2687.52998046875,2662.9699951171874,2660.9859912109373,2655.4399951171877,2521.079488525391,2697.5721533210244,2679.5907928271226,2666.3403975106608,2536.5222067608397,67.04148509075935,0.8886990321357361,14.352636778339729,4.861627695431608,9.491009082908121,3.068561346712251,81.89990234375,34.63572474888393,0.1434146438071749,0.17417735713220878,0.15197481726398454,,2734.362618488862,2591.5773717455127,0.053618796683817846,152538.9,1.222920841831158,-0.03704831715878587,6876236,0.03301948853639265,0.03378969728880899,0.09115952704557231,-0.018166944677456987,0.27996462164607416,0.0016557509453054419,0.013631902770448534,0.0007455897598868986,False,False,True,False,False,False,GOLD,87.26643529081043,0.6992422205024038,75.57603686635944,98.99,-0.3323,4.133,-0.3136,3.57,-0.5017,90.9,12.2084,6740.02,-1.3277,24450.4492,-1.2737,29.49,24.1684,19.88,11.3102,91.7869,-0.3648,409,999,central_bank,high,-0.0007997205459931989,0,0.007270348144241767,1,0.010178487401938607,1,0.02239270778401181,1,0.054454925350244876,1,0.1728162286382493,1
2025-01-17,2748.699951171875,2748.699951171875,2759.199951171875,2729.199951171875,2746.800048828125,156868,valid,,86.6061019897461,76536.2,2026-10-03T13:44:11.057201+00:00,-0.0007997205459931989,0.012412505035681365,0.03595518810090281,-0.004022065896028715,0.15598447923598302,,2715.660009765625,2696.92998046875,2667.739990234375,2660.9659912109373,2657.3749951171876,2523.24798828125,2707.797712891195,2686.1726174313844,2669.5701839287476,2538.6334280982633,72.05442648524505,0.9999999999722065,17.9581523625684,7.480932628858966,10.477219733709433,3.5408898078483464,94.0,34.67857142857143,0.14254948334800654,0.17348272628663058,0.15195719330106772,,2748.540416401856,2586.939564066894,0.06057593803236569,152565.6,1.0282003282522336,-0.159078603860772,6719368,0.030347770485067736,0.032970718246939805,0.08934990295745994,-0.018952136744533422,0.27894100763999974,-0.0014903681199488427,0.010914250566781197,0.0025456916945986456,False,False,False,False,False,False,GOLD,88.80811386099342,1.0902363645437834,86.23853211009175,98.99,-0.3323,4.133,-0.3136,3.57,-0.5017,90.9,12.2084,6740.02,-1.3277,24450.4492,-1.2737,29.49,24.1684,19.88,11.3102,91.7869,-0.3648,408,999,central_bank,high,0.0038199876983748826,1,0.005930093905366363,1,-0.0037472437920093027,0,0.039436878673556164,1,0.0728708307149819,1,0.1788845490255293,1
2025-01-21,2759.199951171875,2759.199951171875,2762.0,2715.60009765625,2739.60009765625,294121,valid,,86.21109771728516,76478.16,2026-10-03T13:44:11.057201+00:00,0.0038199876983748826,0.030090289919032287,0.05793483679994105,0.01091816878960672,0.14727648697375262,,2731.77998046875,2708.1099853515625,2675.2949829101562,2662.6239892578124,2659.4379956054686,2525.5014880371095,2718.0781605473308,2693.1276015971453,2673.0850767618113,2540.82811987014,76.9789646747325,0.9999999999755527,21.415942038387584,10.26793451076469,11.148007527622894,4.223013256484154,111.800048828125,35.685703822544646,0.12400514800413591,0.1721210975976739,0.15127537577091263,,2760.738490265178,2589.8514755551346,0.06387595229745112,157692.3,1.8651576519588984,0.8749585638881097,7013489,0.03136288476510971,0.036270972658421156,0.09253546839772797,-0.015204545975382013,0.2838265465561298,-0.0033106027130178676,0.016816433446233726,0.004758837035743484,False,False,False,False,False,False,GOLD,88.12238122299345,0.9101277473789603,83.56164383561644,98.99,-0.3323,4.133,-0.3136,3.57,-0.5017,90.9,12.2084,6740.02,-1.3277,24450.4492,-1.2737,29.49,24.1684,19.88,11.3102,91.7869,-0.3648,404,999,central_bank,high,0.0042403419030598855,1,0.007139733082232036,1,0.0030081360448703798,1,0.042258661829392974,1,0.06411284053888266,1,0.21281529485475748,1
2025-01-22,2770.89990234375,2770.89990234375,2774.39990234375,2756.199951171875,2758.699951171875,158141,valid,,86.45189666748047,77016.97,2026-10-03T13:44:11.057201+00:00,0.0042403419030598855,0.03303129847622133,0.04755956298174424,0.008003201564830587,0.14193278481094174,,2749.499951171875,2718.6599853515627,2681.5849731445314,2663.925986328125,2661.768994140625,2527.6289880371096,2728.642508906615,2700.534487382536,2676.920952274829,2543.1173913375396,75.9488621067704,0.9748165980432846,24.814309632430195,13.177209535097791,11.637100097332404,3.958130256823056,105.5,35.007132393973215,0.11675811768938844,0.1717259211099222,0.15091848110684614,,2775.7462083126047,2587.423737976458,0.07022804506367816,157921.0,1.001393101614092,-0.46232672947528397,7171630,0.03330676823358354,0.040156489543853466,0.09624470816639193,-0.011028676545740015,0.28927041005775056,-0.00018121194869819457,0.006568245628964838,0.006628932976002254,False,False,True,False,False,False,GOLD,88.70001836910585,1.053592790055704,85.45454545454545,98.99,-0.3323,4.133,-0.3136,3.57,-0.5017,90.9,12.2084,6740.02,-1.3277,24450.4492,-1.2737,29.49,24.1684,19.88,11.3102,91.7869,-0.3648,403,999,central_bank,high,-0.0021292369091931995,0,-0.011729041519150551,0,-0.00039693007845387207,0,0.044065141996999735,1,0.06683756246692618,1,0.20119817375158222,1
2025-01-23,2765.0,2765.0,2767.10009765625,2741.0,2765.89990234375,194742,valid,,86.47270202636719,76871.48,2026-10-03T13:44:11.057201+00:00,-0.0021292369091931995,0.017366969726940296,0.052050852815489934,0.0037754672094141295,0.11455979747586853,,2758.93994140625,2727.9199951171877,2688.4249755859373,2665.3299853515623,2663.815993652344,2529.6989880371093,2735.9140071252923,2706.674060012771,2680.375032577777,2545.32517848841,71.0342075476139,0.8379335681772764,26.723416709943194,15.886450970066871,10.836965739876323,3.4650539230688393,92.60009765625,34.421421595982146,0.11346097314852645,0.17174511679003246,0.1477649058375902,,2786.0682575723263,2590.7816935995484,0.07263976705548308,162401.55,1.1991388013230098,0.23144535572685143,6976888,0.02848322906885092,0.03739499994228806,0.09301541925562329,-0.01313443078977166,0.286525247914726,-0.0018044679260225077,0.009439456656868196,0.00866496469904085,False,False,False,False,False,False,GOLD,90.14442570498387,1.4152353779932687,95.92760180995475,98.99,-0.3323,4.133,-0.3136,3.57,-0.5017,90.9,12.2084,6740.02,-1.3277,24450.4492,-1.2737,29.49,24.1684,19.88,11.3102,91.7869,-0.3648,402,999,central_bank,high,0.005027089455244216,1,0.0009041591320071429,1,0.020976491862567892,1,0.040397812358725194,1,0.06806508179814652,1,0.23880652760510857,1
2025-01-24,2778.89990234375,2778.89990234375,2794.800048828125,2761.0,2761.800048828125,199562,valid,,86.44020080566406,77228.88,2026-10-03T13:44:11.057201+00:00,0.005027089455244216,0.010178487401938607,0.054410890663536327,0.00834573127291005,0.12515177237213493,,2764.53994140625,2736.72998046875,2695.594970703125,2668.553984375,2666.328991699219,2531.7814880371093,2744.5111861689843,2713.5527116633407,2684.2387529607563,2547.6493050939357,77.26079692026403,0.9999999999695275,29.02343963045996,18.51384870214549,10.50959092831447,3.2741137177395796,88.099853515625,34.59999302455357,0.11379746808519421,0.17203835540512985,0.14767127519294168,,2797.826887325703,2593.363054080547,0.075851096128046,169711.35,1.1758907109041252,0.02475069579238176,7176450,0.03090409818462625,0.04135045369694962,0.0976065333735156,-0.008173369293053226,0.2929927254224211,-0.001157306029610793,0.012163104111668635,0.010133198161418614,False,False,True,False,False,False,GOLD,89.57547103806702,1.2618495643169818,91.44144144144144,98.99,-0.3323,4.133,-0.3136,3.57,-0.5017,90.9,12.2084,6740.02,-1.3277,24450.4492,-1.2737,29.49,24.1684,19.88,11.3102,91.7869,-0.3648,401,999,central_bank,high,-0.014574112570892472,0,-0.003274624432477835,0,0.012091150756423863,1,0.039116268715120306,1,0.06632122613437241,1,0.23048689139892953,1
2025-01-27,2738.39990234375,2738.39990234375,2778.10009765625,2732.0,2778.10009765625,215514,valid,,86.2030029296875,75894.5,2026-10-03T13:44:11.057201+00:00,-0.014574112570892472,-0.0037472437920093027,0.031839934854127394,-0.015353706739460904,0.12027491889445163,,2762.479931640625,2739.069970703125,2699.819970703125,2671.1959814453126,2668.4829907226563,2533.7314880371096,2743.288929403938,2715.9191107757606,2686.3627196032267,2549.5473209869688,67.43298280535876,0.6505003213161034,27.263931210574356,20.263865203831266,7.00006600674309,0.8618748561233902,23.39990234375,35.149989536830354,0.12784019798140675,0.17362919494225224,0.14849561761741192,,2801.7804931304086,2597.8594482758413,0.07553134915191541,176523.8,1.220877864627879,0.07993505777653054,6960936,0.014289816380076363,0.025158738394795745,0.0807774680438285,-0.022628362259780096,0.27414850388877643,-0.0002878134209962545,0.016834684231757706,0.010715795267973548,False,False,False,False,False,False,GOLD,90.51364872395985,1.491261695517236,97.30941704035875,98.99,-0.3323,4.133,-0.3136,3.57,-0.5017,90.9,12.2084,6740.02,-1.3277,24450.4492,-1.2737,29.49,24.1684,19.88,11.3102,91.7869,-0.3648,398,999,central_bank,high,0.010626679336112943,1,0.03089398943662025,1,0.04334655256557185,1,0.07157464467926933,1,0.06587794073830255,1,0.20292879605965708,1
2025-01-28,2767.5,2767.5,2774.0,2737.39990234375,2742.39990234375,171359,valid,,86.46839904785156,76937.15,2026-10-03T13:44:11.057201+00:00,0.010626679336112943,0.0030081360448703798,0.051521753367404166,-0.011889477380599867,0.1381394509185594,,2764.13994140625,2747.9599609375,2706.5999755859375,2674.8159814453124,2670.8979907226562,2535.70548828125,2748.1311435231505,2720.8315764161644,2689.5445737364334,2551.7160043602325,68.76152962710404,0.6642170363259038,27.89607421360688,21.790307005786392,6.105767207820488,3.318894164960895,88.89990234375,35.2642822265625,0.1260542662526589,0.17441396614736396,0.14886582238084997,,2807.5729631047734,2605.6269880671016,0.07461242032778745,180396.9,0.9498999151315741,-0.2048822814295127,7132295,0.022500563423989567,0.034650614919898876,0.09141223726094999,-0.012242147273307039,0.28768847146618554,0.0014607070342702712,0.013224967536128916,0.011882684401877612,False,False,False,False,False,False,GOLD,90.06736956106764,1.3683884775614894,94.64285714285714,98.99,-0.3323,4.133,-0.3136,3.57,-0.5017,90.9,12.2084,6740.02,-1.3277,24450.4492,-1.2737,29.49,24.1684,19.88,11.3102,91.7869,-0.3648,397,999,central_bank,high,0.0008310926208221492,1,0.016260162601626105,1,0.03913280897131899,1,0.05965676518744356,1,0.05893409129403793,1,0.20997293501580838,1
2025-01-29,2769.800048828125,2769.800048828125,2778.10009765625,2761.0,2771.60009765625,125692,valid,,86.58460235595703,77104.57,2026-10-03T13:44:11.057201+00:00,0.0008310926208221492,-0.00039693007845387207,0.05794276212268512,0.007456443325907003,0.13871080415653347,,2763.919970703125,2756.7099609375,2714.1849731445313,2678.753984375,2673.164990234375,2537.6839880371094,2752.4649245841456,2725.4952404553987,2692.6918472694415,2553.8859948524505,68.21246652648802,0.5626626535147278,28.256918647130533,23.08362933405522,5.173289313075312,3.262125728187204,87.5,34.44285365513393,0.12288063453770368,0.17022246766712978,0.1488619305904415,,2809.8160758754166,2618.553870413646,0.07046763848232211,181135.75,0.6939105063467554,-0.26649898750576273,7257987,0.020490525234593746,0.033988214290732476,0.09146767756944597,-0.011421229010747156,0.2887586598527383,0.0014815167682921476,0.006173766103975162,0.013226667688106009,False,False,False,False,False,False,GOLD,88.6676474684898,1.0070025818810369,83.55555555555556,98.99,-0.3323,4.133,-0.3136,3.57,-0.5017,90.9,12.2084,6740.02,-1.3277,24450.4492,-1.2737,29.49,24.1684,19.88,11.3102,91.7869,-0.3648,396,999,central_bank,high,0.019207145004702886,1,0.03151853826598816,1,0.0444797274171469,1,0.057368726818738836,1,0.04552669914529628,1,0.19084404801684896,1
2025-01-30,2823.0,2823.0,2829.5,2770.0,2772.5,40141,valid,,86.6406021118164,78636.36,2026-10-03T13:44:11.057201+00:00,0.019207145004702886,0.020976491862567892,0.06891329042029537,0.02684419108790803,0.1460236041252856,,2775.519970703125,2767.2299560546876,2723.2849731445312,2683.811982421875,2676.1489892578124,2539.8839880371092,2766.5719396673167,2734.781408031075,2697.801970905934,2556.563746147451,71.87296262993725,0.7395871890761633,32.46148610423279,24.959200688090736,7.502285416142055,3.870775968866269,105.199951171875,36.964268275669646,0.13459153792038644,0.17462904628462794,0.1502250700788263,,2824.0908646501302,2622.4790816389323,0.07403256912122796,178828.2,0.22446683464912007,-0.6806399770868472,7298128,0.03661571515238557,0.05186205982002864,0.11146808802931939,-0.0022972256582426943,0.31351203430858754,0.000974781978582298,0.021076868579517863,0.014707807767897685,False,False,True,False,False,False,GOLD,87.22655229062589,0.637632131275209,70.79646017699115,98.99,-0.3323,4.133,-0.3136,3.57,-0.5017,90.9,12.2084,6740.02,-1.3277,24450.4492,-1.2737,29.49,24.1684,19.88,11.3102,91.7869,-0.3648,395,999,central_bank,high,-0.0037194473963868546,0,0.0187035242040825,1,0.019022299387841057,1,0.04335809505623445,1,0.009032943676939409,1,0.18586608259719273,1
2025-01-31,2812.5,2812.5,2838.0,2804.0,2829.0,165676,valid,,86.64700317382812,78349.66,2026-10-03T13:44:11.057201+00:00,-0.0037194473963868546,0.012091150756423863,0.05376545522667664,0.02414246959688171,0.1370987753880497,,2782.239990234375,2773.3899658203127,2730.4599731445314,2687.76998046875,2678.9469897460935,2541.907487792969,2775.7575517338532,2742.183178694782,2702.2999328311917,2559.110375539019,66.89777556626335,0.499119056971792,34.548124583680874,26.876985467208765,7.6711391164721086,2.239270778401181,61.60009765625,35.957118443080354,0.13398680030420004,0.1748144005265485,0.15033065047332125,,2835.3423956125916,2625.577550676471,0.0768239955901892,179886.15,0.9210047577314824,3.127351087416856,7132452,0.03004622944937633,0.04640650816014047,0.10645254145022752,-0.008985200845662795,0.3086264953924574,0.0021253985122202885,0.01208888888888459,0.01588305286017087,False,False,False,False,False,False,GOLD,87.54046763491985,0.7153740288659769,76.65198237885463,98.99,-0.3323,4.133,-0.3136,3.57,-0.5017,90.9,12.2084,6740.02,-1.3277,24450.4492,-1.2737,29.49,24.1684,19.88,11.3102,91.7869,-0.3648,394,999,central_bank,high,0.015857812499999957,1,0.028622222222222327,1,0.02670225694444439,1,0.03135998263888884,1,0.03150225694444453,1,0.18528003472222232,1
2025-02-03,2857.10009765625,2857.10009765625,2872.0,2802.199951171875,2846.5,181344,valid,,86.55400085449219,79506.69,2026-10-03T13:44:11.057201+00:00,0.015857812499999957,0.04334655256557185,0.07624219316952519,0.03905886038169459,0.1410144159969049,,2805.980029296875,2784.22998046875,2740.57998046875,2692.291982421875,2682.086989746094,2544.2509887695314,2792.026060918333,2753.1276471673027,2708.3705275302136,2562.075447400882,80.08091949029114,0.99999999994706,39.34708702780745,29.371005779328502,9.976081248478945,3.9436878673556164,108.400146484375,37.471400669642854,0.13825322904177603,0.17763742013909398,0.15096693410619477,,2853.438887558742,2627.721073378758,0.08236133073601992,182894.7,0.9915213508100509,0.09457012482194171,7313796,0.04251659065521157,0.061214799995823244,0.12296314721602915,-0.005187988281248193,0.3293784489889157,0.01208888888888459,0.024430382710553013,0.01793564678799023,False,False,True,False,False,False,GOLD,88.20388516630983,0.8814528835447106,82.01754385964912,98.99,-0.3323,4.133,-0.3136,3.57,-0.5017,90.9,12.2084,6740.02,-1.3277,24450.4492,-1.2737,29.49,24.1684,19.88,11.3102,91.7869,-0.3648,391,999,central_bank,high,0.0065450808626603685,1,0.0068600513967653765,1,0.027055336545930286,1,0.032165447202615605,1,0.022225332620334326,1,0.16170242000936197,1
2025-02-04,2875.800048828125,2875.800048828125,2877.10009765625,2837.39990234375,2850.39990234375,145862,valid,,86.94339752197266,80387.1,2026-10-03T13:44:11.057201+00:00,0.0065450808626603685,0.03913280897131899,0.08627338328530265,0.07454321128430852,0.14674216158978193,,2827.6400390625,2795.889990234375,2751.9999877929686,2696.773984375,2685.4209912109377,2546.6399890136718,2808.7808585002913,2764.810733039762,2714.9363911105243,2565.1970852260283,81.03949019441977,0.9999999999366811,44.15029203303857,32.32686303007052,11.823429002968048,4.225866182939297,116.60009765625,38.757132393973215,0.1364118517226685,0.16857321514183565,0.15116887265652648,,2871.2034758224518,2632.7964997634854,0.08663044226612657,181691.65,0.8027996883731268,-0.19566128463031585,7459658,0.044985487494277145,0.06638526828363385,0.12925268637669102,-0.00045186082652584695,0.3380793384346232,-0.0023451034557711125,0.013804921982897886,0.020478543525681157,False,False,True,False,False,False,GOLD,87.4422283521127,0.684519863058884,75.54585152838428,98.99,-0.3323,4.133,-0.3136,3.57,-0.5017,90.9,12.2084,6740.02,-1.3277,24450.4492,-1.2737,29.49,24.1684,19.88,11.3102,91.7869,-0.3648,390,999,central_bank,high,0.005980927352332355,1,0.004103222973702136,1,0.019751042445134814,1,0.02096809507069075,1,0.017455994964716393,1,0.12045340303993202,1
2025-02-05,2893.0,2893.0,2906.0,2870.10009765625,2873.699951171875,167383,valid,,87.13009643554688,81041.54,2026-10-03T13:44:11.057201+00:00,0.005980927352332355,0.0444797274171469,0.08539060028332557,0.06918469502317848,0.16667341088295973,,2852.280029296875,2808.1,2763.379992675781,2701.135986328125,2688.544990234375,2549.0359887695313,2825.624686800233,2777.019234655023,2721.919277733641,2568.458805771043,79.85687717648625,0.9163741420368299,48.782425483520456,35.61797552076051,13.164449962759946,4.4065141996999735,122.10009765625,38.435703822544646,0.13623439633112835,0.16763949262336547,0.15023414604188812,,2890.9370621097687,2635.8229232417934,0.09231960119276102,181979.95,0.9197881414958026,0.14754356857851936,7627041,0.046906327637792934,0.0710308605871489,0.13493886031651198,-0.004473503097039066,0.3460822937494549,-0.0007302655332748359,0.012409229984008846,0.02304364040266125,False,False,True,False,False,False,GOLD,88.0482130733141,0.8365251560101202,80.8695652173913,98.99,-0.3323,4.133,-0.3136,3.57,-0.5017,90.9,12.2084,6740.02,-1.3277,24450.4492,-1.2737,29.49,24.1684,19.88,11.3102,91.7869,-0.3648,389,999,central_bank,high,-0.005634306542732448,0,0.014310370668423777,1,0.012340114473513575,1,0.021811302335378535,1,0.011614275028084986,1,0.12108539537785168,1
2025-02-06,2876.699951171875,2876.699951171875,2894.199951171875,2855.0,2885.0,167701,valid,,87.33409881591797,80773.61,2026-10-03T13:44:11.057201+00:00,-0.005634306542732448,0.019022299387841057,0.07644815757138357,0.0675003336232134,0.154188759382772,,2863.02001953125,2819.2699951171876,2773.5949951171874,2704.425986328125,2691.204990234375,2551.687489013672,2835.8397396745613,2786.512636228056,2727.989108064552,2571.525881844683,72.74044024774196,0.41315108066405204,50.55537599565923,38.605455615740254,11.949920379918979,4.039781235872519,111.699951171875,38.371425083705354,0.14053955280868952,0.16787946798231393,0.150467694744692,,2903.1801136434487,2644.009876590926,0.09344199045235117,180496.5,0.9291094287146792,0.001899834511270626,7459340,0.03717376049356987,0.0637007504419034,0.12737157804685004,-0.010082604552001004,0.3384980534747286,-0.0027652955409599844,0.013626708324548265,0.02557622546844019,False,False,False,False,False,False,GOLD,88.46484449834054,0.939387809933239,83.11688311688312,98.99,-0.3323,4.133,-0.3136,3.57,-0.5017,90.9,12.2084,6740.02,-1.3277,24450.4492,-1.2737,29.49,24.1684,19.88,11.3102,91.7869,-0.3648,388,999,central_bank,high,0.003789114843185004,1,0.01943203929266346,1,0.023881514352544375,1,0.026592971564113332,1,0.01300105924121131,1,0.15489974805148754,1
2025-02-07,2887.60009765625,2887.60009765625,2910.60009765625,2876.10009765625,2880.199951171875,192551,valid,,87.58830261230469,81315.67,2026-10-03T13:44:11.057201+00:00,0.003789114843185004,0.02670225694444439,0.07313811701238593,0.1031058377655345,0.13783593746467604,,2878.0400390625,2830.1400146484375,2783.4349975585938,2709.80798828125,2693.9919921875,2554.414989013672,2846.191811270899,2796.1400135069316,2734.248362558344,2574.6708989174354,74.34281856153018,0.5264597108979381,52.23783750112352,41.33193199281691,10.90590550830661,3.9116268715120306,108.7001953125,38.69285365513393,0.14004567799368026,0.15606746371068161,0.14846013075362285,,2916.392518510888,2650.4774766062997,0.09553484889632129,182291.8,1.0562789988359267,0.14818039248424286,7651891,0.037423219938307925,0.06561059312829863,0.13043499590921967,-0.007902150494158494,0.34356977631672225,0.0012166719016256792,0.011947637772969439,0.027170563226517057,False,False,False,False,False,False,GOLD,89.30261881323449,1.1482379442501809,88.79310344827587,98.99,-0.3323,4.133,-0.3136,3.57,-0.5017,90.9,12.2084,6740.02,-1.3277,24450.4492,-1.2737,29.49,24.1684,19.88,11.3102,91.7869,-0.3648,387,999,central_bank,high,0.016207162731946667,1,0.014233222096433629,1,0.004536588541556474,1,0.026180859869407325,1,0.00408637078835028,1,0.18534420732506396,1
2025-02-10,2934.39990234375,2934.39990234375,2938.10009765625,2879.89990234375,2884.800048828125,167232,valid,,87.51309967041016,82562.61,2026-10-03T13:44:11.057201+00:00,0.016207162731946667,0.027055336545930286,0.08081027710635369,0.125887214583428,0.15468454962525802,,2893.5,2849.7400146484374,2794.404992675781,2716.0699853515625,2697.4119921875,2557.394989013672,2863.8334294854694,2809.3076219675813,2742.097442549929,2578.250291986354,77.23881078561544,0.7312433810559049,56.69402010866861,44.40434961598725,12.28967049268136,7.157464467926933,196.0,39.535731724330354,0.1459649339422233,0.15834133719589297,0.15006131137203285,,2939.2601464804843,2649.549838871078,0.10367513240516031,175733.0,0.9516254772865601,-0.13149243577026348,7819123,0.050098289272617814,0.0803844960437744,0.14741755378011934,-0.0012593836797631303,0.36534523032320504,-0.0009696802650743496,0.019833764057173933,0.028841306647718896,False,False,True,False,False,False,GOLD,90.59027096414293,1.467841994008794,97.85407725321889,98.99,-0.3323,4.133,-0.3136,3.57,-0.5017,90.9,12.2084,6740.02,-1.3277,24450.4492,-1.2737,29.49,24.1684,19.88,11.3102,91.7869,-0.3648,384,999,central_bank,high,-0.0006133467650617508,0,0.003748636984077791,1,0.004975496913215194,1,-0.005316198894078861,0,-0.004600599935004501,0,0.1559092200195984,1
2025-02-11,2932.60009765625,2932.60009765625,2968.5,2907.0,2937.0,218478,valid,,87.49009704589844,82490.29,2026-10-03T13:44:11.057201+00:00,-0.0006133467650617508,0.019751042445134814,0.09482565173586299,0.13381020593707715,0.14976867614449652,,2904.860009765625,2866.2500244140624,2807.1049926757814,2721.9239892578125,2700.7519921875,2560.345489501953,2877.5867631196256,2821.0497625093594,2749.56813490704,2581.7761606994873,75.93845801983517,0.6392918179053307,59.39567140607642,47.402613974005085,11.993057432071332,5.965676518744356,165.10009765625,42.628592354910715,0.13222482258575566,0.15717081302535402,0.15004339518884624,,2953.7378225985804,2660.4721627529825,0.10447263661696794,176102.2,1.2406318603628959,0.3064365671641791,7600645,0.04470623838718613,0.07739970301514744,0.14539233462065454,-0.012093617094067005,0.3645078002429941,0.0008860747487663069,0.020971151180527534,0.031294409305369295,False,False,False,False,False,False,GOLD,90.98694391102981,1.5575898163844688,99.14529914529915,98.99,-0.3323,4.133,-0.3136,3.57,-0.5017,90.9,12.2084,6740.02,-1.3277,24450.4492,-1.2737,29.49,24.1684,19.88,11.3102,91.7869,-0.3648,383,999,central_bank,high,-0.0013299278300822337,0,-0.010877769017967998,0,0.0011934801484856372,1,-0.0006819886562775546,0,0.004842102809456961,1,0.12732724882679136,1
2025-02-12,2928.699951171875,2928.699951171875,2936.5,2886.5,2927.0,204625,valid,,86.81120300292969,81741.33,2026-10-03T13:44:11.057201+00:00,-0.0013299278300822337,0.012340114473513575,0.09186142409809817,0.1382875596924753,0.14963687975343465,,2912.0,2882.1400146484375,2819.4249877929688,2727.35798828125,2703.892990722656,2563.252989501953,2887.8094007300756,2831.302161429599,2756.5929120154647,2585.228138714138,76.42879835021769,0.6739651473594248,60.52435322829933,50.02696182486393,10.497391403435401,5.7368726818738836,158.89990234375,44.06431361607143,0.1334374661737661,0.15658575654683782,0.150047403102578,,2963.2846062681356,2675.565369317802,0.10204890649545414,177362.75,1.1537089947015304,-0.06340684187881618,7396020,0.03875788994280262,0.07382307850882257,0.14257155386787898,-0.013407461286209059,0.36269310334508725,-0.0019096015378038483,0.01707242149540658,0.033756844501995315,False,False,False,False,False,False,GOLD,89.5763871668097,1.1922977932992846,90.2127659574468,98.99,-0.3323,4.133,-0.3136,3.57,-0.5017,90.9,12.2084,6740.02,-1.3277,24450.4492,-1.2737,29.49,24.1684,19.88,11.3102,91.7869,-0.3648,382,999,central_bank,high,0.005702172107181047,1,0.006931419799424132,1,0.009355736996345954,1,-0.011199525173277158,0,0.02137470505682959,1,0.1418035496131822,1
2025-02-13,2945.39990234375,2945.39990234375,2958.800048828125,2925.800048828125,2928.800048828125,169496,valid,,86.8740005493164,82266.9,2026-10-03T13:44:11.057201+00:00,0.005702172107181047,0.023881514352544375,0.08374414946889219,0.1460253649380221,0.17034209857724814,,2925.739990234375,2894.3800048828125,2830.80498046875,2733.095986328125,2706.884990234375,2566.1914892578125,2899.3275010528105,2842.1686129452323,2763.997107714613,2588.8119373572185,76.64,0.6888998038222889,62.05110172120749,52.43178980413265,9.619311917074839,4.335809505623445,122.39990234375,44.007167271205354,0.1294704930843497,0.15659340009260914,0.14891933999517443,,2976.8085982268085,2684.801362710691,0.10315342721619102,176151.55,0.9622169092466064,-0.1716750152718387,7565516,0.04048139051104257,0.07767890958735574,0.14777089499095156,-0.007781740830804184,0.37046341394962706,3.4178187564046384e-05,0.011203911555008075,0.03575029732924223,False,False,False,False,False,False,GOLD,90.21132510266403,1.3456940568004365,94.91525423728814,98.99,-0.3323,4.133,-0.3136,3.57,-0.5017,90.9,12.2084,6740.02,-1.3277,24450.4492,-1.2737,29.49,24.1684,19.88,11.3102,91.7869,-0.3648,381,999,central_bank,high,-0.015176190892213226,0,-0.003157399672655603,0,0.0026482138543966194,1,-0.03289872531965643,0,0.01891091096600417,1,0.09594625756298014,1
2025-02-14,2900.699951171875,2900.699951171875,2964.10009765625,2889.89990234375,2957.300048828125,228078,valid,,86.75409698486328,80906.58,2026-10-03T13:44:11.057201+00:00,-0.015176190892213226,0.004536588541556474,0.054454925350244876,0.10942394355912688,0.1391823019863092,,2928.3599609375,2903.2,2838.2949829101562,2737.7519873046876,2709.3669897460936,2569.180489501953,2899.6019910766236,2847.7430261096747,2769.358003536466,2591.915300678758,75.62363022595538,0.6170294683857969,58.9743290598185,53.74029765526983,5.2340314045486735,3.135998263888884,88.199951171875,45.957188197544646,0.14247936320977908,0.15746159928741857,0.1500453415715446,,2982.3961904587527,2694.19377536156,0.10154068440116541,178228.3,1.2796957609986672,0.34562467550856657,7337438,0.021986780316157202,0.059518891639103455,0.1290370462583029,-0.0228398345386903,0.3496649995687403,0.004040248142502357,0.025580100169442805,0.03672465441415542,False,False,False,False,False,False,GOLD,88.43328151978702,0.8908623381934107,81.0126582278481,98.99,-0.3323,4.133,-0.3136,3.57,-0.5017,90.9,12.2084,6740.02,-1.3277,24450.4492,-1.2737,29.49,24.1684,19.88,11.3102,91.7869,-0.3648,380,999,central_bank,high,0.016651170283438654,1,0.0190988890326258,1,0.021546523615705304,1,0.0001379482508052643,1,0.03633610792519004,1,0.11966080721862404,1
2025-02-18,2949.0,2949.0,2956.5,2887.60009765625,2895.10009765625,218757,valid,,86.85479736328125,82349.25,2026-10-03T13:44:11.057201+00:00,0.016651170283438654,0.004975496913215194,0.0728708307149819,0.1208665906499431,0.1541171166066746,,2931.27998046875,2912.389990234375,2848.3099853515623,2743.20798828125,2712.086989746094,2572.370489501953,2909.4815928612993,2857.3865474325626,2776.402787711507,2595.468382264044,77.01697719076117,0.7155569101666597,59.74467541043441,54.94117320630275,4.803502204131661,3.2165447202615605,91.89990234375,48.264317103794646,0.15006906213994545,0.1601399256039002,0.1516865227398362,,2994.025516582596,2702.5944541205286,0.10231718596667924,181322.75,1.206450927972352,-0.04086759792702499,7556195,0.03535079228252409,0.07501874177889568,0.1464134004160579,-0.00656897422940658,0.37213850130214876,-0.0019305180163018045,0.023363819038225375,0.03831353565579452,False,False,False,False,False,False,GOLD,88.51336798205384,0.907708105647702,81.5126050420168,98.99,-0.3323,4.133,-0.3136,3.57,-0.5017,90.9,12.2084,6740.02,-1.3277,24450.4492,-1.2737,29.49,24.1684,19.88,11.3102,91.7869,-0.3648,376,999,central_bank,high,-0.004374331076212323,0,0.0014241950396320924,1,-0.010240743021998955,0,-0.009630350065700233,0,0.03112921289526116,1,0.08114616779522721,1
2025-02-19,2936.10009765625,2936.10009765625,2964.39990234375,2933.699951171875,2954.10009765625,159341,valid,,86.88719940185547,82019.61,2026-10-03T13:44:11.057201+00:00,-0.004374331076212323,0.0011934801484856372,0.06411284053888266,0.10725200879484453,0.15010388576563227,,2931.97998046875,2918.4199951171877,2857.154992675781,2748.9619921875,2714.6009912109375,2575.502989501953,2914.80529382029,2864.8830760252945,2782.665427317183,2598.857752566454,73.99713795117607,0.5020156728573594,58.638320080385256,55.68060258111925,2.9577174992660034,2.096809507069075,60.300048828125,49.23573521205357,0.1526808714249727,0.16017422843483436,0.15187379124749922,,3001.5656999146754,2712.744285436887,0.10108706570629566,174583.75,0.912690900499039,-0.2716073085661259,7396854,0.027630669383640116,0.06807591592773016,0.1400103628782387,-0.01091457043750685,0.3661363132150375,0.0017294329115796103,0.010456030159316048,0.03935776514761727,False,False,False,False,False,False,GOLD,88.99160715459189,1.024804729753804,84.51882845188284,98.99,-0.3323,4.133,-0.3136,3.57,-0.5017,90.9,12.2084,6740.02,-1.3277,24450.4492,-1.2737,29.49,24.1684,19.88,11.3102,91.7869,-0.3648,375,999,central_bank,high,0.006811756866179408,1,0.009229880662875667,1,-0.001873233138199315,0,-0.0034399704779521922,0,0.03579573244097545,1,0.09894076848125599,1
2025-02-20,2956.10009765625,2956.10009765625,2973.39990234375,2939.300048828125,2949.5,172197,valid,,86.872802734375,82564.63,2026-10-03T13:44:11.057201+00:00,0.006811756866179408,0.009355736996345954,0.06683756246692618,0.10512550210425142,0.16482781967841897,,2937.460009765625,2924.7300048828124,2866.415002441406,2754.8919921875,2717.2129931640625,2578.740489501953,2923.0642545874825,2873.570411418719,2789.466786938323,2602.4124027663524,71.24165027632404,0.3071674704214993,58.69871610293467,56.284225285482336,2.4144908174523323,2.1811302335378535,63.10009765625,47.63572474888393,0.15319511243680062,0.15986154078488718,0.15172887551601025,,3011.2880040372474,2721.542000845565,0.10108306122623441,175286.55,0.9823742894135291,0.08068231026540573,7569051,0.031288245120970004,0.07303665843861609,0.1463348521072131,-0.00581818970057065,0.3754421016267139,0.004563843839807078,0.011535419095804503,0.04048180856822333,False,False,False,False,False,False,GOLD,88.38954897704764,0.8686477914209413,79.58333333333333,98.99,-0.3323,4.133,-0.3136,3.57,-0.5017,90.9,12.2084,6740.02,-1.3277,24450.4492,-1.2737,29.49,24.1684,19.88,11.3102,91.7869,-0.3648,374,999,central_bank,high,-0.0009810718137299723,0,-0.012617992488717977,0,-0.02036473506436054,0,-0.009979364373821187,0,0.0296674497732361,1,0.07817727610064784,1
2025-02-21,2953.199951171875,2953.199951171875,2964.699951171875,2930.10009765625,2955.699951171875,163686,valid,,86.45120239257812,82083.33,2026-10-03T13:44:11.057201+00:00,-0.0009810718137299723,0.0026482138543966194,0.06806508179814652,0.08885775545267949,0.15345853800361575,,2939.02001953125,2932.3800048828125,2875.825,2760.239990234375,2720.0639916992186,2581.8504895019532,2929.091393904361,2881.154177109496,2795.8876953396384,2605.9028261335716,73.01275329494061,0.18076464131290185,57.84575296967796,56.59653082232147,1.249222147356491,2.6592971564113332,76.5,47.67857142857143,0.15271042696864615,0.1579000166604629,0.15136207834786405,,3017.372499807995,2734.2775001920045,0.09843957807442812,173733.75,0.9421658140689363,-0.04942594818725066,7405365,0.026905305841575296,0.0699069507072266,0.14383073813906722,-0.00679355345237814,0.37409269414939084,-0.0001353629684908578,0.011716055156334244,0.0418749855717323,False,False,False,False,False,False,GOLD,89.55603454935172,1.159485207812485,88.79668049792531,98.99,-0.3323,4.133,-0.3136,3.57,-0.5017,90.9,12.2084,6740.02,-1.3277,24450.4492,-1.2737,29.49,24.1684,19.88,11.3102,91.7869,-0.3648,373,999,central_bank,high,0.0033861574445821496,1,-0.007652666222839777,0,-0.03545305191080217,0,-0.013239826006400168,0,0.02309357723807781,1,0.09491400970560693,1
2025-02-24,2963.199951171875,2963.199951171875,2974.0,2936.800048828125,2950.39990234375,162775,valid,,86.52940368652344,82435.78,2026-10-03T13:44:11.057201+00:00,0.0033861574445821496,0.021546523615705304,0.06632122613437241,0.13164023340533704,0.17233733054510503,,2951.52001953125,2939.939990234375,2885.040002441406,2765.1359912109374,2723.1019921875,2585.045489501953,2935.913105357864,2888.9680603535317,2802.448960274236,2609.4580214075845,69.56840849224396,0.0,57.31598694824106,56.74042204750539,0.5755649007356709,2.6180859869407325,75.599853515625,45.34999302455357,0.15258126223024768,0.13894322432941428,0.15000050901226583,,3023.9918168616405,2746.088188021172,0.09632574543340891,171894.4,0.9469476608894709,-0.0055655340102390705,7568140,0.02709146100723057,0.07162901231274622,0.14628541865336103,-0.003631489182286943,0.37874558835522903,-0.0009481406184545511,0.012553979409034058,0.043362789971829116,False,False,False,False,False,False,GOLD,90.96546068088323,1.5071913391711895,98.34710743801654,98.99,-0.3323,4.133,-0.3136,3.57,-0.5017,90.9,12.2084,6740.02,-1.3277,24450.4492,-1.2737,29.49,24.1684,19.88,11.3102,91.7869,-0.3648,370,999,central_bank,high,-0.01498376858645356,0,-0.022711949897781802,0,-0.02095702434493696,0,-0.02153079437075911,0,0.01768363503909076,1,0.10846387411597691,1
2025-02-25,2918.800048828125,2918.800048828125,2970.39990234375,2897.0,2968.5,234850,valid,,86.69010162353516,81351.38,2026-10-03T13:44:11.057201+00:00,-0.01498376858645356,-0.010240743021998955,0.06587794073830255,0.11349330273464875,0.1568767533999702,,2945.480029296875,2938.3800048828125,2894.060009765625,2768.3779931640624,2725.3869921875,2588.027989501953,2932.4904940519164,2891.809202113017,2807.011748060663,2612.5360515311722,57.24394007692738,0.0,52.705881907462754,55.93351401949687,-3.227632112034115,-0.5316198894078861,-15.599853515625,47.757114955357146,0.15322189759825128,0.14327955867039363,0.15179565861248517,,3015.212669534859,2772.9073499963915,0.08372505017890304,172861.2,1.3586044757296527,0.442789126094302,7333290,0.008548557728246567,0.054335808200847,0.12780853246865342,-0.018560844375203913,0.3580867835197274,0.001788623419093662,0.025147286938409615,0.04539915319073592,False,False,False,False,False,False,GOLD,91.78327707043101,1.7005616704487312,99.58847736625515,98.99,-0.3323,4.133,-0.3136,3.57,-0.5017,90.9,12.2084,6740.02,-1.3277,24450.4492,-1.2737,29.49,24.1684,19.88,11.3102,91.7869,-0.3648,369,999,central_bank,high,0.0040427739587241,1,-0.024085256835715718,0,0.0006167085096657754,1,0.00071942355779675,1,0.03669311077290982,1,0.1352267865454997,1
2025-02-26,2930.60009765625,2930.60009765625,2942.0,2903.300048828125,2929.0,163371,valid,,87.0811996459961,82048.76,2026-10-03T13:44:11.057201+00:00,0.0040427739587241,-0.001873233138199315,0.05893409129403793,0.1101178855510434,0.1601742271006532,,2944.380029296875,2938.1800048828127,2902.2150146484373,2772.8019970703126,2727.9959936523437,2590.979489746094,2932.1124147727833,2895.5035731171347,2811.858350005588,2615.700867910526,56.451631821738744,0.0,49.43465385431091,54.63374198645968,-5.199088132148773,-0.06819886562775546,-2.0,47.957118443080354,0.15077444077488494,0.1429368454164157,0.15184912998057148,,3008.5491483590267,2795.880880937848,0.07327791578077386,172461.8,0.9472880371189393,-0.30436022993400047,7496661,0.009780489338155174,0.05690925668425182,0.13107807655525155,-0.01459310771477317,0.36357722140182647,0.0034945700292031666,0.013205469829476945,0.046672289516097164,False,False,False,False,False,False,GOLD,90.86287313746902,1.4588558964139107,97.54098360655738,98.99,-0.3323,4.133,-0.3136,3.57,-0.5017,90.9,12.2084,6740.02,-1.3277,24450.4492,-1.2737,29.49,24.1684,19.88,11.3102,91.7869,-0.3648,368,999,central_bank,high,-0.01184064497242443,0,-0.010066197712745861,0,-0.001569677712059403,0,0.005527861404505785,1,0.03135873175505832,1,0.12434310045754082,1
2025-02-27,2895.89990234375,2895.89990234375,2935.800048828125,2879.0,2931.39990234375,207650,valid,,87.16220092773438,81152.67,2026-10-03T13:44:11.057201+00:00,-0.01184064497242443,-0.02036473506436054,0.04552669914529628,0.08991339945191945,0.13872824157123986,,2932.339990234375,2934.9,2908.5200073242186,2777.203994140625,2730.1629931640623,2593.5839892578124,2924.8699122869766,2895.5413187577647,2815.1540971561044,2618.4889180043892,53.098765033204856,0.0,43.540261265182835,52.41504584220432,-8.874784577021487,-1.1199525173277158,-32.800048828125,49.214268275669646,0.15954605311745002,0.14527763405674096,0.15281732516217267,,2994.8719210619533,2822.168093586484,0.05937859359416761,176559.7,1.1760894473653887,0.2710334147431306,7289011,-0.004339012607334436,0.04273935528449046,0.11656299327030187,-0.026260960879698633,0.34743158763072796,0.00027291498698146213,0.019613954467878943,0.0472835317321299,False,False,False,False,False,False,GOLD,91.06316933623637,1.4992257658261166,98.77551020408163,98.99,-0.3323,4.133,-0.3136,3.57,-0.5017,90.9,12.2084,6740.02,-1.3277,24450.4492,-1.2737,29.49,24.1684,19.88,11.3102,91.7869,-0.3648,367,999,central_bank,high,-0.01636793533691816,0,0.008529367777011077,1,0.010601262594626792,1,0.03294317818346015,1,0.05701167278697339,1,0.16226394638297714,1
2025-02-28,2848.5,2848.5,2896.10009765625,2844.10009765625,2889.0,210560,valid,,87.3270034790039,79975.29,2026-10-03T13:44:11.057201+00:00,-0.01636793533691816,-0.03545305191080217,0.009032943676939409,0.07146887342486363,0.1282975084428013,,2911.4,2925.210009765625,2909.7950073242187,2780.773994140625,2731.969992675781,2596.1114892578125,2909.595929829581,2891.061193161787,2816.4617796205707,2620.777585486933,44.35458854914258,0.0,34.6447733087839,48.86099133552024,-14.216218026736342,-3.289872531965643,-96.89990234375,50.464268275669646,0.15944970242095638,0.1498057946568001,0.15443588641567269,,2991.4558191661786,2828.1341954822587,0.056128223215988864,185080.65,1.1376662011939058,0.014013965807849749,7078451,-0.021065060311778832,0.02435509178453784,0.09721790138305815,-0.042199058507047006,0.3253769145334749,-0.00238264531801092,0.01825522204668483,0.046397518624457755,False,False,False,False,False,False,GOLD,91.24251297091546,1.533681582173108,98.78048780487805,98.99,-0.3323,4.133,-0.3136,3.57,-0.5017,90.9,12.2084,6740.02,-1.3277,24450.4492,-1.2737,29.49,24.1684,19.88,11.3102,91.7869,-0.3648,366,999,central_bank,high,0.018465893507547904,1,0.027207302088818608,1,0.023029699019220695,1,0.05357208975118488,1,0.08355274705985605,1,0.15864486654160093,1
2025-03-03,2901.10009765625,2901.10009765625,2906.39990234375,2866.300048828125,2872.0,177018,valid,,87.46399688720703,81579.89,2026-10-03T13:44:11.057201+00:00,0.018465893507547904,-0.02095702434493696,0.03150225694444453,0.0874096494803398,0.1454574776273505,,2898.980029296875,2925.2500244140624,2914.2250122070313,2785.55599609375,2734.3209936523435,2598.817490234375,2907.896763394915,2892.017279304117,2819.78092934746,2623.566864214986,45.27125881117902,0.028065009943588216,31.476580867559278,45.38410924192805,-13.907528374368773,0.01379482508052643,0.400146484375,50.442818777901785,0.17071627496698902,0.153871807618143,0.15645622035410178,,2982.1136253820755,2846.336399031987,0.04659119518269919,185647.75,0.9535154614047251,-0.15929901215805475,7255469,-0.0045037409588482465,0.04147972674916205,0.11631544291111316,-0.024512408320015295,0.3498511834946038,0.0082499561172518,0.01382229229112335,0.04619150226872871,False,False,False,False,False,False,GOLD,90.5688050116319,1.357109701658449,95.1417004048583,98.99,-0.3323,4.133,-0.3136,3.57,-0.5017,90.9,12.2084,6740.02,-1.3277,24450.4492,-1.2737,29.49,24.1684,19.88,11.3102,91.7869,-0.3648,363,999,central_bank,high,0.006721588136773926,1,0.008789769101935185,1,-0.0005860519303948486,0,0.03619316689032126,1,0.07641926983180714,1,0.13574154335648192,1
2025-03-04,2920.60009765625,2920.60009765625,2939.800048828125,2892.5,2904.199951171875,188515,valid,,87.32959747314453,82002.03,2026-10-03T13:44:11.057201+00:00,0.006721588136773926,0.0006167085096657754,0.022225332620334326,0.09132357482383013,0.14844087354167002,,2899.3400390625,2922.4100341796875,2917.400012207031,2790.9019970703125,2737.1729956054687,2601.4459912109373,2910.437430247182,2894.7394524805104,2823.734622222315,2626.5224187765907,48.377502637482486,0.12316656115868754,30.1912268937499,42.34553277229243,-12.15430587854253,-0.9630350065700233,-28.39990234375,49.428536551339285,0.16353002211106343,0.15421642500404095,0.15660560935723794,,2979.753632616834,2855.0463917972284,0.04274602053121296,186006.3,1.01348717758484,0.06494819735846069,7443984,0.0010968963583423551,0.046471750252082916,0.12268334900031046,-0.017955582496211177,0.35892432719598827,0.0010685096726335817,0.01619531851213269,0.04532513691611591,False,False,False,False,False,True,GOLD,90.9617522770984,1.4462151745304672,96.7741935483871,98.99,-0.3323,4.133,-0.3136,3.57,-0.5017,90.9,12.2084,6740.02,-1.3277,24450.4492,-1.2737,29.49,24.1684,19.88,11.3102,91.7869,-0.3648,362,999,central_bank,high,0.0018489016514391388,1,-0.0022255700139215406,0,0.00010265174192825022,1,0.041155908769685334,1,0.07717588673801346,1,0.13575977084921242,1
2025-03-05,2926.0,2926.0,2941.300048828125,2903.39990234375,2929.0,183016,valid,,87.21700286865234,82047.72,2026-10-03T13:44:11.057201+00:00,0.0018489016514391388,-0.001569677712059403,0.017455994964716393,0.10481804406146611,0.15088110147527245,,2898.42001953125,2921.4000244140625,2919.910009765625,2797.2599951171874,2740.1729956054687,2604.1484912109377,2913.5499441977454,2897.7166474823666,2827.7450291939895,2629.5022952066747,49.63641922746894,0.16170987174632148,29.27088505686197,39.73060322920634,-10.459718172344367,-0.3439970477952192,-10.10009765625,48.564261300223215,0.16232031954896334,0.15221214743448766,0.1565934129391751,,2979.177960594712,2860.642058936538,0.04059573797195491,187864.0,0.9741940978580198,-0.029170092565578343,7627000,0.0020856773715644933,0.046023610643090476,0.12359184196876451,-0.01613987895090244,0.36143684462872094,0.00287608781170964,0.012952886700055382,0.04384648365274878,False,False,False,False,False,True,GOLD,89.04984623915499,0.9656311759688927,83.13253012048193,98.99,-0.3323,4.133,-0.3136,3.57,-0.5017,90.9,12.2084,6740.02,-1.3277,24450.4492,-1.2737,29.49,24.1684,19.88,11.3102,91.7869,-0.3648,361,999,central_bank,high,0.00020509147513680936,1,-0.009090942466250862,0,0.007108697480562309,1,0.039371138472958034,1,0.08209157593023741,1,0.12402594065063233,1
2025-03-06,2926.60009765625,2926.60009765625,2935.89990234375,2897.60009765625,2929.5,166364,valid,,86.88929748535156,81756.21,2026-10-03T13:44:11.057201+00:00,0.00020509147513680936,0.010601262594626792,0.011614275028084986,0.10039103255985427,0.1340773412797449,,2904.56005859375,2918.4500244140627,2921.5900146484373,2802.8899951171875,2743.04599609375,2606.6944921875,2916.1599748894464,2900.4674522608316,2831.6216985454507,2632.458492245974,47.353632552065434,0.09181949415082381,28.264119213567028,37.43730642607848,-9.17318721251145,-0.9979364373821187,-29.5,48.942818777901785,0.1612206974582575,0.15215086013749068,0.15529399430760973,,2979.5363379063915,2863.643691390483,0.03966766244914565,187813.05,0.8857957420956591,-0.09098658040827035,7793364,0.001714848073374814,0.044136624253727136,0.12272462554680391,-0.015938097627348373,0.36171606371949117,0.001196172248803419,0.013086791296890573,0.04234915381552272,False,False,False,False,False,True,GOLD,88.51586734051186,0.8296300181150597,78.4,98.99,-0.3323,4.133,-0.3136,3.57,-0.5017,90.9,12.2084,6740.02,-1.3277,24450.4492,-1.2737,29.49,24.1684,19.88,11.3102,91.7869,-0.3648,360,999,central_bank,high,-0.0042711677656303015,0,-0.0019477192381237574,0,0.022107547670653593,1,0.040046452286301104,1,0.06666433643321112,1,0.16080087398770404,1
2025-03-07,2914.10009765625,2914.10009765625,2938.800048828125,2905.300048828125,2919.199951171875,237577,valid,,87.12879943847656,81631.4,2026-10-03T13:44:11.057201+00:00,-0.0042711677656303015,0.023029699019220695,0.01300105924121131,0.08500262293454708,0.11621410049369585,,2917.680078125,2914.5400390625,2923.4600219726562,2808.607998046875,2745.423996582031,2609.072492675781,2915.747999442807,2901.7657994413476,2834.856145569404,2635.2608962799072,52.074324513287515,0.23634940018048942,26.156093333907393,35.181063807644264,-9.024970473736872,-1.3239826006400168,-39.099853515625,46.03566196986607,0.16058997684132284,0.15164782747617958,0.15471358879565253,,2977.5952917494214,2869.324752195891,0.03703506760473362,191306.85,1.241863529716781,0.4280553485128995,7555787,-0.003201659761397139,0.03756027885796007,0.11691036022825313,-0.020141191104145886,0.35589994596219343,-0.0025285813699995547,0.011495830231408955,0.04089286365545117,False,False,False,False,False,True,GOLD,89.5323850163233,1.0786523272417774,86.05577689243027,98.99,-0.3323,4.133,-0.3136,3.57,-0.5017,90.9,12.2084,6740.02,-1.3277,24450.4492,-1.2737,29.49,24.1684,19.88,11.3102,91.7869,-0.3648,359,999,central_bank,high,-0.005044505960630219,0,0.011221286186488655,1,0.029854842690534955,1,0.036820905628395906,1,0.041625133187792374,1,0.15888266857146793,1
2025-03-10,2899.39990234375,2899.39990234375,2926.39990234375,2885.199951171875,2919.60009765625,221609,valid,,87.07379913330078,81168.34,2026-10-03T13:44:11.057201+00:00,-0.005044505960630219,-0.0005860519303948486,0.00408637078835028,0.06658328667682234,0.11134961511517716,,2917.3400390625,2908.1600341796875,2924.050012207031,2813.88599609375,2747.7619946289065,2611.4399926757815,2912.478380022996,2901.540475908243,2837.387273286045,2637.889145096463,41.43054065180566,0.0,23.033765815412153,32.75160420919784,-9.71783839378569,-2.153079437075911,-63.800048828125,44.057094029017854,0.16139161609838565,0.1505382646523673,0.1549406998297487,,2976.778659620209,2871.3213647938533,0.036065489436250125,192759.75,1.1496642841672022,-0.06721189340719014,7334178,-0.008430125941884003,0.030389968310258714,0.1102686297504403,-0.025084094706195333,0.3490601006027713,0.0018873751126193806,0.014209820155735166,0.03915013481931125,False,False,False,False,False,True,GOLD,89.83422974989186,1.1486356973609806,89.68253968253968,98.99,-0.3323,4.133,-0.3136,3.57,-0.5017,90.9,12.2084,6740.02,-1.3277,24450.4492,-1.2737,29.49,24.1684,19.88,11.3102,91.7869,-0.3648,356,999,central_bank,high,0.007415327558857987,1,0.03169626459947339,1,0.0368007859923869,1,0.04007732607653347,1,0.0255915699150433,1,0.1723805151625024,1
2025-03-11,2920.89990234375,2920.89990234375,2929.0,2882.5,2893.199951171875,194119,valid,,87.3551025390625,82034.4,2026-10-03T13:44:11.057201+00:00,0.007415327558857987,0.00010265174192825022,-0.004600599935004501,0.05956395475759835,0.126716560860463,0.3364904609214139,2917.4,2908.37001953125,2923.3750122070314,2819.22599609375,2750.181994628906,2614.0799926757813,2914.162684487147,2903.3842308068624,2840.6622783471316,2640.705172531759,47.44963583781879,0.1905849743282924,22.04010447396513,30.6093042621513,-8.569199788186172,0.071942355779675,2.099853515625,45.1856689453125,0.152644801273848,0.14869232574184713,0.1548581492123715,0.1573775343900372,2975.8910031389555,2870.8590212751074,0.03592832990130721,194104.1,1.0000767629328746,-0.124047308547938,7528297,-0.0008466617703665655,0.0360644752818117,0.11737204313850755,-0.017854773926103615,0.3590638231453235,-0.0021383566878308466,0.01591975129400092,0.036942414782479616,False,False,False,False,False,True,GOLD,88.81354472418353,0.8960024703792254,80.15873015873017,98.99,-0.3323,4.133,-0.3136,3.57,-0.5017,90.9,12.2084,6740.02,-1.3277,24450.4492,-1.2737,29.49,24.1684,19.88,11.3102,91.7869,-0.3648,355,999,central_bank,high,0.008867180441066269,1,0.027457358346359984,1,0.04104904327196102,1,0.03594782550259512,1,0.023725581548521557,1,0.15550008918417468,1
2025-03-12,2946.800048828125,2946.800048828125,2948.89990234375,2911.0,2922.300048828125,209823,valid,,87.20010375976562,82614.97,2026-10-03T13:44:11.057201+00:00,0.008867180441066269,0.007108697480562309,0.004842102809456961,0.08762093269399385,0.13399520437404977,0.3464314709589129,2921.560009765625,2909.9900146484374,2924.085009765625,2825.5239990234377,2752.7369946289064,2617.1279931640624,2920.6901573553428,2907.519070618411,2844.8245438561903,2643.750892693912,48.46988657406106,0.2228895740008469,23.07653414567085,29.10275023885521,-6.026216093184363,0.5527861404505785,16.199951171875,45.22853306361607,0.15596669299533508,0.14462189366810402,0.1552614436802917,0.15756404287920744,2977.5023584168657,2870.667661114384,0.036536111961740954,193671.35,1.0833972087249815,0.08089883009906296,7738120,0.007768255364201296,0.04292161377732415,0.12596711224099086,-0.009145914987177489,0.37111488729607434,0.00047935449046063974,0.01286137563314113,0.034882383153077824,False,False,False,False,False,False,GOLD,88.0062103297735,0.696534045000427,73.80952380952381,98.99,-0.3323,4.133,-0.3136,3.57,-0.5017,90.9,12.2084,6740.02,-1.3277,24450.4492,-1.2737,29.49,24.1684,19.88,11.3102,91.7869,-0.3648,354,999,central_bank,high,0.015101126395629327,1,0.020123540058887723,1,0.03203471588827034,1,0.02568886586043706,1,0.04499791343778381,1,0.1356726083220734,1
2025-03-13,2991.300048828125,2991.300048828125,3001.5,2942.199951171875,2943.300048828125,256564,valid,,87.3405990600586,83997.66,2026-10-03T13:44:11.057201+00:00,0.015101126395629327,0.022107547670653593,0.02137470505682959,0.11790866067820516,0.14407555155740726,0.3809611347438433,2934.5,2919.530029296875,2927.2150146484373,2832.987998046875,2755.5749951171874,2620.411993408203,2934.812135649899,2915.4982114002887,2850.56868130607,2647.2090932524616,55.51375453125773,0.5005074996731591,27.175428798480425,28.71728595078026,-1.5418571522998334,3.2943178183460153,95.400146484375,46.992832728794646,0.16438497613840242,0.1443610246757339,0.1564155332338555,0.1577466263788648,2988.5241323374416,2865.905896959433,0.041889042917707696,196268.3,1.3072105887705692,0.22276394866149096,7994684,0.02189283460865361,0.05588165247799779,0.14153806972062807,-0.0033982845816663675,0.3918202665120543,-0.0011877290423524603,0.01982417272093337,0.033260648003624195,False,False,True,False,False,False,GOLD,87.84764512110847,0.6595441263787046,71.42857142857143,98.99,-0.3323,4.133,-0.3136,3.57,-0.5017,90.9,12.2084,6740.02,-1.3277,24450.4492,-1.2737,29.49,24.1684,19.88,11.3102,91.7869,-0.3648,353,999,central_bank,high,0.003276183822470191,1,0.016547988898469868,1,0.01755089731655879,1,0.023300889256890445,1,0.062247166159349554,1,0.12155245130225878,1
2025-03-14,3001.10009765625,3001.10009765625,3017.10009765625,2988.60009765625,3001.39990234375,181492,valid,,86.9220962524414,83869.05,2026-10-03T13:44:11.057201+00:00,0.003276183822470191,0.029854842690534955,0.01891091096600417,0.12400752721207864,0.13411690463043313,0.37614638227329533,2951.9,2934.7900390625,2930.0000244140624,2840.19,2758.28599609375,2623.6349938964845,2948.0697280511695,2923.6507719960946,2856.4718741041165,2650.7303967788675,55.48799414006848,0.888958351677483,30.858892278584335,29.145607216341077,1.7132850622432585,5.357208975118488,152.60009765625,46.371407645089285,0.16371008788701366,0.1441367950771123,0.15563268835015442,0.15766378356118232,2999.3238675725647,2860.67618125556,0.04732002906542088,196868.1,0.9218964372592567,-0.29260535382984365,8176176,0.024266236399223862,0.05665469481133068,0.14387104328069292,-0.0053031054595848014,0.39638012555298574,0.003376409370761169,0.009496517634399454,0.03162113253480603,False,False,False,False,False,False,GOLD,87.78483263982335,0.6432651516195745,71.03174603174604,98.99,-0.3323,4.133,-0.3136,3.57,-0.5017,90.9,12.2084,6740.02,-1.3277,24450.4492,-1.2737,29.49,24.1684,19.88,11.3102,91.7869,-0.3648,352,999,central_bank,high,0.0016660557253338482,1,0.013361718106950748,1,0.006764121164553494,1,0.028456199248550362,1,0.08113691382375565,1,0.11405810987604958,1
2025-03-17,3006.10009765625,3006.10009765625,3010.89990234375,2991.39990234375,2994.800048828125,142155,valid,,86.93900299072266,84025.12,2026-10-03T13:44:11.057201+00:00,0.0016660557253338482,0.0368007859923869,0.03633610792519004,0.12926374818040953,0.13330823662818103,0.3868973922289505,2973.2400390625,2945.2900390625,2935.2700317382814,2846.932001953125,2760.957998046875,2626.959494628906,2959.6758019721856,2931.5030887256335,2862.339647576749,2654.2664137030206,64.26934744594638,0.9999999999562149,33.7919888253482,30.0748835381425,3.7171052872056976,3.619316689032126,105.0,42.521414620535715,0.15216343480655578,0.14376401887215018,0.15562365160300812,0.15748821249470502,3010.9491252224457,2859.590938254117,0.051565336521574426,192571.95,0.738191621365413,-0.21674233575033608,8318331,0.024130681386066045,0.05590863975461037,0.1443267792299014,-0.003645885003464551,0.3987065726559048,-0.002099246483995322,0.0064868099419566816,0.031029202567718996,False,False,False,False,False,False,GOLD,88.22269125424911,0.7512228387252555,75.79365079365078,98.99,-0.3323,4.133,-0.3136,3.57,-0.5017,90.9,12.2084,6740.02,-1.3277,24450.4492,-1.2737,29.49,24.1684,19.88,11.3102,91.7869,-0.3648,349,999,central_bank,high,0.011543178884471983,1,0.012541149644773375,1,0.0031602407409543343,1,0.03882104633270922,1,0.07325103756310614,1,0.11230492749687193,1
2025-03-18,3040.800048828125,3040.800048828125,3047.5,3008.199951171875,3009.39990234375,177098,valid,,86.91639709472656,84972.94,2026-10-03T13:44:11.057201+00:00,0.011543178884471983,0.04104904327196102,0.03112921289526116,0.14604454561071822,0.13589841196418573,0.40680085534495714,2997.220068359375,2957.3100341796876,2939.8600341796873,2854.65400390625,2763.767998046875,2630.4489953613283,2975.9006513433737,2941.912323021109,2869.3380946846464,2658.112519525161,66.75787274264962,0.9999999999605169,38.47299232355681,31.754505295225364,6.718487028331445,4.115590876968533,120.199951171875,42.714268275669646,0.1465408612840565,0.14461763061892968,0.1559149344215746,0.15776269615982125,3028.9862069385463,2850.7338614208284,0.060632936073568976,190489.0,0.9297019775420055,0.24580915198199138,8495429,0.0343349729153241,0.06520791825107042,0.15600038403720248,-0.002198507357464414,0.41485209283095337,0.0010977028642764235,0.012924246315787083,0.029848111244589748,False,False,True,False,False,False,GOLD,87.93777075310545,0.6772527631049979,72.22222222222221,98.99,-0.3323,4.133,-0.3136,3.57,-0.5017,90.9,12.2084,6740.02,-1.3277,24450.4492,-1.2737,29.49,24.1684,19.88,11.3102,91.7869,-0.3648,348,999,central_bank,high,0.00013151221301255234,1,-0.006379948096834398,0,-0.004900074403154986,0,0.03459614229236063,1,0.06564057166223325,1,0.1189160246346943,1
2025-03-19,3041.199951171875,3041.199951171875,3061.60009765625,3031.300048828125,3041.39990234375,145404,valid,,86.57610321044922,84651.39,2026-10-03T13:44:11.057201+00:00,0.00013151221301255234,0.03203471588827034,0.03579573244097545,0.16605952122191447,0.1327895133474366,0.40516558820878523,3016.100048828125,2968.830029296875,2945.115026855469,2862.5300048828126,2766.8859985351564,2634.0404956054685,2988.9605113090743,2951.3682876068965,2876.0777753312045,2661.9243347654274,74.66891822995292,0.9999999999699144,41.73390758947744,33.75038575407578,7.98352183540166,3.9371138472958034,115.199951171875,40.8214111328125,0.14497939730609546,0.13897592525637628,0.15589983970345048,0.15776779914654604,3045.046421615149,2845.1836320957887,0.06786247317908264,189792.15,0.766122308009047,-0.17896306000067763,8640833,0.032625185583655944,0.062416794228961965,0.15457600452443346,-0.00666323028274832,0.4143800670788705,0.0001972683195187321,0.009963188647441423,0.028850360286794025,False,False,False,False,False,False,GOLD,89.51287969589926,1.06515958487193,85.31746031746032,98.99,-0.3323,4.133,-0.3136,3.57,-0.5017,90.9,12.2084,6740.02,-1.3277,24450.4492,-1.2737,29.49,24.1684,19.88,11.3102,91.7869,-0.3648,347,999,central_bank,high,0.0008549578120464751,1,-0.008417681811996758,0,-0.006148872639784586,0,0.04110219716129926,1,0.1003551085334824,1,0.1353413469238176,1
2025-03-20,3043.800048828125,3043.800048828125,3065.199951171875,3032.800048828125,3058.0,141231,valid,,86.33709716796875,84489.87,2026-10-03T13:44:11.057201+00:00,0.0008549578120464751,0.01755089731655879,0.0296674497732361,0.15073151731579149,0.129466829614316,0.4093624659187163,3026.600048828125,2980.5500244140626,2949.5000244140624,2870.0980078125,2769.835,2637.412995605469,2999.9284188128845,2960.171312485109,2882.655119389907,2665.72409311431,89.1068692662008,0.9999999999790253,44.02057084345279,35.80442277195118,8.216148071501607,4.00464522863011,117.199951171875,39.42140415736607,0.1437850808975231,0.13689932077037914,0.15584976793431807,0.1577290790508556,3058.7253782163716,2840.274670611753,0.07406363986992712,188243.85,0.7502555860390618,-0.028699348023438098,8782064,0.0319715286094171,0.060521292493406854,0.15408548221292434,-0.006981568147148604,0.4142080471005824,0.005524151354022566,0.01064455674616782,0.027665263132269354,False,False,False,False,False,False,GOLD,90.0905733727874,1.2023546625821675,91.26984126984127,98.99,-0.3323,4.133,-0.3136,3.57,-0.5017,90.9,12.2084,6740.02,-1.3277,24450.4492,-1.2737,29.49,24.1684,19.88,11.3102,91.7869,-0.3648,346,999,central_bank,high,-0.007359270032536891,0,-0.005880854917282297,0,0.005650815065364467,1,0.025592976244856125,1,0.09350149449705047,1,0.12270845456612656,1
2025-03-21,3021.39990234375,3021.39990234375,3055.0,3004.10009765625,3052.60009765625,190470,valid,,86.33609771728516,83867.11,2026-10-03T13:44:11.057201+00:00,-0.007359270032536891,0.006764121164553494,0.02309357723807781,0.1496080809972442,0.1324162481751905,0.3981489598999306,3030.660009765625,2991.2800048828126,2952.910021972656,2877.0780078125,2772.502998046875,2640.782995605469,3004.222715519058,2966.0026067573604,2888.09609127045,2669.2631558927123,77.40308361714386,0.7545157945262239,43.52355092865764,37.34824840329247,6.1753025253651685,3.6820905628395906,107.2998046875,38.92140415736607,0.14699258374971935,0.13717884573837627,0.15550773179588023,0.15797085738933583,3066.7813125729936,2839.0387313723186,0.07712479537336432,189583.05,1.0046784245743436,0.34864158718694904,8591594,0.023194028894018552,0.050162663000205124,0.14413032323046696,-0.014289458934437622,0.3998332278751917,0.002891138933883046,0.016846463225291448,0.026357302080170716,False,False,False,False,False,False,GOLD,90.75998255211007,1.3599951178268357,95.63492063492063,98.99,-0.3323,4.133,-0.3136,3.57,-0.5017,90.9,12.2084,6740.02,-1.3277,24450.4492,-1.2737,29.49,24.1684,19.88,11.3102,91.7869,-0.3648,345,999,central_bank,high,-0.0019195753210294875,0,0.00036410196988367893,1,0.021546336056260218,1,0.004633613706394923,1,0.13367980391177703,1,0.1275898631296577,1
2025-03-24,3015.60009765625,3015.60009765625,3038.39990234375,3007.699951171875,3027.60009765625,202822,valid,,85.98699951171875,83367.66,2026-10-03T13:44:11.057201+00:00,-0.0019195753210294875,0.0031602407409543343,0.01768363503909076,0.1442231446238853,0.13394006482386422,0.380326893877889,3032.560009765625,3002.9000244140625,2955.530029296875,2883.5740087890626,2775.1,2643.98349609375,3006.4981919464963,2970.7261773191594,2893.096248383619,2672.7092946167277,73.08062797909267,0.6638532841445953,42.17549049693889,38.31369682202176,3.8617936749171307,4.007732607653347,116.2001953125,37.735682896205354,0.14714426385651644,0.13745569916651967,0.15544049620452952,0.1577110984880018,3072.759952356688,2838.300106237062,0.07932920450661927,191585.4,1.0586506069877921,0.06485010762849797,8388772,0.02032463475718615,0.04578557320350693,0.14055178563383233,-0.016181604562745082,0.3971461425574063,0.0020520935701653902,0.01018037875636265,0.024953762340923873,False,False,False,False,False,False,GOLD,90.65384496907598,1.3274608634838516,94.84126984126983,98.99,-0.3323,4.133,-0.3136,3.57,-0.5017,90.9,12.2084,6740.02,-1.3277,24450.4492,-1.2737,29.49,24.1684,19.88,11.3102,91.7869,-0.3648,342,999,central_bank,high,0.0034155074790935824,1,0.015055014217248308,1,0.03554846388789801,1,-0.013927576150644994,0,0.1339036316523987,1,0.1301565152173374,1
2025-03-25,3025.89990234375,3025.89990234375,3042.39990234375,3010.800048828125,3017.5,172592,valid,,85.53209686279297,83209.85,2026-10-03T13:44:11.057201+00:00,0.0034155074790935824,-0.004900074403154986,0.03669311077290982,0.1401710741507145,0.12474439557840755,0.40087958441840277,3029.57998046875,3013.4000244140625,2960.8850219726564,2889.7920068359376,2777.547998046875,2647.15849609375,3010.3785340259474,2975.980817797692,2898.304234813428,2676.2236290219716,73.70664682953507,0.6769838851917628,41.46032226485795,38.943021910588996,2.5173003542689543,3.594782550259512,105.0,37.28566196986607,0.13474431748230692,0.13712914964798556,0.15471729715712698,0.15721328095059325,3080.8041782705027,2840.96586567481,0.08100223778220943,188472.5,0.9157410232261953,-0.1490469475697903,8561364,0.021957921327102455,0.047099547367352286,0.14307469945934204,-0.01282136547506049,0.39803180505909047,0.0006300246326513884,0.010443125858571356,0.02460142978059333,False,False,False,False,False,False,GOLD,88.99182401106101,0.9143916020483633,80.55555555555556,98.99,-0.3323,4.133,-0.3136,3.57,-0.5017,90.9,12.2084,6740.02,-1.3277,24450.4492,-1.2737,29.49,24.1684,19.88,11.3102,91.7869,-0.3648,341,999,central_bank,high,-0.0011236004010299894,0,0.02002713229519304,1,0.03969070409871289,1,-0.011798126945383514,0,0.0886348537520234,1,0.1189067915133073,1
2025-03-26,3022.5,3022.5,3036.10009765625,3017.800048828125,3025.800048828125,172002,valid,,85.59040069580078,83173.01,2026-10-03T13:44:11.057201+00:00,-0.0011236004010299894,-0.006148872639784586,0.03135873175505832,0.1484099366045093,0.1321497004460228,0.3887613194363273,3025.839990234375,3020.97001953125,2965.480017089844,2896.6700048828125,2779.7649975585937,2650.64599609375,3012.802827220758,2980.4112161026737,2903.1746569776074,2679.669165051604,72.45899352312647,0.6508146447606585,40.15630568791585,39.18567866605437,0.9706270218614748,2.568886586043706,75.699951171875,35.857107979910715,0.13487081401122383,0.13555959375498933,0.15422959821581775,0.157109484063865,3087.536792919402,2843.4232412602855,0.08231839373464864,188904.05,0.9105257404486516,-0.0034184666728469537,8389362,0.019227910011713097,0.043439533983863195,0.14028806730665278,-0.013930559784700569,0.3939491453837951,-3.2999609652528215e-05,0.006054606725597666,0.023754867517189415,False,False,False,False,True,False,GOLD,88.8108575762386,0.8683346075317664,78.57142857142857,98.99,-0.3323,4.133,-0.3136,3.57,-0.5017,90.9,12.2084,6740.02,-1.3277,24450.4492,-1.2737,29.49,24.1684,19.88,11.3102,91.7869,-0.3648,340,999,central_bank,high,0.012737799834574126,1,0.03318446611352366,1,0.04754340816273772,1,0.018825443289909094,1,0.10789085116832098,1,0.1232423490488006,1
2025-03-27,3061.0,3061.0,3071.300048828125,3022.300048828125,3025.60009765625,124359,valid,,86.09539794921875,84729.44,2026-10-03T13:44:11.057201+00:00,0.012737799834574126,0.005650815065364467,0.05701167278697339,0.16916843734899145,0.1425052462624623,0.40593425897902513,3029.27998046875,3027.9400146484377,2973.7350219726563,2904.24400390625,2782.8819970703125,2654.31599609375,3022.4422617766068,2988.0863383786095,2909.3638861157406,2683.4635017177575,80.66803806758872,0.8229974613253442,41.7482436326145,39.6981916593664,2.0500519732481024,2.3300889256890445,69.699951171875,36.96425083705357,0.13058455366453087,0.1362674171391298,0.1551128564267549,0.15751804517521376,3098.2843917256123,2849.1856522197004,0.08376628639245269,184739.5,0.6731586910216782,-0.2769909652213346,8513721,0.02934524340014203,0.05397480235230135,0.15321612215900338,-0.0033536446014291892,0.4092352388835514,0.0010256733354008186,0.016007840574970268,0.023927403473301873,False,False,False,False,False,False,GOLD,87.71527799313121,0.5998663773987112,68.25396825396825,98.99,-0.3323,4.133,-0.3136,3.57,-0.5017,90.9,12.2084,6740.02,-1.3277,24450.4492,-1.2737,29.49,24.1684,19.88,11.3102,91.7869,-0.3648,339,999,central_bank,high,0.008330610911466918,1,0.027768703038222764,1,0.019830104923840297,1,0.038059457693564225,1,0.07755632222925524,1,0.08915383938051291,1
2025-03-28,3086.5,3086.5,3094.89990234375,3066.800048828125,3069.699951171875,31206,valid,,85.69490051269531,85037.86,2026-10-03T13:44:11.057201+00:00,0.008330610911466918,0.021546336056260218,0.08355274705985605,0.16868610374858006,0.15694577686052447,0.408974647313439,3042.3,3036.4800048828124,2985.6350219726564,2911.6180029296875,2786.254997558594,2658.115495605469,3035.2538094212855,2997.459068056837,2916.3104003857115,2687.4738151335014,87.3751984924329,0.9584304901643683,44.5539130350694,40.669335934507004,3.884577100562396,2.8456199248550362,85.39990234375,36.442818777901785,0.1103407550550325,0.13619046628663806,0.1552548900822596,0.15759896354506275,3105.1819919920113,2866.0880519533016,0.08008143603589445,175771.8,0.17753701105638006,-0.749065206378308,8544927,0.03378342539694175,0.060063510012056925,0.16116098232097023,-0.002714111153445088,0.41122941894939224,0.0028421924769265463,0.009104115832047918,0.025421267133417632,False,False,True,False,False,False,GOLD,89.09190365397261,0.939423931781513,82.53968253968253,98.99,-0.3323,4.133,-0.3136,3.57,-0.5017,90.9,12.2084,6740.02,-1.3277,24450.4492,-1.2737,29.49,24.1684,19.88,11.3102,91.7869,-0.3648,338,999,central_bank,high,0.011760910036651584,1,0.02582211280475466,1,-0.016556001184594216,0,0.05122309984002915,1,0.0846265838885063,1,0.08313627009760238,1
2025-03-31,3122.800048828125,3122.800048828125,3132.5,3086.0,3091.0,228393,valid,,85.53880310058594,85881.26,2026-10-03T13:44:11.057201+00:00,0.011760910036651584,0.03554846388789801,0.07641926983180714,0.1700262453458692,0.17134285402405292,0.4083161298633522,3063.739990234375,3048.15,2996.72001953125,2919.056005859375,2790.020998535156,2661.955495605469,3052.7630573026536,3009.3963043207696,2924.408033657963,2691.805419448871,88.08001849244232,0.9747311265082722,49.1400805584949,42.363484859304585,6.776595699190317,3.882104633270922,116.699951171875,36.442818777901785,0.10087778983850919,0.13650028551717788,0.15597039749881586,0.15756705100568885,3124.1191589478576,2869.320880114642,0.08502572051191702,178340.55,1.2806565865138284,6.318880984426072,8773320,0.04207267561704169,0.06979792184860718,0.17312256120858346,-0.0030965526486422677,0.38846645913267924,0.00145796209298511,0.014890482667129102,0.026605866251265604,False,False,True,False,False,False,GOLD,90.62889927616763,1.315759152513836,94.44444444444444,98.99,-0.3323,4.133,-0.3136,3.57,-0.5017,90.9,12.2084,6740.02,-1.3277,24450.4492,-1.2737,29.49,24.1684,19.88,11.3102,91.7869,-0.3648,335,999,central_bank,high,0.007429214425874298,1,-0.00035227924908698416,0,-0.0477776190723016,0,0.033143332388136715,1,0.06750353706034762,1,0.07211475203363871,1
2025-04-01,3146.0,3146.0,3177.0,3130.5,3157.300048828125,197314,valid,,85.46810150146484,86447.78,2026-10-03T13:44:11.057201+00:00,0.007429214425874298,0.03969070409871289,0.07717588673801346,0.18506801441392584,0.19374672405586568,0.393823873060293,3087.760009765625,3058.6699951171877,3007.9900146484374,2927.0020068359377,2793.9839990234377,2666.095495605469,3071.4104458421234,3022.406180099744,2933.0979146909845,2696.324768509081,87.9573572115085,0.9658075396233414,54.02393918960752,44.695575725365174,9.328363464242344,3.459614229236063,105.199951171875,37.607107979910715,0.10118896684047225,0.13580724153335375,0.15507706576396743,0.15681248773571752,3146.43634299351,2869.5436863033647,0.09205238559357905,178780.5,1.1036662275807423,-0.1360768499910242,8970634,0.045881131479635844,0.07481989853526692,0.1800027437822009,-0.009757632987091673,0.3876758257176106,0.011047777462708689,0.014780673871578264,0.027669269656572383,False,False,True,False,False,False,GOLD,92.10140853609195,1.6730727124094154,99.60317460317461,98.99,-0.3323,4.133,-0.3136,3.57,-0.5017,90.9,12.2084,6740.02,-1.3277,24450.4492,-1.2737,29.49,24.1684,19.88,11.3102,91.7869,-0.3648,334,999,central_bank,high,0.00642083635469648,1,-0.035155784378973265,0,-0.04952321958935946,0,0.030006326237682845,1,0.05502228151819777,1,0.04500956696002856,1
2025-04-02,3166.199951171875,3166.199951171875,3201.60009765625,3135.699951171875,3147.5,223124,valid,,85.61009979248047,87147.39,2026-10-03T13:44:11.057201+00:00,0.00642083635469648,0.04754340816273772,0.08209157593023741,0.19596587896253603,0.20571209107839872,0.38758869463516565,3116.5,3071.1699951171877,3020.0000122070314,2935.1420068359375,2798.882998046875,2670.180994873047,3090.368346908074,3036.1008249637566,2942.2391710235684,2701.0001434609494,86.72830518345953,0.9292491472499733,58.84605884661596,47.525672349615334,11.320386497000626,4.110219716129926,125.0,38.078543526785715,0.1013550040518723,0.1354864557093211,0.15505810285051805,0.15660029155174118,3169.7143390457413,2870.2856853683215,0.09914856041954008,180785.9,1.2341891707262502,0.13080673444357727,9193758,0.04841057562047872,0.07872121478201921,0.1857622974813456,-0.011057016930465121,0.38552425119203604,0.00047679593134123435,0.020813640168228544,0.028911039116141887,False,False,False,False,True,False,GOLD,91.77657035466892,1.5838170080673275,98.80952380952381,98.99,-0.3323,4.133,-0.3136,3.57,-0.5017,90.9,12.2084,6740.02,-1.3277,24450.4492,-1.2737,29.49,24.1684,19.88,11.3102,91.7869,-0.3648,333,999,central_bank,high,-0.014054703015054293,0,-0.0608299717282037,0,-0.027414582201606863,0,0.05691363588871878,1,0.017686817277371647,1,0.04469079722764446,1
2025-04-03,3121.699951171875,3121.699951171875,3196.60009765625,3073.5,3196.60009765625,382860,valid,,85.65119934082031,85963.81,2026-10-03T13:44:11.057201+00:00,-0.014054703015054293,0.019830104923840297,0.06666433643321112,0.17119384165463858,0.18277569560836415,0.348466501586123,3128.639990234375,3078.9599853515624,3029.7550048828125,2942.1580078125,2803.0419970703124,2674.144494628906,3096.634667760834,3044.253122697863,2949.2768486764435,2705.186211199367,72.10411433102408,0.3154407650433622,58.403604915821234,49.70125886285652,8.702346052964714,2.5592976244856125,77.89990234375,44.835693359375,0.11941425039910225,0.13967951674441045,0.15662290820332272,0.1567918182136815,3179.2696155358144,2880.2403942298106,0.09869749231339953,191610.7,1.998113884036737,0.715906850002689,8810898,0.03034732053940067,0.061023895685603895,0.16736397656960164,-0.02495631685632488,0.36605111932138273,0.009601461358469697,0.03943367382569847,0.029773043064879934,False,False,False,False,False,False,GOLD,98.0310251393153,3.04595370906237,99.60317460317461,98.99,-0.3323,4.133,-0.3136,3.57,-0.5017,90.9,12.2084,6740.02,-1.3277,24450.4492,-1.2737,29.49,24.1684,19.88,11.3102,91.7869,-0.3648,332,999,central_bank,high,-0.027645209398080794,0,-0.04212448411341885,0,0.01787489179002555,1,0.06621390729569665,1,0.038953166402364126,1,0.07306919345999985,1
2025-04-04,3035.39990234375,3035.39990234375,3160.199951171875,3032.699951171875,3138.0,341150,valid,,85.28289794921875,83227.9,2026-10-03T13:44:11.057201+00:00,-0.027645209398080794,-0.016556001184594216,0.041625133187792374,0.13583296410153345,0.1341777255778418,0.3148797497698723,3118.419970703125,3080.3599853515625,3035.8199951171873,2947.566005859375,2806.447995605469,2677.5869946289063,3084.387714677417,3043.409958854614,2952.654223330064,2708.471919568963,54.13722634984197,0.0,50.5070504490991,49.86241718010504,0.6446332689940562,0.46336137063949234,14.0,52.549979073660715,0.16066285950498232,0.15287823397230796,0.16111463464413764,0.15938080108492833,3175.0695359572587,2896.570454277116,0.09173767948296967,196789.35,1.733579586496923,-0.10894321684166541,8469748,-0.00013837868322656051,0.029798788664865544,0.13363259846737505,-0.05191160364909906,0.32828635007927254,0.005221529641886562,0.04200435003687992,0.029941310587225243,False,False,False,False,False,False,GOLD,104.25195711526953,4.348513597966799,99.60317460317461,98.99,-0.3323,4.133,-0.3136,3.57,-0.5017,90.9,12.2084,6740.02,-1.3277,24450.4492,-1.2737,29.49,24.1684,19.88,11.3102,91.7869,-0.3648,331,999,central_bank,high,-0.020359691202395447,0,0.01449561883626127,1,0.068920142993669,1,0.12845099790090853,1,0.09451807198875128,1,0.10683931582712392,1
2025-04-07,2973.60009765625,2973.60009765625,3084.39990234375,2970.39990234375,3055.10009765625,328515,valid,,85.529296875,81768.97,2026-10-03T13:44:11.057201+00:00,-0.020359691202395447,-0.0477776190723016,0.0255915699150433,0.10509887159816556,0.11554621425427292,0.2678435326464974,3088.57998046875,3076.1599853515627,3039.5300048828126,2951.460009765625,2810.0069970703125,2680.6099951171873,3062.2301912731837,3036.7614006452463,2953.475630166385,2711.110010893215,41.18572326121611,0.0,38.81481337959758,47.65289642000355,-8.83808304040597,-1.3927576150644994,-42.0,57.73570033482143,0.1779506950600406,0.1593490392418454,0.1639312604583753,0.16012378166933622,3166.9250844732665,2912.1349252923587,0.08382551209283003,202134.65,1.6252285295964763,-0.03703649421075772,8141233,-0.021690822962967524,0.007501401956103692,0.10929978738893155,-0.07121439063137133,0.30124285016331054,0.006490148232950204,0.03833736758678979,0.029839467526497694,False,False,False,False,False,False,GOLD,100.76584461172527,3.4442677827246144,99.20634920634922,98.99,-0.3323,4.133,-0.3136,3.57,-0.5017,90.9,12.2084,6740.02,-1.3277,24450.4492,-1.2737,29.49,24.1684,19.88,11.3102,91.7869,-0.3648,328,999,central_bank,high,0.005582409527329801,1,0.06857004830759217,1,0.08498114839687076,1,0.14991921914411876,1,0.15106266357938591,1,0.12419282773718532,1
2025-04-08,2990.199951171875,2990.199951171875,3037.89990234375,2988.60009765625,2997.5,197577,valid,,86.0270004272461,82703.92,2026-10-03T13:44:11.057201+00:00,0.005582409527329801,-0.04952321958935946,0.023725581548521557,0.1013627812787754,0.11620443472179409,0.2718842837821671,3057.419970703125,3072.589990234375,3042.995007324219,2956.4960107421875,2813.84599609375,2683.9049951171874,3047.824143252922,3032.3269768858777,2954.915799617581,2713.8870252243464,43.58328193307564,0.05003133004290228,30.53609956423088,44.22953704884902,-13.693437484618137,-1.1798126945383514,-35.699951171875,60.164254324776785,0.1772361058599413,0.1588362077950159,0.16396433861426296,0.1601835758490911,3160.163696401698,2925.82631824674,0.07700879481920009,202307.55,0.9766170367838425,-0.3985754075156386,8338810,-0.017349701864529377,0.011399961409457527,0.11412287566505303,-0.06602952899678685,0.3085069206474295,0.008037362644216865,0.0164871264438897,0.02925726815382638,False,False,False,False,False,False,GOLD,101.04758200413555,3.4111875693451834,99.20634920634922,98.99,-0.3323,4.133,-0.3136,3.57,-0.5017,90.9,12.2084,6740.02,-1.3277,24450.4492,-1.2737,29.49,24.1684,19.88,11.3102,91.7869,-0.3648,327,999,central_bank,high,0.029830764707529767,1,0.0850779715867076,1,0.08367331792438182,1,0.1016320485074167,1,0.13433882607564307,1,0.11915592757885274,1
2025-04-09,3079.39990234375,3079.39990234375,3118.5,2983.300048828125,2998.300048828125,298325,valid,,86.435302734375,85575.28,2026-10-03T13:44:11.057201+00:00,0.029830764707529767,-0.027414582201606863,0.04499791343778381,0.149630325571255,0.1442053455483776,0.30350492280695596,3040.0599609375,3078.27998046875,3049.625,2962.7340087890625,2818.7749951171877,2687.5799951171875,3054.139295071088,3036.8101126437705,2959.797529136254,2717.523969275286,53.677676383041074,0.2663853472999926,30.817603653489186,41.54715036977706,-10.72954671628787,1.8825443289909094,56.89990234375,67.50711495535714,0.20296643944086712,0.1658791725089096,0.16914093560616328,0.1627134105646954,3158.594424354134,2940.655575645866,0.07146414680762271,206732.65,1.4430473367414318,0.5099176523583211,8637135,0.009763463489360245,0.03937778187598155,0.14578911434758318,-0.03816847563251863,0.3475406827154242,0.0027088816094297708,0.04390464228726174,0.029327975766013,False,False,False,False,False,False,GOLD,101.55327332028284,3.424800923391678,99.20634920634922,98.99,-0.3323,4.133,-0.3136,3.57,-0.5017,90.9,12.2084,6740.02,-1.3277,24450.4492,-1.2737,29.49,24.1684,19.88,11.3102,91.7869,-0.3648,326,999,central_bank,high,0.03185688795456065,1,0.04770414728290673,1,0.08670520506179935,1,0.08741969339792788,1,0.07358579750677507,1,0.08553619368627619,1
2025-04-10,3177.5,3177.5,3195.0,3086.10009765625,3099.10009765625,234973,valid,,86.20929718017578,88070.55,2026-10-03T13:44:11.057201+00:00,0.03185688795456065,0.01787489179002555,0.062247166159349554,0.18461765729312196,0.17359187442289925,0.35304894061219794,3051.219970703125,3089.92998046875,3058.9349975585938,2970.8880078125,2824.82099609375,2691.8134948730467,3078.81143605687,3050.20914953484,2968.334880934832,2722.1008452028955,63.94499870884892,0.48533143178559635,38.512606343822426,40.94024156458613,-2.4276352207637046,3.8059457693564225,116.5,72.12855747767857,0.22456861119986954,0.176512307435709,0.17475744663686893,0.16543816598981972,3178.2486381643203,2939.6213569528672,0.07800992221208652,205653.1,1.1425696962506224,-0.21235900444146483,8872108,0.03876022293249021,0.06954553374078934,0.180430964497293,-0.007527516529589404,0.39046913525888777,0.00639741376152531,0.03427219585954862,0.02963658997395002,False,False,False,False,False,False,GOLD,103.5994929706005,3.7397980470775085,99.20634920634922,98.99,-0.3323,4.133,-0.3136,3.57,-0.5017,90.9,12.2084,6740.02,-1.3277,24450.4492,-1.2737,29.49,24.1684,19.88,11.3102,91.7869,-0.3648,325,999,central_bank,high,0.021117261260818143,1,0.01979540593036977,1,0.04749013449055872,1,0.03804874975413064,1,0.052399685287175535,1,0.04387093700826128,1
2025-04-11,3244.60009765625,3244.60009765625,3263.0,3193.39990234375,3194.199951171875,247317,valid,,86.2603988647461,89983.67,2026-10-03T13:44:11.057201+00:00,0.021117261260818143,0.068920142993669,0.08113691382375565,0.19383326196320927,0.18849820426968855,0.36747172606200973,3093.060009765625,3105.739990234375,3071.109997558594,2979.320009765625,2831.56599609375,2696.470495605469,3111.9691683767464,3068.7225731654507,2979.1688110023388,2727.2998427397447,68.43801771809716,0.5811430648850654,49.45527884764442,42.64324902119779,6.812029826446633,5.122309984002915,158.10009765625,76.0428466796875,0.23348705342146736,0.17920441542929785,0.17680411730506002,0.16638030805707604,3213.1120948091325,2929.1079003080554,0.09247607370844949,208944.35,1.1836500963055419,0.05253369536074359,9119425,0.05649100821381099,0.08904048139206264,0.20327669186215228,-0.005638952603047613,0.4198320352632445,0.005255688803106135,0.021451055773099578,0.030809039476145113,False,False,True,False,False,False,GOLD,101.9545047205469,3.307172754308065,98.80952380952381,98.99,-0.3323,4.133,-0.3136,3.57,-0.5017,90.9,12.2084,6740.02,-1.3277,24450.4492,-1.2737,29.49,24.1684,19.88,11.3102,91.7869,-0.3648,324,999,central_bank,high,-0.005640155420492121,0,0.03137514689746679,1,0.055692518564122606,1,0.031775827655956546,1,-0.005116223003334364,0,0.02354678544173683,1
2025-04-14,3226.300048828125,3226.300048828125,3261.60009765625,3208.699951171875,3246.0,189619,valid,,86.19300079345703,89406.24,2026-10-03T13:44:11.057201+00:00,-0.005640155420492121,0.08498114839687076,0.07325103756310614,0.1728162286382493,0.17795471315592581,0.3589570431394955,3143.6,3116.089990234375,3082.1199951171875,2987.5960107421874,2837.682995605469,2700.918995361328,3134.8353444670224,3083.729951799991,2988.860232093546,2732.2650189197284,65.93006552209047,0.5276620991601941,56.0051718846039,45.315633593879014,10.689538290724883,3.3143332388136715,103.5,77.56429617745536,0.2358881670632753,0.1790352368470913,0.17708689141348744,0.16652349209655412,3236.50508658094,2927.734903653435,0.10018110372619174,211317.55,0.8973178044133066,-0.23329572977191215,8929806,0.046779506943047736,0.07989836551781916,0.19451936706317882,-0.011247303454447978,0.4118239619133687,0.000431456050550203,0.01639653649187815,0.03163881061398475,False,False,False,False,False,False,GOLD,100.53284755815102,2.9511847548346255,97.22222222222221,98.99,-0.3323,4.133,-0.3136,3.57,-0.5017,90.9,12.2084,6740.02,-1.3277,24450.4492,-1.2737,29.49,24.1684,19.88,11.3102,91.7869,-0.3648,321,999,central_bank,high,0.004370285869953916,1,0.031646112255650394,1,0.05985179635904103,1,0.03325792617059875,1,0.006663980310141815,1,0.030809255444128603,1
2025-04-15,3240.39990234375,3240.39990234375,3250.89990234375,3225.5,3226.10009765625,123474,valid,,86.0447998046875,89642.57,2026-10-03T13:44:11.057201+00:00,0.004370285869953916,0.08367331792438182,0.06564057166223325,0.1788845490255293,0.17414299768553843,0.3597985322466428,3193.639990234375,3125.52998046875,3092.099987792969,2995.2620068359374,2843.7769946289063,2705.422994384766,3155.948256042368,3098.650899470825,2998.724532887672,2737.3210874115102,67.03142114563337,0.551148018248835,61.623393525809206,48.57718558026506,13.046207945544147,3.0006326237682845,94.39990234375,78.07142857142857,0.23407008404693144,0.17891425821881052,0.1769079690951953,0.16653392969409303,3260.4156556435446,2923.7843199423933,0.1088681921768377,208636.35,0.5918144177656454,-0.34883107705451455,9053280,0.04796090525409701,0.08184188727005007,0.19774242662576477,-0.006926171515857516,0.41799403622497905,-6.197538010997006e-05,0.007838508551173162,0.032330387370450624,False,False,False,False,False,False,GOLD,100.54922216064077,2.8926549506065906,97.22222222222221,98.99,-0.3323,4.133,-0.3136,3.57,-0.5017,90.9,12.2084,6740.02,-1.3277,24450.4492,-1.2737,29.49,24.1684,19.88,11.3102,91.7869,-0.3648,320,999,central_bank,high,0.03271201184870143,1,0.05706090360965588,1,0.016572088918302752,1,0.02428718605243052,1,-0.016078217221874858,0,0.03814347036822552,1
2025-04-16,3346.39990234375,3346.39990234375,3358.39990234375,3245.199951171875,3248.39990234375,258376,valid,,85.72669982910156,92232.72,2026-10-03T13:44:11.057201+00:00,0.03271201184870143,0.08670520506179935,0.1003551085334824,0.21281529485475748,0.22605701695459834,0.3898163611934642,3247.039990234375,3143.5499755859373,3107.3599853515625,3004.67400390625,2850.723994140625,2710.4604943847658,3194.0385853026446,3122.2460426015796,3012.3588611016357,2743.3815731322293,70.17816887550964,0.6182510147709747,73.7787136888528,53.61749120198261,20.161222486870194,5.691363588871878,180.199951171875,83.0,0.25580579480139615,0.18911848620394592,0.18169319729819583,0.16923371487053354,3308.4038724229476,2906.3160982801774,0.12939851708142183,214284.95,1.2057589672069775,1.0925538979866207,9311656,0.07692701139197618,0.11373143908228402,0.2346241198778654,-0.0035731301658334085,0.4643794739393443,0.0024688310829201077,0.03382738300122416,0.034175415140471295,False,False,True,False,False,False,GOLD,101.63396815926279,3.0365478358712896,98.4126984126984,98.99,-0.3323,4.133,-0.3136,3.57,-0.5017,90.9,12.2084,6740.02,-1.3277,24450.4492,-1.2737,29.49,24.1684,19.88,11.3102,91.7869,-0.3648,319,999,central_bank,high,-0.005378914811524194,0,0.021814487846737007,1,0.0006574812863695545,1,-0.0371144976082769,0,-0.03579960799173898,0,0.0037951815930921118,1
2025-04-17,3328.39990234375,3328.39990234375,3371.89990234375,3296.39990234375,3357.5,242065,valid,,85.62049865722656,91622.96,2026-10-03T13:44:11.057201+00:00,-0.005378914811524194,0.04749013449055872,0.09350149449705047,0.20119817375158222,0.2108116048554225,0.39356893252154834,3277.219970703125,3164.219970703125,3121.589978027344,3013.382001953125,2857.258994140625,2715.4354943847657,3220.910848710866,3141.879743529405,3024.752627424856,2749.2026510348314,67.28597996489844,0.5565763719111401,81.02543217911398,59.099079397408886,21.92635278170509,6.621390729569665,206.699951171875,85.971435546875,0.2580654440106933,0.18993781281040176,0.18181429078500802,0.16910516824746402,3342.952974532682,2900.2269815220056,0.1418270804708025,219326.65,1.1036734478003423,-0.0631289283834412,9069591,0.06625146985096075,0.10453965019580708,0.2257333710288108,-0.012900738829687973,0.4565027014972823,0.0033170266495861425,0.022683572351631393,0.03590914660140933,False,False,False,False,True,False,GOLD,102.66502437465637,3.158087641485973,98.80952380952381,98.99,-0.3323,4.133,-0.3136,3.57,-0.5017,90.9,12.2084,6740.02,-1.3277,24450.4492,-1.2737,29.49,24.1684,19.88,11.3102,91.7869,-0.3648,318,999,central_bank,high,0.02911313223394263,1,-0.010305193394383627,0,-0.009013340007273496,0,-0.025567797143516424,0,-0.04242277229741731,0,0.0024937054054954277,1
2025-04-21,3425.300048828125,3425.300048828125,3442.300048828125,3344.0,3347.0,243457,valid,,85.62049865722656,94290.39,2026-10-03T13:44:11.057201+00:00,0.02911313223394263,0.055692518564122606,0.13367980391177703,0.23880652760510857,0.24348360102888966,0.4283986859166493,3313.3599609375,3203.2099853515624,3141.7849853515627,3024.35400390625,2864.3899951171875,2720.7149951171873,3261.7886887343184,3168.8721535578547,3040.460369440671,2755.929988326307,69.89346821707616,0.6137853765330515,93.50962009269733,65.98118753646658,27.528432556230754,12.845099790090853,389.900146484375,90.78573172433036,0.2679260700105991,0.19690682408896618,0.186115911972864,0.17134621554684323,3395.930603153424,2887.6393675497015,0.16178422074503715,221976.0,1.0967717230691558,0.00575052155412803,9313048,0.09024012298688448,0.13257245825187172,0.2589705481739849,-0.00493855845186489,0.49890605724505444,0.005588300144807369,0.028698230060670755,0.03882845106545074,False,False,True,False,True,False,GOLD,105.40682604662278,3.5694331591204387,99.60317460317461,98.99,-0.3323,4.133,-0.3136,3.57,-0.5017,90.9,12.2084,6740.02,-1.3277,24450.4492,-1.2737,29.49,24.1684,19.88,11.3102,91.7869,-0.3648,314,999,central_bank,high,-0.0017225196042004454,0,-0.02239218464908377,0,-0.022654978118719526,0,-0.03007035837203187,0,-0.05599510877703817,0,-0.019326759766498003,0
2025-04-22,3419.39990234375,3419.39990234375,3509.89990234375,3379.10009765625,3435.10009765625,423078,valid,,85.15889739990234,93620.51,2026-10-03T13:44:11.057201+00:00,-0.0017225196042004454,0.05985179635904103,0.1339036316523987,0.23048689139892953,0.2407562043293836,0.41660445487348197,3351.979931640625,3247.7899658203123,3161.9749755859375,3034.99,2872.398994140625,2725.823494873047,3293.310931456205,3192.7319391565115,3055.3207432800077,2762.5316790130482,68.39837835422274,0.597521131737114,101.7543753471191,73.13582509859708,28.618550248522013,14.991921914411876,445.7998046875,96.25714983258929,0.26784554361346347,0.19719098586739825,0.18617837126822315,0.1712986960890441,3437.1962946110325,2886.7536565608425,0.17408190839587995,232988.8,1.8158726943097618,0.7377935323280909,8889970,0.08141270210717855,0.12665936373550607,0.2544465585445955,-0.02578421109375298,0.49632416217659586,0.0028610774788839196,0.038252268942807185,0.0418403275087878,False,False,False,False,True,False,GOLD,103.9963440133721,3.225374233543936,98.80952380952381,98.99,-0.3323,4.133,-0.3136,3.57,-0.5017,90.9,12.2084,6740.02,-1.3277,24450.4492,-1.2737,29.49,24.1684,19.88,11.3102,91.7869,-0.3648,313,999,central_bank,high,-0.036643799574778035,0,-0.03538632609688719,0,-0.025092065022488397,0,0.0009943693576304202,1,-0.03942206484684774,0,-0.021670426282937805,0
2025-04-23,3294.10009765625,3294.10009765625,3396.0,3270.800048828125,3367.699951171875,377411,valid,,85.2323989868164,90267.74,2026-10-03T13:44:11.057201+00:00,-0.036643799574778035,0.016572088918302752,0.0886348537520234,0.20292879605965708,0.18445938009650442,0.4038954290638481,3362.719970703125,3278.17998046875,3175.3849853515626,3042.18400390625,2879.1269946289062,2730.476495361328,3293.4687646962143,3202.38604948982,3064.6846395300568,2767.820917009498,57.54039432704717,0.5289625526883431,97.05892139363596,77.92044435760486,19.13847703603109,10.16320485074167,303.900146484375,102.16427176339286,0.3085003390414851,0.21058175435173332,0.19404636542635972,0.17301300946235781,3448.819759139824,2901.9502115633013,0.1722214944326833,243229.75,1.5516646298407102,-0.1079399070620547,8512559,0.03738605329819763,0.08280764523988356,0.20641950342814813,-0.06148317920500733,0.44149315947891504,-0.015119597779839474,0.038007330518254945,0.04378465644229115,False,False,False,False,True,False,GOLD,98.27853525262859,2.1594046572806356,94.84126984126983,98.99,-0.3323,4.133,-0.3136,3.57,-0.5017,90.9,12.2084,6740.02,-1.3277,24450.4492,-1.2737,29.49,24.1684,19.88,11.3102,91.7869,-0.3648,312,999,central_bank,high,0.016544730999151103,1,0.016271470789172904,1,0.007589326146399511,1,0.02968938459310455,1,0.005889287443800795,1,0.01948937472105161,1
2025-04-24,3348.60009765625,3348.60009765625,3377.0,3301.300048828125,3301.800048828125,239603,valid,,85.4999008178711,92049.19,2026-10-03T13:44:11.057201+00:00,0.016544730999151103,0.0006574812863695545,0.10789085116832098,0.20997293501580838,0.19558698917380002,0.4297425208287251,3363.160009765625,3305.1,3191.689990234375,3050.50400390625,2886.213996582031,2735.3799963378906,3304.495031288222,3216.3111969342417,3075.8185790644175,2773.599814329366,63.221080597716444,0.7600378950051965,96.62164070194785,81.66068362647347,14.960957075474383,8.741969339792789,269.2001953125,99.29282924107143,0.3106457319797882,0.21182236621739897,0.1951057981561457,0.17364246176583187,3465.6296018679304,2917.750378600819,0.1716580322472695,246609.8,0.9715875038218231,-0.3651403907146321,8752162,0.04916207648672786,0.09772027617999594,0.22418095553053338,-0.0459556708667804,0.4653422760396029,0.0023374976301877323,0.022606447161258897,0.04628283921190928,False,False,False,False,True,False,GOLD,100.01195428034444,2.4313759222250493,94.84126984126983,98.99,-0.3323,4.133,-0.3136,3.57,-0.5017,90.9,12.2084,6740.02,-1.3277,24450.4492,-1.2737,29.49,24.1684,19.88,11.3102,91.7869,-0.3648,311,999,central_bank,high,-0.014991397553752672,0,-0.004479483832810827,0,-0.03774716084277874,0,-0.01272176324848906,0,-0.01600671805921694,0,0.017260886042485435,1
2025-04-25,3298.39990234375,3298.39990234375,3384.10009765625,3274.800048828125,3362.0,241249,valid,,85.2573013305664,90411.97,2026-10-03T13:44:11.057201+00:00,-0.014991397553752672,-0.009013340007273496,0.07755632222925524,0.19084404801684896,0.19972350917088,0.41053713654272883,3357.160009765625,3317.189990234375,3203.5599853515623,3057.8980029296877,2892.6279956054686,2739.97349609375,3303.2760054993278,3224.1291688780043,3084.547258408705,2778.821705752395,65.99756690997567,0.8558037489487021,91.17336656584575,83.56322021434794,7.610146351497818,3.804874975413064,120.89990234375,97.99283272879464,0.3173821445156495,0.21505747733691122,0.19443122249697473,0.17439598154509142,3474.209505275885,2932.9104654272396,0.16896797385520898,252454.3,0.9556145409287902,0.0068696969570498645,8510913,0.02960453914576856,0.07864941838595187,0.20380722917426694,-0.06025812868871552,0.4433747474271789,0.004001643060670293,0.033137294465242474,0.047634676592310236,False,False,False,False,False,False,GOLD,99.98484527906643,2.388762768386027,94.44444444444444,98.99,-0.3323,4.133,-0.3136,3.57,-0.5017,90.9,12.2084,6740.02,-1.3277,24450.4492,-1.2737,29.49,24.1684,19.88,11.3102,91.7869,-0.3648,310,999,central_bank,high,0.014946656041644246,1,0.006275829470462568,1,-0.016705025208275215,0,0.013824914809101196,1,0.020434194906591596,1,0.04405167751941752,1
2025-04-28,3347.699951171875,3347.699951171875,3363.800048828125,3278.0,3336.5,217995,valid,,85.38490295410156,91900.67,2026-10-03T13:44:11.057201+00:00,0.014946656041644246,-0.022654978118719526,0.0846265838885063,0.18586608259719273,0.21769969832310054,0.42911417339247593,3341.639990234375,3327.4999755859376,3216.619982910156,3065.94400390625,2899.5199951171876,2744.6024963378904,3312.1607946338377,3235.897814810754,3094.866971850398,2784.48218580632,73.10684006727965,0.9999999999661288,89.7985304219601,84.81028225587038,4.988248166089718,3.1775827655956546,103.099853515625,95.97855050223214,0.3194604373522,0.21386046681042067,0.19537535334064016,0.17491909599841735,3488.69003633838,2944.549929481932,0.16916518262874872,261793.75,0.8326974956430364,-0.09639003684989367,8728908,0.040750840620932434,0.09189859531242386,0.21973945430657985,-0.046212130170298904,0.4649483733161615,0.011551085006146645,0.02562955165622437,0.04914505249015765,False,False,False,False,False,False,GOLD,101.47619826450348,2.6035080975962277,96.42857142857143,98.99,-0.3323,4.133,-0.3136,3.57,-0.5017,90.9,12.2084,6740.02,-1.3277,24450.4492,-1.2737,29.49,24.1684,19.88,11.3102,91.7869,-0.3648,307,999,central_bank,high,-0.004211803244400514,0,-0.03748842543551978,0,-0.0075872696819374585,0,-0.03575587804097369,0,-0.014129118355295733,0,0.014905800164948246,1
2025-04-29,3333.60009765625,3333.60009765625,3359.300048828125,3309.199951171875,3354.89990234375,170152,valid,,85.1603012084961,91272.88,2026-10-03T13:44:11.057201+00:00,-0.004211803244400514,-0.025092065022488397,0.06750353706034762,0.18528003472222232,0.21389562192429445,0.4202454699233866,3324.480029296875,3338.22998046875,3227.1599853515627,3074.6020068359376,2906.1769970703126,2749.1669970703124,3316.4486552383205,3245.2027941293727,3104.2290552153336,2789.9460456257225,71.27633473333469,0.9057856856527647,86.57325988152115,85.16287778100053,1.4103821005206214,3.325792617059875,107.300048828125,94.96428571428571,0.31951916293848825,0.2139282655070156,0.1955226491896736,0.17501075613952502,3500.257375173014,2954.062595530111,0.16924936542407956,258881.7,0.6572577358693154,-0.21946833642973462,8558756,0.0329825954671593,0.08423792420755044,0.21258552179934292,-0.050229297014916255,0.4587782990045512,0.002150715797977199,0.015028826550448803,0.04961877282860828,False,False,False,False,False,False,GOLD,100.18331914916465,2.3439220822252085,94.44444444444444,98.99,-0.3323,4.133,-0.3136,3.57,-0.5017,90.9,12.2084,6740.02,-1.3277,24450.4492,-1.2737,29.49,24.1684,19.88,11.3102,91.7869,-0.3648,306,999,central_bank,high,-0.004349651900416807,0,-0.02708784682710208,0,0.026757843940126147,1,-0.025737954858007228,0,-0.011609129523276973,0,0.011969012831443804,1
2025-04-30,3319.10009765625,3319.10009765625,3337.60009765625,3275.60009765625,3324.5,207722,valid,,85.1707992553711,90887.08,2026-10-03T13:44:11.057201+00:00,-0.004349651900416807,0.007589326146399511,0.05502228151819777,0.16170242000936197,0.2070771926375845,0.4077703551745502,3329.480029296875,3346.1,3235.814990234375,3082.0040087890625,2912.6059985351562,2753.617998046875,3316.978943721907,3252.2406325605043,3112.6553706051736,2795.211260073788,66.36625013085506,0.5669795116061674,81.90305350503468,84.51091292580736,-2.6078594207726837,2.428718605243052,78.7001953125,89.7357177734375,0.3203149189649518,0.21271597835599293,0.19571784663936445,0.17508030935931423,3509.0541314516677,2962.575849017082,0.16888427925690355,259402.1,0.8007722373874352,0.2208025765198176,8351034,0.025738525741799897,0.0769291954815682,0.2053596758919584,-0.05436046895811424,0.4524331212040012,-0.002729810832032692,0.01867976203663216,0.04990615878715086,False,False,False,False,False,False,GOLD,102.02884258544974,2.6126380571334846,97.61904761904762,98.99,-0.3323,4.133,-0.3136,3.57,-0.5017,90.9,12.2084,6740.02,-1.3277,24450.4492,-1.2737,29.49,24.1684,19.88,11.3102,91.7869,-0.3648,305,999,central_bank,high,-0.029194704478120448,0,0.0009641020390238619,1,0.02193359722380972,1,-0.03940828687887066,0,-0.0006025729689238535,0,0.004971226993621292,1
2025-05-01,3222.199951171875,3222.199951171875,3300.60009765625,3209.39990234375,3299.0,214691,valid,,84.53119659423828,87571.05,2026-10-03T13:44:11.057201+00:00,-0.029194704478120448,-0.03774716084277874,0.017686817277371647,0.12045340303993202,0.20397559779695995,0.39919236085446785,3304.2,3333.6800048828127,3238.614990234375,3087.726005859375,2918.3439990234374,2757.3899975585937,3298.0231452119006,3249.3796152853965,3116.95123650975,2799.4599037663065,53.057032572438196,0.0,69.58076555883372,81.52488345241264,-11.94411789357892,-3.7114497608276897,-124.199951171875,89.31429617745536,0.3394617315408398,0.22227282262049283,0.19651661274007032,0.17602064081983454,3509.991811188299,2967.238169280451,0.16758819543054168,258980.45,0.8289853539137768,0.03354964808734762,8136343,-0.005068536739313676,0.043551126316672496,0.16856881109478808,-0.0819681356097022,0.41002976545622905,-0.00605588776019061,0.02830370451694138,0.04886734900979518,False,False,False,False,False,False,GOLD,100.10252053663389,2.255584147866433,93.65079365079364,98.99,-0.3323,4.133,-0.3136,3.57,-0.5017,90.9,12.2084,6740.02,-1.3277,24450.4492,-1.2737,29.49,24.1684,19.88,11.3102,91.7869,-0.3648,304,999,central_bank,high,0.006548351429456201,1,0.062255633013492684,1,0.02600709145863145,1,0.0013655721404794985,1,0.020700127919627498,1,0.0272484793490837,1
2025-05-02,3243.300048828125,3243.300048828125,3277.0,3229.5,3247.60009765625,210994,valid,,84.69670104980469,88317.08,2026-10-03T13:44:11.057201+00:00,0.006548351429456201,-0.016705025208275215,0.038953166402364126,0.12108539537785168,0.19864734655200778,0.40341845470710735,3293.180029296875,3325.17001953125,3244.6949951171873,3093.4700048828126,2924.180998535156,2761.3069982910156,3287.0785259351455,3248.8006089561327,3121.9060918947844,2803.876223617668,49.90511982341775,0.0,60.81680683215109,77.38326812836034,-16.566461296209255,-2.5567797143516424,-85.099853515625,87.12144252232143,0.33511733602277133,0.22231933425631611,0.19617012803418446,0.17608341432163255,3510.432912798684,2978.9570774356907,0.1637983958931814,250387.15,0.8426710396280287,-0.017220097721842076,8347337,-0.0004299159986257838,0.048434296666451694,0.17455250388140195,-0.07595654033823754,0.4192631358864273,0.007882858565350481,0.014645576815240435,0.04888522920721015,False,False,False,False,False,False,GOLD,101.38797762476239,2.431782314881369,95.63492063492063,98.99,-0.3323,4.133,-0.3136,3.57,-0.5017,90.9,12.2084,6740.02,-1.3277,24450.4492,-1.2737,29.49,24.1684,19.88,11.3102,91.7869,-0.3648,303,999,central_bank,high,0.024357906703249554,1,0.045817485671520775,1,0.031048607793244365,1,-0.017297227148786343,0,0.04745163877124403,1,0.024882049134193895,1
2025-05-05,3322.300048828125,3322.300048828125,3346.699951171875,3243.10009765625,3247.10009765625,184904,valid,,84.52629852294922,90286.28,2026-10-03T13:44:11.057201+00:00,0.024357906703249554,-0.0075872696819374585,0.09451807198875128,0.15489974805148754,0.23285586634632804,0.4384741549844706,3288.100048828125,3314.87001953125,3259.040002441406,3100.8520068359376,2930.5459985351563,2765.6364990234374,3294.122830513742,3255.800555610608,3129.76467844119,2809.0346696396628,56.43603930603595,0.28148427847993285,59.559382680680756,73.81849103882443,-14.259108358143678,-3.007035837203187,-103.0,90.74285016741071,0.3245190656364313,0.22637835028286127,0.19874315072757326,0.1775602733764238,3507.6282555596727,3010.4517493231397,0.15255305423190157,242574.85,0.7622554440412896,-0.12365280529304146,8532241,0.019410638206131307,0.071415224429907,0.20127863875134983,-0.05344877595805538,0.4538334149376995,0.0011716612002940858,0.031183171896872048,0.05101436484446422,False,False,False,False,False,False,GOLD,103.16099549236267,2.6747660989340214,98.01587301587301,98.99,-0.3323,4.133,-0.3136,3.57,-0.5017,90.9,12.2084,6740.02,-1.3277,24450.4492,-1.2737,29.49,24.1684,19.88,11.3102,91.7869,-0.3648,300,999,central_bank,high,0.03025012747883782,1,-0.004906254278229438,0,-0.02838396515732755,0,-0.026728485544057823,0,0.016494611571117535,1,-0.007976401773026942,0
2025-05-06,3422.800048828125,3422.800048828125,3444.5,3332.10009765625,3345.699951171875,268098,valid,,84.2208023071289,92681.27,2026-10-03T13:44:11.057201+00:00,0.03025012747883782,0.026757843940126147,0.15106266357938591,0.18534420732506396,0.3075601148618381,0.4826301239019435,3305.9400390625,3315.2100341796877,3281.5,3110.0440087890624,2937.59,2770.754998779297,3319.858274176619,3271.7052692503717,3141.256261593619,2815.141787840543,60.95890712363948,0.47642102325018887,65.9125759217718,72.23730801541392,-6.324732093642112,0.09943693576304202,3.400146484375,97.65713936941964,0.3223515234202191,0.23340657824791405,0.1979580328555439,0.17986001474701868,3500.9653559937888,3062.0346440062112,0.13375916866903664,239554.0,1.1191547626004947,0.4499307748885908,8800339,0.04305959129303122,0.10056322005576306,0.23533118241629536,-0.024815480765545166,0.48778575308009203,0.00704328386955802,0.032838582663395684,0.055129763670978126,False,False,False,False,False,False,GOLD,103.36726228304252,2.6595626400060275,98.01587301587301,98.99,-0.3323,4.133,-0.3136,3.57,-0.5017,90.9,12.2084,6740.02,-1.3277,24450.4492,-1.2737,29.49,24.1684,19.88,11.3102,91.7869,-0.3648,299,999,central_bank,high,-0.009027739290512815,0,-0.0230221011172137,0,-0.051127730952298944,0,-0.04037628526363701,0,-0.0068949682480956564,0,-0.03786376528205948,0
2025-05-07,3391.89990234375,3391.89990234375,3448.199951171875,3367.0,3448.10009765625,304244,valid,,84.79319763183594,92468.77,2026-10-03T13:44:11.057201+00:00,-0.009027739290512815,0.02193359722380972,0.13433882607564307,0.1559092200195984,0.30142341203916856,0.4550017044392396,3320.5,3324.9900146484374,3301.584997558594,3119.506005859375,2943.9419995117187,2775.7409985351565,3334.2665998100456,3283.152377164027,3151.0854239759774,2820.8806745520183,53.00488474352839,0.1336006506154257,67.67403955724285,71.32465432377971,-3.6506147665368616,2.968938459310455,97.7998046875,95.028564453125,0.3274877511571502,0.23301100034099123,0.1984067188479604,0.17998705090655975,3478.129746165788,3125.0402489513995,0.10694545119249667,244887.35,1.2423834877546707,0.1348238330759648,8496095,0.027355014289171264,0.08731956148590506,0.22197997008133594,-0.03361919236533538,0.47205102604842003,0.007391623368937273,0.023939371299177538,0.058367892659017546,False,False,False,False,False,False,GOLD,104.2667021239305,2.7495343803033347,99.20634920634922,98.99,-0.3323,4.133,-0.3136,3.57,-0.5017,90.9,12.2084,6740.02,-1.3277,24450.4492,-1.2737,29.49,24.1684,19.88,11.3102,91.7869,-0.3648,298,999,central_bank,high,-0.02532501100176765,0,-0.04832097262967505,0,-0.0600253130627294,0,-0.023113860845238032,0,-0.0049529187685909415,0,0.002329121351404284,1
2025-05-08,3306.0,3306.0,3422.0,3293.300048828125,3373.10009765625,327126,valid,,84.81719970703125,90152.51,2026-10-03T13:44:11.057201+00:00,-0.02532501100176765,0.02600709145863145,0.07358579750677507,0.12732724882679136,0.2781751401507828,0.4224249502858375,3337.260009765625,3320.7300048828124,3312.915002441406,3127.01400390625,2949.9080004882812,2780.234498291016,3328.6132798480367,3285.328341243643,3157.160505388684,2825.707732516675,48.64243096447031,0.0,61.430475670919805,69.34581859320774,-7.915342922287934,-1.272176324848906,-42.60009765625,98.82856096540179,0.33388670445081836,0.2398355777968713,0.2019070863385734,0.18192811138255993,3455.178009236809,3170.6519956460033,0.08588388575651422,246327.4,1.3280130428040027,0.07520937142556638,8168969,-0.0020872864037586713,0.05723862952647622,0.189108329542698,-0.05809279695057312,0.4347713176185915,-0.005542558810330484,0.03892920483116639,0.05945000511762029,False,False,False,False,False,False,GOLD,102.10637371560976,2.370810838246592,96.42857142857143,98.99,-0.3323,4.133,-0.3136,3.57,-0.5017,90.9,12.2084,6740.02,-1.3277,24450.4492,-1.2737,29.49,24.1684,19.88,11.3102,91.7869,-0.3648,297,999,central_bank,high,0.011494252873563315,1,-0.017604340947330654,0,-0.024016909359875993,0,-0.0033272837265577726,0,0.012280731293481617,1,0.036418603249773085,1
2025-05-09,3344.0,3344.0,3352.699951171875,3278.89990234375,3310.199951171875,232464,valid,,86.08219909667969,92548.78,2026-10-03T13:44:11.057201+00:00,0.011494252873563315,0.031048607793244365,0.052399685287175535,0.1418035496131822,0.2997007761373951,0.43995174167414053,3357.4,3325.2900146484376,3321.2400024414064,3135.976005859375,2956.59,2784.875998535156,3331.6906238784295,3290.9161182680577,3164.4875443930496,2830.864869506559,44.693903370579555,0.0,58.870071193932745,67.25066911335274,-8.380597919419998,1.3824914809101196,45.60009765625,95.96426827566964,0.31864070549334006,0.2404886968249118,0.20206877532455672,0.1821894496271301,3448.8719291713064,3193.6080757115064,0.07685799679399306,246201.95,0.9442004825713162,-0.2893747363401258,8401433,0.0068528614438752074,0.06633468934452262,0.20077159692522828,-0.04726627737529563,0.45126294195903005,0.0012704026533193376,0.022069392592136045,0.05907698153168838,False,False,False,False,False,False,GOLD,102.3381115862238,2.3696174978849274,96.42857142857143,98.99,-0.3323,4.133,-0.3136,3.57,-0.5017,90.9,12.2084,6740.02,-1.3277,24450.4492,-1.2737,29.49,24.1684,19.88,11.3102,91.7869,-0.3648,296,999,central_bank,high,-0.03468899521531099,0,-0.04656099018297699,0,-0.04688996675482204,0,0.006519153357692931,1,0.003259540174566311,1,0.027123191139914793,1
2025-05-12,3228.0,3228.0,3295.5,3211.199951171875,3281.0,308534,valid,,85.4083023071289,88638.97,2026-10-03T13:44:11.057201+00:00,-0.03468899521531099,-0.02838396515732755,-0.005116223003334364,0.09594625756298014,0.2559822097760738,0.3793103160495934,3338.539990234375,3313.32001953125,3320.4099975585937,3143.566005859375,2962.17,2789.248498535156,3310.952499102744,3284.924107004433,3166.9782289266554,2834.816462844802,39.077844117833905,0.0,46.93961103453876,63.18845749758995,-16.248846463051194,-3.5755878040973688,-119.699951171875,96.10714285714286,0.3370171804155847,0.25203526528597825,0.20899816186672812,0.18564108667117532,3450.335734493945,3190.4842606232423,0.07825885178688356,249262.8,1.2377859833075726,0.3272334641062702,8092899,-0.027830899686036473,0.026859303728065376,0.15730097253618955,-0.08031565292087955,0.40092008870927015,-0.018839712918654654,0.026115256762112418,0.05625585445622532,False,False,False,False,False,False,GOLD,99.66654165848556,1.9334790366103074,90.07936507936508,98.99,-0.3323,4.133,-0.3136,3.57,-0.5017,90.9,12.2084,6740.02,-1.3277,24450.4492,-1.2737,29.49,24.1684,19.88,11.3102,91.7869,-0.3648,293,999,central_bank,high,0.006133844122715226,1,-0.00043367482767964205,0,0.0017038413878562864,1,0.022428718198187703,1,0.03574965995779111,1,0.06363070084998457,1
2025-05-13,3247.800048828125,3247.800048828125,3270.39990234375,3220.10009765625,3240.699951171875,214423,valid,,84.9656982421875,88720.5,2026-10-03T13:44:11.057201+00:00,0.006133844122715226,-0.051127730952298944,0.006663980310141815,0.11966080721862404,0.24217850819308118,0.3674947574013159,3303.539990234375,3304.7400146484374,3321.484997558594,3150.5000048828124,2968.028000488281,2793.5824987792967,3298.3220090478203,3281.3884824162137,3170.1477120600466,2838.9257522575717,46.99623573194153,0.23269542321021391,38.63695114626489,58.27815622732494,-19.64120508106005,-2.573795485800723,-85.800048828125,89.08571079799107,0.3370145652889498,0.2497311700151082,0.2078868679095905,0.1852102807312466,3448.4543026067963,3194.5156925103915,0.07645333646937498,250503.0,0.8559697887849612,-0.3050263504184304,8307322,-0.022184338867888228,0.03088400056958608,0.162593211493537,-0.07467445249379678,0.40951311416179065,0.003934309532797728,0.01548734649032158,0.054272335315259684,False,False,False,False,False,False,GOLD,98.81343695125244,1.7828997392594357,89.68253968253968,98.99,-0.3323,4.133,-0.3136,3.57,-0.5017,90.9,12.2084,6740.02,-1.3277,24450.4492,-1.2737,29.49,24.1684,19.88,11.3102,91.7869,-0.3648,292,999,central_bank,high,-0.018320093326394504,0,-0.018658814195817164,0,0.01133076183104409,1,0.014502079194382622,1,0.029527649763523067,1,0.06339672986273981,1
2025-05-14,3188.300048828125,3188.300048828125,3261.300048828125,3170.699951171875,3254.10009765625,233929,valid,,85.060302734375,87192.11,2026-10-03T13:44:11.057201+00:00,-0.018320093326394504,-0.0600253130627294,-0.016078217221874858,0.08114616779522721,0.21182061909088756,0.3607768027435445,3262.82001953125,3291.660009765625,3318.8800048828125,3155.85400390625,2973.378000488281,2797.634998779297,3276.3176170038814,3272.5229173125863,3170.859568403893,2842.4021134174777,39.66739989594837,0.017325100598707014,26.945272303357797,52.01157944253151,-25.066307139173716,-3.9408286878870658,-130.800048828125,89.63572474888393,0.34316856743373897,0.2512519827467341,0.20983560207002894,0.185661545074881,3454.684383683259,3183.075626082366,0.08183747444957763,256025.75,0.9136932515577011,0.09096971873353144,8073393,-0.03934458487879523,0.010281224949476015,0.139641179145653,-0.09162650288140234,0.3836907023655776,0.001939789621715244,0.028416427647555344,0.051658283550101075,False,False,False,True,False,False,GOLD,98.93563819991478,1.781888903032602,89.68253968253968,98.99,-0.3323,4.133,-0.3136,3.57,-0.5017,90.9,12.2084,6740.02,-1.3277,24450.4492,-1.2737,29.49,24.1684,19.88,11.3102,91.7869,-0.3648,291,999,central_bank,high,0.012012686460360689,1,0.01417681851759478,1,0.03926855981383959,1,0.0403977188017377,1,0.06715172669972458,1,0.09503497015952722,1
2025-05-15,3226.60009765625,3226.60009765625,3244.300048828125,3123.300048828125,3180.800048828125,253064,valid,,85.48760223388672,88682.79,2026-10-03T13:44:11.057201+00:00,0.012012686460360689,-0.024016909359875993,-0.03579960799173898,0.09894076848125599,0.21680437344742098,0.36726142259327643,3246.9400390625,3292.1000244140623,3312.8900146484375,3161.866005859375,2979.5630004882814,2801.742999267578,3266.3741131343554,3268.1493154405543,3173.0454715118285,2846.2249789322914,45.29983129435395,0.18284368970453108,20.53333098191888,45.71592975040899,-25.18259876849011,0.13655721404794985,4.400146484375,90.471435546875,0.32385057926965727,0.25188024388936203,0.2101797456251159,0.18587715375356176,3454.046199920645,3171.73382937623,0.0852163426180898,255760.15,0.9894582873837031,0.08179832342291893,8326457,-0.026046719513964457,0.020473382387771417,0.15164028196004598,-0.08071449687161868,0.4003125449312063,-0.002352350746522213,0.037500773674387144,0.04776420269206422,False,False,False,False,False,False,GOLD,99.33808065017439,1.8223734739496107,89.68253968253968,98.99,-0.3323,4.133,-0.3136,3.57,-0.5017,90.9,12.2084,6740.02,-1.3277,24450.4492,-1.2737,29.49,24.1684,19.88,11.3102,91.7869,-0.3648,290,999,central_bank,high,-0.012211041124369437,0,0.017975577463761327,1,0.021198754191272373,1,0.019308189054092484,1,0.07010473697567376,1,0.05519737436473582,1
2025-05-16,3187.199951171875,3187.199951171875,3255.800048828125,3156.39990234375,3243.5,245486,valid,,85.44490051269531,87556.12,2026-10-03T13:44:11.057201+00:00,-0.012211041124369437,-0.04688996675482204,-0.04242277229741731,0.07817727610064784,0.19152120360812286,0.33082804339870187,3215.580029296875,3286.4900146484374,3305.8300170898438,3167.0780029296875,2984.9839990234377,2805.5464990234377,3250.5392807418593,3260.4398521768708,3173.600549145556,2849.6177647257205,39.35535768412707,0.008618837746106908,12.132700529251906,38.999283906177574,-26.866583376925668,-1.7297227148786343,-56.10009765625,91.44287109375,0.3258037638604775,0.25324386198310905,0.21088966595109718,0.18586938881568837,3457.4560391397576,3154.20399503993,0.09173249759728783,255931.2,0.9591874691323256,-0.029944994151677062,8080971,-0.03588510761432438,0.006353474156167752,0.1360353329667315,-0.09193992995535254,0.3832132708580862,0.005237681098448047,0.031187295433973698,0.0438107346998592,False,False,False,False,False,False,GOLD,99.11063677186547,1.7691670655446532,89.28571428571429,98.99,-0.3323,4.133,-0.3136,3.57,-0.5017,90.9,12.2084,6740.02,-1.3277,24450.4492,-1.2737,29.49,24.1684,19.88,11.3102,91.7869,-0.3648,289,999,central_bank,high,0.014526872972340898,1,0.039627274963306425,1,0.056036678084969926,1,0.06588855522628467,1,0.07219506186665403,1,0.06645332959115091,1
2025-05-19,3233.5,3233.5,3252.89990234375,3209.10009765625,3220.0,185135,valid,,85.50029754638672,88885.63,2026-10-03T13:44:11.057201+00:00,0.014526872972340898,0.0017038413878562864,-0.05599510877703817,0.09491400970560693,0.1922056110217405,0.35548103123035,3216.680029296875,3277.610009765625,3296.2400146484374,3173.4660009765626,2991.036999511719,2809.309998779297,3247.1314245934873,3257.8741519695495,3175.94954721828,2853.437488459793,43.63312409080124,0.1669309658697825,9.106196798730707,33.020666484688206,-23.9144696859575,-2.6728485544057823,-88.800048828125,92.55714634486607,0.31113405809197636,0.25461672873436564,0.21096383332100926,0.1862737143840338,3440.114097113762,3152.365932183113,0.08729587762171859,253015.1,0.7317152217397273,-0.24584294012693186,8266106,-0.01903381257724036,0.018917486119260273,0.15099437278366262,-0.07874865666656308,0.40330703433749154,0.010291180136362243,0.01354563311813405,0.03868767260593157,False,False,False,False,False,False,GOLD,100.06808490033276,1.8916082634480076,90.87301587301587,98.99,-0.3323,4.133,-0.3136,3.57,-0.5017,90.9,12.2084,6740.02,-1.3277,24450.4492,-1.2737,29.49,24.1684,19.88,11.3102,91.7869,-0.3648,286,999,central_bank,high,0.015803339309184983,1,0.019019638162981245,1,0.02068962497100668,1,0.04441011215594548,1,0.05362607154592536,1,0.05405908422085193,1
2025-05-20,3284.60009765625,3284.60009765625,3298.5,3207.39990234375,3233.0,224088,valid,,85.37210083007812,90154.94,2026-10-03T13:44:11.057201+00:00,0.015803339309184983,0.01133076183104409,-0.03942206484684774,0.10846387411597691,0.25438231722598825,0.35873261783113364,3224.0400390625,3263.7900146484376,3289.5000244140624,3181.1700048828125,2997.528000488281,2813.3839990234374,3254.6251592060403,3260.4194801301874,3180.210353117808,2857.727663675678,47.90324715367344,0.4033352051083902,10.707591161371056,28.55805142002478,-17.850460258653722,-4.037628526363701,-138.199951171875,94.63572474888393,0.31800314545426617,0.2562471088964224,0.20525842495460953,0.18644797940796637,3421.1953670069784,3157.8046818211465,0.08007012714118096,243065.6,0.9219239579767728,0.21040321927242278,8490194,-0.001489565806792694,0.03251322394422462,0.16749085755666857,-0.06418980909882671,0.4254839715560863,-0.00015463120457703583,0.02773552181321172,0.0340535147021187,False,False,False,False,False,False,GOLD,99.59369748778148,1.8034153426010942,89.28571428571429,98.99,-0.3323,4.133,-0.3136,3.57,-0.5017,90.9,12.2084,6740.02,-1.3277,24450.4492,-1.2737,29.49,24.1684,19.88,11.3102,91.7869,-0.3648,285,999,central_bank,high,0.008798606066038772,1,0.024721411665857174,1,0.0031357865132042306,1,0.03489004752736835,1,0.03759970660907075,1,0.030018830476800318,1
2025-05-21,3313.5,3313.5,3327.199951171875,3287.0,3293.0,229503,valid,,85.53610229492188,91122.89,2026-10-03T13:44:11.057201+00:00,0.008798606066038772,0.03926855981383959,0.005889287443800795,0.1352267865454997,0.26406742390339066,0.3588271478367848,3249.080029296875,3255.9500244140627,3290.47001953125,3189.0220068359376,3004.124001464844,2817.7294995117186,3266.4001273648328,3265.474767736836,3185.4373980935807,2862.2627117983084,56.048760809936944,0.7755983649800126,14.14562634856702,25.67556640573323,-11.529940057166208,-2.3113860845238032,-78.39990234375,89.84284319196429,0.29182970601301983,0.2542026846542339,0.205491803003341,0.1864508050634291,3422.593104754167,3158.3469343083325,0.08030651210230387,235670.2,0.9738312268585465,0.024164613901681564,8719697,0.006998994165588527,0.03903328133113984,0.1759468041818837,-0.055955983876505196,0.438026243475257,0.00255735921999797,0.01213217177361185,0.03181163769889891,False,False,False,False,False,False,GOLD,99.01980922228566,1.7047207373348499,88.09523809523809,98.99,-0.3323,4.133,-0.3136,3.57,-0.5017,90.9,12.2084,6740.02,-1.3277,24450.4492,-1.2737,29.49,24.1684,19.88,11.3102,91.7869,-0.3648,284,999,central_bank,high,-0.005583220159951718,0,-0.003953552936849292,0,0.0010864939357930758,1,0.018590643626452463,1,0.021789633671910336,1,0.02085411125886516,1
2025-05-22,3295.0,3295.0,3346.800048828125,3277.800048828125,3318.0,234658,valid,,85.60030364990234,90682.15,2026-10-03T13:44:11.057201+00:00,-0.005583220159951718,0.021198754191272373,-0.01600671805921694,0.12434310045754082,0.2481533853138298,0.35825884522959117,3262.760009765625,3254.8500244140623,3287.7900146484376,3195.986005859375,3010.7550024414063,2822.0464990234377,3272.1201018918664,3268.286694619042,3189.733970717362,2866.568555462007,53.43703813831252,0.6562384110869084,15.20225646561721,23.580904417710027,-8.378647952092816,-0.33272837265577726,-11.0,90.85712541852679,0.2861639247538948,0.25467652304582183,0.20565229776351462,0.18646572727451624,3417.0927496288314,3158.487279668044,0.078656321969626,235422.95,0.996750741590822,0.022461580022919092,8485039,0.002192957980721642,0.030980734571135905,0.1675923841581133,-0.06122678945920609,0.4299974263621487,0.001358080579447304,0.020940819423362386,0.028724784345339642,False,False,False,False,False,False,GOLD,99.70647597842736,1.79204457059871,89.68253968253968,98.99,-0.3323,4.133,-0.3136,3.57,-0.5017,90.9,12.2084,6740.02,-1.3277,24450.4492,-1.2737,29.49,24.1684,19.88,11.3102,91.7869,-0.3648,283,999,central_bank,high,0.02148711648805013,1,-3.0378651365681186e-05,0,-0.0018513194707890923,0,0.015660120684749534,1,0.030349013657056112,1,0.025189681335356706,1
2025-05-23,3365.800048828125,3365.800048828125,3366.5,3285.5,3295.10009765625,247200,valid,,85.97489929199219,93036.0,2026-10-03T13:44:11.057201+00:00,0.02148711648805013,0.056036678084969926,0.020434194906591596,0.16226394638297714,0.2667670488626741,0.4065778704455869,3298.480029296875,3257.030029296875,3291.160021972656,3203.476005859375,3018.232001953125,2826.713499755859,3290.8560912791186,3277.5736807341927,3196.638522800137,2871.536033007939,52.92377854267913,0.6327816167129898,21.504722629474145,23.16566806006285,-1.6609454305887041,0.6519153357692931,21.800048828125,89.24285016741071,0.2911710272079675,0.25604980463336086,0.20749678751395492,0.18695398046496403,3425.0586826138874,3157.2613613314247,0.0813686722901638,235720.5,1.0486996251916951,0.0534479966589676,8732239,0.022678941879802156,0.05067122172034299,0.1907114212737285,-0.041055260128461404,0.4607239476399947,3.0378651365696396e-05,0.024065600696683634,0.027371522668774018,False,False,False,False,False,False,GOLD,100.64589180021677,1.914282050465881,92.46031746031747,98.99,-0.3323,4.133,-0.3136,3.57,-0.5017,90.9,12.2084,6740.02,-1.3277,24450.4492,-1.2737,29.49,24.1684,19.88,11.3102,91.7869,-0.3648,282,999,central_bank,high,-0.0194307877876303,0,-0.014469056529020752,0,0.009329105082960254,1,-0.003238500899116148,0,-0.009477730709369303,0,-0.002109482902504012,0
2025-05-27,3300.39990234375,3300.39990234375,3356.0,3283.0,3355.60009765625,297309,valid,,85.158203125,90361.64,2026-10-03T13:44:11.057201+00:00,-0.0194307877876303,0.02068962497100668,-0.014129118355295733,0.15864486654160093,0.2414519098528305,0.4121170508706049,3311.860009765625,3264.27001953125,3288.79501953125,3209.462001953125,3024.8260009765627,2830.8989990234377,3292.764853492045,3279.74760660177,3200.7075965077292,2875.803335190385,41.36568469716838,0.13480948735457843,20.980378478420334,22.72861014373435,-1.748231665314016,2.2428718198187703,72.39990234375,86.42857142857143,0.2951448689371108,0.25709562273243247,0.20981167795827563,0.18648272854000753,3420.1353094507544,3157.4547296117457,0.07987137485885895,239686.2,1.2404093352057763,0.20270631067961165,8434930,0.0035286123773534592,0.028334312833508034,0.16584869452499296,-0.059688311868964075,0.4323409305971008,-0.003030468543555729,0.022118531741604275,0.024718478526875295,False,False,False,False,False,False,GOLD,99.57158967477916,1.739417961967075,88.09523809523809,98.99,-0.3323,4.133,-0.3136,3.57,-0.5017,90.9,12.2084,6740.02,-1.3277,24450.4492,-1.2737,29.49,24.1684,19.88,11.3102,91.7869,-0.3648,278,999,central_bank,high,-0.0016664647202583316,0,-0.0034844262332675013,0,0.023239667186401247,1,0.01302872417656542,1,0.012937885279349581,1,0.026693764471901194,1
2025-05-28,3294.89990234375,3294.89990234375,3324.5,3273.5,3300.89990234375,127758,valid,,85.3604965209961,90425.35,2026-10-03T13:44:11.057201+00:00,-0.0016664647202583316,0.0031357865132042306,-0.011609129523276973,0.13574154335648192,0.2350163135615322,0.4113942610168131,3313.919970703125,3268.9800048828124,3286.860009765625,3215.237998046875,3031.085,2835.0064990234373,3293.191863262386,3281.1906823867203,3204.4014124228675,2879.9734502864385,42.903135458315354,0.2254027528186526,19.891728462883748,22.16123380756423,-2.269505344680482,1.4502079194382622,47.099853515625,84.27143205915179,0.29486378226281346,0.25508731193171985,0.20986073089975674,0.1864905704195947,3416.5508812166245,3157.1691383146253,0.07891475211334475,237566.5,0.5377778432565176,-0.5702854605814153,8307172,0.0024460708865711453,0.024776363163548577,0.16221952347501425,-0.06125530812328056,0.42995398496887943,0.0001514967927507142,0.015478467180052075,0.02227580408113959,False,False,False,False,False,False,GOLD,99.84545158314863,1.7648306679601564,89.28571428571429,98.99,-0.3323,4.133,-0.3136,3.57,-0.5017,90.9,12.2084,6740.02,-1.3277,24450.4492,-1.2737,29.49,24.1684,19.88,11.3102,91.7869,-0.3648,277,999,central_bank,high,0.00673774499088986,1,0.03104799898635968,1,0.03165499769930302,1,0.014810783415123652,1,0.016115845467256307,1,0.026313453483314486,1
2025-05-29,3317.10009765625,3317.10009765625,3328.800048828125,3242.39990234375,3283.699951171875,24370,valid,,85.38590240478516,91061.71,2026-10-03T13:44:11.057201+00:00,0.00673774499088986,0.0010864939357930758,-0.0006025729689238535,0.13575977084921242,0.23948141326425665,0.407638488290367,3314.639990234375,3281.860009765625,3286.760009765625,3220.7639990234375,3037.709001464844,2839.071999511719,3297.9735101411593,3284.610626698104,3208.8209687065296,2884.3229691657402,50.89560153394367,0.6963535105273652,20.583066926204992,21.845600431292382,-1.26253350508739,4.03977188017377,128.800048828125,81.25001743861607,0.295529364228735,0.25508852355766526,0.2099727564065287,0.18639439642236003,3416.3492554229033,3157.1707641083467,0.07885531360501111,228398.9,0.10669928795629005,-0.8092487358912945,8331542,0.009231001898668982,0.02991094617984818,0.1683747711317561,-0.05493028577786569,0.4395886502683035,-0.0033991779731775093,0.026046891544031593,0.02049079372539484,False,False,False,False,False,False,GOLD,99.66349197098958,1.7277382525314215,88.09523809523809,98.99,-0.3323,4.133,-0.3136,3.57,-0.5017,90.9,12.2084,6740.02,-1.3277,24450.4492,-1.2737,29.49,24.1684,19.88,11.3102,91.7869,-0.3648,276,999,central_bank,high,-0.008501460457109866,0,0.01808808846088006,1,0.017485152178850605,1,0.02571517354805475,1,-0.008893310159932666,0,0.030568840058639024,1
2025-05-30,3288.89990234375,3288.89990234375,3318.0,3270.89990234375,3315.10009765625,184770,valid,,85.36129760742188,90261.54,2026-10-03T13:44:11.057201+00:00,-0.008501460457109866,-0.0018513194707890923,0.020700127919627498,0.12402594065063233,0.24184414122398135,0.4047924017329272,3313.419970703125,3288.089990234375,3290.095007324219,3225.717998046875,3044.124001464844,2842.977498779297,3296.158788581678,3285.0191291405467,3211.961319045244,2888.3486102918896,45.482864547181634,0.3774115768272389,18.640560775089853,21.204592500051877,-2.5640317249620246,1.9308189054092484,62.2998046875,79.34287806919643,0.2768274710631495,0.2560383973638789,0.20975708873727783,0.18649088085168236,3416.071323897827,3164.1186907506108,0.07657913603900715,226902.85,0.814313262261797,6.5818629462453835,8146772,-0.00036324330385840054,0.019586927417434244,0.1568504864198763,-0.0629647585825349,0.427350044283547,-0.0006029362820291522,0.014320927682436004,0.01995742012051371,False,False,False,False,False,False,GOLD,99.99088146438689,1.7678625711216707,89.68253968253968,98.99,-0.3323,4.133,-0.3136,3.57,-0.5017,90.9,12.2084,6740.02,-1.3277,24450.4492,-1.2737,29.49,24.1684,19.88,11.3102,91.7869,-0.3648,275,999,central_bank,high,0.032928958631713856,1,0.033537064703465846,1,0.017543919555405685,1,0.04983433711910035,1,0.005716211920808956,1,0.039101250106336805,1
2025-06-02,3397.199951171875,3397.199951171875,3408.10009765625,3319.39990234375,3323.0,180995,valid,,85.52429962158203,93411.79,2026-10-03T13:44:11.057201+00:00,0.032928958631713856,0.009329105082960254,0.04745163877124403,0.16080087398770404,0.2773348723237108,0.44999790549030383,3319.699951171875,3309.089990234375,3297.790002441406,3232.78599609375,3051.442001953125,2847.5649987792967,3316.367021099718,3295.7030169530544,3219.2255791286416,2893.4118077135813,64.04846317726924,0.9999999999595028,25.545546337855285,22.07278326761256,3.472763070242724,6.588855522628467,210.0,78.3714599609375,0.2986068502339106,0.26368451266019677,0.21450336974368378,0.18913248107124758,3430.359821553165,3165.220183329647,0.08039918794924798,225402.9,0.8029843449219118,-0.020430805866753277,8327767,0.030144414488746687,0.05085828609649369,0.19301928230892165,-0.03210916388145059,0.47435119484472055,0.010368238216048799,0.026109795298294547,0.02010773568871618,False,False,False,False,False,False,GOLD,98.29007835169868,1.5051691604991921,84.52380952380952,98.99,-0.3323,4.133,-0.3136,3.57,-0.5017,90.9,12.2084,6740.02,-1.3277,24450.4492,-1.2737,29.49,24.1684,19.88,11.3102,91.7869,-0.3648,272,999,central_bank,high,-0.00591659419655044,0,-0.0065053143274659275,0,-0.012451445141912654,0,0.005916666061800857,1,-0.013952638356596991,0,0.010538104716437235,1
2025-06-03,3377.10009765625,3377.10009765625,3417.800048828125,3357.199951171875,3406.5,168220,valid,,85.36370086669922,92684.74,2026-10-03T13:44:11.057201+00:00,-0.00591659419655044,0.023239667186401247,0.016494611571117535,0.15888266857146793,0.2573907350734299,0.45382936830331655,3335.039990234375,3323.45,3300.5300048828126,3239.9,3058.48900390625,2851.9884997558593,3328.5136364110244,3303.4551198771683,3225.4167367179593,2898.224626518981,60.73028146442055,0.8656231507764041,29.060910856292594,23.47040878534857,5.590502070944023,4.441011215594548,143.60009765625,79.10719517299107,0.28836106561958,0.2638897697273064,0.21451885469179247,0.1890103645532249,3437.4274248141505,3163.6325849514747,0.08295481012368926,224568.7,0.749080348240869,-0.07058206027790825,8159547,0.023199332428469433,0.04234701615982208,0.18412121856212188,-0.03783578118532228,0.46562805712162764,0.0027375629818062906,0.017944418555520248,0.018713542048456367,False,False,False,False,False,False,GOLD,97.87845285502976,1.4335899752435994,83.33333333333334,98.99,-0.3323,4.133,-0.3136,3.57,-0.5017,90.9,12.2084,6740.02,-1.3277,24450.4492,-1.2737,29.49,24.1684,19.88,11.3102,91.7869,-0.3648,271,999,central_bank,high,0.006544032713440284,1,-0.009031417227214344,0,-0.009979033590354125,0,0.008824080964666026,1,-0.005152392875902856,0,0.02117201087691245,1
2025-06-04,3399.199951171875,3399.199951171875,3409.699951171875,3366.89990234375,3377.800048828125,167220,valid,,85.70880126953125,93668.42,2026-10-03T13:44:11.057201+00:00,0.006544032713440284,0.03165499769930302,-0.0068949682480956564,0.1723805151625024,0.2504414630978882,0.4346852999277768,3355.9,3334.9099853515627,3299.35,3247.5719970703126,3065.5730029296874,2856.295499267578,3342.6508993631946,3312.573675238569,3232.23176473576,2903.209455620005,68.66038609691651,0.9999999999658762,33.24688663288134,25.425704354855124,7.8211822780262175,3.489004752736835,114.599853515625,75.69290597098214,0.26799975898530926,0.2635250079614176,0.2141118710145761,0.1881716895055888,3432.1555471631164,3166.5444528368835,0.0805040672635981,219524.8,0.761736259411234,-0.0059445963619070286,8326767,0.030263521957914385,0.04668963589977428,0.1900729290941082,-0.03153934706169914,0.4752191750731647,0.00020726396956979973,0.012591212474381533,0.015943604322361797,False,False,False,False,False,False,GOLD,98.47330026660399,1.511774756493943,84.52380952380952,98.99,-0.3323,4.133,-0.3136,3.57,-0.5017,90.9,12.2084,6740.02,-1.3277,24450.4492,-1.2737,29.49,24.1684,19.88,11.3102,91.7869,-0.3648,270,999,central_bank,high,-0.007089860514771007,0,-0.013032492781971383,0,-0.01632737138068807,0,0.002618306252124558,1,-0.01656273524266072,0,0.022093462795667262,1
2025-06-05,3375.10009765625,3375.10009765625,3427.699951171875,3362.300048828125,3398.0,224859,valid,,85.9041976928711,93216.35,2026-10-03T13:44:11.057201+00:00,-0.007089860514771007,0.017485152178850605,-0.0049529187685909415,0.15550008918417468,0.22432624421874148,0.43780362872401835,3367.5,3341.0699951171873,3298.510009765625,3254.5560009765627,3072.17400390625,2860.4644995117187,3349.140739021806,3318.5285726116817,3237.834444458132,2907.9048848939974,63.47793562385442,0.8231549070389744,34.22511994796105,27.18558747347631,7.039532474484737,1.8590643626452463,61.60009765625,71.72147042410714,0.2672413229702577,0.26411352896920676,0.21376943053316783,0.18806050262290402,3429.0439090903574,3167.9761104408926,0.07914719005746954,215555.55,1.0431603361639215,0.3446896304269824,8101908,0.023219601475771744,0.03703856889956104,0.1799132966803817,-0.038405598005073725,0.4647600768931835,-0.00035300988147548174,0.019377174143411592,0.01350537793046423,False,False,False,False,False,False,GOLD,94.56976030386848,0.9172828345024207,82.53968253968253,98.99,-0.3323,4.133,-0.3136,3.57,-0.5017,90.9,12.2084,6740.02,-1.3277,24450.4492,-1.2737,29.49,24.1684,19.88,11.3102,91.7869,-0.3648,269,999,central_bank,high,-0.008444194001769323,0,-0.009392371898692242,0,0.008088591122514366,1,0.0031406041921500094,1,-0.008473851686979783,0,0.041776538745595726,1
2025-06-06,3346.60009765625,3346.60009765625,3398.300048828125,3328.800048828125,3377.39990234375,185366,valid,,85.87750244140625,92400.49,2026-10-03T13:44:11.057201+00:00,-0.008444194001769323,0.017543919555405685,0.012280731293481617,0.1356726083220734,0.2351813014982742,0.4087981888681331,3379.0400390625,3346.2300048828124,3300.5400146484376,3261.0380029296875,3078.85400390625,2864.4444995117187,3348.6326107486952,3321.2020511873548,3242.099764191392,2912.2700113891447,64.75926614978201,0.857074093214752,32.32800793045362,28.214071564871773,4.11393636558185,1.5660120684749534,51.60009765625,69.58574567522321,0.2524262250175262,0.2647265343474469,0.21250403718645194,0.18802870142671785,3432.8155308214687,3168.2644984754065,0.08015386305630386,208467.55,0.8891839521306751,-0.17563450873658604,7916542,0.013955317252139,0.026237687095234094,0.16832429402159915,-0.04652548768653185,0.4523913586378545,0.0006814034016639559,0.020767345357054372,0.01211332455593884,False,False,False,False,False,False,GOLD,92.8965983570963,0.6589337190130083,82.14285714285714,98.99,-0.3323,4.133,-0.3136,3.57,-0.5017,90.9,12.2084,6740.02,-1.3277,24450.4492,-1.2737,29.49,24.1684,19.88,11.3102,91.7869,-0.3648,268,999,central_bank,high,0.0024800706523950833,1,-0.0008665948723320938,0,0.031733684358119296,1,0.014462409888067018,1,-0.0011354953437030524,0,0.07338787018133064,1
2025-06-09,3354.89990234375,3354.89990234375,3359.0,3313.10009765625,3333.39990234375,142005,valid,,85.7853012084961,92530.2,2026-10-03T13:44:11.057201+00:00,0.0024800706523950833,-0.012451445141912654,0.003259540174566311,0.12155245130225878,0.25379319871566586,0.40319546588086386,3370.580029296875,3345.139990234375,3301.085009765625,3266.9160009765624,3085.580002441406,2868.4814990234377,3349.8860690677066,3324.4113703451067,3246.5232990208965,2916.674288911081,62.09162373941733,0.7593392848650421,31.1353489410335,28.79832704010412,2.337021900929379,-0.3238500899116148,-10.900146484375,68.17145647321429,0.24933736408605567,0.26337169185846343,0.2114823314720799,0.18796332425425274,3434.2016143840706,3167.968405147179,0.08065021302063144,203944.6,0.6962920322479699,-0.23392099953605294,8058547,0.016302183197011853,0.026931791739016282,0.1695734846070096,-0.04416080353073715,0.4559933918222035,-0.003944359925687162,0.013681452108800746,0.010459102339588168,False,False,False,False,False,False,GOLD,91.44406692564787,0.43311471408764946,80.55555555555556,98.99,-0.3323,4.133,-0.3136,3.57,-0.5017,90.9,12.2084,6740.02,-1.3277,24450.4492,-1.2737,29.49,24.1684,19.88,11.3102,91.7869,-0.3648,265,999,central_bank,high,-0.003427822091492505,0,0.014158395595295081,1,0.018599704402739947,1,-0.006259501210551521,0,-0.011326716476236176,0,0.0836388881409611,1
2025-06-10,3343.39990234375,3343.39990234375,3370.39990234375,3321.300048828125,3346.300048828125,158897,valid,,85.75599670410156,92181.52,2026-10-03T13:44:11.057201+00:00,-0.003427822091492505,-0.009979033590354125,0.03574965995779111,0.11405810987604958,0.25220970125234077,0.4380214633736559,3363.839990234375,3349.439990234375,3306.8550048828124,3272.0539990234374,3091.8360009765624,2872.614998779297,3348.588835722915,3326.219801964025,3250.322381504146,2920.9203149153864,56.35811171125508,0.549279759245718,28.928731796148895,28.824407991313077,0.10432380483581838,1.302872417656542,43.0,65.17143903459821,0.21327157580631326,0.2635965425547173,0.21154247826412467,0.1857642934470438,3436.5943542096675,3177.1156555559573,0.07846691139178841,196462.75,0.8087894524534508,0.11895355797331075,7899650,0.011051254865110606,0.021804622827613588,0.16388722601683373,-0.04743725024430797,0.4508135831387716,-0.002563371118647843,0.014685605954941533,0.010635828708741022,False,False,False,False,False,False,GOLD,91.4947161897389,0.43502780423627,80.55555555555556,98.99,-0.3323,4.133,-0.3136,3.57,-0.5017,90.9,12.2084,6740.02,-1.3277,24450.4492,-1.2737,29.49,24.1684,19.88,11.3102,91.7869,-0.3648,264,999,central_bank,high,8.974362531821711e-05,1,0.03272122679900913,1,0.018992642775243818,1,-8.967060365405732e-05,0,-0.006699737691577834,0,0.07875218535585571,1
2025-06-11,3343.699951171875,3343.699951171875,3382.300048828125,3335.39990234375,3344.300048828125,201534,valid,,85.65280151367188,92078.86,2026-10-03T13:44:11.057201+00:00,8.974362531821711e-05,-0.01632737138068807,0.029527649763523067,0.11230492749687193,0.25608563154465624,0.4369144611825848,3352.739990234375,3354.3199951171873,3311.65,3276.4719970703127,3097.7640014648437,2876.6019982910157,3347.611058812707,3327.8845780790584,3253.984246981312,2925.127077465202,53.48086073911905,0.443865491110249,26.894164061560332,28.438359205362527,-1.5441951438021952,1.4810783415123652,48.800048828125,65.47860281808036,0.21273723275310974,0.26362326564954924,0.21143648581798918,0.1857686006706519,3439.270854422518,3184.0291455774823,0.07707387823138272,195818.3,1.0291887938971944,0.26833105722575,8101184,0.009677940353559473,0.02051839727659943,0.1623783732188878,-0.0473517638098018,0.4508179034200296,0.00026923087595465947,0.01402642197842057,0.010736549239893216,False,False,False,False,False,False,GOLD,92.45423649896777,0.575441972844731,81.74603174603175,98.99,-0.3323,4.133,-0.3136,3.57,-0.5017,90.9,12.2084,6740.02,-1.3277,24450.4492,-1.2737,29.49,24.1684,19.88,11.3102,91.7869,-0.3648,263,999,central_bank,high,0.017555388350950052,1,0.022011573625335457,1,0.01926014517594643,1,0.001286015160127718,1,-0.005383258146022141,0,0.09259206931762631,1
2025-06-12,3402.39990234375,3402.39990234375,3419.800048828125,3358.5,3377.5,230166,valid,,85.46980285644531,93495.16,2026-10-03T13:44:11.057201+00:00,0.017555388350950052,0.008088591122514366,0.06715172669972458,0.1189160246346943,0.2823276070290195,0.4623913691790995,3358.199951171875,3362.8499755859375,3322.3549926757814,3281.5999951171875,3104.3010009765626,2880.837998046875,3358.568827518916,3334.9812756280767,3259.804468760231,2929.876060797327,61.329103622758446,0.7314027229124727,29.6762604990372,28.685939464097462,0.9903210349397362,2.571517354805475,85.2998046875,65.98575265066964,0.20633317176401486,0.2648466222392423,0.2124906408338751,0.18645224161324045,3442.0845464774147,3202.625438874148,0.07207511182010604,195630.15,1.17653643878512,0.14207032064068592,8331350,0.024092822664768088,0.036811283339306514,0.18104520443367453,-0.03062765406164028,0.47628757514107173,0.010108577121660961,0.018016708966479902,0.01241924598342953,False,False,False,False,False,False,GOLD,93.95520350954351,0.7989815065266355,82.14285714285714,98.99,-0.3323,4.133,-0.3136,3.57,-0.5017,90.9,12.2084,6740.02,-1.3277,24450.4492,-1.2737,29.49,24.1684,19.88,11.3102,91.7869,-0.3648,262,999,central_bank,high,0.014813116603270782,1,0.0013225958526803527,1,-0.004908285813308155,0,-0.033740832348490235,0,-0.011286122574039048,0,0.0808253021082459,1
2025-06-13,3452.800048828125,3452.800048828125,3468.0,3399.60009765625,3406.699951171875,270627,valid,,85.68840026855469,95122.78,2026-10-03T13:44:11.057201+00:00,0.014813116603270782,0.031733684358119296,0.07010473697567376,0.1353413469238176,0.32387558741743017,0.46628162783775373,3379.43994140625,3379.239990234375,3333.664990234375,3287.3319970703124,3111.237001953125,2885.3374987792968,3377.415071780758,3346.202111170938,3267.3729228805405,2935.0792845588276,59.5899450253129,0.6676849129276425,35.53829918813244,30.05641140890446,5.481887779227982,4.983433711910035,163.900146484375,65.08574567522321,0.2081269815580193,0.2661076660315154,0.21140646511673056,0.18662444652068613,3457.9572016287398,3209.3727788400106,0.074567907548256,196508.3,1.3771784703241474,0.1757905164098954,8601977,0.03573696185510777,0.050335059527065816,0.1966711174303556,-0.01626822846927346,0.4981559951315898,0.0012638281658665811,0.019809980704485048,0.01409440640779238,False,False,True,False,False,False,GOLD,95.16827587945933,0.9784819339401477,82.53968253968253,98.99,-0.3323,4.133,-0.3136,3.57,-0.5017,90.9,12.2084,6740.02,-1.3277,24450.4492,-1.2737,29.49,24.1684,19.88,11.3102,91.7869,-0.3648,261,999,central_bank,high,-0.010281510512619607,0,-0.012946000503865296,0,-0.016740050976233656,0,-0.04202389237844706,0,-0.027137381211424838,0,0.06643880302932925,1
2025-06-16,3417.300048828125,3417.300048828125,3476.300048828125,3400.89990234375,3473.0,192505,valid,,86.24919891357422,94760.91,2026-10-03T13:44:11.057201+00:00,-0.010281510512619607,0.018599704402739947,0.07219506186665403,0.12270845456612656,0.29193600342614623,0.47424505989133947,3391.919970703125,3381.25,3345.1699951171877,3293.2439990234375,3117.701003417969,2889.734998779297,3385.3920671902315,3352.9733433287656,3273.2524180157397,2939.8775011187213,63.79515694550483,0.8111122487222487,36.89416084838558,31.423961296800687,5.470199551584894,0.5916666061800857,20.10009765625,64.55718122209821,0.2063029421375736,0.2673339824479114,0.21149816387581497,0.18620538988895455,3454.016718080704,3236.3232721536715,0.06507694563945204,193859.25,0.993014261635692,-0.28867038396021094,8409472,0.02156244789239445,0.03766986285906444,0.18256520070923582,-0.026382477019861645,0.4827526885181047,0.005850310150083838,0.022064245283410062,0.01576743056667903,False,False,False,False,False,False,GOLD,93.93605917697118,0.781797579833526,81.34920634920636,98.99,-0.3323,4.133,-0.3136,3.57,-0.5017,90.9,12.2084,6740.02,-1.3277,24450.4492,-1.2737,29.49,24.1684,19.88,11.3102,91.7869,-0.3648,258,999,central_bank,high,-0.0030433811300654146,0,-0.009247094842340986,0,-0.024405274717675174,0,-0.01975243585155695,0,-0.023585900127174875,0,0.0774587971175218,1
2025-06-17,3406.89990234375,3406.89990234375,3422.699951171875,3384.39990234375,3404.199951171875,209083,valid,,86.10420227050781,94313.7,2026-10-03T13:44:11.057201+00:00,-0.0030433811300654146,0.018992642775243818,0.05362607154592536,0.1275898631296577,0.29628641870443095,0.45030001307432177,3404.619970703125,3384.22998046875,3353.839990234375,3300.6739990234373,3124.120002441406,2893.967998046875,3389.6936342209356,3358.109206092098,3278.493495832525,2944.5244901856368,63.06579263659283,0.7586198572147894,36.70635803246978,32.48044064393451,4.225917388535272,0.8824080964666026,29.7998046875,63.65004185267857,0.2033335219096496,0.26682960912724707,0.21126503710385583,0.18588479007612477,3452.3693452559455,3255.3106352128043,0.05875614537869217,195056.65,1.0719091094817785,0.08611724370795559,8200389,0.01582064507068249,0.032183094529089906,0.17724173337192153,-0.029345566217199522,0.4782401069653163,-0.003833464275616801,0.011241906109940459,0.016107616573660888,False,False,False,False,False,False,GOLD,91.85494441186151,0.4541419459531122,79.76190476190477,98.99,-0.3323,4.133,-0.3136,3.57,-0.5017,90.9,12.2084,6740.02,-1.3277,24450.4492,-1.2737,29.49,24.1684,19.88,11.3102,91.7869,-0.3648,257,999,central_bank,high,0.00035228370275119936,1,-0.0034928828802875955,0,-0.01872664490189735,0,-0.013854223054632242,0,-0.01403029324536842,0,0.07828236900327656,1
2025-06-18,3408.10009765625,3408.10009765625,3419.0,3380.10009765625,3409.0,0,valid,,86.36270141601562,94630.17,2026-10-03T13:44:11.057201+00:00,0.00035228370275119936,0.01926014517594643,0.03759970660907075,0.1301565152173374,0.29315124175915397,0.46333194403445677,3417.5,3385.1199951171875,3360.014990234375,3309.3639990234374,3130.4120043945313,2898.370498046875,3393.3749269079985,3362.870243383922,3283.5761076687495,2949.137182797285,61.16290213413356,0.676519167618022,36.23665507589794,33.231683530327196,3.004971545570747,0.2618306252124558,8.900146484375,60.257167271205354,0.19743109777267964,0.2667224945461428,0.21128151011306173,0.1856120267232237,3455.712479161221,3264.3175013075293,0.056962536896385724,183852.25,0.0,-1.0,8200389,0.014310980028843996,0.02983536977555775,0.17586764699429921,-0.02900362047917485,0.4787608668637531,0.000616424819174945,0.011413955350222854,0.015305355115323986,False,False,False,False,False,False,GOLD,92.44561365970824,0.5398388414278124,80.15873015873017,98.99,-0.3323,4.133,-0.3136,3.57,-0.5017,90.9,12.2084,6740.02,-1.3277,24450.4492,-1.2737,29.49,24.1684,19.88,11.3102,91.7869,-0.3648,256,999,central_bank,high,-0.006572619888652764,0,-0.021771718314120947,0,-0.017634487231634077,0,-0.019130950806679148,0,-0.018426703156785962,0,0.08165834239401804,1
2025-06-20,3385.699951171875,3385.699951171875,3405.199951171875,3356.199951171875,3387.10009765625,280833,valid,,86.58380126953125,94248.88,2026-10-03T13:44:11.057201+00:00,-0.006572619888652764,-0.004908285813308155,0.021789633671910336,0.1189067915133073,0.27574515835425717,0.4426264826167998,3414.160009765625,3386.17998046875,3363.6249877929686,3317.2739990234377,3136.8850048828126,2902.683997802734,3391.839931760774,3365.044501268489,3287.5809642767153,2953.481090940316,62.0457985396528,0.5642427940324132,33.66879457754112,33.31910573976998,0.34968883777114,0.31406041921500094,10.599853515625,60.600027901785715,0.19786722221113065,0.26730972490766935,0.21154917530176,0.18568877229697012,3457.3614333727655,3269.8885422131716,0.05573537235568817,186418.75,1.5064632715324962,inf,7919556,0.006562849146088751,0.020627163197420653,0.16640321637994576,-0.03538561059502141,0.46904153377964575,-0.0061617908506958275,0.0144726351143507,0.013972613894167934,False,False,False,False,False,False,GOLD,94.1099562867832,0.7925733506402335,81.74603174603175,98.99,-0.3323,4.133,-0.3136,3.57,-0.5017,90.9,12.2084,6740.02,-1.3277,24450.4492,-1.2737,29.49,24.1684,19.88,11.3102,91.7869,-0.3648,254,999,central_bank,high,0.002746861494594688,1,-0.012582288486869597,0,-0.02897476295312884,0,-0.01157809366961382,0,-0.008092832424286822,0,0.0984434691895133,1
2025-06-23,3395.0,3395.0,3413.800048828125,3361.39990234375,3400.699951171875,193872,valid,,86.5802993774414,94503.94,2026-10-03T13:44:11.057201+00:00,0.002746861494594688,-0.016740050976233656,0.030349013657056112,0.1232423490488006,0.28994267486263325,0.4330941325453779,3402.6,3391.019970703125,3368.6249877929686,3323.5860009765624,3143.1600048828127,2907.0289978027345,3392.4719454086194,3367.8974059095854,3291.79347548155,2957.874313916034,49.636732031518974,0.0,32.015132332040594,33.058311058224106,-1.0431787261835126,1.4462409888067018,48.39990234375,55.82859584263393,0.19630996466359116,0.26723337971300315,0.21100305027095595,0.18552383890685128,3457.490324453017,3279.75965113292,0.052760599343677085,184379.45,1.0514837743577115,-0.3096537800044866,8113428,0.007829607719054471,0.021487032079937945,0.1678590074491615,-0.03273594847163373,0.47307678740274417,0.004430398504393071,0.015434505591858487,0.013551322819135373,False,False,False,False,False,False,GOLD,93.90645344423102,0.7547991675804793,80.55555555555556,98.99,-0.3323,4.133,-0.3136,3.57,-0.5017,90.9,12.2084,6740.02,-1.3277,24450.4492,-1.2737,29.49,24.1684,19.88,11.3102,91.7869,-0.3648,251,999,central_bank,high,-0.01799708325662741,0,-0.013843888070692145,0,-0.025714300096649434,0,-0.015375537900405023,0,0.00335785046944026,1,0.09723125115058906,1
2025-06-24,3333.89990234375,3333.89990234375,3385.0,3308.300048828125,3383.800048828125,227429,valid,,86.23300170898438,92430.89,2026-10-03T13:44:11.057201+00:00,-0.01799708325662741,-0.024405274717675174,-0.009477730709369303,0.08915383938051291,0.2734042924211688,0.4301218137328058,3385.919970703125,3388.919970703125,3367.02998046875,3326.7139990234373,3148.801003417969,2910.982996826172,3380.757536795646,3364.6595484271247,3293.444707907519,2961.6158620595934,43.71725443578568,0.0,25.480601331425532,31.54276911286439,-6.062167781438859,-0.6259501210551521,-21.0,57.69287109375,0.19317962713039283,0.2694113401402517,0.21275936993065325,0.1857277221624407,3457.243701674629,3276.8162592628714,0.053586526837692494,183390.9,1.2401324166029981,0.17308842947924408,7885999,-0.009839555429315795,0.0021600604447571965,0.14528319333315812,-0.05014388013812734,0.44656570181645955,-0.0032989546898002063,0.023006074992812924,0.012118860069466629,False,False,False,False,False,False,GOLD,93.38393552845594,0.6664663296428868,80.15873015873017,98.99,-0.3323,4.133,-0.3136,3.57,-0.5017,90.9,12.2084,6740.02,-1.3277,24450.4492,-1.2737,29.49,24.1684,19.88,11.3102,91.7869,-0.3648,250,999,central_bank,high,0.0027595895443748297,1,-0.013887580924355603,0,0.004769233315372601,1,-0.0050991332967281755,0,0.03293441676246345,1,0.115150471738666,1
2025-06-25,3343.10009765625,3343.10009765625,3351.300048828125,3325.5,3338.10009765625,130010,valid,,85.90480041503906,92333.2,2026-10-03T13:44:11.057201+00:00,0.0027595895443748297,-0.01872664490189735,0.012937885279349581,0.08313627009760238,0.2658463073291366,0.4259939587585193,3373.160009765625,3388.889990234375,3369.164990234375,3328.6839990234375,3154.0020043945315,2915.0754968261717,3373.226048967767,3362.6062674013274,3295.391978093744,2965.411725100356,41.52315716236686,0.0,20.804496027308687,29.395114495753255,-8.590618468444568,-0.008967060365405732,-0.2998046875,56.478585379464285,0.17978969523937205,0.26905555890000604,0.21254038134796527,0.18568491599967202,3454.6356441604257,3283.6943363083246,0.05073699517462897,175025.95,0.7428041384720337,-0.4283490671814061,8016009,-0.007736306370767627,0.004330870288990333,0.14683139469147508,-0.04752266712109688,0.45055762940244226,0.0012598444571014203,0.007717402433210105,0.012161259892138069,False,False,False,False,False,False,GOLD,92.64514846564423,0.5437865516555875,79.36507936507937,98.99,-0.3323,4.133,-0.3136,3.57,-0.5017,90.9,12.2084,6740.02,-1.3277,24450.4492,-1.2737,29.49,24.1684,19.88,11.3102,91.7869,-0.3648,249,999,central_bank,high,0.0014656762288347558,1,-0.010589017812895563,0,0.004965407265927313,1,-0.0066106598697848185,0,0.016302233976843272,1,0.10026620244092421,1
2025-06-26,3348.0,3348.0,3363.89990234375,3322.5,3347.5,155584,valid,,86.006103515625,92577.57,2026-10-03T13:44:11.057201+00:00,0.0014656762288347558,-0.017634487231634077,0.016115845467256307,0.07211475203363871,0.25440239790183594,0.436416650876295,3361.139990234375,3389.3199951171873,3371.8199951171873,3331.117998046875,3159.357004394531,2919.1519970703125,3368.180839174214,3361.2151943154863,3297.4550377763426,2969.2185736068204,45.65286521931879,0.1777280378143727,17.29466788737591,26.97502517407779,-9.68035728670188,0.1286015160127718,4.300048828125,54.76429966517857,0.1795857765779153,0.26820009310339316,0.21217443275176345,0.1855410763209434,3450.615570408082,3293.0244198262926,0.046737711624568974,176417.25,0.881909223729534,0.1967079455426506,8171593,-0.0070644326066262595,0.005067968760943994,0.14690841838997637,-0.046126643735792734,0.45268367723841174,0.0013161144492303198,0.012365562229312316,0.01221871968935496,False,False,False,False,False,False,GOLD,91.51041748092038,0.3583256323375632,76.5873015873016,98.99,-0.3323,4.133,-0.3136,3.57,-0.5017,90.9,12.2084,6740.02,-1.3277,24450.4492,-1.2737,29.49,24.1684,19.88,11.3102,91.7869,-0.3648,248,999,central_bank,high,-0.018040592097894215,0,0.0005376489928687889,1,-0.0015233266595728878,0,-0.006660707535282251,0,0.007616487455197163,1,0.10686978758307197,1
2025-06-27,3287.60009765625,3287.60009765625,3341.39990234375,3266.5,3341.300048828125,218869,valid,,85.66639709472656,90548.35,2026-10-03T13:44:11.057201+00:00,-0.018040592097894215,-0.02897476295312884,-0.008893310159932666,0.04500956696002856,0.23840741256087772,0.42123472551118657,3341.52001953125,3377.8400146484373,3370.3449951171874,3332.062001953125,3163.6620043945313,2922.8744970703124,3352.0646908706212,3354.2042327288927,3297.068569536339,2972.3865489704967,41.414450030837266,0.0,9.529486475250906,23.485917434312412,-13.956430959061507,-3.3740832348490235,-114.7998046875,55.62144252232143,0.1900622933420484,0.27078156301483575,0.21389223693885465,0.18634991878237472,3454.383506597223,3286.306483637152,0.04986938227496715,186142.2,1.17581612337234,0.40675776429452903,7952724,-0.02455086870358677,-0.013343660553375068,0.12478318892972949,-0.06333508386919953,0.42517774755811844,-0.002001180158862903,0.022782546574665153,0.01148927995385761,False,False,False,False,False,False,GOLD,91.22846551355458,0.3076703271976327,74.60317460317461,98.99,-0.3323,4.133,-0.3136,3.57,-0.5017,90.9,12.2084,6740.02,-1.3277,24450.4492,-1.2737,29.49,24.1684,19.88,11.3102,91.7869,-0.3648,247,999,central_bank,high,0.006113837729216032,1,0.021930846627917333,1,0.01791577460584093,1,0.023238806446749916,1,0.014600315906493355,1,0.14828445842532423,1
2025-06-30,3307.699951171875,3307.699951171875,3321.60009765625,3250.5,3284.300048828125,144201,valid,,85.4552993774414,90877.46,2026-10-03T13:44:11.057201+00:00,0.006113837729216032,-0.025714300096649434,0.005716211920808956,0.04469079722764446,0.24941454755043235,0.4156037888082331,3324.060009765625,3363.3300048828123,3371.2849975585937,3331.2880029296875,3167.9810034179686,2926.700997314453,3343.1917429308724,3349.7752535329864,3297.485486463223,2975.723000733695,43.35961355232218,0.08691251481977129,4.940463866140362,19.776826720678002,-14.83636285453764,-4.202389237844706,-145.10009765625,57.421456473214285,0.18885474390264867,0.27075544692819553,0.21387219014637385,0.1862063019439292,3451.8359497346046,3290.7340453825827,0.04778649816572622,184113.75,0.7832168971627552,-0.34115384088198875,8096925,-0.0188607745808339,-0.007080760275623435,0.13018034784110064,-0.057608466565327844,0.42119966054845887,-0.0010037865707804975,0.02149532868936273,0.01200646554537432,False,False,False,False,False,False,GOLD,92.25984160641765,0.46668040239263947,78.17460317460318,98.99,-0.3323,4.133,-0.3136,3.57,-0.5017,90.9,12.2084,6740.02,-1.3277,24450.4492,-1.2737,29.49,24.1684,19.88,11.3102,91.7869,-0.3648,244,999,central_bank,high,0.01272790708883198,1,0.010641821111798233,1,0.010611632909392155,1,0.015539543260616684,1,0.0006953619923446563,1,0.1535810404507889,1
2025-07-01,3349.800048828125,3349.800048828125,3370.5,3313.699951171875,3315.699951171875,168854,valid,,85.71399688720703,92312.75,2026-10-03T13:44:11.057201+00:00,0.01272790708883198,0.004769233315372601,-0.013952638356596991,0.07306919345999985,0.25677203104966173,0.43178317191210014,3327.2400390625,3356.5800048828123,3368.915002441406,3331.716005859375,3172.54900390625,2930.5469970703125,3344.513404110323,3349.7776149896663,3299.537037928513,2979.445160416227,50.8290329456396,0.420656190632284,4.647186548205809,16.750898686183564,-12.103712137977755,-1.9752435851556949,-67.5,58.40004185267857,0.15281090245441123,0.27001147187592817,0.21432908904740855,0.1865474830862077,3449.0436439758755,3288.786360906937,0.047569405269279545,183506.7,0.9201516892843644,0.17096275337896416,8265779,-0.005673919822679748,0.005427846472190558,0.14306307053829867,-0.04561379468647298,0.43928855778259385,0.002418599062216416,0.01695625052246884,0.011165116269393744,False,False,False,False,False,False,GOLD,92.83853391547902,0.5534124032324974,79.36507936507937,98.99,-0.3323,4.133,-0.3136,3.57,-0.5017,90.9,12.2084,6740.02,-1.3277,24450.4492,-1.2737,29.49,24.1684,19.88,11.3102,91.7869,-0.3648,243,999,central_bank,high,0.002955371126468709,1,-0.0009851480028724158,0,-0.009821525465642189,0,-0.003910710330556233,0,-0.007701966819527284,0,0.12487313951006151,1
2025-07-02,3359.699951171875,3359.699951171875,3371.0,3337.199951171875,3350.0,132187,valid,,85.6427993774414,92508.66,2026-10-03T13:44:11.057201+00:00,0.002955371126468709,0.004965407265927313,-0.005152392875902856,0.10683931582712392,0.2571845808800355,0.43644452154844604,3330.560009765625,3351.860009765625,3368.0449951171877,3330.40400390625,3177.37900390625,2934.2919970703124,3347.5507135226335,3350.7225993879715,3301.8963678596256,2983.2287901749896,52.02224169639221,0.4739703578410645,5.154187280399583,14.43155640502677,-9.277369124627187,-1.3854223054632242,-47.199951171875,57.464320591517854,0.1520047378325745,0.26318806483267243,0.21433166671640957,0.18654445972123362,3448.1772927040342,3287.912697530341,0.04758386405347571,181705.05,0.7274811569628873,-0.21715209589349382,8397966,-0.0024777115381203058,0.008796514546359732,0.1449780575778273,-0.04279322925179022,0.44354218962892,5.9690479718301425e-05,0.010060436741181416,0.011302229749536952,False,False,False,False,False,False,GOLD,92.23357140816138,0.4501205089551398,77.38095238095238,98.99,-0.3323,4.133,-0.3136,3.57,-0.5017,90.9,12.2084,6740.02,-1.3277,24450.4492,-1.2737,29.49,24.1684,19.88,11.3102,91.7869,-0.3648,242,999,central_bank,high,-0.005000461074586515,0,-0.005030182036897424,0,-0.011518871248718643,0,-0.0001785437760344344,0,-0.01901952652690353,0,0.12245145473210406,1
2025-07-03,3342.89990234375,3342.89990234375,3376.89990234375,3321.39990234375,3369.0,0,valid,,85.69409942626953,92101.21,2026-10-03T13:44:11.057201+00:00,-0.005000461074586515,-0.0015233266595728878,-0.01656273524266072,0.12419282773718532,0.24234422539111455,0.43263051437776356,3329.539990234375,3345.339990234375,3365.2299926757814,3328.87400390625,3181.932001953125,2937.9619970703125,3346.620551286857,3349.9775806218554,3303.504349604101,2986.8076072114945,41.588933417451365,0.007796151715473859,4.152498064001065,12.37574473682163,-8.223246672820565,-1.9130950806679148,-65.2001953125,55.992885044642854,0.150714882526771,0.259514173128831,0.2144499579311263,0.18661826337996826,3444.706952504946,3285.753032846617,0.04723419201785181,173344.05,0.0,-1.0,8397966,-0.006635531711242584,0.004213406221153816,0.1378295245742107,-0.04757970444924583,0.43121975092139214,0.002768118868733603,0.01660235173690712,0.01092140727671242,False,False,False,False,False,False,GOLD,90.87918296537919,0.22511257009167993,71.03174603174604,98.99,-0.3323,4.133,-0.3136,3.57,-0.5017,90.9,12.2084,6740.02,-1.3277,24450.4492,-1.2737,29.49,24.1684,19.88,11.3102,91.7869,-0.3648,241,999,central_bank,high,0.0010769385148881039,1,-0.007777678291166046,0,-0.005145218724561862,0,0.0007179833541208769,1,-0.014867316588519364,0,0.13942986965582227,1
2025-07-04,3346.5,3346.5,3355.0,3332.800048828125,3335.0,0,valid,,85.31909942626953,91796.93,2026-10-03T13:44:11.057201+00:00,0.0010769385148881039,0.01791577460584093,-0.008473851686979783,0.11915592757885274,0.2325966850828729,0.4123829399544279,3341.319970703125,3341.4199951171877,3363.7999877929688,3329.922001953125,3186.0530029296874,2941.732497558594,3346.596441029486,3349.646382467393,3305.190453541195,2990.38663599546,32.68168312696639,0.0,3.6075641825468665,10.622108625966678,-7.014544443419812,-1.157809366961382,-39.199951171875,52.69288853236607,0.14896640671330955,0.25941902104747766,0.214202171490063,0.18609371694958765,3443.557890297359,3284.0420852885786,0.047421310894704284,162101.1,0.0,,8397966,-0.005142989433302884,0.004978494402315283,0.13759493862109953,-0.046554006350606324,0.42289218884896995,-0.0023631884215883684,0.006633781913004144,0.010173807620707923,False,False,False,False,False,False,GOLD,90.99931641210235,0.23772937843272318,72.61904761904762,98.99,-0.3323,4.133,-0.3136,3.57,-0.5017,90.9,12.2084,6740.02,-1.3277,24450.4492,-1.2737,29.49,24.1684,19.88,11.3102,91.7869,-0.3648,240,999,central_bank,high,-0.0011056181598311232,0,-0.007619901389511408,0,0.0052293440908410815,1,0.00352608660634246,1,0.01592710259319441,1,0.15200954763839092,1
2025-07-07,3342.800048828125,3342.800048828125,3352.89990234375,3304.39990234375,3344.5,235762,valid,,85.49629974365234,91885.88,2026-10-03T13:44:11.057201+00:00,-0.0011056181598311232,0.010611632909392155,-0.0011354953437030524,0.08553619368627619,0.24796532776693447,0.3941694611097326,3348.339990234375,3336.2,3363.6099853515625,3329.8060009765627,3190.1550024414064,2945.453497314453,3345.837162589214,3348.9943506922245,3306.6653396308784,2993.893237118173,36.45949812391064,0.1243352218574321,2.8443570402600926,9.066558308825362,-6.22220126856527,-1.5375537900405023,-52.199951171875,50.771449497767854,0.14594666829894223,0.252913947187212,0.21308747605988243,0.1858115084521759,3443.558289048101,3283.661681655024,0.04753720202085709,164620.9,1.4321510816670215,inf,8162204,-0.0061867864033161,0.00390234381454881,0.13490165500009474,-0.04760815355560305,0.4213190134054971,-0.0005976393246673845,0.014508794810203495,0.010151938090409965,False,False,False,False,False,False,GOLD,91.29591411988717,0.2791386245172081,74.20634920634922,98.99,-0.3323,4.133,-0.3136,3.57,-0.5017,90.9,12.2084,6740.02,-1.3277,24450.4492,-1.2737,29.49,24.1684,19.88,11.3102,91.7869,-0.3648,237,999,central_bank,high,-0.007748039399920081,0,-0.005115501198537098,0,0.004876166264817128,1,0.019025922157061448,1,0.025008930326219314,1,0.15866934743215966,1
2025-07-08,3316.89990234375,3316.89990234375,3355.60009765625,3295.39990234375,3348.89990234375,218029,valid,,85.89199829101562,91595.92,2026-10-03T13:44:11.057201+00:00,-0.007748039399920081,-0.009821525465642189,-0.011326716476236176,0.04387093700826128,0.2365879439151024,0.4033847693436641,3341.7599609375,3334.5,3361.7099853515624,3330.1760009765626,3194.037001953125,2948.9649963378906,3340.0497105401214,3345.9377365637984,3307.0666950313835,2997.1072337870846,34.5148281945728,0.06242807051330391,0.14787984979693647,7.2828226170196775,-7.134942767222741,-0.5099133296728176,-17.0,52.335745675223215,0.14812556612440808,0.24552159935719134,0.21354808045423376,0.18537421342884863,3444.2926263366935,3279.1273443664313,0.04913132979641619,168422.1,1.2945391370847337,-0.07521568361313524,7944175,-0.013329550497531366,-0.003986605701595181,0.1247674714561369,-0.05498732310601464,0.4103065776897791,0.0018247736707319906,0.018149536339623597,0.00946916450233955,False,False,False,False,False,False,GOLD,90.94373467732169,0.21375262755863222,70.23809523809523,98.99,-0.3323,4.133,-0.3136,3.57,-0.5017,90.9,12.2084,6740.02,-1.3277,24450.4492,-1.2737,29.49,24.1684,19.88,11.3102,91.7869,-0.3648,236,999,central_bank,high,0.0012361234215578776,1,0.014200035889828433,1,0.005969444183146377,1,0.03822848218558761,1,0.035515105157344795,1,0.17504299639732657,1
2025-07-09,3321.0,3321.0,3325.60009765625,3290.199951171875,3310.60009765625,167968,valid,,85.7073974609375,91512.04,2026-10-03T13:44:11.057201+00:00,0.0012361234215578776,-0.011518871248718643,-0.006699737691577834,0.02354678544173683,0.22194419763586581,0.4025086097232702,3334.019970703125,3332.289990234375,3360.589990234375,3329.642001953125,3197.7930029296876,2952.338996582031,3336.2397684320977,3343.562714033913,3307.6130991478,3000.3300473812433,35.16184791270511,0.08446243827875485,-1.6393566527708572,5.49838676306157,-7.1377434158324276,-0.6610659869784818,-22.10009765625,52.085763113839285,0.14783946647899557,0.2418596912792424,0.2129016517544999,0.18537375139628437,3444.8095601550317,3276.370420313718,0.050121895360854825,168875.65,0.994625335268874,-0.22960707061904606,8112143,-0.011780666594082796,-0.0025954748132241434,0.1248708240634455,-0.05381917080243727,0.41204989068203796,-0.0018993050357192281,0.010659484036243403,0.009294689417987513,False,False,False,False,False,False,GOLD,91.35924296412917,0.2758670433275443,74.20634920634922,98.99,-0.3323,4.133,-0.3136,3.57,-0.5017,90.9,12.2084,6740.02,-1.3277,24450.4492,-1.2737,29.49,24.1684,19.88,11.3102,91.7869,-0.3648,235,999,central_bank,high,0.0014152216717480126,1,0.011472477463490005,1,0.011472477463490005,1,0.023065371170204685,1,0.03384519793548635,1,0.16473956568992776,1
2025-07-10,3325.699951171875,3325.699951171875,3339.39990234375,3319.199951171875,3322.199951171875,168190,valid,,85.70850372314453,91642.73,2026-10-03T13:44:11.057201+00:00,0.0014152216717480126,-0.005145218724561862,-0.005383258146022141,0.030809255444128603,0.2089498234153846,0.3975291084635042,3330.57998046875,3330.0599853515623,3359.689990234375,3329.4839990234377,3202.0430029296876,2955.7049963378904,3334.1318049800534,3341.8614985232425,3308.3223874624696,3003.5675588617473,39.12256412889336,0.33302455968236083,-2.6460061649718227,3.8695081774548914,-6.515514342426714,-0.6660707535282251,-22.300048828125,49.821463448660715,0.14796001515390417,0.24152636630881807,0.21235697314809793,0.1853390574700812,3445.0465639397767,3274.333416528973,0.050812172523942836,167208.45,1.0058702176833707,0.0013216803200608584,8280333,-0.01011701649892957,-0.0011365268169696778,0.12517993348195508,-0.052480115187564826,0.41404825428891995,0.00036132224386469094,0.006073894659303549,0.009072274027983817,False,False,False,False,False,False,GOLD,89.79156846360858,0.004274101312317019,60.71428571428571,98.99,-0.3323,4.133,-0.3136,3.57,-0.5017,90.9,12.2084,6740.02,-1.3277,24450.4492,-1.2737,29.49,24.1684,19.88,11.3102,91.7869,-0.3648,234,999,central_bank,high,0.011516387344152612,1,0.0033075743938126845,1,0.00589352555673095,1,0.01437292886608188,1,0.03848813840072873,1,0.17536156590626084,1
2025-07-11,3364.0,3364.0,3381.60009765625,3332.300048828125,3333.10009765625,216883,valid,,85.73480224609375,92726.57,2026-10-03T13:44:11.057201+00:00,0.011516387344152612,0.0052293440908410815,-0.011286122574039048,0.03814347036822552,0.22385129688884353,0.38899216963696537,3334.07998046875,3337.6999755859374,3357.7699951171876,3330.3819970703125,3206.1930029296873,2959.139996337891,3340.105443984043,3343.9699272353146,3310.505823248255,3007.153951310884,44.9147030506335,0.6325060302225685,-0.3492632134275482,3.0257538992784037,-3.375017112705952,2.3238806446749916,76.39990234375,50.071463448660715,0.13965253190213384,0.24244260735677547,0.21280304358063232,0.18489263087811994,3440.7766520115997,3274.7633382227755,0.049441538291839095,166544.3,1.3022541149712041,0.289511861585112,8497216,0.001855399533580359,0.010094338415007835,0.13681677925444904,-0.04156810917778116,0.43033298170862916,0.0022251395474703574,0.014655186928689163,0.008223680668151476,False,False,False,False,False,False,GOLD,86.97900801664429,-0.48318815943755067,34.12698412698413,98.99,-0.3323,4.133,-0.3136,3.57,-0.5017,90.9,12.2084,6740.02,-1.3277,24450.4492,-1.2737,29.49,24.1684,19.88,11.3102,91.7869,-0.3648,233,999,central_bank,high,-0.0014565702567628236,0,-0.0014565702567628236,0,-0.0016943969000817738,0,-0.008442301529057672,0,0.037841869449502186,1,0.18201547230324766,1
2025-07-14,3359.10009765625,3359.10009765625,3389.300048828125,3348.5,3376.5,195336,valid,,85.82129669189453,92684.92,2026-10-03T13:44:11.057201+00:00,-0.0014565702567628236,0.004876166264817128,-0.027137381211424838,0.0037951815930921118,0.21741814913761082,0.3876565313392475,3337.339990234375,3342.839990234375,3353.084997558594,3333.12,3210.4230029296873,2962.5119970703126,3343.904374718485,3345.410895846832,3312.4114810681767,3010.6559030158132,55.06842023596978,0.9999999999553307,1.0632840768948881,2.6332599348017007,-1.5699758579068126,1.5539543260616684,51.400146484375,46.792898995535715,0.12734270672569523,0.23312984781672583,0.2128329798250806,0.18490487674056064,3423.062547633364,3283.1074474838238,0.041739204419631706,162779.75,1.2000018429810761,-0.09934849665487844,8301880,0.0017939002745334532,0.007794528146674082,0.13386885892040182,-0.0429641325630853,0.42824960123020617,0.003715814506538729,0.012146124748286106,0.005989882620064072,False,False,False,False,False,False,GOLD,87.33555042166334,-0.431461220206565,38.095238095238095,98.99,-0.3323,4.133,-0.3136,3.57,-0.5017,90.9,12.2084,6740.02,-1.3277,24450.4492,-1.2737,29.49,24.1684,19.88,11.3102,91.7869,-0.3648,230,999,central_bank,high,-0.006668496273750324,0,-0.0041082576960875805,0,0.014081094136046302,1,-0.014617039155965794,0,0.013575020746610544,1,0.19210496440333702,1
2025-07-15,3336.699951171875,3336.699951171875,3375.39990234375,3327.300048828125,3352.0,179884,valid,,85.96839904785156,92224.66,2026-10-03T13:44:11.057201+00:00,-0.006668496273750324,0.005969444183146377,-0.023585900127174875,0.0024937054054954277,0.20419360813053777,0.37374946903005335,3341.3,3341.52998046875,3349.0549926757812,3334.987998046875,3214.229001464844,2965.720997314453,3342.4634900091633,3344.5812820682645,3313.363970091851,3013.900122400451,48.777665146927305,0.7189963388085042,0.37095720216211703,2.180799388273784,-1.8098421861116671,-0.3910710330556233,-13.10009765625,48.3857421875,0.12459563226084543,0.23327586839533127,0.21314735464806767,0.18506801648161308,3412.433805908356,3285.6761794432064,0.03784877427881137,162148.7,1.109376763427637,-0.07910472211983455,8121996,-0.0036891127589491453,0.0005133311202325534,0.12508895954583354,-0.04934612267893186,0.41872532408642,-0.002113690408095266,0.014415396715163897,0.004218004573671737,False,False,False,False,False,False,GOLD,88.19315915263999,-0.29184307252607394,46.03174603174603,98.99,-0.3323,4.133,-0.3136,3.57,-0.5017,90.9,12.2084,6740.02,-1.3277,24450.4492,-1.2737,29.49,24.1684,19.88,11.3102,91.7869,-0.3648,229,999,central_bank,high,0.006713263647367462,1,0.0064734911656243455,1,0.032067612181437166,1,-0.0038061412046997978,0,0.0186711570533169,1,0.2199179007900931,1
2025-07-16,3359.10009765625,3359.10009765625,3385.800048828125,3326.10009765625,3330.5,235160,valid,,85.99310302734375,92870.47,2026-10-03T13:44:11.057201+00:00,0.006713263647367462,0.011472477463490005,-0.01403029324536842,-0.019326759766498003,0.2148644114489151,0.36117190663456444,3348.92001953125,3341.4699951171874,3346.665002441406,3335.7239990234375,3218.2880029296875,2969.175997314453,3345.790811538581,3345.964026409977,3315.1575437218276,3017.334948024887,51.98712603167444,0.8623607276864622,1.6112147013136564,2.0668824508817587,-0.4556677495681023,-0.01785437760344344,-0.599853515625,49.69288853236607,0.12742417787732038,0.22579315634957273,0.21320148070850364,0.18455994165703588,3404.194456381053,3289.1355485017593,0.03438016885326835,163452.55,1.4387049942016725,0.3072869182361966,8357156,0.0037156677485701947,0.007007803595156269,0.13132401066637425,-0.0429641325630853,0.42824960123020617,-0.001858108689004437,0.01777260261267944,0.003279948647180778,False,False,False,False,False,False,GOLD,88.74065571279323,-0.20497383188501972,50.39682539682539,98.99,-0.3323,4.133,-0.3136,3.57,-0.5017,90.9,12.2084,6740.02,-1.3277,24450.4492,-1.2737,29.49,24.1684,19.88,11.3102,91.7869,-0.3648,228,999,central_bank,high,-0.0041082576960875805,0,0.014081094136046302,1,0.011461403018880656,1,-0.01884434729179152,0,0.01464676542571719,1,0.18263820135281428,1
2025-07-17,3345.300048828125,3345.300048828125,3358.199951171875,3314.300048828125,3354.699951171875,161740,valid,,85.88520050048828,92372.88,2026-10-03T13:44:11.057201+00:00,-0.0041082576960875805,0.00589352555673095,-0.018426703156785962,-0.021670426282937805,0.2038217159267477,0.35993340446120636,3352.8400390625,3341.710009765625,3343.525,3334.1739990234373,3222.10900390625,2972.605498046875,3345.69265899649,3345.9007904498008,3316.339602745604,3020.5982823612376,62.39790335322896,0.9999999999663484,1.463706400099909,1.9462472407253888,-0.48254084062547986,0.07179833541208769,2.400146484375,47.071463448660715,0.12792969500089807,0.22591362142704585,0.213311715909844,0.18458433638591223,3393.2636447299988,3293.7863552700014,0.02975221942709194,171539.55,0.9428729409631719,-0.31221296138799115,8195416,0.0005308914478355562,0.00333697335770212,0.12537639152790392,-0.046895882530913736,0.4223819838140198,-0.0013099182389485241,0.013122859445482395,0.0028045929754412424,False,False,False,False,False,False,GOLD,87.90466865149573,-0.3566625875092323,41.66666666666667,98.99,-0.3323,4.133,-0.3136,3.57,-0.5017,90.9,12.2084,6740.02,-1.3277,24450.4492,-1.2737,29.49,24.1684,19.88,11.3102,91.7869,-0.3648,227,999,central_bank,high,0.003886049027068239,1,0.02941437267434943,1,0.008429722524218253,1,-0.01557411798517172,0,0.011329298356070217,1,0.19582693449130506,1
2025-07-18,3358.300048828125,3358.300048828125,3368.0,3337.199951171875,3347.5,115413,valid,,86.04650115966797,92906.0,2026-10-03T13:44:11.057201+00:00,0.003886049027068239,-0.0016943969000817738,-0.008092832424286822,0.01948937472105161,0.2263731261288071,0.36716340267878844,3351.700048828125,3342.8900146484375,3342.1550048828126,3333.502001953125,3226.50400390625,2975.945498046875,3348.2141369628175,3347.0816722001173,3317.985110435115,3023.9584989429977,61.21453152392702,0.9601775790712347,2.3684938404589957,2.0306965606721104,0.33779727978688534,0.352608660634246,11.800048828125,44.19288853236607,0.12716162602107653,0.21293460878571008,0.21201439518409007,0.18458239901493262,3388.3883228576974,3295.921686907928,0.027666770635907164,163268.55,0.706890579967785,-0.2864288364041053,8310829,0.004830728653135488,0.007439037642834285,0.12848170473285295,-0.04319207320252933,0.4279094299383381,0.000657624470081539,0.009171321317421733,0.0025957695314463036,False,False,False,False,False,False,GOLD,87.86071439390973,-0.3698885267552904,41.269841269841265,98.99,-0.3323,4.133,-0.3136,3.57,-0.5017,90.9,12.2084,6740.02,-1.3277,24450.4492,-1.2737,29.49,24.1684,19.88,11.3102,91.7869,-0.3648,226,999,central_bank,high,0.014322678979327375,1,0.011702363772361224,1,-0.006759357663647769,0,0.01235744257410265,1,0.007235818263649385,1,0.23068217250040113,1
2025-07-21,3406.39990234375,3406.39990234375,3416.89990234375,3351.0,3355.60009765625,191195,valid,,86.14859771728516,94348.48,2026-10-03T13:44:11.057201+00:00,0.014322678979327375,0.014081094136046302,0.00335785046944026,0.017260886042485435,0.23085813996160787,0.41986568450043427,3361.160009765625,3349.25,3342.725,3335.51,3231.262001953125,2979.6289978027344,3359.851290039004,3352.731027451892,3321.4523571766304,3027.7638860415127,62.219294038276054,0.9939895008656233,6.8874068580498715,3.0020386201476628,3.8853682379022088,1.9025922157061448,63.599853515625,44.414306640625,0.13717604259193703,0.2122631083188454,0.21240788823883425,0.1833730879598229,3391.8896727774722,3293.5603272225276,0.02941592429976,163134.7,1.172006936599012,0.6566158058450955,8502024,0.019048800707126983,0.02125309243375931,0.14322954463645834,-0.029488020422137384,0.44836091831489333,-0.0008039636520317298,0.019345908945801894,0.002163087503859238,False,False,False,False,False,False,GOLD,87.11797014692087,-0.5052790476107405,33.33333333333333,98.99,-0.3323,4.133,-0.3136,3.57,-0.5017,90.9,12.2084,6740.02,-1.3277,24450.4492,-1.2737,29.49,24.1684,19.88,11.3102,91.7869,-0.3648,223,999,central_bank,high,0.01094999116294626,1,-0.009658261885550634,0,-0.02829964334998447,0,0.005871301248640659,1,-0.008337219104606497,0,0.22222875226104577,1
2025-07-22,3443.699951171875,3443.699951171875,3447.5,3394.89990234375,3410.699951171875,227372,valid,,86.19529724121094,95433.3,2026-10-03T13:44:11.057201+00:00,0.01094999116294626,0.032067612181437166,0.03293441676246345,0.04405167751941752,0.24330272599600478,0.43805070421731096,3382.560009765625,3361.9300048828127,3348.2150024414063,3337.5039990234377,3236.7400024414064,2983.4514978027346,3376.6210222655786,3361.394734472842,3326.2463804705617,3031.9025533562426,66.21618564455832,0.9999999999701801,13.324879278542085,5.066606751826548,8.258272526715537,3.822848218558761,126.800048828125,45.757167271205354,0.12409662025658748,0.2108962417643845,0.21281377509878943,0.18358811956314283,3414.70091683985,3281.7290880429628,0.03971424436599467,163131.85,1.3937928123784449,0.18921519914223706,8729396,0.028518165249488373,0.03181897375388275,0.15426711434992388,-0.018860922822229446,0.46422045757119346,0.0012623441026889176,0.015274297529416045,0.003209285568226884,False,False,True,False,False,False,GOLD,87.58138295554453,-0.4287223326368415,38.88888888888889,98.99,-0.3323,4.133,-0.3136,3.57,-0.5017,90.9,12.2084,6740.02,-1.3277,24450.4492,-1.2737,29.49,24.1684,19.88,11.3102,91.7869,-0.3648,222,999,central_bank,high,-0.013386721889036113,0,-0.03139061330788684,0,-0.03475911167322854,0,-0.002613468109188055,0,-0.024682754364553472,0,0.22008309586509278,1
2025-07-23,3397.60009765625,3397.60009765625,3451.699951171875,3390.60009765625,3444.300048828125,263025,valid,,86.3427963256836,94316.88,2026-10-03T13:44:11.057201+00:00,-0.013386721889036113,0.011461403018880656,0.016302233976843272,0.014905800164948246,0.2035423654467765,0.41137375015225186,3390.260009765625,3369.5900146484373,3350.9400024414062,3340.8960009765624,3242.2310034179686,2987.100498046875,3380.816837343713,3364.8428642998333,3329.044565458236,3035.5413348915663,59.48667008784989,0.7993256183246641,14.539151358552317,6.961115673171702,7.578035685380615,2.3065371170204685,76.60009765625,46.157156808035715,0.13494380178859297,0.21077541939049674,0.2124435464067988,0.18415171477394912,3420.918950767695,3280.9610541151173,0.04176675695493396,169782.6,1.549187019164499,0.15680470770367494,8466371,0.013924479453775512,0.01697272128886853,0.1374241006881569,-0.031995158782869945,0.44461934552145643,0.0001742595652230431,0.017983238685964024,0.0030063795646152816,False,False,False,False,False,False,GOLD,86.50135210878854,-0.6242780525126347,26.190476190476193,98.99,-0.3323,4.133,-0.3136,3.57,-0.5017,90.9,12.2084,6740.02,-1.3277,24450.4492,-1.2737,29.49,24.1684,19.88,11.3102,91.7869,-0.3648,221,999,central_bank,high,-0.00709327082750999,0,-0.025782933582053635,0,-0.029962339858169096,0,0.010536791752565389,1,-0.0026783898618697455,0,0.2669531357223798,1
2025-07-24,3373.5,3373.5,3401.10009765625,3355.199951171875,3398.60009765625,215271,valid,,86.39869689941406,93708.5,2026-10-03T13:44:11.057201+00:00,-0.00709327082750999,0.008429722524218253,0.007616487455197163,0.011969012831443804,0.19946666666666668,0.3964896585618958,3395.9,3374.37001953125,3352.2150024414063,3343.41,3246.955002441406,2990.637998046875,3379.353469874971,3365.667353414135,3330.787915832423,3038.9041076787153,54.37175751040048,0.6263747332122641,13.402300880471557,8.249352714631673,5.152948165839884,1.437292886608188,47.800048828125,47.850027901785715,0.13780976874863735,0.21112324985845107,0.21267970880037632,0.18433719043761834,3422.8941143971383,3281.5358904856744,0.04216860309033611,172766.95,1.2460195656634487,-0.18155688622754496,8251100,0.006349532337002704,0.008999793623872378,0.12802017569596733,-0.03886147928396179,0.4343722692610156,0.0002943253977092627,0.013606090554131138,0.0026335395423845278,False,False,False,False,False,False,GOLD,86.45344834393266,-0.636717709826935,25.793650793650798,98.99,-0.3323,4.133,-0.3136,3.57,-0.5017,90.9,12.2084,6740.02,-1.3277,24450.4492,-1.2737,29.49,24.1684,19.88,11.3102,91.7869,-0.3648,220,999,central_bank,high,-0.01123459384726544,0,-0.014673188083592748,0,-0.023803186254075848,0,0.02377351450181564,1,0.00240109608900263,1,0.2489402118534163,1
2025-07-25,3335.60009765625,3335.60009765625,3376.60009765625,3325.5,3372.10009765625,196380,valid,,86.4302978515625,92689.61,2026-10-03T13:44:11.057201+00:00,-0.01123459384726544,-0.006759357663647769,0.014600315906493355,0.004971226993621292,0.16747750643826764,0.41729343431325683,3391.360009765625,3371.530029296875,3354.6150024414064,3346.3560009765624,3251.105002441406,2994.1389990234375,3370.6027954312267,3362.8038052467177,3330.9766288451224,3041.856306583965,48.95044518263912,0.45536273992007087,9.33551925477559,8.466586022660458,0.8689332321151326,-0.8442301529057672,-28.39990234375,48.03574916294643,0.1274487978399615,0.21223740885404496,0.21245873613964877,0.18275628807443398,3419.038877156438,3290.191127726375,0.038409101889859965,171642.5,1.144122230799475,-0.08775450478698943,8054720,-0.00566828228315684,-0.0032142137050482173,0.11404316858504858,-0.04965948019516481,0.41663125767133996,-0.0004149703108787861,0.015319611512225348,0.0024680582288409613,False,False,False,False,False,False,GOLD,87.39487288944204,-0.4718366304758323,36.507936507936506,98.99,-0.3323,4.133,-0.3136,3.57,-0.5017,90.9,12.2084,6740.02,-1.3277,24450.4492,-1.2737,29.49,24.1684,19.88,11.3102,91.7869,-0.3648,219,999,central_bank,high,-0.0076748102010902874,0,-0.011931900606457657,0,0.019246896897798127,1,0.04667824277894628,1,0.024853069887484258,1,0.3069312191850786,1
2025-07-28,3310.0,3310.0,3345.39990234375,3300.0,3321.10009765625,180215,valid,,86.506103515625,92058.91,2026-10-03T13:44:11.057201+00:00,-0.0076748102010902874,-0.02829964334998447,0.0006953619923446563,0.0272484793490837,0.15098405445427598,0.39017219655606894,3372.080029296875,3366.62001953125,3354.7300048828124,3348.0239990234377,3254.9450024414064,2997.5589990234375,3358.4822363449816,3357.7748714136974,3330.1540159492356,3044.524403035866,48.99330341241006,0.4453952816089934,4.0007336181365645,7.573415541755679,-3.5726819236191147,-1.4617039155965794,-49.10009765625,46.978585379464285,0.12914700632948023,0.2039399734824276,0.21272582475246457,0.182693273877753,3418.8085441167036,3290.651465648921,0.03820190545325897,173443.2,1.0390433294588601,-0.08231489968428551,7874505,-0.013333414259178687,-0.011357146494325395,0.10423181030907051,-0.05695316331107023,0.3982173496081064,-0.004347043882803588,0.01371598258118921,0.0020029742502827796,False,False,False,False,False,False,GOLD,87.04570333212499,-0.5355699014955119,31.746031746031743,98.99,-0.3323,4.133,-0.3136,3.57,-0.5017,90.9,12.2084,6740.02,-1.3277,24450.4492,-1.2737,29.49,24.1684,19.88,11.3102,91.7869,-0.3648,216,999,central_bank,high,0.004229607250755274,1,-0.005075543452605746,0,0.03516613363859511,1,0.028610257151623797,1,0.03247734138972813,1,0.24141996908043817,1
2025-07-29,3324.0,3324.0,3332.300048828125,3305.800048828125,3313.39990234375,113144,valid,,86.77760314941406,92738.43,2026-10-03T13:44:11.057201+00:00,0.004229607250755274,-0.03475911167322854,-0.007701966819527284,0.024882049134193895,0.14898029726927065,0.39793083175273725,3348.1400390625,3365.3500244140623,3353.4400024414062,3350.76,3258.919001464844,3000.9824987792967,3351.5857890759858,3354.558216993345,3329.9126819904423,3047.305254746952,50.42541111303445,0.41717741488301385,0.892274972699397,6.237187427944423,-5.344912455245026,-0.3806141204699798,-12.699951171875,46.342860630580354,0.12138621898802013,0.2037028978429788,0.21265867442226155,0.1826950387848429,3418.959027820668,3287.9209770621446,0.03907571051311026,170657.7,0.6629879577657459,-0.3721721277363149,7987649,-0.008779045523392174,-0.007986247895997394,0.10763724925153305,-0.052964445572810104,0.4002864317239189,0.0010271608289271822,0.007972322503006024,0.0007998192772401579,False,False,False,False,False,False,GOLD,87.28074865759595,-0.4950054018693698,34.12698412698413,98.99,-0.3323,4.133,-0.3136,3.57,-0.5017,90.9,12.2084,6740.02,-1.3277,24450.4492,-1.2737,29.49,24.1684,19.88,11.3102,91.7869,-0.3648,215,999,central_bank,high,-0.008483739823067049,0,0.02280386547175839,1,0.033303234407904725,1,0.022563176895306958,1,0.032791817087846065,1,0.22304449528993686,1
2025-07-30,3295.800048828125,3295.800048828125,3331.800048828125,3263.89990234375,3325.800048828125,19252,valid,,87.06320190429688,92254.29,2026-10-03T13:44:11.057201+00:00,-0.008483739823067049,-0.029962339858169096,-0.01901952652690353,-0.007976401773026942,0.14568780365346146,0.370395030697765,3327.780029296875,3359.02001953125,3350.245007324219,3352.0060009765625,3262.7360009765625,3004.079998779297,3340.428641026414,3348.96220097761,3328.574931670352,3049.777839762685,46.02500736770906,0.05212333517762256,-3.802864230144678,4.229177096326603,-8.03204132647128,-1.884434729179152,-63.300048828125,49.75001743861607,0.12400698993136665,0.1983154406590974,0.21289388447227567,0.18268179532836176,3420.536947687305,3279.9530669611327,0.04196226855611746,165010.95,0.11667104516397174,-0.8298451530792619,7968397,-0.01625103787246948,-0.016767855466859515,0.09710794991054526,-0.06099884881976205,0.3716497344151276,0.0005415309350554929,0.020602022415922166,0.0005253551610080706,False,False,False,False,False,False,GOLD,87.73358576214036,-0.41689323490748514,39.682539682539684,98.99,-0.3323,4.133,-0.3136,3.57,-0.5017,90.9,12.2084,6740.02,-1.3277,24450.4492,-1.2737,29.49,24.1684,19.88,11.3102,91.7869,-0.3648,214,999,central_bank,high,-0.0007889124393861691,0,0.039626145876799246,1,0.04175006113145452,1,0.03413435230696149,1,0.04636205065973442,1,0.2578433267304201,1
2025-07-31,3293.199951171875,3293.199951171875,3312.0,3272.89990234375,3272.89990234375,158029,valid,,87.714599609375,92871.2,2026-10-03T13:44:11.057201+00:00,-0.0007889124393861691,-0.023803186254075848,-0.014867316588519364,-0.03786376528205948,0.14046261248045888,0.3571811049544096,3311.72001953125,3353.810009765625,3347.760009765625,3352.177998046875,3266.674001464844,3007.217998046875,3330.9829030555065,3343.651510519921,3327.1876775331566,3052.1999503239704,39.60046733831607,0.0,-7.645469809166116,1.854247715228059,-9.499717524394175,-1.557411798517172,-52.10009765625,48.550013950892854,0.12307137097425122,0.18798831229573995,0.21288040426684302,0.18253323156001874,3422.5174826002767,3273.0025369309733,0.04466118993987452,172912.4,0.913925201431471,7.208445875753169,7810368,-0.016297482028155723,-0.017593948444666604,0.09509851075334219,-0.06173963850852584,0.3699974558104243,-0.006948281493141724,0.011872980151819958,0.0013179456114272012,False,False,False,False,False,False,GOLD,90.09630441022544,0.0011423241871664589,63.095238095238095,98.99,-0.3323,4.133,-0.3136,3.57,-0.5017,90.9,12.2084,6740.02,-1.3277,24450.4492,-1.2737,29.49,24.1684,19.88,11.3102,91.7869,-0.3648,213,999,central_bank,high,0.03236976170193273,1,0.04296732724948815,1,0.04873679168581502,1,0.027329042066812193,1,0.0549921354127938,1,0.25646783251502137,1
2025-08-01,3399.800048828125,3399.800048828125,3416.89990234375,3331.39990234375,3342.699951171875,229954,valid,,87.4894027709961,95631.26,2026-10-03T13:44:11.057201+00:00,0.03236976170193273,0.019246896897798127,0.01592710259319441,0.002329121351404284,0.15860147286423132,0.37044501044496325,3324.560009765625,3357.960009765625,3350.425012207031,3353.9039990234373,3271.4630029296877,3010.822498779297,3344.7463322100302,3348.9989903587975,3330.0352215055086,3055.658657771773,54.60302190747624,0.5636727288730701,-2.0652188707599635,1.0703543980304544,-3.135573268790418,1.235744257410265,41.5,54.471435546875,0.17022549705439285,0.19886647332857663,0.2165524543029049,0.18396069977543278,3428.7102693627826,3272.1397550512797,0.046731538160383466,184410.1,1.246970746179297,0.4551379810034868,8040322,0.014736947235405876,0.013684365986038246,0.1291931192245326,-0.03136837419268681,0.41434394698724836,0.015030973136742136,0.025148537788110742,0.001037294692220804,False,False,False,False,False,False,GOLD,92.41852187924198,0.41349364382129816,77.77777777777779,98.99,-0.3323,4.133,-0.3136,3.57,-0.5017,90.9,12.2084,6740.02,-1.3277,24450.4492,-1.2737,29.49,24.1684,19.88,11.3102,91.7869,-0.3648,212,999,central_bank,high,0.007823946447907737,1,0.009882891062139576,1,0.026913347457459658,1,-0.0050591066900548265,0,0.03420790845279642,1,0.18233422361336316,1
2025-08-04,3426.39990234375,3426.39990234375,3439.5,3397.89990234375,3416.60009765625,138229,valid,,87.24530029296875,96110.57,2026-10-03T13:44:11.057201+00:00,0.007823946447907737,0.03516613363859511,0.025008930326219314,0.036418603249773085,0.16838293263447257,0.38731874427223945,3347.839990234375,3359.960009765625,3354.6050048828124,3356.5319970703126,3276.2590014648435,3014.497998046875,3361.0770462367745,3356.3705057859356,3333.8142285972044,3059.3476253794547,60.04928762694573,0.7682986441536482,4.452233499559952,1.746730218336354,2.7055032812235984,0.5871301248640659,20.0,54.007167271205354,0.171812355526064,0.19224708236200225,0.2167380534555603,0.18398427192450514,3439.798727356131,3269.4112824094937,0.050792103600447266,179533.45,0.7699345163812049,-0.3988841246510172,8178551,0.021401893026575337,0.020815504018552325,0.13664029784183426,-0.023789852224622914,0.42540969828739567,0.00494148143621295,0.012141051494830557,0.0005741021355320265,False,False,False,False,False,False,GOLD,92.1273332583751,0.3580961428567387,76.5873015873016,98.99,-0.3323,4.133,-0.3136,3.57,-0.5017,90.9,12.2084,6740.02,-1.3277,24450.4492,-1.2737,29.49,24.1684,19.88,11.3102,91.7869,-0.3648,209,999,central_bank,high,0.0024223818190187707,1,0.007967560590184108,1,-0.006333163609137271,0,-0.014125584789633883,0,0.04838899531683771,1,0.16247379499739711,1
2025-08-05,3434.699951171875,3434.699951171875,3444.89990234375,3403.300048828125,3428.89990234375,154163,valid,,87.89330291748047,97058.96,2026-10-03T13:44:11.057201+00:00,0.0024223818190187707,0.033303234407904725,0.035515105157344795,0.027123191139914793,0.1727729055335736,0.4051301294352865,3369.97998046875,3359.060009765625,3360.495007324219,3357.9099951171875,3280.693000488281,3018.1339978027345,3375.8016272237946,3363.830452965549,3337.77053144327,3063.0824743923145,58.74593499034904,0.719329361357999,10.169874055193304,3.4313589857077442,6.73851506948556,-0.2613468109188055,-9.0,52.714303152901785,0.16847615948744668,0.19095978775948755,0.21670654312842888,0.18361480494267549,3450.845252418063,3270.144762230375,0.05377198591094362,176340.15,0.8742365252609751,0.11527248261942136,8332714,0.022081551582699532,0.022868378296716313,0.13802102679081557,-0.02142509851111096,0.4200016048600294,0.0007296287856794541,0.012111641222523546,0.0007698277234320226,False,False,False,False,False,False,GOLD,91.137525567147,0.18021112647249193,71.42857142857143,98.99,-0.3323,4.133,-0.3136,3.57,-0.5017,90.9,12.2084,6740.02,-1.3277,24450.4492,-1.2737,29.49,24.1684,19.88,11.3102,91.7869,-0.3648,208,999,central_bank,high,-0.000378504337091079,0,0.0164789060066044,1,-0.01039390679808716,0,-0.022127114764149858,0,0.05846218059298436,1,0.16478877574353712,1
2025-08-06,3433.39990234375,3433.39990234375,3440.5,3411.699951171875,3434.89990234375,151580,valid,,87.72309875488281,96834.34,2026-10-03T13:44:11.057201+00:00,-0.000378504337091079,0.04175006113145452,0.03384519793548635,0.06363070084998457,0.16568208602563028,0.4119920070957006,3397.499951171875,3362.639990234375,3366.1150024414064,3360.5699951171873,3285.015998535156,3021.650997314453,3387.3212822477863,3370.4561148110915,3341.5207028511322,3066.7672249191946,60.495575859567644,0.7850664889087711,14.429903369697058,5.631067862505607,8.798835507191452,1.0536791752565389,35.7998046875,51.571446010044646,0.16864517300127102,0.17632708492846477,0.21663131069998567,0.18350229523136716,3460.0339187103514,3272.1960861724615,0.05580255944957239,175520.75,0.8636015969621776,-0.016754993091727566,8181134,0.019988889224973768,0.021671891176901773,0.13626620195221423,-0.02179549335549285,0.41946412809391376,5.8215033253988035e-05,0.008388201097243803,0.0016500198871840794,False,False,False,False,False,False,GOLD,90.91246114709281,0.13907007485449413,68.25396825396825,98.99,-0.3323,4.133,-0.3136,3.57,-0.5017,90.9,12.2084,6740.02,-1.3277,24450.4492,-1.2737,29.49,24.1684,19.88,11.3102,91.7869,-0.3648,207,999,central_bank,high,0.005912520942948474,1,-0.008359047005355724,0,-0.007310495202871969,0,-0.013077387901450077,0,0.05047476372030668,1,0.16965690469157613,1
2025-08-07,3453.699951171875,3453.699951171875,3483.800048828125,3430.0,3431.800048828125,249091,valid,,87.76249694824219,97450.63,2026-10-03T13:44:11.057201+00:00,0.005912520942948474,0.04873679168581502,0.03848813840072873,0.06339672986273981,0.19064364095176045,0.4198734130206332,3429.599951171875,3370.6599853515627,3372.515002441406,3363.74599609375,3289.4919970703127,3025.2249975585937,3400.597016032604,3378.3840992264045,3345.919889059789,3070.617301797331,61.17094875219555,0.8104414528617121,19.222466945757787,8.349347679156043,10.873119266601744,2.377351450181564,80.199951171875,53.214303152901785,0.1692921315335854,0.17630062031721605,0.21537213618444886,0.18355339840750362,3472.111208596566,3272.918796286246,0.05906346218358197,179565.8,1.3871850875834855,0.6432972687689669,8430225,0.024072524116771625,0.026742196105936672,0.14163407811284318,-0.01601183872347221,0.42703083251412605,-0.00046596771746059123,0.015577510955997936,0.002606916918767595,False,False,True,False,False,False,GOLD,90.51050541051315,0.06719750065566239,63.888888888888886,98.99,-0.3323,4.133,-0.3136,3.57,-0.5017,90.9,12.2084,6740.02,-1.3277,24450.4492,-1.2737,29.49,24.1684,19.88,11.3102,91.7869,-0.3648,206,999,central_bank,high,0.010886903375463053,1,-0.015838072775637313,0,-0.020412890811802753,0,-0.020876119678885474,0,0.057793120560031275,1,0.15716479616127255,1
2025-08-08,3491.300048828125,3491.300048828125,3534.10009765625,3445.0,3487.89990234375,321346,valid,,87.43319702148438,98141.93,2026-10-03T13:44:11.057201+00:00,0.010886903375463053,0.026913347457459658,0.037841869449502186,0.09503497015952722,0.18389286158973372,0.41732634255784395,3447.899951171875,3386.22998046875,3378.8800048828125,3367.2299951171876,3293.9969970703123,3028.882497558594,3418.7376225917087,3389.1379991884733,3351.6210717958024,3074.803199777737,60.19208844157481,0.7736639254126638,25.757702985668402,11.831018740458516,13.926684245209886,4.667824277894628,155.699951171875,54.8714599609375,0.16883416060797216,0.17269371422576857,0.2146769053103461,0.18345062426030867,3491.592295521005,3266.16771424462,0.06671577000383483,184788.95,1.738989263156689,0.2900747116515652,8751571,0.03327139282330869,0.03684632587937688,0.15266935962095138,-0.012110593261491685,0.42148117340954466,0.00990240948993288,0.025520607341133983,0.003459820024921097,False,False,True,False,True,False,GOLD,90.87903962770896,0.1322634204719692,67.46031746031747,98.99,-0.3323,4.133,-0.3136,3.57,-0.5017,90.9,12.2084,6740.02,-1.3277,24450.4492,-1.2737,29.49,24.1684,19.88,11.3102,91.7869,-0.3648,205,999,central_bank,high,-0.02480454170225721,0,-0.02377337921095024,0,-0.031134519993021192,0,-0.020851845389960322,0,0.05330388420155718,1,0.14971498979221853,1
2025-08-11,3404.699951171875,3404.699951171875,3466.300048828125,3393.0,3458.10009765625,224513,valid,,87.48829650878906,95767.88,2026-10-03T13:44:11.057201+00:00,-0.02480454170225721,-0.006333163609137271,0.013575020746610544,0.05519737436473582,0.15959941348378615,0.3765262737924593,3443.5599609375,3395.6999755859374,3381.1599975585937,3369.54599609375,3297.6319970703125,3032.2589978027345,3415.930088307742,3390.6200898535594,3353.7025964772174,3078.0857545179774,45.81365656175999,0.2880412867910317,23.676097186972584,14.200034429761331,9.476062757211253,2.8610257151623797,94.699951171875,58.1357421875,0.19354575509650324,0.17953446291094602,0.2178780569309262,0.18529945599559886,3494.0323005840273,3268.28769453316,0.06676543145364375,186247.8,1.2054531650843598,-0.3013356319979088,8527058,0.006962093964873499,0.010432846181315757,0.1228262340515436,-0.03661473724814817,0.38250701209108606,-0.00950933769872035,0.02152907741631508,0.003446755580218822,False,False,False,False,True,False,GOLD,90.40146737278056,0.046447423976895885,63.095238095238095,98.99,-0.3323,4.133,-0.3136,3.57,-0.5017,90.9,12.2084,6740.02,-1.3277,24450.4492,-1.2737,29.49,24.1684,19.88,11.3102,91.7869,-0.3648,202,999,central_bank,high,-0.001674141995952727,0,-0.006314800219796135,0,-0.007842086396683823,0,0.003759523309453172,1,0.08150497958108938,1,0.16324494281407165,1
2025-08-12,3399.0,3399.0,3410.800048828125,3379.10009765625,3393.60009765625,193820,valid,,87.66449737548828,95800.1,2026-10-03T13:44:11.057201+00:00,-0.001674141995952727,-0.01039390679808716,0.0186711570533169,0.06645332959115091,0.14982574598705378,0.3574281150159744,3436.419970703125,3403.1999755859374,3384.275,3369.5819970703124,3301.1839965820313,3035.5094982910155,3412.544070646194,3391.4181765341727,3355.478965242817,3081.278931089938,50.1645393815569,0.48974669781610214,21.3206994200159,15.624167427812246,5.696531992203653,2.256317689530696,75.0,56.03574916294643,0.19181273762747708,0.1775205422349282,0.21777278083387794,0.18499176154361427,3495.4062641708097,3273.1437358291905,0.06567507910602817,186944.6,1.0367777405712653,-0.13670923287292935,8333238,0.004351005754554685,0.008730460619523856,0.11974612562191259,-0.038227580974802514,0.3765592366816904,-0.00326015615907688,0.009326258067627442,0.004360482381036647,False,False,False,False,False,False,GOLD,89.68574780123085,-0.08171080631941913,58.333333333333336,98.99,-0.3323,4.133,-0.3136,3.57,-0.5017,90.9,12.2084,6740.02,-1.3277,24450.4492,-1.2737,29.49,24.1684,19.88,11.3102,91.7869,-0.3648,201,999,central_bank,high,0.0027361132180421244,1,-0.0048249197833921675,0,-0.01185644272672104,0,0.010002942041777096,1,0.08325978228890851,1,0.17472783240475143,1
2025-08-13,3408.300048828125,3408.300048828125,3422.60009765625,3392.699951171875,3399.60009765625,135846,valid,,87.59559631347656,95986.72,2026-10-03T13:44:11.057201+00:00,0.0027361132180421244,-0.007310495202871969,0.01464676542571719,0.05405908422085193,0.15410405837087304,0.3590796644336922,3431.4,3414.4499755859374,3386.734997558594,3370.20599609375,3305.052998046875,3038.777998046875,3411.6952662825806,3393.0259738955015,3357.5503802853787,3084.5328725599697,54.23770334381999,0.6785771594048449,19.974215612592616,16.494177064768323,3.480038547824293,3.413435230696149,112.5,54.892892020089285,0.19075665887414303,0.17535250509209466,0.21775849133759118,0.18499733853109443,3497.697907829853,3275.7720872873347,0.0655279555980711,181978.9,0.746493137391199,-0.29911257868125063,8469084,0.006367504775268914,0.011303182291680926,0.12160218713530004,-0.03559606274636015,0.38032565860459194,0.0001765512374962705,0.008772744786553282,0.004904448417692296,False,False,False,False,False,False,GOLD,88.52957219950775,-0.2872674442181098,48.01587301587302,98.99,-0.3323,4.133,-0.3136,3.57,-0.5017,90.9,12.2084,6740.02,-1.3277,24450.4492,-1.2737,29.49,24.1684,19.88,11.3102,91.7869,-0.3648,200,999,central_bank,high,-0.007364403748689963,0,-0.008890076693377713,0,-0.005809362011696351,0,0.011824090675931265,1,0.0778394052833884,1,0.1709649804371609,1
2025-08-14,3383.199951171875,3383.199951171875,3423.800048828125,3375.5,3407.199951171875,165697,valid,,87.44999694824219,95121.46,2026-10-03T13:44:11.057201+00:00,-0.007364403748689963,-0.020412890811802753,0.011329298356070217,0.030018830476800318,0.14173866324272177,0.36435859893976974,3417.3,3423.4499755859374,3388.629992675781,3369.88599609375,3308.7289965820314,3041.9144982910157,3405.99620326044,3392.090162207537,3358.5562458103395,3087.5046842874513,55.98287949301303,0.759482917400084,16.689364775365448,16.533214606887746,0.15615016847770136,2.7329042066812193,90.0,54.69288853236607,0.19221149774353452,0.17338045865345575,0.21809619169016878,0.1847767190589306,3497.8949693557447,3279.3650159958174,0.06448917522190255,182176.75,0.9095397738734449,0.219741471960897,8303387,-0.0016024297476092144,0.003950862163751036,0.11219429509688239,-0.042698322717120124,0.37016038314995436,-0.000322770190561105,0.014276439325254933,0.005562204954040905,False,False,False,False,False,False,GOLD,89.07377414872599,-0.18846946020555067,54.36507936507936,98.99,-0.3323,4.133,-0.3136,3.57,-0.5017,90.9,12.2084,6740.02,-1.3277,24450.4492,-1.2737,29.49,24.1684,19.88,11.3102,91.7869,-0.3648,199,999,central_bank,high,-0.0001773035954960589,0,-0.0072416648006611295,0,-0.0004728817506250982,0,0.02692719879730876,1,0.08961928220259407,1,0.18520930086890308,1
2025-08-15,3382.60009765625,3382.60009765625,3394.800048828125,3377.699951171875,3383.199951171875,118486,valid,,87.69180297851562,95367.57,2026-10-03T13:44:11.057201+00:00,-0.0001773035954960589,-0.031134519993021192,0.007235818263649385,0.02085411125886516,0.15890093225616364,0.35716587634086827,3395.560009765625,3421.72998046875,3389.8449951171874,3370.03599609375,3312.2959985351563,3044.921998291016,3401.3169821396023,3391.186346535986,3359.4991419611597,3090.4409570572902,59.737129909167706,0.9335286581485944,13.87771993839533,16.002115673189266,-2.1243957347939357,-0.5059106690054826,-17.199951171875,52.671473911830354,0.19184015247158703,0.1725306058190397,0.21682143458946632,0.18474269983498715,3498.2267729443506,3281.463217290024,0.06394497564534479,182330.4,0.6498422643728055,-0.28492368600517815,8184901,-0.0021372356173721785,0.0037281802262823316,0.1108987683607815,-0.04286805574647677,0.35945670124411716,0.0,0.005055311642689696,0.00587797846859574,False,False,False,False,False,False,GOLD,89.26479146224185,-0.15525119331453674,55.158730158730165,98.99,-0.3323,4.133,-0.3136,3.57,-0.5017,90.9,12.2084,6740.02,-1.3277,24450.4492,-1.2737,29.49,24.1684,19.88,11.3102,91.7869,-0.3648,198,999,central_bank,high,-0.0013599294990375155,0,0.0017441915016316312,1,0.010613108646400304,1,0.03946668129422104,1,0.09945009537983407,1,0.2185892156912277,1
2025-08-18,3378.0,3378.0,3403.60009765625,3368.0,3382.39990234375,119141,valid,,87.51280212402344,95043.47,2026-10-03T13:44:11.057201+00:00,-0.0013599294990375155,-0.007842086396683823,-0.008337219104606497,0.025189681335356706,0.15266494486967308,0.3310741331098377,3390.22001953125,3416.889990234375,3388.425,3370.663994140625,3315.850998535156,3047.807998046875,3396.653585711682,3389.9305040087493,3360.22466580582,3093.3022410666704,57.42982140265826,0.8265626399994657,11.149754285132076,15.031643395577829,-3.881889110445753,-1.4125584789633883,-48.39990234375,53.321480887276785,0.18472145219003439,0.17212146476169377,0.21681922814265142,0.18397660130987656,3496.6375662680716,3280.2124337319287,0.06387189698343006,178727.7,0.6666062395476433,0.00552807926674892,8065760,-0.0030766506562775048,0.0021764275146158633,0.10833753378316917,-0.04416968771193791,0.3497423046729677,-5.9183854644435496e-05,0.010538809252883204,0.005269289935230712,False,False,False,False,False,False,GOLD,89.00951176244388,-0.20158617658083702,51.587301587301596,98.99,-0.3323,4.133,-0.3136,3.57,-0.5017,90.9,12.2084,6740.02,-1.3277,24450.4492,-1.2737,29.49,24.1684,19.88,11.3102,91.7869,-0.3648,195,999,central_bank,high,-0.005713454360013359,0,0.0010657482700562326,1,0.011693309650680828,1,0.06341028749907496,1,0.10275313725762292,1,0.2185612210442569,1
2025-08-19,3358.699951171875,3358.699951171875,3389.699951171875,3358.10009765625,3378.300048828125,133497,valid,,87.29509735107422,94265.36,2026-10-03T13:44:11.057201+00:00,-0.005713454360013359,-0.01185644272672104,-0.024682754364553472,-0.002109482902504012,0.15981217045988538,0.32164635684034204,3382.160009765625,3409.289990234375,3384.175,3370.7399951171874,3318.827998046875,3050.854997558594,3389.0628588037207,3386.9561656433325,3360.164873075077,3095.9430143015484,58.871624218165685,0.8934041159858503,7.345791496028596,13.494473015667984,-6.148681519639387,-2.212711476414986,-76.0,50.728602818080354,0.18062076514633846,0.16688408114769931,0.216215183376672,0.18410643297811966,3489.8949039346903,3278.45509606531,0.06247898169253002,174033.95,0.767074470239854,0.12049588302935188,7932263,-0.007527698428159789,-0.0035719290015693524,0.10090448541786781,-0.049630780577111414,0.34203061361744175,8.882440145793699e-05,0.009408358583680622,0.003985773124676062,False,False,False,False,False,False,GOLD,90.13981932952923,-0.0014277826478175167,62.301587301587304,98.99,-0.3323,4.133,-0.3136,3.57,-0.5017,90.9,12.2084,6740.02,-1.3277,24450.4492,-1.2737,29.49,24.1684,19.88,11.3102,91.7869,-0.3648,194,999,central_bank,high,0.008872495090765042,1,0.017804522493073627,1,0.02212166907085611,1,0.08241285403643972,1,0.10691639708124479,1,0.25453305115453806,1
2025-08-20,3388.5,3388.5,3394.300048828125,3353.39990234375,3359.0,135521,valid,,87.0791015625,94866.42,2026-10-03T13:44:11.057201+00:00,0.008872495090765042,-0.005809362011696351,-0.0026783898618697455,0.026693764471901194,0.18957345971563977,0.3285108877372416,3378.2,3404.8,3383.7199951171874,3371.6419970703123,3321.847998046875,3054.0514978027345,3388.950287042977,3387.1031974868247,3361.2760545231135,3098.8540290846177,62.48361790788931,0.9999999999400119,6.658977918250457,12.12737399618448,-5.468396077934022,-1.3077387901450077,-44.89990234375,50.857177734375,0.17794329678780665,0.162826050392412,0.2149305666597234,0.18425082711122004,3489.274817697048,3278.1651725373267,0.06238980928217959,167658.75,0.8083145078917694,0.015161389394518165,8067784,0.0014126478815353733,0.004999938589070535,0.10950977822010469,-0.04119863434337021,0.3539377736484153,8.933481182807694e-05,0.01207028079810032,0.003582230277522448,False,False,False,False,False,False,GOLD,89.86871331005445,-0.05239104061011536,59.523809523809526,98.99,-0.3323,4.133,-0.3136,3.57,-0.5017,90.9,12.2084,6740.02,-1.3277,24450.4492,-1.2737,29.49,24.1684,19.88,11.3102,91.7869,-0.3648,193,999,central_bank,high,-0.0020362704275490584,0,0.008558359155968809,1,0.017736490381068393,1,0.06439426034288775,1,0.08552458280304709,1,0.2378633613693375,1
2025-08-21,3381.60009765625,3381.60009765625,3394.39990234375,3367.39990234375,3392.199951171875,123500,valid,,87.01820373535156,94607.03,2026-10-03T13:44:11.057201+00:00,-0.0020362704275490584,-0.0004728817506250982,0.00240109608900263,0.026313453483314486,0.16562682562666065,0.32741907660696756,3377.880029296875,3397.5900146484373,3384.125,3372.4,3324.435998535156,3057.228498535156,3387.480249165632,3386.579092741056,3362.0730758224527,3101.667422801748,46.77306109657138,0.057552894984762924,5.494570763871252,10.800813349721835,-5.306242585850583,-2.0876119678885474,-72.099853515625,43.950038364955354,0.1761946161140757,0.1628487376505404,0.21356031472808706,0.1842634363409856,3489.576822666797,3278.673177333203,0.062321470197918685,163070.2,0.75734254327277,-0.08870211996664723,7944284,-0.0007461019742915093,0.002728056474987303,0.1060998872921692,-0.043151013210149886,0.3511807901991942,0.001091914172015319,0.007984385858843989,0.0034767524611542026,False,False,False,False,False,False,GOLD,88.92629078217881,-0.22339885904218904,49.60317460317461,98.99,-0.3323,4.133,-0.3136,3.57,-0.5017,90.9,12.2084,6740.02,-1.3277,24450.4492,-1.2737,29.49,24.1684,19.88,11.3102,91.7869,-0.3648,192,999,central_bank,high,0.010911965128379553,1,0.01519987605257489,1,0.027413043676017157,1,0.08034656474022084,1,0.09587175946575544,1,0.21072859975652358,1
2025-08-22,3418.5,3418.5,3423.39990234375,3362.800048828125,3383.300048828125,186037,valid,,87.29340362548828,95941.85,2026-10-03T13:44:11.057201+00:00,0.010911965128379553,0.010613108646400304,0.024853069887484258,0.030568840058639024,0.17047862962933857,0.35832640613681876,3385.060009765625,3390.310009765625,3388.2699951171876,3372.722001953125,3327.160998535156,3060.572498779297,3393.684199332506,3389.6191791466695,3364.285896378435,3104.8199857589448,48.64866670787179,0.17006698978339302,7.463251718615993,10.133301023500668,-2.6700493048846745,-2.085184538996032,-72.800048828125,45.307163783482146,0.17469933036006582,0.1637555206718314,0.21386888862644737,0.18403436893664588,3492.196859664896,3284.3431305694794,0.061345090383851233,162553.05,1.1444694516651572,0.5063724696356275,8130321,0.00892195867695542,0.01357301254605377,0.1169478917304997,-0.032709910433176795,0.36592482786397984,0.0005027061517571858,0.017727030427265547,0.004609924314857302,False,False,False,False,False,False,GOLD,87.64710776992375,-0.45382060713727196,36.11111111111111,98.99,-0.3323,4.133,-0.3136,3.57,-0.5017,90.9,12.2084,6740.02,-1.3277,24450.4492,-1.2737,29.49,24.1684,19.88,11.3102,91.7869,-0.3648,191,999,central_bank,high,-0.00029252596167905764,0,0.008805060013529431,1,0.028550562426868487,1,0.07573494291173022,1,0.10431478650175507,1,0.1918970308614889,1
2025-08-25,3417.5,3417.5,3421.5,3405.5,3417.60009765625,97780,valid,,87.3301010131836,95954.1,2026-10-03T13:44:11.057201+00:00,-0.00029252596167905764,0.011693309650680828,0.03247734138972813,0.039101250106336805,0.16797676008202322,0.34214347659963495,3392.960009765625,3391.5900146484373,3393.6449951171876,3372.0160009765623,3329.6739990234373,3064.2784985351564,3398.447359466005,3392.274495418415,3366.3727239714376,3107.9312296817416,46.98246729160903,0.07011478344251304,8.84084219063925,9.874809256928383,-1.033967066289133,0.3759523309453172,12.800048828125,43.478602818080354,0.17161551349820994,0.16267725352277929,0.2138819380003911,0.1837398357413085,3491.467773790193,3295.8222164441822,0.05765056675858847,158431.3,0.6171760251919879,-0.47440562898778205,8032541,0.00702931653638734,0.013488666426924341,0.11527069149673631,-0.03299286789684991,0.3655252593901277,-0.00026324479852266687,0.004681784930503385,0.006414262012503787,False,False,False,False,False,False,GOLD,88.36001149003768,-0.3282387944593727,43.65079365079365,98.99,-0.3323,4.133,-0.3136,3.57,-0.5017,90.9,12.2084,6740.02,-1.3277,24450.4492,-1.2737,29.49,24.1684,19.88,11.3102,91.7869,-0.3648,188,999,central_bank,high,0.004535479151426491,1,0.016620350790965688,1,0.051119224922275164,1,0.07745426515636433,1,0.11651790817026342,1,0.18990490124359916,1
2025-08-26,3433.0,3433.0,3443.300048828125,3396.10009765625,3410.800048828125,176297,valid,,87.60859680175781,96696.69,2026-10-03T13:44:11.057201+00:00,0.004535479151426491,0.02212166907085611,0.032791817087846065,0.010538104716437235,0.17303351515271848,0.3435347783352709,3407.82001953125,3394.9900146484374,3399.0949951171874,3372.33,3332.786999511719,3067.9144982910157,3405.357887572804,3396.1531149023754,3368.985558325499,3111.1657448092865,49.933171443398905,0.24712204160859208,11.055867863129606,10.111020978168629,0.9448468849609775,1.0002942041777096,34.0,44.792881556919646,0.17167980671037764,0.1484271085393624,0.21392341684418895,0.18375562598100503,3492.6319252786725,3305.5580649557023,0.05503637309096905,161588.95,1.0910213848162198,0.8029965228062999,8208838,0.009974715308488665,0.01799052880352222,0.11900119834246897,-0.02860702720991664,0.37171857073483605,-0.0019604831519745543,0.01374889343776908,0.007936647693784282,False,False,False,False,False,False,GOLD,88.97931508839936,-0.21988505600580543,49.60317460317461,98.99,-0.3323,4.133,-0.3136,3.57,-0.5017,90.9,12.2084,6740.02,-1.3277,24450.4492,-1.2737,29.49,24.1684,19.88,11.3102,91.7869,-0.3648,187,999,central_bank,high,0.004544158944436383,1,0.024206262061243766,1,0.05898630935042237,1,0.07253131371977872,1,0.09761144703065838,1,0.18928052689429808,1
2025-08-27,3448.60009765625,3448.60009765625,3452.5,3422.199951171875,3443.0,153806,valid,,87.60070037841797,97127.34,2026-10-03T13:44:11.057201+00:00,0.004544158944436383,0.017736490381068393,0.04636205065973442,0.02117201087691245,0.18341854503552812,0.35085597930815116,3419.8400390625,3399.02001953125,3406.734997558594,3373.16400390625,3336.919001464844,3071.683498535156,3414.0063295894934,3401.1480656408394,3372.1076971227835,3114.5233005590076,49.13415122447407,0.1991903036587357,13.909746275827729,10.87076603770045,3.0389802381272784,1.1824090675931265,40.300048828125,43.114310128348215,0.16764125837157914,0.1481284907387445,0.21380810710558376,0.18377263621901221,3489.0335729719995,3324.4364221451883,0.04831521998180662,168316.65,0.913789574590506,-0.12757449077409144,8362644,0.012288921835025626,0.02236360095821605,0.12270684766211024,-0.02419286314405125,0.37795187794728835,0.002912904165452108,0.008786188009653204,0.009952375162742626,False,False,False,False,False,False,GOLD,89.13645147233805,-0.1946739675647316,53.57142857142857,98.99,-0.3323,4.133,-0.3136,3.57,-0.5017,90.9,12.2084,6740.02,-1.3277,24450.4492,-1.2737,29.49,24.1684,19.88,11.3102,91.7869,-0.3648,186,999,central_bank,high,0.0074522851139919855,1,0.04164004217630768,1,0.04584464682439493,1,0.06524386522894177,1,0.09351620682814987,1,0.17728930146446142,1
2025-08-28,3474.300048828125,3474.300048828125,3478.699951171875,3442.5,3452.60009765625,156602,valid,,87.65910339355469,97916.39,2026-10-03T13:44:11.057201+00:00,0.0074522851139919855,0.027413043676017157,0.0549921354127938,0.022093462795667262,0.19828246045661047,0.3690204042798588,3438.380029296875,3408.130029296875,3415.790002441406,3374.4880029296874,3341.9260009765626,3075.9664990234373,3426.06507343722,3408.114921182486,3376.1152403269148,3118.103168700989,46.992216184461746,0.07069960140637704,18.037313829107916,12.304075595981944,5.733238233125972,2.692719879730876,91.10009765625,39.335728236607146,0.16816490004787943,0.1483012003347177,0.21376571734381652,0.18373475294694144,3484.1650992054274,3347.414905677385,0.04003471918070532,168245.3,0.9307956893892375,0.01817874465235425,8519246,0.01712928673744058,0.029578426656652067,0.1294986632432511,-0.016920870143934622,0.38822076821510926,0.001159890937403074,0.010419350851425384,0.012239486249721054,False,False,False,False,False,False,GOLD,88.65272188021075,-0.2832526184833978,45.63492063492063,98.99,-0.3323,4.133,-0.3136,3.57,-0.5017,90.9,12.2084,6740.02,-1.3277,24450.4492,-1.2737,29.49,24.1684,19.88,11.3102,91.7869,-0.3648,185,999,central_bank,high,0.012031214414605307,1,0.04639782082904653,1,0.05152116900794912,1,0.06104822569575297,1,0.09633593715798061,1,0.17419334618954618,1
2025-08-29,3516.10009765625,3516.10009765625,3518.5,3463.0,3477.199951171875,0,valid,,87.5916976928711,99018.25,2026-10-03T13:44:11.057201+00:00,0.012031214414605307,0.028550562426868487,0.03420790845279642,0.041776538745595726,0.20377288343051658,0.37331563902660725,3457.900048828125,3421.480029296875,3421.6050048828124,3377.096005859375,3347.185002441406,3080.515499267578,3444.072078281026,3418.399223703797,3381.604842575124,3122.0633371483054,73.42307056566078,0.9999999999624766,24.40008644740692,14.72327776626694,9.676808681139981,3.946668129422104,133.5,36.27858189174107,0.1322968643895552,0.14934617889257654,0.214136041175366,0.18389256874713727,3502.8287145930058,3340.381295172619,0.04747696452060309,156747.6,0.0,-1.0,8519246,0.027617183350667436,0.04116083509490314,0.1413999048185588,-0.005093234346116052,0.4049227499323086,0.0008346723953008311,0.015784533562334932,0.013179666478595684,False,False,False,False,False,False,GOLD,87.46517489647145,-0.4983035906013104,32.93650793650794,98.99,-0.3323,4.133,-0.3136,3.57,-0.5017,90.9,12.2084,6740.02,-1.3277,24450.4492,-1.2737,29.49,24.1684,19.88,11.3102,91.7869,-0.3648,184,999,central_bank,high,0.02164325571002701,1,0.02576714285694437,1,0.04587463388628166,1,0.05770595168180748,1,0.09644203637480664,1,0.16441507279641243,1
2025-09-02,3592.199951171875,3592.199951171875,3602.39990234375,3506.0,3517.89990234375,374141,valid,,88.00140380859375,101634.5,2026-10-03T13:44:11.057201+00:00,0.02164325571002701,0.051119224922275164,0.04838899531683771,0.07338787018133064,0.21901720227010668,0.42118998749160874,3492.8400390625,3442.9000244140625,3429.8950073242186,3381.0400048828124,3352.3130029296876,3085.5439990234377,3473.697652859196,3434.951673938852,3389.8634742848008,3126.7413134072467,81.34328062630556,0.9999999999710735,35.17774463168098,18.81417113934975,16.36357349233123,6.341028749907496,214.199951171875,40.90000697544643,0.14882067379622477,0.15410871807732585,0.21584313381092185,0.18446304011545456,3541.3847228648224,3318.4052917836148,0.06501057047081353,168543.2,2.219852239663171,inf,8893387,0.04732067410256645,0.062454140141509226,0.16420312019813288,-0.0028314322252884806,0.43532985226191917,0.0005118752701890358,0.02683589545517221,0.014449696652756729,False,False,True,False,False,False,GOLD,87.4631741574593,-0.49821547880081174,32.93650793650794,98.99,-0.3323,4.133,-0.3136,3.57,-0.5017,90.9,12.2084,6740.02,-1.3277,24450.4492,-1.2737,29.49,24.1684,19.88,11.3102,91.7869,-0.3648,180,999,central_bank,high,0.012053908305966976,1,0.017009102635368922,1,0.02505428462317072,1,0.03699686773867339,1,0.078225044212344,1,0.15249709266585154,1
2025-09-03,3635.5,3635.5,3640.10009765625,3592.39990234375,3600.0,220786,valid,,87.99829864501953,102855.97,2026-10-03T13:44:11.057201+00:00,0.012053908305966976,0.05898630935042237,0.05846218059298436,0.0836388881409611,0.2153578513209491,0.44094332144272697,3533.3400390625,3470.580029296875,3439.935009765625,3387.0720068359374,3356.8930029296876,3090.8569995117186,3506.0581222873566,3454.0515145161044,3399.4962792148085,3131.803588895732,83.19695844400638,0.9999999999725456,46.67502779218239,24.38634246991628,22.28868532226611,8.241285403643971,276.800048828125,42.185721261160715,0.1527097898498649,0.1556821181470758,0.21548866377939727,0.18473666904547562,3584.5044880441187,3295.3655314871316,0.08405361023858501,171874.35,1.2845779489493268,-0.409885577897103,9114173,0.056851361923736604,0.07334594383071898,0.17621099927112308,-0.001263728340660357,0.4526311866898967,0.00217138492682687,0.013120669870028023,0.015607286418175277,False,False,True,False,False,False,GOLD,87.51384179713902,-0.48687042144366366,33.730158730158735,98.99,-0.3323,4.133,-0.3136,3.57,-0.5017,90.9,12.2084,6740.02,-1.3277,24450.4492,-1.2737,29.49,24.1684,19.88,11.3102,91.7869,-0.3648,179,999,central_bank,high,-0.007921894877767843,0,0.011525210381996942,1,0.012790537752716213,1,0.022637889926591992,1,0.07206711594003568,1,0.1457021579734561,1
2025-09-04,3606.699951171875,3606.699951171875,3621.60009765625,3573.699951171875,3619.800048828125,232579,valid,,88.072998046875,102127.77,2026-10-03T13:44:11.057201+00:00,-0.007921894877767843,0.04584464682439493,0.05047476372030668,0.07875218535585571,0.2017926206422027,0.42783054282338684,3564.960009765625,3492.4000244140625,3448.6000122070313,3392.34400390625,3360.5140014648437,3096.039998779297,3526.18648806426,3468.589460864273,3407.6219134092034,3136.528925833803,82.30703427286446,0.9755675741223183,52.85352178301355,30.079778332535735,22.773743450477813,6.4394260342887755,218.199951171875,43.15000697544643,0.15713392040679836,0.1565457828056736,0.2159277539717692,0.1849774773561728,3611.173253640366,3286.0267707736966,0.09428361703753757,175924.3,1.3220402184348536,0.053413712825994386,8881594,0.04584467273826204,0.06318815161986324,0.164939714148963,-0.009175612095357258,0.4347030873460216,-0.00431851221891643,0.013280879233881984,0.016583226298979924,False,False,False,False,True,False,GOLD,88.15966397700771,-0.3691943184579763,41.269841269841265,98.99,-0.3323,4.133,-0.3136,3.57,-0.5017,90.9,12.2084,6740.02,-1.3277,24450.4492,-1.2737,29.49,24.1684,19.88,11.3102,91.7869,-0.3648,178,999,central_bank,high,0.01292042539915439,1,0.0209332633770849,1,0.018548852798979887,1,0.019851969563752014,1,0.07247626639954952,1,0.1797210635615154,1
2025-09-05,3653.300048828125,3653.300048828125,3655.5,3595.39990234375,3602.0,237651,valid,,88.19290161132812,103588.14,2026-10-03T13:44:11.057201+00:00,0.01292042539915439,0.05152116900794912,0.057793120560031275,0.09259206931762631,0.2152955424459997,0.4365537763122449,3600.760009765625,3519.57001953125,3458.5800170898438,3398.4500048828127,3364.7840014648436,3101.2334985351563,3551.6092002170335,3486.180945432259,3417.256350092299,3141.6709270576275,84.53685251208087,0.9999999999735197,60.80928957424294,36.22568058087718,24.583608993365758,8.034656474022084,271.699951171875,46.221435546875,0.16106532481964486,0.15831632181924646,0.21654735615818144,0.18525605170133497,3645.1991705656815,3271.960863614006,0.10791663200136736,175352.3,1.3552773473743924,0.021807643854346193,9119245,0.05630057155712951,0.07499008182526588,0.17801515124661044,-0.0006018194971616463,0.4532400615560072,-0.0013031167647717984,0.01645090653736803,0.017693363774844418,False,False,True,False,True,False,GOLD,88.94434269906623,-0.22798940190484315,49.60317460317461,98.99,-0.3323,4.133,-0.3136,3.57,-0.5017,90.9,12.2084,6740.02,-1.3277,24450.4492,-1.2737,29.49,24.1684,19.88,11.3102,91.7869,-0.3648,177,999,central_bank,high,0.006596735333402437,1,0.00785589762359673,1,0.00906026142753924,1,0.014370568882465795,1,0.06996410097703687,1,0.17012009622881497,1
2025-09-08,3677.39990234375,3677.39990234375,3685.699951171875,3621.699951171875,3635.0,227640,valid,,88.1863021850586,104263.68,2026-10-03T13:44:11.057201+00:00,0.006596735333402437,0.04587463388628166,0.05330388420155718,0.0808253021082459,0.20935275035955092,0.4566266973362312,3633.019970703125,3545.460009765625,3467.885009765625,3406.2460009765623,3369.1540014648435,3106.465498046875,3576.767340642377,3504.3922746619246,3427.4580580237284,3147.0015636276385,86.3879403760265,0.9999999999747571,68.27195305780015,42.634935076261776,25.63701798153837,7.573494291173022,258.89990234375,48.25,0.15893620441318274,0.1551382101576445,0.2161904564182286,0.18511520614666493,3678.401541953445,3257.368477577805,0.1214091768296474,170667.0,1.3338255198720237,-0.0421247964452075,9346885,0.060415755420974736,0.07960490853842293,0.18378906981444162,-0.0022519599907973335,0.4626521254322839,-0.005009183090228279,0.017403600831988088,0.018095877036295338,False,False,True,False,True,False,GOLD,88.77033792170077,-0.2578991924402282,48.01587301587302,98.99,-0.3323,4.133,-0.3136,3.57,-0.5017,90.9,12.2084,6740.02,-1.3277,24450.4492,-1.2737,29.49,24.1684,19.88,11.3102,91.7869,-0.3648,174,999,central_bank,high,0.0013052833402931174,1,-0.001033285687824792,0,0.011312367096582676,1,0.026567737506663747,1,0.08128029434434758,1,0.14776742175835156,1
2025-09-09,3682.199951171875,3682.199951171875,3715.199951171875,3663.699951171875,3676.60009765625,262656,valid,,87.98049926757812,104156.13,2026-10-03T13:44:11.057201+00:00,0.0013052833402931174,0.02505428462317072,0.08150497958108938,0.06643880302932925,0.21077206704314255,0.45386347461653664,3651.019970703125,3571.9300048828127,3481.760009765625,3413.7360009765625,3372.512001953125,3111.617998046875,3597.8538627482767,3521.3263390914435,3437.447936186401,3152.326920717631,90.7533483996452,0.9999999999772626,73.72365110034889,48.8526782810792,24.87097281926969,7.745426515636433,264.699951171875,49.671439034598215,0.1218075873163775,0.1525775648535773,0.21617937623989325,0.18510798978103055,3710.5301674722523,3252.9898520589977,0.13141064120726761,172574.15,1.5219892434643225,0.15382182393252508,9609541,0.05756856901222352,0.07864227055590553,0.1833714657399989,-0.00888242905730606,0.45604812106592524,-0.00021749189882504642,0.013986204085303931,0.019926558108061963,False,False,False,False,True,False,GOLD,90.07779489029379,-0.022524055613899086,61.50793650793651,98.99,-0.3323,4.133,-0.3136,3.57,-0.5017,90.9,12.2084,6740.02,-1.3277,24450.4492,-1.2737,29.49,24.1684,19.88,11.3102,91.7869,-0.3648,173,999,central_bank,high,-5.4302095086167235e-05,0,0.0011406092085082253,1,0.01165068357320509,1,0.036255499910457845,1,0.08750202472555402,1,0.14944871438961105,1
2025-09-10,3682.0,3682.0,3697.5,3651.39990234375,3662.0,182028,valid,,88.21829986572266,104431.98,2026-10-03T13:44:11.057201+00:00,-5.4302095086167235e-05,0.012790537752716213,0.08325978228890851,0.0774587971175218,0.20967210097049072,0.4478391957097454,3660.319970703125,3596.8300048828123,3495.910009765625,3420.38,3376.0480029296873,3116.6534985351564,3614.683090198622,3536.628592511306,3447.038213198699,3157.597299615963,89.95373755367375,0.9818188807762203,77.13881840657996,54.50990630617936,22.628912100400598,7.253131371977872,249.0,50.04286411830357,0.12094772729078451,0.15074250603713585,0.2161908022388031,0.18509714921152132,3737.7613618913515,3254.0586576398987,0.1383624586731691,171984.55,1.058397396742899,-0.30697185672514615,9427513,0.05323077244965972,0.07648857729255913,0.1813953658083512,-0.008936248817884997,0.45591142744149626,-0.005485837662194525,0.012520395887082423,0.022082344583234288,False,False,False,False,True,False,GOLD,89.51450299793443,-0.12375483433760222,56.74603174603175,98.99,-0.3323,4.133,-0.3136,3.57,-0.5017,90.9,12.2084,6740.02,-1.3277,24450.4492,-1.2737,29.49,24.1684,19.88,11.3102,91.7869,-0.3648,172,999,central_bank,high,-0.0022813422986828202,0,0.010048886474741892,1,0.009722989904433765,1,0.023384056940860987,1,0.10551330798479097,1,0.15236284627919616,1
2025-09-11,3673.60009765625,3673.60009765625,3687.5,3651.0,3680.60009765625,214612,valid,,88.05339813232422,103998.98,2026-10-03T13:44:11.057201+00:00,-0.0022813422986828202,0.018548852798979887,0.0778394052833884,0.07828236900327656,0.21586026887952747,0.44493401461732507,3673.7,3619.3300048828123,3509.175012207031,3426.6580029296874,3378.531003417969,3121.460499267578,3626.4664916901474,3549.6734977632054,3455.922992981348,3162.7316558153693,89.58787345988756,0.9733732812493684,78.26536675405032,59.26099839575356,19.00436835829676,6.524386522894177,225.0,50.721435546875,0.12295657457321556,0.15065703964542201,0.21586621312783086,0.18512774077845276,3759.7391839549377,3258.6108404591246,0.14280517265523754,175922.85,1.2199211188313444,0.17900542773639216,9212901,0.04685576663381056,0.07206499584007584,0.1768850185732126,-0.011197204474147368,0.44703988983024684,-0.00038020161427203145,0.00993575757559376,0.024080900167676535,False,False,False,False,True,False,GOLD,88.102266859651,-0.37769974880084145,40.87301587301587,98.99,-0.3323,4.133,-0.3136,3.57,-0.5017,90.9,12.2084,6740.02,-1.3277,24450.4492,-1.2737,29.49,24.1684,19.88,11.3102,91.7869,-0.3648,171,999,central_bank,high,0.0034842672983557144,1,0.0140189456203621,1,0.0012793856290655992,1,0.026540722290976815,1,0.08139154835899576,1,0.15499779159604943,1
2025-09-12,3686.39990234375,3686.39990234375,3695.5,3667.300048828125,3672.800048828125,154559,valid,,88.2676010131836,104615.21,2026-10-03T13:44:11.057201+00:00,0.0034842672983557144,0.00906026142753924,0.08961928220259407,0.08165834239401804,0.2224432228957849,0.42850490693688204,3680.319970703125,3640.539990234375,3524.335009765625,3433.5280029296873,3381.201003417969,3126.799998779297,3638.4531738208684,3562.69506010421,3464.961303152423,3167.94228513406,88.85989701747303,0.9567417576435014,79.2771441323639,63.264227543075634,16.012916589288267,6.104822569575297,212.099853515625,48.407156808035715,0.1157291193602239,0.1507095105845433,0.21581521609325707,0.184642150379394,3779.454736019901,3269.215283511349,0.1447760928216467,175365.95,0.881351254334146,-0.2798212588298884,9367460,0.04598453101904658,0.07364783371454199,0.1789688831337924,-0.007751951229174874,0.4504819603947667,-0.00021778332068185971,0.00764972654050319,0.026447143217829937,False,False,False,False,True,False,GOLD,86.9700571405585,-0.582030827453588,25.793650793650798,98.99,-0.3323,4.133,-0.3136,3.57,-0.5017,90.9,12.2084,6740.02,-1.3277,24450.4492,-1.2737,29.49,24.1684,19.88,11.3102,91.7869,-0.3648,170,999,central_bank,high,0.008843342697444134,1,0.008517835100964266,1,0.00526262668139732,1,0.0332574058441959,1,0.08517795364533409,1,0.14412443224918658,1
2025-09-15,3719.0,3719.0,3724.89990234375,3662.800048828125,3680.199951171875,189452,valid,,88.27729797363281,105551.95,2026-10-03T13:44:11.057201+00:00,0.008843342697444134,0.011312367096582676,0.09945009537983407,0.0984434691895133,0.2290558577695847,0.4245221854509318,3688.639990234375,3660.82998046875,3541.1550048828126,3440.9780029296876,3385.4500024414065,3132.288498535156,3654.562539056695,3577.58124485619,3474.9236049895835,3173.42544647601,90.06114223875058,0.9841821697282632,81.76698155937811,66.96477834633613,14.802203213041977,5.770595168180748,202.89990234375,51.700003487723215,0.11550330131254878,0.1505580753677901,0.21604624268829095,0.1845075133607415,3801.2385069949,3281.071502770725,0.14689190490299983,178914.25,1.0588983269918353,0.2257584482301258,9556912,0.05022231302270334,0.0807973770345293,0.18731081180390557,-0.0015839089635767472,0.46330906944699457,-0.0016818444379654782,0.016697997718636275,0.029112944595345875,False,False,True,False,True,False,GOLD,87.47089750920635,-0.49407587978789996,33.33333333333333,98.99,-0.3323,4.133,-0.3136,3.57,-0.5017,90.9,12.2084,6740.02,-1.3277,24450.4492,-1.2737,29.49,24.1684,19.88,11.3102,91.7869,-0.3648,167,999,central_bank,high,0.0016402521259075709,1,-0.010943788967968548,0,0.015084726446961572,1,0.03662273492118184,1,0.11132024737832746,1,0.13906969489446097,1
2025-09-16,3725.10009765625,3725.10009765625,3739.89990234375,3711.800048828125,3720.300048828125,192295,valid,,88.12349700927734,105540.89,2026-10-03T13:44:11.057201+00:00,0.0016402521259075709,0.01165068357320509,0.10275313725762292,0.09723125115058906,0.23245660799214218,0.4278432431653443,3697.22001953125,3674.1199951171875,3558.510009765625,3448.62400390625,3389.2150024414063,3137.7144995117187,3668.6700507766063,3591.630659408577,3484.734447839257,3178.9147464877537,89.80651068456544,0.9783635004825215,83.27250891141875,70.22632445935267,13.046184452066086,3.699686773867339,132.900146484375,50.33571079799107,0.11386854658472158,0.15053947332263923,0.2160038369199837,0.18449481442146223,3819.075629739673,3297.944389791577,0.14644647296700247,182571.95,1.053255990309568,0.015006439625868229,9749207,0.04681456211543728,0.08016997313617139,0.18720173496847822,-0.003957272941508725,0.46570926525901407,0.0003495694617167654,0.007543382131743858,0.03186372470146803,False,False,True,False,True,False,GOLD,87.70926134731246,-0.4538225134917667,35.714285714285715,98.99,-0.3323,4.133,-0.3136,3.57,-0.5017,90.9,12.2084,6740.02,-1.3277,24450.4492,-1.2737,29.49,24.1684,19.88,11.3102,91.7869,-0.3648,166,999,central_bank,high,-0.001959691991288537,0,-0.005181081936635246,0,0.024321454763760242,1,0.03975728158521319,1,0.11766121532231266,1,0.13411722760700773,1
2025-09-17,3717.800048828125,3717.800048828125,3744.0,3679.5,3727.300048828125,256047,valid,,87.88459777832031,105048.5,2026-10-03T13:44:11.057201+00:00,-0.001959691991288537,0.009722989904433765,0.10691639708124479,0.115150471738666,0.21457041778115804,0.4341151785520889,3704.380029296875,3682.35,3576.4650146484373,3456.6420068359375,3393.40900390625,3143.0184997558595,3678.4960503869106,3603.646791734248,3493.8742753290167,3184.2767892971106,87.53486630469934,0.9264534089281258,82.92073859511675,72.76520728650549,10.155531308611259,2.263788992659199,82.300048828125,52.778564453125,0.10992772852876669,0.14511628138747212,0.21548227904755873,0.18436098143588073,3828.4049465063217,3324.525082790553,0.14088768145412958,188699.45,1.3569037959570027,0.33153228113055455,9493160,0.03951808101037478,0.0755525279955632,0.1828756493532348,-0.006997850206161326,0.4628369265503294,0.0005905750487774999,0.01734896959300258,0.034664569711153274,False,False,False,False,False,False,GOLD,89.10886433683595,-0.2043465565866571,54.36507936507936,98.99,-0.3323,4.133,-0.3136,3.57,-0.5017,90.9,12.2084,6740.02,-1.3277,24450.4492,-1.2737,29.49,24.1684,19.88,11.3102,91.7869,-0.3648,165,999,central_bank,high,-0.010624562774012136,0,0.01541235356274373,1,0.013529519653425082,1,0.04833502308132931,1,0.13013073389479946,1,0.16009466441302722,1
2025-09-18,3678.300048828125,3678.300048828125,3707.300048828125,3660.5,3692.5,224128,valid,,87.91069793701172,103963.27,2026-10-03T13:44:11.057201+00:00,-0.010624562774012136,0.0012793856290655992,0.08552458280304709,0.10026620244092421,0.19173823062631623,0.4154929233419511,3705.32001953125,3689.510009765625,3590.9550170898438,3463.7880078125,3396.7150048828125,3148.1175,3678.456850075154,3610.7566257431886,3501.1066586034917,3189.1924436208024,77.38991051234143,0.2288965003592059,78.54917223795564,73.92200027679553,4.627171961160116,1.9851969563752014,71.60009765625,54.285714285714285,0.12218922174162046,0.14733686239445268,0.21599961855578712,0.1847567673863105,3830.40198431847,3351.5080498612174,0.13336116219167268,193129.8,1.1605044897265926,-0.12466070682335662,9269032,0.024323621800487624,0.06192989886555869,0.16841256682063385,-0.017548063881372183,0.44729492379605656,-0.006805112834428236,0.012723282007138698,0.03671327719551099,False,False,False,False,False,False,GOLD,88.19382799397805,-0.37235612801703893,41.66666666666667,98.99,-0.3323,4.133,-0.3136,3.57,-0.5017,90.9,12.2084,6740.02,-1.3277,24450.4492,-1.2737,29.49,24.1684,19.88,11.3102,91.7869,-0.3648,164,999,central_bank,high,0.0074762797039249484,1,0.03735418549868563,1,0.025229058966434792,1,0.05159993646755212,1,0.17026888522257955,1,0.1767119993559143,1
2025-09-19,3705.800048828125,3705.800048828125,3719.60009765625,3664.39990234375,3677.699951171875,186954,valid,,88.20690155029297,105093.44,2026-10-03T13:44:11.057201+00:00,0.0074762797039249484,0.00526262668139732,0.09587175946575544,0.10686978758307197,0.18669142784815151,0.4173486997686706,3709.200048828125,3694.760009765625,3607.1650146484376,3471.390009765625,3400.4370043945314,3153.307000732422,3683.925489825748,3619.808380322706,3509.133850377007,3194.33281780197,76.48701881744805,0.0,76.42274079302388,74.42214838004121,2.0005924129826695,1.4370568882465795,52.5,54.26429966517857,0.12046570992253552,0.14782130520664358,0.2156598619340509,0.18479523328110034,3830.274691077867,3384.0553382190083,0.12370361517886491,196302.5,0.9523770711019934,-0.16586057966876067,9455986,0.027344197944676855,0.06752627575783651,0.17521067500474896,-0.010202978411288675,0.4581153054604237,-0.00016314537919249488,0.014895621616158409,0.03911257579840197,False,False,False,False,False,False,GOLD,87.12149966832703,-0.5700709286514247,26.190476190476193,98.99,-0.3323,4.133,-0.3136,3.57,-0.5017,90.9,12.2084,6740.02,-1.3277,24450.4492,-1.2737,29.49,24.1684,19.88,11.3102,91.7869,-0.3648,163,999,central_bank,high,0.01870042849452691,1,0.016811497654285468,1,0.027848224354282136,1,0.054805939564885886,1,0.13694742003683125,1,0.16984190679240996,1
2025-09-22,3775.10009765625,3775.10009765625,3783.300048828125,3718.10009765625,3721.300048828125,219170,valid,,88.09919738769531,106928.01,2026-10-03T13:44:11.057201+00:00,0.01870042849452691,0.015084726446961572,0.10431478650175507,0.14828445842532423,0.19996824464597895,0.4266118083723942,3720.420068359375,3704.530029296875,3624.99501953125,3479.61201171875,3404.9970043945314,3158.8015014648436,3702.160411391849,3634.5980676878053,3519.563899289919,3200.1115967059927,76.03189881335025,0.0,79.41402784903266,75.4205242738395,3.9935035751931593,2.6567737506663747,97.7001953125,52.914306640625,0.12875250165776067,0.14599200978508833,0.2169287957725143,0.18529505873390562,3841.5200537096184,3408.4699853528814,0.11946225195438076,197959.15,1.1071476110096397,0.1723204638574194,9675156,0.04140835430564781,0.0849198373100968,0.1951051992046391,-0.002167407043068858,0.4853826864669544,0.004182632574819394,0.017271052286093488,0.04178138462645615,False,False,True,False,False,False,GOLD,86.19146820663812,-0.7406032515120192,18.650793650793652,98.99,-0.3323,4.133,-0.3136,3.57,-0.5017,90.9,12.2084,6740.02,-1.3277,24450.4492,-1.2737,29.49,24.1684,19.88,11.3102,91.7869,-0.3648,160,999,central_bank,high,0.010754642914192258,1,-0.0010595745533962253,0,0.021217941628979498,1,0.05329658710156826,1,0.1547773011503084,1,0.1475986576825299,1
2025-09-23,3815.699951171875,3815.699951171875,3824.60009765625,3772.39990234375,3781.199951171875,291564,valid,,88.30439758300781,108329.72,2026-10-03T13:44:11.057201+00:00,0.010754642914192258,0.024321454763760242,0.11651790817026342,0.1535810404507889,0.20513549681523013,0.438529670564326,3738.5400390625,3717.880029296875,3644.9050170898436,3488.7440087890627,3410.9320043945313,3164.6380017089846,3724.868319347854,3651.8458661148593,3531.1770777950937,3206.23685396436,75.8462459686315,0.0,84.09136040585327,77.15469150024225,6.936668905611015,3.6255499910457845,133.5,53.22145298549107,0.12869585031217806,0.14681073131513916,0.21722291727174134,0.18552505472649627,3854.2049566323426,3435.6050775473445,0.11484520916791975,207648.35,1.4041238468786224,0.33030980517406583,9966720,0.046858541794965694,0.09371737839148721,0.2057303075773895,-0.0023270789774404816,0.5013574468508257,0.0016158123911496928,0.013680372141539754,0.044761383439806846,False,False,True,False,False,False,GOLD,86.34367838399561,-0.7130686329082103,19.841269841269842,98.99,-0.3323,4.133,-0.3136,3.57,-0.5017,90.9,12.2084,6740.02,-1.3277,24450.4492,-1.2737,29.49,24.1684,19.88,11.3102,91.7869,-0.3648,159,999,central_bank,high,-0.012474737040318429,0,-0.0017558904677023035,0,0.015069319059623831,1,0.04945356123033773,1,0.0768928768611028,1,0.14629031588305086,1
2025-09-24,3768.10009765625,3768.10009765625,3812.60009765625,3749.699951171875,3796.89990234375,236560,valid,,88.80799865722656,107588.43,2026-10-03T13:44:11.057201+00:00,-0.012474737040318429,0.013529519653425082,0.09761144703065838,0.12487313951006151,0.20706671255887965,0.4075831519074524,3748.600048828125,3726.4900390625,3661.660021972656,3497.37201171875,3416.1800048828127,3170.1805017089846,3733.514675009533,3662.91769769023,3540.4681766131785,3211.8275330060706,71.96520095769134,0.0,83.00049178210566,78.32385155661494,4.676640225490715,2.3384056940860987,86.10009765625,53.521449497767854,0.14376832929477906,0.14833475621573483,0.21699298469515235,0.18588752671224526,3852.359231324257,3470.960812621055,0.10415997564340394,210661.5,1.1229389328377464,-0.18865154820211005,9730160,0.029068803505744947,0.07740900454120576,0.18860742964785432,-0.014772786319440023,0.48262840749784275,-0.004927024941346925,0.016692801373159396,0.0469747026348282,False,False,False,False,False,False,GOLD,86.0748808916787,-0.7654220169278712,18.253968253968253,98.99,-0.3323,4.133,-0.3136,3.57,-0.5017,90.9,12.2084,6740.02,-1.3277,24450.4492,-1.2737,29.49,24.1684,19.88,11.3102,91.7869,-0.3648,158,999,central_bank,high,0.0007961571938777112,1,0.023115058320717363,1,0.034340887712679624,1,0.08025261922628912,1,0.07889912608012195,1,0.15827602422629639,1
2025-09-25,3771.10009765625,3771.10009765625,3792.300048828125,3751.89990234375,3768.300048828125,262183,valid,,88.77860260009766,107638.45,2026-10-03T13:44:11.057201+00:00,0.0007961571938777112,0.025229058966434792,0.09351620682814987,0.12245145473210406,0.24237340020484188,0.4046635252517361,3767.16005859375,3736.2400390625,3677.785021972656,3505.61201171875,3420.668005371094,3175.607001953125,3741.031759538877,3673.2207834012793,3549.512565673691,3217.3924341468683,68.19027311667269,0.0,81.4392643215383,78.94693410959962,2.492330211938679,2.6540722290976815,97.5,52.114310128348215,0.1444384679607416,0.14834172680088387,0.21273078229994385,0.1858828701788993,3845.8211593396004,3509.7488846057117,0.09137898836554018,216080.35,1.2133588269363633,0.10831501521812648,9992343,0.025372629211893708,0.07573230724048642,0.1875210299437826,-0.013988390585664447,0.4838088127703192,5.3064187970833396e-05,0.010713093112928267,0.0491135384287558,False,False,False,False,False,False,GOLD,84.37032051394189,-1.0755200224244206,7.936507936507936,98.99,-0.3323,4.133,-0.3136,3.57,-0.5017,90.9,12.2084,6740.02,-1.3277,24450.4492,-1.2737,29.49,24.1684,19.88,11.3102,91.7869,-0.3648,157,999,central_bank,high,0.010050091846489195,1,0.02707428890022845,1,0.025721937230010372,1,0.053432684039660616,1,0.09930789167668941,1,0.16340051737534633,1
2025-09-26,3809.0,3809.0,3814.39990234375,3764.0,3781.5,214083,valid,,88.77310180664062,108713.49,2026-10-03T13:44:11.057201+00:00,0.010050091846489195,0.027848224354282136,0.09633593715798061,0.13942986965582227,0.2809388871765912,0.4134105673785209,3787.800048828125,3748.500048828125,3694.52001953125,3514.8860107421874,3424.5300048828126,3181.060002441406,3754.625407631102,3686.152137363062,3559.6885434904093,3223.279076593168,69.49055834215596,0.0576289007202367,82.31135166251534,79.61981762018277,2.691534042332563,3.3257405844195898,122.60009765625,51.142874581473215,0.14542912384588932,0.14852773553952842,0.21054587620598364,0.18606828518084073,3842.7245117836937,3546.3155272788063,0.08022936211952501,218954.4,0.9777515318258004,-0.1834596445993829,10206426,0.030986428511285725,0.08367667923194617,0.19739960801634168,-0.00407888334934829,0.4987212276212871,0.002757790054475301,0.013231793736869722,0.05110663851971711,False,False,False,False,False,False,GOLD,82.40842787022495,-1.4293636212968113,2.7777777777777777,98.99,-0.3323,4.133,-0.3136,3.57,-0.5017,90.9,12.2084,6740.02,-1.3277,24450.4492,-1.2737,29.49,24.1684,19.88,11.3102,91.7869,-0.3648,156,999,central_bank,high,0.012129154941421527,1,0.023234444736151216,1,0.026227330623195044,1,0.05024938365548692,1,0.08632181798044103,1,0.17337881395215282,1
2025-09-29,3855.199951171875,3855.199951171875,3863.699951171875,3785.5,3788.800048828125,258145,valid,,88.67680358886719,109912.73,2026-10-03T13:44:11.057201+00:00,0.012129154941421527,0.021217941628979498,0.09644203637480664,0.15200954763839092,0.2892783138669379,0.4449232825104328,3803.82001953125,3762.1200439453123,3711.4750122070313,3524.8240087890626,3429.1630053710937,3186.5525024414064,3774.740316339257,3702.2519291543776,3571.2772261445843,3229.566846489474,72.82324840148881,0.21183315846956735,85.74205606402847,80.84426530895192,4.8977907550765565,3.6622734921181843,136.199951171875,53.050013950892854,0.14549546371316768,0.14988507753794775,0.21098500942883022,0.18602135110608028,3851.0734220271916,3571.876602386871,0.07522529957010828,231861.65,1.1133579011449237,0.20581736989859079,10464571,0.03872447975322318,0.09372835113439261,0.209834122682105,-0.002199963793104513,0.5168994496050986,-0.00530321637486734,0.020284278938134993,0.05295328304406292,False,False,True,False,False,False,GOLD,82.70831527233516,-1.3711097133805477,3.968253968253968,98.99,-0.3323,4.133,-0.3136,3.57,-0.5017,90.9,12.2084,6740.02,-1.3277,24450.4492,-1.2737,29.49,24.1684,19.88,11.3102,91.7869,-0.3648,153,999,central_bank,high,0.0046690185276974105,1,0.003346167941419953,1,0.03141214442572271,1,0.07205853194298828,1,0.04266964154479114,1,0.16873320512024037,1
2025-09-30,3873.199951171875,3873.199951171875,3899.199951171875,3820.60009765625,3863.10009765625,312257,valid,,88.70449829101562,110460.4,2026-10-03T13:44:11.057201+00:00,0.0046690185276974105,0.015069319059623831,0.078225044212344,0.15866934743215966,0.257777513152468,0.4564187761902201,3815.32001953125,3776.930029296875,3725.525012207031,3534.160009765625,3434.8350048828124,3192.371502685547,3794.432243305781,3718.532693156044,3583.1173330083993,3235.971155988801,74.09276246530621,0.269879048492192,88.88870987075188,82.4531542213119,6.435555649439976,3.975728158521319,148.099853515625,55.371425083705354,0.13095648056134246,0.14977456063433844,0.207124179428753,0.18598532432143455,3871.016568709188,3580.033455704874,0.07810526356709524,228767.45,1.3649537991528018,0.2096186251912684,10776828,0.03963869212552151,0.09593225560509867,0.21326729922046206,-0.00666803455210837,0.5239818812399571,0.0020492183503923117,0.020293259967594377,0.054147237791319636,False,False,True,False,False,False,GOLD,83.73943504392088,-1.1813199121931337,5.555555555555555,98.99,-0.3323,4.133,-0.3136,3.57,-0.5017,90.9,12.2084,6740.02,-1.3277,24450.4492,-1.2737,29.49,24.1684,19.88,11.3102,91.7869,-0.3648,152,999,central_bank,high,0.0062738947470999396,1,0.00921717226632568,1,0.03387378726269463,1,0.07492511484827213,1,0.02837450889957882,1,0.16255289204089074,1
2025-10-01,3897.5,3897.5,3922.699951171875,3880.300048828125,3887.699951171875,290470,valid,,88.8406982421875,111324.09,2026-10-03T13:44:11.057201+00:00,0.0062738947470999396,0.034340887712679624,0.07206711594003568,0.17504299639732657,0.2265932336742722,0.4487231644283405,3841.2,3794.9000244140625,3738.6250122070314,3543.2360107421873,3440.3700048828123,3198.480002441406,3815.045794644625,3735.577198569754,3595.446065047286,3242.5535325461265,77.1262492472276,0.40857892204776536,92.27952561022084,84.4184284990937,7.861097111127151,4.833502308132931,179.699951171875,56.299996512276785,0.12769428790525758,0.1484268944565361,0.2025821576145023,0.18577180024492176,3896.6294827748707,3580.620541639192,0.08452544454279025,232251.65,1.2506692632754117,-0.06977265521669651,11067298,0.04249556649147249,0.0999831758831968,0.2185475591608551,-0.006424134266078723,0.5335431831593415,0.003743674528243536,0.010878743385180018,0.05514422433967689,False,False,False,False,False,False,GOLD,82.41699988290476,-1.4152534417405893,3.1746031746031744,98.99,-0.3323,4.133,-0.3136,3.57,-0.5017,90.9,12.2084,6740.02,-1.3277,24450.4492,-1.2737,29.49,24.1684,19.88,11.3102,91.7869,-0.3648,151,999,central_bank,high,-0.007543271929121187,0,0.020218101046343806,1,0.04438742783835803,1,0.07802439965522767,1,0.026478499338518313,1,0.168107811497755,1
2025-10-02,3868.10009765625,3868.10009765625,3923.300048828125,3842.800048828125,3892.699951171875,284217,valid,,88.68299865722656,110288.22,2026-10-03T13:44:11.057201+00:00,-0.007543271929121187,0.025721937230010372,0.07247626639954952,0.16473956568992776,0.19216543833873012,0.4488894514000843,3860.6,3813.880029296875,3751.69501953125,3552.6460107421876,3446.771005859375,3204.4705029296874,3825.65665524695,3748.198427054182,3606.138380051559,3248.7778764775703,71.16238970161714,0.1358938489466939,91.53923774779332,85.84259034883362,5.696647398959698,5.159993646755212,189.800048828125,60.035714285714285,0.12725077420527234,0.149888864226009,0.20104169842636685,0.1857661733246488,3906.9732313834693,3596.416807679031,0.08277763040108665,234833.55,1.2102912892983086,-0.021527180087444475,10783081,0.031027329652054937,0.0887941230170781,0.20709493007335597,-0.014069775567726192,0.5219752499137233,-0.0012315712195314352,0.02081125047636579,0.05602838227820592,False,False,False,False,False,False,GOLD,84.08913255591655,-1.112271546968453,7.5396825396825395,98.99,-0.3323,4.133,-0.3136,3.57,-0.5017,90.9,12.2084,6740.02,-1.3277,24450.4492,-1.2737,29.49,24.1684,19.88,11.3102,91.7869,-0.3648,150,999,central_bank,high,0.010547763412901645,1,0.035236886648845056,1,0.02701584689168679,1,0.112846097303553,1,0.03820992243118382,1,0.12292856647844097,1
2025-10-03,3908.89990234375,3908.89990234375,3916.800048828125,3861.10009765625,3880.39990234375,218284,valid,,88.72019958496094,111498.27,2026-10-03T13:44:11.057201+00:00,0.010547763412901645,0.026227330623195044,0.06996410097703687,0.17536156590626084,0.21157358062947762,0.4589802827646392,3880.57998046875,3834.1900146484377,3764.4750122070313,3563.3540087890624,3453.382004394531,3210.705002441406,3842.3053046663103,3763.5033294627124,3618.0113809257628,3255.346254844398,71.7028702040962,0.16249807933635885,93.17074321244081,87.30822092155506,5.8625222908857495,5.480593956488589,203.099853515625,59.578578404017854,0.12519184608425998,0.15074955924646644,0.20118505074328902,0.18597375735424235,3927.5339458706276,3601.416078543435,0.08663037110609213,233865.2,0.9333752948279568,-0.23198119746531698,11001365,0.038365214184807955,0.09697209222050261,0.21745843961722489,-0.0036704168187882036,0.5380286847701011,0.003179805169713547,0.01424952098120073,0.05644148825007135,False,False,False,False,False,False,GOLD,82.12492157565835,-1.4650969082038268,2.7777777777777777,98.99,-0.3323,4.133,-0.3136,3.57,-0.5017,90.9,12.2084,6740.02,-1.3277,24450.4492,-1.2737,29.49,24.1684,19.88,11.3102,91.7869,-0.3648,149,999,central_bank,high,0.017242740455943206,1,0.04134157990573151,1,0.023408120516244857,1,0.07787354753219278,1,0.0224104223297521,1,0.12213152402738792,1
2025-10-06,3976.300048828125,3976.300048828125,3994.5,3909.199951171875,3913.5,278143,valid,,88.73509979248047,113439.85,2026-10-03T13:44:11.057201+00:00,0.017242740455943206,0.03141214442572271,0.08128029434434758,0.18201547230324766,0.2271016444458307,0.4904790374281536,3904.8,3854.310009765625,3779.42001953125,3576.1680078125,3461.2620043945312,3217.3200024414064,3869.1042534986736,3783.76968368799,3632.061916921934,3262.519924436276,75.18045032923283,0.3613504375230473,98.76386324517853,89.59934938627975,9.164513858898772,5.329658710156826,201.199951171875,63.685738699776785,0.13416092763249796,0.1526185648774134,0.20241060307065228,0.18653956623659593,3962.4441662148997,3596.3958728476005,0.0968530333954791,236390.35,1.1766258648036978,0.2742253211412655,11279508,0.052092656619107724,0.11188849073684017,0.235904431579869,-0.00455625264034809,0.5645485141953809,0.001176826670207297,0.021452115730864613,0.05683514065185659,False,False,True,False,False,False,GOLD,82.69830681284843,-1.3608321903112477,4.761904761904762,98.99,-0.3323,4.133,-0.3136,3.57,-0.5017,90.9,12.2084,6740.02,-1.3277,24450.4492,-1.2737,29.49,24.1684,19.88,11.3102,91.7869,-0.3648,146,999,central_bank,high,0.0070668342857844735,1,-0.0009305010000353331,0,0.03940848257114227,1,0.0963458111337776,1,0.009481163571392281,1,0.09174359186893777,1
2025-10-07,4004.39990234375,4004.39990234375,4014.60009765625,3963.39990234375,3983.0,297512,valid,,88.72109985351562,114223.49,2026-10-03T13:44:11.057201+00:00,0.0070668342857844735,0.03387378726269463,0.08750202472555402,0.19210496440333702,0.1966292192212742,0.5020254697463429,3931.039990234375,3873.1800048828127,3795.5300170898436,3590.056005859375,3469.040002441406,3224.3015014648436,3896.1633832676894,3804.7820854647293,3646.663406546319,3269.9018147637134,77.57892644714344,0.9999999998934884,104.26200699007768,92.53188090703935,11.730126083038328,4.945356123033773,188.699951171875,62.735752650669646,0.13421403088803616,0.1525942084397923,0.1974647050489414,0.18660317473241364,3998.190374561901,3592.869659617786,0.1067889631010693,238133.15,1.249351465766101,0.06963684148082105,11577020,0.05503049226679512,0.11541432663111764,0.24194337921694212,-0.0025407749375715902,0.5756049192772671,0.0016849712269193294,0.012785984557266636,0.057234207738000344,False,False,True,False,False,False,GOLD,84.87674240090634,-0.968723732610776,11.904761904761903,98.99,-0.3323,4.133,-0.3136,3.57,-0.5017,90.9,12.2084,6740.02,-1.3277,24450.4492,-1.2737,29.49,24.1684,19.88,11.3102,91.7869,-0.3648,145,999,central_bank,high,0.016506867263072822,1,-0.0009989012330309244,0,0.03970632401297847,1,0.026146288549058205,1,-0.010962916645277043,0,0.08121071901988675,1
2025-10-08,4070.5,4070.5,4081.0,4005.60009765625,4007.10009765625,348778,valid,,88.74259948730469,116137.1,2026-10-03T13:44:11.057201+00:00,0.016506867263072822,0.04438742783835803,0.10551330798479097,0.2199179007900931,0.22296001665355392,0.5445473745293712,3965.639990234375,3903.4199951171877,3814.9550170898438,3604.986005859375,3477.8730029296876,3231.4285009765626,3931.0307066141518,3830.088553515707,3663.2844494268556,3277.867965860592,85.9026306155863,0.9999999999435423,112.65444071162165,96.55639286795581,16.09804784366584,8.025261922628912,302.39990234375,64.11432756696429,0.1399432241601514,0.1537238056315846,0.19837771273483376,0.18671974069149197,4044.4905258906083,3585.419508289079,0.12033458207106232,246470.65,1.4150893828534903,0.17231573852483262,11925798,0.06698505795358663,0.12913059673015967,0.2596596207434588,-0.0025728987993132633,0.601613220538815,0.0006743071067699604,0.018523498917511726,0.05824405722772205,False,False,True,False,False,False,GOLD,83.65875016429553,-1.1841351481313371,5.952380952380952,98.99,-0.3323,4.133,-0.3136,3.57,-0.5017,90.9,12.2084,6740.02,-1.3277,24450.4492,-1.2737,29.49,24.1684,19.88,11.3102,91.7869,-0.3648,144,999,central_bank,high,-0.024051075382324094,0,0.015354379068910351,1,0.032207369526163765,1,-0.0012529413232403863,0,-0.019064021043176504,0,0.09360029480407817,1
2025-10-09,3972.60009765625,3972.60009765625,4077.89990234375,3957.89990234375,4061.800048828125,461023,valid,,88.7771987915039,113388.07,2026-10-03T13:44:11.057201+00:00,-0.024051075382324094,0.02701584689168679,0.08139154835899576,0.18263820135281428,0.15978163694458503,0.5127951628546268,3986.539990234375,3923.5699951171873,3829.9050170898436,3618.5220068359376,3485.26400390625,3238.1505017089844,3939.3445848225715,3843.6610815290924,3675.4144748476165,3284.780723390897,71.63479755827449,0.1944701286442868,110.13621918727176,99.272358131819,10.863861055452759,5.343268403966062,201.5,68.74288504464286,0.17262027219022136,0.16348095671197968,0.19781145180467508,0.18842619673808145,4059.624213973769,3600.185820205918,0.1199607801545,258791.2,1.7814477462912117,0.32182362419648025,11464775,0.03725812518316607,0.0978515786697738,0.22681144547154974,-0.026562093198658033,0.5630927002383187,-0.0021373175707831626,0.030206916641513263,0.05841694754225977,False,False,False,False,False,False,GOLD,84.79402832351921,-0.9774144971420043,12.3015873015873,98.99,-0.3323,4.133,-0.3136,3.57,-0.5017,90.9,12.2084,6740.02,-1.3277,24450.4492,-1.2737,29.49,24.1684,19.88,11.3102,91.7869,-0.3648,143,999,central_bank,high,0.006997886523715691,1,0.04802894829511484,1,0.0835724693748745,1,0.043548304824859274,1,0.004631702635914836,1,0.1317776738486347,1
2025-10-10,4000.39990234375,4000.39990234375,4038.60009765625,3961.199951171875,3990.10009765625,357542,valid,,88.86540222167969,114294.99,2026-10-03T13:44:11.057201+00:00,0.006997886523715691,0.023408120516244857,0.08517795364533409,0.19582693449130506,0.16991285506025977,0.5157048567175857,4004.839990234375,3942.7099853515624,3845.605017089844,3632.666005859375,3492.422001953125,3244.9750012207032,3951.5556483268074,3858.588588273345,3688.1590014160925,3291.9013122361994,69.58791071172344,0.0789074856386322,109.12578823372405,101.24304415220003,7.882744081524024,5.024938365548692,191.39990234375,68.73575265066964,0.17293768139666107,0.16304527001482952,0.19793167530297928,0.18847061832032352,4076.9429142606414,3614.2671199190463,0.12031287464140142,268940.35,1.3294472175707317,-0.22445951720413082,11822317,0.04025241400662794,0.10122975684831208,0.23279837312726176,-0.019750085188980703,0.5740310455806319,0.004405175343554018,0.01934810228322637,0.05861783353794324,False,False,False,False,False,False,GOLD,85.22731956340077,-0.899478498649978,15.476190476190476,98.99,-0.3323,4.133,-0.3136,3.57,-0.5017,90.9,12.2084,6740.02,-1.3277,24450.4492,-1.2737,29.49,24.1684,19.88,11.3102,91.7869,-0.3648,142,999,central_bank,high,0.033146710552253156,1,0.05029502055397539,1,0.053219654919753445,1,0.034346541770299055,1,0.002349801698292131,1,0.11551347588662697,1
2025-10-13,4133.0,4133.0,4137.2001953125,4011.300048828125,4018.300048828125,357542,valid,,88.7573013305664,117939.85,2026-10-03T13:44:11.057201+00:00,0.033146710552253156,0.03940848257114227,0.11132024737832746,0.23068217250040113,0.2546673985227792,0.5442962016944708,4036.17998046875,3970.489990234375,3866.3050170898437,3647.3300048828123,3500.617001953125,3252.370501708984,3987.844518661446,3884.7230084377884,3705.603746458599,3300.2704534079785,73.78206796199294,0.3157002022654252,117.66832689245393,104.5281007002508,13.14022619220313,7.205853194298828,277.800048828125,74.77861676897321,0.20093288027308503,0.17433300642118454,0.19535743671334332,0.19068127559570897,4122.678122469601,3609.9319117100863,0.13261918252516047,277344.85,1.289160408062377,0.0,12179859,0.06897929204530993,0.13315767821032662,0.2707654302694023,-0.001015226509284675,0.6262049970487404,0.0044745892714083925,0.030462169485687036,0.06003707147799117,False,False,True,False,False,False,GOLD,82.44563957422922,-1.3960426499791172,3.968253968253968,98.99,-0.3323,4.133,-0.3136,3.57,-0.5017,90.9,12.2084,6740.02,-1.3277,24450.4492,-1.2737,29.49,24.1684,19.88,11.3102,91.7869,-0.3648,139,999,central_bank,high,0.0073554082612508065,1,0.041519501005625514,1,0.05477858754990317,1,-0.02741351290300631,0,-0.002661504960077443,0,0.0792886995675055,1
2025-10-14,4163.39990234375,4163.39990234375,4190.89990234375,4105.0,4130.89990234375,405991,valid,,88.66510009765625,118683.92,2026-10-03T13:44:11.057201+00:00,0.0073554082612508065,0.03970632401297847,0.11766121532231266,0.22222875226104577,0.2433255034716728,0.5618996660468509,4067.97998046875,3999.5099853515626,3888.220007324219,3662.0700048828126,3509.3010009765626,3260.0280017089844,4022.955595397907,3911.263665000261,3723.5565368854677,3308.8588061337073,80.41238352689794,0.6900329563856681,125.4453129015883,108.7115431405183,16.733769761069993,7.492511484827213,290.199951171875,76.20003836495536,0.20055062433003523,0.17306994272836695,0.19435667694701744,0.1906728039238905,4167.665043498686,3608.7749711497513,0.14373931292365472,288029.65,1.4095458575184832,0.1355057587640054,12585850,0.07077271720764398,0.13689795574425215,0.2771055647868421,-0.006561836512633989,0.6381663987185173,-0.0005081291207959089,0.02063215265374166,0.06175469123741707,False,False,True,False,False,False,GOLD,82.74833983470869,-1.336386356401565,5.952380952380952,98.99,-0.3323,4.133,-0.3136,3.57,-0.5017,90.9,12.2084,6740.02,-1.3277,24450.4492,-1.2737,29.49,24.1684,19.88,11.3102,91.7869,-0.3648,138,999,central_bank,high,0.009175240478579871,1,0.011985373376134145,1,-0.013042178498618995,0,-0.04330590597026285,0,-0.011312893010766323,0,0.08106355572761759,1
2025-10-15,4201.60009765625,4201.60009765625,4235.7998046875,4157.2998046875,4160.10009765625,309914,valid,,88.78250122070312,119931.47,2026-10-03T13:44:11.057201+00:00,0.009175240478579871,0.032207369526163765,0.13013073389479946,0.22008309586509278,0.27382980295103443,0.5684050359553565,4094.2,4029.9199951171877,3912.410009765625,3677.4080078125,3517.6590014648436,3267.9455017089845,4058.684495849576,3938.9147538246407,3742.3033431902045,3317.741804059305,81.41878889645952,0.7267961263421612,133.15612592055004,113.60045969652465,19.555666224025387,7.802439965522767,304.10009765625,78.92145647321429,0.19883215642027574,0.17277760161596611,0.19306224285330298,0.1907880643594589,4212.720814924653,3612.0992046065976,0.15351704162363136,290723.0,1.0660112890964903,-0.23664810303676687,12895764,0.07391609958279273,0.14254390286037977,0.28570078523608233,-0.008073966808675708,0.6531969693706854,-0.0007925745220010239,0.01868335828623253,0.06390425034530012,False,False,True,False,False,False,GOLD,82.2665585422599,-1.417664572115504,3.1746031746031744,98.99,-0.3323,4.133,-0.3136,3.57,-0.5017,90.9,12.2084,6740.02,-1.3277,24450.4492,-1.2737,29.49,24.1684,19.88,11.3102,91.7869,-0.3648,137,999,central_bank,high,0.024514470108056186,1,0.03755707373853223,1,-0.03241626812329801,0,-0.047815151802867106,0,0.0028560547698706085,1,0.09831970869542928,1
2025-10-16,4304.60009765625,4304.60009765625,4346.7001953125,4214.5,4225.10009765625,375196,valid,,87.80950164794922,121524.93,2026-10-03T13:44:11.057201+00:00,0.024514470108056186,0.0835724693748745,0.17026888522257955,0.2669531357223798,0.28583808598181215,0.599450087154201,4160.6,4073.5699951171873,3943.7250122070313,3694.83201171875,3527.701003417969,3276.2635021972656,4107.867616210911,3973.741929427651,3764.35419630652,3327.5612895677327,83.03121109027609,0.823998233309887,145.89643667990094,120.05965509319992,25.836781586701022,11.2846097303553,436.5,85.68575613839286,0.19849599272963478,0.17452012713824455,0.19490039518540148,0.19210960779106834,4270.682037300025,3616.7679871140376,0.16581126933590903,298276.4,1.2578802748055118,0.2106455339223139,13270960,0.09150614820559465,0.1650326953981556,0.3138748134174813,-0.009685530578262847,0.6937242170590424,0.005593107257661968,0.03071137673960679,0.06736246727829846,False,False,True,False,True,False,GOLD,81.18364095201446,-1.603730799652866,1.5873015873015872,98.99,-0.3323,4.133,-0.3136,3.57,-0.5017,90.9,12.2084,6740.02,-1.3277,24450.4492,-1.2737,29.49,24.1684,19.88,11.3102,91.7869,-0.3648,136,999,central_bank,high,-0.021209936091034498,0,-0.045416530122378895,0,-0.03693722910208819,0,-0.06706783179921638,0,-0.025577311517554602,0,0.06841518220481113,1
2025-10-17,4213.2998046875,4213.2998046875,4392.0,4196.0,4348.10009765625,569847,valid,,87.9906997680664,119192.85,2026-10-03T13:44:11.057201+00:00,-0.021209936091034498,0.053219654919753445,0.13694742003683125,0.2489402118534163,0.263888793274796,0.5561587459602955,4203.17998046875,4104.009985351562,3969.1,3710.0240087890625,3536.8850024414064,3283.985001220703,4128.954053906229,3996.556965166684,3781.9599064391073,3336.3746081261384,72.51350632024261,0.17932245392991106,146.9323099248495,125.43418605952984,21.49812386531967,7.787354753219278,304.39990234375,94.10004534040179,0.22392495550059974,0.1806467789196283,0.19761708069154169,0.1934538953798093,4297.08065978156,3641.1193402184404,0.1652670176017118,317421.05,1.7952401077370208,0.5187981748206272,12701113,0.061525233601430696,0.13565297548103178,0.2829838757244856,-0.04068765831340148,0.657800434659391,0.010105468339248188,0.04651935753109569,0.06983135165624683,False,False,False,False,False,False,GOLD,84.49582742440681,-1.0110971370927506,11.904761904761903,98.99,-0.3323,4.133,-0.3136,3.57,-0.5017,90.9,12.2084,6740.02,-1.3277,24450.4492,-1.2737,29.49,24.1684,19.88,11.3102,91.7869,-0.3648,135,999,central_bank,high,0.034675932031636325,1,-0.03510310426502383,0,-0.01791944639591103,0,-0.051456059321081216,0,-0.02826759524283573,0,0.10025405506512008,1
2025-10-20,4359.39990234375,4359.39990234375,4398.0,4229.7001953125,4269.0,338235,valid,,88.0022964477539,123342.22,2026-10-03T13:44:11.057201+00:00,0.034675932031636325,0.05477858754990317,0.1547773011503084,0.3069312191850786,0.3134282709406979,0.5968497810782967,4248.4599609375,4142.319970703125,3998.314990234375,3727.386005859375,3547.3080004882813,3292.5085009765626,4175.043223593733,4031.1134353740235,3804.604612160858,3346.553964287508,76.3266121964007,0.41304426456433896,157.72415789361457,131.89218042634678,25.83197746726779,9.63458111337776,383.099853515625,101.67864118303571,0.24189785202381037,0.1886777154223386,0.2029687003729242,0.196118871559172,4356.25984815417,3640.3701323145797,0.17904785330518616,323374.3,1.0459551052758336,-0.40644594075251783,13039348,0.09030927102822348,0.1695595507121324,0.3240360354575917,-0.008776738894097594,0.7152862098536434,0.013220088266806367,0.03860618627737688,0.07268605503938477,False,False,False,False,True,False,GOLD,85.27944495200116,-0.8750787050265852,16.26984126984127,98.99,-0.3323,4.133,-0.3136,3.57,-0.5017,90.9,12.2084,6740.02,-1.3277,24450.4492,-1.2737,29.49,24.1684,19.88,11.3102,91.7869,-0.3648,132,999,central_bank,high,-0.0574161146704919,0,-0.04904340264185314,0,-0.07792355800834916,0,-0.07923106622038789,0,-0.06535300929620591,0,0.06062767786608747,1
2025-10-21,4109.10009765625,4109.10009765625,4393.60009765625,4093.0,4371.0,535325,valid,,87.87999725341797,116098.82,2026-10-03T13:44:11.057201+00:00,-0.0574161146704919,-0.013042178498618995,0.0768928768611028,0.24141996908043817,0.2752467754714665,0.5002739217084871,4237.6,4152.789990234375,4012.984997558594,3741.4740087890623,3555.5100024414064,3299.817001953125,4161.854598406237,4038.5407365437595,3816.54561159205,3354.1414880026196,59.20480753586174,0.0,144.41494714884448,134.3967337708463,10.018213377998165,2.6146288549058205,104.7001953125,119.61436244419643,0.3329853640646045,0.22623279316878547,0.21596273890032475,0.20489698069625648,4363.386986697723,3662.5830084194645,0.17463408876545428,335562.35,1.595307101645934,0.5827013762620663,12504023,0.02395102402727802,0.09825702062970433,0.24525090186027718,-0.06568892731779997,0.6168011401359957,0.0026609391008176977,0.07315472743719074,0.07256792059270092,False,False,False,False,False,False,GOLD,86.59852542676965,-0.6465529824836047,21.825396825396826,98.99,-0.3323,4.133,-0.3136,3.57,-0.5017,90.9,12.2084,6740.02,-1.3277,24450.4492,-1.2737,29.49,24.1684,19.88,11.3102,91.7869,-0.3648,131,999,central_bank,high,-0.01063497950254988,0,0.006984426358369822,1,-0.03066364824548029,0,-0.03616365971250213,0,-0.010367257220272652,0,0.11834703295859739,1
2025-10-22,4065.39990234375,4065.39990234375,4175.0,4021.199951171875,4137.0,468711,valid,,88.00160217285156,115023.06,2026-10-03T13:44:11.057201+00:00,-0.01063497950254988,-0.03241626812329801,0.07889912608012195,0.22304449528993686,0.2534763485150464,0.4730776978100326,4210.3599609375,4152.27998046875,4027.849987792969,3754.8020068359374,3562.192001953125,3306.817001953125,4142.56365919374,4041.0987523342346,3826.3046033862342,3361.2186861552677,58.47726095957718,0.0,128.85569298315522,133.28852561330808,-4.432832630152859,-0.12529413232403863,-5.10009765625,124.85008021763393,0.33184586000720334,0.22813042928116928,0.2166511242511673,0.2051796163930655,4359.2177214492,3696.4822541367375,0.1645382696279211,347169.9,1.350091122531068,-0.12443655723158831,12035312,0.009322570270633873,0.08272017937091221,0.2293997218298894,-0.07562530642477816,0.5996064931509543,0.006789784059934866,0.03783146861872547,0.07271967482169545,False,False,False,False,False,False,GOLD,85.65769848366526,-0.8252936023484725,16.26984126984127,98.99,-0.3323,4.133,-0.3136,3.57,-0.5017,90.9,12.2084,6740.02,-1.3277,24450.4492,-1.2737,29.49,24.1684,19.88,11.3102,91.7869,-0.3648,130,999,central_bank,high,0.0197275046093901,1,-0.011241194536736332,0,-0.015914781503924114,0,-0.017833423953742655,0,0.00428005778087015,1,0.1722831502849107,1
2025-10-23,4145.60009765625,4145.60009765625,4171.5,4079.60009765625,4114.7998046875,271973,valid,,87.74030303955078,116943.91,2026-10-03T13:44:11.057201+00:00,0.0197275046093901,-0.03693722910208819,0.09930789167668941,0.2578433267304201,0.24781026298889763,0.5188687059365693,4178.5599609375,4169.57998046875,4046.574987792969,3769.5480078125,3569.877001953125,3314.1830029296875,4143.170946886243,4051.051261412522,3838.825995318392,3369.0234763194567,59.83709085005784,0.04958291930016441,121.59468956792125,130.94975840423072,-9.35506883630947,4.354830482485927,173.0,128.45009068080358,0.33618627180789606,0.22914394050887052,0.21574017515421598,0.20558137333452572,4358.615403732218,3734.53457185372,0.15422445741422464,347659.4,0.7822972714098891,-0.4197426559223061,12307285,0.0244713393825591,0.09976052541691231,0.25086638064082506,-0.05738970039647399,0.6311627376177922,0.012151302093370503,0.02216805774287882,0.07349076849697857,False,False,False,False,False,False,GOLD,85.508028353928,-0.8588468878824779,15.873015873015872,98.99,-0.3323,4.133,-0.3136,3.57,-0.5017,90.9,12.2084,6740.02,-1.3277,24450.4492,-1.2737,29.49,24.1684,19.88,11.3102,91.7869,-0.3648,129,999,central_bank,high,-0.001881583554853683,0,-0.03919818510518436,0,-0.03128622931715652,0,-0.03729257381667239,0,-0.020648421372009507,0,0.1668998181312571,1
2025-10-24,4137.7998046875,4137.7998046875,4159.0,4055.699951171875,4144.0,297599,valid,,87.77899932861328,116775.35,2026-10-03T13:44:11.057201+00:00,-0.001881583554853683,-0.01791944639591103,0.08632181798044103,0.25646783251502137,0.2088932294202146,0.5052566305377488,4163.4599609375,4183.319970703125,4063.0149780273437,3784.6400048828127,3577.2630004882812,3321.4180017089843,4142.096718446494,4059.3130274387104,3850.5504584309065,3376.672992024611,57.061637622099596,0.0,113.89792916739134,127.53939255686285,-13.641463389471511,3.4346541770299055,137.39990234375,129.71437290736608,0.3364585524513945,0.22925104665192036,0.21179971073079226,0.205541451865754,4356.444222584759,3769.5857334699285,0.14443916458304928,351835.2,0.845847715066597,0.09422258827162988,12009686,0.01840623947107552,0.0933139742086326,0.24579315297207796,-0.059163300434843295,0.6280935686354011,-0.00038597491763719385,0.024964970202540182,0.0735538843285775,False,False,False,False,False,False,GOLD,85.53237899354333,-0.8599146446125745,15.873015873015872,98.99,-0.3323,4.133,-0.3136,3.57,-0.5017,90.9,12.2084,6740.02,-1.3277,24450.4492,-1.2737,29.49,24.1684,19.88,11.3102,91.7869,-0.3648,128,999,central_bank,high,-0.028541703100724125,0,-0.03313351539151599,0,-0.03414853578160759,0,-0.030934255377548903,0,-0.014089566300780176,0,0.18744263479775225,1
2025-10-27,4019.699951171875,4019.699951171875,4123.7998046875,3985.89990234375,4103.2001953125,330749,valid,,87.8290023803711,113507.0,2026-10-03T13:44:11.057201+00:00,-0.028541703100724125,-0.07792355800834916,0.04266964154479114,0.18233422361336316,0.18508802349807696,0.45926806384419816,4095.519970703125,4171.989965820312,4071.2399780273436,3797.382001953125,3583.7089990234376,3327.941501464844,4117.617364991571,4055.5403535085356,3857.183771871729,3383.0712702250817,50.620188072287746,0.0,97.14865074786758,121.4612441950638,-24.31259344719622,-2.741351290300631,-113.300048828125,136.90720912388392,0.3544989469559448,0.23094031158565104,0.21573824847101583,0.2077549185291085,4348.942780576302,3793.5371754783855,0.13642173099481425,355465.4,0.9304674941639863,0.11139150333166437,11678937,-0.012659540369425442,0.05854505791209463,0.2078637648535394,-0.08601638218009071,0.5816250053792222,-0.00836183745182537,0.03430601886180916,0.07211757361605756,False,False,False,False,False,False,GOLD,86.33005299115777,-0.720458786308434,19.444444444444446,98.99,-0.3323,4.133,-0.3136,3.57,-0.5017,90.9,12.2084,6740.02,-1.3277,24450.4492,-1.2737,29.49,24.1684,19.88,11.3102,91.7869,-0.3648,125,999,central_bank,high,-0.009105120770259267,0,-0.0009453563386035979,0,-0.0014180041398894616,0,0.025449672878768315,1,0.01853372164712952,1,0.23882385645743365,1
2025-10-28,3983.10009765625,3983.10009765625,4034.199951171875,3901.300048828125,3999.89990234375,338428,valid,,88.22209930419922,112976.9,2026-10-03T13:44:11.057201+00:00,-0.009105120770259267,-0.03066364824548029,0.02837450889957882,0.16247379499739711,0.20480946692566548,0.445299262962646,4070.319970703125,4153.959985351563,4076.7349853515625,3809.48400390625,3590.0739990234374,3334.464001464844,4090.713911524507,4048.6412815226035,3862.1216670005338,3389.0417063189243,46.37043742114606,0.0,79.99924315015187,113.16884398608141,-33.16960083592954,-4.330590597026285,-180.2998046875,140.92862374441964,0.3566592677474091,0.23200239783149787,0.2127254978555677,0.20802706207597263,4342.009185198832,3811.4607855042937,0.130140517252351,356773.95,0.9485782243910998,0.023217001411946825,11340509,-0.022968107574256463,0.04557470081825469,0.19452484594413466,-0.09433831340237736,0.5672241186919862,-0.00492575293395909,0.03336594589272764,0.07015411566794945,False,False,False,False,False,False,GOLD,84.52201798560696,-1.0559375426198596,9.523809523809524,98.99,-0.3323,4.133,-0.3136,3.57,-0.5017,90.9,12.2084,6740.02,-1.3277,24450.4492,-1.2737,29.49,24.1684,19.88,11.3102,91.7869,-0.3648,124,999,central_bank,high,0.004418631991192301,1,0.0033641892031874843,1,-0.005673996912492485,0,0.0334412150750687,1,0.03939140330318924,1,0.276016137026198,1
2025-10-29,4000.699951171875,4000.699951171875,4046.199951171875,3930.0,3967.199951171875,288266,valid,,88.22550201416016,113480.48,2026-10-03T13:44:11.057201+00:00,0.004418631991192301,-0.015914781503924114,0.026478499338518313,0.16478877574353712,0.19638156434565635,0.4385314482364131,4057.37998046875,4133.869970703125,4081.894982910156,3822.32400390625,3596.531999511719,3341.0560009765627,4072.7111194539807,4044.0754405368198,3867.556109517057,3395.127858009004,51.25032671204171,0.13310928282104492,67.0554022284,103.94615563454514,-36.89075340614514,-4.781515180286711,-200.900146484375,140.65719168526786,0.35640043502310925,0.23203126631585946,0.21227827740865896,0.20790747147429187,4336.280947517826,3827.5090183024868,0.12464111187213568,356663.75,0.8082290392561599,-0.14822059640455276,11628775,-0.01989150433271899,0.04666688304897388,0.19743576581844377,-0.09033652770078095,0.5741491053202049,-0.003991902310897743,0.029044905289087965,0.06790920359932023,False,False,False,False,False,False,GOLD,83.83520661348663,-1.1869833732502404,5.158730158730158,98.99,-0.3323,4.133,-0.3136,3.57,-0.5017,90.9,12.2084,6740.02,-1.3277,24450.4492,-1.2737,29.49,24.1684,19.88,11.3102,91.7869,-0.3648,123,999,central_bank,high,0.0037993229578294763,1,0.0033244304722799267,1,-0.00194967103839927,0,0.05321572451890888,1,0.04111786591054889,1,0.27042771507207575,1
2025-10-30,4015.89990234375,4015.89990234375,4041.5,3925.10009765625,3942.800048828125,246321,valid,,88.34559631347656,114066.69,2026-10-03T13:44:11.057201+00:00,0.0037993229578294763,-0.03128622931715652,0.03820992243118382,0.16965690469157613,0.2440829932911246,0.4338402714695866,4031.43994140625,4104.999951171875,4089.2849731445312,3834.872001953125,3603.2569995117187,3347.5465002441406,4061.348876031935,4041.392055947004,3873.3735131573194,3401.304694271041,50.69750660724032,0.11802994734996045,57.36258391050069,94.62944128973626,-37.266857379235574,-6.706783179921638,-288.7001953125,143.44288853236608,0.354833023894334,0.23195619624100924,0.20557238360847968,0.2078453215223735,4325.455250156903,3853.1146961321588,0.1155068813072751,354768.95,0.694313862585774,-0.14550796833480184,11875096,-0.01794569742209296,0.047205721676858825,0.19965470294457924,-0.08688042238657642,0.5801298061550934,-0.014472443085059562,0.028984761865152062,0.06634197205585103,False,False,False,False,False,False,GOLD,82.92516283657737,-1.3548250740394148,3.571428571428571,98.99,-0.3323,4.133,-0.3136,3.57,-0.5017,90.9,12.2084,6740.02,-1.3277,24450.4492,-1.2737,29.49,24.1684,19.88,11.3102,91.7869,-0.3648,122,999,central_bank,high,-0.004830773379692066,0,-0.013795140240277837,0,-0.0062003294278371035,0,0.04447324435352984,1,0.05951343554666666,1,0.3206504710341449,1
2025-10-31,3996.5,3996.5,4059.89990234375,3982.300048828125,4038.199951171875,237172,valid,,88.6344985961914,113886.87,2026-10-03T13:44:11.057201+00:00,-0.004830773379692066,-0.03414853578160759,0.0224104223297521,0.15716479616127255,0.23052526015018127,0.4536427196091193,4003.17998046875,4083.319970703125,4093.6649780273438,3847.17,3609.785,3353.774500732422,4048.3791008255484,4037.116622047289,3878.2020028374245,3407.227035621578,43.160640015657876,0.0,47.56722026751095,85.2169970852912,-37.64977681778025,-5.145605932108122,-216.7998046875,139.21428571428572,0.3541850503414632,0.23236944160616613,0.20570876832656135,0.20698221620397744,4318.7378258380195,3868.5921302166676,0.1099615376532738,355713.35,0.6667503482790268,-0.037142590359733885,11637924,-0.023735449419737785,0.038815544933018586,0.1916424312746797,-0.09129149613458587,0.5724965571510634,0.005552939408451078,0.01941695321296274,0.06407176652637643,False,False,False,False,False,False,GOLD,83.27082641825096,-1.289593123637225,3.968253968253968,98.99,-0.3323,4.133,-0.3136,3.57,-0.5017,90.9,12.2084,6740.02,-1.3277,24450.4492,-1.2737,29.49,24.1684,19.88,11.3102,91.7869,-0.3648,121,999,central_bank,high,0.0043788314775428105,1,-0.0009008126251094373,0,0.0033279241406543036,1,0.024446378374046063,1,0.06963588256912301,1,0.33076439443106476,1
2025-11-03,4014.0,4014.0,4043.10009765625,3971.300048828125,4001.0,0,valid,,88.77539825439453,114567.4,2026-10-03T13:44:11.057201+00:00,0.0043788314775428105,-0.0014180041398894616,0.009481163571392281,0.14971498979221853,0.25897811953908323,0.46006113461808806,4002.039990234375,4048.77998046875,4095.5499755859373,3859.08,3615.9010009765625,3360.1010009765623,4041.503280660439,4034.9150389951665,3883.527414490859,3413.2645775556916,42.41625237138504,0.0,40.74672487465523,76.322942643164,-35.57621776850877,-7.923106622038789,-345.39990234375,138.2071533203125,0.3494398949994444,0.23175316050244632,0.20362343959915932,0.20699489427818707,4317.087856488304,3874.012094683571,0.10818467957804266,341806.2,0.0,-1.0,11637924,-0.01991184970810918,0.040144283093369384,0.19460694747961363,-0.08731241473395013,0.5793822545738425,0.0011259852370821655,0.017887406285029175,0.06127625640978578,False,False,False,False,False,False,GOLD,83.8205805000869,-1.1875510940588931,5.555555555555555,98.99,-0.3323,4.133,-0.3136,3.57,-0.5017,90.9,12.2084,6740.02,-1.3277,24450.4492,-1.2737,29.49,24.1684,19.88,11.3102,91.7869,-0.3648,118,999,central_bank,high,-0.013328350772296993,0,-0.005729945191828567,0,0.026905829596412634,1,0.015072247135027306,1,0.05151963245827096,1,0.18213754301351526,1
2025-11-04,3960.5,3960.5,4018.0,3937.10009765625,4013.699951171875,250259,valid,,88.72339630126953,112974.19,2026-10-03T13:44:11.057201+00:00,-0.013328350772296993,-0.005673996912492485,-0.010962916645277043,0.16324494281407165,0.22745300940046542,0.44217466696478214,3997.519970703125,4033.919970703125,4093.35498046875,3869.94,3620.9780004882814,3366.107501220703,4025.3026245283513,4027.827892424198,3886.5459472559237,3418.7097061372274,37.948614063647874,0.0,30.670875494216943,67.19252921337458,-36.52165371915764,-3.6163659712502128,-148.60009765625,138.37857491629464,0.35200477845286887,0.22713962620875847,0.20429571756747852,0.20751497821502995,4319.517104519662,3867.1928564178384,0.1105020820964605,339443.55,0.7372624991695947,inf,11387665,-0.03245625681198645,0.02340087960019446,0.17658155556932356,-0.0994770350158937,0.5583316938813463,-7.475058000122702e-05,0.02042668914120176,0.05773086416551477,False,False,False,False,False,False,GOLD,84.03352238825549,-1.1476309496272161,7.142857142857142,98.99,-0.3323,4.133,-0.3136,3.57,-0.5017,90.9,12.2084,6740.02,-1.3277,24450.4492,-1.2737,29.49,24.1684,19.88,11.3102,91.7869,-0.3648,117,999,central_bank,high,0.00818076059683115,1,0.012447935570792934,1,0.03933841805011995,1,0.02676429743719222,1,0.0686781971973236,1,0.17475068745265743,1
2025-11-05,3992.89990234375,3992.89990234375,4000.699951171875,3935.699951171875,3939.5,175161,valid,,88.73200225830078,113909.45,2026-10-03T13:44:11.057201+00:00,0.00818076059683115,-0.00194967103839927,-0.019064021043176504,0.17472783240475143,0.2527924082314428,0.4521220399491386,3995.9599609375,4026.669970703125,4089.4749755859375,3881.137998046875,3626.7339990234377,3372.217501220703,4018.822080091431,4024.5014171784414,3890.7166905927015,3424.4230414228646,33.23652092986126,0.0,25.01177345440965,58.7563780615816,-33.74460460717195,-1.7833423953742655,-72.5,132.65713936941964,0.347944711874621,0.22724082699509138,0.20347142648465663,0.2076210222306057,4319.910256610147,3859.0396945617276,0.11269675564704337,330762.7,0.5295669674966357,-0.30008111596386144,11562826,-0.023615518818115928,0.02879616863741734,0.1840576418627159,-0.09211007222741197,0.5710800323994408,-0.005302360813027319,0.016278895436830275,0.053679353231926116,False,False,False,False,False,False,GOLD,83.42352106680268,-1.2580750751288112,4.761904761904762,98.99,-0.3323,4.133,-0.3136,3.57,-0.5017,90.9,12.2084,6740.02,-1.3277,24450.4492,-1.2737,29.49,24.1684,19.88,11.3102,91.7869,-0.3648,116,999,central_bank,high,-0.0004758201783707783,0,0.03233241524048003,1,0.055273160036632296,1,0.022515001298080595,1,0.06263620520751001,1,0.23594383047350043,1
2025-11-06,3991.0,3991.0,4028.699951171875,3973.199951171875,3992.39990234375,188688,valid,,88.55690002441406,113630.57,2026-10-03T13:44:11.057201+00:00,-0.0004758201783707783,-0.0062003294278371035,0.004631702635914836,0.1709649804371609,0.23426627493428165,0.49123787586804557,3990.97998046875,4011.2099609375,4090.394970703125,3891.98599609375,3632.575,3378.347501220703,4013.257664073145,4021.31080601859,3894.649369392988,3430.0606231002494,36.772589768114294,0.08206222670307553,20.141410433356214,51.03338453593652,-30.891974102580306,-3.729257381667239,-154.60009765625,122.62142508370536,0.3368757016486598,0.2273393489625482,0.20266940264968175,0.20568445593271673,4319.005255006307,3861.7846863999425,0.11177907558586167,317145.95,0.5949563599976585,0.07722609484988108,11374138,-0.02429960221812399,0.02544048308642459,0.1813467970828178,-0.09254206457478568,0.5703324808181899,-0.0001252222725910021,0.01390628915058534,0.050978851108010204,False,False,False,False,False,False,GOLD,83.50420778648022,-1.2395925466464066,5.158730158730158,98.99,-0.3323,4.133,-0.3136,3.57,-0.5017,90.9,12.2084,6740.02,-1.3277,24450.4492,-1.2737,29.49,24.1684,19.88,11.3102,91.7869,-0.3648,115,999,central_bank,high,0.004710611081965688,1,0.03139559125219238,1,0.050989726885492415,1,0.017288900025056453,1,0.06314206965672753,1,0.24049105604798293,1
2025-11-07,4009.800048828125,4009.800048828125,4035.800048828125,3981.60009765625,3986.89990234375,208649,valid,,88.6729965209961,114315.51,2026-10-03T13:44:11.057201+00:00,0.004710611081965688,0.0033279241406543036,0.002349801698292131,0.18520930086890308,0.2207878979512139,0.4819277021466384,3993.639990234375,3998.4099853515627,4090.8649780273436,3902.69599609375,3638.5919995117188,3384.502001953125,4012.566141024141,4020.214543429022,3899.165082312013,3435.8291746000295,25.483872845492485,0.0,17.595786201630744,44.34586486907537,-26.750078667444626,-3.0934255377548903,-127.999755859375,113.29997907366071,0.33638328462393285,0.2263929082020469,0.20168569465527839,0.2054930865570826,4318.733664076751,3862.996291977936,0.11140367001759725,309701.3,0.6737104429332371,0.10578839141863816,11582787,-0.019816085261823792,0.027443606379166853,0.18475333934326796,-0.08826738316775505,0.5777297064047009,-0.0010273359198819775,0.013516871293295925,0.04821512670263979,False,False,False,False,False,False,GOLD,83.50792826412233,-1.236061152066058,5.555555555555555,98.99,-0.3323,4.133,-0.3136,3.57,-0.5017,90.9,12.2084,6740.02,-1.3277,24450.4492,-1.2737,29.49,24.1684,19.88,11.3102,91.7869,-0.3648,114,999,central_bank,high,0.027981432940693773,1,0.050825489138214275,1,0.0210484067325043,1,0.0173824006990686,1,0.05184800836768266,1,0.21938748577475065,1
2025-11-10,4122.0,4122.0,4124.0,4004.199951171875,4007.199951171875,253812,valid,,88.65799713134766,117494.35,2026-10-03T13:44:11.057201+00:00,0.027981432940693773,0.026905829596412634,-0.002661504960077443,0.2185892156912277,0.244001810774106,0.529612559489345,4015.239990234375,4008.639990234375,4090.314978027344,3914.813994140625,3645.955,3391.4200024414063,4034.452912819313,4029.9083964357815,3907.9037065350713,3442.6567450020193,51.1219259466874,0.7463071755618775,24.351252937475692,40.34694248275544,-15.995689545279745,2.5449672878768315,102.300048828125,100.38568987165179,0.330142212492335,0.23202345874345906,0.20499515720746886,0.2070915203735518,4317.808244743455,3862.821711311232,0.11123508479817386,304514.8,0.8334964343276556,0.21645442825031513,11836599,0.007746352577455857,0.05292358875017343,0.21542008864500722,-0.06275579809002665,0.6218768443829935,-0.0006484357385873236,0.029063573223701098,0.044829967438899984,False,False,False,False,False,False,GOLD,82.14919490691979,-1.476952760007397,0.7936507936507936,98.99,-0.3323,4.133,-0.3136,3.57,-0.5017,90.9,12.2084,6740.02,-1.3277,24450.4492,-1.2737,29.49,24.1684,19.88,11.3102,91.7869,-0.3648,111,999,central_bank,high,-0.001382871254852036,0,0.017588549247937957,1,-0.011523532265890313,0,-0.0067443107297732174,0,0.027705044956938485,1,0.20810281530507035,1
2025-11-11,4116.2998046875,4116.2998046875,4155.0,4102.7998046875,4124.0,252249,valid,,88.70709991455078,117396.85,2026-10-03T13:44:11.057201+00:00,-0.001382871254852036,0.03933841805011995,-0.011312893010766323,0.2185612210442569,0.2492563898899849,0.5724872527291531,4046.399951171875,4021.9599609375,4087.9599731445314,3925.2959912109377,3653.167998046875,3398.1640014648438,4050.8222911929506,4038.1361496026116,3916.076102541049,3449.35966101879,54.740166846888464,0.851631832472182,28.911773939918476,38.059908774188045,-9.14813483426957,3.3441215075068698,133.19970703125,93.12855747767857,0.3290415710494381,0.23202547635354193,0.2047605144252601,0.20485872578634,4313.23198159084,3862.6879646982225,0.11021243354932883,296827.7,0.8498162401959087,-0.006158101271807492,11584350,0.00693251199354629,0.048659722452570955,0.21133053110823335,-0.06405188615562436,0.6196339975159868,0.0004852013585636862,0.012681339501326782,0.041439927663485865,False,False,False,False,False,False,GOLD,81.32087008819913,-1.618336411872539,0.3968253968253968,98.99,-0.3323,4.133,-0.3136,3.57,-0.5017,90.9,12.2084,6740.02,-1.3277,24450.4492,-1.2737,29.49,24.1684,19.88,11.3102,91.7869,-0.3648,110,999,central_bank,high,0.023637805209899332,1,-0.0053688639225107915,0,-0.012098196693736907,0,0.005757645564473002,1,0.026334425520113225,1,0.23397229146416998,1
2025-11-12,4213.60009765625,4213.60009765625,4218.5,4104.39990234375,4132.2001953125,296796,valid,,88.46649932861328,119845.91,2026-10-03T13:44:11.057201+00:00,0.023637805209899332,0.055273160036632296,0.0028560547698706085,0.25453305115453806,0.2518866351325013,0.6166980081786124,4090.539990234375,4043.2499755859376,4088.5599731445313,3936.8579931640625,3661.965,3405.3830017089845,4083.3778524856107,4054.8470017981963,3927.7437101926253,3456.9640434728944,56.13718411552347,0.9707245425986677,39.91719953261645,38.43136692587373,1.4858326067427186,5.321572451890888,212.900146484375,93.69998604910714,0.3384712455902397,0.23487789957052813,0.20521852045229927,0.20591303173166522,4315.1663708282185,3861.953575460844,0.11084900266699411,296171.8,1.0021075605442484,0.17659931258399442,11881146,0.030582925365656093,0.07029517065960993,0.23733515306249725,-0.04192812695400365,0.657918590460591,0.0038627873039979548,0.027079004891728885,0.038533769885488574,False,False,False,False,False,False,GOLD,79.00697591897558,-2.020954238718059,0.0,98.99,-0.3323,4.133,-0.3136,3.57,-0.5017,90.9,12.2084,6740.02,-1.3277,24450.4492,-1.2737,29.49,24.1684,19.88,11.3102,91.7869,-0.3648,109,999,central_bank,high,-0.004532964024486885,0,-0.03301217354101127,0,-0.031042349961231563,0,-0.011486591328558116,0,0.023590255373080904,1,0.19399085898028523,1
2025-11-13,4194.5,4194.5,4250.0,4148.5,4202.39990234375,319216,valid,,88.59400177001953,119474.6,2026-10-03T13:44:11.057201+00:00,-0.004532964024486885,0.050989726885492415,-0.025577311517554602,0.2378633613693375,0.27090659438612663,0.6216895418519235,4131.239990234375,4061.1099853515625,4083.054968261719,3948.613994140625,3670.4789990234376,3412.2405017089845,4105.602281988489,4068.147287341225,3938.2047411654635,3464.3027097069953,55.015055271763636,0.9633928995520852,46.561132596680636,40.05732006003512,6.503812536645519,4.447324435352984,178.60009765625,93.5714111328125,0.3264708812572155,0.23527091657405,0.2030547450894858,0.20579253669557043,4292.24314081859,3873.8667957048474,0.10246649833660114,293372.8,1.0880899660772878,0.07554010161862013,11561930,0.027294521529721023,0.06227147202136868,0.2292509856497512,-0.04627103228739284,0.6504033051345071,-0.0026581059077550517,0.024198354988669873,0.03404763654298893,False,False,False,False,False,False,GOLD,79.03116207958442,-2.000642079033454,0.3968253968253968,98.99,-0.3323,4.133,-0.3136,3.57,-0.5017,90.9,12.2084,6740.02,-1.3277,24450.4492,-1.2737,29.49,24.1684,19.88,11.3102,91.7869,-0.3648,108,999,central_bank,high,-0.02391227770368931,0,-0.03051615210394565,0,-0.032065800452974136,0,0.014399785992073033,1,0.03189886868220282,1,0.21552032423411616,1
2025-11-14,4094.199951171875,4094.199951171875,4215.10009765625,4032.60009765625,4174.89990234375,342176,valid,,88.81610107421875,116910.04,2026-10-03T13:44:11.057201+00:00,-0.02391227770368931,0.0210484067325043,-0.02826759524283573,0.21072859975652358,0.24258705044713547,0.5912783654903622,4148.119970703125,4070.87998046875,4077.0999755859375,3957.4319921875,3677.9409985351563,3418.649001464844,4103.321815825167,4070.6284934203345,3944.322200381401,3470.570343950427,56.80365296803654,0.9999999999680713,43.23473856546525,40.69280376112114,2.541934804344109,2.4446378374046063,97.699951171875,95.75713239397321,0.32881211218799633,0.24172092436047923,0.2064547360870266,0.20729344657494886,4277.262956167218,3876.936995004657,0.0981888998453933,281989.25,1.213436327803272,0.07192621923713105,11219754,0.004194151649047015,0.03455977493848001,0.19760757814486637,-0.06907686421738424,0.5999844102621253,-0.00467280907289196,0.044575253328240305,0.030238797188340317,False,False,False,False,False,False,GOLD,80.92903614829325,-1.6526779460124617,0.7936507936507936,98.99,-0.3323,4.133,-0.3136,3.57,-0.5017,90.9,12.2084,6740.02,-1.3277,24450.4492,-1.2737,29.49,24.1684,19.88,11.3102,91.7869,-0.3648,107,999,central_bank,high,-0.004811672953646595,0,-0.002784402930903984,0,-0.0035904331364342568,0,0.04411114641920033,1,0.05886381882048619,1,0.20863659844638982,1
2025-11-17,4074.5,4074.5,4107.60009765625,4006.800048828125,4084.39990234375,235352,valid,,88.68199920654297,116171.84,2026-10-03T13:44:11.057201+00:00,-0.004811672953646595,-0.011523532265890313,-0.06535300929620591,0.1918970308614889,0.22833194056426054,0.5853468134239816,4138.619970703125,4076.92998046875,4062.85498046875,3965.373994140625,3685.8099975585938,3424.7360009765625,4097.557452660134,4070.997208332684,3949.4272121311506,3476.5795942593777,58.61288027909143,0.999999999969815,38.56437974592518,40.26711895808195,-1.7027392121567715,1.5072247135027306,60.5,93.46428571428571,0.30026278958197233,0.24175588513651078,0.20655950124597666,0.20738130356702733,4212.637210308521,3913.072750628979,0.07373250118932537,276845.1,0.8501216022967326,-0.3121902178995605,10984402,0.002866215896759277,0.027519726013383775,0.189726740641605,-0.07355616189175225,0.5863344364412746,-0.002393641967905734,0.024739243791410053,0.02458304978852979,False,False,False,False,False,False,GOLD,80.48395061569416,-1.7223523927409716,0.7936507936507936,98.99,-0.3323,4.133,-0.3136,3.57,-0.5017,90.9,12.2084,6740.02,-1.3277,24450.4492,-1.2737,29.49,24.1684,19.88,11.3102,91.7869,-0.3648,104,999,central_bank,high,-0.0019634310958399626,0,-0.003558718861209953,0,0.004834937089673641,1,0.03590619822984409,1,0.0632715191281139,1,0.2385077444318322,1
2025-11-18,4066.5,4066.5,4083.699951171875,3997.39990234375,4045.60009765625,233302,valid,,88.63590240478516,115883.47,2026-10-03T13:44:11.057201+00:00,-0.0019634310958399626,-0.012098196693736907,-0.010367257220272652,0.18990490124359916,0.23643167038988122,0.555304768650948,4128.660009765625,4087.52998046875,4060.7249755859375,3973.0599951171876,3693.397998046875,3430.689500732422,4091.3459621281077,4070.56890277719,3954.0183018514977,3482.449449042867,56.3147809975272,0.9306318099900525,33.82760996143179,38.97921715875192,-5.151607197320132,2.676429743719222,106.0,91.32857840401786,0.221708546516671,0.24187862996398765,0.20608579621337195,0.20683944357516473,4208.941630430057,3912.5083207418184,0.07300009517275713,261743.95,0.8913367434089655,-0.008710357252115997,10751100,0.0014221658567822061,0.023518397657630353,0.18533023729826112,-0.07537517053204289,0.5660261395099757,-0.007092870866055444,0.021222193244338813,0.022064851921809993,False,False,False,False,False,False,GOLD,80.60455774872148,-1.6930143304667373,1.1904761904761905,98.99,-0.3323,4.133,-0.3136,3.57,-0.5017,90.9,12.2084,6740.02,-1.3277,24450.4492,-1.2737,29.49,24.1684,19.88,11.3102,91.7869,-0.3648,103,999,central_bank,high,0.0040083730058095846,1,0.0031968523300134333,1,0.018074511250461,1,0.04082134513709579,1,0.0755932380041191,1,0.20641827181698025,1
2025-11-19,4082.800048828125,4082.800048828125,4134.2998046875,4055.60009765625,4067.800048828125,233696,valid,,88.55680084228516,116244.15,2026-10-03T13:44:11.057201+00:00,0.0040083730058095846,-0.031042349961231563,0.00428005778087015,0.18928052689429808,0.20181328962392997,0.5518054157461516,4102.5,4096.519995117187,4061.5949829101564,3981.07599609375,3700.727998046875,3436.6385009765627,4089.6367794681114,4071.7337738296596,3959.068566438816,3488.4230868516756,56.40682845122545,0.933410264909958,31.031254510166946,37.38962462903493,-6.358370118867981,2.2515001298080595,89.900146484375,88.63570731026786,0.2188420864326304,0.24186690915487638,0.20105101142029208,0.2068031096610698,4210.131106700886,3913.0588591194264,0.07314177037133646,249993.2,0.9348094268164057,0.0016887982100453058,10984796,0.005220871605166745,0.025551899243863148,0.18802138999134171,-0.07166892932510308,0.5723033564139783,0.00031969724040936437,0.019275915080342886,0.020225433248546868,False,False,False,False,False,False,GOLD,80.38590224753392,-1.7224462711043782,0.7936507936507936,98.99,-0.3323,4.133,-0.3136,3.57,-0.5017,90.9,12.2084,6740.02,-1.3277,24450.4492,-1.2737,29.49,24.1684,19.88,11.3102,91.7869,-0.3648,102,999,central_bank,high,-0.005584414753465383,0,0.0027921774780574893,1,0.02018226351986696,1,0.039237765566760174,1,0.06899675414002471,1,0.22697657002278704,1
2025-11-20,4060.0,4060.0,4109.60009765625,4034.0,4079.89990234375,272355,valid,,88.48719787597656,115504.14,2026-10-03T13:44:11.057201+00:00,-0.005584414753465383,-0.032065800452974136,-0.020648421372009507,0.17728930146446142,0.20221488336033966,0.5310932891203433,4075.6,4103.419995117188,4057.314978027344,3988.803994140625,3707.7309985351562,3442.555001220703,4083.7094235744894,4070.616271560168,3963.0266618725877,3494.1104193208134,56.04185927663824,0.9223936603434703,26.667937888155393,35.24528728085902,-8.577349392703624,1.7288900025056453,69.0,88.49286760602679,0.20717847713055712,0.24248213910052832,0.20102524152974816,0.20684631547507026,4200.49574060405,3914.1342154506374,0.07057907180096985,250012.3,1.0893664031729595,0.16542431192660545,10712441,0.0006617731152736257,0.017848960732074294,0.17935661116820975,-0.07685311505227901,0.5635229623534991,-0.0007103327250147141,0.018620713708431373,0.017175821120150602,False,False,False,False,False,False,GOLD,80.80084117984191,-1.6389271472154756,1.984126984126984,98.99,-0.3323,4.133,-0.3136,3.57,-0.5017,90.9,12.2084,6740.02,-1.3277,24450.4492,-1.2737,29.49,24.1684,19.88,11.3102,91.7869,-0.3648,101,999,central_bank,high,0.004802955665024644,1,0.019704433497536922,1,0.048004902055110765,1,0.0450738916256157,1,0.08061571544027091,1,0.23088667545412567,1
2025-11-21,4079.5,4079.5,4101.0,4018.10009765625,4074.89990234375,257813,valid,,88.69219970703125,116327.78,2026-10-03T13:44:11.057201+00:00,0.004802955665024644,-0.0035904331364342568,-0.014089566300780176,0.17419334618954618,0.20013534319850512,0.5251037978750299,4072.660009765625,4110.389990234375,4054.3999877929687,3996.66599609375,3715.096999511719,3448.5145007324218,4082.8675388595916,4071.4623409353903,3967.5942437599374,3499.93519126787,56.20852505875569,0.9274244715576749,24.501032410646076,33.09643630681643,-8.595403896170353,1.73824006990686,69.699951171875,89.28571428571429,0.20814136664937075,0.24232761535633235,0.20095067177103795,0.20675038645717578,4192.981444502927,3915.8185310830104,0.06836101870913903,248023.0,1.0394721457284162,-0.053393548860861784,10970254,0.006190808080750922,0.020725775931035858,0.1829731320930742,-0.0724192814915706,0.5710324938229291,0.0036699266856518053,0.020321093845748175,0.014445538295076976,False,False,False,False,False,False,GOLD,81.79776452293815,-1.4552056237908861,3.571428571428571,98.99,-0.3323,4.133,-0.3136,3.57,-0.5017,90.9,12.2084,6740.02,-1.3277,24450.4492,-1.2737,29.49,24.1684,19.88,11.3102,91.7869,-0.3648,100,999,central_bank,high,0.0036033707983516017,1,0.021007524283000345,1,0.047873466034440426,1,0.033876748452629,1,0.09557541422815286,1,0.2454712347943988,1
2025-11-24,4094.199951171875,4094.199951171875,4138.2001953125,4036.39990234375,4069.199951171875,223055,valid,,89.63400268554688,117986.66,2026-10-03T13:44:11.057201+00:00,0.0036033707983516017,0.004834937089673641,0.01853372164712952,0.16441507279641243,0.21306030420104727,0.5095494524298887,4076.6,4107.6099853515625,4058.1249877929686,4004.1699951171877,3722.5739990234374,3454.3135009765624,4085.1340213220483,4073.6278276245794,3972.5591734623663,3505.8482734559693,63.67913146563675,0.9999999999738188,23.696746076898762,31.2164982608329,-7.519752183934138,-0.6744310729773217,-27.800048828125,90.77859933035714,0.18038940540558293,0.24157000828359876,0.20056840880945012,0.2063968865734694,4196.7842276025885,3919.465747983349,0.0683366038388069,242638.3,0.9192901532857719,-0.13481864762444096,11193309,0.008889564389320865,0.02248404941959263,0.1852427262361179,-0.06907686421738424,0.5766935064344306,-0.0025248311871853106,0.024864514235458147,0.013474700809796248,False,False,False,False,False,False,GOLD,81.40372005458067,-1.5147802699200636,3.571428571428571,98.99,-0.3323,4.133,-0.3136,3.57,-0.5017,90.9,12.2084,6740.02,-1.3277,24450.4492,-1.2737,29.49,24.1684,19.88,11.3102,91.7869,-0.3648,97,999,central_bank,high,0.011186568651835316,1,0.039250635799035205,1,0.030921756393306632,1,0.03468327043968156,1,0.10050809658742788,1,0.2763421816173235,1
2025-11-25,4140.0,4140.0,4156.2998046875,4106.7001953125,4133.5,132704,valid,,89.14779663085938,118659.36,2026-10-03T13:44:11.057201+00:00,0.011186568651835316,0.018074511250461,0.03939140330318924,0.15249709266585154,0.23707639968677396,0.5810578575520335,4091.3,4109.980004882813,4065.9699829101564,4012.4679931640626,3730.5459985351563,3460.3505004882813,4096.107217057639,4079.9489868984288,3979.125480385411,3512.1582408842683,64.64846902952635,0.9999999999744669,26.4501239717697,30.263223403020262,-3.8130994312505635,0.5757645564473002,23.7001953125,90.57144601004464,0.17972233249537886,0.238996177332525,0.20048528796906148,0.20337341254364463,4204.510672158638,3927.4292936616744,0.06814643975767345,232352.1,0.5711332068873035,-0.4050615319091704,11326013,0.018207221745606565,0.03178393124958968,0.19641059465381286,-0.05866302864937274,0.594331296587058,0.009598956889456906,0.011980581974634787,0.013333935582098213,False,False,False,False,False,False,GOLD,81.28166163487896,-1.5262784544436028,3.1746031746031744,98.99,-0.3323,4.133,-0.3136,3.57,-0.5017,90.9,12.2084,6740.02,-1.3277,24450.4492,-1.2737,29.49,24.1684,19.88,11.3102,91.7869,-0.3648,96,999,central_bank,high,0.006087003698671545,1,0.03256033929649749,1,0.022342995169082114,1,0.020458984375000044,1,0.08763280306461363,1,0.25031396248490334,1
2025-11-26,4165.2001953125,4165.2001953125,4171.0,4127.5,4128.60009765625,25088,valid,,89.15059661865234,119385.39,2026-10-03T13:44:11.057201+00:00,0.006087003698671545,0.02018226351986696,0.04111786591054889,0.1457021579734561,0.24152741260705568,0.5889826108135119,4107.780029296875,4105.1400146484375,4074.1949951171873,4021.41599609375,3739.0290014648435,3466.5330017089846,4109.925812708611,4088.068149604531,3986.4225280296105,3518.656170779077,66.57783630616873,0.9999999999756656,30.316174951690755,30.273813712754365,0.04236123893639032,-1.1486591328558116,-48.39990234375,89.71430315290179,0.18011795827373075,0.23828710438792947,0.2005772588196319,0.20341469625813813,4215.915753717769,3932.4742365166057,0.06956994388849591,219193.2,0.1144561053901302,-0.8109476730166385,11351101,0.02233697707261376,0.03575461960622347,0.20154638460354315,-0.05293310702306663,0.6040359970862889,-0.002753599599938948,0.010443675684291066,0.013124481295815135,False,False,False,False,False,False,GOLD,78.71343575493358,-1.954401736448846,0.0,98.99,-0.3323,4.133,-0.3136,3.57,-0.5017,90.9,12.2084,6740.02,-1.3277,24450.4492,-1.2737,29.49,24.1684,19.88,11.3102,91.7869,-0.3648,95,999,central_bank,high,0.02153550917725333,1,0.013348604333009328,1,0.018678527090980168,1,0.035484441985245585,1,0.09303274316468424,1,0.2547296528973675,1
2025-11-28,4254.89990234375,4254.89990234375,4263.10009765625,4174.60009765625,4198.60009765625,154806,valid,,89.36479949951172,122249.44,2026-10-03T13:44:11.057201+00:00,0.02153550917725333,0.048004902055110765,0.05951343554666666,0.1797210635615154,0.2726266754273192,0.6117656198123931,4146.760009765625,4111.180004882813,4086.1449951171876,4032.9479931640626,3748.3680004882813,3473.0805017089842,4138.920630635639,4103.956887960647,3996.951052512518,3525.9819790533525,70.55170490905228,0.9999999999485326,40.15518098173834,32.25008716655116,7.905093815187179,1.4399785992073033,60.39990234375,92.83572823660714,0.19291464640782308,0.24048414392349604,0.20243094378186116,0.2042940944293401,4246.278208997535,3926.0117812368403,0.07837862536530758,214617.45,0.7213113379177661,5.170519770408164,11505907,0.04129929491689057,0.05503465691991214,0.22510834409102642,-0.03253753925789392,0.6385797290221771,0.008018798803795817,0.02079954923292796,0.013190599542389811,False,False,True,False,False,False,GOLD,75.38000862204582,-2.491176205112182,0.0,98.99,-0.3323,4.133,-0.3136,3.57,-0.5017,90.9,12.2084,6740.02,-1.3277,24450.4492,-1.2737,29.49,24.1684,19.88,11.3102,91.7869,-0.3648,93,999,central_bank,high,0.004676937836490147,1,-0.005264495724426221,0,-0.0027967525950951533,0,0.017250676638319584,1,0.02084659976692782,1,0.22075731850973734,1
2025-12-01,4274.7998046875,4274.7998046875,4299.60009765625,4241.10009765625,4258.5,227572,valid,,89.3499984741211,122800.86,2026-10-03T13:44:11.057201+00:00,0.004676937836490147,0.047873466034440426,0.06963588256912301,0.17012009622881497,0.27846393728878094,0.6088821244589764,4185.819970703125,4129.239990234375,4100.059985351562,4044.32798828125,3757.8589990234377,3479.9510009765627,4166.096465446011,4120.227641934633,4007.847082009576,3533.432902691503,65.15869609656333,0.6589194048077427,48.993651636897994,35.59880006062053,13.39485157627746,4.411114641920033,180.599853515625,88.4571533203125,0.19075913096993444,0.23960476654341725,0.202444005828567,0.2042622160979746,4275.069424105334,3925.05054659779,0.08536920892815826,214137.45,1.0627379750716137,0.4700463806312416,11733479,0.042618844592565604,0.056986430644102776,0.22840804467869064,-0.028012777469866298,0.646243264554945,0.0008461063101075755,0.013684851378499308,0.013780286176538203,False,False,True,False,False,False,GOLD,73.17607343986582,-2.8144460911326905,0.0,98.99,-0.3323,4.133,-0.3136,3.57,-0.5017,90.9,12.2084,6740.02,-1.3277,24450.4492,-1.2737,29.49,24.1684,19.88,11.3102,91.7869,-0.3648,90,999,central_bank,high,-0.012632170503233064,0,-0.007438899162629853,0,-0.01335725928320386,0,0.01412940801549789,1,0.026083092798342422,1,0.22763641389456524,1
2025-12-02,4220.7998046875,4220.7998046875,4269.2001953125,4194.0,4265.2998046875,215921,valid,,89.61270141601562,121606.11,2026-10-03T13:44:11.057201+00:00,-0.012632170503233064,0.030921756393306632,0.05151963245827096,0.14776742175835156,0.240536070371973,0.5876621420678954,4211.13994140625,4143.869970703125,4110.399975585938,4053.241982421875,3766.4269970703126,3486.31,4177.03713329431,4129.805943149191,4016.1981691734163,3540.2723743531546,59.46043314935493,0.28612203924815727,51.052354838097926,38.689511016116015,12.362843821981912,3.590619822984409,146.2998046875,90.49998256138393,0.19902634546025683,0.24151402308018616,0.2022995998125931,0.20477911891889608,4288.411162274596,3932.3887888972795,0.0866150193392016,224933.5,0.959932602302454,-0.05119698381171678,11517558,0.026858658465663782,0.04133921019081748,0.21067828296602695,-0.04029108579182803,0.6254476389472927,-0.0022223262922349304,0.017816574770726387,0.014101796392105797,False,False,False,False,False,False,GOLD,72.79374437699558,-2.82397443660657,0.0,98.99,-0.3323,4.133,-0.3136,3.57,-0.5017,90.9,12.2084,6740.02,-1.3277,24450.4492,-1.2737,29.49,24.1684,19.88,11.3102,91.7869,-0.3648,89,999,central_bank,high,0.002772032755381071,1,0.005259712931147575,1,0.0036486901387497994,1,0.026416794247424713,1,0.02850177656735764,1,0.2584345013846281,1
2025-12-03,4232.5,4232.5,4273.2998046875,4225.10009765625,4241.60009765625,176443,valid,,89.91719818115234,122357.56,2026-10-03T13:44:11.057201+00:00,0.002772032755381071,0.022342995169082114,0.0686781971973236,0.14944871438961105,0.22581671111725798,0.5864538232044421,4229.63994140625,4160.469970703125,4123.999975585937,4061.5779833984375,3775.16099609375,3492.7919995117186,4188.129706635447,4139.586329515934,4024.680593911714,3547.160211424268,52.02484405766048,0.0,53.01685463789272,41.55497974047136,11.46187489742136,4.082134513709579,166.0,86.0999755859375,0.18994601114861379,0.24150396308394048,0.2014199048093665,0.20477448937768522,4295.222902337918,3952.777048833957,0.08303730735479042,221242.7,0.7975087991603754,-0.18283538886907713,11694001,0.026309414417157187,0.04208266277298094,0.21178129146868135,-0.03763074124601236,0.6299534330446105,0.00492804537795061,0.011387999298579705,0.015368901555659417,False,False,False,False,False,False,GOLD,73.07366749737493,-2.7301091448908874,0.3968253968253968,98.99,-0.3323,4.133,-0.3136,3.57,-0.5017,90.9,12.2084,6740.02,-1.3277,24450.4492,-1.2737,29.49,24.1684,19.88,11.3102,91.7869,-0.3648,88,999,central_bank,high,0.0024808033077377,1,-0.003496705183106963,0,-0.0018428363112817925,0,0.03340812813792082,1,0.02294154699497941,1,0.210561180227407,1
2025-12-04,4243.0,4243.0,4251.10009765625,4203.2998046875,4234.5,161251,valid,,90.17050170898438,123006.65,2026-10-03T13:44:11.057201+00:00,0.0024808033077377,0.018678527090980168,0.06263620520751001,0.15236284627919616,0.24162348619490626,0.5854570201834293,4245.19990234375,4176.489965820312,4136.50498046875,4071.0759814453127,3784.2239965820313,3499.2264990234376,4199.103765308359,4149.435250514416,4033.24213924851,3554.083990415071,55.29360288811743,0.17643349601964292,54.78941881564697,44.20186755550648,10.587551260140486,3.9237765566760174,160.199951171875,82.2642822265625,0.18911679127805586,0.24144806611036315,0.2006493412094312,0.2047717665259232,4303.902021397287,3969.1079395402116,0.08093646289265573,220547.2,0.7311405449717759,-0.08610146052832923,11855252,0.025745168937076093,0.04223060914073352,0.2125536889892443,-0.035243292405630906,0.633997026912765,0.00047253396337850617,0.011265682999938423,0.016071672285564248,False,False,False,False,False,False,GOLD,74.63894296645667,-2.4416741068304866,1.1904761904761905,98.99,-0.3323,4.133,-0.3136,3.57,-0.5017,90.9,12.2084,6740.02,-1.3277,24450.4492,-1.2737,29.49,24.1684,19.88,11.3102,91.7869,-0.3648,87,999,central_bank,high,0.0,0,-0.0016025936100636518,0,0.016497761018147594,1,0.028635399481498958,1,0.0491397596040537,1,0.210157953172873,1
2025-12-05,4243.0,4243.0,4290.5,4221.39990234375,4239.5,193599,valid,,89.8364028930664,122550.88,2026-10-03T13:44:11.057201+00:00,0.0,-0.0027967525950951533,0.06314206965672753,0.15499779159604943,0.2454137549157407,0.6020994398334931,4242.819921875,4194.789965820312,4149.10498046875,4080.5139794921874,3793.0629956054686,3505.6754992675783,4207.883012246687,4158.346179036853,4041.467937709353,3560.938876082583,70.7937435049937,0.9999999999467204,55.55379908236955,46.47225386087909,9.081545221490458,4.50738916256157,183.0,74.16428920200893,0.18900466080681383,0.24130109762523783,0.2005394916428674,0.20440840085740777,4308.113549634719,3990.096411302781,0.0766471660343318,220792.75,0.876835856249805,0.20060650786661793,11855252,0.022630186503649147,0.03981998868877636,0.21032308919814643,-0.035243292405630906,0.633997026912765,-0.0008248880509071824,0.016285669963760005,0.01680940227659305,False,False,False,False,False,False,GOLD,72.62674909540911,-2.7203185753025183,0.0,98.99,-0.3323,4.133,-0.3136,3.57,-0.5017,90.9,12.2084,6740.02,-1.3277,24450.4492,-1.2737,29.49,24.1684,19.88,11.3102,91.7869,-0.3648,86,999,central_bank,high,-0.0059627161648597715,0,-0.0043129400630450565,0,0.02010365418041471,1,0.03400890989571059,1,0.05965121321146594,1,0.19695974435835484,1
2025-12-08,4217.7001953125,4217.7001953125,4247.89990234375,4204.0,4228.10009765625,149813,valid,,89.93800354003906,121957.92,2026-10-03T13:44:11.057201+00:00,-0.0059627161648597715,-0.01335725928320386,0.05184800836768266,0.14412443224918658,0.237551736879152,0.5858399911435228,4231.4,4208.6099853515625,4159.499987792969,4088.6879833984376,3801.7869970703123,3511.948000488281,4209.846448859849,4163.998942491677,4048.379006634967,3567.4738145823835,69.70283899210338,0.9418770121874569,53.50136274553097,47.878075637809474,5.623287107721495,3.3876748452629,138.2001953125,70.09999302455357,0.19160256804283327,0.24191558816594602,0.2008519306105301,0.2045485864353809,4306.924194938013,4012.075780647924,0.07088554277084265,217850.95,0.6876857778219434,-0.22616852359774586,11705439,0.013992116285688097,0.03155345001571835,0.20095747281164017,-0.040995862821159385,0.6242539664270619,-0.00351164325801237,0.01040849285412211,0.017319004209183034,False,False,False,False,False,False,GOLD,72.99711390381965,-2.619588628771515,0.7936507936507936,98.99,-0.3323,4.133,-0.3136,3.57,-0.5017,90.9,12.2084,6740.02,-1.3277,24450.4492,-1.2737,29.49,24.1684,19.88,11.3102,91.7869,-0.3648,83,999,central_bank,high,0.004386276677645462,1,0.02259520598297038,1,0.0278587843039646,1,0.059677002957911895,1,0.058041063459078446,1,0.22310737046834572,1
2025-12-09,4236.2001953125,4236.2001953125,4251.7001953125,4197.7998046875,4219.60009765625,177366,valid,,90.12999725341797,122754.35,2026-10-03T13:44:11.057201+00:00,0.004386276677645462,0.0036486901387497994,0.027705044956938485,0.13906969489446097,0.25120366730851207,0.5772582166572116,4234.480078125,4222.810009765625,4165.209997558593,4096.30798828125,3810.5659985351563,3518.535001220703,4215.117198150379,4170.875252284136,4055.7445434458505,3574.1278084204946,72.69326553025999,0.999999999951617,52.75940991472544,48.85434249319267,3.9050674215327703,3.4683270439681557,142.000244140625,67.78573172433036,0.1668532443812314,0.24157772728720386,0.20050543389828512,0.20440865232004515,4315.340185670696,4015.079809446491,0.07208769219322157,214028.65,0.8287021387089961,0.18391594854919124,11882805,0.01704360591554806,0.03415080297463488,0.2039670470359424,-0.03678940534048731,0.6313783937185723,0.0004504593156860882,0.012723759062338436,0.016820514832976932,False,False,False,False,False,False,GOLD,70.40503058855754,-2.9706777215117928,0.0,98.99,-0.3323,4.133,-0.3136,3.57,-0.5017,90.9,12.2084,6740.02,-1.3277,24450.4492,-1.2737,29.49,24.1684,19.88,11.3102,91.7869,-0.3648,82,999,central_bank,high,-0.002714697009061351,0,0.021741089922263646,1,0.022685332360198096,1,0.06361833425582941,1,0.05299560682906734,1,,0
2025-12-10,4224.7001953125,4224.7001953125,4268.7998046875,4207.7998046875,4237.5,186178,valid,,89.91690063476562,122131.67,2026-10-03T13:44:11.057201+00:00,-0.002714697009061351,-0.0018428363112817925,0.026334425520113225,0.13411722760700773,0.24438886459867448,0.5541128410393363,4232.9201171875,4231.280029296875,4170.630017089844,4103.337993164063,3818.749001464844,3525.0055017089844,4217.033797582804,4176.001437334457,4062.370255283758,3580.6011655039974,69.22246041725508,0.8320720758264828,50.65948208529335,49.21537041161281,1.4441116736805384,2.0458984375000044,84.7001953125,66.52146693638393,0.16721652715522414,0.24179231308414237,0.20061557229955942,0.20420075467079155,4321.1518763136855,4020.1081578660023,0.07218183277203558,210725.1,0.8835112665743147,0.04968257726960079,11696627,0.012964510877512901,0.029576457593937004,0.1984946387357673,-0.03940423026090509,0.6269496956724983,0.00030683268674081346,0.014438894401943094,0.01639933732923523,False,False,False,False,False,False,GOLD,69.96969280828327,-2.9795971895484192,0.0,98.99,-0.3323,4.133,-0.3136,3.57,-0.5017,90.9,12.2084,6740.02,-1.3277,24450.4492,-1.2737,29.49,24.1684,19.88,11.3102,91.7869,-0.3648,81,999,central_bank,high,0.020900845173693616,1,0.026155702154345706,1,0.035316046141402824,1,0.06582706381947867,1,0.06537735087988161,1,,0
2025-12-11,4313.0,4313.0,4317.2998046875,4231.2001953125,4258.2998046875,228282,valid,,89.79299926757812,124512.51,2026-10-03T13:44:11.057201+00:00,0.020900845173693616,0.016497761018147594,0.023590255373080904,0.16009466441302722,0.29368011228169655,0.5645518469162887,4246.9201171875,4246.060009765625,4175.600012207031,4111.647993164062,3827.442001953125,3532.0910021972654,4236.227038066244,4189.04891949308,4072.1988727236107,3587.888716095998,79.10725119654855,0.9999999999630756,55.480782512117,50.46845283171365,5.012329680403354,3.5484441985245585,147.7998046875,67.7357177734375,0.162597218138631,0.2446288619605957,0.20036353988817004,0.2047241368065777,4338.17709363425,4013.0229307798113,0.07787004547940386,207299.4,1.1012188168417223,0.22614916907475635,11924909,0.03290544769404598,0.04897111989417676,0.2210897163512267,-0.019326966803087917,0.6609543193671291,0.007953134618232167,0.019962812282629267,0.0155538652990913,False,False,True,False,False,False,GOLD,67.46546860241547,-3.2806680243623845,0.0,98.99,-0.3323,4.133,-0.3136,3.57,-0.5017,90.9,12.2084,6740.02,-1.3277,24450.4492,-1.2737,29.49,24.1684,19.88,11.3102,91.7869,-0.3648,80,999,central_bank,high,0.003547369507883147,1,0.004474798211801634,1,0.011940644562949299,1,0.05557621036691396,1,0.06995135527764895,1,,0
2025-12-12,4328.2998046875,4328.2998046875,4387.7998046875,4286.0,4309.10009765625,292175,valid,,90.25299835205078,125594.33,2026-10-03T13:44:11.057201+00:00,0.003547369507883147,0.02010365418041471,0.03189886868220282,0.1767119993559143,0.294696442897999,0.5975123498540509,4263.980078125,4253.4,4182.290002441407,4120.851987304687,3836.7489990234376,3539.490001220703,4254.641591390496,4202.310908559215,4082.242046526116,3595.2559906093466,78.90336238368702,0.9924715401844312,59.846392251654834,52.34404071570189,7.502351535952947,1.7250676638319584,73.39990234375,69.08571079799107,0.1613326457433092,0.243076854713477,0.20037122309298938,0.20383806849874633,4358.575421651514,4006.0045832312985,0.08430090649245237,205947.35,1.4186878345363443,0.27988628100332047,12217084,0.034911448551110856,0.05034100181755067,0.22285973493201802,-0.015848157187922724,0.6668463380736375,-0.0009042203440178751,0.023519582580030254,0.014909056507241641,False,False,True,False,False,False,GOLD,70.53713762685253,-2.7711563113326942,1.1904761904761905,98.99,-0.3323,4.133,-0.3136,3.57,-0.5017,90.9,12.2084,6740.02,-1.3277,24450.4492,-1.2737,29.49,24.1684,19.88,11.3102,91.7869,-0.3648,79,999,central_bank,high,0.0015942496907277448,1,0.01053533713327015,1,0.0136312184142382,1,0.0035349429704891744,1,0.06256504983214795,1,,0
2025-12-15,4335.2001953125,4335.2001953125,4384.2998046875,4315.89990234375,4330.0,207700,valid,,90.5770034790039,126246.16,2026-10-03T13:44:11.057201+00:00,0.0015942496907277448,0.0278587843039646,0.05886381882048619,0.16984190679240996,0.29486266287709073,0.6201510263112202,4287.480078125,4259.4400390625,4194.340014648437,4129.377993164063,3846.3660009765626,3546.660501708984,4270.753312174897,4214.967031107147,4092.161973929504,3602.6186195118657,78.51399996187106,0.9780945898710858,63.1351901059752,54.502270593756556,8.632919512218642,1.412940801549789,60.400390625,66.69996861049107,0.13019351403018598,0.24289566569306734,0.20037026574765449,0.2033291078796127,4378.062472342994,4010.6175569538814,0.08760494239993638,199223.55,1.0425474297591775,-0.2891246684350133,12424784,0.033583395760020604,0.04984339106013388,0.22233300684498275,-0.014279173416890795,0.6695037073326014,0.00039280904494146053,0.01577779554856374,0.015731672322538505,False,False,False,False,False,False,GOLD,68.87830139551278,-2.9514570315922914,0.3968253968253968,98.99,-0.3323,4.133,-0.3136,3.57,-0.5017,90.9,12.2084,6740.02,-1.3277,24450.4492,-1.2737,29.49,24.1684,19.88,11.3102,91.7869,-0.3648,76,999,central_bank,high,-0.0006690326846119365,0,0.006758581695761379,1,0.03095582694805077,1,0.011787139479799036,1,0.06931629139639739,1,,0
2025-12-16,4332.2998046875,4332.2998046875,4367.89990234375,4297.39990234375,4334.2998046875,212277,valid,,90.77690124511719,126440.13,2026-10-03T13:44:11.057201+00:00,-0.0006690326846119365,0.022685332360198096,0.0632715191281139,0.1475986576825299,0.3177697031266129,0.6225841965121723,4306.7,4270.5900390625,4207.230004882813,4136.49798828125,3856.332998046875,3553.7190002441407,4283.062610677418,4226.141580971942,4101.579143763151,3609.879128817096,75.32258437860874,0.8602536768836327,64.76102404333778,56.55402128367281,8.207002759664974,2.6416794247424713,111.5,67.29997907366071,0.127748325412854,0.24069107108092325,0.19821758532833975,0.20330380199811166,4391.723313580841,4022.7366961847847,0.0877029820018709,198069.8,1.0717282493343203,0.02203659123736168,12212507,0.02972735021843453,0.04733516538891381,0.2190890175586904,-0.014938652867777411,0.6683867547853154,-0.00020769297481886836,0.016273112014017013,0.01709949256640038,False,False,False,False,False,False,GOLD,69.0956898230076,-2.8625055788470295,0.7936507936507936,98.99,-0.3323,4.133,-0.3136,3.57,-0.5017,90.9,12.2084,6740.02,-1.3277,24450.4492,-1.2737,29.49,24.1684,19.88,11.3102,91.7869,-0.3648,75,999,central_bank,high,0.009602312751125552,1,0.012695335613775116,1,0.04002502099171035,1,0.00203132132250583,1,0.06726228649035515,1,,0
2025-12-17,4373.89990234375,4373.89990234375,4383.60009765625,4330.7001953125,4333.5,212413,valid,,90.94889831542969,127896.11,2026-10-03T13:44:11.057201+00:00,0.009602312751125552,0.035316046141402824,0.0755932380041191,0.14629031588305086,0.32233877525503307,0.6430878671464124,4336.53994140625,4284.730029296875,4222.6,4143.88798828125,3866.9719970703127,3560.9584997558595,4301.230069010685,4240.213802054971,4112.258389197684,3617.481325568605,76.34431400877452,0.897980368786914,68.6153345019602,58.966283927330295,9.64905057462991,3.3408128137920823,141.39990234375,67.97140066964286,0.12826064042451632,0.24053198750324725,0.19842110902533416,0.20338302716920517,4408.937918835316,4036.2620811646852,0.08825743325688969,197025.35,1.0780998485727797,0.0006406723290794947,12424920,0.03583098146727461,0.0555063058443928,0.2282928606563086,-0.005479785733570832,0.684407126194596,0.000277034223532066,0.012094447409596991,0.0189947247467417,False,False,False,False,False,False,GOLD,66.03408871961174,-3.2165351503448827,0.0,98.99,-0.3323,4.133,-0.3136,3.57,-0.5017,90.9,12.2084,6740.02,-1.3277,24450.4492,-1.2737,29.49,24.1684,19.88,11.3102,91.7869,-0.3648,74,999,central_bank,high,-0.0021490894976158303,0,0.021834061622861167,1,0.029470245140881923,1,-0.01012821639191197,0,0.050641305229987,1,,0
2025-12-18,4364.5,4364.5,4409.5,4338.0,4371.5,234460,valid,,90.4136962890625,126870.25,2026-10-03T13:44:11.057201+00:00,-0.0021490894976158303,0.011940644562949299,0.06899675414002471,0.15827602422629639,0.3029135877906659,0.6449326950141412,4346.83994140625,4296.880029296875,4236.684997558594,4149.76798828125,3877.3769970703124,3568.147999267578,4313.884055208548,4252.05058281164,4122.150217072284,3624.914347204738,67.35275427168389,0.565972962995887,70.10330251474716,61.19368764481367,8.909614869933485,2.8635399481498958,121.5,66.085693359375,0.12990401881211236,0.2387302369807785,0.19795335772198494,0.2033567002627544,4421.105846652946,4052.2641484642413,0.08705903280540417,197063.55,1.189768478239628,0.10379308234430096,12190460,0.03016863479702408,0.05174554633538343,0.223183567748777,-0.010205238689191471,0.6807871845299827,-0.000548687074997639,0.016382174361320567,0.02094502861913544,False,False,False,False,False,False,GOLD,67.57028434011603,-2.940713050185517,0.7936507936507936,98.99,-0.3323,4.133,-0.3136,3.57,-0.5017,90.9,12.2084,6740.02,-1.3277,24450.4492,-1.2737,29.49,24.1684,19.88,11.3102,91.7869,-0.3648,73,999,central_bank,high,0.0052239213397868856,1,0.03235197509737664,1,0.04312067712510026,1,0.019933554817275656,1,0.09194634086092335,1,,0
2025-12-19,4387.2998046875,4387.2998046875,4389.0,4336.2998046875,4363.60009765625,165214,valid,,90.25579833984375,127310.28,2026-10-03T13:44:11.057201+00:00,0.0052239213397868856,0.0136312184142382,0.08061571544027091,0.16340051737534633,0.30586060316403985,0.6821822937816362,4358.63994140625,4311.310009765625,4253.049987792969,4158.061982421875,3888.291994628906,3575.5139978027346,4328.567205104338,4264.931461085532,4132.548240116019,3632.5002721548153,67.6498166073743,0.5769417935786341,72.28897922331544,63.41274596051403,8.876233262801406,3.4008909895710593,144.2998046875,65.67142159598214,0.12561365423240597,0.23876265468967017,0.1979969220003527,0.20247466541372772,4429.365171582506,4076.7348040034317,0.08291234962934958,191706.5,0.8618069809839476,-0.29534248912394434,12355674,0.031565539384634834,0.05513092956157664,0.22704031011580605,-0.005034628713571825,0.6850251130942243,-0.0002061868126359935,0.012011988616821168,0.02284429760129384,False,False,False,False,False,False,GOLD,65.6339251178447,-3.128731419707665,0.0,98.99,-0.3323,4.133,-0.3136,3.57,-0.5017,90.9,12.2084,6740.02,-1.3277,24450.4492,-1.2737,29.49,24.1684,19.88,11.3102,91.7869,-0.3648,72,999,central_bank,high,0.01871312682313886,1,0.02632598754172144,1,-0.009960501669970201,0,0.024798919110224693,1,0.10261441327339771,1,,0
2025-12-22,4469.39990234375,4469.39990234375,4484.5,4367.89990234375,4369.89990234375,203043,valid,,89.56999969482422,128707.2,2026-10-03T13:44:11.057201+00:00,0.01871312682313886,0.03095582694805077,0.09557541422815286,0.17337881395215282,0.3369828690384047,0.6896902715719384,4385.4798828125,4336.47998046875,4272.544982910156,4167.441982421875,3900.053994140625,3583.3639978027345,4356.733744552221,4284.404645967266,4145.758109222989,3640.8276316591828,85.84196765350646,0.9999999999704293,79.72689350347991,66.6755754691072,13.051318034372713,5.9677002957911895,251.69970703125,68.22858537946429,0.13617984905951822,0.24056464138586517,0.19912329798948578,0.2027952370557543,4454.204032975646,4090.8859328446656,0.0850355236946924,188968.0,1.0744835104356236,0.22896969990436644,12558717,0.046074393650845535,0.07245641839657292,0.24726371785955104,-0.0033671753052172218,0.7134642193197082,-0.003965970669511927,0.02608853541950428,0.02522002728090204,False,False,True,False,False,False,GOLD,65.81745381521678,-3.034335906662617,0.3968253968253968,98.99,-0.3323,4.133,-0.3136,3.57,-0.5017,90.9,12.2084,6740.02,-1.3277,24450.4492,-1.2737,29.49,24.1684,19.88,11.3102,91.7869,-0.3648,69,999,central_bank,high,0.008121961283821255,1,0.018637914437924286,1,-0.018593122001160034,0,-0.0015438095705267996,0,0.0993421957536551,1,,0
2025-12-23,4505.7001953125,4505.7001953125,4530.7998046875,4457.7001953125,4481.7998046875,248418,valid,,89.60389709472656,129801.66,2026-10-03T13:44:11.057201+00:00,0.008121961283821255,0.04002502099171035,0.10050809658742788,0.16873320512024037,0.34639181094053484,0.7143673537104647,4420.1599609375,4363.42998046875,4293.1199951171875,4174.895986328125,3911.1129956054688,3591.287999267578,4386.527034704277,4305.480412571575,4159.8734851480685,3649.433328809962,86.77973989913598,0.99999999996824,87.54150050107637,70.84876047550104,16.692740025575333,6.361833425582941,269.5,69.69998604910714,0.13668087578996319,0.24003922430295524,0.1992782299439003,0.20269984221109463,4482.766663765167,4103.473326469208,0.08834911153828996,190236.15,1.305840136062461,0.2234748304546328,12807135,0.04951648228725092,0.0792365151293846,0.2546195671945988,-0.005539774533632399,0.7273809093702326,0.0027743998332404145,0.016223806779473004,0.028317833348709003,False,False,True,False,False,False,GOLD,63.924241416362555,-3.2025658006528985,0.0,98.99,-0.3323,4.133,-0.3136,3.57,-0.5017,90.9,12.2084,6740.02,-1.3277,24450.4492,-1.2737,29.49,24.1684,19.88,11.3102,91.7869,-0.3648,68,999,central_bank,high,-0.0006437158486526373,0,-0.03597667191103626,0,-0.036531524629066836,0,-0.009987348924550221,0,0.10520007533859554,1,,0
2025-12-24,4502.7998046875,4502.7998046875,4555.10009765625,4474.2998046875,4516.7001953125,151576,valid,,89.50789642333984,129579.13,2026-10-03T13:44:11.057201+00:00,-0.0006437158486526373,0.029470245140881923,0.08763280306461363,0.16255289204089074,0.3470144007763889,0.7085182336131663,4445.93994140625,4391.23994140625,4311.259985351562,4181.683984375,3921.8769946289062,3599.067998046875,4409.781588700922,4324.272735630234,4173.321576110399,3657.9245375251617,85.70632858385319,0.9447463782177971,92.43506171143235,75.1660207226873,17.269040988745047,6.582706381947867,278.099609375,72.05712890625,0.13583781321849833,0.24010145339212877,0.19926136036555364,0.20271931186928693,4508.491633626936,4114.028337076188,0.09149605866751967,191179.75,0.7928454765737439,-0.3898348750895668,12655559,0.04442780532528573,0.07679103000424772,0.2511016205114232,-0.011481700038962645,0.7262689669022111,0.0024413519593339556,0.017944455999269034,0.030986559831086176,False,False,False,False,False,False,GOLD,63.39203892426201,-3.19146302397945,0.0,98.99,-0.3323,4.133,-0.3136,3.57,-0.5017,90.9,12.2084,6740.02,-1.3277,24450.4492,-1.2737,29.49,24.1684,19.88,11.3102,91.7869,-0.3648,67,999,central_bank,high,0.011082080658583404,1,-0.025872791386088556,0,-0.03846489174378698,0,-0.00042193799994660885,0,0.12874216497678193,1,,0
2025-12-26,4552.7001953125,4552.7001953125,4584.0,4518.0,4523.5,181246,valid,,90.10590362548828,131890.45,2026-10-03T13:44:11.057201+00:00,0.011082080658583404,0.04312067712510026,0.09303274316468424,0.168107811497755,0.3725769029374455,0.7154754749008636,4483.57998046875,4415.2099609375,4330.634985351562,4188.705986328125,3933.0569970703127,3606.8749987792967,4438.365310023238,4346.02773179045,4188.199169020286,3666.8277779011555,87.43042277459104,0.9999999999501934,99.19631533964366,79.97207964607858,19.224235693565078,5.557621036691396,239.7001953125,72.92142159598214,0.13787875621415915,0.24061505967736818,0.19906607099294477,0.20285765572079142,4543.004392830467,4118.265577872658,0.09807772218032608,198987.65,0.9108404466307286,0.19574338945479486,12836805,0.051277748115928834,0.08689896358740866,0.26222843787296324,-0.006828055123798684,0.7453996188318265,0.004597183132802419,0.014496891332299824,0.03388373389936122,False,False,False,False,False,False,GOLD,59.523313960985824,-3.5693998951486607,0.0,98.99,-0.3323,4.133,-0.3136,3.57,-0.5017,90.9,12.2084,6740.02,-1.3277,24450.4492,-1.2737,29.49,24.1684,19.88,11.3102,91.7869,-0.3648,65,999,central_bank,high,-0.045928808989342484,0,-0.0464779336610206,0,-0.022228609609896255,0,0.013618291857617981,1,0.11639244395871695,1,,0
2025-12-29,4343.60009765625,4343.60009765625,4581.2998046875,4316.0,4568.0,316961,valid,,89.82929992675781,125446.6,2026-10-03T13:44:11.057201+00:00,-0.045928808989342484,-0.009960501669970201,0.02084659976692782,0.12292856647844097,0.3079193308209123,0.6503667536095135,4474.8400390625,4416.739990234375,4335.069995117187,4189.485986328125,3942.1589990234374,3613.5874987792968,4419.41226754984,4345.796528539574,4194.293323084442,3673.561830834042,60.5355308523531,0.0,86.682801812648,81.31422407939247,5.3685777332555205,0.35349429704891744,15.30029296875,88.73570033482143,0.2141500168104586,0.2597020511392875,0.21117624413735073,0.20823698796221718,4544.463877279321,4125.676112955053,0.09660461418059542,207095.4,1.530507196200391,0.7487889387903732,12519844,0.0019676966112816188,0.03678592357893555,0.20201879686692414,-0.05244325967358149,0.665235493128446,0.00336060009030453,0.06107832183505825,0.03474984980594822,False,False,False,False,False,False,GOLD,62.17933925530075,-3.1654312318586006,0.3968253968253968,98.99,-0.3323,4.133,-0.3136,3.57,-0.5017,90.9,12.2084,6740.02,-1.3277,24450.4492,-1.2737,29.49,24.1684,19.88,11.3102,91.7869,-0.3648,62,999,central_bank,high,0.009830487630362317,1,-0.0032231328126993697,0,0.03510912528118948,1,0.05882217383176336,1,0.22101482144224183,1,,0
2025-12-30,4386.2998046875,4386.2998046875,4420.5,4338.7998046875,4350.2998046875,189751,valid,,89.9000015258789,126779.51,2026-10-03T13:44:11.057201+00:00,0.009830487630362317,-0.018593122001160034,0.026083092798342422,0.12213152402738792,0.31891026523360955,0.6753751350508563,4458.22001953125,4421.849951171875,4340.644995117187,4192.945986328125,3951.484997558594,3620.488497314453,4412.789774977372,4349.653983410805,4201.82298902966,3680.6537509718873,62.07168461033392,0.057116933667747526,79.29717323629666,80.91081391077331,-1.613640674476656,1.1787139479799036,51.099609375,90.72140066964286,0.21605812320032086,0.2596061503132918,0.21145116344165643,0.20825062519314652,4549.218054384246,4132.071935850128,0.09610233479201162,205204.35,0.9246928732261235,-0.40134275194740043,12709595,0.010517978231728157,0.04611407325298115,0.21152154134473466,-0.04312831485873841,0.6778103977211821,0.0015424318262778223,0.018626222317309673,0.03522559300087012,False,False,False,False,False,False,GOLD,56.689582721460596,-3.7032778689879464,0.0,98.99,-0.3323,4.133,-0.3136,3.57,-0.5017,90.9,12.2084,6740.02,-1.3277,24450.4492,-1.2737,29.49,24.1684,19.88,11.3102,91.7869,-0.3648,61,999,central_bank,high,-0.010304746379384833,0,0.014864509544656013,1,0.01737231805976136,1,0.056858947570905594,1,0.21250259653025627,1,,0
2025-12-31,4341.10009765625,4341.10009765625,4384.89990234375,4284.2998046875,4353.0,161782,valid,,89.76940155029297,125290.8,2026-10-03T13:44:11.057201+00:00,-0.010304746379384833,-0.036531524629066836,0.02850177656735764,0.09174359186893777,0.2904578173770065,0.6437334712821847,4425.3,4422.72998046875,4346.660009765625,4192.579990234375,3959.982998046875,3626.9899975585936,4398.451839513148,4348.839327624657,4207.284836426781,3687.2253564115326,58.88005387923808,0.0,69.00136597613437,78.52892432384553,-9.527558347711164,0.20313213225058302,8.80029296875,93.64997209821429,0.21420649045748738,0.25886024810684116,0.2118226136525412,0.20851470910487704,4547.475009426542,4145.845010104707,0.09239968123096848,202497.4,0.7989337147044813,-0.1473984326828317,12547813,-0.0012791228430293427,0.035424513728487456,0.19688780519884055,-0.05298863489173145,0.6540043953866225,-0.007591775795148785,0.02317387192028596,0.036750645161238604,False,False,False,False,False,False,GOLD,61.89722433294059,-3.025235244861972,0.7936507936507936,98.99,-0.3323,4.133,-0.3136,3.57,-0.5017,90.9,12.2084,6740.02,-1.3277,24450.4492,-1.2737,29.49,24.1684,19.88,11.3102,91.7869,-0.3648,60,999,central_bank,high,-0.002649098095252156,0,0.03570523519687652,1,0.027550642686360094,1,0.06509872873210765,1,0.09306396786798787,1,,0
2026-01-02,4329.60009765625,4329.60009765625,4414.7998046875,4319.7001953125,4340.0,154807,valid,,89.96189880371094,125226.85,2026-10-03T13:44:11.057201+00:00,-0.002649098095252156,-0.03846489174378698,0.02294154699497941,0.08121071901988675,0.2889166657097084,0.622180628571094,4390.66005859375,4418.3,4351.5150146484375,4196.989990234375,3969.2319995117186,3633.4319982910156,4384.681491141769,4347.007020008618,4212.081513337741,3693.61714488163,51.434502837612605,0.0,59.23113104608001,74.66936566829243,-15.43823462221242,-1.012821639191197,-44.2998046875,93.82854352678571,0.21464145063207268,0.25874900017336916,0.21187344288231844,0.20839073374436737,4545.280345176789,4157.749684120086,0.08905649176254125,201415.6,0.768594885401127,-0.043113572585330884,12393006,-0.005036157963010725,0.031596479317416236,0.19160069589646522,-0.05549736089522131,0.6496227754932661,-0.00025341448745761164,0.02196498688792493,0.03681805884063984,False,False,False,False,False,False,GOLD,61.364024499352816,-3.0170871196106757,0.7936507936507936,98.99,-0.3323,4.133,-0.3136,3.57,-0.5017,90.9,12.2084,6740.02,-1.3277,24450.4492,-1.2737,29.49,24.1684,19.88,11.3102,91.7869,-0.3648,58,999,central_bank,high,0.028155002677900498,1,0.03069565302709898,1,0.03956480987244748,1,0.06139130605419796,1,0.07460273298100906,1,,0
2026-01-05,4451.5,4451.5,4467.60009765625,4354.60009765625,4368.2998046875,211711,valid,,90.00700378417969,128817.17,2026-10-03T13:44:11.057201+00:00,0.028155002677900498,-0.022228609609896255,0.0491397596040537,0.09360029480407817,0.33410257594081805,0.676837338259247,4370.42001953125,4427.0,4361.940014648438,4204.7119921875,3979.7569995117187,3640.470498046875,4398.045192913415,4356.95873238875,4221.470473599006,3701.158267818131,58.99007476704777,0.20990078715736518,60.625598669088504,71.86061226845165,-11.235013599363143,1.9933554817275656,87.0,96.41427176339286,0.23501699911106255,0.26271786709699313,0.21477446050927518,0.20989083650726217,4553.546322717717,4170.333706579158,0.08785371070018182,203938.6,1.0381114708054235,0.367580277377638,12604717,0.020532145112215648,0.05869320140617998,0.2227815065080248,-0.028904886561948315,0.696067909154794,0.008938402198436396,0.025384701785909156,0.03739329180049318,False,False,False,False,False,False,GOLD,58.446246446181064,-3.260294984051444,0.3968253968253968,98.99,-0.3323,4.133,-0.3136,3.57,-0.5017,90.9,12.2084,6740.02,-1.3277,24450.4492,-1.2737,29.49,24.1684,19.88,11.3102,91.7869,-0.3648,55,999,central_bank,high,0.01001911662501409,1,0.0020667629591148984,1,0.03666184326912281,1,0.0706053700297653,1,0.10861507357070654,1,,0
2026-01-06,4496.10009765625,4496.10009765625,4508.2998046875,4437.89990234375,4459.7998046875,176584,valid,,90.23300170898438,130434.49,2026-10-03T13:44:11.057201+00:00,0.01001911662501409,0.03510912528118948,0.05965121321146594,0.1317776738486347,0.33848351253162146,0.6983078731988472,4400.92001953125,4437.880029296875,4374.59501953125,4211.7219921875,3990.635,3647.8439990234374,4417.656173861982,4370.210290985655,4232.240262777722,3709.0681367717443,61.12876654591925,0.2693156259101037,64.58508281730974,70.40550637822327,-5.820423560913525,2.4798919110224693,108.80029296875,96.55712890625,0.23628707665187687,0.2577251038059279,0.21496525479787787,0.2099805194578093,4566.557658414375,4182.632380648125,0.08776247310940806,203087.85,0.8694956394486383,-0.16591957904879762,12781301,0.02777516034798394,0.06752062600432485,0.23253628687511482,-0.019175371366433425,0.7008133526217323,0.001864496167021933,0.015657992663560306,0.03867136236575701,False,False,False,False,False,False,GOLD,55.831369250638836,-3.4494807172592337,0.0,98.99,-0.3323,4.133,-0.3136,3.57,-0.5017,90.9,12.2084,6740.02,-1.3277,24450.4492,-1.2737,29.49,24.1684,19.88,11.3102,91.7869,-0.3648,54,999,central_bank,high,-0.0074731649488331,0,0.001067548449377842,1,0.022908742635354695,1,0.07593245144202121,1,0.10113202490048612,1,,0
2026-01-07,4462.5,4462.5,4512.39990234375,4432.89990234375,4505.39990234375,202783,valid,,90.16609954833984,129363.74,2026-10-03T13:44:11.057201+00:00,-0.0074731649488331,0.01737231805976136,0.058041063459078446,0.11551347588662697,0.3339610602532457,0.6742328219026408,4416.16005859375,4437.1900390625,4386.835009765625,4218.21599609375,4001.428000488281,3655.078498535156,4426.624939089586,4378.999787082259,4241.270056394282,3716.564971231727,58.638541273858436,0.2001348610803255,64.27088075211486,69.1785812530016,-4.907700500886733,-0.15438095705267996,-6.89990234375,97.19998604910714,0.2371070329523138,0.25827925036256144,0.2152402285393809,0.21015105347239665,4567.564998806529,4206.105020724721,0.08239652899575023,205736.35,0.9856449771758807,0.14836565034204674,12578518,0.017248196037899424,0.05791168686772083,0.2209040111691754,-0.026505235602088457,0.6786413496573656,0.0020684158460675243,0.017815126050416175,0.039974011247404975,False,False,False,False,False,False,GOLD,57.85311306611219,-3.154776600994349,0.7936507936507936,98.99,-0.3323,4.133,-0.3136,3.57,-0.5017,90.9,12.2084,6740.02,-1.3277,24450.4492,-1.2737,29.49,24.1684,19.88,11.3102,91.7869,-0.3648,53,999,central_bank,high,-0.00040331757703082616,0,0.03410648634453772,1,0.03881236869747906,1,0.10104199492296928,1,0.09568627450980394,1,,0
2026-01-08,4460.7001953125,4460.7001953125,4489.2998046875,4415.0,4467.10009765625,208958,valid,,89.8644027709961,128878.89,2026-10-03T13:44:11.057201+00:00,-0.00040331757703082616,0.027550642686360094,0.05299560682906734,0.0792886995675055,0.3282613615388703,0.6691739104616692,4440.080078125,4432.6900390625,4398.060009765625,4227.036000976563,4012.209001464844,3662.2525,4433.439990334169,4386.780778342281,4249.8751598812705,3723.969301819596,56.08015251771199,0.1290604515207255,63.148705190328656,67.97260604046701,-4.823900850138358,-0.9987348924550221,-45.0,98.72855050223214,0.23732689148530645,0.2499924670169281,0.21527131367430552,0.21016577574720896,4566.89254483763,4229.22747469362,0.07677591242369788,207315.95,1.007920519381162,0.030451270570018174,12369560,0.014242685504011279,0.05527849639366664,0.21802092982728033,-0.026897863151717515,0.6694237257903558,0.0010308342086832423,0.016656534049421398,0.04045955812761251,False,False,False,False,False,False,GOLD,59.70207172751462,-2.8983458592849303,1.984126984126984,98.99,-0.3323,4.133,-0.3136,3.57,-0.5017,90.9,12.2084,6740.02,-1.3277,24450.4492,-1.2737,29.49,24.1684,19.88,11.3102,91.7869,-0.3648,52,999,central_bank,high,0.009011972396955503,1,0.03102649725018214,1,0.0365413484123609,1,0.11634944678536963,1,0.11637177722019798,1,,0
2026-01-09,4500.89990234375,4500.89990234375,4527.0,4461.7998046875,4489.2998046875,217946,valid,,89.90540313720703,130099.67,2026-10-03T13:44:11.057201+00:00,0.009011972396955503,0.03956480987244748,0.06537735087988161,0.08106355572761759,0.3213069608318555,0.6726995022554518,4474.3400390625,4432.500048828125,4411.8699951171875,4237.391997070313,4023.4380004882814,3669.6444995117185,4446.931972736085,4397.6492663424215,4259.719267428819,3731.6999545611297,59.15927239152204,0.21460125389820123,64.7566786849793,67.32942056936947,-2.572741884390169,-0.042193799994660885,-1.89990234375,98.35710797991071,0.23743351350158745,0.2501841213802811,0.21478861491761422,0.21022491357928333,4565.495734873557,4258.244255360818,0.06964200664405755,208904.35,1.0432812911746403,0.043013428535878084,12587506,0.02017963070649762,0.062186341375912724,0.22652205218854618,-0.0181282935550244,0.6844685263259975,0.006411461905699763,0.014486035398950744,0.04117579826635481,False,False,False,False,False,False,GOLD,57.05719472969071,-3.0984857652320845,0.7936507936507936,98.99,-0.3323,4.133,-0.3136,3.57,-0.5017,90.9,12.2084,6740.02,-1.3277,24450.4492,-1.2737,29.49,24.1684,19.88,11.3102,91.7869,-0.3648,51,999,central_bank,high,0.025283897762198748,1,0.029949631383394237,1,0.020995801295379035,1,0.12921862522501204,1,0.128529852374357,1,,0
2026-01-12,4614.7001953125,4614.7001953125,4640.5,4520.7998046875,4529.10009765625,307991,valid,,90.23600006103516,133879.59,2026-10-03T13:44:11.057201+00:00,0.025283897762198748,0.03666184326912281,0.06995135527764895,0.09831970869542928,0.3400413104347664,0.6997054126381215,4506.980078125,4438.700048828125,4426.955004882812,4249.672001953125,4035.9980029296876,3677.4130004882813,4480.485617251368,4418.320783387191,4273.64008813014,3740.4860266084074,63.60700282239921,0.3381633253368722,74.3566051790367,68.73485749130293,5.621747687733773,1.3618291857617981,62.0,104.56424386160714,0.2422097250156065,0.2544575746480115,0.21698780610110963,0.21138676148667712,4597.969184894296,4255.940824871329,0.07726041029232089,212889.8,1.4467156247034785,0.4131527993172621,12895497,0.04240955469901261,0.08589561575376271,0.25487678286325527,-0.005559703628379364,0.7270584563292564,0.006265457113989375,0.02593888882187029,0.04171686728956198,False,False,True,False,False,False,GOLD,54.54083633103504,-3.2686196463550092,0.0,98.99,-0.3323,4.133,-0.3136,3.57,-0.5017,90.9,12.2084,6740.02,-1.3277,24450.4492,-1.2737,29.49,24.1684,19.88,11.3102,91.7869,-0.3648,48,999,central_bank,high,-0.00338052245996312,0,0.0019502892103677727,1,0.032743104206094165,1,0.10139334789701637,1,0.09021166859558227,1,,0
2026-01-13,4599.10009765625,4599.10009765625,4644.0,4576.7001953125,4610.0,267451,valid,,90.13269805908203,133274.26,2026-10-03T13:44:11.057201+00:00,-0.00338052245996312,0.022908742635354695,0.06256504983214795,0.06841518220481113,0.3536319653477833,0.716978992750885,4527.580078125,4464.250048828125,4440.49501953125,4261.336005859375,4048.10400390625,3684.9760009765623,4504.208513332344,4435.537860936625,4286.403225758615,3749.0294502009233,58.431939702295324,0.19439527804093962,79.78609415560277,70.9451048241629,8.840989331439872,5.882217383176336,255.5,101.04279436383929,0.24343636832491922,0.25015676776104506,0.21591480823167927,0.21088092956179308,4621.225834712017,4259.764204350484,0.08140120161639285,211653.6,1.2636260380168292,-0.13162722287339568,12628046,0.035717882224245046,0.07926248747631418,0.24806785619151547,-0.009668368291072421,0.7212200964279674,-0.001018526689398658,0.014633255040868116,0.04204292114620573,False,False,False,False,False,False,GOLD,53.554504191336804,-3.279861934724843,0.0,98.99,-0.3323,4.133,-0.3136,3.57,-0.5017,90.9,12.2084,6740.02,-1.3277,24450.4492,-1.2737,29.49,24.1684,19.88,11.3102,91.7869,-0.3648,47,999,central_bank,high,0.007958099819332487,1,-0.0008045476797483575,0,0.05183620649292697,1,0.15318214107995187,1,0.10858643902928944,1,,0
2026-01-14,4635.7001953125,4635.7001953125,4650.5,4594.2998046875,4594.2998046875,306299,valid,,90.27300262451172,134543.99,2026-10-03T13:44:11.057201+00:00,0.007958099819332487,0.03881236869747906,0.06931629139639739,0.10025405506512008,0.3741515326256113,0.7282556428904363,4562.2201171875,4489.190087890625,4455.52001953125,4274.120009765625,4060.6450048828124,3692.5405017089843,4530.5068497283755,4454.600940400995,4300.101146133277,3757.8520446796456,58.44813711976402,0.19484525730238383,86.05038995705036,73.96616185074039,12.084228106309965,5.685894757090559,249.400390625,99.835693359375,0.24394387265845086,0.24609186041036288,0.21558255063662968,0.21095672446550706,4648.913688961779,4262.126350100721,0.08681081830301471,216583.55,1.4142302127746942,0.14525277527472324,12934345,0.040439763482460055,0.08459757440610992,0.25542297861506097,-0.0031824115014507724,0.7262606553555954,-0.0010437461387707643,0.012123345545364659,0.042441487218682496,False,False,False,False,False,False,GOLD,51.01519800064459,-3.4286214255740233,0.0,98.99,-0.3323,4.133,-0.3136,3.57,-0.5017,90.9,12.2084,6740.02,-1.3277,24450.4492,-1.2737,29.49,24.1684,19.88,11.3102,91.7869,-0.3648,46,999,central_bank,high,-0.002588605710984959,0,0.028064715985419708,1,0.059904587296661926,1,0.1472700300424039,1,0.06745468728703452,1,,0
2026-01-15,4623.7001953125,4623.7001953125,4637.2001953125,4584.0,4635.7001953125,226481,valid,,90.18319702148438,134062.2,2026-10-03T13:44:11.057201+00:00,-0.002588605710984959,0.0365413484123609,0.06726228649035515,0.06062767786608747,0.3861674241349644,0.7012657709334322,4594.8201171875,4517.45009765625,4470.0900390625,4286.314013671875,4072.6970068359374,3699.929002685547,4549.145518845201,4470.7056313449475,4312.79130492462,3766.467449163555,57.76495765093128,0.17586589880814696,89.02041783616733,76.97701304782578,12.043404788341547,6.509872873210765,282.60009765625,97.8642578125,0.24447044495371104,0.23643289975011278,0.21475786325481083,0.21072367772513817,4668.245172245368,4271.934905879632,0.08865822900711948,217293.75,1.042280323295074,-0.26058850992004545,12707864,0.03436399600625979,0.078712427639319,0.2496726807341967,-0.005762779203847808,0.7026439936065584,0.0,0.011505978559427959,0.0428750728025058,False,False,False,False,False,False,GOLD,50.3254410608512,-3.398982278332083,0.0,98.99,-0.3323,4.133,-0.3136,3.57,-0.5017,90.9,12.2084,6740.02,-1.3277,24450.4492,-1.2737,29.49,24.1684,19.88,11.3102,91.7869,-0.3648,45,999,central_bank,high,-0.006120702418690671,0,0.04623998002817098,1,0.0769946114501352,1,0.026256006491689243,1,0.09139857506406468,1,,0
2026-01-16,4595.39990234375,4595.39990234375,4625.5,4539.10009765625,4621.60009765625,246155,valid,,90.36160278320312,133505.24,2026-10-03T13:44:11.057201+00:00,-0.006120702418690671,0.020995801295379035,0.050641305229987,0.11834703295859739,0.3883383390766617,0.6705078576027057,4613.7201171875,4544.030078125,4481.1650390625,4299.01201171875,4084.476005859375,3707.0750024414065,4558.396395544911,4482.581276201976,4323.873995019488,3774.715533274801,52.82069708947179,0.11387917465416283,88.07531183128776,79.19667280451819,8.878639026769577,6.139130605419796,265.7998046875,98.23566545758929,0.2455260446567655,0.20325920614944856,0.2146088510469748,0.21064811042705636,4681.432137952963,4280.897940172037,0.08938171084737188,218980.85,1.1240937278305334,0.08686821411067602,12461709,0.025492224072408514,0.06894325715234162,0.23962959997223435,-0.011848209365925845,0.6922226163967237,-0.00045420281755694745,0.01880138925442929,0.04237090448856011,False,False,False,False,False,False,GOLD,52.16650649882615,-3.150985523663529,0.7936507936507936,98.99,-0.3323,4.133,-0.3136,3.57,-0.5017,90.9,12.2084,6740.02,-1.3277,24450.4492,-1.2737,29.49,24.1684,19.88,11.3102,91.7869,-0.3648,44,999,central_bank,high,0.037080538356812465,1,0.06919963588757816,1,0.1059973251528814,1,0.012447272604790394,1,0.06756756900343719,1,,0
2026-01-20,4765.7998046875,4765.7998046875,4771.5,4622.2001953125,4633.7001953125,414495,valid,,90.90450286865234,139287.54,2026-10-03T13:44:11.057201+00:00,0.037080538356812465,0.032743104206094165,0.09194634086092335,0.1722831502849107,0.43375445387710587,0.733837773983173,4643.9400390625,4575.46005859375,4501.230029296875,4314.470009765625,4097.80400390625,3715.2955017089844,4599.877077373429,4509.554469391073,4341.204418928037,3784.577068313734,79.39291835528968,0.9999999999642326,99.9242915092309,83.34219654546072,16.582094963770174,7.06053700297653,314.2998046875,91.8642578125,0.2733945730078989,0.2138885886580054,0.22026823418013264,0.21350640624455236,4730.582421257754,4271.877637335996,0.10190654130895609,227982.6,1.8180992759973709,0.6838780443216672,12876204,0.05877721726474266,0.10460839776385139,0.2827512111741894,-0.0011946338284604013,0.7549711420322744,0.0083344853076242,0.03132733450964973,0.04328689714112808,False,False,True,False,False,False,GOLD,50.58913168794858,-3.2122342672574375,0.3968253968253968,98.99,-0.3323,4.133,-0.3136,3.57,-0.5017,90.9,12.2084,6740.02,-1.3277,24450.4492,-1.2737,29.49,24.1684,19.88,11.3102,91.7869,-0.3648,40,999,central_bank,high,0.015044735039432044,1,0.04488237009339202,1,0.0664736887724815,1,0.03550300101697079,1,0.05113521450750058,1,,0
2026-01-21,4837.5,4837.5,4891.10009765625,4757.10009765625,4767.5,400518,valid,,91.11840057373047,141715.75,2026-10-03T13:44:11.057201+00:00,0.015044735039432044,0.05183620649292697,0.10261441327339771,0.1668998181312571,0.46777714919934277,0.7532256036556679,4691.62001953125,4609.600048828125,4523.7400390625,4331.400009765625,4111.693002929687,3724.3060021972656,4647.4016618987425,4540.7873770681135,4360.6669907347805,3795.05391340514,80.19272466355523,0.9999999999652274,113.78861548116129,89.43148033260084,24.357135148560445,7.593245144202121,341.39990234375,95.59995814732143,0.27592674377757387,0.2125111276375186,0.22028622881458418,0.21388260298972847,4791.213738661072,4256.266339463928,0.11825334669493712,239747.8,1.6705805016771722,-0.03372055151449349,13276722,0.06935853038152352,0.11684443576977394,0.2988997137038883,-0.010958699798829201,0.7706808199118702,0.00035674920940392444,0.02770025839792709,0.0444059724022667,False,False,True,False,False,False,GOLD,52.46177256238722,-2.978920686389665,1.5873015873015872,98.99,-0.3323,4.133,-0.3136,3.57,-0.5017,90.9,12.2084,6740.02,-1.3277,24450.4492,-1.2737,29.49,24.1684,19.88,11.3102,91.7869,-0.3648,39,999,central_bank,high,0.01568990229328171,1,0.05064599483204124,1,0.09635144137596896,1,0.023421148255813984,1,0.033054243378553005,1,,0
2026-01-22,4913.39990234375,4913.39990234375,4944.2998046875,4772.7001953125,4836.2001953125,265088,valid,,91.53690338134766,144600.37,2026-10-03T13:44:11.057201+00:00,0.01568990229328171,0.059904587296661926,0.0993421957536551,0.18744263479775225,0.49198347358025796,0.7732145063009235,4747.1599609375,4654.6900390625,4545.9400390625,4349.4720068359375,4126.084001464844,3734.005001220703,4700.601309987745,4576.274284237222,4382.3427911900335,3806.181734190599,86.78490277062907,0.9999999999717119,129.4089342731304,97.42697112070677,31.98196315242363,10.104199492296928,450.89990234375,100.57135881696429,0.274142750054192,0.21395196491044594,0.22093206144251407,0.21429182081940246,4863.446943582284,4228.433134542715,0.1396881180972168,242850.05,1.091570703814963,-0.33813711243939104,13541810,0.08083253631232452,0.12965433381830574,0.3158525231586913,-0.006249601271033108,0.7984626289688695,-0.0002686934754521408,0.03492482044726504,0.045170547578587454,False,False,True,False,True,False,GOLD,51.19404860100656,-3.020189114889109,1.1904761904761905,98.99,-0.3323,4.133,-0.3136,3.57,-0.5017,90.9,12.2084,6740.02,-1.3277,24450.4492,-1.2737,29.49,24.1684,19.88,11.3102,91.7869,-0.3648,38,999,central_bank,high,0.013493770970509411,1,0.03443647956108542,1,0.08242764848161666,1,-0.0048642290102113295,0,0.03409044721153287,1,,0
2026-01-23,4979.7001953125,4979.7001953125,4991.39990234375,4901.2001953125,4940.0,276594,valid,,91.55829620361328,146585.82,2026-10-03T13:44:11.057201+00:00,0.013493770970509411,0.0769946114501352,0.10520007533859554,0.23882385645743365,0.4647038425183121,0.8009765625,4818.3599609375,4706.5900390625,4569.6400390625,4366.626010742188,4140.720002441406,3743.952502441406,4756.421087052696,4614.695799577724,4405.768571743856,3817.8585347987773,89.03564092505384,0.9999999999723872,145.46124234670333,107.0338253659061,38.42741698079723,11.634944678536963,519.0,100.22136579241071,0.2756419407134731,0.20466104237503466,0.2173617167223612,0.21453211509211262,4940.739498452889,4198.540579672112,0.16241955874775715,244258.85,1.1323806691139293,0.04340445436986973,13818404,0.08973576753192952,0.1403999754185426,0.3300650027116907,-0.0023439730857377243,0.8227306717831908,0.005413786417742228,0.018113481433307738,0.04649219507712323,False,False,True,False,True,False,GOLD,49.340599897821136,-3.10422519626871,0.0,98.99,-0.3323,4.133,-0.3136,3.57,-0.5017,90.9,12.2084,6740.02,-1.3277,24450.4492,-1.2737,29.49,24.1684,19.88,11.3102,91.7869,-0.3648,37,999,central_bank,high,0.02064377385294547,1,0.06504405679856862,1,-0.04711128952644261,0,2.00030867507639e-05,1,0.049380463220500825,1,,0
2026-01-26,5082.5,5082.5,5107.89990234375,4983.60009765625,5013.39990234375,433111,valid,,91.5009994506836,149518.28,2026-10-03T13:44:11.057201+00:00,0.02064377385294547,0.1059973251528814,0.12874216497678193,0.276016137026198,0.48333532128676304,0.8289611639891643,4915.77998046875,4764.750048828125,4598.625048828125,4385.950014648438,4155.623002929688,3753.9680029296874,4821.636869642157,4659.248580570322,4432.3070591264495,3830.442031964959,88.77824149259357,0.9928924525018795,164.5807132358641,118.5432029398977,46.0375102959664,12.921862522501204,581.60009765625,99.52134486607143,0.28002186007650065,0.2058149705883522,0.21871903842920398,0.2152890951841921,5032.9182915954525,4164.331806060797,0.18887960560207223,258335.6,1.6765439993558702,0.5658727231971772,14251515,0.10522165778553234,0.1588139360970889,0.3539007247885811,-0.004972670339935661,0.860358711566303,0.006767416854324984,0.024456429845051753,0.048490072497254774,False,False,True,False,True,False,GOLD,44.16492804212232,-3.4403082067892026,0.0,98.99,-0.3323,4.133,-0.3136,3.57,-0.5017,90.9,12.2084,6740.02,-1.3277,24450.4492,-1.2737,29.49,24.1684,19.88,11.3102,91.7869,-0.3648,34,999,central_bank,high,1.9694570831285674e-05,1,0.04641414704254787,1,-0.08458433887727501,0,-0.0006099552693064059,0,0.018455446077225712,1,,0
2026-01-27,5082.60009765625,5082.60009765625,5190.7998046875,5004.5,5005.5,325759,valid,,91.71309661865234,149867.81,2026-10-03T13:44:11.057201+00:00,1.9694570831285674e-05,0.0664736887724815,0.11639244395871695,0.27042771507207575,0.47977994290946224,0.8560474287579907,4979.1400390625,4811.5400390625,4625.120043945312,4403.330014648437,4170.09400390625,3763.493503417969,4873.8295152449755,4699.567772673743,4457.808746911933,3842.9013162006936,88.12895287845102,0.9749637041632813,177.69277698501173,130.37311774892052,47.31965923609121,10.139334789701637,467.89990234375,107.79990931919643,0.2802286318638205,0.20598812227968794,0.21876915926351714,0.21462132729253594,5109.395630728187,4140.844457162438,0.20941103460297383,265561.25,1.226681227023893,-0.2478625571735652,14577274,0.09891203890150273,0.1542628149032549,0.3505005636491549,-0.020844515508673726,0.8567254617433474,-0.015150024594192789,0.03665442905362005,0.050368704720973,False,False,False,False,True,False,GOLD,48.16580244303489,-3.0411187738272067,0.3968253968253968,98.99,-0.3323,4.133,-0.3136,3.57,-0.5017,90.9,12.2084,6740.02,-1.3277,24450.4492,-1.2737,29.49,24.1684,19.88,11.3102,91.7869,-0.3648,33,999,central_bank,high,0.04348168176794198,1,-0.06640302079945892,0,-0.029040273643467063,0,-0.01015230328273209,0,0.02825327487843654,1,,0
2026-01-28,5303.60009765625,5303.60009765625,5415.2001953125,5154.7998046875,5179.0,112054,valid,,91.5343017578125,156079.44,2026-10-03T13:44:11.057201+00:00,0.04348168176794198,0.09635144137596896,0.22101482144224183,0.3206504710341449,0.5447079421292698,0.9163866658197832,5072.36005859375,4881.9900390625,4673.120043945312,4425.512016601562,4187.063005371094,3773.788503417969,4959.78363172723,4757.094660767315,4490.9770351764155,3857.4356324340824,93.96757283248414,0.9999999999756969,203.570402121979,145.01257462353223,58.557827498446755,15.318214107995187,704.5,125.87848772321429,0.23849339429955926,0.22124566537120924,0.22628345377646825,0.21834537637560522,5225.432924743868,4120.8071631467565,0.23637864022519045,255315.9,0.4388837514624023,-0.6560217829745303,14689328,0.13491629741625807,0.19841502582311152,0.4053782009384748,-0.020608674403733502,0.9208982606502459,0.018966651023397278,0.04909879814279855,0.05595014235976185,False,False,True,False,True,False,GOLD,46.888455541437324,-3.0712854955295223,0.3968253968253968,98.99,-0.3323,4.133,-0.3136,3.57,-0.5017,90.9,12.2084,6740.02,-1.3277,24450.4492,-1.2737,29.49,24.1684,19.88,11.3102,91.7869,-0.3648,32,999,central_bank,high,0.0027905204794833605,1,-0.12274681122501818,0,-0.06652090777444897,0,-0.03867186324000693,0,-0.020627479510021085,0,,0
2026-01-29,5318.39990234375,5318.39990234375,5586.2001953125,5097.5,5415.7001953125,570055,valid,,92.04080200195312,157381.05,2026-10-03T13:44:11.057201+00:00,0.0027905204794833605,0.08242764848161666,0.21250259653025627,0.33076439443106476,0.5399137092205024,0.9201385690616593,5153.36005859375,4950.260009765625,4719.725048828125,4449.996015625,4203.71400390625,3784.2490026855467,5031.506885850535,4810.552302822214,4523.424990751605,3871.9725903436315,94.23410392251567,0.9999999999758533,222.70561532832653,160.5511827644911,62.15443256383543,14.727003004240391,682.69970703125,155.478515625,0.23991935994814853,0.22038695670206615,0.2262649524241537,0.21833752094788544,5324.90704464865,4114.5430530076,0.25644798777872,274331.1,2.0779816798022464,4.0873239688007565,15259383,0.12684528173185527,0.19514711556356032,0.4054043215890566,-0.04793961612643582,0.919999964744704,0.021136604493571784,0.09188857631729502,0.06061332015938475,False,False,False,False,True,False,GOLD,46.63749294301843,-3.0215387186182165,0.3968253968253968,98.99,-0.3323,4.133,-0.3136,3.57,-0.5017,90.9,12.2084,6740.02,-1.3277,24450.4492,-1.2737,29.49,24.1684,19.88,11.3102,91.7869,-0.3648,31,999,central_bank,high,-0.10779554287274529,0,-0.07208933314224653,0,-0.08064453787214076,0,-0.06956979670463403,0,-0.013255866669396488,0,,0
2026-01-30,4745.10009765625,4745.10009765625,5480.2001953125,4700.39990234375,5410.0,508003,valid,,91.78189849853516,140021.1,2026-10-03T13:44:11.057201+00:00,-0.10779554287274529,-0.04711128952644261,0.09306396786798787,0.18213754301351526,0.35912125319878196,0.6808714479830853,5106.4400390625,4962.4,4739.925048828125,4463.408017578125,4214.391005859375,3791.7725036621096,4974.2255282116785,4804.318759473074,4532.118132198846,3880.6604262372894,58.12591841098408,0.12810395780216588,189.4263180040598,166.32620981240484,23.100108191654954,2.6256006491689243,121.39990234375,206.44283621651786,0.4788295685952174,0.31919985254800076,0.2777868893271296,0.24410637057640103,5318.26954055263,4161.58055710362,0.24403107043533104,291642.15,1.741870988127053,-0.10885265456841886,14751380,0.0010917997172557319,0.06311143390178124,0.25142003985554545,-0.15056748205370163,0.6933481480046291,0.017223243708293878,0.16433800697982173,0.06195199501388592,False,False,False,False,True,False,GOLD,60.60927375279337,-1.9150617771956937,7.936507936507936,98.99,-0.3323,4.133,-0.3136,3.57,-0.5017,90.9,12.2084,6740.02,-1.3277,24450.4492,-1.2737,29.49,24.1684,19.88,11.3102,91.7869,-0.3648,30,999,central_bank,high,-0.019493793196415088,0,0.04334991945330113,1,0.049461487050015185,1,0.06347594378041088,1,0.11938631184615289,1,,0
2026-02-02,4652.60009765625,4652.60009765625,4905.60009765625,4423.2001953125,4816.0,385977,valid,,91.68699645996094,137149.6,2026-10-03T13:44:11.057201+00:00,-0.019493793196415088,-0.08458433887727501,0.07460273298100906,0.17475068745265743,0.36652279624665773,0.6542578125,5020.46005859375,4968.12001953125,4756.075048828125,4475.13001953125,4224.095007324218,3798.3035046386717,4909.900442100593,4789.869363109567,4536.84291515796,3888.341417992702,51.27927816269425,0.0,153.81517260181045,163.82400237028597,-10.008829768475522,1.2447272604790394,57.2001953125,230.92853655133928,0.48603695447451667,0.32079294377971923,0.276777474053435,0.2449973332033171,5303.381140287647,4208.768957368602,0.23015031757930784,303200.65,1.2730084846453948,-0.240207242870613,14365403,-0.02175637476480709,0.039656965797733375,0.22491530547099386,-0.16712614389285343,0.6603383693979014,0.014941708474970778,0.10368393848993286,0.06277918810641393,False,False,False,False,True,False,GOLD,60.598089361443115,-1.8940476676787297,7.936507936507936,98.99,-0.3323,4.133,-0.3136,3.57,-0.5017,90.9,12.2084,6740.02,-1.3277,24450.4492,-1.2737,29.49,24.1684,19.88,11.3102,91.7869,-0.3648,27,999,central_bank,high,0.06069722228781482,1,0.05091774435182783,1,0.09173361039615258,1,0.05444263409079575,1,0.10125523100374934,1,,0
2026-02-03,4935.0,4935.0,5018.10009765625,4690.2001953125,4691.0,260114,valid,,90.24559783935547,143187.22,2026-10-03T13:44:11.057201+00:00,0.06069722228781482,-0.029040273643467063,0.10861507357070654,0.23594383047350043,0.4518976169461606,0.7272758501000027,4990.9400390625,4985.0400390625,4780.250048828125,4492.174018554688,4236.625007324219,3806.336505126953,4914.920353680474,4803.691328527703,4552.4569184851,3898.7559312465064,59.60757060748709,0.19388490809311998,146.68945063485717,160.39709202320023,-13.707641388343063,3.550300101697079,169.2001953125,252.22855050223214,0.5199666492387456,0.34185142992539425,0.2891430351145564,0.25153760439123396,5313.441702845311,4247.058394810939,0.22308107256765197,305620.8,0.8511004486605597,-0.32608937838264973,14625517,0.032372773304982165,0.09857720996919181,0.29652225791190423,-0.1165730143110194,0.7392684041198601,0.008253428521201664,0.0664437492084465,0.06412842180278192,False,False,False,False,True,False,GOLD,59.42775957734784,-1.9597734022512598,7.142857142857142,98.99,-0.3323,4.133,-0.3136,3.57,-0.5017,90.9,12.2084,6740.02,-1.3277,24450.4492,-1.2737,29.49,24.1684,19.88,11.3102,91.7869,-0.3648,26,999,central_bank,high,0.0032015814969605927,1,0.009077974607396122,1,0.019452887537994012,1,0.015096251266464078,1,0.04046609834093218,1,,0
2026-02-04,4950.7998046875,4950.7998046875,5113.89990234375,4867.7001953125,4966.10009765625,245957,valid,,90.42289733886719,143927.85,2026-10-03T13:44:11.057201+00:00,0.0032015814969605927,-0.06652090777444897,0.10113202490048612,0.24049105604798293,0.45257158517769946,0.7215382573989897,4920.37998046875,4996.37001953125,4802.985034179687,4509.990014648438,4249.397004394531,3813.96400390625,4922.09624388188,4817.701659590542,4568.078208140097,3909.2240294897,59.121161494949845,0.18256117196052243,140.69532866277314,156.4567393511148,-15.76141068834167,2.3421148255813984,113.2998046875,265.79994419642856,0.5197783124319494,0.3417393414731843,0.2891419667715605,0.2515031441086195,5323.794484713133,4282.175583646242,0.2168690707245926,309089.45,0.7957469916880023,-0.05442613623257497,14871474,0.03077560505724697,0.09774074634471808,0.2980719796035327,-0.11374465081972254,0.7407262876459891,0.00630194481382851,0.049729279458663275,0.06496578009697078,False,False,False,False,False,False,GOLD,58.82254798045537,-1.9814516730570941,7.142857142857142,98.99,-0.3323,4.133,-0.3136,3.57,-0.5017,90.9,12.2084,6740.02,-1.3277,24450.4492,-1.2737,29.49,24.1684,19.88,11.3102,91.7869,-0.3648,25,999,central_bank,high,-0.012381798316599357,0,0.025975620653149623,1,0.029833602880216414,1,0.00941264027927935,1,0.025834288533319816,1,,0
2026-02-05,4889.5,4889.5,5045.0,4779.60009765625,4986.60009765625,234592,valid,,90.125,141677.47,2026-10-03T13:44:11.057201+00:00,-0.012381798316599357,-0.08064453787214076,0.09568627450980394,0.21938748577475065,0.44522938950338187,0.6901140684410647,4834.6,4993.980029296875,4824.335034179688,4526.190014648438,4261.428005371094,3821.3145043945315,4915.5769951055045,4824.539596772395,4580.682984291466,3918.9780192460216,57.48057703280164,0.14436792049017047,129.50570077609336,151.06653163611054,-21.560830860017177,-0.48642290102113295,-23.89990234375,280.95706612723217,0.5216739288019707,0.34334329973030625,0.28962428527505085,0.25190222897710174,5320.815304354073,4327.854764005302,0.2058232965400598,310679.9,0.7550922991799573,-0.04620726387132712,14636882,0.013507553965181694,0.08026839000918554,0.2795335203047983,-0.12471808581027784,0.7191729658279582,0.007231214022196262,0.05427955871637094,0.06587107889113707,False,False,False,False,False,False,GOLD,63.89081319279688,-1.584731483810895,11.11111111111111,98.99,-0.3323,4.133,-0.3136,3.57,-0.5017,90.9,12.2084,6740.02,-1.3277,24450.4492,-1.2737,29.49,24.1684,19.88,11.3102,91.7869,-0.3648,24,999,central_bank,high,0.018468106081910296,1,0.02893956437263534,1,0.012046201522394995,1,0.03914508688899687,1,0.0550567942146436,1,,0
2026-02-06,4979.7998046875,4979.7998046875,4995.60009765625,4670.0,4800.0,177809,valid,,90.3147964477539,144597.86,2026-10-03T13:44:11.057201+00:00,0.018468106081910296,0.049461487050015185,0.11637177722019798,0.20810281530507035,0.47218106217696976,0.7310807137389805,4881.53994140625,4993.989990234375,4850.290014648437,4543.90201171875,4274.0360034179685,3829.7430029296875,4928.421557021904,4839.326283240501,4596.334624306997,3929.533459897181,60.45360834598565,0.21358089622747808,126.46645308181633,146.14651592525172,-19.680062843435394,0.00200030867507639,0.099609375,298.0427943638393,0.5233260907181588,0.34099721754165624,0.29041736791584105,0.25230127429035765,5320.296936725674,4380.2830925712005,0.19380569848716855,309122.45,0.57520571540501,-0.24205002728140768,14814691,0.026701452830222853,0.09593028015227241,0.30029607753777177,-0.10855328656744793,0.7509228345340146,-0.018304530115549993,0.06538417414886764,0.067428391312014,False,False,False,False,False,False,GOLD,64.89606783101827,-1.4958614452837995,11.904761904761903,98.99,-0.3323,4.133,-0.3136,3.57,-0.5017,90.9,12.2084,6740.02,-1.3277,24450.4492,-1.2737,29.49,24.1684,19.88,11.3102,91.7869,-0.3648,23,999,central_bank,high,0.020000823640037968,1,0.023836338802368573,1,0.013353950481584276,1,0.049359472791933756,1,,0,,0
2026-02-09,5079.39990234375,5079.39990234375,5111.10009765625,4988.60009765625,5003.60009765625,124150,valid,,90.58799743652344,147936.09,2026-10-03T13:44:11.057201+00:00,0.020000823640037968,0.09173361039615258,0.128529852374357,0.23397229146416998,0.5036707822213589,0.7590385547037821,4966.89990234375,4993.67998046875,4879.215014648437,4562.690009765625,4287.579001464844,3838.397001953125,4958.617226086273,4862.19043744081,4615.278360700596,3940.974917035953,58.86978784146625,0.1767091250942802,130.58936990837265,143.0350867218759,-12.445716813503253,-0.06099552693064059,-3.10009765625,294.84280831473217,0.5255983078735038,0.34253159665658867,0.2913245912131313,0.25291695329102143,5329.475917930529,4428.954111366345,0.18456284542911963,304432.65,0.4078077696331178,-0.3017788750850632,14938841,0.041028093062977174,0.1132467670326246,0.32331280473563095,-0.0907236180675956,0.7859427333548378,0.004779367424839435,0.024117022159143565,0.0693724544523685,False,False,False,False,False,False,GOLD,61.8948364244369,-1.7020551718950943,9.920634920634921,98.99,-0.3323,4.133,-0.3136,3.57,-0.5017,90.9,12.2084,6740.02,-1.3277,24450.4492,-1.2737,29.49,24.1684,19.88,11.3102,91.7869,-0.3648,20,999,central_bank,high,-0.009528665447549711,0,-0.025790448186517767,0,-0.03415757832336519,0,0.019077037486069592,1,,0,,0
2026-02-10,5031.0,5031.0,5102.7001953125,5011.0,5084.2998046875,105658,valid,,90.82279968261719,146906.25,2026-10-03T13:44:11.057201+00:00,-0.009528665447549711,0.019452887537994012,0.09021166859558227,0.19399085898028523,0.4979009953671649,0.7144902424450272,4986.09990234375,4988.519970703125,4900.030004882812,4580.006005859375,4300.711000976563,3847.060002441406,4973.093780869019,4878.267538636923,4631.581170084886,3951.8209377619637,55.54600482431662,0.09933055450812703,128.47041658086437,140.1221526936736,-11.651736112809232,-1.015230328273209,-51.60009765625,291.82139369419644,0.5237121240292119,0.34104559838923604,0.2916345051888112,0.25281287517080886,5337.100636444836,4462.9593733207885,0.17839508375516053,294316.0,0.35899509370880156,-0.14894885219492549,14833183,0.02672840676213234,0.09847017527128837,0.3077518928238548,-0.09938780851038617,0.7689250825402204,0.0009646616604233326,0.018227031467398482,0.06987414396704895,False,False,False,False,False,False,GOLD,62.71659545833141,-1.6248363029970108,11.11111111111111,98.99,-0.3323,4.133,-0.3136,3.57,-0.5017,90.9,12.2084,6740.02,-1.3277,24450.4492,-1.2737,29.49,24.1684,19.88,11.3102,91.7869,-0.3648,19,999,central_bank,high,0.013416815742397059,1,0.0030411060798052336,1,-0.004273504273504258,0,0.038799482272411145,1,,0,,0
2026-02-11,5098.5,5098.5,5144.5,5036.2998046875,5048.0,129968,valid,,90.58789825439453,148492.21,2026-10-03T13:44:11.057201+00:00,0.013416815742397059,0.029833602880216414,0.10858643902928944,0.21552032423411616,0.5046480743691899,0.7385595820155462,5015.63994140625,4968.0099609375,4925.0,4596.8780078125,4314.913000488281,3855.8140026855467,4998.175024695215,4899.242058766739,4649.891712434499,3963.2306796747803,55.33091962916369,0.09432331279911498,130.73083301565566,138.24388875807,-7.513055742414338,-3.867186324000693,-205.10009765625,287.67142159598217,0.5235990293658461,0.34129267205703673,0.29188457888451597,0.253041450435088,5346.4654927254605,4503.5345072745395,0.1711534995839086,287441.85,0.45215406176936157,0.23008196255844338,14963151,0.03522842639593193,0.10912231982986553,0.3222888854204609,-0.08730446068181594,0.7926584244347625,0.0033790498906771257,0.021221966325875998,0.07137931257470345,False,False,False,False,False,False,GOLD,60.87470608803191,-1.7420563258318533,9.523809523809524,98.99,-0.3323,4.133,-0.3136,3.57,-0.5017,90.9,12.2084,6740.02,-1.3277,24450.4492,-1.2737,29.49,24.1684,19.88,11.3102,91.7869,-0.3648,18,999,central_bank,high,-0.02944005053569676,0,-0.037775835570510896,0,-0.019829380730852164,0,0.01877026484505251,1,,0,,0
2026-02-12,4948.39990234375,4948.39990234375,5122.7998046875,4900.0,5107.2998046875,161618,valid,,90.73570251464844,144355.74,2026-10-03T13:44:11.057201+00:00,-0.02944005053569676,0.012046201522394995,0.06745468728703452,0.20863659844638982,0.46333089645148506,0.6896233772134024,5027.419921875,4931.0099609375,4940.634985351562,4610.350009765625,4327.338999023437,3863.8880017089846,4988.220000224922,4903.923758155026,4661.597915960352,3973.0333585073076,49.14005408417631,0.0,119.03820752599768,134.40275251165554,-15.364544985657858,-6.9569796704634035,-370.0,297.14285714285717,0.5380913851325255,0.34337015539561727,0.29567835802867976,0.2550028856175439,5339.507512278356,4541.762458424768,0.16146609822799157,280207.8,0.5767790903750696,0.2435214822110059,14801533,0.0015716435266334011,0.07332412763933227,0.28067891723435273,-0.11417426348304302,0.7398824698261709,0.0017259595346667202,0.045024615852475566,0.07163989174059605,False,False,False,False,False,False,GOLD,65.50181423499421,-1.3903834157069428,13.492063492063492,98.99,-0.3323,4.133,-0.3136,3.57,-0.5017,90.9,12.2084,6740.02,-1.3277,24450.4492,-1.2737,29.49,24.1684,19.88,11.3102,91.7869,-0.3648,17,999,central_bank,high,0.019784153317394804,1,0.01234744540903221,1,0.026776332272022474,1,0.060524615211099864,1,,0,,0
2026-02-13,5046.2998046875,5046.2998046875,5069.10009765625,4907.10009765625,4950.0,123016,valid,,90.56410217285156,146933.29,2026-10-03T13:44:11.057201+00:00,0.019784153317394804,0.013353950481584276,0.09139857506406468,0.2385077444318322,0.4761737032872604,0.713281717933105,5040.719921875,4961.129931640625,4961.764965820313,4626.860009765625,4340.05099609375,3872.5240002441406,4999.835961117437,4917.483381634309,4676.684264537887,3983.7126266285036,49.00274890385508,0.0,116.33043665951755,130.78828934122794,-14.457852681710392,6.347594378041088,301.19970703125,299.55716378348217,0.5404049806997088,0.3445556089806258,0.2964372031522562,0.25558445330533985,5333.817455585309,4589.712476055316,0.14996780070311588,275034.55,0.44727471512215305,-0.23884715811357649,14924549,0.01703725175406296,0.09065322789894194,0.3031035583947463,-0.09664895129930096,0.7743045713634524,0.000323356577444723,0.03210272997444312,0.07238277262500958,False,False,False,False,False,False,GOLD,64.81997584021772,-1.4275242158009493,13.095238095238097,98.99,-0.3323,4.133,-0.3136,3.57,-0.5017,90.9,12.2084,6740.02,-1.3277,24450.4492,-1.2737,29.49,24.1684,19.88,11.3102,91.7869,-0.3648,16,999,central_bank,high,-0.027822346625805405,0,-0.00969024914023675,0,0.0355310425278732,1,0.05257323251430934,1,,0,,0
2026-02-17,4905.89990234375,4905.89990234375,5074.39990234375,4854.2001953125,5050.0,166706,valid,,90.78299713134766,143190.52,2026-10-03T13:44:11.057201+00:00,-0.027822346625805405,-0.03415757832336519,0.06756756900343719,0.20641827181698025,0.4355230145848574,0.6912814096341746,5006.019921875,4986.459912109375,4977.289965820312,4640.3280078125,4350.9529956054685,3880.9425,4981.0487493627,4916.380193130446,4685.673113079294,3992.8886194216902,45.48150408595234,0.0,101.68326856679596,124.96728518634156,-23.284016619545596,5.444263409079575,253.2998046875,301.9785853794643,0.5516757991347748,0.3504316346036164,0.2998338162287823,0.2567612537214524,5308.662405355816,4645.917526284808,0.1331537611073553,271062.1,0.6150103610943743,0.35515705274110676,14757843,-0.01434315942345989,0.05723127634168824,0.26410012576673986,-0.12178229730103168,0.724939254559237,0.0007332492035178253,0.04488467180628913,0.07261597831886614,False,False,False,False,False,False,GOLD,66.79510389865474,-1.2734278465517592,15.476190476190476,98.99,-0.3323,4.133,-0.3136,3.57,-0.5017,90.9,12.2084,6740.02,-1.3277,24450.4492,-1.2737,29.49,24.1684,19.88,11.3102,91.7869,-0.3648,12,999,central_bank,high,0.02111745035946533,1,0.03567133522565258,1,0.055117288922786445,1,0.04439558435847779,1,,0,,0
2026-02-18,5009.5,5009.5,5031.89990234375,4868.5,4898.5,98203,valid,,90.6261978149414,145961.8,2026-10-03T13:44:11.057201+00:00,0.02111745035946533,-0.004273504273504258,0.05113521450750058,0.22697657002278704,0.4592193416836585,0.6987114276025772,5001.719921875,4993.909912109375,4989.4749755859375,4655.6580078125,4363.3669946289065,3889.7734997558596,4986.7389994901605,4925.248746165642,4698.372206684027,4003.0041555468474,41.999013288197155,0.0,97.31317863690765,119.43646387645478,-22.12328523954713,1.5096251266464078,74.5,289.89285714285717,0.5417500834041707,0.35231202626950486,0.3009512739032006,0.25705196905691996,5305.678259228041,4673.271691943834,0.12674811886591592,255247.5,0.3847363833142327,-0.41092102263865726,14856046,0.004013453221439767,0.07600257398495638,0.28786419063067087,-0.10323657855948631,0.7613655736404774,-0.0015083679836625393,0.03261800625685545,0.07170135074638197,False,False,False,False,False,False,GOLD,64.63120187804314,-1.4182458101115973,13.095238095238097,98.99,-0.3323,4.133,-0.3136,3.57,-0.5017,90.9,12.2084,6740.02,-1.3277,24450.4492,-1.2737,29.49,24.1684,19.88,11.3102,91.7869,-0.3648,11,999,central_bank,high,-0.0024154302138437167,0,0.04313805722252728,1,0.04325784914911668,1,0.02499255321139837,1,,0,,0
2026-02-19,4997.39990234375,4997.39990234375,5042.7998046875,4971.5,4993.7001953125,87026,valid,,90.79350280761719,145878.05,2026-10-03T13:44:11.057201+00:00,-0.0024154302138437167,-0.019829380730852164,0.033054243378553005,0.23088667545412567,0.44910971432730085,0.7020536548917178,4981.49990234375,4998.569921875,4997.469970703125,4670.746005859375,4375.629992675781,3898.1489990234377,4988.871180060878,4932.120284849271,4710.098782984409,4012.898640589603,41.25435547486117,0.0,91.81508695701541,113.91218849256691,-22.097101535551502,0.941264027927935,46.60009765625,260.0785435267857,0.5401739848714586,0.3520164509930757,0.3010610863766936,0.25700884477669517,5305.4735476150345,4689.4663937912155,0.12326380297129144,239572.9,0.3632547754775254,-0.11381526022626598,14769020,-1.4020766464981405e-05,0.0699361292766772,0.28199304428727945,-0.10540264802230315,0.757111118016283,-0.003153968397544035,0.014267380253888937,0.06995113081161124,False,False,False,False,False,False,GOLD,64.42854051418912,-1.4204287379647629,13.095238095238097,98.99,-0.3323,4.133,-0.3136,3.57,-0.5017,90.9,12.2084,6740.02,-1.3277,24450.4492,-1.2737,29.49,24.1684,19.88,11.3102,91.7869,-0.3648,10,999,central_bank,high,0.016708688844540687,1,0.035798596438089136,1,0.03938053724226709,1,0.01626851854113598,1,,0,,0
2026-02-20,5080.89990234375,5080.89990234375,5131.0,4999.2998046875,5015.0,136737,valid,,91.04109954833984,148719.94,2026-10-03T13:44:11.057201+00:00,0.016708688844540687,0.026776332272022474,0.03409044721153287,0.2454712347943988,0.46242403676606125,0.7187847956745956,5007.99990234375,5017.709912109375,5005.844970703125,4688.01,4388.3489916992185,3906.4394982910158,5007.276924517452,4946.289772229698,4724.640003351442,4023.5255188160127,62.47955815862651,0.9999999999528862,93.12210815417166,109.75417242488787,-16.632064270716214,3.914508688899687,191.39990234375,213.92138671875,0.5405235140156932,0.35301753696115556,0.3016311463400345,0.2573756988129468,5313.332045555019,4698.357895851231,0.12285121758720503,233155.35,0.5864630599297825,0.5712200951439799,14905757,0.014993459062330435,0.08380739425548707,0.3006472785681783,-0.09045509922696071,0.7864701409524942,0.003521850962535966,0.025920643556020966,0.06779741739097334,False,False,False,False,False,False,GOLD,61.749086438494736,-1.5980256058561313,10.317460317460316,98.99,-0.3323,4.133,-0.3136,3.57,-0.5017,90.9,12.2084,6740.02,-1.3277,24450.4492,-1.2737,29.49,24.1684,19.88,11.3102,91.7869,-0.3648,9,999,central_bank,high,0.02847924542771474,1,0.028597353965136074,1,0.032868193274771196,1,0.015312305785213809,1,,0,,0
2026-02-23,5225.60009765625,5225.60009765625,5257.2998046875,5120.39990234375,5128.7998046875,140957,valid,,90.72660064697266,152426.99,2026-10-03T13:44:11.057201+00:00,0.02847924542771474,0.0355310425278732,0.049380463220500825,0.2763421816173235,0.4861920743210675,0.7694704673087414,5043.8599609375,5042.28994140625,5018.139965820313,4707.797998046875,4402.052993164062,3915.607999267578,5050.9415591452125,4972.890755603656,4744.285497245748,4035.4864598990002,70.49943331968456,0.9999999999658062,104.62794252839194,108.7289264455887,-4.100983917196757,4.935947279193376,245.80029296875,192.06424386160714,0.5472346356034518,0.3565867467037464,0.3035685448322521,0.2586832049559541,5340.529027652506,4695.75090398812,0.1284894658291692,226373.5,0.6226744738231259,0.030862166056005336,15046714,0.041342037736881374,0.10998817277718484,0.3345564976456718,-0.06455194677032389,0.8373474625459546,0.009427444599261835,0.026197929383292302,0.06592083345592206,False,False,False,False,False,False,GOLD,60.39550107008719,-1.6778168434577085,8.73015873015873,98.99,-0.3323,4.133,-0.3136,3.57,-0.5017,90.9,12.2084,6740.02,-1.3277,24450.4492,-1.2737,29.49,24.1684,19.88,11.3102,91.7869,-0.3648,6,999,central_bank,high,-0.00943437921911816,0,-0.006008860562796037,0,0.016457439986380162,1,,0,,0,,0
2026-02-24,5176.2998046875,5176.2998046875,5269.39990234375,5109.5,5247.5,145961,valid,,91.02010345458984,151477.39,2026-10-03T13:44:11.057201+00:00,-0.00943437921911816,0.055117288922786445,0.018455446077225712,0.25031396248490334,0.4409832066833719,0.746861463952305,5097.93994140625,5051.979931640625,5022.8299560546875,4726.829990234375,4415.083991699219,3924.9594982910157,5076.01320825367,4992.263045992593,4761.227234792483,4046.8378364640603,60.36066142926149,0.6533169805574299,108.51735700039171,108.6866125565493,-0.16925555615759436,1.9077037486069592,96.89990234375,177.37852260044642,0.544779673372053,0.3573964478282559,0.302973611065376,0.2589517503885009,5351.822760202793,4693.837151906582,0.13099898146122219,212016.0,0.6884433250320698,0.035500188000595845,14900753,0.03055445833832862,0.09508905870988248,0.3188161067498957,-0.0733773184442768,0.8200132298270149,0.004190887541043985,0.030890773018772716,0.06262124223460232,False,False,False,False,False,False,GOLD,59.18679764088189,-1.7452134531033265,7.5396825396825395,98.99,-0.3323,4.133,-0.3136,3.57,-0.5017,90.9,12.2084,6740.02,-1.3277,24450.4492,-1.2737,29.49,24.1684,19.88,11.3102,91.7869,-0.3648,5,999,central_bank,high,0.009640166239948345,1,0.013832293406075724,1,-0.010161623429803535,0,,0,,0,,0
2026-02-25,5226.2001953125,5226.2001953125,5237.2998046875,5135.89990234375,5160.0,110992,valid,,90.91799926757812,152766.09,2026-10-03T13:44:11.057201+00:00,0.009640166239948345,0.04325784914911668,0.02825327487843654,0.2547296528973675,0.4375464709977994,0.79053039190224,5141.27998046875,5071.499951171875,5030.0099609375,4745.093994140625,4428.370993652344,3934.370499267578,5106.050605665437,5014.542774499251,4779.461468538366,4058.5727853083235,61.488413815916516,0.691879106895421,114.30861195565831,109.81101243637112,4.497599519287192,3.8799482272411145,195.2001953125,167.03567940848214,0.5455045022594316,0.35755980149216543,0.30284496452012555,0.2584671781267047,5370.560040598788,4689.459881276212,0.1354073181985301,201277.65,0.5514372807909843,-0.23957769541178808,15011745,0.03900394549882653,0.10139023626631148,0.3283446986716377,-0.06444452175237458,0.8375584599214494,-0.003148929795900972,0.0194022231361666,0.060044325180625996,False,False,False,False,False,False,GOLD,57.46929285983257,-1.8458869877203812,6.349206349206349,98.99,-0.3323,4.133,-0.3136,3.57,-0.5017,90.9,12.2084,6740.02,-1.3277,24450.4492,-1.2737,29.49,24.1684,19.88,11.3102,91.7869,-0.3648,4,999,central_bank,high,-0.006122995446806945,0,0.016340725412766766,1,-0.01750794010571366,0,,0,,0,,0
2026-02-26,5194.2001953125,5194.2001953125,5221.89990234375,5144.7998046875,5175.2998046875,131633,valid,,90.95099639892578,151885.81,2026-10-03T13:44:11.057201+00:00,-0.006122995446806945,0.03938053724226709,-0.020627479510021085,0.22075731850973734,0.440153122142811,0.7724015635796115,5180.6400390625,5081.069970703125,5024.539965820312,4762.412001953125,4441.631994628906,3944.201500244141,5123.68052359485,5031.653005052894,4795.72573233343,4069.872560532246,63.02916239339082,0.7445631375414309,114.99055117182797,110.8469201834625,4.143630988365473,1.877026484505251,95.7001953125,153.89285714285714,0.5234134446326124,0.35627180718571133,0.30271608951645035,0.2586040817838841,5349.756217055318,4699.323714585306,0.1294511551096185,202256.6,0.6508217778801747,0.18596835807986167,14880112,0.033766321025661294,0.09066586284055284,0.31692059723385557,-0.07017292368591899,0.8263070978381108,-0.009739464376172194,0.014843497508204255,0.05504100942119888,False,False,False,False,False,False,GOLD,59.704822290847126,-1.6710148253254529,9.523809523809524,98.99,-0.3323,4.133,-0.3136,3.57,-0.5017,90.9,12.2084,6740.02,-1.3277,24450.4492,-1.2737,29.49,24.1684,19.88,11.3102,91.7869,-0.3648,3,999,central_bank,high,0.01033839763814104,1,-0.013572830724472795,0,-0.022236339697540464,0,,0,,0,,0
2026-02-27,5247.89990234375,5247.89990234375,5299.0,5182.89990234375,5201.89990234375,151664,valid,,91.00740051269531,153551.24,2026-10-03T13:44:11.057201+00:00,0.01033839763814104,0.032868193274771196,-0.013255866669396488,0.22763641389456524,0.4364820387603059,0.8121827685053777,5214.0400390625,5111.019970703125,5021.014965820313,4780.66599609375,4455.021994628906,3954.201999511719,5148.52439934463,5052.247947652023,4813.458052725992,4081.594225624898,61.8345517725672,0.7037148748997151,118.49813771494519,112.37716368975904,6.120974025186143,6.052461521109986,299.5,138.92857142857142,0.5247281055446787,0.3565347909985399,0.3025641108929808,0.2583281569234802,5334.123029987206,4707.9069016534195,0.12471903242601728,181337.05,0.8363652105292282,0.15217308729573897,15031776,0.045187066373606116,0.09773406187164621,0.32717041339604175,-0.06056000163627584,0.8451881868249168,0.001482366243449205,0.02212315398858441,0.05027520640908598,False,False,False,False,False,False,GOLD,56.62264460428953,-1.8655562491550555,5.555555555555555,98.99,-0.3323,4.133,-0.3136,3.57,-0.5017,90.9,12.2084,6740.02,-1.3277,24450.4492,-1.2737,29.49,24.1684,19.88,11.3102,91.7869,-0.3648,2,999,central_bank,high,0.012138226051920498,1,-0.02157047755059016,0,-0.016997219590909607,0,,0,,0,,0
2026-03-02,5311.60009765625,5311.60009765625,5434.10009765625,5272.89990234375,5360.0,227839,valid,,91.07959747314453,155538.37,2026-10-03T13:44:11.057201+00:00,0.012138226051920498,0.016457439986380162,0.11938631184615289,0.2584345013846281,0.44439012310599146,0.8647007539604177,5231.2400390625,5137.55,5049.3399658203125,4800.252001953125,4468.374995117188,3964.818499755859,5181.139539006955,5076.94815241433,4832.993034880121,4093.8330900232204,60.585340532300975,0.6609996102369939,124.97733776408404,114.89719850462404,10.080139259459997,5.257323251430934,265.30029296875,142.84999302455358,0.3377118312676603,0.355306491332289,0.3028020653503934,0.25781058287378833,5359.836588783631,4738.843342856994,0.12298503371333748,167328.85,1.3616241311644623,0.5022615782255513,15259615,0.051939487856068514,0.10652526065193275,0.3396830392067081,-0.0491568665739233,0.853120750504478,0.021360944328637808,0.030348707046601534,0.05189060152795873,False,False,False,False,False,False,GOLD,60.164925731026244,-1.6027515931892984,10.317460317460316,98.99,-0.3323,4.133,-0.3136,3.57,-0.5017,90.9,12.2084,6740.02,-1.3277,24450.4492,-1.2737,29.49,24.1684,19.88,11.3102,91.7869,-0.3648,3,1,cpi,high,-0.03537538573859522,0,-0.043847409078578314,0,,0,,0,,0,,0
2026-03-03,5123.7001953125,5123.7001953125,5394.2001953125,5005.0,5335.7001953125,273216,valid,,91.56340026855469,150833.11,2026-10-03T13:44:11.057201+00:00,-0.03537538573859522,-0.010161623429803535,0.10125523100374934,0.210561180227407,0.391477992302363,0.7661232025230191,5220.7201171875,5159.330029296875,5072.894970703125,4815.2480078125,4479.567998046875,3974.3040002441408,5169.651670268064,5081.4007279284415,4844.39331568139,4104.080523906696,53.74909555661578,0.42724249692975375,113.64022493454468,114.64580379060818,-1.005578856063508,4.439558435847779,217.80029296875,164.09999302455358,0.35764724903464257,0.3643962895120823,0.307923941306793,0.26009775263737833,5322.0911022008995,4823.698839205351,0.09824612294828786,161690.8,1.6897436341461503,0.19916256654918607,14986399,0.010015035774005582,0.06405738333715888,0.2892069139646748,-0.082793309195759,0.7775195820682472,0.004537257551990719,0.07596076672645485,0.05350647826914674,False,False,False,False,False,False,GOLD,61.788652246224494,-1.4764610159203562,13.095238095238097,98.99,-0.3323,4.133,-0.3136,3.57,-0.5017,90.9,12.2084,6740.02,-1.3277,24450.4492,-1.2737,29.49,24.1684,19.88,11.3102,91.7869,-0.3648,2,2,cpi,high,0.0021468859575475285,1,0.006831000774014884,1,,0,,0,,0,,0
2026-03-04,5134.7001953125,5134.7001953125,5218.2998046875,5092.7998046875,5110.0,146885,valid,,92.00859832763672,151891.88,2026-10-03T13:44:11.057201+00:00,0.0021468859575475285,-0.01750794010571366,0.04046609834093218,0.210157953172873,0.39454106336569805,0.7580976592560691,5202.4201171875,5171.850048828125,5082.87998046875,4830.65201171875,4490.21,3984.041501464844,5162.661375276952,5086.476867679305,4855.777899196336,4114.335446010236,51.53416559337017,0.3515056507184884,104.3403191571615,112.58470686391885,-8.244387706757351,2.499255321139837,125.2001953125,164.95713588169642,0.2910593604981493,0.3644007481593332,0.3078950244522935,0.26006158196892254,5324.706249653585,4841.053711283915,0.09515324780991025,156029.35,0.9413933981010564,-0.46238507261653783,15133284,0.010195049862058958,0.06294143789618707,0.2888169446589087,-0.08082417103110312,0.7813357138982545,-0.0026738869938235594,0.02444154385382525,0.05221406305775363,False,False,False,False,False,False,GOLD,62.138612833135,-1.4392136222180147,14.285714285714285,98.99,-0.3323,4.133,-0.3136,3.57,-0.5017,90.9,12.2084,6740.02,-1.3277,24450.4492,-1.2737,29.49,24.1684,19.88,11.3102,91.7869,-0.3648,1,3,cpi,high,-0.0109061868989202,0,,0,,0,,0,,0,,0
2026-03-05,5078.7001953125,5078.7001953125,5204.2998046875,5058.89990234375,5155.7001953125,151852,valid,,92.12300109863281,150422.12,2026-10-03T13:44:11.057201+00:00,-0.0109061868989202,-0.022236339697540464,0.025834288533319816,0.19695974435835484,0.3824858613632718,0.7357143524649692,5179.3201171875,5179.980078125,5089.275,4844.48001953125,4501.271000976562,3993.267502441406,5145.869139284061,5085.7362322158,4864.519950024422,4123.931115157523,56.000746565685404,0.5042349748072299,91.39776825856006,108.34731914284711,-16.94955088428705,1.626851854113598,81.30029296875,159.42857142857142,0.2946663903138389,0.3655255321699314,0.3084594379600746,0.260400159610709,5323.024352262884,4855.525647737115,0.0918595879620727,151324.1,1.003488538838156,0.033815570003744355,14981432,-0.002077860734092294,0.04834784638122311,0.27181567280609414,-0.09084887441480582,0.7619081336727626,0.004089820087094265,0.028629353329011516,0.05053070287869312,False,False,False,False,False,False,GOLD,62.17268862051579,-1.4241998661930153,14.682539682539684,98.99,-0.3323,4.133,-0.3136,3.57,-0.5017,90.9,12.2084,6740.02,-1.3277,24450.4492,-1.2737,29.49,24.1684,19.88,11.3102,91.7869,-0.3648,0,0,cpi,high,0.0157520619299083,1,,0,,0,,0,,0,,0
2026-03-06,5158.7001953125,5158.7001953125,5185.0,5071.0,5099.7001953125,160268,valid,,91.78690338134766,152234.14,2026-10-03T13:44:11.057201+00:00,0.0157520619299083,-0.016997219590909607,0.0550567942146436,0.22310737046834572,0.39938702581689167,0.762693918941578,5161.48017578125,5187.760107421875,5102.735009765625,4858.266025390625,4512.85400390625,4002.6380029296874,5148.435350489749,5092.685181082152,4876.056430231798,4134.227324910309,55.26317233507831,0.47901451772739245,86.59778942622506,103.99741319952271,-17.399623773297648,1.531230578521381,77.80029296875,156.0,0.2940848249188338,0.3658920624572456,0.3090209632179891,0.260736899277016,5318.346980118372,4887.123039412879,0.08450839400441748,147607.9,1.0857684446428608,0.05542238495377072,15141700,0.010967684083096098,0.061839793941225525,0.28882506775190675,-0.07652786958094482,0.7896618197091797,0.00413491625660012,0.022098589893548192,0.05032021365180255,False,False,False,False,False,False,GOLD,61.547915419451726,-1.453963270117729,12.698412698412698,98.99,-0.3323,4.133,-0.3136,3.57,-0.5017,90.9,12.2084,6740.02,-1.3277,24450.4492,-1.2737,29.49,24.1684,19.88,11.3102,91.7869,-0.3648,4,1,employment,high,,0,,0,,0,,0,,0,,0
